DR,return_lcb,return_ucb,risk_hat,risk_ucb,ESS,max_weight,support_gap,truth_return,truth_cvar,eval_n,unsupported_bootstrap_draws,ess_bin,task,family,behavior,seed,split,scheme,policy,baseline_tau
-0.0007677062467629594,-0.004275371203890851,0.0022554674842763024,0.03590833333333333,0.04920612244897959,96.0,26.0,0.9576158940397351,0.00030348785871964673,0.0393766004415011,2265,0,4,daily_me_op,daily size characteristic,uniform_high_overlap,7,calibration,iid,constant_a000,0.036884644591611476
0.00030176793283706577,-0.0030193799385775304,0.004142533487077002,0.0432,0.05573333333333333,80.0,26.0,0.9646799116997793,0.00045673289183222954,0.03845033112582781,2265,0,4,daily_me_op,daily size characteristic,uniform_high_overlap,7,calibration,iid,constant_a001,0.036884644591611476
0.00024223235549294668,-0.0036865435234597396,0.004322595826340107,0.056725,0.07637027027027027,80.0,26.0,0.9646799116997793,0.00042763796909492266,0.03839094922737307,2265,0,4,daily_me_op,daily size characteristic,uniform_high_overlap,7,calibration,iid,constant_a002,0.036884644591611476
0.0009688946655235628,-0.003081372023593966,0.004687198059473488,0.03823861386138614,0.04670740740740741,101.0,26.0,0.9554083885209713,0.00047395143487858726,0.03862604856512141,2265,0,4,daily_me_op,daily size characteristic,uniform_high_overlap,7,calibration,iid,constant_a003,0.036884644591611476
0.002898765450920939,-0.0018670983484384074,0.007368958006829253,0.047993258426966286,0.05689999999999999,89.0,26.0,0.9607064017660044,0.0004247682119205297,0.04078388520971302,2265,0,4,daily_me_op,daily size characteristic,uniform_high_overlap,7,calibration,iid,constant_a004,0.036884644591611476
-0.0015784321314119426,-0.006031359047908004,0.0024172688592159048,0.029675,0.032130232558139536,96.0,26.0,0.9576158940397351,0.0004983664459161148,0.04207969094922737,2265,0,4,daily_me_op,daily size characteristic,uniform_high_overlap,7,calibration,iid,constant_a005,0.036884644591611476
-0.0003974694120316635,-0.0046784077038691885,0.002945956852510857,0.03559135802469136,0.03821764705882354,81.0,26.0,0.9642384105960264,0.0004000000000000001,0.03936004415011037,2265,0,4,daily_me_op,daily size characteristic,uniform_high_overlap,7,calibration,iid,constant_a006,0.036884644591611476
-0.0011121310046570139,-0.004898312319935508,0.0028543912207664142,0.05832631578947369,0.08275510204081633,95.0,26.0,0.9580573951434879,0.0005164238410596026,0.03821633554083886,2265,0,4,daily_me_op,daily size characteristic,uniform_high_overlap,7,calibration,iid,constant_a007,0.036884644591611476
-0.0025612090635963266,-0.005540651184857495,0.0007763893025089346,0.03905454545454546,0.043317241379310346,88.0,26.0,0.9611479028697572,0.000591523178807947,0.03958874172185431,2265,0,4,daily_me_op,daily size characteristic,uniform_high_overlap,7,calibration,iid,constant_a008,0.036884644591611476
0.0035076325152248915,-0.00014259879357426063,0.007368640400197293,0.031000000000000003,0.034471134020618556,90.0,26.0,0.9602649006622517,0.0006415011037527594,0.04022317880794702,2265,0,4,daily_me_op,daily size characteristic,uniform_high_overlap,7,calibration,iid,constant_a009,0.036884644591611476
-0.0008102062288000926,-0.0038106952359101168,0.0019785046380923687,0.030804761904761908,0.0403113924050633,84.0,26.0,0.9629139072847682,0.0004702428256070641,0.04091456953642385,2265,0,4,daily_me_op,daily size characteristic,uniform_high_overlap,7,calibration,iid,constant_a010,0.036884644591611476
0.0029303294505197857,-0.0004980884344493201,0.006270249777352423,0.035754545454545456,0.04362921348314607,88.0,26.0,0.9611479028697572,0.0005049448123620308,0.03691633554083885,2265,0,4,daily_me_op,daily size characteristic,uniform_high_overlap,7,calibration,iid,constant_a011,0.036884644591611476
0.002246827901039384,-0.00033904598023955717,0.004728478129864987,0.024659793814432993,0.032289690721649486,97.0,26.0,0.9571743929359824,0.0005502428256070641,0.03507041942604857,2265,0,4,daily_me_op,daily size characteristic,uniform_high_overlap,7,calibration,iid,constant_a012,0.036884644591611476
0.003339894262619169,0.00032995577534810727,0.0065509421271288774,0.02495903614457831,0.03070430107526882,83.0,26.0,0.963355408388521,0.0005137748344370861,0.036443487858719655,2265,0,4,daily_me_op,daily size characteristic,uniform_high_overlap,7,calibration,iid,constant_a013,0.036884644591611476
0.002107396672054591,-0.0022220265783908823,0.006188061091030236,0.03855882352941176,0.050230232558139534,85.0,26.0,0.9624724061810155,0.000672671081677704,0.03833708609271524,2265,0,4,daily_me_op,daily size characteristic,uniform_high_overlap,7,calibration,iid,constant_a014,0.036884644591611476
-0.00047003111260977696,-0.003193186552036081,0.0032436914511596833,0.03579879518072289,0.040098039215686276,83.0,26.0,0.963355408388521,0.0004266225165562914,0.042104856512141284,2265,0,4,daily_me_op,daily size characteristic,uniform_high_overlap,7,calibration,iid,constant_a015,0.036884644591611476
-0.002700921664820249,-0.0065355128855410565,0.00025410070639015443,0.045654716981132076,0.06097719298245615,106.0,26.0,0.9532008830022075,0.0004412362030905077,0.037138410596026496,2265,0,4,daily_me_op,daily size characteristic,uniform_high_overlap,7,calibration,iid,constant_a016,0.036884644591611476
0.0022218112560925918,-9.269976711918824e-05,0.004757303485858284,0.022539560439560437,0.027889887640449435,91.0,26.0,0.9598233995584989,0.00043708609271523176,0.03571677704194261,2265,0,4,daily_me_op,daily size characteristic,uniform_high_overlap,7,calibration,iid,constant_a017,0.036884644591611476
0.0017715083665608895,-0.0006262608446421951,0.004597287178917616,0.023335616438356164,0.026525,73.0,26.0,0.9677704194260486,0.0004893156732891833,0.03461456953642384,2265,0,4,daily_me_op,daily size characteristic,uniform_high_overlap,7,calibration,iid,constant_a018,0.036884644591611476
-0.00014951126594339807,-0.003536865714401435,0.0034269944420572446,0.04150526315789473,0.06368275862068964,95.0,26.0,0.9580573951434879,0.0005333333333333335,0.03605783664459162,2265,0,4,daily_me_op,daily size characteristic,uniform_high_overlap,7,calibration,iid,constant_a019,0.036884644591611476
-0.002599985650743598,-0.007862765678534776,0.002329645304904243,0.08531578947368419,0.10093846153846153,76.0,26.0,0.9664459161147902,0.00028900662251655633,0.046241501103752754,2265,0,4,daily_me_op,daily size characteristic,uniform_high_overlap,7,calibration,iid,constant_a020,0.036884644591611476
0.001463408916710278,-0.0016466932707685945,0.004271944177152161,0.03470666666666667,0.047707692307692305,75.0,26.0,0.9668874172185431,0.00029668874172185427,0.03527350993377483,2265,0,4,daily_me_op,daily size characteristic,uniform_high_overlap,7,calibration,iid,constant_a021,0.036884644591611476
-0.0005446241021120456,-0.004309127718809194,0.0025576417277405157,0.04757977528089887,0.06952903225806452,89.0,26.0,0.9607064017660044,0.00039487858719646797,0.03427064017660044,2265,0,4,daily_me_op,daily size characteristic,uniform_high_overlap,7,calibration,iid,constant_a022,0.036884644591611476
0.0017712406310954208,-0.0004354241880564004,0.003985644618991565,0.017127777777777776,0.018757971014492753,72.0,26.0,0.9682119205298013,0.00040044150110375275,0.030308830022075055,2265,0,4,daily_me_op,daily size characteristic,uniform_high_overlap,7,calibration,iid,constant_a023,0.036884644591611476
2.642638261721704e-06,-0.002492213403439803,0.0022224054423606557,0.0299,0.03601578947368421,89.0,26.0,0.9607064017660044,0.0004770860927152318,0.031186534216335538,2265,0,4,daily_me_op,daily size characteristic,uniform_high_overlap,7,calibration,iid,constant_a024,0.036884644591611476
-0.0015013685236121602,-0.004145500129533444,0.0012934636458674447,0.03160901204819277,0.035864864864864864,83.0,26.0,0.963355408388521,0.00046527858719646806,0.036884644591611476,2265,0,4,daily_me_op,daily size characteristic,uniform_high_overlap,7,calibration,iid,constant_equal_weight_public,0.036884644591611476
-1.661670231733927e-05,-0.002917602001261323,0.0019049609364936283,0.027525000000000004,0.030211764705882355,80.0,26.0,0.9646799116997793,0.0006160706401766005,0.03774635761589404,2265,0,4,daily_me_op,daily size characteristic,uniform_high_overlap,7,calibration,iid,momentum_12,0.036884644591611476
0.0012104385130234287,-0.001222136539610364,0.0031948070595833144,0.02063373493975904,0.022150000000000003,83.0,26.0,0.963355408388521,0.0004981015452538633,0.031074392935982336,2265,0,4,daily_me_op,daily size characteristic,uniform_high_overlap,7,calibration,iid,low_vol_12,0.036884644591611476
0.0008308864223625962,-0.0014940434145750412,0.0029950256868333156,0.02588481012658228,0.030083098591549295,79.0,26.0,0.965121412803532,0.0005762030905077263,0.03806313465783665,2265,0,4,daily_me_op,daily size characteristic,uniform_high_overlap,7,calibration,iid,risk_adjusted_12,0.036884644591611476
-0.0004661411337818891,-0.007101523277713708,0.0043633209352432,0.05354395604395604,0.08762105263157893,91.0,26.0,0.9598233995584989,0.0004433818984547461,0.04014915673289183,2265,0,4,daily_me_op,daily size characteristic,uniform_high_overlap,7,calibration,iid,ridge_return_train_only,0.036884644591611476
-0.0007677062467629594,-0.004389324945933098,0.0024743277120022208,0.03590833333333333,0.04801428571428572,96.0,26.0,0.9576158940397351,0.00030348785871964673,0.0393766004415011,2265,0,4,daily_me_op,daily size characteristic,uniform_high_overlap,7,calibration,block,constant_a000,0.036884644591611476
0.00030176793283706577,-0.003602444142778328,0.0034793748730303025,0.0432,0.057639024390243904,80.0,26.0,0.9646799116997793,0.00045673289183222954,0.03845033112582781,2265,0,4,daily_me_op,daily size characteristic,uniform_high_overlap,7,calibration,block,constant_a001,0.036884644591611476
0.00024223235549294668,-0.0034334958516036153,0.0039026713154958373,0.056725,0.07625789473684211,80.0,26.0,0.9646799116997793,0.00042763796909492266,0.03839094922737307,2265,0,4,daily_me_op,daily size characteristic,uniform_high_overlap,7,calibration,block,constant_a002,0.036884644591611476
0.0009688946655235628,-0.002674227935139793,0.004516193568636623,0.03823861386138614,0.04717128712871287,101.0,26.0,0.9554083885209713,0.00047395143487858726,0.03862604856512141,2265,0,4,daily_me_op,daily size characteristic,uniform_high_overlap,7,calibration,block,constant_a003,0.036884644591611476
0.002898765450920939,-0.0012548081010839666,0.006443573388964635,0.047993258426966286,0.0560111111111111,89.0,26.0,0.9607064017660044,0.0004247682119205297,0.04078388520971302,2265,0,4,daily_me_op,daily size characteristic,uniform_high_overlap,7,calibration,block,constant_a004,0.036884644591611476
-0.0015784321314119426,-0.007257328383308749,0.00253811081681165,0.029675,0.032863157894736844,96.0,26.0,0.9576158940397351,0.0004983664459161148,0.04207969094922737,2265,0,4,daily_me_op,daily size characteristic,uniform_high_overlap,7,calibration,block,constant_a005,0.036884644591611476
-0.0003974694120316635,-0.004134911092829427,0.0032573182742243164,0.03559135802469136,0.03848666666666667,81.0,26.0,0.9642384105960264,0.0004000000000000001,0.03936004415011037,2265,0,4,daily_me_op,daily size characteristic,uniform_high_overlap,7,calibration,block,constant_a006,0.036884644591611476
-0.0011121310046570139,-0.004349231971434017,0.002601938161727089,0.05832631578947369,0.0822183486238532,95.0,26.0,0.9580573951434879,0.0005164238410596026,0.03821633554083886,2265,0,4,daily_me_op,daily size characteristic,uniform_high_overlap,7,calibration,block,constant_a007,0.036884644591611476
-0.0025612090635963266,-0.006062177868968857,0.0012838409676827376,0.03905454545454546,0.042687628865979384,88.0,26.0,0.9611479028697572,0.000591523178807947,0.03958874172185431,2265,0,4,daily_me_op,daily size characteristic,uniform_high_overlap,7,calibration,block,constant_a008,0.036884644591611476
0.0035076325152248915,-9.747184541332362e-05,0.0075787737997409016,0.031000000000000003,0.03490845070422536,90.0,26.0,0.9602649006622517,0.0006415011037527594,0.04022317880794702,2265,0,4,daily_me_op,daily size characteristic,uniform_high_overlap,7,calibration,block,constant_a009,0.036884644591611476
-0.0008102062288000926,-0.0036420207737055533,0.0019503403494034483,0.030804761904761908,0.03870454545454546,84.0,26.0,0.9629139072847682,0.0004702428256070641,0.04091456953642385,2265,0,4,daily_me_op,daily size characteristic,uniform_high_overlap,7,calibration,block,constant_a010,0.036884644591611476
0.0029303294505197857,0.0001399749867980668,0.005636173624434564,0.035754545454545456,0.04264356435643565,88.0,26.0,0.9611479028697572,0.0005049448123620308,0.03691633554083885,2265,0,4,daily_me_op,daily size characteristic,uniform_high_overlap,7,calibration,block,constant_a011,0.036884644591611476
0.002246827901039384,-0.0003556891641462561,0.0053908439991834,0.024659793814432993,0.03241935483870968,97.0,26.0,0.9571743929359824,0.0005502428256070641,0.03507041942604857,2265,0,4,daily_me_op,daily size characteristic,uniform_high_overlap,7,calibration,block,constant_a012,0.036884644591611476
0.003339894262619169,-0.0003317801706285389,0.007219846507083199,0.02495903614457831,0.031290697674418604,83.0,26.0,0.963355408388521,0.0005137748344370861,0.036443487858719655,2265,0,4,daily_me_op,daily size characteristic,uniform_high_overlap,7,calibration,block,constant_a013,0.036884644591611476
0.002107396672054591,-0.002069055421470079,0.006323455255595145,0.03855882352941176,0.050464705882352946,85.0,26.0,0.9624724061810155,0.000672671081677704,0.03833708609271524,2265,0,4,daily_me_op,daily size characteristic,uniform_high_overlap,7,calibration,block,constant_a014,0.036884644591611476
-0.00047003111260977696,-0.0034629268221402884,0.0031569065734370345,0.03579879518072289,0.03936867469879518,83.0,26.0,0.963355408388521,0.0004266225165562914,0.042104856512141284,2265,0,4,daily_me_op,daily size characteristic,uniform_high_overlap,7,calibration,block,constant_a015,0.036884644591611476
-0.002700921664820249,-0.0056546394852440935,-4.143584947909836e-05,0.045654716981132076,0.05931495327102805,106.0,26.0,0.9532008830022075,0.0004412362030905077,0.037138410596026496,2265,0,4,daily_me_op,daily size characteristic,uniform_high_overlap,7,calibration,block,constant_a016,0.036884644591611476
0.0022218112560925918,-9.192425596806682e-05,0.005129543396237598,0.022539560439560437,0.0278,91.0,26.0,0.9598233995584989,0.00043708609271523176,0.03571677704194261,2265,0,4,daily_me_op,daily size characteristic,uniform_high_overlap,7,calibration,block,constant_a017,0.036884644591611476
0.0017715083665608895,-7.099343546145401e-05,0.004294807487915652,0.023335616438356164,0.026786486486486485,73.0,26.0,0.9677704194260486,0.0004893156732891833,0.03461456953642384,2265,0,4,daily_me_op,daily size characteristic,uniform_high_overlap,7,calibration,block,constant_a018,0.036884644591611476
-0.00014951126594339807,-0.0038028879890045545,0.0028798684530843837,0.04150526315789473,0.06828737864077669,95.0,26.0,0.9580573951434879,0.0005333333333333335,0.03605783664459162,2265,0,4,daily_me_op,daily size characteristic,uniform_high_overlap,7,calibration,block,constant_a019,0.036884644591611476
-0.002599985650743598,-0.008671783323511737,0.0024005661024896,0.08531578947368419,0.09916470588235293,76.0,26.0,0.9664459161147902,0.00028900662251655633,0.046241501103752754,2265,0,4,daily_me_op,daily size characteristic,uniform_high_overlap,7,calibration,block,constant_a020,0.036884644591611476
0.001463408916710278,-0.0015231458879276364,0.00409329313650602,0.03470666666666667,0.046757142857142844,75.0,26.0,0.9668874172185431,0.00029668874172185427,0.03527350993377483,2265,0,4,daily_me_op,daily size characteristic,uniform_high_overlap,7,calibration,block,constant_a021,0.036884644591611476
-0.0005446241021120456,-0.003906313078063506,0.0026417663247823198,0.04757977528089887,0.0674,89.0,26.0,0.9607064017660044,0.00039487858719646797,0.03427064017660044,2265,0,4,daily_me_op,daily size characteristic,uniform_high_overlap,7,calibration,block,constant_a022,0.036884644591611476
0.0017712406310954208,-0.0004100016864380591,0.004311377442601172,0.017127777777777776,0.018792307692307688,72.0,26.0,0.9682119205298013,0.00040044150110375275,0.030308830022075055,2265,0,4,daily_me_op,daily size characteristic,uniform_high_overlap,7,calibration,block,constant_a023,0.036884644591611476
2.642638261721704e-06,-0.00250154040791564,0.001875034568321454,0.0299,0.03624639175257732,89.0,26.0,0.9607064017660044,0.0004770860927152318,0.031186534216335538,2265,0,4,daily_me_op,daily size characteristic,uniform_high_overlap,7,calibration,block,constant_a024,0.036884644591611476
-0.0015013685236121602,-0.0037247243771726677,0.0009710183145462461,0.03160901204819277,0.036324347826086956,83.0,26.0,0.963355408388521,0.00046527858719646806,0.036884644591611476,2265,0,4,daily_me_op,daily size characteristic,uniform_high_overlap,7,calibration,block,constant_equal_weight_public,0.036884644591611476
-1.661670231733927e-05,-0.0031720188124184897,0.0024965813001823073,0.027525000000000004,0.030687234042553194,80.0,26.0,0.9646799116997793,0.0006160706401766005,0.03774635761589404,2265,0,4,daily_me_op,daily size characteristic,uniform_high_overlap,7,calibration,block,momentum_12,0.036884644591611476
0.0012104385130234287,-0.0011303239788997015,0.003417426428192043,0.02063373493975904,0.022232786885245902,83.0,26.0,0.963355408388521,0.0004981015452538633,0.031074392935982336,2265,0,4,daily_me_op,daily size characteristic,uniform_high_overlap,7,calibration,block,low_vol_12,0.036884644591611476
0.0008308864223625962,-0.0013394002559788168,0.0032352773025693658,0.02588481012658228,0.03072608695652174,79.0,26.0,0.965121412803532,0.0005762030905077263,0.03806313465783665,2265,0,4,daily_me_op,daily size characteristic,uniform_high_overlap,7,calibration,block,risk_adjusted_12,0.036884644591611476
-0.0004661411337818891,-0.006330852979316397,0.0043769030546124315,0.05354395604395604,0.07961237113402062,91.0,26.0,0.9598233995584989,0.0004433818984547461,0.04014915673289183,2265,0,4,daily_me_op,daily size characteristic,uniform_high_overlap,7,calibration,block,ridge_return_train_only,0.036884644591611476
-4.80382990678812e-05,-0.003670949388740517,0.003234606319314791,0.04432142857142858,0.06761818181818183,112.0,26.0,0.9606741573033708,0.0003962780898876405,0.03857907303370787,2848,0,4,daily_me_op,daily size characteristic,uniform_high_overlap,7,test,iid,constant_a000,0.036884644591611476
0.0004824716834682595,-0.0018020719816425734,0.0031141818145886727,0.023272727272727268,0.02691132075471698,110.0,26.0,0.961376404494382,0.0005180828651685394,0.030657022471910114,2848,0,4,daily_me_op,daily size characteristic,uniform_high_overlap,7,test,iid,constant_a001,0.036884644591611476
0.0007471174069596457,-0.0016450203074294856,0.003033317787165887,0.03215744680851064,0.03853736263736264,94.0,26.0,0.9669943820224719,0.0005845505617977528,0.030667977528089887,2848,0,4,daily_me_op,daily size characteristic,uniform_high_overlap,7,test,iid,constant_a002,0.036884644591611476
0.0047581519075884,0.0011037308112486451,0.008340521829431862,0.029430434782608702,0.03789491525423729,115.0,26.0,0.9596207865168539,0.000689817415730337,0.039128651685393256,2848,0,4,daily_me_op,daily size characteristic,uniform_high_overlap,7,test,iid,constant_a003,0.036884644591611476
0.0014034121585336547,-0.00237870468482628,0.0048763515419972675,0.02837699115044248,0.03226115702479339,113.0,26.0,0.9603230337078652,0.0003732443820224719,0.03620463483146068,2848,0,4,daily_me_op,daily size characteristic,uniform_high_overlap,7,test,iid,constant_a004,0.036884644591611476
0.0031072822287849084,-0.0015267857939404196,0.008228883995669194,0.034624271844660194,0.04209090909090909,103.0,26.0,0.9638342696629214,0.0004969803370786517,0.04001446629213483,2848,0,4,daily_me_op,daily size characteristic,uniform_high_overlap,7,test,iid,constant_a005,0.036884644591611476
-0.0016012594323175026,-0.0050176517124787354,0.002443446611826952,0.038246218487394956,0.048440740740740736,119.0,26.0,0.9582162921348315,0.000506179775280899,0.03197050561797753,2848,0,4,daily_me_op,daily size characteristic,uniform_high_overlap,7,test,iid,constant_a006,0.036884644591611476
-0.0012963885740588967,-0.004792098074486864,0.0017811557450040992,0.0474695652173913,0.07491739130434782,115.0,26.0,0.9596207865168539,0.0005496839887640451,0.03202626404494382,2848,0,4,daily_me_op,daily size characteristic,uniform_high_overlap,7,test,iid,constant_a007,0.036884644591611476
0.0018685799778222888,-0.00022685524393228717,0.004476229822030994,0.023458878504672896,0.02654210526315789,107.0,26.0,0.9624297752808989,0.0004826896067415731,0.03332331460674158,2848,0,4,daily_me_op,daily size characteristic,uniform_high_overlap,7,test,iid,constant_a008,0.036884644591611476
-0.0009303561438901662,-0.003790985342402958,0.0016273555734272192,0.02845283018867924,0.035076923076923075,106.0,26.0,0.9627808988764045,0.0004806179775280899,0.0354438202247191,2848,0,4,daily_me_op,daily size characteristic,uniform_high_overlap,7,test,iid,constant_a009,0.036884644591611476
-0.001991592053286798,-0.006683451623927904,0.0017585634398165086,0.037553571428571436,0.04336000000000001,112.0,26.0,0.9606741573033708,0.0005072331460674157,0.03976390449438202,2848,0,4,daily_me_op,daily size characteristic,uniform_high_overlap,7,test,iid,constant_a010,0.036884644591611476
0.00208031534683113,-0.0011304848209632034,0.006169604682662915,0.027444444444444445,0.03398076923076923,108.0,26.0,0.9620786516853933,0.0004511235955056179,0.03151390449438202,2848,0,4,daily_me_op,daily size characteristic,uniform_high_overlap,7,test,iid,constant_a011,0.036884644591611476
-0.0018301131435630572,-0.005122959936876276,0.0013078063665276645,0.03136637168141593,0.03955555555555555,113.0,26.0,0.9603230337078652,0.0005087078651685394,0.032783988764044945,2848,0,4,daily_me_op,daily size characteristic,uniform_high_overlap,7,test,iid,constant_a012,0.036884644591611476
-0.000507562539327785,-0.0031218446789846176,0.0020936466703500765,0.032370833333333335,0.040937209302325576,96.0,26.0,0.9662921348314607,0.0005538623595505618,0.03227443820224719,2848,0,4,daily_me_op,daily size characteristic,uniform_high_overlap,7,test,iid,constant_a013,0.036884644591611476
0.0011461538222014114,-0.0012952399312210097,0.0037584118979203367,0.027634710743801652,0.03506153846153846,121.0,26.0,0.9575140449438202,0.000419066011235955,0.03335842696629214,2848,0,4,daily_me_op,daily size characteristic,uniform_high_overlap,7,test,iid,constant_a014,0.036884644591611476
0.0005960681697634953,-0.0022952214167018745,0.0034241264408171475,0.03544297520661157,0.04241612903225806,121.0,26.0,0.9575140449438202,0.0005329705056179775,0.03754929775280899,2848,0,4,daily_me_op,daily size characteristic,uniform_high_overlap,7,test,iid,constant_a015,0.036884644591611476
-0.0007795062132969243,-0.0037428741887116242,0.0021080057802291066,0.02752982456140351,0.03154188034188034,114.0,26.0,0.9599719101123596,0.0004458216292134831,0.029966853932584265,2848,0,4,daily_me_op,daily size characteristic,uniform_high_overlap,7,test,iid,constant_a016,0.036884644591611476
0.0025269341906039877,-7.501997698183213e-05,0.005162308148775384,0.025815789473684212,0.03557087378640777,95.0,26.0,0.9666432584269663,0.0005253511235955056,0.02912837078651686,2848,0,4,daily_me_op,daily size characteristic,uniform_high_overlap,7,test,iid,constant_a017,0.036884644591611476
0.0007254699337771077,-0.0016485495372851656,0.0036221260198154815,0.029910679611650493,0.038333027522935784,103.0,26.0,0.9638342696629214,0.0005296348314606743,0.0289566011235955,2848,0,4,daily_me_op,daily size characteristic,uniform_high_overlap,7,test,iid,constant_a018,0.036884644591611476
0.002212036630680871,0.0001544211533287998,0.004380611447625007,0.023359793814432993,0.027295959595959596,97.0,26.0,0.9659410112359551,0.00048683286516853927,0.02873441011235955,2848,0,4,daily_me_op,daily size characteristic,uniform_high_overlap,7,test,iid,constant_a019,0.036884644591611476
-0.000495814318981418,-0.003284306252969095,0.0027301222360022327,0.032398319327731094,0.04024108527131783,119.0,26.0,0.9582162921348315,0.0004640800561797754,0.037429634831460674,2848,0,4,daily_me_op,daily size characteristic,uniform_high_overlap,7,test,iid,constant_a020,0.036884644591611476
0.001356060598474976,-0.0006185853519140374,0.0032888064695632295,0.02855981308411215,0.039911214953271025,107.0,26.0,0.9624297752808989,0.0005357092696629213,0.029238483146067418,2848,0,4,daily_me_op,daily size characteristic,uniform_high_overlap,7,test,iid,constant_a021,0.036884644591611476
-0.0007793798626040149,-0.0049559599404888875,0.002770950052123302,0.04577407407407408,0.0840375,135.0,26.0,0.9525983146067416,0.000558251404494382,0.02764115168539326,2848,0,4,daily_me_op,daily size characteristic,uniform_high_overlap,7,test,iid,constant_a022,0.036884644591611476
0.000124217717802915,-0.0018491697068424658,0.002646790234219461,0.035153846153846154,0.048428571428571425,104.0,26.0,0.9634831460674157,0.0006573033707865169,0.028800421348314606,2848,0,4,daily_me_op,daily size characteristic,uniform_high_overlap,7,test,iid,constant_a023,0.036884644591611476
0.003126738372970076,0.0002733176042527167,0.006397968047020799,0.021811926605504586,0.026759842519685037,109.0,26.0,0.9617275280898876,0.0006134831460674157,0.02737092696629214,2848,0,4,daily_me_op,daily size characteristic,uniform_high_overlap,7,test,iid,constant_a024,0.036884644591611476
-0.000791879578444702,-0.003932052002232862,0.0013717214297941987,0.039446400000000006,0.08174827906976745,100.0,26.0,0.9648876404494382,0.0005147022471910111,0.030364893258426964,2848,0,4,daily_me_op,daily size characteristic,uniform_high_overlap,7,test,iid,constant_equal_weight_public,0.036884644591611476
0.0002410458107191963,-0.0026733895354233714,0.002768641628544587,0.02779612403100775,0.034555555555555555,129.0,26.0,0.9547050561797753,0.0005490519662921348,0.039553370786516856,2848,0,4,daily_me_op,daily size characteristic,uniform_high_overlap,7,test,iid,momentum_12,0.036884644591611476
0.0003869576275834828,-0.0013885096920794756,0.002573445902512164,0.025194690265486725,0.028144000000000002,113.0,26.0,0.9603230337078652,0.0004874002808988763,0.026351544943820224,2848,0,4,daily_me_op,daily size characteristic,uniform_high_overlap,7,test,iid,low_vol_12,0.036884644591611476
-0.00015195235343725788,-0.002232801626726143,0.001852251764953957,0.028458558558558552,0.03531034482758621,111.0,26.0,0.9610252808988764,0.0007221207865168541,0.0337123595505618,2848,0,4,daily_me_op,daily size characteristic,uniform_high_overlap,7,test,iid,risk_adjusted_12,0.036884644591611476
-0.00017459070684806014,-0.004085039900059605,0.0034971947967231045,0.041988990825688084,0.04886000000000001,109.0,26.0,0.9617275280898876,0.0005568890449438202,0.03644269662921348,2848,0,4,daily_me_op,daily size characteristic,uniform_high_overlap,7,test,iid,ridge_return_train_only,0.036884644591611476
-4.80382990678812e-05,-0.003613958121263175,0.003134096317789977,0.04432142857142858,0.0659559633027523,112.0,26.0,0.9606741573033708,0.0003962780898876405,0.03857907303370787,2848,0,4,daily_me_op,daily size characteristic,uniform_high_overlap,7,test,block,constant_a000,0.036884644591611476
0.0004824716834682595,-0.0018320256799734865,0.00276784709754882,0.023272727272727268,0.02666880733944954,110.0,26.0,0.961376404494382,0.0005180828651685394,0.030657022471910114,2848,0,4,daily_me_op,daily size characteristic,uniform_high_overlap,7,test,block,constant_a001,0.036884644591611476
0.0007471174069596457,-0.0016554626777283657,0.0028826517860378025,0.03215744680851064,0.03891666666666667,94.0,26.0,0.9669943820224719,0.0005845505617977528,0.030667977528089887,2848,0,4,daily_me_op,daily size characteristic,uniform_high_overlap,7,test,block,constant_a002,0.036884644591611476
0.0047581519075884,0.0016013903590857976,0.007902883007992035,0.029430434782608702,0.038319148936170215,115.0,26.0,0.9596207865168539,0.000689817415730337,0.039128651685393256,2848,0,4,daily_me_op,daily size characteristic,uniform_high_overlap,7,test,block,constant_a003,0.036884644591611476
0.0014034121585336547,-0.0015448917350586386,0.005119706156922,0.02837699115044248,0.032337864077669906,113.0,26.0,0.9603230337078652,0.0003732443820224719,0.03620463483146068,2848,0,4,daily_me_op,daily size characteristic,uniform_high_overlap,7,test,block,constant_a004,0.036884644591611476
0.0031072822287849084,-0.0009706195276422849,0.007482286004170766,0.034624271844660194,0.04042,103.0,26.0,0.9638342696629214,0.0004969803370786517,0.04001446629213483,2848,0,4,daily_me_op,daily size characteristic,uniform_high_overlap,7,test,block,constant_a005,0.036884644591611476
-0.0016012594323175026,-0.005394236389608975,0.0019601623342550166,0.038246218487394956,0.04816902654867257,119.0,26.0,0.9582162921348315,0.000506179775280899,0.03197050561797753,2848,0,4,daily_me_op,daily size characteristic,uniform_high_overlap,7,test,block,constant_a006,0.036884644591611476
-0.0012963885740588967,-0.00478755311869297,0.0017389511859331437,0.0474695652173913,0.0732252100840336,115.0,26.0,0.9596207865168539,0.0005496839887640451,0.03202626404494382,2848,0,4,daily_me_op,daily size characteristic,uniform_high_overlap,7,test,block,constant_a007,0.036884644591611476
0.0018685799778222888,-0.000710024466505285,0.004689976413889555,0.023458878504672896,0.026588888888888888,107.0,26.0,0.9624297752808989,0.0004826896067415731,0.03332331460674158,2848,0,4,daily_me_op,daily size characteristic,uniform_high_overlap,7,test,block,constant_a008,0.036884644591611476
-0.0009303561438901662,-0.0033961650599006964,0.0019419316071483006,0.02845283018867924,0.035881818181818174,106.0,26.0,0.9627808988764045,0.0004806179775280899,0.0354438202247191,2848,0,4,daily_me_op,daily size characteristic,uniform_high_overlap,7,test,block,constant_a009,0.036884644591611476
-0.001991592053286798,-0.005391087108789965,0.0012198519463455875,0.037553571428571436,0.04265040650406504,112.0,26.0,0.9606741573033708,0.0005072331460674157,0.03976390449438202,2848,0,4,daily_me_op,daily size characteristic,uniform_high_overlap,7,test,block,constant_a010,0.036884644591611476
0.00208031534683113,-0.0006359155386498076,0.00505017042125904,0.027444444444444445,0.03290322580645161,108.0,26.0,0.9620786516853933,0.0004511235955056179,0.03151390449438202,2848,0,4,daily_me_op,daily size characteristic,uniform_high_overlap,7,test,block,constant_a011,0.036884644591611476
-0.0018301131435630572,-0.005133702336856267,0.001384316920521254,0.03136637168141593,0.03986216216216216,113.0,26.0,0.9603230337078652,0.0005087078651685394,0.032783988764044945,2848,0,4,daily_me_op,daily size characteristic,uniform_high_overlap,7,test,block,constant_a012,0.036884644591611476
-0.000507562539327785,-0.0030073317179253435,0.0016778456074090574,0.032370833333333335,0.040659183673469386,96.0,26.0,0.9662921348314607,0.0005538623595505618,0.03227443820224719,2848,0,4,daily_me_op,daily size characteristic,uniform_high_overlap,7,test,block,constant_a013,0.036884644591611476
0.0011461538222014114,-0.0011218572425171773,0.0035680394135731374,0.027634710743801652,0.035840677966101686,121.0,26.0,0.9575140449438202,0.000419066011235955,0.03335842696629214,2848,0,4,daily_me_op,daily size characteristic,uniform_high_overlap,7,test,block,constant_a014,0.036884644591611476
0.0005960681697634953,-0.00167616397974988,0.0029277044678064864,0.03544297520661157,0.042088888888888884,121.0,26.0,0.9575140449438202,0.0005329705056179775,0.03754929775280899,2848,0,4,daily_me_op,daily size characteristic,uniform_high_overlap,7,test,block,constant_a015,0.036884644591611476
-0.0007795062132969243,-0.0034731143479766148,0.0023606586276793467,0.02752982456140351,0.03178333333333333,114.0,26.0,0.9599719101123596,0.0004458216292134831,0.029966853932584265,2848,0,4,daily_me_op,daily size characteristic,uniform_high_overlap,7,test,block,constant_a016,0.036884644591611476
0.0025269341906039877,7.70440595022363e-05,0.005209832229134626,0.025815789473684212,0.03615813953488372,95.0,26.0,0.9666432584269663,0.0005253511235955056,0.02912837078651686,2848,0,4,daily_me_op,daily size characteristic,uniform_high_overlap,7,test,block,constant_a017,0.036884644591611476
0.0007254699337771077,-0.002011684777489399,0.003588073536805289,0.029910679611650493,0.03856538461538461,103.0,26.0,0.9638342696629214,0.0005296348314606743,0.0289566011235955,2848,0,4,daily_me_op,daily size characteristic,uniform_high_overlap,7,test,block,constant_a018,0.036884644591611476
0.002212036630680871,-9.069137061895622e-05,0.0042787762819955655,0.023359793814432993,0.02659780219780219,97.0,26.0,0.9659410112359551,0.00048683286516853927,0.02873441011235955,2848,0,4,daily_me_op,daily size characteristic,uniform_high_overlap,7,test,block,constant_a019,0.036884644591611476
-0.000495814318981418,-0.0034846875288966255,0.002639874589872133,0.032398319327731094,0.04201851851851852,119.0,26.0,0.9582162921348315,0.0004640800561797754,0.037429634831460674,2848,0,4,daily_me_op,daily size characteristic,uniform_high_overlap,7,test,block,constant_a020,0.036884644591611476
0.001356060598474976,-0.0010864851856071328,0.0037737002224361433,0.02855981308411215,0.04285,107.0,26.0,0.9624297752808989,0.0005357092696629213,0.029238483146067418,2848,0,4,daily_me_op,daily size characteristic,uniform_high_overlap,7,test,block,constant_a021,0.036884644591611476
-0.0007793798626040149,-0.0056836710645650455,0.0023202626254658436,0.04577407407407408,0.08354776119402985,135.0,26.0,0.9525983146067416,0.000558251404494382,0.02764115168539326,2848,0,4,daily_me_op,daily size characteristic,uniform_high_overlap,7,test,block,constant_a022,0.036884644591611476
0.000124217717802915,-0.0019092922099170676,0.00211271357334694,0.035153846153846154,0.04858230088495575,104.0,26.0,0.9634831460674157,0.0006573033707865169,0.028800421348314606,2848,0,4,daily_me_op,daily size characteristic,uniform_high_overlap,7,test,block,constant_a023,0.036884644591611476
0.003126738372970076,-8.883332878183599e-05,0.005669999751271015,0.021811926605504586,0.026865217391304347,109.0,26.0,0.9617275280898876,0.0006134831460674157,0.02737092696629214,2848,0,4,daily_me_op,daily size characteristic,uniform_high_overlap,7,test,block,constant_a024,0.036884644591611476
-0.000791879578444702,-0.003574171565348079,0.001580102711410584,0.039446400000000006,0.07490472727272728,100.0,26.0,0.9648876404494382,0.0005147022471910111,0.030364893258426964,2848,0,4,daily_me_op,daily size characteristic,uniform_high_overlap,7,test,block,constant_equal_weight_public,0.036884644591611476
0.0002410458107191963,-0.002938750785915242,0.0033204291825732193,0.02779612403100775,0.035175700934579446,129.0,26.0,0.9547050561797753,0.0005490519662921348,0.039553370786516856,2848,0,4,daily_me_op,daily size characteristic,uniform_high_overlap,7,test,block,momentum_12,0.036884644591611476
0.0003869576275834828,-0.0013474344014311097,0.0019636095267636044,0.025194690265486725,0.027817475728155336,113.0,26.0,0.9603230337078652,0.0004874002808988763,0.026351544943820224,2848,0,4,daily_me_op,daily size characteristic,uniform_high_overlap,7,test,block,low_vol_12,0.036884644591611476
-0.00015195235343725788,-0.0023307010528375,0.0016356539035002706,0.028458558558558552,0.03564347826086957,111.0,26.0,0.9610252808988764,0.0007221207865168541,0.0337123595505618,2848,0,4,daily_me_op,daily size characteristic,uniform_high_overlap,7,test,block,risk_adjusted_12,0.036884644591611476
-0.00017459070684806014,-0.003679328815316113,0.0038138697675222225,0.041988990825688084,0.04865294117647059,109.0,26.0,0.9617275280898876,0.0005568890449438202,0.03644269662921348,2848,0,4,daily_me_op,daily size characteristic,uniform_high_overlap,7,test,block,ridge_return_train_only,0.036884644591611476
0.0017914172701756661,-0.0011869902033213755,0.004525095058784994,0.03194117647058823,0.05698461538461538,85.0,26.0,0.9624724061810155,0.00030348785871964673,0.0393766004415011,2265,0,4,daily_me_op,daily size characteristic,uniform_high_overlap,17,calibration,iid,constant_a000,0.036884644591611476
-9.628103070139178e-05,-0.003041613100531038,0.003276361625782431,0.0414,0.052865853658536584,85.0,26.0,0.9624724061810155,0.00045673289183222954,0.03845033112582781,2265,0,4,daily_me_op,daily size characteristic,uniform_high_overlap,17,calibration,iid,constant_a001,0.036884644591611476
0.004279276589087157,0.0011169735538187112,0.007715730415626646,0.021176190476190477,0.02464285714285714,84.0,26.0,0.9629139072847682,0.00042763796909492266,0.03839094922737307,2265,0,4,daily_me_op,daily size characteristic,uniform_high_overlap,17,calibration,iid,constant_a002,0.036884644591611476
-0.003360579285647853,-0.007158000190707705,0.00018343698090010402,0.04924712643678161,0.056452112676056335,87.0,26.0,0.9615894039735099,0.00047395143487858726,0.03862604856512141,2265,0,4,daily_me_op,daily size characteristic,uniform_high_overlap,17,calibration,iid,constant_a003,0.036884644591611476
-0.00047493434646747834,-0.004152462272965775,0.003029912442577772,0.0350304347826087,0.04112105263157895,92.0,26.0,0.9593818984547461,0.0004247682119205297,0.04078388520971302,2265,0,4,daily_me_op,daily size characteristic,uniform_high_overlap,17,calibration,iid,constant_a004,0.036884644591611476
0.0010643036569525678,-0.0030284955493083605,0.004541193605100806,0.03476315789473684,0.03691304347826087,95.0,26.0,0.9580573951434879,0.0004983664459161148,0.04207969094922737,2265,0,4,daily_me_op,daily size characteristic,uniform_high_overlap,17,calibration,iid,constant_a005,0.036884644591611476
-0.0009643126288017989,-0.005565579720183037,0.0027659496154885713,0.061349999999999995,0.08500232558139535,88.0,26.0,0.9611479028697572,0.0004000000000000001,0.03936004415011037,2265,0,4,daily_me_op,daily size characteristic,uniform_high_overlap,17,calibration,iid,constant_a006,0.036884644591611476
0.0007347617179686693,-0.0029147854404116794,0.003642556271173314,0.04503037974683544,0.07431052631578948,79.0,26.0,0.965121412803532,0.0005164238410596026,0.03821633554083886,2265,0,4,daily_me_op,daily size characteristic,uniform_high_overlap,17,calibration,iid,constant_a007,0.036884644591611476
-0.0006763324301309912,-0.005479656321031965,0.0031479228519943627,0.06256391752577319,0.0879941176470588,97.0,26.0,0.9571743929359824,0.000591523178807947,0.03958874172185431,2265,0,4,daily_me_op,daily size characteristic,uniform_high_overlap,17,calibration,iid,constant_a008,0.036884644591611476
0.0027468574448782867,-0.0017511954061319467,0.007504331511419423,0.04072970297029703,0.04940229885057471,101.0,26.0,0.9554083885209713,0.0006415011037527594,0.04022317880794702,2265,0,4,daily_me_op,daily size characteristic,uniform_high_overlap,17,calibration,iid,constant_a009,0.036884644591611476
0.0009501063395927965,-0.0028530536043233985,0.004187099045883472,0.034706493506493505,0.03965121951219512,77.0,26.0,0.9660044150110375,0.0004702428256070641,0.04091456953642385,2265,0,4,daily_me_op,daily size characteristic,uniform_high_overlap,17,calibration,iid,constant_a010,0.036884644591611476
-0.0002029793443902783,-0.0032566583497820713,0.003097874630691462,0.030703092783505154,0.046077777777777766,97.0,26.0,0.9571743929359824,0.0005049448123620308,0.03691633554083885,2265,0,4,daily_me_op,daily size characteristic,uniform_high_overlap,17,calibration,iid,constant_a011,0.036884644591611476
0.000614928035359206,-0.002812774666638878,0.0033220281940073075,0.031298765432098766,0.04042048192771084,81.0,26.0,0.9642384105960264,0.0005502428256070641,0.03507041942604857,2265,0,4,daily_me_op,daily size characteristic,uniform_high_overlap,17,calibration,iid,constant_a012,0.036884644591611476
-0.0010996873409199494,-0.00494756292412325,0.002100419411698826,0.041960000000000004,0.05019243697478992,100.0,26.0,0.9558498896247241,0.0005137748344370861,0.036443487858719655,2265,0,4,daily_me_op,daily size characteristic,uniform_high_overlap,17,calibration,iid,constant_a013,0.036884644591611476
-0.0008486847241923649,-0.0042631872766787215,0.0024012301744963933,0.04037058823529412,0.045265432098765435,85.0,26.0,0.9624724061810155,0.000672671081677704,0.03833708609271524,2265,0,4,daily_me_op,daily size characteristic,uniform_high_overlap,17,calibration,iid,constant_a014,0.036884644591611476
0.0018068336462310026,-0.001924896991779591,0.005143584466624148,0.03318636363636364,0.04736086956521738,88.0,26.0,0.9611479028697572,0.0004266225165562914,0.042104856512141284,2265,0,4,daily_me_op,daily size characteristic,uniform_high_overlap,17,calibration,iid,constant_a015,0.036884644591611476
-1.6418408422057385e-05,-0.00397954910287548,0.003468103490853916,0.03637777777777777,0.0489,90.0,26.0,0.9602649006622517,0.0004412362030905077,0.037138410596026496,2265,0,4,daily_me_op,daily size characteristic,uniform_high_overlap,17,calibration,iid,constant_a016,0.036884644591611476
-0.0027903253365603726,-0.0063679931436619935,0.00017703120879380827,0.04385000000000001,0.06483243243243245,80.0,26.0,0.9646799116997793,0.00043708609271523176,0.03571677704194261,2265,0,4,daily_me_op,daily size characteristic,uniform_high_overlap,17,calibration,iid,constant_a017,0.036884644591611476
0.0011548452308642592,-0.0016288526604653812,0.003924298467500547,0.025195652173913043,0.030446534653465345,92.0,26.0,0.9593818984547461,0.0004893156732891833,0.03461456953642384,2265,0,4,daily_me_op,daily size characteristic,uniform_high_overlap,17,calibration,iid,constant_a018,0.036884644591611476
0.0008667615839645853,-0.002404443037385666,0.004276110398963952,0.037226027397260275,0.05117407407407406,73.0,26.0,0.9677704194260486,0.0005333333333333335,0.03605783664459162,2265,0,4,daily_me_op,daily size characteristic,uniform_high_overlap,17,calibration,iid,constant_a019,0.036884644591611476
-0.00018268642729521336,-0.0032988902286492996,0.0030498844305011062,0.03839662921348315,0.0489,89.0,26.0,0.9607064017660044,0.00028900662251655633,0.046241501103752754,2265,0,4,daily_me_op,daily size characteristic,uniform_high_overlap,17,calibration,iid,constant_a020,0.036884644591611476
0.0005373672774016212,-0.002345520596925309,0.003394182653844552,0.027576470588235296,0.03574022988505747,85.0,26.0,0.9624724061810155,0.00029668874172185427,0.03527350993377483,2265,0,4,daily_me_op,daily size characteristic,uniform_high_overlap,17,calibration,iid,constant_a021,0.036884644591611476
0.0003521193985868203,-0.002669674504756434,0.002871347247069132,0.026610526315789473,0.03082359550561798,95.0,26.0,0.9580573951434879,0.00039487858719646797,0.03427064017660044,2265,0,4,daily_me_op,daily size characteristic,uniform_high_overlap,17,calibration,iid,constant_a022,0.036884644591611476
0.003236058962900821,0.00027890123802805535,0.007072144138025592,0.018224999999999998,0.021857142857142856,80.0,26.0,0.9646799116997793,0.00040044150110375275,0.030308830022075055,2265,0,4,daily_me_op,daily size characteristic,uniform_high_overlap,17,calibration,iid,constant_a023,0.036884644591611476
0.002842282114394357,-0.00012759413567710803,0.006216312078240769,0.02582790697674419,0.03412631578947369,86.0,26.0,0.9620309050772627,0.0004770860927152318,0.031186534216335538,2265,0,4,daily_me_op,daily size characteristic,uniform_high_overlap,17,calibration,iid,constant_a024,0.036884644591611476
-0.0018631008135297404,-0.0043449536932663345,0.0010350939844523215,0.03028756756756757,0.032090370370370366,74.0,26.0,0.9673289183222958,0.00046527858719646806,0.036884644591611476,2265,0,4,daily_me_op,daily size characteristic,uniform_high_overlap,17,calibration,iid,constant_equal_weight_public,0.036884644591611476
0.004120494808061516,0.0006094597974732562,0.007906246862269208,0.023525,0.029083870967741936,80.0,26.0,0.9646799116997793,0.0006160706401766005,0.03774635761589404,2265,0,4,daily_me_op,daily size characteristic,uniform_high_overlap,17,calibration,iid,momentum_12,0.036884644591611476
0.0015831354851200412,-0.0014195738252563814,0.004571059200227367,0.02967391304347826,0.04472043010752688,92.0,26.0,0.9593818984547461,0.0004981015452538633,0.031074392935982336,2265,0,4,daily_me_op,daily size characteristic,uniform_high_overlap,17,calibration,iid,low_vol_12,0.036884644591611476
0.00327615720452443,-0.0002398498149999624,0.006809010418108458,0.02793783783783784,0.034281818181818184,74.0,26.0,0.9673289183222958,0.0005762030905077263,0.03806313465783665,2265,0,4,daily_me_op,daily size characteristic,uniform_high_overlap,17,calibration,iid,risk_adjusted_12,0.036884644591611476
0.0002909262240273455,-0.005331271353492357,0.004562705796085915,0.043847058823529406,0.055547058823529415,85.0,26.0,0.9624724061810155,0.0005850331125827814,0.0389355408388521,2265,0,4,daily_me_op,daily size characteristic,uniform_high_overlap,17,calibration,iid,ridge_return_train_only,0.036884644591611476
0.0017914172701756661,-0.001345314499302315,0.004440350991297387,0.03194117647058823,0.05271818181818181,85.0,26.0,0.9624724061810155,0.00030348785871964673,0.0393766004415011,2265,0,4,daily_me_op,daily size characteristic,uniform_high_overlap,17,calibration,block,constant_a000,0.036884644591611476
-9.628103070139178e-05,-0.0033642385704499614,0.0027122308197581784,0.0414,0.05289130434782608,85.0,26.0,0.9624724061810155,0.00045673289183222954,0.03845033112582781,2265,0,4,daily_me_op,daily size characteristic,uniform_high_overlap,17,calibration,block,constant_a001,0.036884644591611476
0.004279276589087157,0.001118089185781625,0.007246434144082862,0.021176190476190477,0.0243,84.0,26.0,0.9629139072847682,0.00042763796909492266,0.03839094922737307,2265,0,4,daily_me_op,daily size characteristic,uniform_high_overlap,17,calibration,block,constant_a002,0.036884644591611476
-0.003360579285647853,-0.007574045654978137,-0.0001668643484797342,0.04924712643678161,0.054071428571428576,87.0,26.0,0.9615894039735099,0.00047395143487858726,0.03862604856512141,2265,0,4,daily_me_op,daily size characteristic,uniform_high_overlap,17,calibration,block,constant_a003,0.036884644591611476
-0.00047493434646747834,-0.004756923567324415,0.00297635165099218,0.0350304347826087,0.04051538461538462,92.0,26.0,0.9593818984547461,0.0004247682119205297,0.04078388520971302,2265,0,4,daily_me_op,daily size characteristic,uniform_high_overlap,17,calibration,block,constant_a004,0.036884644591611476
0.0010643036569525678,-0.0026262363092411836,0.005529823490307056,0.03476315789473684,0.03698571428571428,95.0,26.0,0.9580573951434879,0.0004983664459161148,0.04207969094922737,2265,0,4,daily_me_op,daily size characteristic,uniform_high_overlap,17,calibration,block,constant_a005,0.036884644591611476
-0.0009643126288017989,-0.004978137449830506,0.0029259645184119896,0.061349999999999995,0.08604871794871795,88.0,26.0,0.9611479028697572,0.0004000000000000001,0.03936004415011037,2265,0,4,daily_me_op,daily size characteristic,uniform_high_overlap,17,calibration,block,constant_a006,0.036884644591611476
0.0007347617179686693,-0.002935233762310486,0.003930514767117933,0.04503037974683544,0.07479879518072291,79.0,26.0,0.965121412803532,0.0005164238410596026,0.03821633554083886,2265,0,4,daily_me_op,daily size characteristic,uniform_high_overlap,17,calibration,block,constant_a007,0.036884644591611476
-0.0006763324301309912,-0.005110095351243581,0.0023319288774507597,0.06256391752577319,0.09327142857142856,97.0,26.0,0.9571743929359824,0.000591523178807947,0.03958874172185431,2265,0,4,daily_me_op,daily size characteristic,uniform_high_overlap,17,calibration,block,constant_a008,0.036884644591611476
0.0027468574448782867,-0.0008171202812729226,0.00642697701133627,0.04072970297029703,0.04853333333333333,101.0,26.0,0.9554083885209713,0.0006415011037527594,0.04022317880794702,2265,0,4,daily_me_op,daily size characteristic,uniform_high_overlap,17,calibration,block,constant_a009,0.036884644591611476
0.0009501063395927965,-0.001974015292994407,0.004230289419925354,0.034706493506493505,0.0404027027027027,77.0,26.0,0.9660044150110375,0.0004702428256070641,0.04091456953642385,2265,0,4,daily_me_op,daily size characteristic,uniform_high_overlap,17,calibration,block,constant_a010,0.036884644591611476
-0.0002029793443902783,-0.0039362456606758835,0.003345699536070069,0.030703092783505154,0.046,97.0,26.0,0.9571743929359824,0.0005049448123620308,0.03691633554083885,2265,0,4,daily_me_op,daily size characteristic,uniform_high_overlap,17,calibration,block,constant_a011,0.036884644591611476
0.000614928035359206,-0.002614451823917884,0.0036863937099660183,0.031298765432098766,0.039845454545454545,81.0,26.0,0.9642384105960264,0.0005502428256070641,0.03507041942604857,2265,0,4,daily_me_op,daily size characteristic,uniform_high_overlap,17,calibration,block,constant_a012,0.036884644591611476
-0.0010996873409199494,-0.005069923576187056,0.002913491724918831,0.041960000000000004,0.05163636363636364,100.0,26.0,0.9558498896247241,0.0005137748344370861,0.036443487858719655,2265,0,4,daily_me_op,daily size characteristic,uniform_high_overlap,17,calibration,block,constant_a013,0.036884644591611476
-0.0008486847241923649,-0.0039031070857562153,0.0019484927603917027,0.04037058823529412,0.044550000000000006,85.0,26.0,0.9624724061810155,0.000672671081677704,0.03833708609271524,2265,0,4,daily_me_op,daily size characteristic,uniform_high_overlap,17,calibration,block,constant_a014,0.036884644591611476
0.0018068336462310026,-0.001997473433284355,0.005292153714767465,0.03318636363636364,0.04704705882352941,88.0,26.0,0.9611479028697572,0.0004266225165562914,0.042104856512141284,2265,0,4,daily_me_op,daily size characteristic,uniform_high_overlap,17,calibration,block,constant_a015,0.036884644591611476
-1.6418408422057385e-05,-0.003205244093370853,0.0029544102320407137,0.03637777777777777,0.0489,90.0,26.0,0.9602649006622517,0.0004412362030905077,0.037138410596026496,2265,0,4,daily_me_op,daily size characteristic,uniform_high_overlap,17,calibration,block,constant_a016,0.036884644591611476
-0.0027903253365603726,-0.0061354159633326116,0.00016763709772568466,0.04385000000000001,0.06203417721518988,80.0,26.0,0.9646799116997793,0.00043708609271523176,0.03571677704194261,2265,0,4,daily_me_op,daily size characteristic,uniform_high_overlap,17,calibration,block,constant_a017,0.036884644591611476
0.0011548452308642592,-0.00154070036634013,0.0034162969205020184,0.025195652173913043,0.030784210526315785,92.0,26.0,0.9593818984547461,0.0004893156732891833,0.03461456953642384,2265,0,4,daily_me_op,daily size characteristic,uniform_high_overlap,17,calibration,block,constant_a018,0.036884644591611476
0.0008667615839645853,-0.0024709731231025655,0.003714487947481115,0.037226027397260275,0.04971954022988505,73.0,26.0,0.9677704194260486,0.0005333333333333335,0.03605783664459162,2265,0,4,daily_me_op,daily size characteristic,uniform_high_overlap,17,calibration,block,constant_a019,0.036884644591611476
-0.00018268642729521336,-0.003057312404630814,0.003068757048466175,0.03839662921348315,0.049411111111111114,89.0,26.0,0.9607064017660044,0.00028900662251655633,0.046241501103752754,2265,0,4,daily_me_op,daily size characteristic,uniform_high_overlap,17,calibration,block,constant_a020,0.036884644591611476
0.0005373672774016212,-0.0019830914274285992,0.004152260137894218,0.027576470588235296,0.035480898876404494,85.0,26.0,0.9624724061810155,0.00029668874172185427,0.03527350993377483,2265,0,4,daily_me_op,daily size characteristic,uniform_high_overlap,17,calibration,block,constant_a021,0.036884644591611476
0.0003521193985868203,-0.002062373030323519,0.002881566548769024,0.026610526315789473,0.031057142857142856,95.0,26.0,0.9580573951434879,0.00039487858719646797,0.03427064017660044,2265,0,4,daily_me_op,daily size characteristic,uniform_high_overlap,17,calibration,block,constant_a022,0.036884644591611476
0.003236058962900821,9.201167267779051e-05,0.007044385067432445,0.018224999999999998,0.021527027027027027,80.0,26.0,0.9646799116997793,0.00040044150110375275,0.030308830022075055,2265,0,4,daily_me_op,daily size characteristic,uniform_high_overlap,17,calibration,block,constant_a023,0.036884644591611476
0.002842282114394357,-0.0002624262988693801,0.00575967218738023,0.02582790697674419,0.0340375,86.0,26.0,0.9620309050772627,0.0004770860927152318,0.031186534216335538,2265,0,4,daily_me_op,daily size characteristic,uniform_high_overlap,17,calibration,block,constant_a024,0.036884644591611476
-0.0018631008135297404,-0.004871149935665937,0.0004920050073595877,0.03028756756756757,0.03208584269662921,74.0,26.0,0.9673289183222958,0.00046527858719646806,0.036884644591611476,2265,0,4,daily_me_op,daily size characteristic,uniform_high_overlap,17,calibration,block,constant_equal_weight_public,0.036884644591611476
0.004120494808061516,0.0007234420301010865,0.008216894664276095,0.023525,0.029470370370370372,80.0,26.0,0.9646799116997793,0.0006160706401766005,0.03774635761589404,2265,0,4,daily_me_op,daily size characteristic,uniform_high_overlap,17,calibration,block,momentum_12,0.036884644591611476
0.0015831354851200412,-0.0010227047390003819,0.0044479404852785795,0.02967391304347826,0.0446505376344086,92.0,26.0,0.9593818984547461,0.0004981015452538633,0.031074392935982336,2265,0,4,daily_me_op,daily size characteristic,uniform_high_overlap,17,calibration,block,low_vol_12,0.036884644591611476
0.00327615720452443,0.00030654719597879526,0.007612597649014092,0.02793783783783784,0.035521739130434785,74.0,26.0,0.9673289183222958,0.0005762030905077263,0.03806313465783665,2265,0,4,daily_me_op,daily size characteristic,uniform_high_overlap,17,calibration,block,risk_adjusted_12,0.036884644591611476
0.0002909262240273455,-0.0035414417338305955,0.004564066401317639,0.043847058823529406,0.05561139240506329,85.0,26.0,0.9624724061810155,0.0005850331125827814,0.0389355408388521,2265,0,4,daily_me_op,daily size characteristic,uniform_high_overlap,17,calibration,block,ridge_return_train_only,0.036884644591611476
-0.0013217921588789335,-0.00417439301742405,0.001799564718030313,0.04877894736842105,0.07272393162393163,114.0,26.0,0.9599719101123596,0.0003962780898876405,0.03857907303370787,2848,0,4,daily_me_op,daily size characteristic,uniform_high_overlap,17,test,iid,constant_a000,0.036884644591611476
0.0015394803035067314,-0.0006491820533268621,0.003938421901005242,0.021766666666666663,0.023219607843137258,96.0,26.0,0.9662921348314607,0.0005180828651685394,0.030657022471910114,2848,0,4,daily_me_op,daily size characteristic,uniform_high_overlap,17,test,iid,constant_a001,0.036884644591611476
0.0030350280069379,0.00045746815674007057,0.0069275860474911554,0.025587022900763364,0.03228028169014084,131.0,26.0,0.954002808988764,0.0005845505617977528,0.030667977528089887,2848,0,4,daily_me_op,daily size characteristic,uniform_high_overlap,17,test,iid,constant_a002,0.036884644591611476
0.0018851996852459038,-0.0008875627917162605,0.004910484009379571,0.03119816513761468,0.040121621621621625,109.0,26.0,0.9617275280898876,0.000689817415730337,0.039128651685393256,2848,0,4,daily_me_op,daily size characteristic,uniform_high_overlap,17,test,iid,constant_a003,0.036884644591611476
-0.0024214248289538237,-0.005603369174486244,0.001176046516748714,0.037577981651376144,0.0432009900990099,109.0,26.0,0.9617275280898876,0.0003732443820224719,0.03620463483146068,2848,0,4,daily_me_op,daily size characteristic,uniform_high_overlap,17,test,iid,constant_a004,0.036884644591611476
-0.0006806677399520518,-0.0041938147008318835,0.002582079771475607,0.04484444444444445,0.05381981981981983,99.0,26.0,0.9652387640449438,0.0004969803370786517,0.04001446629213483,2848,0,4,daily_me_op,daily size characteristic,uniform_high_overlap,17,test,iid,constant_a005,0.036884644591611476
-2.1135332610448695e-05,-0.0029417670587745,0.0029559644590413108,0.03220841121495327,0.046598019801980195,107.0,26.0,0.9624297752808989,0.000506179775280899,0.03197050561797753,2848,0,4,daily_me_op,daily size characteristic,uniform_high_overlap,17,test,iid,constant_a006,0.036884644591611476
0.0010002707447239725,-0.0013966490071989097,0.003944827057477105,0.02646086956521739,0.03691754385964912,115.0,26.0,0.9596207865168539,0.0005496839887640451,0.03202626404494382,2848,0,4,daily_me_op,daily size characteristic,uniform_high_overlap,17,test,iid,constant_a007,0.036884644591611476
7.674521680175999e-05,-0.002856133133968926,0.002562262910096412,0.026923232323232328,0.031194059405940593,99.0,26.0,0.9652387640449438,0.0004826896067415731,0.03332331460674158,2848,0,4,daily_me_op,daily size characteristic,uniform_high_overlap,17,test,iid,constant_a008,0.036884644591611476
-0.0004151902161285005,-0.0033278775731783493,0.002863664746038997,0.04630740740740741,0.06550588235294118,108.0,26.0,0.9620786516853933,0.0004806179775280899,0.0354438202247191,2848,0,4,daily_me_op,daily size characteristic,uniform_high_overlap,17,test,iid,constant_a009,0.036884644591611476
0.00014095457758181047,-0.0028022797226105473,0.003240160710392194,0.031766666666666665,0.0363404255319149,114.0,26.0,0.9599719101123596,0.0005072331460674157,0.03976390449438202,2848,0,4,daily_me_op,daily size characteristic,uniform_high_overlap,17,test,iid,constant_a010,0.036884644591611476
0.0030944729229912225,-0.00013262214378076924,0.006177690659643002,0.026274468085106386,0.02954242424242424,94.0,26.0,0.9669943820224719,0.0004511235955056179,0.03151390449438202,2848,0,4,daily_me_op,daily size characteristic,uniform_high_overlap,17,test,iid,constant_a011,0.036884644591611476
0.002876703456616588,0.00041676083895962255,0.005213448347873587,0.021594059405940592,0.027445794392523364,101.0,26.0,0.9645365168539326,0.0005087078651685394,0.032783988764044945,2848,0,4,daily_me_op,daily size characteristic,uniform_high_overlap,17,test,iid,constant_a012,0.036884644591611476
0.0005563556511244608,-0.0028103829804961645,0.003796960194212265,0.049451546391752574,0.10192637362637362,97.0,26.0,0.9659410112359551,0.0005538623595505618,0.03227443820224719,2848,0,4,daily_me_op,daily size characteristic,uniform_high_overlap,17,test,iid,constant_a013,0.036884644591611476
0.0014894488744326133,-0.0011022502605120153,0.004139753023396733,0.02946638655462185,0.032786407766990294,119.0,26.0,0.9582162921348315,0.000419066011235955,0.03335842696629214,2848,0,4,daily_me_op,daily size characteristic,uniform_high_overlap,17,test,iid,constant_a014,0.036884644591611476
0.004722862260636468,0.001536012572623679,0.008114893423475612,0.03607471264367817,0.045409876543209875,87.0,26.0,0.9694522471910112,0.0005329705056179775,0.03754929775280899,2848,0,4,daily_me_op,daily size characteristic,uniform_high_overlap,17,test,iid,constant_a015,0.036884644591611476
-0.0025962791884513894,-0.005701625420097606,0.00019182749527491515,0.03698852459016393,0.05668474576271186,122.0,26.0,0.9571629213483146,0.0004458216292134831,0.029966853932584265,2848,0,4,daily_me_op,daily size characteristic,uniform_high_overlap,17,test,iid,constant_a016,0.036884644591611476
0.0003074737162674069,-0.0017173152392901258,0.0023269162809739495,0.021447368421052628,0.022183333333333336,114.0,26.0,0.9599719101123596,0.0005253511235955056,0.02912837078651686,2848,0,4,daily_me_op,daily size characteristic,uniform_high_overlap,17,test,iid,constant_a017,0.036884644591611476
-0.0011414483654535036,-0.0033496063084438327,0.0007800899608494054,0.029454545454545452,0.03678000000000001,110.0,26.0,0.961376404494382,0.0005296348314606743,0.0289566011235955,2848,0,4,daily_me_op,daily size characteristic,uniform_high_overlap,17,test,iid,constant_a018,0.036884644591611476
0.001268284786930778,-0.000804605992421479,0.0033932902751091037,0.025453061224489797,0.029428571428571432,98.0,26.0,0.9655898876404494,0.00048683286516853927,0.02873441011235955,2848,0,4,daily_me_op,daily size characteristic,uniform_high_overlap,17,test,iid,constant_a019,0.036884644591611476
-0.002162012338768061,-0.005527880638475154,0.0010079841777716721,0.040346153846153844,0.055548484848484826,130.0,26.0,0.9543539325842697,0.0004640800561797754,0.037429634831460674,2848,0,4,daily_me_op,daily size characteristic,uniform_high_overlap,17,test,iid,constant_a020,0.036884644591611476
3.403780262959857e-05,-0.002015895990038254,0.002066825534941391,0.023441379310344828,0.027881132075471698,116.0,26.0,0.9592696629213483,0.0005357092696629213,0.029238483146067418,2848,0,4,daily_me_op,daily size characteristic,uniform_high_overlap,17,test,iid,constant_a021,0.036884644591611476
0.0021163377672921003,0.0003477907199936347,0.0038671003422149253,0.013773584905660377,0.015611009174311923,106.0,26.0,0.9627808988764045,0.000558251404494382,0.02764115168539326,2848,0,4,daily_me_op,daily size characteristic,uniform_high_overlap,17,test,iid,constant_a022,0.036884644591611476
0.00013660520174532006,-0.0019307472716197066,0.0020267308606333237,0.02694576271186441,0.03268230088495576,118.0,26.0,0.9585674157303371,0.0006573033707865169,0.028800421348314606,2848,0,4,daily_me_op,daily size characteristic,uniform_high_overlap,17,test,iid,constant_a023,0.036884644591611476
0.0024520484694702865,-0.0002635727909748787,0.005527278449153342,0.02896229508196721,0.03248571428571429,122.0,26.0,0.9571629213483146,0.0006134831460674157,0.02737092696629214,2848,0,4,daily_me_op,daily size characteristic,uniform_high_overlap,17,test,iid,constant_a024,0.036884644591611476
0.0009406332921860252,-0.001791855427821197,0.0032846524807044345,0.03535578761061948,0.047270476190476196,113.0,26.0,0.9603230337078652,0.0005147022471910111,0.030364893258426964,2848,0,4,daily_me_op,daily size characteristic,uniform_high_overlap,17,test,iid,constant_equal_weight_public,0.036884644591611476
0.0023610628519576253,-0.0013071315309826535,0.005643945704635648,0.03193959731543624,0.03770746268656716,149.0,26.0,0.9476825842696629,0.0005490519662921348,0.039553370786516856,2848,0,4,daily_me_op,daily size characteristic,uniform_high_overlap,17,test,iid,momentum_12,0.036884644591611476
0.001604699807935954,-0.0004223031451882758,0.0036418394553030544,0.02390701754385965,0.031416,114.0,26.0,0.9599719101123596,0.0004874002808988763,0.026351544943820224,2848,0,4,daily_me_op,daily size characteristic,uniform_high_overlap,17,test,iid,low_vol_12,0.036884644591611476
0.002432525876739285,0.0001525629960015075,0.004583229115822911,0.02220232558139535,0.027950746268656717,129.0,26.0,0.9547050561797753,0.0007221207865168541,0.0337123595505618,2848,0,4,daily_me_op,daily size characteristic,uniform_high_overlap,17,test,iid,risk_adjusted_12,0.036884644591611476
0.0054711474051743385,0.0027711963745984227,0.008060680385600573,0.029095833333333335,0.042348837209302326,96.0,26.0,0.9662921348314607,0.0008305758426966293,0.03252115168539326,2848,0,4,daily_me_op,daily size characteristic,uniform_high_overlap,17,test,iid,ridge_return_train_only,0.036884644591611476
-0.0013217921588789335,-0.004207738316689632,0.0019415355310164549,0.04877894736842105,0.07398461538461537,114.0,26.0,0.9599719101123596,0.0003962780898876405,0.03857907303370787,2848,0,4,daily_me_op,daily size characteristic,uniform_high_overlap,17,test,block,constant_a000,0.036884644591611476
0.0015394803035067314,-0.0006325283961819792,0.003501160742134205,0.021766666666666663,0.0233,96.0,26.0,0.9662921348314607,0.0005180828651685394,0.030657022471910114,2848,0,4,daily_me_op,daily size characteristic,uniform_high_overlap,17,test,block,constant_a001,0.036884644591611476
0.0030350280069379,2.5536289704526808e-05,0.006171168863484552,0.025587022900763364,0.03419402985074627,131.0,26.0,0.954002808988764,0.0005845505617977528,0.030667977528089887,2848,0,4,daily_me_op,daily size characteristic,uniform_high_overlap,17,test,block,constant_a002,0.036884644591611476
0.0018851996852459038,-0.0015305716506343158,0.0048638167702646585,0.03119816513761468,0.04011020408163265,109.0,26.0,0.9617275280898876,0.000689817415730337,0.039128651685393256,2848,0,4,daily_me_op,daily size characteristic,uniform_high_overlap,17,test,block,constant_a003,0.036884644591611476
-0.0024214248289538237,-0.00539681060558536,0.0005311200829127089,0.037577981651376144,0.043045454545454546,109.0,26.0,0.9617275280898876,0.0003732443820224719,0.03620463483146068,2848,0,4,daily_me_op,daily size characteristic,uniform_high_overlap,17,test,block,constant_a004,0.036884644591611476
-0.0006806677399520518,-0.0040390573873729544,0.002438130384724905,0.04484444444444445,0.055011764705882364,99.0,26.0,0.9652387640449438,0.0004969803370786517,0.04001446629213483,2848,0,4,daily_me_op,daily size characteristic,uniform_high_overlap,17,test,block,constant_a005,0.036884644591611476
-2.1135332610448695e-05,-0.002715216541417878,0.002814573278314657,0.03220841121495327,0.043697297297297294,107.0,26.0,0.9624297752808989,0.000506179775280899,0.03197050561797753,2848,0,4,daily_me_op,daily size characteristic,uniform_high_overlap,17,test,block,constant_a006,0.036884644591611476
0.0010002707447239725,-0.0013901619333869255,0.0036333141630989717,0.02646086956521739,0.03873636363636364,115.0,26.0,0.9596207865168539,0.0005496839887640451,0.03202626404494382,2848,0,4,daily_me_op,daily size characteristic,uniform_high_overlap,17,test,block,constant_a007,0.036884644591611476
7.674521680175999e-05,-0.0029873776431817213,0.0027378150975699163,0.026923232323232328,0.03249672131147541,99.0,26.0,0.9652387640449438,0.0004826896067415731,0.03332331460674158,2848,0,4,daily_me_op,daily size characteristic,uniform_high_overlap,17,test,block,constant_a008,0.036884644591611476
-0.0004151902161285005,-0.003190868535308029,0.0026273367022910995,0.04630740740740741,0.06141666666666666,108.0,26.0,0.9620786516853933,0.0004806179775280899,0.0354438202247191,2848,0,4,daily_me_op,daily size characteristic,uniform_high_overlap,17,test,block,constant_a009,0.036884644591611476
0.00014095457758181047,-0.0027324957633139894,0.0032800281569265637,0.031766666666666665,0.036280327868852456,114.0,26.0,0.9599719101123596,0.0005072331460674157,0.03976390449438202,2848,0,4,daily_me_op,daily size characteristic,uniform_high_overlap,17,test,block,constant_a010,0.036884644591611476
0.0030944729229912225,0.0002276909285680327,0.005897776227407834,0.026274468085106386,0.02998041237113402,94.0,26.0,0.9669943820224719,0.0004511235955056179,0.03151390449438202,2848,0,4,daily_me_op,daily size characteristic,uniform_high_overlap,17,test,block,constant_a011,0.036884644591611476
0.002876703456616588,0.0006002690788837429,0.005181574535123572,0.021594059405940592,0.027882178217821782,101.0,26.0,0.9645365168539326,0.0005087078651685394,0.032783988764044945,2848,0,4,daily_me_op,daily size characteristic,uniform_high_overlap,17,test,block,constant_a012,0.036884644591611476
0.0005563556511244608,-0.002429567947893069,0.003691393108741728,0.049451546391752574,0.08547017543859649,97.0,26.0,0.9659410112359551,0.0005538623595505618,0.03227443820224719,2848,0,4,daily_me_op,daily size characteristic,uniform_high_overlap,17,test,block,constant_a013,0.036884644591611476
0.0014894488744326133,-0.000705675410638864,0.004008429867735267,0.02946638655462185,0.03263478260869565,119.0,26.0,0.9582162921348315,0.000419066011235955,0.03335842696629214,2848,0,4,daily_me_op,daily size characteristic,uniform_high_overlap,17,test,block,constant_a014,0.036884644591611476
0.004722862260636468,0.001259363874806715,0.008226649140303317,0.03607471264367817,0.04351034482758621,87.0,26.0,0.9694522471910112,0.0005329705056179775,0.03754929775280899,2848,0,4,daily_me_op,daily size characteristic,uniform_high_overlap,17,test,block,constant_a015,0.036884644591611476
-0.0025962791884513894,-0.005950739110754653,0.0005281964669059684,0.03698852459016393,0.053473722627737225,122.0,26.0,0.9571629213483146,0.0004458216292134831,0.029966853932584265,2848,0,4,daily_me_op,daily size characteristic,uniform_high_overlap,17,test,block,constant_a016,0.036884644591611476
0.0003074737162674069,-0.0016938911840887053,0.0023759694324590208,0.021447368421052628,0.022143137254901964,114.0,26.0,0.9599719101123596,0.0005253511235955056,0.02912837078651686,2848,0,4,daily_me_op,daily size characteristic,uniform_high_overlap,17,test,block,constant_a017,0.036884644591611476
-0.0011414483654535036,-0.003495628619626853,0.001532310080717683,0.029454545454545452,0.03717547169811321,110.0,26.0,0.961376404494382,0.0005296348314606743,0.0289566011235955,2848,0,4,daily_me_op,daily size characteristic,uniform_high_overlap,17,test,block,constant_a018,0.036884644591611476
0.001268284786930778,-0.0005383575228932866,0.003133451295116571,0.025453061224489797,0.029257142857142857,98.0,26.0,0.9655898876404494,0.00048683286516853927,0.02873441011235955,2848,0,4,daily_me_op,daily size characteristic,uniform_high_overlap,17,test,block,constant_a019,0.036884644591611476
-0.002162012338768061,-0.005292622257559559,0.0010866340828977728,0.040346153846153844,0.05252727272727272,130.0,26.0,0.9543539325842697,0.0004640800561797754,0.037429634831460674,2848,0,4,daily_me_op,daily size characteristic,uniform_high_overlap,17,test,block,constant_a020,0.036884644591611476
3.403780262959857e-05,-0.001970779148352625,0.0018722027375562063,0.023441379310344828,0.028798319327731095,116.0,26.0,0.9592696629213483,0.0005357092696629213,0.029238483146067418,2848,0,4,daily_me_op,daily size characteristic,uniform_high_overlap,17,test,block,constant_a021,0.036884644591611476
0.0021163377672921003,1.998965906528215e-05,0.004005554086208757,0.013773584905660377,0.015764285714285713,106.0,26.0,0.9627808988764045,0.000558251404494382,0.02764115168539326,2848,0,4,daily_me_op,daily size characteristic,uniform_high_overlap,17,test,block,constant_a022,0.036884644591611476
0.00013660520174532006,-0.0020591027167826724,0.002198833147018272,0.02694576271186441,0.0317,118.0,26.0,0.9585674157303371,0.0006573033707865169,0.028800421348314606,2848,0,4,daily_me_op,daily size characteristic,uniform_high_overlap,17,test,block,constant_a023,0.036884644591611476
0.0024520484694702865,-0.0006378134318932399,0.005387463034811354,0.02896229508196721,0.032325,122.0,26.0,0.9571629213483146,0.0006134831460674157,0.02737092696629214,2848,0,4,daily_me_op,daily size characteristic,uniform_high_overlap,17,test,block,constant_a024,0.036884644591611476
0.0009406332921860252,-0.0016694399108431112,0.003306333259334014,0.03535578761061948,0.04753809174311928,113.0,26.0,0.9603230337078652,0.0005147022471910111,0.030364893258426964,2848,0,4,daily_me_op,daily size characteristic,uniform_high_overlap,17,test,block,constant_equal_weight_public,0.036884644591611476
0.0023610628519576253,-0.0003506329816826847,0.005416651850192914,0.03193959731543624,0.03778024691358024,149.0,26.0,0.9476825842696629,0.0005490519662921348,0.039553370786516856,2848,0,4,daily_me_op,daily size characteristic,uniform_high_overlap,17,test,block,momentum_12,0.036884644591611476
0.001604699807935954,-9.405111514389336e-05,0.0035354274341919782,0.02390701754385965,0.03122233009708738,114.0,26.0,0.9599719101123596,0.0004874002808988763,0.026351544943820224,2848,0,4,daily_me_op,daily size characteristic,uniform_high_overlap,17,test,block,low_vol_12,0.036884644591611476
0.002432525876739285,-0.00017290544071772157,0.004951497052841502,0.02220232558139535,0.02786610169491525,129.0,26.0,0.9547050561797753,0.0007221207865168541,0.0337123595505618,2848,0,4,daily_me_op,daily size characteristic,uniform_high_overlap,17,test,block,risk_adjusted_12,0.036884644591611476
0.0054711474051743385,0.002694119141242349,0.008054156228659059,0.029095833333333335,0.03936666666666667,96.0,26.0,0.9662921348314607,0.0008305758426966293,0.03252115168539326,2848,0,4,daily_me_op,daily size characteristic,uniform_high_overlap,17,test,block,ridge_return_train_only,0.036884644591611476
-0.0014914230801755667,-0.004529823017484738,0.0029155110809552906,0.04241978021978022,0.056962962962962965,91.0,26.0,0.9598233995584989,0.00030348785871964673,0.0393766004415011,2265,0,4,daily_me_op,daily size characteristic,uniform_high_overlap,27,calibration,iid,constant_a000,0.036884644591611476
0.005171200760245383,0.0014425469640197207,0.007825586939053672,0.03248235294117647,0.0419,85.0,26.0,0.9624724061810155,0.00045673289183222954,0.03845033112582781,2265,0,4,daily_me_op,daily size characteristic,uniform_high_overlap,27,calibration,iid,constant_a001,0.036884644591611476
0.006304304598961674,0.0022088711572445666,0.010575428079119244,0.02572222222222222,0.030576470588235292,90.0,26.0,0.9602649006622517,0.00042763796909492266,0.03839094922737307,2265,0,4,daily_me_op,daily size characteristic,uniform_high_overlap,27,calibration,iid,constant_a002,0.036884644591611476
0.003925483747106998,0.00043526929544380333,0.008416927920429675,0.02954761904761905,0.038036170212765966,84.0,26.0,0.9629139072847682,0.00047395143487858726,0.03862604856512141,2265,0,4,daily_me_op,daily size characteristic,uniform_high_overlap,27,calibration,iid,constant_a003,0.036884644591611476
0.0021225327328593005,-0.0008326184034581412,0.0054209968555731,0.028464705882352937,0.03902105263157894,85.0,26.0,0.9624724061810155,0.0004247682119205297,0.04078388520971302,2265,0,4,daily_me_op,daily size characteristic,uniform_high_overlap,27,calibration,iid,constant_a004,0.036884644591611476
-0.0034628335292101525,-0.00773848973677219,0.0004340641726620929,0.05732465753424657,0.07266666666666666,73.0,26.0,0.9677704194260486,0.0004983664459161148,0.04207969094922737,2265,0,4,daily_me_op,daily size characteristic,uniform_high_overlap,27,calibration,iid,constant_a005,0.036884644591611476
0.004904056640611056,0.0017453302364977502,0.0083440942982948,0.03225454545454545,0.04555128205128205,88.0,26.0,0.9611479028697572,0.0004000000000000001,0.03936004415011037,2265,0,4,daily_me_op,daily size characteristic,uniform_high_overlap,27,calibration,iid,constant_a006,0.036884644591611476
-0.00024070964160437572,-0.0036640588449775705,0.0036602274053501097,0.041865934065934064,0.060437974683544296,91.0,26.0,0.9598233995584989,0.0005164238410596026,0.03821633554083886,2265,0,4,daily_me_op,daily size characteristic,uniform_high_overlap,27,calibration,iid,constant_a007,0.036884644591611476
-0.00305359424301393,-0.007085545995912965,0.0003687378576111699,0.04797721518987342,0.05069268292682927,79.0,26.0,0.965121412803532,0.000591523178807947,0.03958874172185431,2265,0,4,daily_me_op,daily size characteristic,uniform_high_overlap,27,calibration,iid,constant_a008,0.036884644591611476
0.002304598255611583,-0.0015310586516129744,0.005482932108496421,0.03427956989247312,0.05347777777777778,93.0,26.0,0.9589403973509933,0.0006415011037527594,0.04022317880794702,2265,0,4,daily_me_op,daily size characteristic,uniform_high_overlap,27,calibration,iid,constant_a009,0.036884644591611476
-0.0017495130837520008,-0.0059569166631473535,0.0021410429639927542,0.041531372549019605,0.052963636363636366,102.0,26.0,0.9549668874172186,0.0004702428256070641,0.04091456953642385,2265,0,4,daily_me_op,daily size characteristic,uniform_high_overlap,27,calibration,iid,constant_a010,0.036884644591611476
-0.000369076123224927,-0.0035543681900539674,0.002420624506895792,0.029993617021276595,0.037001960784313725,94.0,26.0,0.9584988962472406,0.0005049448123620308,0.03691633554083885,2265,0,4,daily_me_op,daily size characteristic,uniform_high_overlap,27,calibration,iid,constant_a011,0.036884644591611476
-0.0006391290877564331,-0.003542465965461985,0.002324710703368613,0.03029090909090909,0.03239402985074627,66.0,26.0,0.9708609271523179,0.0005502428256070641,0.03507041942604857,2265,0,4,daily_me_op,daily size characteristic,uniform_high_overlap,27,calibration,iid,constant_a012,0.036884644591611476
-0.0027569507298789773,-0.00690339925805598,0.0009173447047640238,0.045275,0.06683617021276596,96.0,26.0,0.9576158940397351,0.0005137748344370861,0.036443487858719655,2265,0,4,daily_me_op,daily size characteristic,uniform_high_overlap,27,calibration,iid,constant_a013,0.036884644591611476
0.0016613374953915125,-0.001712113177758387,0.005737374439264991,0.0411029702970297,0.05666538461538461,101.0,26.0,0.9554083885209713,0.000672671081677704,0.03833708609271524,2265,0,4,daily_me_op,daily size characteristic,uniform_high_overlap,27,calibration,iid,constant_a014,0.036884644591611476
0.0003690840928096241,-0.003072938531976565,0.0047062103471177015,0.03863157894736842,0.055264102564102566,95.0,26.0,0.9580573951434879,0.0004266225165562914,0.042104856512141284,2265,0,4,daily_me_op,daily size characteristic,uniform_high_overlap,27,calibration,iid,constant_a015,0.036884644591611476
0.0027364796191635555,2.6436232526953387e-06,0.005375175442164897,0.023337931034482756,0.027962068965517242,87.0,26.0,0.9615894039735099,0.0004412362030905077,0.037138410596026496,2265,0,4,daily_me_op,daily size characteristic,uniform_high_overlap,27,calibration,iid,constant_a016,0.036884644591611476
-8.735340465442508e-06,-0.003812978829761564,0.0030037302468277193,0.041609302325581396,0.05235,86.0,26.0,0.9620309050772627,0.00043708609271523176,0.03571677704194261,2265,0,4,daily_me_op,daily size characteristic,uniform_high_overlap,27,calibration,iid,constant_a017,0.036884644591611476
0.001372083696216278,-0.0018159889887942248,0.004592989196788232,0.030746808510638296,0.043114893617021276,94.0,26.0,0.9584988962472406,0.0004893156732891833,0.03461456953642384,2265,0,4,daily_me_op,daily size characteristic,uniform_high_overlap,27,calibration,iid,constant_a018,0.036884644591611476
0.00039298647754097455,-0.002417545145462292,0.003294785632233329,0.03899166666666666,0.06669393939393937,96.0,26.0,0.9576158940397351,0.0005333333333333335,0.03605783664459162,2265,0,4,daily_me_op,daily size characteristic,uniform_high_overlap,27,calibration,iid,constant_a019,0.036884644591611476
-0.0025179580899503946,-0.00728292853372251,0.0019033445718147353,0.047148837209302324,0.05767647058823529,86.0,26.0,0.9620309050772627,0.00028900662251655633,0.046241501103752754,2265,0,4,daily_me_op,daily size characteristic,uniform_high_overlap,27,calibration,iid,constant_a020,0.036884644591611476
-0.0004014566420047416,-0.003086523384016057,0.0015710884645583274,0.030444776119402984,0.04042352941176471,67.0,26.0,0.9704194260485651,0.00029668874172185427,0.03527350993377483,2265,0,4,daily_me_op,daily size characteristic,uniform_high_overlap,27,calibration,iid,constant_a021,0.036884644591611476
-0.0009000811953585442,-0.003572462674620184,0.0022231838199903158,0.03580126582278481,0.04792222222222222,79.0,26.0,0.965121412803532,0.00039487858719646797,0.03427064017660044,2265,0,4,daily_me_op,daily size characteristic,uniform_high_overlap,27,calibration,iid,constant_a022,0.036884644591611476
0.00039892374014240844,-0.0015163252699305092,0.002277641092020244,0.021832467532467533,0.024319512195121948,77.0,26.0,0.9660044150110375,0.00040044150110375275,0.030308830022075055,2265,0,4,daily_me_op,daily size characteristic,uniform_high_overlap,27,calibration,iid,constant_a023,0.036884644591611476
0.0003932410908829429,-0.003014048149164502,0.0031706748188085774,0.03287058823529412,0.06330112359550562,85.0,26.0,0.9624724061810155,0.0004770860927152318,0.031186534216335538,2265,0,4,daily_me_op,daily size characteristic,uniform_high_overlap,27,calibration,iid,constant_a024,0.036884644591611476
-0.0003031295801181774,-0.0034907888312915945,0.0023658066149608472,0.032416421052631574,0.03852070588235294,95.0,26.0,0.9580573951434879,0.00046527858719646806,0.036884644591611476,2265,0,4,daily_me_op,daily size characteristic,uniform_high_overlap,27,calibration,iid,constant_equal_weight_public,0.036884644591611476
0.0011327790361031803,-0.0023879191857375474,0.004412955489449395,0.04452,0.0714206896551724,100.0,26.0,0.9558498896247241,0.0006160706401766005,0.03774635761589404,2265,0,4,daily_me_op,daily size characteristic,uniform_high_overlap,27,calibration,iid,momentum_12,0.036884644591611476
-0.0003638102871186498,-0.003315248736246061,0.00216130946126747,0.03751764705882353,0.05021818181818182,68.0,26.0,0.9699779249448124,0.0004981015452538633,0.031074392935982336,2265,0,4,daily_me_op,daily size characteristic,uniform_high_overlap,27,calibration,iid,low_vol_12,0.036884644591611476
2.918554859766186e-05,-0.003654759201028567,0.0030388608763256796,0.0493,0.07383736263736264,90.0,26.0,0.9602649006622517,0.0005762030905077263,0.03806313465783665,2265,0,4,daily_me_op,daily size characteristic,uniform_high_overlap,27,calibration,iid,risk_adjusted_12,0.036884644591611476
-3.9725757143418264e-05,-0.0031977135751233353,0.0034933310621074075,0.023838095238095238,0.02709135802469136,84.0,26.0,0.9629139072847682,0.00026738366445916114,0.04058476821192052,2265,0,4,daily_me_op,daily size characteristic,uniform_high_overlap,27,calibration,iid,ridge_return_train_only,0.036884644591611476
-0.0014914230801755667,-0.0055970677224866,0.0022068658646585792,0.04241978021978022,0.05750515463917526,91.0,26.0,0.9598233995584989,0.00030348785871964673,0.0393766004415011,2265,0,4,daily_me_op,daily size characteristic,uniform_high_overlap,27,calibration,block,constant_a000,0.036884644591611476
0.005171200760245383,0.0014167019028903942,0.008721760244816247,0.03248235294117647,0.04266516853932584,85.0,26.0,0.9624724061810155,0.00045673289183222954,0.03845033112582781,2265,0,4,daily_me_op,daily size characteristic,uniform_high_overlap,27,calibration,block,constant_a001,0.036884644591611476
0.006304304598961674,0.0026453360433821935,0.010891296112948284,0.02572222222222222,0.030718072289156625,90.0,26.0,0.9602649006622517,0.00042763796909492266,0.03839094922737307,2265,0,4,daily_me_op,daily size characteristic,uniform_high_overlap,27,calibration,block,constant_a002,0.036884644591611476
0.003925483747106998,7.427256296645255e-05,0.008152522471906443,0.02954761904761905,0.039599999999999996,84.0,26.0,0.9629139072847682,0.00047395143487858726,0.03862604856512141,2265,0,4,daily_me_op,daily size characteristic,uniform_high_overlap,27,calibration,block,constant_a003,0.036884644591611476
0.0021225327328593005,-0.0008839552977494888,0.004824632774567182,0.028464705882352937,0.03795245901639344,85.0,26.0,0.9624724061810155,0.0004247682119205297,0.04078388520971302,2265,0,4,daily_me_op,daily size characteristic,uniform_high_overlap,27,calibration,block,constant_a004,0.036884644591611476
-0.0034628335292101525,-0.006920033911814589,-2.9792895192774857e-05,0.05732465753424657,0.07324210526315789,73.0,26.0,0.9677704194260486,0.0004983664459161148,0.04207969094922737,2265,0,4,daily_me_op,daily size characteristic,uniform_high_overlap,27,calibration,block,constant_a005,0.036884644591611476
0.004904056640611056,0.0018720794378833312,0.008396543038622393,0.03225454545454545,0.048084269662921356,88.0,26.0,0.9611479028697572,0.0004000000000000001,0.03936004415011037,2265,0,4,daily_me_op,daily size characteristic,uniform_high_overlap,27,calibration,block,constant_a006,0.036884644591611476
-0.00024070964160437572,-0.00501936801024467,0.004331735439911052,0.041865934065934064,0.06357281553398057,91.0,26.0,0.9598233995584989,0.0005164238410596026,0.03821633554083886,2265,0,4,daily_me_op,daily size characteristic,uniform_high_overlap,27,calibration,block,constant_a007,0.036884644591611476
-0.00305359424301393,-0.00667211521542472,0.0003399152364789963,0.04797721518987342,0.05069090909090909,79.0,26.0,0.965121412803532,0.000591523178807947,0.03958874172185431,2265,0,4,daily_me_op,daily size characteristic,uniform_high_overlap,27,calibration,block,constant_a008,0.036884644591611476
0.002304598255611583,-0.000774476062588268,0.005184511162399883,0.03427956989247312,0.053450515463917526,93.0,26.0,0.9589403973509933,0.0006415011037527594,0.04022317880794702,2265,0,4,daily_me_op,daily size characteristic,uniform_high_overlap,27,calibration,block,constant_a009,0.036884644591611476
-0.0017495130837520008,-0.005941026558798505,0.0021158395826141466,0.041531372549019605,0.05263457943925234,102.0,26.0,0.9549668874172186,0.0004702428256070641,0.04091456953642385,2265,0,4,daily_me_op,daily size characteristic,uniform_high_overlap,27,calibration,block,constant_a010,0.036884644591611476
-0.000369076123224927,-0.0038501637579174287,0.0028090936967655766,0.029993617021276595,0.03688021978021978,94.0,26.0,0.9584988962472406,0.0005049448123620308,0.03691633554083885,2265,0,4,daily_me_op,daily size characteristic,uniform_high_overlap,27,calibration,block,constant_a011,0.036884644591611476
-0.0006391290877564331,-0.0038495310017296557,0.0028110866915432562,0.03029090909090909,0.03247272727272728,66.0,26.0,0.9708609271523179,0.0005502428256070641,0.03507041942604857,2265,0,4,daily_me_op,daily size characteristic,uniform_high_overlap,27,calibration,block,constant_a012,0.036884644591611476
-0.0027569507298789773,-0.006637640562159722,0.0011177810166998576,0.045275,0.06689565217391305,96.0,26.0,0.9576158940397351,0.0005137748344370861,0.036443487858719655,2265,0,4,daily_me_op,daily size characteristic,uniform_high_overlap,27,calibration,block,constant_a013,0.036884644591611476
0.0016613374953915125,-0.0021191431299277964,0.00568695190150838,0.0411029702970297,0.05685339805825242,101.0,26.0,0.9554083885209713,0.000672671081677704,0.03833708609271524,2265,0,4,daily_me_op,daily size characteristic,uniform_high_overlap,27,calibration,block,constant_a014,0.036884644591611476
0.0003690840928096241,-0.002399289505649675,0.0034499679375318117,0.03863157894736842,0.054288235294117644,95.0,26.0,0.9580573951434879,0.0004266225165562914,0.042104856512141284,2265,0,4,daily_me_op,daily size characteristic,uniform_high_overlap,27,calibration,block,constant_a015,0.036884644591611476
0.0027364796191635555,0.00012083759964421115,0.005403280130911593,0.023337931034482756,0.02824457831325301,87.0,26.0,0.9615894039735099,0.0004412362030905077,0.037138410596026496,2265,0,4,daily_me_op,daily size characteristic,uniform_high_overlap,27,calibration,block,constant_a016,0.036884644591611476
-8.735340465442508e-06,-0.0025060788053947267,0.003122328336041466,0.041609302325581396,0.05235,86.0,26.0,0.9620309050772627,0.00043708609271523176,0.03571677704194261,2265,0,4,daily_me_op,daily size characteristic,uniform_high_overlap,27,calibration,block,constant_a017,0.036884644591611476
0.001372083696216278,-0.0010498109361870294,0.004272769918937822,0.030746808510638296,0.043963829787234045,94.0,26.0,0.9584988962472406,0.0004893156732891833,0.03461456953642384,2265,0,4,daily_me_op,daily size characteristic,uniform_high_overlap,27,calibration,block,constant_a018,0.036884644591611476
0.00039298647754097455,-0.0029048099787461,0.00370075317495586,0.03899166666666666,0.06984347826086956,96.0,26.0,0.9576158940397351,0.0005333333333333335,0.03605783664459162,2265,0,4,daily_me_op,daily size characteristic,uniform_high_overlap,27,calibration,block,constant_a019,0.036884644591611476
-0.0025179580899503946,-0.006992814876402777,0.0010392655187368995,0.047148837209302324,0.05728421052631578,86.0,26.0,0.9620309050772627,0.00028900662251655633,0.046241501103752754,2265,0,4,daily_me_op,daily size characteristic,uniform_high_overlap,27,calibration,block,constant_a020,0.036884644591611476
-0.0004014566420047416,-0.0031721942245905004,0.001962361291455365,0.030444776119402984,0.03890769230769231,67.0,26.0,0.9704194260485651,0.00029668874172185427,0.03527350993377483,2265,0,4,daily_me_op,daily size characteristic,uniform_high_overlap,27,calibration,block,constant_a021,0.036884644591611476
-0.0009000811953585442,-0.004047327424433902,0.002290323038540145,0.03580126582278481,0.05030810810810811,79.0,26.0,0.965121412803532,0.00039487858719646797,0.03427064017660044,2265,0,4,daily_me_op,daily size characteristic,uniform_high_overlap,27,calibration,block,constant_a022,0.036884644591611476
0.00039892374014240844,-0.0015908719659491817,0.0023077402366557848,0.021832467532467533,0.024374074074074072,77.0,26.0,0.9660044150110375,0.00040044150110375275,0.030308830022075055,2265,0,4,daily_me_op,daily size characteristic,uniform_high_overlap,27,calibration,block,constant_a023,0.036884644591611476
0.0003932410908829429,-0.003017449832574051,0.0034811613654579087,0.03287058823529412,0.06258021978021977,85.0,26.0,0.9624724061810155,0.0004770860927152318,0.031186534216335538,2265,0,4,daily_me_op,daily size characteristic,uniform_high_overlap,27,calibration,block,constant_a024,0.036884644591611476
-0.0003031295801181774,-0.003846150693191013,0.00268743823579436,0.032416421052631574,0.03840068085106383,95.0,26.0,0.9580573951434879,0.00046527858719646806,0.036884644591611476,2265,0,4,daily_me_op,daily size characteristic,uniform_high_overlap,27,calibration,block,constant_equal_weight_public,0.036884644591611476
0.0011327790361031803,-0.0032387751980734896,0.004337508485049728,0.04452,0.07237894736842106,100.0,26.0,0.9558498896247241,0.0006160706401766005,0.03774635761589404,2265,0,4,daily_me_op,daily size characteristic,uniform_high_overlap,27,calibration,block,momentum_12,0.036884644591611476
-0.0003638102871186498,-0.0030445972270481568,0.0016824547642621344,0.03751764705882353,0.05128235294117648,68.0,26.0,0.9699779249448124,0.0004981015452538633,0.031074392935982336,2265,0,4,daily_me_op,daily size characteristic,uniform_high_overlap,27,calibration,block,low_vol_12,0.036884644591611476
2.918554859766186e-05,-0.0036541184327417192,0.0033049511886534765,0.0493,0.07383736263736264,90.0,26.0,0.9602649006622517,0.0005762030905077263,0.03806313465783665,2265,0,4,daily_me_op,daily size characteristic,uniform_high_overlap,27,calibration,block,risk_adjusted_12,0.036884644591611476
-3.9725757143418264e-05,-0.002854055989580512,0.002751821783493415,0.023838095238095238,0.02710804597701149,84.0,26.0,0.9629139072847682,0.00026738366445916114,0.04058476821192052,2265,0,4,daily_me_op,daily size characteristic,uniform_high_overlap,27,calibration,block,ridge_return_train_only,0.036884644591611476
0.0012040674378846746,-0.001695569929755296,0.004478792832046537,0.037004395604395605,0.050511764705882346,91.0,26.0,0.9680477528089888,0.0003962780898876405,0.03857907303370787,2848,0,4,daily_me_op,daily size characteristic,uniform_high_overlap,27,test,iid,constant_a000,0.036884644591611476
0.0005868250163440686,-0.0015096132272422761,0.002361940261182575,0.026455913978494623,0.03507906976744186,93.0,26.0,0.9673455056179775,0.0005180828651685394,0.030657022471910114,2848,0,4,daily_me_op,daily size characteristic,uniform_high_overlap,27,test,iid,constant_a001,0.036884644591611476
0.0016173235603463634,-0.0011327680816544095,0.004830823152757023,0.031144067796610168,0.03823015873015873,118.0,26.0,0.9585674157303371,0.0005845505617977528,0.030667977528089887,2848,0,4,daily_me_op,daily size characteristic,uniform_high_overlap,27,test,iid,constant_a002,0.036884644591611476
0.0001503318326691989,-0.00332518217098238,0.0031684352504929743,0.042978947368421054,0.06057692307692308,95.0,26.0,0.9666432584269663,0.000689817415730337,0.039128651685393256,2848,0,4,daily_me_op,daily size characteristic,uniform_high_overlap,27,test,iid,constant_a003,0.036884644591611476
0.005733703136864773,0.0017261188352642638,0.010493548365094774,0.028833333333333336,0.032545454545454544,105.0,26.0,0.9631320224719101,0.0003732443820224719,0.03620463483146068,2848,0,4,daily_me_op,daily size characteristic,uniform_high_overlap,27,test,iid,constant_a004,0.036884644591611476
0.00199241877320897,-0.000921872420315588,0.004632007815649749,0.02955490196078431,0.03409266055045872,102.0,26.0,0.964185393258427,0.0004969803370786517,0.04001446629213483,2848,0,4,daily_me_op,daily size characteristic,uniform_high_overlap,27,test,iid,constant_a005,0.036884644591611476
0.002728502978364055,0.0002572292072144022,0.005276218761698707,0.022065384615384615,0.031000000000000003,104.0,26.0,0.9634831460674157,0.000506179775280899,0.03197050561797753,2848,0,4,daily_me_op,daily size characteristic,uniform_high_overlap,27,test,iid,constant_a006,0.036884644591611476
-0.0006731342125294874,-0.003190869406524637,0.001998359821429132,0.025285567010309276,0.03173076923076923,97.0,26.0,0.9659410112359551,0.0005496839887640451,0.03202626404494382,2848,0,4,daily_me_op,daily size characteristic,uniform_high_overlap,27,test,iid,constant_a007,0.036884644591611476
-0.0006125509310508177,-0.0035594097466222644,0.0024101132165609447,0.03413508771929825,0.042406504065040644,114.0,26.0,0.9599719101123596,0.0004826896067415731,0.03332331460674158,2848,0,4,daily_me_op,daily size characteristic,uniform_high_overlap,27,test,iid,constant_a008,0.036884644591611476
0.00029720691109031967,-0.0030053527242463133,0.0028479816043589404,0.028817391304347822,0.0337,115.0,26.0,0.9596207865168539,0.0004806179775280899,0.0354438202247191,2848,0,4,daily_me_op,daily size characteristic,uniform_high_overlap,27,test,iid,constant_a009,0.036884644591611476
-0.001578740001890534,-0.004734172547408129,0.001309958332515565,0.03658983050847457,0.04091875,118.0,26.0,0.9585674157303371,0.0005072331460674157,0.03976390449438202,2848,0,4,daily_me_op,daily size characteristic,uniform_high_overlap,27,test,iid,constant_a010,0.036884644591611476
-0.0009466784145467179,-0.0041394444341290885,0.0022601524515701676,0.04404754098360655,0.06860000000000001,122.0,26.0,0.9571629213483146,0.0004511235955056179,0.03151390449438202,2848,0,4,daily_me_op,daily size characteristic,uniform_high_overlap,27,test,iid,constant_a011,0.036884644591611476
0.00047258006409653435,-0.00318086787136296,0.003724280541689802,0.04749622641509434,0.0885108108108108,106.0,26.0,0.9627808988764045,0.0005087078651685394,0.032783988764044945,2848,0,4,daily_me_op,daily size characteristic,uniform_high_overlap,27,test,iid,constant_a012,0.036884644591611476
-0.00016921939098499307,-0.002474924193856196,0.003037438403362477,0.028705825242718447,0.032008695652173916,103.0,26.0,0.9638342696629214,0.0005538623595505618,0.03227443820224719,2848,0,4,daily_me_op,daily size characteristic,uniform_high_overlap,27,test,iid,constant_a013,0.036884644591611476
0.002194173312964294,-0.0003513410153911308,0.004480621588241501,0.019040540540540534,0.02244716981132075,111.0,26.0,0.9610252808988764,0.000419066011235955,0.03335842696629214,2848,0,4,daily_me_op,daily size characteristic,uniform_high_overlap,27,test,iid,constant_a014,0.036884644591611476
-0.0020754073551204856,-0.004537041535819999,0.0009625267306786402,0.039159663865546215,0.04575179856115108,119.0,26.0,0.9582162921348315,0.0005329705056179775,0.03754929775280899,2848,0,4,daily_me_op,daily size characteristic,uniform_high_overlap,27,test,iid,constant_a015,0.036884644591611476
0.00048476012999385594,-0.0019305206327075066,0.0027438977000446814,0.028025233644859815,0.03420588235294117,107.0,26.0,0.9624297752808989,0.0004458216292134831,0.029966853932584265,2848,0,4,daily_me_op,daily size characteristic,uniform_high_overlap,27,test,iid,constant_a016,0.036884644591611476
0.001293213247742365,-0.0011185370968145383,0.0037120970918125447,0.026563963963963964,0.03442641509433963,111.0,26.0,0.9610252808988764,0.0005253511235955056,0.02912837078651686,2848,0,4,daily_me_op,daily size characteristic,uniform_high_overlap,27,test,iid,constant_a017,0.036884644591611476
-0.00013953549590815464,-0.002682975151601888,0.002251482206777661,0.025632478632478632,0.0297,117.0,26.0,0.9589185393258427,0.0005296348314606743,0.0289566011235955,2848,0,4,daily_me_op,daily size characteristic,uniform_high_overlap,27,test,iid,constant_a018,0.036884644591611476
0.002988254818093584,0.0008989985139303628,0.00561119395743287,0.018019672131147545,0.02093333333333333,122.0,26.0,0.9571629213483146,0.00048683286516853927,0.02873441011235955,2848,0,4,daily_me_op,daily size characteristic,uniform_high_overlap,27,test,iid,constant_a019,0.036884644591611476
0.0019825027384457712,-0.0009008377349846666,0.0049793325773264,0.026823809523809528,0.03214137931034483,105.0,26.0,0.9631320224719101,0.0004640800561797754,0.037429634831460674,2848,0,4,daily_me_op,daily size characteristic,uniform_high_overlap,27,test,iid,constant_a020,0.036884644591611476
-0.0003225892451508456,-0.0033533053978509753,0.004301944663757372,0.05090526315789473,0.07543043478260869,114.0,26.0,0.9599719101123596,0.0005357092696629213,0.029238483146067418,2848,0,4,daily_me_op,daily size characteristic,uniform_high_overlap,27,test,iid,constant_a021,0.036884644591611476
-0.0008645242833938381,-0.0030417587981270483,0.0016669295348320124,0.022225806451612904,0.026525252525252525,124.0,26.0,0.9564606741573034,0.000558251404494382,0.02764115168539326,2848,0,4,daily_me_op,daily size characteristic,uniform_high_overlap,27,test,iid,constant_a022,0.036884644591611476
0.001163837179541556,-0.0016792837544292595,0.003189099440480299,0.03039009900990099,0.038204587155963296,101.0,26.0,0.9645365168539326,0.0006573033707865169,0.028800421348314606,2848,0,4,daily_me_op,daily size characteristic,uniform_high_overlap,27,test,iid,constant_a023,0.036884644591611476
0.0009096257257463802,-0.0011569441771332716,0.0028996268270282655,0.02890388349514563,0.0425,103.0,26.0,0.9638342696629214,0.0006134831460674157,0.02737092696629214,2848,0,4,daily_me_op,daily size characteristic,uniform_high_overlap,27,test,iid,constant_a024,0.036884644591611476
-0.00025046655142374913,-0.002698831703056781,0.0022638830470952317,0.02988659541984733,0.037820275862068965,131.0,26.0,0.954002808988764,0.0005147022471910111,0.030364893258426964,2848,0,4,daily_me_op,daily size characteristic,uniform_high_overlap,27,test,iid,constant_equal_weight_public,0.036884644591611476
0.0004318568509676789,-0.002763857565988922,0.003358897574178921,0.03433185840707965,0.04240869565217391,113.0,26.0,0.9603230337078652,0.0005490519662921348,0.039553370786516856,2848,0,4,daily_me_op,daily size characteristic,uniform_high_overlap,27,test,iid,momentum_12,0.036884644591611476
-0.0001825827876658975,-0.002542399310188222,0.0019233506987873911,0.0294394495412844,0.044020792079207914,109.0,26.0,0.9617275280898876,0.0004874002808988763,0.026351544943820224,2848,0,4,daily_me_op,daily size characteristic,uniform_high_overlap,27,test,iid,low_vol_12,0.036884644591611476
0.0003147349807844442,-0.0023664094746997867,0.00293698367116975,0.03674827586206897,0.04805533980582524,116.0,26.0,0.9592696629213483,0.0007221207865168541,0.0337123595505618,2848,0,4,daily_me_op,daily size characteristic,uniform_high_overlap,27,test,iid,risk_adjusted_12,0.036884644591611476
0.0002923111309517608,-0.0032482682030288636,0.00351794635884878,0.045990196078431377,0.07191981981981982,102.0,26.0,0.964185393258427,0.0004710379213483146,0.03510196629213483,2848,0,4,daily_me_op,daily size characteristic,uniform_high_overlap,27,test,iid,ridge_return_train_only,0.036884644591611476
0.0012040674378846746,-0.0013492562757004478,0.004230165975464597,0.037004395604395605,0.04905531914893617,91.0,26.0,0.9680477528089888,0.0003962780898876405,0.03857907303370787,2848,0,4,daily_me_op,daily size characteristic,uniform_high_overlap,27,test,block,constant_a000,0.036884644591611476
0.0005868250163440686,-0.001647869269322933,0.003026957709512156,0.026455913978494623,0.037993069306930694,93.0,26.0,0.9673455056179775,0.0005180828651685394,0.030657022471910114,2848,0,4,daily_me_op,daily size characteristic,uniform_high_overlap,27,test,block,constant_a001,0.036884644591611476
0.0016173235603463634,-0.001795338455961016,0.0052955867627881605,0.031144067796610168,0.0375,118.0,26.0,0.9585674157303371,0.0005845505617977528,0.030667977528089887,2848,0,4,daily_me_op,daily size characteristic,uniform_high_overlap,27,test,block,constant_a002,0.036884644591611476
0.0001503318326691989,-0.0025836036190622666,0.002824018301766386,0.042978947368421054,0.057638834951456316,95.0,26.0,0.9666432584269663,0.000689817415730337,0.039128651685393256,2848,0,4,daily_me_op,daily size characteristic,uniform_high_overlap,27,test,block,constant_a003,0.036884644591611476
0.005733703136864773,0.001276153020920402,0.010934328481611497,0.028833333333333336,0.03188514851485149,105.0,26.0,0.9631320224719101,0.0003732443820224719,0.03620463483146068,2848,0,4,daily_me_op,daily size characteristic,uniform_high_overlap,27,test,block,constant_a004,0.036884644591611476
0.00199241877320897,-0.000674644871441149,0.004697173750145017,0.02955490196078431,0.0343,102.0,26.0,0.964185393258427,0.0004969803370786517,0.04001446629213483,2848,0,4,daily_me_op,daily size characteristic,uniform_high_overlap,27,test,block,constant_a005,0.036884644591611476
0.002728502978364055,0.00024354528049739502,0.00537025369143744,0.022065384615384615,0.029160000000000002,104.0,26.0,0.9634831460674157,0.000506179775280899,0.03197050561797753,2848,0,4,daily_me_op,daily size characteristic,uniform_high_overlap,27,test,block,constant_a006,0.036884644591611476
-0.0006731342125294874,-0.002989734625503359,0.0019390617687266576,0.025285567010309276,0.03170689655172413,97.0,26.0,0.9659410112359551,0.0005496839887640451,0.03202626404494382,2848,0,4,daily_me_op,daily size characteristic,uniform_high_overlap,27,test,block,constant_a007,0.036884644591611476
-0.0006125509310508177,-0.004353863562374451,0.00266408505698549,0.03413508771929825,0.04248431372549019,114.0,26.0,0.9599719101123596,0.0004826896067415731,0.03332331460674158,2848,0,4,daily_me_op,daily size characteristic,uniform_high_overlap,27,test,block,constant_a008,0.036884644591611476
0.00029720691109031967,-0.002439826895437306,0.002592555502451138,0.028817391304347822,0.033553846153846156,115.0,26.0,0.9596207865168539,0.0004806179775280899,0.0354438202247191,2848,0,4,daily_me_op,daily size characteristic,uniform_high_overlap,27,test,block,constant_a009,0.036884644591611476
-0.001578740001890534,-0.004976882789873302,0.0016497636371515445,0.03658983050847457,0.04095471698113208,118.0,26.0,0.9585674157303371,0.0005072331460674157,0.03976390449438202,2848,0,4,daily_me_op,daily size characteristic,uniform_high_overlap,27,test,block,constant_a010,0.036884644591611476
-0.0009466784145467179,-0.004237895259287975,0.002191435240482016,0.04404754098360655,0.069509375,122.0,26.0,0.9571629213483146,0.0004511235955056179,0.03151390449438202,2848,0,4,daily_me_op,daily size characteristic,uniform_high_overlap,27,test,block,constant_a011,0.036884644591611476
0.00047258006409653435,-0.003486237496424588,0.0035640875231043355,0.04749622641509434,0.08838532110091743,106.0,26.0,0.9627808988764045,0.0005087078651685394,0.032783988764044945,2848,0,4,daily_me_op,daily size characteristic,uniform_high_overlap,27,test,block,constant_a012,0.036884644591611476
-0.00016921939098499307,-0.0026639537003439184,0.003016499471042521,0.028705825242718447,0.03199574468085106,103.0,26.0,0.9638342696629214,0.0005538623595505618,0.03227443820224719,2848,0,4,daily_me_op,daily size characteristic,uniform_high_overlap,27,test,block,constant_a013,0.036884644591611476
0.002194173312964294,-0.0005407051111797744,0.004832875887929097,0.019040540540540534,0.02234444444444444,111.0,26.0,0.9610252808988764,0.000419066011235955,0.03335842696629214,2848,0,4,daily_me_op,daily size characteristic,uniform_high_overlap,27,test,block,constant_a014,0.036884644591611476
-0.0020754073551204856,-0.005396971571228284,0.0006256792092295024,0.039159663865546215,0.04602388059701492,119.0,26.0,0.9582162921348315,0.0005329705056179775,0.03754929775280899,2848,0,4,daily_me_op,daily size characteristic,uniform_high_overlap,27,test,block,constant_a015,0.036884644591611476
0.00048476012999385594,-0.0017391936330550075,0.0029511792324489073,0.028025233644859815,0.03501379310344827,107.0,26.0,0.9624297752808989,0.0004458216292134831,0.029966853932584265,2848,0,4,daily_me_op,daily size characteristic,uniform_high_overlap,27,test,block,constant_a016,0.036884644591611476
0.001293213247742365,-0.0014173551815511813,0.0035178837094623954,0.026563963963963964,0.03345123966942149,111.0,26.0,0.9610252808988764,0.0005253511235955056,0.02912837078651686,2848,0,4,daily_me_op,daily size characteristic,uniform_high_overlap,27,test,block,constant_a017,0.036884644591611476
-0.00013953549590815464,-0.002713211296965438,0.002391521929341209,0.025632478632478632,0.03017826086956522,117.0,26.0,0.9589185393258427,0.0005296348314606743,0.0289566011235955,2848,0,4,daily_me_op,daily size characteristic,uniform_high_overlap,27,test,block,constant_a018,0.036884644591611476
0.002988254818093584,0.000881980711324956,0.005824354920184072,0.018019672131147545,0.021108196721311475,122.0,26.0,0.9571629213483146,0.00048683286516853927,0.02873441011235955,2848,0,4,daily_me_op,daily size characteristic,uniform_high_overlap,27,test,block,constant_a019,0.036884644591611476
0.0019825027384457712,-0.0010887185637505291,0.004708920859441048,0.026823809523809528,0.032280165289256195,105.0,26.0,0.9631320224719101,0.0004640800561797754,0.037429634831460674,2848,0,4,daily_me_op,daily size characteristic,uniform_high_overlap,27,test,block,constant_a020,0.036884644591611476
-0.0003225892451508456,-0.0035415757524854007,0.0029884301861922407,0.05090526315789473,0.078259649122807,114.0,26.0,0.9599719101123596,0.0005357092696629213,0.029238483146067418,2848,0,4,daily_me_op,daily size characteristic,uniform_high_overlap,27,test,block,constant_a021,0.036884644591611476
-0.0008645242833938381,-0.002787377070978811,0.0014414629848863375,0.022225806451612904,0.02614814814814815,124.0,26.0,0.9564606741573034,0.000558251404494382,0.02764115168539326,2848,0,4,daily_me_op,daily size characteristic,uniform_high_overlap,27,test,block,constant_a022,0.036884644591611476
0.001163837179541556,-0.0013532462498926665,0.003233420424783967,0.03039009900990099,0.036978350515463915,101.0,26.0,0.9645365168539326,0.0006573033707865169,0.028800421348314606,2848,0,4,daily_me_op,daily size characteristic,uniform_high_overlap,27,test,block,constant_a023,0.036884644591611476
0.0009096257257463802,-0.0010967768409899234,0.0025813006302404296,0.02890388349514563,0.04081481481481481,103.0,26.0,0.9638342696629214,0.0006134831460674157,0.02737092696629214,2848,0,4,daily_me_op,daily size characteristic,uniform_high_overlap,27,test,block,constant_a024,0.036884644591611476
-0.00025046655142374913,-0.0026853445734859867,0.00214357525551415,0.02988659541984733,0.03857408695652174,131.0,26.0,0.954002808988764,0.0005147022471910111,0.030364893258426964,2848,0,4,daily_me_op,daily size characteristic,uniform_high_overlap,27,test,block,constant_equal_weight_public,0.036884644591611476
0.0004318568509676789,-0.002349216676878653,0.003090795233627196,0.03433185840707965,0.04171132075471698,113.0,26.0,0.9603230337078652,0.0005490519662921348,0.039553370786516856,2848,0,4,daily_me_op,daily size characteristic,uniform_high_overlap,27,test,block,momentum_12,0.036884644591611476
-0.0001825827876658975,-0.0023841042955793736,0.0017025100691178629,0.0294394495412844,0.041768702290076336,109.0,26.0,0.9617275280898876,0.0004874002808988763,0.026351544943820224,2848,0,4,daily_me_op,daily size characteristic,uniform_high_overlap,27,test,block,low_vol_12,0.036884644591611476
0.0003147349807844442,-0.0032467585823269555,0.0031159547031796866,0.03674827586206897,0.04803380281690141,116.0,26.0,0.9592696629213483,0.0007221207865168541,0.0337123595505618,2848,0,4,daily_me_op,daily size characteristic,uniform_high_overlap,27,test,block,risk_adjusted_12,0.036884644591611476
0.0002923111309517608,-0.0040413387525399915,0.004083430944380421,0.045990196078431377,0.07452857142857143,102.0,26.0,0.964185393258427,0.0004710379213483146,0.03510196629213483,2848,0,4,daily_me_op,daily size characteristic,uniform_high_overlap,27,test,block,ridge_return_train_only,0.036884644591611476
0.0009377399503164985,-0.0030394635413094574,0.0045783506761247,0.02704358393907841,0.03183341404848592,78.9608953780277,28.351291895011677,0.9651386775372947,0.00030348785871964673,0.0393766004415011,2265,0,4,daily_me_op,daily size characteristic,softmax_high_entropy,7,calibration,iid,constant_a000,0.036884644591611476
-0.0029229182420686976,-0.006927569734094545,6.17540736793384e-05,0.03580269207605044,0.043981117973646594,92.97145932406134,26.96977866992137,0.9589529980909222,0.00045673289183222954,0.03845033112582781,2265,0,4,daily_me_op,daily size characteristic,softmax_high_entropy,7,calibration,iid,constant_a001,0.036884644591611476
-0.000779324240760401,-0.005388775306950318,0.003850296929092066,0.05248117164858445,0.0805637938473549,100.96806536119078,27.241497414321216,0.9554224876992535,0.00042763796909492266,0.03839094922737307,2265,0,4,daily_me_op,daily size characteristic,softmax_high_entropy,7,calibration,iid,constant_a002,0.036884644591611476
-0.0004977815065557353,-0.0034654068509709073,0.0019015882401101014,0.031758361380909976,0.0438264806283589,79.97734631081573,27.109522839729518,0.9646899133285581,0.00047395143487858726,0.03862604856512141,2265,0,4,daily_me_op,daily size characteristic,softmax_high_entropy,7,calibration,iid,constant_a003,0.036884644591611476
0.0006633177629679559,-0.0036361779114080623,0.005954962129060352,0.05860551908400844,0.0837427151961803,81.95661728404728,28.366733713767015,0.9638160630092506,0.0004247682119205297,0.04078388520971302,2265,0,4,daily_me_op,daily size characteristic,softmax_high_entropy,7,calibration,iid,constant_a004,0.036884644591611476
0.001593334950247767,-0.0027469421367079063,0.006196074687710304,0.040305169098561876,0.04887231054673179,85.97046533905193,27.46246857535288,0.9620439446626702,0.0004983664459161148,0.04207969094922737,2265,0,4,daily_me_op,daily size characteristic,softmax_high_entropy,7,calibration,iid,constant_a005,0.036884644591611476
0.0005289983127752464,-0.0025403244561752396,0.0034923104545397455,0.034571831704254895,0.03830667668032545,73.98556472025719,26.85350757804507,0.9673352915142353,0.0004000000000000001,0.03936004415011037,2265,0,4,daily_me_op,daily size characteristic,softmax_high_entropy,7,calibration,iid,constant_a006,0.036884644591611476
-0.0004983525995083471,-0.004713951194930065,0.0031279165221991144,0.03525268860493994,0.04165419875291888,102.98278264983186,27.170915919190982,0.9545329877925687,0.0005164238410596026,0.03821633554083886,2265,0,4,daily_me_op,daily size characteristic,softmax_high_entropy,7,calibration,iid,constant_a007,0.036884644591611476
-0.0004927408334468855,-0.0035047124054547957,0.003058636439349682,0.03597012521960208,0.04879266144062629,79.98297564273436,26.719186407863113,0.9646874279723027,0.000591523178807947,0.03958874172185431,2265,0,4,daily_me_op,daily size characteristic,softmax_high_entropy,7,calibration,iid,constant_a008,0.036884644591611476
-8.953919680543722e-05,-0.003882778801812909,0.0038837239654007315,0.047813926549836475,0.052641156894190494,75.96537684247821,27.254862435716923,0.9664612022770516,0.0006415011037527594,0.04022317880794702,2265,0,4,daily_me_op,daily size characteristic,softmax_high_entropy,7,calibration,iid,constant_a009,0.036884644591611476
0.00035332293824391636,-0.00391804794733968,0.00500779944752163,0.0416486078682401,0.050969058664387216,80.98489947666224,26.92273747720905,0.9642450774937473,0.0004702428256070641,0.04091456953642385,2265,0,4,daily_me_op,daily size characteristic,softmax_high_entropy,7,calibration,iid,constant_a010,0.036884644591611476
0.0024352521274888434,-0.00068960623576835,0.005454856650084173,0.03675342463709083,0.0501156308387929,81.98912262571083,26.932659510546753,0.9638017118650284,0.0005049448123620308,0.03691633554083885,2265,0,4,daily_me_op,daily size characteristic,softmax_high_entropy,7,calibration,iid,constant_a011,0.036884644591611476
0.0007432900450751384,-0.002480904238294009,0.003875227014667892,0.026224755770909977,0.029556061193521253,95.9902582866676,26.64003616378263,0.9576201950169237,0.0005502428256070641,0.03507041942604857,2265,0,4,daily_me_op,daily size characteristic,softmax_high_entropy,7,calibration,iid,constant_a012,0.036884644591611476
0.003176089209455257,0.0002535738208742979,0.006623925912156007,0.031713776295557786,0.047651176264022245,91.98605364392492,26.78438823078906,0.9593880557863466,0.0005137748344370861,0.036443487858719655,2265,0,4,daily_me_op,daily size characteristic,softmax_high_entropy,7,calibration,iid,constant_a013,0.036884644591611476
0.0023968481679835668,-0.0007192027501059955,0.006131367977514151,0.03363483903793335,0.03646737579326632,81.97868215603583,27.04841181799901,0.9638063213439135,0.000672671081677704,0.03833708609271524,2265,0,4,daily_me_op,daily size characteristic,softmax_high_entropy,7,calibration,iid,constant_a014,0.036884644591611476
-0.0006097715992914512,-0.0044998789155853616,0.002860039063794326,0.031530960479962164,0.04209274192525546,82.97124530758539,27.413627828020807,0.9633681036169601,0.0004266225165562914,0.042104856512141284,2265,0,4,daily_me_op,daily size characteristic,softmax_high_entropy,7,calibration,iid,constant_a015,0.036884644591611476
-4.292376770815443e-05,-0.004177452575641594,0.0028765668951443407,0.04790750010801543,0.07731320009043384,83.98824208534224,26.74570210597262,0.9629190984170675,0.0004412362030905077,0.037138410596026496,2265,0,4,daily_me_op,daily size characteristic,softmax_high_entropy,7,calibration,iid,constant_a016,0.036884644591611476
0.0018045297869929617,-0.0006520093494631243,0.005160669858275267,0.02650719219788546,0.032415578130203404,90.98487037159457,26.860370902709416,0.9598300793061393,0.00043708609271523176,0.03571677704194261,2265,0,4,daily_me_op,daily size characteristic,softmax_high_entropy,7,calibration,iid,constant_a017,0.036884644591611476
-0.000382159249674417,-0.003092174758158137,0.0018869540538197008,0.02777183258021702,0.03160124983507838,97.98655487802353,26.721992161389256,0.9567388278684222,0.0004893156732891833,0.03461456953642384,2265,0,4,daily_me_op,daily size characteristic,softmax_high_entropy,7,calibration,iid,constant_a018,0.036884644591611476
-0.00048074780498788094,-0.003896310202022742,0.0018966481994544542,0.03797273556811102,0.04952564155612719,80.98598736303529,26.53047498437748,0.9642445971907129,0.0005333333333333335,0.03605783664459162,2265,0,4,daily_me_op,daily size characteristic,softmax_high_entropy,7,calibration,iid,constant_a019,0.036884644591611476
1.7195251561386025e-05,-0.004843452742422131,0.00463222557088856,0.06201501867070172,0.09156267737975798,93.89754976920172,31.587502529867837,0.9585441281372178,0.00028900662251655633,0.046241501103752754,2265,0,4,daily_me_op,daily size characteristic,softmax_high_entropy,7,calibration,iid,constant_a020,0.036884644591611476
0.00018961648042146176,-0.003484549408460619,0.0033298927378183716,0.040442264061343984,0.07121936025603769,93.9777831731227,27.056468454436807,0.9585087050008289,0.00029668874172185427,0.03527350993377483,2265,0,4,daily_me_op,daily size characteristic,softmax_high_entropy,7,calibration,iid,constant_a021,0.036884644591611476
0.0026069281158756126,-0.00023337529504229753,0.005067115223271629,0.028598604723255074,0.04119686348746571,88.97086111165613,27.1455962550062,0.9607192666173704,0.00039487858719646797,0.03427064017660044,2265,0,4,daily_me_op,daily size characteristic,softmax_high_entropy,7,calibration,iid,constant_a022,0.036884644591611476
0.00013477871134953085,-0.001703450402035553,0.0022041800297720477,0.02296017802265923,0.02469011908314804,90.94918556446643,27.303070506537928,0.9598458341878735,0.00040044150110375275,0.030308830022075055,2265,0,4,daily_me_op,daily size characteristic,softmax_high_entropy,7,calibration,iid,constant_a023,0.036884644591611476
0.0015521829757685808,-0.0009826243252563124,0.00422012776669336,0.025131708580386856,0.037874822324635404,75.94544541482503,28.324208286339918,0.9664700020243598,0.0004770860927152318,0.031186534216335538,2265,0,4,daily_me_op,daily size characteristic,softmax_high_entropy,7,calibration,iid,constant_a024,0.036884644591611476
-0.0007823075621700279,-0.005051278539951286,0.002711865930088815,0.05127478290552685,0.06500294275925464,96.99999101922658,26.053441527523827,0.9571743969010037,0.00046527858719646806,0.036884644591611476,2265,0,4,daily_me_op,daily size characteristic,softmax_high_entropy,7,calibration,iid,constant_equal_weight_public,0.036884644591611476
-0.0008328770684598728,-0.004559914101694091,0.0022540240723520574,0.04531651698264696,0.06189990643259995,69.98425494077162,25.644716470543127,0.9691018741983348,0.0006160706401766005,0.03774635761589404,2265,0,4,daily_me_op,daily size characteristic,softmax_high_entropy,7,calibration,iid,momentum_12,0.036884644591611476
0.0011741583806267743,-0.000799780767152003,0.003246738128187961,0.018481880970327408,0.02011791702631325,74.95350170555064,28.324208286339918,0.966907946266865,0.0004981015452538633,0.031074392935982336,2265,0,4,daily_me_op,daily size characteristic,softmax_high_entropy,7,calibration,iid,low_vol_12,0.036884644591611476
0.002075150147640858,-0.002614039339163294,0.005830538722601395,0.0552619036665411,0.09820311604265378,77.97600812034052,26.306445939618307,0.9655735063486355,0.0005762030905077263,0.03806313465783665,2265,0,4,daily_me_op,daily size characteristic,softmax_high_entropy,7,calibration,iid,risk_adjusted_12,0.036884644591611476
0.0030029122277291215,-0.0006869162924490353,0.005734927487251275,0.02324231163737865,0.02823849382009857,82.98159374957145,26.98186184656164,0.9633635347684011,0.0006855099337748344,0.03827289183222958,2265,0,4,daily_me_op,daily size characteristic,softmax_high_entropy,7,calibration,iid,ridge_return_train_only,0.036884644591611476
0.0009377399503164985,-0.0029742652815072245,0.004025850567274836,0.02704358393907841,0.032244672877137066,78.9608953780277,28.351291895011677,0.9651386775372947,0.00030348785871964673,0.0393766004415011,2265,0,4,daily_me_op,daily size characteristic,softmax_high_entropy,7,calibration,block,constant_a000,0.036884644591611476
-0.0029229182420686976,-0.005944145771607004,-0.00027651549249558567,0.03580269207605044,0.04257838317239627,92.97145932406134,26.96977866992137,0.9589529980909222,0.00045673289183222954,0.03845033112582781,2265,0,4,daily_me_op,daily size characteristic,softmax_high_entropy,7,calibration,block,constant_a001,0.036884644591611476
-0.000779324240760401,-0.0062052701609285905,0.003641468452474156,0.05248117164858445,0.07841941698976691,100.96806536119078,27.241497414321216,0.9554224876992535,0.00042763796909492266,0.03839094922737307,2265,0,4,daily_me_op,daily size characteristic,softmax_high_entropy,7,calibration,block,constant_a002,0.036884644591611476
-0.0004977815065557353,-0.003318513059179076,0.002106414263386224,0.031758361380909976,0.044212507328428394,79.97734631081573,27.109522839729518,0.9646899133285581,0.00047395143487858726,0.03862604856512141,2265,0,4,daily_me_op,daily size characteristic,softmax_high_entropy,7,calibration,block,constant_a003,0.036884644591611476
0.0006633177629679559,-0.004555311785321196,0.005420891163878338,0.05860551908400844,0.08164816500836983,81.95661728404728,28.366733713767015,0.9638160630092506,0.0004247682119205297,0.04078388520971302,2265,0,4,daily_me_op,daily size characteristic,softmax_high_entropy,7,calibration,block,constant_a004,0.036884644591611476
0.001593334950247767,-0.002905272656043206,0.006638947907037673,0.040305169098561876,0.05065866593273326,85.97046533905193,27.46246857535288,0.9620439446626702,0.0004983664459161148,0.04207969094922737,2265,0,4,daily_me_op,daily size characteristic,softmax_high_entropy,7,calibration,block,constant_a005,0.036884644591611476
0.0005289983127752464,-0.002899682424958182,0.0036671908776177496,0.034571831704254895,0.03835331990397604,73.98556472025719,26.85350757804507,0.9673352915142353,0.0004000000000000001,0.03936004415011037,2265,0,4,daily_me_op,daily size characteristic,softmax_high_entropy,7,calibration,block,constant_a006,0.036884644591611476
-0.0004983525995083471,-0.003995813328742406,0.0030987547689855185,0.03525268860493994,0.042122434796005755,102.98278264983186,27.170915919190982,0.9545329877925687,0.0005164238410596026,0.03821633554083886,2265,0,4,daily_me_op,daily size characteristic,softmax_high_entropy,7,calibration,block,constant_a007,0.036884644591611476
-0.0004927408334468855,-0.003759380138315229,0.0024072388183697105,0.03597012521960208,0.04923563983074599,79.98297564273436,26.719186407863113,0.9646874279723027,0.000591523178807947,0.03958874172185431,2265,0,4,daily_me_op,daily size characteristic,softmax_high_entropy,7,calibration,block,constant_a008,0.036884644591611476
-8.953919680543722e-05,-0.004079839532044282,0.0031798124292532312,0.047813926549836475,0.05196138257790152,75.96537684247821,27.254862435716923,0.9664612022770516,0.0006415011037527594,0.04022317880794702,2265,0,4,daily_me_op,daily size characteristic,softmax_high_entropy,7,calibration,block,constant_a009,0.036884644591611476
0.00035332293824391636,-0.004004104781089247,0.004777962563648446,0.0416486078682401,0.05177701020997287,80.98489947666224,26.92273747720905,0.9642450774937473,0.0004702428256070641,0.04091456953642385,2265,0,4,daily_me_op,daily size characteristic,softmax_high_entropy,7,calibration,block,constant_a010,0.036884644591611476
0.0024352521274888434,-0.0008066500585765979,0.00488979033366975,0.03675342463709083,0.051567375422583266,81.98912262571083,26.932659510546753,0.9638017118650284,0.0005049448123620308,0.03691633554083885,2265,0,4,daily_me_op,daily size characteristic,softmax_high_entropy,7,calibration,block,constant_a011,0.036884644591611476
0.0007432900450751384,-0.0025280419876146745,0.0035491074215067238,0.026224755770909977,0.029370815154589835,95.9902582866676,26.64003616378263,0.9576201950169237,0.0005502428256070641,0.03507041942604857,2265,0,4,daily_me_op,daily size characteristic,softmax_high_entropy,7,calibration,block,constant_a012,0.036884644591611476
0.003176089209455257,0.00039231650803988206,0.006056370143081174,0.031713776295557786,0.04680609789088681,91.98605364392492,26.78438823078906,0.9593880557863466,0.0005137748344370861,0.036443487858719655,2265,0,4,daily_me_op,daily size characteristic,softmax_high_entropy,7,calibration,block,constant_a013,0.036884644591611476
0.0023968481679835668,-0.00024161619552297829,0.005403389858994118,0.03363483903793335,0.03676679477219189,81.97868215603583,27.04841181799901,0.9638063213439135,0.000672671081677704,0.03833708609271524,2265,0,4,daily_me_op,daily size characteristic,softmax_high_entropy,7,calibration,block,constant_a014,0.036884644591611476
-0.0006097715992914512,-0.0042776303558246485,0.002857549943682057,0.031530960479962164,0.043107695907587756,82.97124530758539,27.413627828020807,0.9633681036169601,0.0004266225165562914,0.042104856512141284,2265,0,4,daily_me_op,daily size characteristic,softmax_high_entropy,7,calibration,block,constant_a015,0.036884644591611476
-4.292376770815443e-05,-0.0036080402439952223,0.0024082378481732982,0.04790750010801543,0.07334694216495967,83.98824208534224,26.74570210597262,0.9629190984170675,0.0004412362030905077,0.037138410596026496,2265,0,4,daily_me_op,daily size characteristic,softmax_high_entropy,7,calibration,block,constant_a016,0.036884644591611476
0.0018045297869929617,-0.0013438504853904942,0.004611639158379213,0.02650719219788546,0.034207525893148155,90.98487037159457,26.860370902709416,0.9598300793061393,0.00043708609271523176,0.03571677704194261,2265,0,4,daily_me_op,daily size characteristic,softmax_high_entropy,7,calibration,block,constant_a017,0.036884644591611476
-0.000382159249674417,-0.0031434561659227835,0.0022571373542502188,0.02777183258021702,0.0319216554819481,97.98655487802353,26.721992161389256,0.9567388278684222,0.0004893156732891833,0.03461456953642384,2265,0,4,daily_me_op,daily size characteristic,softmax_high_entropy,7,calibration,block,constant_a018,0.036884644591611476
-0.00048074780498788094,-0.003948295724968143,0.00272091765922988,0.03797273556811102,0.04960202391151301,80.98598736303529,26.53047498437748,0.9642445971907129,0.0005333333333333335,0.03605783664459162,2265,0,4,daily_me_op,daily size characteristic,softmax_high_entropy,7,calibration,block,constant_a019,0.036884644591611476
1.7195251561386025e-05,-0.005979780837507109,0.006206314249956592,0.06201501867070172,0.09029097630161936,93.89754976920172,31.587502529867837,0.9585441281372178,0.00028900662251655633,0.046241501103752754,2265,0,4,daily_me_op,daily size characteristic,softmax_high_entropy,7,calibration,block,constant_a020,0.036884644591611476
0.00018961648042146176,-0.0032716101063583573,0.0032555949804708635,0.040442264061343984,0.07084270040948565,93.9777831731227,27.056468454436807,0.9585087050008289,0.00029668874172185427,0.03527350993377483,2265,0,4,daily_me_op,daily size characteristic,softmax_high_entropy,7,calibration,block,constant_a021,0.036884644591611476
0.0026069281158756126,0.0003206975544959694,0.004968387864513987,0.028598604723255074,0.04265336023044733,88.97086111165613,27.1455962550062,0.9607192666173704,0.00039487858719646797,0.03427064017660044,2265,0,4,daily_me_op,daily size characteristic,softmax_high_entropy,7,calibration,block,constant_a022,0.036884644591611476
0.00013477871134953085,-0.0017192811335309032,0.0026019505625947607,0.02296017802265923,0.02461851961732646,90.94918556446643,27.303070506537928,0.9598458341878735,0.00040044150110375275,0.030308830022075055,2265,0,4,daily_me_op,daily size characteristic,softmax_high_entropy,7,calibration,block,constant_a023,0.036884644591611476
0.0015521829757685808,-0.0015664778005969426,0.0048520621479726835,0.025131708580386856,0.03705340103337186,75.94544541482503,28.324208286339918,0.9664700020243598,0.0004770860927152318,0.031186534216335538,2265,0,4,daily_me_op,daily size characteristic,softmax_high_entropy,7,calibration,block,constant_a024,0.036884644591611476
-0.0007823075621700279,-0.0036815239364898587,0.0018444157141072881,0.05127478290552685,0.0651326854909163,96.99999101922658,26.053441527523827,0.9571743969010037,0.00046527858719646806,0.036884644591611476,2265,0,4,daily_me_op,daily size characteristic,softmax_high_entropy,7,calibration,block,constant_equal_weight_public,0.036884644591611476
-0.0008328770684598728,-0.004208375049779654,0.0025434909339658502,0.04531651698264696,0.06444500633328563,69.98425494077162,25.644716470543127,0.9691018741983348,0.0006160706401766005,0.03774635761589404,2265,0,4,daily_me_op,daily size characteristic,softmax_high_entropy,7,calibration,block,momentum_12,0.036884644591611476
0.0011741583806267743,-0.0007267115177677311,0.003154998653904088,0.018481880970327408,0.020102417930148872,74.95350170555064,28.324208286339918,0.966907946266865,0.0004981015452538633,0.031074392935982336,2265,0,4,daily_me_op,daily size characteristic,softmax_high_entropy,7,calibration,block,low_vol_12,0.036884644591611476
0.002075150147640858,-0.003474771480184503,0.007697400691020305,0.0552619036665411,0.09046123534558777,77.97600812034052,26.306445939618307,0.9655735063486355,0.0005762030905077263,0.03806313465783665,2265,0,4,daily_me_op,daily size characteristic,softmax_high_entropy,7,calibration,block,risk_adjusted_12,0.036884644591611476
0.0030029122277291215,0.00019512478249079302,0.0061976299869402765,0.02324231163737865,0.028874393426921007,82.98159374957145,26.98186184656164,0.9633635347684011,0.0006855099337748344,0.03827289183222958,2265,0,4,daily_me_op,daily size characteristic,softmax_high_entropy,7,calibration,block,ridge_return_train_only,0.036884644591611476
-0.00024868706894663105,-0.002979939781426789,0.0036184817578539586,0.0355535799073633,0.040912414430633946,109.86542308940211,27.92262430322935,0.9614236576231032,0.0003962780898876405,0.03857907303370787,2848,0,4,daily_me_op,daily size characteristic,softmax_high_entropy,7,test,iid,constant_a000,0.036884644591611476
-0.0003794336393276367,-0.0029974354243537775,0.002830874088749794,0.04108417885273648,0.0466116312532704,98.9679740999336,26.987080081013765,0.9652500090941244,0.0005180828651685394,0.030657022471910114,2848,0,4,daily_me_op,daily size characteristic,softmax_high_entropy,7,test,iid,constant_a001,0.036884644591611476
-0.001600211155255781,-0.006070886813476384,0.0019787705279368734,0.06093942939077341,0.10128960769697955,101.93940915914168,28.277195340718457,0.9642066681323238,0.0005845505617977528,0.030667977528089887,2848,0,4,daily_me_op,daily size characteristic,softmax_high_entropy,7,test,iid,constant_a002,0.036884644591611476
0.0021696267198793697,-0.0011573852982961971,0.005416233810806013,0.028316213839614704,0.03581876091378483,116.86999479419889,28.5220760565161,0.9589641872211381,0.000689817415730337,0.039128651685393256,2848,0,4,daily_me_op,daily size characteristic,softmax_high_entropy,7,test,iid,constant_a003,0.036884644591611476
0.001008047781823426,-0.002958812532521985,0.004251194755447883,0.044346458531331276,0.07978633684020822,94.9184014090325,27.816780981437073,0.966671909617615,0.0003732443820224719,0.03620463483146068,2848,0,4,daily_me_op,daily size characteristic,softmax_high_entropy,7,test,iid,constant_a004,0.036884644591611476
0.0002458577951429232,-0.0033078682879176978,0.003710303334325882,0.025053174215077665,0.027755963874800817,104.89188958688048,28.93987507992372,0.9631699825888762,0.0004969803370786517,0.04001446629213483,2848,0,4,daily_me_op,daily size characteristic,softmax_high_entropy,7,test,iid,constant_a005,0.036884644591611476
-0.00014745837449579331,-0.0036636417641319357,0.002726739636777824,0.04998942739915997,0.07746480583284167,121.96623902259222,27.29726833296618,0.9571747756240898,0.000506179775280899,0.03197050561797753,2848,0,4,daily_me_op,daily size characteristic,softmax_high_entropy,7,test,iid,constant_a006,0.036884644591611476
0.000548044751598255,-0.0021239034298928755,0.0029881141811482,0.027248556623319254,0.03284271353654177,120.95960837121135,26.82338262557306,0.9575282273977488,0.0005496839887640451,0.03202626404494382,2848,0,4,daily_me_op,daily size characteristic,softmax_high_entropy,7,test,iid,constant_a007,0.036884644591611476
-0.00020665289225793102,-0.0025660725778122225,0.0019522660097375556,0.028173874352412462,0.03174654129745425,93.96394368016107,26.855738770921185,0.9670070422471344,0.0004826896067415731,0.03332331460674158,2848,0,4,daily_me_op,daily size characteristic,softmax_high_entropy,7,test,iid,constant_a008,0.036884644591611476
5.164936019355479e-05,-0.0033792168039867266,0.0031787186232655664,0.031180492758791367,0.034021568409980565,112.86396498631836,32.5174204714442,0.9603707988109838,0.0004806179775280899,0.0354438202247191,2848,0,4,daily_me_op,daily size characteristic,softmax_high_entropy,7,test,iid,constant_a009,0.036884644591611476
0.002500503099474262,-0.00032317857729544563,0.0052205916558111095,0.026724677474102364,0.03114892497434008,111.88682638868565,28.658362751014092,0.9607138952286919,0.0005072331460674157,0.03976390449438202,2848,0,4,daily_me_op,daily size characteristic,softmax_high_entropy,7,test,iid,constant_a010,0.036884644591611476
0.002192344027758641,-0.0007882272272654488,0.0061963667061420815,0.03379062222253983,0.041588049840885495,116.97606529298822,27.801747516486728,0.9589269433662261,0.0004511235955056179,0.03151390449438202,2848,0,4,daily_me_op,daily size characteristic,softmax_high_entropy,7,test,iid,constant_a011,0.036884644591611476
0.0015128038592359947,-0.0015523835824986698,0.004688925850311033,0.030025900492740915,0.03448550906126623,105.97635595564982,26.829851667589992,0.962789200858269,0.0005087078651685394,0.032783988764044945,2848,0,4,daily_me_op,daily size characteristic,softmax_high_entropy,7,test,iid,constant_a012,0.036884644591611476
-0.0002763720355940279,-0.0023634698482561875,0.0020359669320306837,0.025308217026890855,0.03498817887400225,106.9764261941386,27.220779706371257,0.9624380526003726,0.0005538623595505618,0.03227443820224719,2848,0,4,daily_me_op,daily size characteristic,softmax_high_entropy,7,test,iid,constant_a013,0.036884644591611476
0.002959437966731503,-6.71108480716141e-05,0.005938376396545144,0.03879854017443411,0.05661703488352061,91.9739743265998,27.50770502070278,0.9677057674415028,0.000419066011235955,0.03335842696629214,2848,0,4,daily_me_op,daily size characteristic,softmax_high_entropy,7,test,iid,constant_a014,0.036884644591611476
-0.0008418338154722445,-0.004582364578260677,0.002629018442208037,0.035331213014485885,0.044984271597707244,102.85004102345081,31.30832941969943,0.9638869237979456,0.0005329705056179775,0.03754929775280899,2848,0,4,daily_me_op,daily size characteristic,softmax_high_entropy,7,test,iid,constant_a015,0.036884644591611476
-0.00025862174003705546,-0.004682382575539582,0.003117154421741761,0.0483636071239632,0.0790847486098699,120.96087908791431,27.665016641487775,0.9575277812191312,0.0004458216292134831,0.029966853932584265,2848,0,4,daily_me_op,daily size characteristic,softmax_high_entropy,7,test,iid,constant_a016,0.036884644591611476
0.0010104203941716193,-0.0012832910845502836,0.0036882372660964487,0.021190841618643232,0.02699363980167106,132.973823547708,27.092296381311844,0.9533097529677992,0.0005253511235955056,0.02912837078651686,2848,0,4,daily_me_op,daily size characteristic,softmax_high_entropy,7,test,iid,constant_a017,0.036884644591611476
0.001318931154816483,-0.0007726225774561938,0.0032427262947405753,0.020763605075630603,0.026687967543286135,112.96844949701864,27.14859351492497,0.960334111833912,0.0005296348314606743,0.0289566011235955,2848,0,4,daily_me_op,daily size characteristic,softmax_high_entropy,7,test,iid,constant_a018,0.036884644591611476
-0.0007049161370006002,-0.0030602423293327567,0.0013619463078362946,0.030714437748434135,0.03644630485437669,106.9638303601623,28.37025673312051,0.9624424752948868,0.00048683286516853927,0.02873441011235955,2848,0,4,daily_me_op,daily size characteristic,softmax_high_entropy,7,test,iid,constant_a019,0.036884644591611476
0.0007401007896301266,-0.0019273876326158746,0.0037350474983563462,0.03968909957458161,0.05798526841545354,118.84874467805217,30.126972374999713,0.9582694014473131,0.0004640800561797754,0.037429634831460674,2848,0,4,daily_me_op,daily size characteristic,softmax_high_entropy,7,test,iid,constant_a020,0.036884644591611476
-0.0011940642263108573,-0.0037668913925253127,0.0010500258791240138,0.022066819005981078,0.02601821281778792,102.95909165852775,27.752032940501007,0.9638486335468652,0.0005357092696629213,0.029238483146067418,2848,0,4,daily_me_op,daily size characteristic,softmax_high_entropy,7,test,iid,constant_a021,0.036884644591611476
0.0022106460921064593,-0.00041801611016737436,0.005008973104469186,0.02382192863971585,0.030687750620061707,109.92893887413159,27.934646923208955,0.9614013557323976,0.000558251404494382,0.02764115168539326,2848,0,4,daily_me_op,daily size characteristic,softmax_high_entropy,7,test,iid,constant_a022,0.036884644591611476
0.0007324637004178815,-0.0011434706704106967,0.00265635443411664,0.023803908070590414,0.025623852624595825,103.92342033518408,27.879009112498,0.9635100349946685,0.0006573033707865169,0.028800421348314606,2848,0,4,daily_me_op,daily size characteristic,softmax_high_entropy,7,test,iid,constant_a023,0.036884644591611476
0.000721580801960927,-0.0010080381693396384,0.0024797785234364975,0.01571578440419559,0.018428386600848043,113.87876160022068,28.896949295978064,0.9600144797752034,0.0006134831460674157,0.02737092696629214,2848,0,4,daily_me_op,daily size characteristic,softmax_high_entropy,7,test,iid,constant_a024,0.036884644591611476
-0.00023574220935020543,-0.0030736750494069,0.002454786159668857,0.03301446038800465,0.047489428369759674,108.99992225576528,26.19221048761763,0.9617275553877229,0.0005147022471910111,0.030364893258426964,2848,0,4,daily_me_op,daily size characteristic,softmax_high_entropy,7,test,iid,constant_equal_weight_public,0.036884644591611476
0.0024912807181647137,-0.0006429961053396634,0.005268457298365741,0.029211106174039516,0.034187796924912445,112.89827015820902,25.624487684106462,0.960358753455685,0.0005490519662921348,0.039553370786516856,2848,0,4,daily_me_op,daily size characteristic,softmax_high_entropy,7,test,iid,momentum_12,0.036884644591611476
-0.0007966886113474476,-0.002684612113966903,0.0011532485877828094,0.033038537272611364,0.045128572960440656,90.90815029733253,28.361527168526916,0.9680800034068355,0.0004874002808988763,0.026351544943820224,2848,0,4,daily_me_op,daily size characteristic,softmax_high_entropy,7,test,iid,low_vol_12,0.036884644591611476
0.0016927178650657621,-0.001574561792276479,0.00474565501267876,0.026069305215391095,0.030375660442014125,113.88228790105617,26.384185071877603,0.9600132416077752,0.0007221207865168541,0.0337123595505618,2848,0,4,daily_me_op,daily size characteristic,softmax_high_entropy,7,test,iid,risk_adjusted_12,0.036884644591611476
0.0025449380512070937,-0.0007102626687492835,0.005365682893760127,0.029433021275932846,0.03608596913886505,85.94030555529564,27.85006545122762,0.9698243309145732,0.0006203890449438202,0.03563974719101124,2848,0,4,daily_me_op,daily size characteristic,softmax_high_entropy,7,test,iid,ridge_return_train_only,0.036884644591611476
-0.00024868706894663105,-0.003584368201661759,0.003702171642652487,0.0355535799073633,0.0413489014800965,109.86542308940211,27.92262430322935,0.9614236576231032,0.0003962780898876405,0.03857907303370787,2848,0,4,daily_me_op,daily size characteristic,softmax_high_entropy,7,test,block,constant_a000,0.036884644591611476
-0.0003794336393276367,-0.0031384854452934426,0.00198861638780252,0.04108417885273648,0.04592819613996041,98.9679740999336,26.987080081013765,0.9652500090941244,0.0005180828651685394,0.030657022471910114,2848,0,4,daily_me_op,daily size characteristic,softmax_high_entropy,7,test,block,constant_a001,0.036884644591611476
-0.001600211155255781,-0.007183024024081432,0.0026517056500651405,0.06093942939077341,0.09732313810256792,101.93940915914168,28.277195340718457,0.9642066681323238,0.0005845505617977528,0.030667977528089887,2848,0,4,daily_me_op,daily size characteristic,softmax_high_entropy,7,test,block,constant_a002,0.036884644591611476
0.0021696267198793697,-0.0011482097418886812,0.00561134048089922,0.028316213839614704,0.036347753167381446,116.86999479419889,28.5220760565161,0.9589641872211381,0.000689817415730337,0.039128651685393256,2848,0,4,daily_me_op,daily size characteristic,softmax_high_entropy,7,test,block,constant_a003,0.036884644591611476
0.001008047781823426,-0.0024406498490673507,0.003934066796170411,0.044346458531331276,0.08456857542540407,94.9184014090325,27.816780981437073,0.966671909617615,0.0003732443820224719,0.03620463483146068,2848,0,4,daily_me_op,daily size characteristic,softmax_high_entropy,7,test,block,constant_a004,0.036884644591611476
0.0002458577951429232,-0.003506940584726715,0.003540809726001702,0.025053174215077665,0.027843498512730477,104.89188958688048,28.93987507992372,0.9631699825888762,0.0004969803370786517,0.04001446629213483,2848,0,4,daily_me_op,daily size characteristic,softmax_high_entropy,7,test,block,constant_a005,0.036884644591611476
-0.00014745837449579331,-0.003056796695899567,0.0027133625324223237,0.04998942739915997,0.0761215610680547,121.96623902259222,27.29726833296618,0.9571747756240898,0.000506179775280899,0.03197050561797753,2848,0,4,daily_me_op,daily size characteristic,softmax_high_entropy,7,test,block,constant_a006,0.036884644591611476
0.000548044751598255,-0.0026196135865962636,0.00279447759235811,0.027248556623319254,0.032515063170847486,120.95960837121135,26.82338262557306,0.9575282273977488,0.0005496839887640451,0.03202626404494382,2848,0,4,daily_me_op,daily size characteristic,softmax_high_entropy,7,test,block,constant_a007,0.036884644591611476
-0.00020665289225793102,-0.0030693349945471104,0.0018234711821061927,0.028173874352412462,0.031054286318808313,93.96394368016107,26.855738770921185,0.9670070422471344,0.0004826896067415731,0.03332331460674158,2848,0,4,daily_me_op,daily size characteristic,softmax_high_entropy,7,test,block,constant_a008,0.036884644591611476
5.164936019355479e-05,-0.0027279269206611336,0.0030593435879219,0.031180492758791367,0.034208790670464416,112.86396498631836,32.5174204714442,0.9603707988109838,0.0004806179775280899,0.0354438202247191,2848,0,4,daily_me_op,daily size characteristic,softmax_high_entropy,7,test,block,constant_a009,0.036884644591611476
0.002500503099474262,-0.0004749011537085684,0.005728306368842166,0.026724677474102364,0.031494655912753806,111.88682638868565,28.658362751014092,0.9607138952286919,0.0005072331460674157,0.03976390449438202,2848,0,4,daily_me_op,daily size characteristic,softmax_high_entropy,7,test,block,constant_a010,0.036884644591611476
0.002192344027758641,-0.0003889957779284867,0.005397418226387922,0.03379062222253983,0.040729756585523566,116.97606529298822,27.801747516486728,0.9589269433662261,0.0004511235955056179,0.03151390449438202,2848,0,4,daily_me_op,daily size characteristic,softmax_high_entropy,7,test,block,constant_a011,0.036884644591611476
0.0015128038592359947,-0.0013927892567955759,0.004788572981463517,0.030025900492740915,0.034332293394079415,105.97635595564982,26.829851667589992,0.962789200858269,0.0005087078651685394,0.032783988764044945,2848,0,4,daily_me_op,daily size characteristic,softmax_high_entropy,7,test,block,constant_a012,0.036884644591611476
-0.0002763720355940279,-0.0027528887031014605,0.0017832735134896487,0.025308217026890855,0.03581957803198279,106.9764261941386,27.220779706371257,0.9624380526003726,0.0005538623595505618,0.03227443820224719,2848,0,4,daily_me_op,daily size characteristic,softmax_high_entropy,7,test,block,constant_a013,0.036884644591611476
0.002959437966731503,-0.0009836157640687464,0.0066255027577285,0.03879854017443411,0.06244127788150446,91.9739743265998,27.50770502070278,0.9677057674415028,0.000419066011235955,0.03335842696629214,2848,0,4,daily_me_op,daily size characteristic,softmax_high_entropy,7,test,block,constant_a014,0.036884644591611476
-0.0008418338154722445,-0.003598467891799625,0.0017282853751467105,0.035331213014485885,0.04453364782723027,102.85004102345081,31.30832941969943,0.9638869237979456,0.0005329705056179775,0.03754929775280899,2848,0,4,daily_me_op,daily size characteristic,softmax_high_entropy,7,test,block,constant_a015,0.036884644591611476
-0.00025862174003705546,-0.0030340674671405264,0.0024235457117220394,0.0483636071239632,0.07229414655669648,120.96087908791431,27.665016641487775,0.9575277812191312,0.0004458216292134831,0.029966853932584265,2848,0,4,daily_me_op,daily size characteristic,softmax_high_entropy,7,test,block,constant_a016,0.036884644591611476
0.0010104203941716193,-0.0012410443795776802,0.003018149730299613,0.021190841618643232,0.027218223961145944,132.973823547708,27.092296381311844,0.9533097529677992,0.0005253511235955056,0.02912837078651686,2848,0,4,daily_me_op,daily size characteristic,softmax_high_entropy,7,test,block,constant_a017,0.036884644591611476
0.001318931154816483,-0.0006136186329105891,0.003225028684339264,0.020763605075630603,0.026977432540960286,112.96844949701864,27.14859351492497,0.960334111833912,0.0005296348314606743,0.0289566011235955,2848,0,4,daily_me_op,daily size characteristic,softmax_high_entropy,7,test,block,constant_a018,0.036884644591611476
-0.0007049161370006002,-0.0034304590921538426,0.0014580637524171571,0.030714437748434135,0.036239262808031275,106.9638303601623,28.37025673312051,0.9624424752948868,0.00048683286516853927,0.02873441011235955,2848,0,4,daily_me_op,daily size characteristic,softmax_high_entropy,7,test,block,constant_a019,0.036884644591611476
0.0007401007896301266,-0.002481282865716853,0.0034314117034925035,0.03968909957458161,0.05586806071903077,118.84874467805217,30.126972374999713,0.9582694014473131,0.0004640800561797754,0.037429634831460674,2848,0,4,daily_me_op,daily size characteristic,softmax_high_entropy,7,test,block,constant_a020,0.036884644591611476
-0.0011940642263108573,-0.0032583911266212506,0.001119580057742373,0.022066819005981078,0.025333277649304712,102.95909165852775,27.752032940501007,0.9638486335468652,0.0005357092696629213,0.029238483146067418,2848,0,4,daily_me_op,daily size characteristic,softmax_high_entropy,7,test,block,constant_a021,0.036884644591611476
0.0022106460921064593,5.129760330779274e-05,0.004670243442509031,0.02382192863971585,0.030053970772096397,109.92893887413159,27.934646923208955,0.9614013557323976,0.000558251404494382,0.02764115168539326,2848,0,4,daily_me_op,daily size characteristic,softmax_high_entropy,7,test,block,constant_a022,0.036884644591611476
0.0007324637004178815,-0.0011318469481842767,0.002336381651326299,0.023803908070590414,0.02558364731936792,103.92342033518408,27.879009112498,0.9635100349946685,0.0006573033707865169,0.028800421348314606,2848,0,4,daily_me_op,daily size characteristic,softmax_high_entropy,7,test,block,constant_a023,0.036884644591611476
0.000721580801960927,-0.001124872749686878,0.002469079807659697,0.01571578440419559,0.018829568143322366,113.87876160022068,28.896949295978064,0.9600144797752034,0.0006134831460674157,0.02737092696629214,2848,0,4,daily_me_op,daily size characteristic,softmax_high_entropy,7,test,block,constant_a024,0.036884644591611476
-0.00023574220935020543,-0.0026255618877109805,0.002266976488909344,0.03301446038800465,0.04750955786172235,108.99992225576528,26.19221048761763,0.9617275553877229,0.0005147022471910111,0.030364893258426964,2848,0,4,daily_me_op,daily size characteristic,softmax_high_entropy,7,test,block,constant_equal_weight_public,0.036884644591611476
0.0024912807181647137,-0.0008367765421923738,0.0049571664726801865,0.029211106174039516,0.03478730906811701,112.89827015820902,25.624487684106462,0.960358753455685,0.0005490519662921348,0.039553370786516856,2848,0,4,daily_me_op,daily size characteristic,softmax_high_entropy,7,test,block,momentum_12,0.036884644591611476
-0.0007966886113474476,-0.0028905544420214525,0.0010330849912347346,0.033038537272611364,0.04434650145141018,90.90815029733253,28.361527168526916,0.9680800034068355,0.0004874002808988763,0.026351544943820224,2848,0,4,daily_me_op,daily size characteristic,softmax_high_entropy,7,test,block,low_vol_12,0.036884644591611476
0.0016927178650657621,-0.0012279199304211584,0.004110548372158759,0.026069305215391095,0.029956094477739236,113.88228790105617,26.384185071877603,0.9600132416077752,0.0007221207865168541,0.0337123595505618,2848,0,4,daily_me_op,daily size characteristic,softmax_high_entropy,7,test,block,risk_adjusted_12,0.036884644591611476
0.0025449380512070937,-0.0004036268229788541,0.004907174353950083,0.029433021275932846,0.036817830087362786,85.94030555529564,27.85006545122762,0.9698243309145732,0.0006203890449438202,0.03563974719101124,2848,0,4,daily_me_op,daily size characteristic,softmax_high_entropy,7,test,block,ridge_return_train_only,0.036884644591611476
-0.00011985061538016441,-0.005470347156608693,0.004516752950572826,0.05860557498216305,0.10004875944387091,87.97185300735613,27.52598082809475,0.9611603297980768,0.00030348785871964673,0.0393766004415011,2265,0,4,daily_me_op,daily size characteristic,softmax_high_entropy,17,calibration,iid,constant_a000,0.036884644591611476
0.0010999420983429575,-0.0021930098699346197,0.0037861330159065978,0.039551424437717225,0.05292945031266703,91.97340523746746,27.96043119552358,0.9593936400717583,0.00045673289183222954,0.03845033112582781,2265,0,4,daily_me_op,daily size characteristic,softmax_high_entropy,17,calibration,iid,constant_a001,0.036884644591611476
0.0020188596289691238,-0.002252441954314116,0.00625754359251541,0.039252552849314455,0.05323376296309876,89.96747787900357,26.938006704691666,0.9602792592145679,0.00042763796909492266,0.03839094922737307,2265,0,4,daily_me_op,daily size characteristic,softmax_high_entropy,17,calibration,iid,constant_a002,0.036884644591611476
0.002175362180888922,-0.001414149219988383,0.006102376449740779,0.025969388514431518,0.02973306043706736,94.95830666397991,27.4360342778713,0.9580758027973598,0.00047395143487858726,0.03862604856512141,2265,0,4,daily_me_op,daily size characteristic,softmax_high_entropy,17,calibration,iid,constant_a003,0.036884644591611476
0.0007639606730173369,-0.0029983672673766465,0.0049115053469399135,0.04216975179810554,0.05275518409339442,88.97183818073624,27.335187442278677,0.960718835240293,0.0004247682119205297,0.04078388520971302,2265,0,4,daily_me_op,daily size characteristic,softmax_high_entropy,17,calibration,iid,constant_a004,0.036884644591611476
-0.00013108338041938782,-0.003870926894633828,0.0035304031304909753,0.03838743921331553,0.04259332350418885,88.96557926188247,27.11860972377156,0.9607215985598753,0.0004983664459161148,0.04207969094922737,2265,0,4,daily_me_op,daily size characteristic,softmax_high_entropy,17,calibration,iid,constant_a005,0.036884644591611476
0.0014072640212841171,-0.002217552888971178,0.0044430932261658,0.030334358167773558,0.04394834574022625,95.98637703408626,26.793468395212997,0.9576219085942224,0.0004000000000000001,0.03936004415011037,2265,0,4,daily_me_op,daily size characteristic,softmax_high_entropy,17,calibration,iid,constant_a006,0.036884644591611476
-0.0007375018327699241,-0.004550389656132377,0.0019223625942628034,0.04591910252133267,0.05674527350473636,85.99045252072804,26.886789946909484,0.9620351202998993,0.0005164238410596026,0.03821633554083886,2265,0,4,daily_me_op,daily size characteristic,softmax_high_entropy,17,calibration,iid,constant_a007,0.036884644591611476
0.00040695740092415504,-0.0036321484625012057,0.004657827386707815,0.035925086169504294,0.04121597729448375,91.9729224535252,27.22079813022866,0.9593938532214017,0.000591523178807947,0.03958874172185431,2265,0,4,daily_me_op,daily size characteristic,softmax_high_entropy,17,calibration,iid,constant_a008,0.036884644591611476
0.0006289822972144864,-0.002287931821093976,0.004433967119181708,0.03161085531048141,0.0435939890490164,80.97616867277318,27.00462953800727,0.964248932153301,0.0006415011037527594,0.04022317880794702,2265,0,4,daily_me_op,daily size characteristic,softmax_high_entropy,17,calibration,iid,constant_a009,0.036884644591611476
0.002184746515190686,-0.0017690158024970847,0.007098575362129227,0.046392771497858705,0.0749322281351765,80.9805752751884,26.894518898992512,0.9642469866334709,0.0004702428256070641,0.04091456953642385,2265,0,4,daily_me_op,daily size characteristic,softmax_high_entropy,17,calibration,iid,constant_a010,0.036884644591611476
0.002849073796989287,0.00018755201801320408,0.005829712522829358,0.025407809984287082,0.027989144259017166,85.98716339145291,26.85335075342553,0.9620365724541047,0.0005049448123620308,0.03691633554083885,2265,0,4,daily_me_op,daily size characteristic,softmax_high_entropy,17,calibration,iid,constant_a011,0.036884644591611476
0.0019739532669693256,-0.0004280400337747293,0.004488665886532582,0.019574404399934752,0.022289439230440456,91.98935495792415,26.606476096068654,0.9593865982525721,0.0005502428256070641,0.03507041942604857,2265,0,4,daily_me_op,daily size characteristic,softmax_high_entropy,17,calibration,iid,constant_a012,0.036884644591611476
0.0014608282233169042,-0.001193918705810998,0.004226791347142144,0.0242309155425845,0.026557740635346792,92.98649184907671,27.010829483428758,0.9589463612145357,0.0005137748344370861,0.036443487858719655,2265,0,4,daily_me_op,daily size characteristic,softmax_high_entropy,17,calibration,iid,constant_a013,0.036884644591611476
-0.0006574291909759353,-0.0037585161091662237,0.0018091694880813108,0.028324522782873188,0.03705150874162916,93.9789172603961,27.145413694952666,0.9585082043000459,0.000672671081677704,0.03833708609271524,2265,0,4,daily_me_op,daily size characteristic,softmax_high_entropy,17,calibration,iid,constant_a014,0.036884644591611476
0.001021151033178285,-0.0028068078872372764,0.005801567897730942,0.042038301930356826,0.06386876214552296,80.94394987282863,28.822099492947498,0.9642631567890382,0.0004266225165562914,0.042104856512141284,2265,0,4,daily_me_op,daily size characteristic,softmax_high_entropy,17,calibration,iid,constant_a015,0.036884644591611476
-3.377043456531688e-05,-0.0026685781612741425,0.002548905970473614,0.03280366004341103,0.03628609154540236,95.99073374087791,26.59395506710974,0.9576199851033651,0.0004412362030905077,0.037138410596026496,2265,0,4,daily_me_op,daily size characteristic,softmax_high_entropy,17,calibration,iid,constant_a016,0.036884644591611476
0.00015850874471974284,-0.002594754139034892,0.003521430354807098,0.03338412858275894,0.04305833111123026,87.98384758444948,26.798787681740247,0.961155034179051,0.00043708609271523176,0.03571677704194261,2265,0,4,daily_me_op,daily size characteristic,softmax_high_entropy,17,calibration,iid,constant_a017,0.036884644591611476
-0.0011554443069304943,-0.004273438563682609,0.001063257008615444,0.043309277297391646,0.06451560497446514,80.98387401192456,27.015294072795957,0.9642455302375609,0.0004893156732891833,0.03461456953642384,2265,0,4,daily_me_op,daily size characteristic,softmax_high_entropy,17,calibration,iid,constant_a018,0.036884644591611476
0.000833993097623396,-0.001926909309588423,0.0038679760310527003,0.03332474629456261,0.04352947657177488,83.96850282008361,27.79255362480006,0.9629278133244664,0.0005333333333333335,0.03605783664459162,2265,0,4,daily_me_op,daily size characteristic,softmax_high_entropy,17,calibration,iid,constant_a019,0.036884644591611476
0.00024332026761066257,-0.004586982436741808,0.00464263837778566,0.04719588967451355,0.06285870721782295,72.95424226315254,27.570896848757418,0.9677906215173719,0.00028900662251655633,0.046241501103752754,2265,0,4,daily_me_op,daily size characteristic,softmax_high_entropy,17,calibration,iid,constant_a020,0.036884644591611476
-0.0021245669712692066,-0.006674715056681311,0.0012884210447285814,0.049968136438622135,0.07096404614827154,87.96854763126564,27.8944974146495,0.9611617891252691,0.00029668874172185427,0.03527350993377483,2265,0,4,daily_me_op,daily size characteristic,softmax_high_entropy,17,calibration,iid,constant_a021,0.036884644591611476
-0.002163980656736797,-0.005346460860964319,0.001022803611742446,0.04585464417477718,0.06757475268486013,79.97050996084045,27.03958461497214,0.9646929315846179,0.00039487858719646797,0.03427064017660044,2265,0,4,daily_me_op,daily size characteristic,softmax_high_entropy,17,calibration,iid,constant_a022,0.036884644591611476
0.00046961908039433524,-0.0024134906928247966,0.0031719287349038995,0.026180448778727744,0.032609010050344556,85.94839597710946,27.356594007403856,0.962053688310327,0.00040044150110375275,0.030308830022075055,2265,0,4,daily_me_op,daily size characteristic,softmax_high_entropy,17,calibration,iid,constant_a023,0.036884644591611476
0.001766488637648909,-0.0007585990048448063,0.004316854613268774,0.028714929466504096,0.04540249077326837,68.95435899995122,28.09125792300919,0.9695565743929575,0.0004770860927152318,0.031186534216335538,2265,0,4,daily_me_op,daily size characteristic,softmax_high_entropy,17,calibration,iid,constant_a024,0.036884644591611476
-0.0006989804161504523,-0.0038030146081033216,0.0028505795655780902,0.033616783686722336,0.04271585084667992,94.99999811410126,26.02497836534974,0.9580573959761143,0.00046527858719646806,0.036884644591611476,2265,0,4,daily_me_op,daily size characteristic,softmax_high_entropy,17,calibration,iid,constant_equal_weight_public,0.036884644591611476
-0.0010796519262338197,-0.004729263209663602,0.0026677198820960002,0.0526754782825072,0.06406425976012954,92.9744028702516,25.700974309568984,0.9589516985120302,0.0006160706401766005,0.03774635761589404,2265,0,4,daily_me_op,daily size characteristic,softmax_high_entropy,17,calibration,iid,momentum_12,0.036884644591611476
0.0002742457201114412,-0.0037486985760933266,0.004006794979224929,0.04951380333809105,0.05955909387204122,77.95609740701727,28.09125792300919,0.9655822969505442,0.0004981015452538633,0.031074392935982336,2265,0,4,daily_me_op,daily size characteristic,softmax_high_entropy,17,calibration,iid,low_vol_12,0.036884644591611476
-0.0009178011981567827,-0.0038711873569132653,0.001588640354966021,0.052645280986067904,0.066430515960737,72.97005484081605,26.375762696608675,0.9677836402468804,0.0005762030905077263,0.03806313465783665,2265,0,4,daily_me_op,daily size characteristic,softmax_high_entropy,17,calibration,iid,risk_adjusted_12,0.036884644591611476
0.0048126323163198695,0.0016631877538981533,0.007907741098045139,0.03223364333138882,0.044261587711915296,76.98435798237699,26.887432824373516,0.966011320979083,0.0006927523178807945,0.03881093156732893,2265,0,4,daily_me_op,daily size characteristic,softmax_high_entropy,17,calibration,iid,ridge_return_train_only,0.036884644591611476
-0.00011985061538016441,-0.00598422384080411,0.004360389120597982,0.05860557498216305,0.09598429664186288,87.97185300735613,27.52598082809475,0.9611603297980768,0.00030348785871964673,0.0393766004415011,2265,0,4,daily_me_op,daily size characteristic,softmax_high_entropy,17,calibration,block,constant_a000,0.036884644591611476
0.0010999420983429575,-0.001823992145619979,0.003939601940525868,0.039551424437717225,0.05333088183782038,91.97340523746746,27.96043119552358,0.9593936400717583,0.00045673289183222954,0.03845033112582781,2265,0,4,daily_me_op,daily size characteristic,softmax_high_entropy,17,calibration,block,constant_a001,0.036884644591611476
0.0020188596289691238,-0.0028034944748597922,0.006560771805338865,0.039252552849314455,0.05572810396248572,89.96747787900357,26.938006704691666,0.9602792592145679,0.00042763796909492266,0.03839094922737307,2265,0,4,daily_me_op,daily size characteristic,softmax_high_entropy,17,calibration,block,constant_a002,0.036884644591611476
0.002175362180888922,-0.00205384002578474,0.005930843145222574,0.025969388514431518,0.029636824960883854,94.95830666397991,27.4360342778713,0.9580758027973598,0.00047395143487858726,0.03862604856512141,2265,0,4,daily_me_op,daily size characteristic,softmax_high_entropy,17,calibration,block,constant_a003,0.036884644591611476
0.0007639606730173369,-0.0023517834283042875,0.004296973288839293,0.04216975179810554,0.05195471370924853,88.97183818073624,27.335187442278677,0.960718835240293,0.0004247682119205297,0.04078388520971302,2265,0,4,daily_me_op,daily size characteristic,softmax_high_entropy,17,calibration,block,constant_a004,0.036884644591611476
-0.00013108338041938782,-0.003948052227868678,0.0038015692285399243,0.03838743921331553,0.04242254895652969,88.96557926188247,27.11860972377156,0.9607215985598753,0.0004983664459161148,0.04207969094922737,2265,0,4,daily_me_op,daily size characteristic,softmax_high_entropy,17,calibration,block,constant_a005,0.036884644591611476
0.0014072640212841171,-0.0023088166975387975,0.004685695331874519,0.030334358167773558,0.04515917343694886,95.98637703408626,26.793468395212997,0.9576219085942224,0.0004000000000000001,0.03936004415011037,2265,0,4,daily_me_op,daily size characteristic,softmax_high_entropy,17,calibration,block,constant_a006,0.036884644591611476
-0.0007375018327699241,-0.004014084366892788,0.002927068873432895,0.04591910252133267,0.056189689125367315,85.99045252072804,26.886789946909484,0.9620351202998993,0.0005164238410596026,0.03821633554083886,2265,0,4,daily_me_op,daily size characteristic,softmax_high_entropy,17,calibration,block,constant_a007,0.036884644591611476
0.00040695740092415504,-0.004074681399625433,0.004547448062069077,0.035925086169504294,0.040668969012055356,91.9729224535252,27.22079813022866,0.9593938532214017,0.000591523178807947,0.03958874172185431,2265,0,4,daily_me_op,daily size characteristic,softmax_high_entropy,17,calibration,block,constant_a008,0.036884644591611476
0.0006289822972144864,-0.0028402379237915235,0.004068460991448123,0.03161085531048141,0.044898386021251645,80.97616867277318,27.00462953800727,0.964248932153301,0.0006415011037527594,0.04022317880794702,2265,0,4,daily_me_op,daily size characteristic,softmax_high_entropy,17,calibration,block,constant_a009,0.036884644591611476
0.002184746515190686,-0.0022920709958920006,0.006797666516189395,0.046392771497858705,0.07373039674355032,80.9805752751884,26.894518898992512,0.9642469866334709,0.0004702428256070641,0.04091456953642385,2265,0,4,daily_me_op,daily size characteristic,softmax_high_entropy,17,calibration,block,constant_a010,0.036884644591611476
0.002849073796989287,-2.8639052615650096e-05,0.0063032647719600725,0.025407809984287082,0.02830270943920935,85.98716339145291,26.85335075342553,0.9620365724541047,0.0005049448123620308,0.03691633554083885,2265,0,4,daily_me_op,daily size characteristic,softmax_high_entropy,17,calibration,block,constant_a011,0.036884644591611476
0.0019739532669693256,-0.0007789907432380855,0.004577241715775524,0.019574404399934752,0.022307958524792965,91.98935495792415,26.606476096068654,0.9593865982525721,0.0005502428256070641,0.03507041942604857,2265,0,4,daily_me_op,daily size characteristic,softmax_high_entropy,17,calibration,block,constant_a012,0.036884644591611476
0.0014608282233169042,-0.0016784674134609232,0.004639892235601818,0.0242309155425845,0.026509522238216662,92.98649184907671,27.010829483428758,0.9589463612145357,0.0005137748344370861,0.036443487858719655,2265,0,4,daily_me_op,daily size characteristic,softmax_high_entropy,17,calibration,block,constant_a013,0.036884644591611476
-0.0006574291909759353,-0.0033841421905997544,0.001875741920300523,0.028324522782873188,0.03611769214209701,93.9789172603961,27.145413694952666,0.9585082043000459,0.000672671081677704,0.03833708609271524,2265,0,4,daily_me_op,daily size characteristic,softmax_high_entropy,17,calibration,block,constant_a014,0.036884644591611476
0.001021151033178285,-0.003954230014008852,0.008379833803881081,0.042038301930356826,0.06059294200737058,80.94394987282863,28.822099492947498,0.9642631567890382,0.0004266225165562914,0.042104856512141284,2265,0,4,daily_me_op,daily size characteristic,softmax_high_entropy,17,calibration,block,constant_a015,0.036884644591611476
-3.377043456531688e-05,-0.0024019072975314873,0.0022101287131131454,0.03280366004341103,0.03671474078307918,95.99073374087791,26.59395506710974,0.9576199851033651,0.0004412362030905077,0.037138410596026496,2265,0,4,daily_me_op,daily size characteristic,softmax_high_entropy,17,calibration,block,constant_a016,0.036884644591611476
0.00015850874471974284,-0.002924837469596054,0.0031383334087007795,0.03338412858275894,0.04368745547098586,87.98384758444948,26.798787681740247,0.961155034179051,0.00043708609271523176,0.03571677704194261,2265,0,4,daily_me_op,daily size characteristic,softmax_high_entropy,17,calibration,block,constant_a017,0.036884644591611476
-0.0011554443069304943,-0.004013517697456437,0.0009527297434286411,0.043309277297391646,0.06602443086944919,80.98387401192456,27.015294072795957,0.9642455302375609,0.0004893156732891833,0.03461456953642384,2265,0,4,daily_me_op,daily size characteristic,softmax_high_entropy,17,calibration,block,constant_a018,0.036884644591611476
0.000833993097623396,-0.0027843453966181174,0.003541990441094362,0.03332474629456261,0.045035383042167546,83.96850282008361,27.79255362480006,0.9629278133244664,0.0005333333333333335,0.03605783664459162,2265,0,4,daily_me_op,daily size characteristic,softmax_high_entropy,17,calibration,block,constant_a019,0.036884644591611476
0.00024332026761066257,-0.003758120608845219,0.0038406572437257184,0.04719588967451355,0.0672236854268111,72.95424226315254,27.570896848757418,0.9677906215173719,0.00028900662251655633,0.046241501103752754,2265,0,4,daily_me_op,daily size characteristic,softmax_high_entropy,17,calibration,block,constant_a020,0.036884644591611476
-0.0021245669712692066,-0.00679914032314164,0.0019036691527110608,0.049968136438622135,0.07232944927451636,87.96854763126564,27.8944974146495,0.9611617891252691,0.00029668874172185427,0.03527350993377483,2265,0,4,daily_me_op,daily size characteristic,softmax_high_entropy,17,calibration,block,constant_a021,0.036884644591611476
-0.002163980656736797,-0.005670159978937433,0.0009908111453125524,0.04585464417477718,0.06773337689882289,79.97050996084045,27.03958461497214,0.9646929315846179,0.00039487858719646797,0.03427064017660044,2265,0,4,daily_me_op,daily size characteristic,softmax_high_entropy,17,calibration,block,constant_a022,0.036884644591611476
0.00046961908039433524,-0.0017958961651293145,0.0023080017665445987,0.026180448778727744,0.03226626318542635,85.94839597710946,27.356594007403856,0.962053688310327,0.00040044150110375275,0.030308830022075055,2265,0,4,daily_me_op,daily size characteristic,softmax_high_entropy,17,calibration,block,constant_a023,0.036884644591611476
0.001766488637648909,-0.0008393965220049277,0.004365404254799332,0.028714929466504096,0.04685972726223979,68.95435899995122,28.09125792300919,0.9695565743929575,0.0004770860927152318,0.031186534216335538,2265,0,4,daily_me_op,daily size characteristic,softmax_high_entropy,17,calibration,block,constant_a024,0.036884644591611476
-0.0006989804161504523,-0.004149253679288954,0.0022639424243917493,0.033616783686722336,0.04157541898826477,94.99999811410126,26.02497836534974,0.9580573959761143,0.00046527858719646806,0.036884644591611476,2265,0,4,daily_me_op,daily size characteristic,softmax_high_entropy,17,calibration,block,constant_equal_weight_public,0.036884644591611476
-0.0010796519262338197,-0.005496645445832243,0.0023920256444903503,0.0526754782825072,0.06413925483515734,92.9744028702516,25.700974309568984,0.9589516985120302,0.0006160706401766005,0.03774635761589404,2265,0,4,daily_me_op,daily size characteristic,softmax_high_entropy,17,calibration,block,momentum_12,0.036884644591611476
0.0002742457201114412,-0.0024443411799061577,0.0029571579162730047,0.04951380333809105,0.0600801859201662,77.95609740701727,28.09125792300919,0.9655822969505442,0.0004981015452538633,0.031074392935982336,2265,0,4,daily_me_op,daily size characteristic,softmax_high_entropy,17,calibration,block,low_vol_12,0.036884644591611476
-0.0009178011981567827,-0.005084752506320358,0.001961405501823562,0.052645280986067904,0.06426099591166803,72.97005484081605,26.375762696608675,0.9677836402468804,0.0005762030905077263,0.03806313465783665,2265,0,4,daily_me_op,daily size characteristic,softmax_high_entropy,17,calibration,block,risk_adjusted_12,0.036884644591611476
0.0048126323163198695,0.0014905678082544915,0.007943739106288534,0.03223364333138882,0.04261501407522746,76.98435798237699,26.887432824373516,0.966011320979083,0.0006927523178807945,0.03881093156732893,2265,0,4,daily_me_op,daily size characteristic,softmax_high_entropy,17,calibration,block,ridge_return_train_only,0.036884644591611476
0.0016951975681604723,-0.0015458649234644972,0.00491146790801841,0.03488142979096661,0.0380768611934262,109.85040948683326,29.67011739627152,0.9614289292532187,0.0003962780898876405,0.03857907303370787,2848,0,4,daily_me_op,daily size characteristic,softmax_high_entropy,17,test,iid,constant_a000,0.036884644591611476
-0.0012342570180699198,-0.004232114667782155,0.0010636188876459647,0.026480786534037806,0.032590451680034015,106.96575749896827,27.401077980140336,0.9624417986309802,0.0005180828651685394,0.030657022471910114,2848,0,4,daily_me_op,daily size characteristic,softmax_high_entropy,17,test,iid,constant_a001,0.036884644591611476
0.0016771017170278386,-0.001808517242692591,0.004625733253662545,0.028473389710747803,0.03901678904552343,112.93078176252469,27.334772615794034,0.9603473378642821,0.0005845505617977528,0.030667977528089887,2848,0,4,daily_me_op,daily size characteristic,softmax_high_entropy,17,test,iid,constant_a002,0.036884644591611476
0.00022711596946827723,-0.003017007113051198,0.0026827006382518356,0.03935280186087857,0.07247752666213181,101.58679335828172,27.088396676145088,0.9643304798601539,0.000689817415730337,0.039128651685393256,2848,0,4,daily_me_op,daily size characteristic,softmax_high_entropy,17,test,iid,constant_a003,0.036884644591611476
0.003637751149800841,-0.00019351640796264028,0.007331079321501922,0.02994880578033829,0.038226891326100985,127.90690427995752,28.01726550813728,0.9550888678792284,0.0003732443820224719,0.03620463483146068,2848,0,4,daily_me_op,daily size characteristic,softmax_high_entropy,17,test,iid,constant_a004,0.036884644591611476
0.0005169216336978087,-0.002244166495517438,0.0030303938407585675,0.030769383363679893,0.03495306246238582,118.83381708525583,30.505018346434127,0.9582746428773681,0.0004969803370786517,0.04001446629213483,2848,0,4,daily_me_op,daily size characteristic,softmax_high_entropy,17,test,iid,constant_a005,0.036884644591611476
0.001639639665122977,-0.002537509114588079,0.005384356318693988,0.04243160982813706,0.0731543611320261,101.96802238185582,27.387413792714536,0.9641966213546854,0.000506179775280899,0.03197050561797753,2848,0,4,daily_me_op,daily size characteristic,softmax_high_entropy,17,test,iid,constant_a006,0.036884644591611476
-0.0017929017418440662,-0.004667286299239722,0.0010179650061025484,0.0470849483891015,0.06964848158572225,104.95376516299514,27.427333850890975,0.9631482566141168,0.0005496839887640451,0.03202626404494382,2848,0,4,daily_me_op,daily size characteristic,softmax_high_entropy,17,test,iid,constant_a007,0.036884644591611476
-0.0007495920313044964,-0.005485589513617888,0.003607443101974628,0.0454319168860506,0.07821702964377726,117.95439603631084,27.405041565423854,0.9585834283580369,0.0004826896067415731,0.03332331460674158,2848,0,4,daily_me_op,daily size characteristic,softmax_high_entropy,17,test,iid,constant_a008,0.036884644591611476
0.0027066264548972173,0.0003786195171209895,0.005178397216987737,0.024265775100605482,0.036350215059652885,105.95162567296293,27.434547831033488,0.9627978842440439,0.0004806179775280899,0.0354438202247191,2848,0,4,daily_me_op,daily size characteristic,softmax_high_entropy,17,test,iid,constant_a009,0.036884644591611476
-0.0007643832955692665,-0.003832259365397321,0.002363244404990422,0.02670336143697528,0.03003509486653443,122.88603180376202,29.039148806778144,0.9568518146756454,0.0005072331460674157,0.03976390449438202,2848,0,4,daily_me_op,daily size characteristic,softmax_high_entropy,17,test,iid,constant_a010,0.036884644591611476
0.0022520773488877758,-0.0007360359048548233,0.005000372831481174,0.02432238720805275,0.03471145475742589,128.980486417301,26.95448453608546,0.9547119078590938,0.0004511235955056179,0.03151390449438202,2848,0,4,daily_me_op,daily size characteristic,softmax_high_entropy,17,test,iid,constant_a011,0.036884644591611476
0.0021804974172727476,-0.0016507344386623552,0.005478709742015123,0.033766341893317224,0.05096332588299229,101.97558004685925,27.671785786655793,0.9641939676801758,0.0005087078651685394,0.032783988764044945,2848,0,4,daily_me_op,daily size characteristic,softmax_high_entropy,17,test,iid,constant_a012,0.036884644591611476
-0.0007470397694331431,-0.0032414488693788325,0.001983772956777188,0.024663880704621634,0.028893015561985917,109.97806326281571,27.669545137561443,0.9613841070004159,0.0005538623595505618,0.03227443820224719,2848,0,4,daily_me_op,daily size characteristic,softmax_high_entropy,17,test,iid,constant_a013,0.036884644591611476
-0.0012831715033018284,-0.004197912549741664,0.001885003672748667,0.030404650036630055,0.036795609928887675,116.96658408794333,27.519303200613056,0.9589302724410311,0.000419066011235955,0.03335842696629214,2848,0,4,daily_me_op,daily size characteristic,softmax_high_entropy,17,test,iid,constant_a014,0.036884644591611476
-0.0002940934208138175,-0.0037330468440977226,0.0028965151542820113,0.04580113453460549,0.058077675677453616,113.87640054579927,28.21364308484326,0.960015308797121,0.0005329705056179775,0.03754929775280899,2848,0,4,daily_me_op,daily size characteristic,softmax_high_entropy,17,test,iid,constant_a015,0.036884644591611476
0.002901570553029685,-0.0003515847917404371,0.005897430852907136,0.03390094665773044,0.055724447140375215,100.96817808192527,28.409518688800716,0.9645476902802229,0.0004458216292134831,0.029966853932584265,2848,0,4,daily_me_op,daily size characteristic,softmax_high_entropy,17,test,iid,constant_a016,0.036884644591611476
-0.0010702724009529778,-0.0038488997017386084,0.0018381192078364636,0.04073256254742711,0.05214870093754999,110.96833329983993,27.56740542452347,0.9610363998244944,0.0005253511235955056,0.02912837078651686,2848,0,4,daily_me_op,daily size characteristic,softmax_high_entropy,17,test,iid,constant_a017,0.036884644591611476
0.0016736387183466802,-0.0011356909976561066,0.004257274461325148,0.025209785109197417,0.028095434654369394,101.97661393688867,27.05527947472947,0.9641936046569913,0.0005296348314606743,0.0289566011235955,2848,0,4,daily_me_op,daily size characteristic,softmax_high_entropy,17,test,iid,constant_a018,0.036884644591611476
0.001965600661078404,-9.142274116440285e-05,0.0037466468520478235,0.02078309674904496,0.024758332742984113,110.97127653415056,27.113710382659857,0.9610353663854808,0.00048683286516853927,0.02873441011235955,2848,0,4,daily_me_op,daily size characteristic,softmax_high_entropy,17,test,iid,constant_a019,0.036884644591611476
-0.00022865972797379714,-0.0028484448975398956,0.0016858576616483193,0.03195355895782015,0.03867970770536716,98.84324647133849,30.626467647343546,0.9652938039075356,0.0004640800561797754,0.037429634831460674,2848,0,4,daily_me_op,daily size characteristic,softmax_high_entropy,17,test,iid,constant_a020,0.036884644591611476
-0.0007101658428900196,-0.0025841085352643583,0.001205092487453931,0.02737089247069191,0.03138212592146666,96.93874059764784,27.6999248563033,0.9659625208575675,0.0005357092696629213,0.029238483146067418,2848,0,4,daily_me_op,daily size characteristic,softmax_high_entropy,17,test,iid,constant_a021,0.036884644591611476
0.0013761851127842952,-0.000713259170568313,0.0031863525699116716,0.019412950555868436,0.022543230185131314,100.91855359580711,28.31437847649452,0.9645651146082138,0.000558251404494382,0.02764115168539326,2848,0,4,daily_me_op,daily size characteristic,softmax_high_entropy,17,test,iid,constant_a022,0.036884644591611476
0.002781997498256649,0.0006778195398953344,0.004946236050839674,0.02057119701716164,0.023996874377751977,110.93234485483222,27.56413721977607,0.9610490362167021,0.0006573033707865169,0.028800421348314606,2848,0,4,daily_me_op,daily size characteristic,softmax_high_entropy,17,test,iid,constant_a023,0.036884644591611476
6.256248548524212e-05,-0.002213799048548224,0.0021484394250313333,0.02608895503831302,0.03448422967393174,102.9135359702221,28.070346189300306,0.9638646292239389,0.0006134831460674157,0.02737092696629214,2848,0,4,daily_me_op,daily size characteristic,softmax_high_entropy,17,test,iid,constant_a024,0.036884644591611476
-0.0023217907113249688,-0.004839138344231884,2.9478858725273396e-05,0.03882628296346172,0.050688839754927495,106.99996153599494,26.129890787024777,0.9624297887865186,0.0005147022471910111,0.030364893258426964,2848,0,4,daily_me_op,daily size characteristic,softmax_high_entropy,17,test,iid,constant_equal_weight_public,0.036884644591611476
0.0006257149385027859,-0.0023107066009724945,0.003595618269822357,0.046123646565342694,0.07527201518068044,119.63277215399863,25.617076782892582,0.9579941109009836,0.0005490519662921348,0.039553370786516856,2848,0,4,daily_me_op,daily size characteristic,softmax_high_entropy,17,test,iid,momentum_12,0.036884644591611476
0.0013069552143984834,-0.0008095185605476465,0.003655858206332277,0.027578704139616505,0.048595680937044555,97.92280708133362,28.254882782104584,0.9656169918955991,0.0004874002808988763,0.026351544943820224,2848,0,4,daily_me_op,daily size characteristic,softmax_high_entropy,17,test,iid,low_vol_12,0.036884644591611476
0.00025268286491276197,-0.002735657894490166,0.002745125537318835,0.04637730878011846,0.07191417496456928,120.60002882181581,26.87224021222743,0.9576544842620028,0.0007221207865168541,0.0337123595505618,2848,0,4,daily_me_op,daily size characteristic,softmax_high_entropy,17,test,iid,risk_adjusted_12,0.036884644591611476
0.0013593039522446096,-0.0028444057662415398,0.004743228002847613,0.03336762527857303,0.04473745779243932,110.91437744585164,28.156718154989886,0.9610553449979453,0.00041585674157303365,0.03529432584269663,2848,0,4,daily_me_op,daily size characteristic,softmax_high_entropy,17,test,iid,ridge_return_train_only,0.036884644591611476
0.0016951975681604723,-0.0018338876647890014,0.005007649146330266,0.03488142979096661,0.037951894367189966,109.85040948683326,29.67011739627152,0.9614289292532187,0.0003962780898876405,0.03857907303370787,2848,0,4,daily_me_op,daily size characteristic,softmax_high_entropy,17,test,block,constant_a000,0.036884644591611476
-0.0012342570180699198,-0.0037412244376989786,0.0012510671305331353,0.026480786534037806,0.031536875471363364,106.96575749896827,27.401077980140336,0.9624417986309802,0.0005180828651685394,0.030657022471910114,2848,0,4,daily_me_op,daily size characteristic,softmax_high_entropy,17,test,block,constant_a001,0.036884644591611476
0.0016771017170278386,-0.000953202899301753,0.004115003856556324,0.028473389710747803,0.03729574732676141,112.93078176252469,27.334772615794034,0.9603473378642821,0.0005845505617977528,0.030667977528089887,2848,0,4,daily_me_op,daily size characteristic,softmax_high_entropy,17,test,block,constant_a002,0.036884644591611476
0.00022711596946827723,-0.0019739952869504045,0.0024147252189871595,0.03935280186087857,0.06852799569211838,101.58679335828172,27.088396676145088,0.9643304798601539,0.000689817415730337,0.039128651685393256,2848,0,4,daily_me_op,daily size characteristic,softmax_high_entropy,17,test,block,constant_a003,0.036884644591611476
0.003637751149800841,4.0728024184759786e-05,0.007410092160807595,0.02994880578033829,0.03876522992097589,127.90690427995752,28.01726550813728,0.9550888678792284,0.0003732443820224719,0.03620463483146068,2848,0,4,daily_me_op,daily size characteristic,softmax_high_entropy,17,test,block,constant_a004,0.036884644591611476
0.0005169216336978087,-0.0018983172830319159,0.0030100801835346125,0.030769383363679893,0.034750082919721696,118.83381708525583,30.505018346434127,0.9582746428773681,0.0004969803370786517,0.04001446629213483,2848,0,4,daily_me_op,daily size characteristic,softmax_high_entropy,17,test,block,constant_a005,0.036884644591611476
0.001639639665122977,-0.001700695927733431,0.004808315129676601,0.04243160982813706,0.07095108764588706,101.96802238185582,27.387413792714536,0.9641966213546854,0.000506179775280899,0.03197050561797753,2848,0,4,daily_me_op,daily size characteristic,softmax_high_entropy,17,test,block,constant_a006,0.036884644591611476
-0.0017929017418440662,-0.004596351233086545,0.0006382131727792546,0.0470849483891015,0.07146655147348474,104.95376516299514,27.427333850890975,0.9631482566141168,0.0005496839887640451,0.03202626404494382,2848,0,4,daily_me_op,daily size characteristic,softmax_high_entropy,17,test,block,constant_a007,0.036884644591611476
-0.0007495920313044964,-0.003160132136371711,0.001490116642468491,0.0454319168860506,0.07353725829991208,117.95439603631084,27.405041565423854,0.9585834283580369,0.0004826896067415731,0.03332331460674158,2848,0,4,daily_me_op,daily size characteristic,softmax_high_entropy,17,test,block,constant_a008,0.036884644591611476
0.0027066264548972173,0.00039744249123546433,0.005322514134572698,0.024265775100605482,0.034012350459735656,105.95162567296293,27.434547831033488,0.9627978842440439,0.0004806179775280899,0.0354438202247191,2848,0,4,daily_me_op,daily size characteristic,softmax_high_entropy,17,test,block,constant_a009,0.036884644591611476
-0.0007643832955692665,-0.003583950949798544,0.0019295788559296973,0.02670336143697528,0.03078319925997375,122.88603180376202,29.039148806778144,0.9568518146756454,0.0005072331460674157,0.03976390449438202,2848,0,4,daily_me_op,daily size characteristic,softmax_high_entropy,17,test,block,constant_a010,0.036884644591611476
0.0022520773488877758,-0.0004686802801791189,0.004702719375930357,0.02432238720805275,0.031155629409204206,128.980486417301,26.95448453608546,0.9547119078590938,0.0004511235955056179,0.03151390449438202,2848,0,4,daily_me_op,daily size characteristic,softmax_high_entropy,17,test,block,constant_a011,0.036884644591611476
0.0021804974172727476,-0.0009501196454155471,0.005401916604255803,0.033766341893317224,0.04797948586439646,101.97558004685925,27.671785786655793,0.9641939676801758,0.0005087078651685394,0.032783988764044945,2848,0,4,daily_me_op,daily size characteristic,softmax_high_entropy,17,test,block,constant_a012,0.036884644591611476
-0.0007470397694331431,-0.0032181238914970427,0.0014728962973785235,0.024663880704621634,0.029171624497205124,109.97806326281571,27.669545137561443,0.9613841070004159,0.0005538623595505618,0.03227443820224719,2848,0,4,daily_me_op,daily size characteristic,softmax_high_entropy,17,test,block,constant_a013,0.036884644591611476
-0.0012831715033018284,-0.004231425591664375,0.0017112958779907982,0.030404650036630055,0.036960796247526656,116.96658408794333,27.519303200613056,0.9589302724410311,0.000419066011235955,0.03335842696629214,2848,0,4,daily_me_op,daily size characteristic,softmax_high_entropy,17,test,block,constant_a014,0.036884644591611476
-0.0002940934208138175,-0.0041635850221927555,0.003057326145777737,0.04580113453460549,0.05928156977174127,113.87640054579927,28.21364308484326,0.960015308797121,0.0005329705056179775,0.03754929775280899,2848,0,4,daily_me_op,daily size characteristic,softmax_high_entropy,17,test,block,constant_a015,0.036884644591611476
0.002901570553029685,0.0001872788370346524,0.005889929969505473,0.03390094665773044,0.05204819228982327,100.96817808192527,28.409518688800716,0.9645476902802229,0.0004458216292134831,0.029966853932584265,2848,0,4,daily_me_op,daily size characteristic,softmax_high_entropy,17,test,block,constant_a016,0.036884644591611476
-0.0010702724009529778,-0.005054505000289007,0.0017884094185253363,0.04073256254742711,0.051814070915299604,110.96833329983993,27.56740542452347,0.9610363998244944,0.0005253511235955056,0.02912837078651686,2848,0,4,daily_me_op,daily size characteristic,softmax_high_entropy,17,test,block,constant_a017,0.036884644591611476
0.0016736387183466802,-0.0011342879517526523,0.004658914162276447,0.025209785109197417,0.028973695167969094,101.97661393688867,27.05527947472947,0.9641936046569913,0.0005296348314606743,0.0289566011235955,2848,0,4,daily_me_op,daily size characteristic,softmax_high_entropy,17,test,block,constant_a018,0.036884644591611476
0.001965600661078404,-0.00012924991289422393,0.00366594016909894,0.02078309674904496,0.024779458650640837,110.97127653415056,27.113710382659857,0.9610353663854808,0.00048683286516853927,0.02873441011235955,2848,0,4,daily_me_op,daily size characteristic,softmax_high_entropy,17,test,block,constant_a019,0.036884644591611476
-0.00022865972797379714,-0.003389368905514956,0.002256145081460561,0.03195355895782015,0.03852291295965268,98.84324647133849,30.626467647343546,0.9652938039075356,0.0004640800561797754,0.037429634831460674,2848,0,4,daily_me_op,daily size characteristic,softmax_high_entropy,17,test,block,constant_a020,0.036884644591611476
-0.0007101658428900196,-0.0025290026073907478,0.0012649759894369837,0.02737089247069191,0.03157615757148215,96.93874059764784,27.6999248563033,0.9659625208575675,0.0005357092696629213,0.029238483146067418,2848,0,4,daily_me_op,daily size characteristic,softmax_high_entropy,17,test,block,constant_a021,0.036884644591611476
0.0013761851127842952,-0.0010297146795392982,0.0032231785346987455,0.019412950555868436,0.022959119453687626,100.91855359580711,28.31437847649452,0.9645651146082138,0.000558251404494382,0.02764115168539326,2848,0,4,daily_me_op,daily size characteristic,softmax_high_entropy,17,test,block,constant_a022,0.036884644591611476
0.002781997498256649,0.0003065957960428639,0.005198764285968199,0.02057119701716164,0.024845992724435006,110.93234485483222,27.56413721977607,0.9610490362167021,0.0006573033707865169,0.028800421348314606,2848,0,4,daily_me_op,daily size characteristic,softmax_high_entropy,17,test,block,constant_a023,0.036884644591611476
6.256248548524212e-05,-0.0019729932041518848,0.0020513027789239254,0.02608895503831302,0.03643111709558463,102.9135359702221,28.070346189300306,0.9638646292239389,0.0006134831460674157,0.02737092696629214,2848,0,4,daily_me_op,daily size characteristic,softmax_high_entropy,17,test,block,constant_a024,0.036884644591611476
-0.0023217907113249688,-0.005088269480011826,0.00022090444064196108,0.03882628296346172,0.04976401267489654,106.99996153599494,26.129890787024777,0.9624297887865186,0.0005147022471910111,0.030364893258426964,2848,0,4,daily_me_op,daily size characteristic,softmax_high_entropy,17,test,block,constant_equal_weight_public,0.036884644591611476
0.0006257149385027859,-0.002805838893169397,0.003518447925315055,0.046123646565342694,0.071473671146682,119.63277215399863,25.617076782892582,0.9579941109009836,0.0005490519662921348,0.039553370786516856,2848,0,4,daily_me_op,daily size characteristic,softmax_high_entropy,17,test,block,momentum_12,0.036884644591611476
0.0013069552143984834,-0.0013835921003920214,0.003585847522408882,0.027578704139616505,0.050008840907498714,97.92280708133362,28.254882782104584,0.9656169918955991,0.0004874002808988763,0.026351544943820224,2848,0,4,daily_me_op,daily size characteristic,softmax_high_entropy,17,test,block,low_vol_12,0.036884644591611476
0.00025268286491276197,-0.00259537656944257,0.002904588055180859,0.04637730878011846,0.07187564380792118,120.60002882181581,26.87224021222743,0.9576544842620028,0.0007221207865168541,0.0337123595505618,2848,0,4,daily_me_op,daily size characteristic,softmax_high_entropy,17,test,block,risk_adjusted_12,0.036884644591611476
0.0013593039522446096,-0.0020974256271784858,0.0044389524962228834,0.03336762527857303,0.04383720499791936,110.91437744585164,28.156718154989886,0.9610553449979453,0.00041585674157303365,0.03529432584269663,2848,0,4,daily_me_op,daily size characteristic,softmax_high_entropy,17,test,block,ridge_return_train_only,0.036884644591611476
-0.00012046832317823275,-0.002677860762847026,0.0027289255684909246,0.026797638761377432,0.03086775429354152,82.96646350872768,27.373419422140234,0.9633702147864337,0.00030348785871964673,0.0393766004415011,2265,0,4,daily_me_op,daily size characteristic,softmax_high_entropy,27,calibration,iid,constant_a000,0.036884644591611476
0.00036806762101328493,-0.002306662804764674,0.003054473623730072,0.0299217474523416,0.03546233482686411,91.97355435327576,27.453557852887922,0.9593935742369644,0.00045673289183222954,0.03845033112582781,2265,0,4,daily_me_op,daily size characteristic,softmax_high_entropy,27,calibration,iid,constant_a001,0.036884644591611476
0.0027196945708872983,-0.0014986470311464239,0.006824604558294906,0.026514199048323157,0.03240239817035578,104.96052256952582,27.10678242063791,0.953659813435088,0.00042763796909492266,0.03839094922737307,2265,0,4,daily_me_op,daily size characteristic,softmax_high_entropy,27,calibration,iid,constant_a002,0.036884644591611476
-0.0020041241998933926,-0.004958724979860812,0.001342343201703623,0.03871982507979639,0.04888313397110365,84.96570841640714,27.4129630992031,0.9624875459530211,0.00047395143487858726,0.03862604856512141,2265,0,4,daily_me_op,daily size characteristic,softmax_high_entropy,27,calibration,iid,constant_a003,0.036884644591611476
0.0024807077144886466,-0.0008389386877345249,0.006294879699354718,0.03504887550916221,0.04718907892240409,88.97224215957056,27.22151092300091,0.9607186568831918,0.0004247682119205297,0.04078388520971302,2265,0,4,daily_me_op,daily size characteristic,softmax_high_entropy,27,calibration,iid,constant_a004,0.036884644591611476
0.0011241693952635723,-0.0021642911618685668,0.0046745501674055005,0.04545838187444115,0.05470103391104652,83.96913893533724,27.5497310610895,0.9629275324788799,0.0004983664459161148,0.04207969094922737,2265,0,4,daily_me_op,daily size characteristic,softmax_high_entropy,27,calibration,iid,constant_a005,0.036884644591611476
0.0033938080688083404,0.0004926452879549198,0.006546236936492815,0.026883172274994444,0.03079403392709652,78.98560272399374,26.850662910403834,0.9651277692167798,0.0004000000000000001,0.03936004415011037,2265,0,4,daily_me_op,daily size characteristic,softmax_high_entropy,27,calibration,iid,constant_a006,0.036884644591611476
-0.0010972427894646289,-0.0037453220474193243,0.0023677036585969865,0.036723311629760294,0.043597519583342674,83.98913746455285,26.572712283554726,0.9629187031061577,0.0005164238410596026,0.03821633554083886,2265,0,4,daily_me_op,daily size characteristic,softmax_high_entropy,27,calibration,iid,constant_a007,0.036884644591611476
0.0008976399629416934,-0.0023730860342931195,0.004530207571222194,0.03661019476598809,0.04635011065750471,80.95890439363481,29.571567224785085,0.9642565543515961,0.000591523178807947,0.03958874172185431,2265,0,4,daily_me_op,daily size characteristic,softmax_high_entropy,27,calibration,iid,constant_a008,0.036884644591611476
0.00012456571170518468,-0.0031446700442249805,0.0038677765239749206,0.03614551786956154,0.03868537988871924,84.9745840877612,27.03991406462959,0.9624836273343218,0.0006415011037527594,0.04022317880794702,2265,0,4,daily_me_op,daily size characteristic,softmax_high_entropy,27,calibration,iid,constant_a009,0.036884644591611476
-0.0030225710437934454,-0.008022170900150564,0.0012209347751893714,0.04028331611669918,0.047481666392242806,87.97279889017307,27.055899023183816,0.961159912189769,0.0004702428256070641,0.04091456953642385,2265,0,4,daily_me_op,daily size characteristic,softmax_high_entropy,27,calibration,iid,constant_a010,0.036884644591611476
0.0052696019535769046,0.0014814632673350136,0.00949567052792641,0.02611558644366192,0.032312704348251516,84.98935649466293,26.483149627392944,0.9624771053003696,0.0005049448123620308,0.03691633554083885,2265,0,4,daily_me_op,daily size characteristic,softmax_high_entropy,27,calibration,iid,constant_a011,0.036884644591611476
-0.0011992583147416311,-0.004862120195940383,0.002019396954746985,0.044333126500861526,0.06202751789752398,77.98776297387435,27.113859753215372,0.9655683165678259,0.0005502428256070641,0.03507041942604857,2265,0,4,daily_me_op,daily size characteristic,softmax_high_entropy,27,calibration,iid,constant_a012,0.036884644591611476
-0.0011235119733054271,-0.004497933804427733,0.002378833728595252,0.04925662678628783,0.058390632076130024,82.99220606052349,26.45356773364252,0.9633588494214025,0.0005137748344370861,0.036443487858719655,2265,0,4,daily_me_op,daily size characteristic,softmax_high_entropy,27,calibration,iid,constant_a013,0.036884644591611476
-0.0015158880752328438,-0.005383626106215864,0.0021101840101329806,0.05565775438639024,0.07584256120053764,84.97109423736711,27.224632194104686,0.9624851681071227,0.000672671081677704,0.03833708609271524,2265,0,4,daily_me_op,daily size characteristic,softmax_high_entropy,27,calibration,iid,constant_a014,0.036884644591611476
-0.004247038660094757,-0.009492920190124182,0.0001907576729493367,0.07639482557457988,0.1042173861157513,84.96648298285766,27.360242082252658,0.9624872039810783,0.0004266225165562914,0.042104856512141284,2265,0,4,daily_me_op,daily size characteristic,softmax_high_entropy,27,calibration,iid,constant_a015,0.036884644591611476
-0.000679774798451344,-0.003815206052616885,0.002779961453361115,0.028143545162923615,0.03188373815361345,88.98588178352449,27.217050201589025,0.9607126349741614,0.0004412362030905077,0.037138410596026496,2265,0,4,daily_me_op,daily size characteristic,softmax_high_entropy,27,calibration,iid,constant_a016,0.036884644591611476
0.0025495711307962224,0.00035223535717982365,0.005492786392788986,0.020723770105384048,0.023211338840672627,94.98512438820755,26.796641079701324,0.9580639627425133,0.00043708609271523176,0.03571677704194261,2265,0,4,daily_me_op,daily size characteristic,softmax_high_entropy,27,calibration,iid,constant_a017,0.036884644591611476
-0.0013817360444194605,-0.00438098036129708,0.0016297433290860968,0.04014213110441531,0.05150448063602823,83.98467163103035,27.100266000062575,0.962920674776587,0.0004893156732891833,0.03461456953642384,2265,0,4,daily_me_op,daily size characteristic,softmax_high_entropy,27,calibration,iid,constant_a018,0.036884644591611476
0.00193214974796893,-0.0017936687747132452,0.004369737733295641,0.043756109780048055,0.08400699131648295,79.9855939038761,27.098117653192794,0.9646862720071188,0.0005333333333333335,0.03605783664459162,2265,0,4,daily_me_op,daily size characteristic,softmax_high_entropy,27,calibration,iid,constant_a019,0.036884644591611476
0.002533810564728664,-0.0011522310288673801,0.005952998274586886,0.03385634116873667,0.04240256047336332,90.91897061073344,29.829412120414382,0.9598591741232965,0.00028900662251655633,0.046241501103752754,2265,0,4,daily_me_op,daily size characteristic,softmax_high_entropy,27,calibration,iid,constant_a020,0.036884644591611476
-2.8430557960750936e-05,-0.0034112709884563533,0.003697607133372652,0.04118610651798536,0.053792192497209096,82.98063685400626,27.803758452093987,0.9633639572388494,0.00029668874172185427,0.03527350993377483,2265,0,4,daily_me_op,daily size characteristic,softmax_high_entropy,27,calibration,iid,constant_a021,0.036884644591611476
0.00027467319627124244,-0.0030633199221678387,0.003447280888551574,0.045143971228965483,0.07232322305083522,97.96774148333445,27.132203012342185,0.9567471340029429,0.00039487858719646797,0.03427064017660044,2265,0,4,daily_me_op,daily size characteristic,softmax_high_entropy,27,calibration,iid,constant_a022,0.036884644591611476
0.002766429029499497,-0.0015149883007215185,0.0068970823521404875,0.027040793104193293,0.04733217943475386,94.93010434132296,27.711166448859352,0.9580882541539413,0.00040044150110375275,0.030308830022075055,2265,0,4,daily_me_op,daily size characteristic,softmax_high_entropy,27,calibration,iid,constant_a023,0.036884644591611476
-0.00042815233486235025,-0.00277364338906437,0.001419182903462253,0.01947797413817477,0.020959102895490942,102.94004348730043,28.324208286339918,0.9545518571799998,0.0004770860927152318,0.031186534216335538,2265,0,4,daily_me_op,daily size characteristic,softmax_high_entropy,27,calibration,iid,constant_a024,0.036884644591611476
0.0011181978384703995,-0.001578832185269049,0.0040477496434302975,0.03234482532470399,0.036304598109510824,75.99999903178863,26.013737916438075,0.9664459165422566,0.00046527858719646806,0.036884644591611476,2265,0,4,daily_me_op,daily size characteristic,softmax_high_entropy,27,calibration,iid,constant_equal_weight_public,0.036884644591611476
0.00011674903881594219,-0.0038296682667855906,0.004649586446235144,0.052409376454880925,0.07178135819410011,72.97407512904884,25.725995180756346,0.9677818652851882,0.0006160706401766005,0.03774635761589404,2265,0,4,daily_me_op,daily size characteristic,softmax_high_entropy,27,calibration,iid,momentum_12,0.036884644591611476
0.00034712182880908943,-0.0029619904169099626,0.003491155771968305,0.03437597391336075,0.05087994636823303,90.95905178896923,28.324208286339918,0.9598414782388657,0.0004981015452538633,0.031074392935982336,2265,0,4,daily_me_op,daily size characteristic,softmax_high_entropy,27,calibration,iid,low_vol_12,0.036884644591611476
-0.0002052611742788436,-0.0034063796211040256,0.0027688041388342906,0.04827761493378831,0.07103613191540245,80.96477387353033,26.450857716701474,0.9642539629697437,0.0005762030905077263,0.03806313465783665,2265,0,4,daily_me_op,daily size characteristic,softmax_high_entropy,27,calibration,iid,risk_adjusted_12,0.036884644591611476
-0.0002424316356929419,-0.004098450957293402,0.0031222176432137406,0.03258657041755347,0.03807726781913693,101.96103920627434,27.711166448859352,0.9549840886506515,0.0004465377483443708,0.03730301103752759,2265,0,4,daily_me_op,daily size characteristic,softmax_high_entropy,27,calibration,iid,ridge_return_train_only,0.036884644591611476
-0.00012046832317823275,-0.0036754507618186653,0.0022229880417539353,0.026797638761377432,0.03139006502220038,82.96646350872768,27.373419422140234,0.9633702147864337,0.00030348785871964673,0.0393766004415011,2265,0,4,daily_me_op,daily size characteristic,softmax_high_entropy,27,calibration,block,constant_a000,0.036884644591611476
0.00036806762101328493,-0.0022706425688568854,0.003066821260861686,0.0299217474523416,0.0363407041158558,91.97355435327576,27.453557852887922,0.9593935742369644,0.00045673289183222954,0.03845033112582781,2265,0,4,daily_me_op,daily size characteristic,softmax_high_entropy,27,calibration,block,constant_a001,0.036884644591611476
0.0027196945708872983,-0.0015257096224432958,0.007087588152413909,0.026514199048323157,0.032112989126601134,104.96052256952582,27.10678242063791,0.953659813435088,0.00042763796909492266,0.03839094922737307,2265,0,4,daily_me_op,daily size characteristic,softmax_high_entropy,27,calibration,block,constant_a002,0.036884644591611476
-0.0020041241998933926,-0.005100434756809317,0.0006064025901798808,0.03871982507979639,0.04988425055803274,84.96570841640714,27.4129630992031,0.9624875459530211,0.00047395143487858726,0.03862604856512141,2265,0,4,daily_me_op,daily size characteristic,softmax_high_entropy,27,calibration,block,constant_a003,0.036884644591611476
0.0024807077144886466,-0.0009395333369318407,0.005232895656869168,0.03504887550916221,0.04764906310101109,88.97224215957056,27.22151092300091,0.9607186568831918,0.0004247682119205297,0.04078388520971302,2265,0,4,daily_me_op,daily size characteristic,softmax_high_entropy,27,calibration,block,constant_a004,0.036884644591611476
0.0011241693952635723,-0.001530690012012592,0.00462946928497371,0.04545838187444115,0.05580919034219313,83.96913893533724,27.5497310610895,0.9629275324788799,0.0004983664459161148,0.04207969094922737,2265,0,4,daily_me_op,daily size characteristic,softmax_high_entropy,27,calibration,block,constant_a005,0.036884644591611476
0.0033938080688083404,0.00027379040511350523,0.00618029356784392,0.026883172274994444,0.030215768259013443,78.98560272399374,26.850662910403834,0.9651277692167798,0.0004000000000000001,0.03936004415011037,2265,0,4,daily_me_op,daily size characteristic,softmax_high_entropy,27,calibration,block,constant_a006,0.036884644591611476
-0.0010972427894646289,-0.004566897897713797,0.0017610952996635503,0.036723311629760294,0.043841963273628284,83.98913746455285,26.572712283554726,0.9629187031061577,0.0005164238410596026,0.03821633554083886,2265,0,4,daily_me_op,daily size characteristic,softmax_high_entropy,27,calibration,block,constant_a007,0.036884644591611476
0.0008976399629416934,-0.0019841237844667146,0.004770749966254371,0.03661019476598809,0.047650515627076985,80.95890439363481,29.571567224785085,0.9642565543515961,0.000591523178807947,0.03958874172185431,2265,0,4,daily_me_op,daily size characteristic,softmax_high_entropy,27,calibration,block,constant_a008,0.036884644591611476
0.00012456571170518468,-0.0036293382455413747,0.003574224330437659,0.03614551786956154,0.03937156890366641,84.9745840877612,27.03991406462959,0.9624836273343218,0.0006415011037527594,0.04022317880794702,2265,0,4,daily_me_op,daily size characteristic,softmax_high_entropy,27,calibration,block,constant_a009,0.036884644591611476
-0.0030225710437934454,-0.007865906071523493,0.0020398664949383637,0.04028331611669918,0.04736403519410645,87.97279889017307,27.055899023183816,0.961159912189769,0.0004702428256070641,0.04091456953642385,2265,0,4,daily_me_op,daily size characteristic,softmax_high_entropy,27,calibration,block,constant_a010,0.036884644591611476
0.0052696019535769046,0.0014900279152181152,0.009167024674180856,0.02611558644366192,0.03201296545300199,84.98935649466293,26.483149627392944,0.9624771053003696,0.0005049448123620308,0.03691633554083885,2265,0,4,daily_me_op,daily size characteristic,softmax_high_entropy,27,calibration,block,constant_a011,0.036884644591611476
-0.0011992583147416311,-0.005391646244376722,0.0030362657241560635,0.044333126500861526,0.061747635713656344,77.98776297387435,27.113859753215372,0.9655683165678259,0.0005502428256070641,0.03507041942604857,2265,0,4,daily_me_op,daily size characteristic,softmax_high_entropy,27,calibration,block,constant_a012,0.036884644591611476
-0.0011235119733054271,-0.005528821409473226,0.0019660289919759084,0.04925662678628783,0.05853599220831771,82.99220606052349,26.45356773364252,0.9633588494214025,0.0005137748344370861,0.036443487858719655,2265,0,4,daily_me_op,daily size characteristic,softmax_high_entropy,27,calibration,block,constant_a013,0.036884644591611476
-0.0015158880752328438,-0.005184506879029648,0.0010532208460677281,0.05565775438639024,0.08013687740867513,84.97109423736711,27.224632194104686,0.9624851681071227,0.000672671081677704,0.03833708609271524,2265,0,4,daily_me_op,daily size characteristic,softmax_high_entropy,27,calibration,block,constant_a014,0.036884644591611476
-0.004247038660094757,-0.009159819238449338,0.00028451216915859723,0.07639482557457988,0.10698851321964684,84.96648298285766,27.360242082252658,0.9624872039810783,0.0004266225165562914,0.042104856512141284,2265,0,4,daily_me_op,daily size characteristic,softmax_high_entropy,27,calibration,block,constant_a015,0.036884644591611476
-0.000679774798451344,-0.004316508623363515,0.002867188921254414,0.028143545162923615,0.032991215280825964,88.98588178352449,27.217050201589025,0.9607126349741614,0.0004412362030905077,0.037138410596026496,2265,0,4,daily_me_op,daily size characteristic,softmax_high_entropy,27,calibration,block,constant_a016,0.036884644591611476
0.0025495711307962224,-2.7757571494180754e-05,0.00555981652084503,0.020723770105384048,0.023196777803108012,94.98512438820755,26.796641079701324,0.9580639627425133,0.00043708609271523176,0.03571677704194261,2265,0,4,daily_me_op,daily size characteristic,softmax_high_entropy,27,calibration,block,constant_a017,0.036884644591611476
-0.0013817360444194605,-0.004531317016477366,0.0020712131973013464,0.04014213110441531,0.05189209403406792,83.98467163103035,27.100266000062575,0.962920674776587,0.0004893156732891833,0.03461456953642384,2265,0,4,daily_me_op,daily size characteristic,softmax_high_entropy,27,calibration,block,constant_a018,0.036884644591611476
0.00193214974796893,-0.0014344351550422412,0.004821265588026019,0.043756109780048055,0.07976082949440412,79.9855939038761,27.098117653192794,0.9646862720071188,0.0005333333333333335,0.03605783664459162,2265,0,4,daily_me_op,daily size characteristic,softmax_high_entropy,27,calibration,block,constant_a019,0.036884644591611476
0.002533810564728664,-0.0009972806533771765,0.005948197712950621,0.03385634116873667,0.042157214900802556,90.91897061073344,29.829412120414382,0.9598591741232965,0.00028900662251655633,0.046241501103752754,2265,0,4,daily_me_op,daily size characteristic,softmax_high_entropy,27,calibration,block,constant_a020,0.036884644591611476
-2.8430557960750936e-05,-0.003574943568036425,0.0034408582238991026,0.04118610651798536,0.054927570686385714,82.98063685400626,27.803758452093987,0.9633639572388494,0.00029668874172185427,0.03527350993377483,2265,0,4,daily_me_op,daily size characteristic,softmax_high_entropy,27,calibration,block,constant_a021,0.036884644591611476
0.00027467319627124244,-0.003548625120677752,0.0030043311286220152,0.045143971228965483,0.07281626589229122,97.96774148333445,27.132203012342185,0.9567471340029429,0.00039487858719646797,0.03427064017660044,2265,0,4,daily_me_op,daily size characteristic,softmax_high_entropy,27,calibration,block,constant_a022,0.036884644591611476
0.002766429029499497,-0.0006413715552460867,0.006653831025380543,0.027040793104193293,0.04679207402338203,94.93010434132296,27.711166448859352,0.9580882541539413,0.00040044150110375275,0.030308830022075055,2265,0,4,daily_me_op,daily size characteristic,softmax_high_entropy,27,calibration,block,constant_a023,0.036884644591611476
-0.00042815233486235025,-0.002911259305479872,0.0020123605014939995,0.01947797413817477,0.02095543846926452,102.94004348730043,28.324208286339918,0.9545518571799998,0.0004770860927152318,0.031186534216335538,2265,0,4,daily_me_op,daily size characteristic,softmax_high_entropy,27,calibration,block,constant_a024,0.036884644591611476
0.0011181978384703995,-0.0013970302690838932,0.0039060395550680966,0.03234482532470399,0.03664392712598545,75.99999903178863,26.013737916438075,0.9664459165422566,0.00046527858719646806,0.036884644591611476,2265,0,4,daily_me_op,daily size characteristic,softmax_high_entropy,27,calibration,block,constant_equal_weight_public,0.036884644591611476
0.00011674903881594219,-0.0038419811814075326,0.0043418004580140605,0.052409376454880925,0.0721446432023579,72.97407512904884,25.725995180756346,0.9677818652851882,0.0006160706401766005,0.03774635761589404,2265,0,4,daily_me_op,daily size characteristic,softmax_high_entropy,27,calibration,block,momentum_12,0.036884644591611476
0.00034712182880908943,-0.0026422072423705227,0.0034449719433547587,0.03437597391336075,0.05170208131869271,90.95905178896923,28.324208286339918,0.9598414782388657,0.0004981015452538633,0.031074392935982336,2265,0,4,daily_me_op,daily size characteristic,softmax_high_entropy,27,calibration,block,low_vol_12,0.036884644591611476
-0.0002052611742788436,-0.0037088103971569587,0.0029345382634546895,0.04827761493378831,0.07194355808056549,80.96477387353033,26.450857716701474,0.9642539629697437,0.0005762030905077263,0.03806313465783665,2265,0,4,daily_me_op,daily size characteristic,softmax_high_entropy,27,calibration,block,risk_adjusted_12,0.036884644591611476
-0.0002424316356929419,-0.0036244267410741934,0.003030845053350324,0.03258657041755347,0.0382793750256858,101.96103920627434,27.711166448859352,0.9549840886506515,0.0004465377483443708,0.03730301103752759,2265,0,4,daily_me_op,daily size characteristic,softmax_high_entropy,27,calibration,block,ridge_return_train_only,0.036884644591611476
-0.0015890357493799868,-0.005094696676801796,0.0020042840899309896,0.04292667662426476,0.051135526771998,128.80864059809463,29.609188649850058,0.954772246981006,0.0003962780898876405,0.03857907303370787,2848,0,4,daily_me_op,daily size characteristic,softmax_high_entropy,27,test,iid,constant_a000,0.036884644591611476
0.0021611256150778028,-0.0010615659414979959,0.005492174773529282,0.020931442259268126,0.022576861541713792,120.95325771078973,27.738783073708216,0.95753045726447,0.0005180828651685394,0.030657022471910114,2848,0,4,daily_me_op,daily size characteristic,softmax_high_entropy,27,test,iid,constant_a001,0.036884644591611476
5.1536281878203385e-05,-0.0024327553948695173,0.002907193827735466,0.04092554173852857,0.06950342195532384,95.93663780788455,27.495809147063753,0.9663143827921754,0.0005845505617977528,0.030667977528089887,2848,0,4,daily_me_op,daily size characteristic,softmax_high_entropy,27,test,iid,constant_a002,0.036884644591611476
-0.0007603142797975131,-0.0034946520739095824,0.0021297093208226983,0.033699566641259435,0.0429415708683428,109.76636925212507,27.418950585610972,0.9614584377625965,0.000689817415730337,0.039128651685393256,2848,0,4,daily_me_op,daily size characteristic,softmax_high_entropy,27,test,iid,constant_a003,0.036884644591611476
-0.0019027720244214228,-0.004824616558435224,0.0013079851786187335,0.03609191421042003,0.0431880530984958,115.9141064401002,27.57057151115549,0.9592998221769311,0.0003732443820224719,0.03620463483146068,2848,0,4,daily_me_op,daily size characteristic,softmax_high_entropy,27,test,iid,constant_a004,0.036884644591611476
0.002013858958426788,-0.0007569255876000722,0.00481422949027048,0.024314908389210844,0.02603787082714547,95.90884644964319,28.311569463788285,0.966324140993805,0.0004969803370786517,0.04001446629213483,2848,0,4,daily_me_op,daily size characteristic,softmax_high_entropy,27,test,iid,constant_a005,0.036884644591611476
-0.0014089688566809686,-0.0042649656796979974,0.0014579700972988641,0.03261199773306994,0.044964727614791276,104.96560247821655,27.137991124012906,0.9631441002534352,0.000506179775280899,0.03197050561797753,2848,0,4,daily_me_op,daily size characteristic,softmax_high_entropy,27,test,iid,constant_a006,0.036884644591611476
0.0007628709924042499,-0.001989413911044117,0.004209920825259661,0.02972052505791104,0.0361173305377207,135.9615300000102,27.351840134758827,0.9522606987359514,0.0005496839887640451,0.03202626404494382,2848,0,4,daily_me_op,daily size characteristic,softmax_high_entropy,27,test,iid,constant_a007,0.036884644591611476
0.0008948263397773368,-0.0022078526148530354,0.0036263792451096816,0.029078780479919995,0.03710798480978884,106.97211409655685,27.13875091171679,0.9624395666795797,0.0004826896067415731,0.03332331460674158,2848,0,4,daily_me_op,daily size characteristic,softmax_high_entropy,27,test,iid,constant_a008,0.036884644591611476
-0.0006089085392171356,-0.0030296331859528103,0.001741320874601154,0.03386702421991027,0.03875144385968737,103.95267403489774,27.278343873627414,0.9634997633304432,0.0004806179775280899,0.0354438202247191,2848,0,4,daily_me_op,daily size characteristic,softmax_high_entropy,27,test,iid,constant_a009,0.036884644591611476
-0.0011675491819222615,-0.004051128435857615,0.0027876364637322904,0.04235076186125286,0.04622834826778322,109.90387262453072,28.783582100368843,0.9614101570840833,0.0005072331460674157,0.03976390449438202,2848,0,4,daily_me_op,daily size characteristic,softmax_high_entropy,27,test,iid,constant_a010,0.036884644591611476
0.00030834968416435074,-0.0022767890997554743,0.0026509986611505127,0.04037087292291699,0.07046968591687375,101.97853298154853,27.15297140994766,0.9641929308351305,0.0004511235955056179,0.03151390449438202,2848,0,4,daily_me_op,daily size characteristic,softmax_high_entropy,27,test,iid,constant_a011,0.036884644591611476
0.0008929250971313314,-0.0016680925498010382,0.003453903133200213,0.02650527350124438,0.02898602652633224,111.9788453835322,26.9207697297001,0.9606815851883665,0.0005087078651685394,0.032783988764044945,2848,0,4,daily_me_op,daily size characteristic,softmax_high_entropy,27,test,iid,constant_a012,0.036884644591611476
0.001426543965798948,-0.0019321779102709758,0.004753034189238531,0.03699534314999531,0.06017712384276714,124.95636783857012,28.793122787011217,0.9561248708431986,0.0005538623595505618,0.03227443820224719,2848,0,4,daily_me_op,daily size characteristic,softmax_high_entropy,27,test,iid,constant_a013,0.036884644591611476
-0.0009853018192451208,-0.003752827009793176,0.001270788489143582,0.030330419014546722,0.035978523883977535,102.96994773039374,27.953705118093136,0.9638448217238786,0.000419066011235955,0.03335842696629214,2848,0,4,daily_me_op,daily size characteristic,softmax_high_entropy,27,test,iid,constant_a014,0.036884644591611476
-0.002238882982934254,-0.005400783850750552,0.0010990812549910268,0.04437036707861326,0.050745913135520807,106.89620784770196,28.276805843918904,0.9624662191545991,0.0005329705056179775,0.03754929775280899,2848,0,4,daily_me_op,daily size characteristic,softmax_high_entropy,27,test,iid,constant_a015,0.036884644591611476
0.0014859246243882527,-0.00025656979888387724,0.0037336440187633944,0.02378192043467953,0.02995635050900953,124.97327222891785,27.37462973513486,0.95611893531288,0.0004458216292134831,0.029966853932584265,2848,0,4,daily_me_op,daily size characteristic,softmax_high_entropy,27,test,iid,constant_a016,0.036884644591611476
-0.0008857407905579572,-0.004164581687345,0.0018186527903888217,0.0325968036434669,0.04781754357571736,106.98149018298089,26.662882725710737,0.9624362745144028,0.0005253511235955056,0.02912837078651686,2848,0,4,daily_me_op,daily size characteristic,softmax_high_entropy,27,test,iid,constant_a017,0.036884644591611476
0.0012823339139724312,-0.0008887445451836259,0.00403939786888529,0.019764885578519274,0.02467317401445476,116.96935913491184,27.049892184939427,0.9589292980565618,0.0005296348314606743,0.0289566011235955,2848,0,4,daily_me_op,daily size characteristic,softmax_high_entropy,27,test,iid,constant_a018,0.036884644591611476
0.0025150097587356185,0.00024369410604617263,0.005185630122553283,0.01867640639035644,0.028843687548920527,84.97665798522002,27.133979604152408,0.9701626903141783,0.00048683286516853927,0.02873441011235955,2848,0,4,daily_me_op,daily size characteristic,softmax_high_entropy,27,test,iid,constant_a019,0.036884644591611476
-0.0008339912490020217,-0.003916527527787353,0.0021812878081578883,0.03312385531526439,0.04121519585288326,114.86142734210458,29.350534896539955,0.9596694426467329,0.0004640800561797754,0.037429634831460674,2848,0,4,daily_me_op,daily size characteristic,softmax_high_entropy,27,test,iid,constant_a020,0.036884644591611476
0.0009244744260127603,-0.0014013801575755145,0.003109939947063116,0.029620456759204456,0.038056068840316384,100.93642306736845,27.519960808307882,0.9645588402151094,0.0005357092696629213,0.029238483146067418,2848,0,4,daily_me_op,daily size characteristic,softmax_high_entropy,27,test,iid,constant_a021,0.036884644591611476
-0.0019847792096387633,-0.004486598151794266,0.000479503978997055,0.03934000426062175,0.05150841382400019,117.93715139597832,27.704919314248478,0.9585894833581536,0.000558251404494382,0.02764115168539326,2848,0,4,daily_me_op,daily size characteristic,softmax_high_entropy,27,test,iid,constant_a022,0.036884644591611476
0.0022378358227354606,-0.0007759821810055589,0.005243917259710983,0.025406849002512586,0.031189724148563226,118.92513131894223,27.571500998745265,0.9582425802953152,0.0006573033707865169,0.028800421348314606,2848,0,4,daily_me_op,daily size characteristic,softmax_high_entropy,27,test,iid,constant_a023,0.036884644591611476
0.0009714359935178913,-0.001713274391603051,0.003102421837039352,0.04114878513091408,0.08126600375138628,85.91001836876295,28.603776081727567,0.9698349654604063,0.0006134831460674157,0.02737092696629214,2848,0,4,daily_me_op,daily size characteristic,softmax_high_entropy,27,test,iid,constant_a024,0.036884644591611476
0.0017844644934164955,-0.0007108124123201945,0.005164394961740401,0.02567963168064716,0.03271588853897318,95.9999858889016,26.061181236505373,0.9662921397862003,0.0005147022471910111,0.030364893258426964,2848,0,4,daily_me_op,daily size characteristic,softmax_high_entropy,27,test,iid,constant_equal_weight_public,0.036884644591611476
-0.001732235296761851,-0.004997090965479105,0.0008435076936984112,0.054412321914565985,0.08330855719419566,103.79817870965583,25.553840074500798,0.9635540102845309,0.0005490519662921348,0.039553370786516856,2848,0,4,daily_me_op,daily size characteristic,softmax_high_entropy,27,test,iid,momentum_12,0.036884644591611476
0.002471533776342498,8.967560561534514e-05,0.004920565804299933,0.023584957247552683,0.03342248546799143,112.93272216709737,27.704919314248478,0.9603466565424518,0.0004874002808988763,0.026351544943820224,2848,0,4,daily_me_op,daily size characteristic,softmax_high_entropy,27,test,iid,low_vol_12,0.036884644591611476
-0.00023253890970277436,-0.0031035548812207354,0.0025742237491929868,0.04451302549440612,0.0725504043059989,116.77617747910698,26.545370339175648,0.9589971286941338,0.0007221207865168541,0.0337123595505618,2848,0,4,daily_me_op,daily size characteristic,softmax_high_entropy,27,test,iid,risk_adjusted_12,0.036884644591611476
-0.0010633007894468986,-0.005151335940247976,0.002093895993544484,0.03347821238066572,0.035808138905540736,111.95805215793501,27.53338965327173,0.9606888861805003,0.0004852359550561798,0.03237612359550562,2848,0,4,daily_me_op,daily size characteristic,softmax_high_entropy,27,test,iid,ridge_return_train_only,0.036884644591611476
-0.0015890357493799868,-0.004872081280823227,0.0017454053385019827,0.04292667662426476,0.05105357394201482,128.80864059809463,29.609188649850058,0.954772246981006,0.0003962780898876405,0.03857907303370787,2848,0,4,daily_me_op,daily size characteristic,softmax_high_entropy,27,test,block,constant_a000,0.036884644591611476
0.0021611256150778028,-0.0007793921154237833,0.004949822247115082,0.020931442259268126,0.022630372783155918,120.95325771078973,27.738783073708216,0.95753045726447,0.0005180828651685394,0.030657022471910114,2848,0,4,daily_me_op,daily size characteristic,softmax_high_entropy,27,test,block,constant_a001,0.036884644591611476
5.1536281878203385e-05,-0.0028896813745790816,0.002939618794969031,0.04092554173852857,0.06609603072925613,95.93663780788455,27.495809147063753,0.9663143827921754,0.0005845505617977528,0.030667977528089887,2848,0,4,daily_me_op,daily size characteristic,softmax_high_entropy,27,test,block,constant_a002,0.036884644591611476
-0.0007603142797975131,-0.0031426378672083483,0.0026107226981428714,0.033699566641259435,0.042942673600363794,109.76636925212507,27.418950585610972,0.9614584377625965,0.000689817415730337,0.039128651685393256,2848,0,4,daily_me_op,daily size characteristic,softmax_high_entropy,27,test,block,constant_a003,0.036884644591611476
-0.0019027720244214228,-0.004747968594712671,0.0010075458001865731,0.03609191421042003,0.0416716802586133,115.9141064401002,27.57057151115549,0.9592998221769311,0.0003732443820224719,0.03620463483146068,2848,0,4,daily_me_op,daily size characteristic,softmax_high_entropy,27,test,block,constant_a004,0.036884644591611476
0.002013858958426788,-0.0006802105507807817,0.004757654285176397,0.024314908389210844,0.026011652731143742,95.90884644964319,28.311569463788285,0.966324140993805,0.0004969803370786517,0.04001446629213483,2848,0,4,daily_me_op,daily size characteristic,softmax_high_entropy,27,test,block,constant_a005,0.036884644591611476
-0.0014089688566809686,-0.0044551632981854545,0.0009201299199739414,0.03261199773306994,0.044153158421584696,104.96560247821655,27.137991124012906,0.9631441002534352,0.000506179775280899,0.03197050561797753,2848,0,4,daily_me_op,daily size characteristic,softmax_high_entropy,27,test,block,constant_a006,0.036884644591611476
0.0007628709924042499,-0.002092584972516109,0.0039525385949178505,0.02972052505791104,0.03522633519769387,135.9615300000102,27.351840134758827,0.9522606987359514,0.0005496839887640451,0.03202626404494382,2848,0,4,daily_me_op,daily size characteristic,softmax_high_entropy,27,test,block,constant_a007,0.036884644591611476
0.0008948263397773368,-0.0018438785023417836,0.003850631164802132,0.029078780479919995,0.03669433317724369,106.97211409655685,27.13875091171679,0.9624395666795797,0.0004826896067415731,0.03332331460674158,2848,0,4,daily_me_op,daily size characteristic,softmax_high_entropy,27,test,block,constant_a008,0.036884644591611476
-0.0006089085392171356,-0.0029552662638110514,0.0018652678463814238,0.03386702421991027,0.03874999396637611,103.95267403489774,27.278343873627414,0.9634997633304432,0.0004806179775280899,0.0354438202247191,2848,0,4,daily_me_op,daily size characteristic,softmax_high_entropy,27,test,block,constant_a009,0.036884644591611476
-0.0011675491819222615,-0.0054657059365940544,0.0030037772114675726,0.04235076186125286,0.04632554249903607,109.90387262453072,28.783582100368843,0.9614101570840833,0.0005072331460674157,0.03976390449438202,2848,0,4,daily_me_op,daily size characteristic,softmax_high_entropy,27,test,block,constant_a010,0.036884644591611476
0.00030834968416435074,-0.0021570346834247473,0.0025770051443827087,0.04037087292291699,0.06673894686827041,101.97853298154853,27.15297140994766,0.9641929308351305,0.0004511235955056179,0.03151390449438202,2848,0,4,daily_me_op,daily size characteristic,softmax_high_entropy,27,test,block,constant_a011,0.036884644591611476
0.0008929250971313314,-0.0015087779137426338,0.003974866195550896,0.02650527350124438,0.028971346356009658,111.9788453835322,26.9207697297001,0.9606815851883665,0.0005087078651685394,0.032783988764044945,2848,0,4,daily_me_op,daily size characteristic,softmax_high_entropy,27,test,block,constant_a012,0.036884644591611476
0.001426543965798948,-0.0019929026396245148,0.004530208435252771,0.03699534314999531,0.058981237611388425,124.95636783857012,28.793122787011217,0.9561248708431986,0.0005538623595505618,0.03227443820224719,2848,0,4,daily_me_op,daily size characteristic,softmax_high_entropy,27,test,block,constant_a013,0.036884644591611476
-0.0009853018192451208,-0.0035609769228962655,0.0008795346815160725,0.030330419014546722,0.03489395156853252,102.96994773039374,27.953705118093136,0.9638448217238786,0.000419066011235955,0.03335842696629214,2848,0,4,daily_me_op,daily size characteristic,softmax_high_entropy,27,test,block,constant_a014,0.036884644591611476
-0.002238882982934254,-0.005411268000439545,0.0004711073423028032,0.04437036707861326,0.05136386791022712,106.89620784770196,28.276805843918904,0.9624662191545991,0.0005329705056179775,0.03754929775280899,2848,0,4,daily_me_op,daily size characteristic,softmax_high_entropy,27,test,block,constant_a015,0.036884644591611476
0.0014859246243882527,-0.00027981166791018596,0.003930924202708168,0.02378192043467953,0.029927473207477198,124.97327222891785,27.37462973513486,0.95611893531288,0.0004458216292134831,0.029966853932584265,2848,0,4,daily_me_op,daily size characteristic,softmax_high_entropy,27,test,block,constant_a016,0.036884644591611476
-0.0008857407905579572,-0.003531519329896381,0.0015681286541679867,0.0325968036434669,0.044511951066284666,106.98149018298089,26.662882725710737,0.9624362745144028,0.0005253511235955056,0.02912837078651686,2848,0,4,daily_me_op,daily size characteristic,softmax_high_entropy,27,test,block,constant_a017,0.036884644591611476
0.0012823339139724312,-0.0012222263425861455,0.0037703941364041825,0.019764885578519274,0.024836773617746274,116.96935913491184,27.049892184939427,0.9589292980565618,0.0005296348314606743,0.0289566011235955,2848,0,4,daily_me_op,daily size characteristic,softmax_high_entropy,27,test,block,constant_a018,0.036884644591611476
0.0025150097587356185,-2.9850678690430184e-05,0.004903337658051217,0.01867640639035644,0.02992662675177195,84.97665798522002,27.133979604152408,0.9701626903141783,0.00048683286516853927,0.02873441011235955,2848,0,4,daily_me_op,daily size characteristic,softmax_high_entropy,27,test,block,constant_a019,0.036884644591611476
-0.0008339912490020217,-0.0036541157682661077,0.002385990488212634,0.03312385531526439,0.042099383591011945,114.86142734210458,29.350534896539955,0.9596694426467329,0.0004640800561797754,0.037429634831460674,2848,0,4,daily_me_op,daily size characteristic,softmax_high_entropy,27,test,block,constant_a020,0.036884644591611476
0.0009244744260127603,-0.0018758545051556384,0.0034288434403499796,0.029620456759204456,0.039466039530872056,100.93642306736845,27.519960808307882,0.9645588402151094,0.0005357092696629213,0.029238483146067418,2848,0,4,daily_me_op,daily size characteristic,softmax_high_entropy,27,test,block,constant_a021,0.036884644591611476
-0.0019847792096387633,-0.004393836372641049,0.0009170645399041386,0.03934000426062175,0.05035127329937722,117.93715139597832,27.704919314248478,0.9585894833581536,0.000558251404494382,0.02764115168539326,2848,0,4,daily_me_op,daily size characteristic,softmax_high_entropy,27,test,block,constant_a022,0.036884644591611476
0.0022378358227354606,-0.0006968861942130487,0.0052748647700051705,0.025406849002512586,0.03044280737267458,118.92513131894223,27.571500998745265,0.9582425802953152,0.0006573033707865169,0.028800421348314606,2848,0,4,daily_me_op,daily size characteristic,softmax_high_entropy,27,test,block,constant_a023,0.036884644591611476
0.0009714359935178913,-0.001355194627120341,0.003250466302557616,0.04114878513091408,0.07529657224341652,85.91001836876295,28.603776081727567,0.9698349654604063,0.0006134831460674157,0.02737092696629214,2848,0,4,daily_me_op,daily size characteristic,softmax_high_entropy,27,test,block,constant_a024,0.036884644591611476
0.0017844644934164955,-0.00042982210400745587,0.004646209431878041,0.02567963168064716,0.03249988789408487,95.9999858889016,26.061181236505373,0.9662921397862003,0.0005147022471910111,0.030364893258426964,2848,0,4,daily_me_op,daily size characteristic,softmax_high_entropy,27,test,block,constant_equal_weight_public,0.036884644591611476
-0.001732235296761851,-0.004575740424842018,0.0009043167364169929,0.054412321914565985,0.08418473714326517,103.79817870965583,25.553840074500798,0.9635540102845309,0.0005490519662921348,0.039553370786516856,2848,0,4,daily_me_op,daily size characteristic,softmax_high_entropy,27,test,block,momentum_12,0.036884644591611476
0.002471533776342498,-0.00010606643674110472,0.0045267774091247584,0.023584957247552683,0.03385836766445158,112.93272216709737,27.704919314248478,0.9603466565424518,0.0004874002808988763,0.026351544943820224,2848,0,4,daily_me_op,daily size characteristic,softmax_high_entropy,27,test,block,low_vol_12,0.036884644591611476
-0.00023253890970277436,-0.00350254729144978,0.002933181839613583,0.04451302549440612,0.0740034599966915,116.77617747910698,26.545370339175648,0.9589971286941338,0.0007221207865168541,0.0337123595505618,2848,0,4,daily_me_op,daily size characteristic,softmax_high_entropy,27,test,block,risk_adjusted_12,0.036884644591611476
-0.0010633007894468986,-0.0038671082194003197,0.00223360412658809,0.03347821238066572,0.03576056464047845,111.95805215793501,27.53338965327173,0.9606888861805003,0.0004852359550561798,0.03237612359550562,2848,0,4,daily_me_op,daily size characteristic,softmax_high_entropy,27,test,block,ridge_return_train_only,0.036884644591611476
0.001508706992742705,-0.004448995881940971,0.007838866265286794,0.016716350028785264,0.01806275430359938,7.803016549123611,260.0,0.9965549595809609,0.00030348785871964673,0.0393766004415011,2265,0,2,daily_me_op,daily size characteristic,epsilon_greedy_momentum,7,calibration,iid,constant_a000,0.036884644591611476
0.008123901825734445,0.0011592925168676265,0.01677361507941228,0.011766475793857362,0.012103087885985752,8.351965978711782,260.0,0.9963125978018933,0.00045673289183222954,0.03845033112582781,2265,0,2,daily_me_op,daily size characteristic,epsilon_greedy_momentum,7,calibration,iid,constant_a001,0.036884644591611476
-0.0021002886851927962,-0.009117453117183802,0.004196250413541625,0.03259798865394532,0.0327777399591559,8.50887047678107,260.0,0.9962433242928119,0.00042763796909492266,0.03839094922737307,2265,0,2,daily_me_op,daily size characteristic,epsilon_greedy_momentum,7,calibration,iid,constant_a002,0.036884644591611476
-0.0015989171927722225,-0.00823137702684361,0.003500865694671579,0.016059719438877754,0.017557585139318894,9.015324179255774,260.0,0.9960197244241696,0.00047395143487858726,0.03862604856512141,2265,0,2,daily_me_op,daily size characteristic,epsilon_greedy_momentum,7,calibration,iid,constant_a003,0.036884644591611476
-0.0010912520129705307,-0.013363383280737814,0.007294206982117774,0.03232740524781342,0.03250307523338824,12.391564658988846,260.0,0.9945291105258327,0.0004247682119205297,0.04078388520971302,2265,0,3,daily_me_op,daily size characteristic,epsilon_greedy_momentum,7,calibration,iid,constant_a004,0.036884644591611476
-0.0013378063305944648,-0.01800940361598354,0.010408963087560336,0.056600000000000004,0.05660000000000001,5.122050094107445,260.0,0.9977386092299746,0.0004983664459161148,0.04207969094922737,2265,0,2,daily_me_op,daily size characteristic,epsilon_greedy_momentum,7,calibration,iid,constant_a005,0.036884644591611476
0.0008324658430413908,-0.007649424882942791,0.009226281831015681,0.015858421274799493,0.016764556962025313,10.16200619625582,260.0,0.9955134630480107,0.0004000000000000001,0.03936004415011037,2265,0,3,daily_me_op,daily size characteristic,epsilon_greedy_momentum,7,calibration,iid,constant_a006,0.036884644591611476
0.009849046847892558,-0.0060876740842685535,0.029901388637050556,0.01983311613645075,0.020514840062926067,11.204760830882032,260.0,0.9950530857258799,0.0005164238410596026,0.03821633554083886,2265,0,3,daily_me_op,daily size characteristic,epsilon_greedy_momentum,7,calibration,iid,constant_a007,0.036884644591611476
0.0034559341687804192,-0.002227507003360204,0.011873040217423202,0.010050033579583614,0.015428856624319408,6.689580573818196,260.0,0.9970465427930163,0.000591523178807947,0.03958874172185431,2265,0,2,daily_me_op,daily size characteristic,epsilon_greedy_momentum,7,calibration,iid,constant_a008,0.036884644591611476
-0.002431381261059541,-0.01012647955221692,0.004342862141688129,0.015752952755905512,0.018190844233055874,9.342697849540162,260.0,0.9958751885873995,0.0006415011037527594,0.04022317880794702,2265,0,2,daily_me_op,daily size characteristic,epsilon_greedy_momentum,7,calibration,iid,constant_a009,0.036884644591611476
0.004585119916239485,-0.013062030862054637,0.019652280561629886,0.0391082461148113,0.03912300206428782,13.845530017840677,260.0,0.9938871832150814,0.0004702428256070641,0.04091456953642385,2265,0,3,daily_me_op,daily size characteristic,epsilon_greedy_momentum,7,calibration,iid,constant_a010,0.036884644591611476
-0.0035740651258379746,-0.014161946124058494,0.004824801148182519,0.0347,0.0347,6.162438248598983,260.0,0.9972792767114353,0.0005049448123620308,0.03691633554083885,2265,0,2,daily_me_op,daily size characteristic,epsilon_greedy_momentum,7,calibration,iid,constant_a011,0.036884644591611476
0.01534847617411243,0.0025559982877853206,0.03176275622983266,0.008213350125944584,0.009237263933671119,10.273599356850308,260.0,0.9954641945444369,0.0005502428256070641,0.03507041942604857,2265,0,3,daily_me_op,daily size characteristic,epsilon_greedy_momentum,7,calibration,iid,constant_a012,0.036884644591611476
-0.012846114369725391,-0.028937242653432872,0.0011304566458925395,0.02694662663369834,0.027052249134948095,12.093598868888566,260.0,0.9946606627510426,0.0005137748344370861,0.036443487858719655,2265,0,3,daily_me_op,daily size characteristic,epsilon_greedy_momentum,7,calibration,iid,constant_a013,0.036884644591611476
0.007925951201884308,-0.0009374774434121713,0.019098630462717158,0.020384368679572377,0.02046494845360824,15.48971384457447,260.0,0.993161274240806,0.000672671081677704,0.03833708609271524,2265,0,3,daily_me_op,daily size characteristic,epsilon_greedy_momentum,7,calibration,iid,constant_a014,0.036884644591611476
-0.0029757707194735922,-0.015420824936445868,0.00876910431375287,0.030203988035892325,0.031330208333333324,9.105678326235678,260.0,0.9959798329685494,0.0004266225165562914,0.042104856512141284,2265,0,2,daily_me_op,daily size characteristic,epsilon_greedy_momentum,7,calibration,iid,constant_a015,0.036884644591611476
-0.004465959375842503,-0.016891689913313298,0.003915380035654176,0.03949999999999999,0.0395,9.17922284858947,260.0,0.9959473629807551,0.0004412362030905077,0.037138410596026496,2265,0,2,daily_me_op,daily size characteristic,epsilon_greedy_momentum,7,calibration,iid,constant_a016,0.036884644591611476
-0.0024995515852633677,-0.02083790986096724,0.006553901629866105,0.030025786163522007,0.03034260599793177,8.239550232217043,260.0,0.9963622294780499,0.00043708609271523176,0.03571677704194261,2265,0,2,daily_me_op,daily size characteristic,epsilon_greedy_momentum,7,calibration,iid,constant_a017,0.036884644591611476
0.0017104582816684403,-0.005412871980461259,0.010159988172283089,0.012199999999999999,0.012199999999999999,8.13645499483947,260.0,0.9964077461391437,0.0004893156732891833,0.03461456953642384,2265,0,2,daily_me_op,daily size characteristic,epsilon_greedy_momentum,7,calibration,iid,constant_a018,0.036884644591611476
-0.00290286442583518,-0.01091126686591323,0.006908159706091804,0.022654736842105262,0.02290975609756098,16.34149653705132,260.0,0.99278521124192,0.0005333333333333335,0.03605783664459162,2265,0,3,daily_me_op,daily size characteristic,epsilon_greedy_momentum,7,calibration,iid,constant_a019,0.036884644591611476
0.0036882076459796567,-0.004036792554879483,0.015283395950680881,0.020110635155096018,0.0318171032357473,6.6351410041113335,260.0,0.9970705779231297,0.00028900662251655633,0.046241501103752754,2265,0,2,daily_me_op,daily size characteristic,epsilon_greedy_momentum,7,calibration,iid,constant_a020,0.036884644591611476
0.0020015428724408156,-0.00808672222313971,0.010530850755194008,0.0354,0.0354,10.316681363131845,260.0,0.9954451737911117,0.00029668874172185427,0.03527350993377483,2265,0,3,daily_me_op,daily size characteristic,epsilon_greedy_momentum,7,calibration,iid,constant_a021,0.036884644591611476
-0.0028615478696004774,-0.01010686717993882,0.0024084980036229277,0.017720107571369468,0.01798432055749129,10.577058102502786,260.0,0.995330217173288,0.00039487858719646797,0.03427064017660044,2265,0,3,daily_me_op,daily size characteristic,epsilon_greedy_momentum,7,calibration,iid,constant_a022,0.036884644591611476
0.0009169611313006017,-0.0025234510193227443,0.006241985778838699,0.009241939711664484,0.018918495684340297,7.025384202301259,260.0,0.9968982851203968,0.00040044150110375275,0.030308830022075055,2265,0,2,daily_me_op,daily size characteristic,epsilon_greedy_momentum,7,calibration,iid,constant_a023,0.036884644591611476
0.0015435116884821732,-0.0016777167096727575,0.005932510635825894,0.015766028708133973,0.023426758147512862,9.882355602814417,260.0,0.9956369290936802,0.0004770860927152318,0.031186534216335538,2265,0,2,daily_me_op,daily size characteristic,epsilon_greedy_momentum,7,calibration,iid,constant_a024,0.036884644591611476
-0.006211194891041816,-0.013617599794995085,0.00035544466683307016,0.027516000000000002,0.027516000000000006,5.0,260.0,0.9977924944812362,0.00046527858719646806,0.036884644591611476,2265,1,2,daily_me_op,daily size characteristic,epsilon_greedy_momentum,7,calibration,iid,constant_equal_weight_public,0.036884644591611476
0.0006279040292550559,-2.7805727360403592e-05,0.0013195455590058246,0.038188801571709265,0.04192585101134684,2035.9999999999432,1.1063829787234043,0.10110375275940697,0.0006160706401766005,0.03774635761589404,2265,0,4,daily_me_op,daily size characteristic,epsilon_greedy_momentum,7,calibration,iid,momentum_12,0.036884644591611476
0.001441224359291013,-0.0016896513453812851,0.006362354744301265,0.008968421052631579,0.01980902777777777,6.970373499064692,260.0,0.996922572406594,0.0004981015452538633,0.031074392935982336,2265,0,2,daily_me_op,daily size characteristic,epsilon_greedy_momentum,7,calibration,iid,low_vol_12,0.036884644591611476
-0.00030277439513347744,-0.005673135180323827,0.004594739626898296,0.033200264970853224,0.0411342264477096,21.340243441987763,260.0,0.9905782589660098,0.0005762030905077263,0.03806313465783665,2265,0,3,daily_me_op,daily size characteristic,epsilon_greedy_momentum,7,calibration,iid,risk_adjusted_12,0.036884644591611476
0.004031598365987734,-0.005485208537696539,0.013062118766704328,0.015898067449791584,0.01682240663900415,11.463355658742264,260.0,0.9949389158239549,0.00040712935982339964,0.03959347461368654,2265,0,3,daily_me_op,daily size characteristic,epsilon_greedy_momentum,7,calibration,iid,ridge_return_train_only,0.036884644591611476
0.001508706992742705,-0.0036647373219550975,0.006923047977182915,0.016716350028785264,0.017699648506151133,7.803016549123611,260.0,0.9965549595809609,0.00030348785871964673,0.0393766004415011,2265,0,2,daily_me_op,daily size characteristic,epsilon_greedy_momentum,7,calibration,block,constant_a000,0.036884644591611476
0.008123901825734445,0.0016134056943593051,0.01783250320637154,0.011766475793857362,0.012117653221581978,8.351965978711782,260.0,0.9963125978018933,0.00045673289183222954,0.03845033112582781,2265,0,2,daily_me_op,daily size characteristic,epsilon_greedy_momentum,7,calibration,block,constant_a001,0.036884644591611476
-0.0021002886851927962,-0.008809169022643077,0.004570043360071831,0.03259798865394532,0.03272131147540985,8.50887047678107,260.0,0.9962433242928119,0.00042763796909492266,0.03839094922737307,2265,0,2,daily_me_op,daily size characteristic,epsilon_greedy_momentum,7,calibration,block,constant_a002,0.036884644591611476
-0.0015989171927722225,-0.007196085241762306,0.003919679561615421,0.016059719438877754,0.017351749856569138,9.015324179255774,260.0,0.9960197244241696,0.00047395143487858726,0.03862604856512141,2265,0,2,daily_me_op,daily size characteristic,epsilon_greedy_momentum,7,calibration,block,constant_a003,0.036884644591611476
-0.0010912520129705307,-0.011301407660628298,0.00802002790695851,0.03232740524781342,0.03259397590361445,12.391564658988846,260.0,0.9945291105258327,0.0004247682119205297,0.04078388520971302,2265,0,3,daily_me_op,daily size characteristic,epsilon_greedy_momentum,7,calibration,block,constant_a004,0.036884644591611476
-0.0013378063305944648,-0.020209959205023772,0.01113479272912848,0.056600000000000004,0.05660000000000001,5.122050094107445,260.0,0.9977386092299746,0.0004983664459161148,0.04207969094922737,2265,0,2,daily_me_op,daily size characteristic,epsilon_greedy_momentum,7,calibration,block,constant_a005,0.036884644591611476
0.0008324658430413908,-0.007623311608055371,0.00838212617649013,0.015858421274799493,0.0166503022974607,10.16200619625582,260.0,0.9955134630480107,0.0004000000000000001,0.03936004415011037,2265,0,3,daily_me_op,daily size characteristic,epsilon_greedy_momentum,7,calibration,block,constant_a006,0.036884644591611476
0.009849046847892558,-0.0056641310641617594,0.027703685432701224,0.01983311613645075,0.02044597014925373,11.204760830882032,260.0,0.9950530857258799,0.0005164238410596026,0.03821633554083886,2265,0,3,daily_me_op,daily size characteristic,epsilon_greedy_momentum,7,calibration,block,constant_a007,0.036884644591611476
0.0034559341687804192,-0.002584428428922058,0.011617260307086064,0.010050033579583614,0.016976363636363637,6.689580573818196,260.0,0.9970465427930163,0.000591523178807947,0.03958874172185431,2265,0,2,daily_me_op,daily size characteristic,epsilon_greedy_momentum,7,calibration,block,constant_a008,0.036884644591611476
-0.002431381261059541,-0.008863462131141885,0.003798356235989844,0.015752952755905512,0.018536312849162028,9.342697849540162,260.0,0.9958751885873995,0.0006415011037527594,0.04022317880794702,2265,0,2,daily_me_op,daily size characteristic,epsilon_greedy_momentum,7,calibration,block,constant_a009,0.036884644591611476
0.004585119916239485,-0.010363107654169576,0.02336998451487775,0.0391082461148113,0.039126329113924045,13.845530017840677,260.0,0.9938871832150814,0.0004702428256070641,0.04091456953642385,2265,0,3,daily_me_op,daily size characteristic,epsilon_greedy_momentum,7,calibration,block,constant_a010,0.036884644591611476
-0.0035740651258379746,-0.014839456717023651,0.004878871179343452,0.0347,0.0347,6.162438248598983,260.0,0.9972792767114353,0.0005049448123620308,0.03691633554083885,2265,0,2,daily_me_op,daily size characteristic,epsilon_greedy_momentum,7,calibration,block,constant_a011,0.036884644591611476
0.01534847617411243,0.003906947225504862,0.030314322072153288,0.008213350125944584,0.00934487895716946,10.273599356850308,260.0,0.9954641945444369,0.0005502428256070641,0.03507041942604857,2265,0,3,daily_me_op,daily size characteristic,epsilon_greedy_momentum,7,calibration,block,constant_a012,0.036884644591611476
-0.012846114369725391,-0.030905643297355796,0.0006056966130920115,0.02694662663369834,0.027038874276696483,12.093598868888566,260.0,0.9946606627510426,0.0005137748344370861,0.036443487858719655,2265,0,3,daily_me_op,daily size characteristic,epsilon_greedy_momentum,7,calibration,block,constant_a013,0.036884644591611476
0.007925951201884308,-0.001999225640785484,0.017654065256425475,0.020384368679572377,0.02049637750238322,15.48971384457447,260.0,0.993161274240806,0.000672671081677704,0.03833708609271524,2265,0,3,daily_me_op,daily size characteristic,epsilon_greedy_momentum,7,calibration,block,constant_a014,0.036884644591611476
-0.0029757707194735922,-0.01446779566438255,0.009702121857467917,0.030203988035892325,0.032175109809663247,9.105678326235678,260.0,0.9959798329685494,0.0004266225165562914,0.042104856512141284,2265,0,2,daily_me_op,daily size characteristic,epsilon_greedy_momentum,7,calibration,block,constant_a015,0.036884644591611476
-0.004465959375842503,-0.014366085315297265,0.003818558584887151,0.03949999999999999,0.0395,9.17922284858947,260.0,0.9959473629807551,0.0004412362030905077,0.037138410596026496,2265,0,2,daily_me_op,daily size characteristic,epsilon_greedy_momentum,7,calibration,block,constant_a016,0.036884644591611476
-0.0024995515852633677,-0.014839599755378324,0.007051147518189496,0.030025786163522007,0.030155369928400948,8.239550232217043,260.0,0.9963622294780499,0.00043708609271523176,0.03571677704194261,2265,0,2,daily_me_op,daily size characteristic,epsilon_greedy_momentum,7,calibration,block,constant_a017,0.036884644591611476
0.0017104582816684403,-0.005871682673934635,0.012125115891183983,0.012199999999999999,0.012199999999999999,8.13645499483947,260.0,0.9964077461391437,0.0004893156732891833,0.03461456953642384,2265,0,2,daily_me_op,daily size characteristic,epsilon_greedy_momentum,7,calibration,block,constant_a018,0.036884644591611476
-0.00290286442583518,-0.011967502767631805,0.005319952352961234,0.022654736842105262,0.022910471204188477,16.34149653705132,260.0,0.99278521124192,0.0005333333333333335,0.03605783664459162,2265,0,3,daily_me_op,daily size characteristic,epsilon_greedy_momentum,7,calibration,block,constant_a019,0.036884644591611476
0.0036882076459796567,-0.0037018225805249137,0.014865170286418495,0.020110635155096018,0.03385555555555557,6.6351410041113335,260.0,0.9970705779231297,0.00028900662251655633,0.046241501103752754,2265,0,2,daily_me_op,daily size characteristic,epsilon_greedy_momentum,7,calibration,block,constant_a020,0.036884644591611476
0.0020015428724408156,-0.008903113083702823,0.011177951119624076,0.0354,0.0354,10.316681363131845,260.0,0.9954451737911117,0.00029668874172185427,0.03527350993377483,2265,0,3,daily_me_op,daily size characteristic,epsilon_greedy_momentum,7,calibration,block,constant_a021,0.036884644591611476
-0.0028615478696004774,-0.009225865631649312,0.003547824168530158,0.017720107571369468,0.018024,10.577058102502786,260.0,0.995330217173288,0.00039487858719646797,0.03427064017660044,2265,0,3,daily_me_op,daily size characteristic,epsilon_greedy_momentum,7,calibration,block,constant_a022,0.036884644591611476
0.0009169611313006017,-0.0027646760031366556,0.005842407982104394,0.009241939711664484,0.020212895377128955,7.025384202301259,260.0,0.9968982851203968,0.00040044150110375275,0.030308830022075055,2265,0,2,daily_me_op,daily size characteristic,epsilon_greedy_momentum,7,calibration,block,constant_a023,0.036884644591611476
0.0015435116884821732,-0.001945982748250581,0.0057329204682843435,0.015766028708133973,0.027835616438356154,9.882355602814417,260.0,0.9956369290936802,0.0004770860927152318,0.031186534216335538,2265,0,2,daily_me_op,daily size characteristic,epsilon_greedy_momentum,7,calibration,block,constant_a024,0.036884644591611476
-0.006211194891041816,-0.012963806917580596,0.0028980706364617782,0.027516000000000002,0.027516000000000006,5.0,260.0,0.9977924944812362,0.00046527858719646806,0.036884644591611476,2265,2,2,daily_me_op,daily size characteristic,epsilon_greedy_momentum,7,calibration,block,constant_equal_weight_public,0.036884644591611476
0.0006279040292550559,-1.5086742456674736e-07,0.0012738721057695003,0.038188801571709265,0.04425377128953773,2035.9999999999432,1.1063829787234043,0.10110375275940697,0.0006160706401766005,0.03774635761589404,2265,0,4,daily_me_op,daily size characteristic,epsilon_greedy_momentum,7,calibration,block,momentum_12,0.036884644591611476
0.001441224359291013,-0.002265106047737151,0.005506165348101823,0.008968421052631579,0.022867396593673962,6.970373499064692,260.0,0.996922572406594,0.0004981015452538633,0.031074392935982336,2265,0,2,daily_me_op,daily size characteristic,epsilon_greedy_momentum,7,calibration,block,low_vol_12,0.036884644591611476
-0.00030277439513347744,-0.00492817474748952,0.0034402665943811302,0.033200264970853224,0.04426731301939058,21.340243441987763,260.0,0.9905782589660098,0.0005762030905077263,0.03806313465783665,2265,0,3,daily_me_op,daily size characteristic,epsilon_greedy_momentum,7,calibration,block,risk_adjusted_12,0.036884644591611476
0.004031598365987734,-0.00513892299521069,0.012090776863581594,0.015898067449791584,0.016910695742471442,11.463355658742264,260.0,0.9949389158239549,0.00040712935982339964,0.03959347461368654,2265,0,3,daily_me_op,daily size characteristic,epsilon_greedy_momentum,7,calibration,block,ridge_return_train_only,0.036884644591611476
-0.002148047474913947,-0.011534741132984862,0.005551998088692763,0.02142155082081733,0.022451300236406634,13.48700705714353,260.0,0.9952643935894862,0.0003962780898876405,0.03857907303370787,2848,0,3,daily_me_op,daily size characteristic,epsilon_greedy_momentum,7,test,iid,constant_a000,0.036884644591611476
-0.0010640895110285936,-0.0063250415749580785,0.003029870498197735,0.020105167958656328,0.020523449216087248,8.473877176901906,260.0,0.9970246217777732,0.0005180828651685394,0.030657022471910114,2848,0,2,daily_me_op,daily size characteristic,epsilon_greedy_momentum,7,test,iid,constant_a001,0.036884644591611476
0.0006428614169530762,-0.0028350202952258305,0.0039977233961881265,0.013692269326683288,0.01494586466165413,9.096622730101227,260.0,0.9968059611200487,0.0005845505617977528,0.030667977528089887,2848,0,2,daily_me_op,daily size characteristic,epsilon_greedy_momentum,7,test,iid,constant_a002,0.036884644591611476
0.007511780976081443,-0.00035365708918499647,0.02017469149675431,0.02004876632801161,0.023180500658761517,15.347146339413479,260.0,0.9946112547965542,0.000689817415730337,0.039128651685393256,2848,0,3,daily_me_op,daily size characteristic,epsilon_greedy_momentum,7,test,iid,constant_a003,0.036884644591611476
-0.004226318379420341,-0.014523276830211908,0.004121581592633558,0.021169692923898524,0.021833424657534246,13.54101822965387,260.0,0.9952454289923968,0.0003732443820224719,0.03620463483146068,2848,0,3,daily_me_op,daily size characteristic,epsilon_greedy_momentum,7,test,iid,constant_a004,0.036884644591611476
-0.0022043598550029733,-0.010154052497564823,0.005409632467258086,0.02462913385826772,0.02572312138728324,9.342697849540226,260.0,0.9967195583393468,0.0004969803370786517,0.04001446629213483,2848,0,2,daily_me_op,daily size characteristic,epsilon_greedy_momentum,7,test,iid,constant_a005,0.036884644591611476
-0.0017779452214485008,-0.012591671890790615,0.00945959338072952,0.018872360117795542,0.019041234221598872,10.230607104768099,260.0,0.9964077924491686,0.000506179775280899,0.03197050561797753,2848,0,3,daily_me_op,daily size characteristic,epsilon_greedy_momentum,7,test,iid,constant_a006,0.036884644591611476
0.0037446421776545897,-0.004888992736080828,0.012352146692910635,0.014954535336672231,0.015012227225493589,15.591682720859874,260.0,0.9945253923030689,0.0005496839887640451,0.03202626404494382,2848,0,3,daily_me_op,daily size characteristic,epsilon_greedy_momentum,7,test,iid,constant_a007,0.036884644591611476
0.001903140491948977,-0.007071681633689781,0.010391466763073702,0.0191,0.0191,11.39410983324032,260.0,0.9959992591877668,0.0004826896067415731,0.03332331460674158,2848,0,3,daily_me_op,daily size characteristic,epsilon_greedy_momentum,7,test,iid,constant_a008,0.036884644591611476
0.008784430160460313,-0.0019391194197248488,0.025422645234068002,0.012484195283409187,0.013030994152046784,10.577058102502754,260.0,0.9962861453291774,0.0004806179775280899,0.0354438202247191,2848,0,3,daily_me_op,daily size characteristic,epsilon_greedy_momentum,7,test,iid,constant_a009,0.036884644591611476
-0.009140290433049546,-0.020245507160066217,-0.001280983755466794,0.025628351126927643,0.026390294301815907,11.57767061468542,260.0,0.9959348066661919,0.0005072331460674157,0.03976390449438202,2848,0,3,daily_me_op,daily size characteristic,epsilon_greedy_momentum,7,test,iid,constant_a010,0.036884644591611476
0.0037670879928263434,-0.00908578698101423,0.02175822606922829,0.014966666666666668,0.015138929695697799,13.144772140367902,260.0,0.9953845603439719,0.0004511235955056179,0.03151390449438202,2848,0,3,daily_me_op,daily size characteristic,epsilon_greedy_momentum,7,test,iid,constant_a011,0.036884644591611476
0.0034746962016145425,-0.0026515402163123734,0.009606186122841393,0.012406923076923078,0.012764790714034475,11.127755189385827,260.0,0.9960927825879965,0.0005087078651685394,0.032783988764044945,2848,0,3,daily_me_op,daily size characteristic,epsilon_greedy_momentum,7,test,iid,constant_a012,0.036884644591611476
-0.007517770373592372,-0.02280560961880664,0.005994998026684962,0.043,0.043,10.170568743549357,260.0,0.9964288733344279,0.0005538623595505618,0.03227443820224719,2848,0,3,daily_me_op,daily size characteristic,epsilon_greedy_momentum,7,test,iid,constant_a013,0.036884644591611476
-0.009148608799491307,-0.020618251428319155,0.00023680602109223817,0.04041535240753664,0.04044253947792459,12.393822067579462,260.0,0.9956482366335746,0.000419066011235955,0.03335842696629214,2848,0,3,daily_me_op,daily size characteristic,epsilon_greedy_momentum,7,test,iid,constant_a014,0.036884644591611476
-0.001657240875167934,-0.005542187952880032,0.0015422491081261188,0.01696748920419494,0.019678494623655902,7.925060546927959,260.0,0.9972173242461629,0.0005329705056179775,0.03754929775280899,2848,0,2,daily_me_op,daily size characteristic,epsilon_greedy_momentum,7,test,iid,constant_a015,0.036884644591611476
6.649747529930067e-05,-0.008109296415269909,0.009864547825202179,0.022315315553208346,0.02234584980237154,16.23011632736438,260.0,0.9943012231996614,0.0004458216292134831,0.029966853932584265,2848,0,3,daily_me_op,daily size characteristic,epsilon_greedy_momentum,7,test,iid,constant_a016,0.036884644591611476
0.0028963783181663078,-0.0026716437604671957,0.0064659850576097916,0.011689444250262148,0.011890419161676649,12.350708647872992,260.0,0.9956633747725165,0.0005253511235955056,0.02912837078651686,2848,0,3,daily_me_op,daily size characteristic,epsilon_greedy_momentum,7,test,iid,constant_a017,0.036884644591611476
-0.0035544943540763373,-0.008450246613337358,0.0003673825109725685,0.022545666356011185,0.022636490250696376,9.265185411704119,260.0,0.9967467747852162,0.0005296348314606743,0.0289566011235955,2848,0,2,daily_me_op,daily size characteristic,epsilon_greedy_momentum,7,test,iid,constant_a018,0.036884644591611476
-0.0014863381877869891,-0.00673473059170968,0.004345971307322081,0.014682162921348316,0.014810790464240902,12.2389637981193,260.0,0.9957026110259413,0.00048683286516853927,0.02873441011235955,2848,0,3,daily_me_op,daily size characteristic,epsilon_greedy_momentum,7,test,iid,constant_a019,0.036884644591611476
0.007440865924447347,-0.0004157303497744311,0.01807147344333321,0.013744184231069479,0.019774248927038635,11.881077793585938,260.0,0.9958282732466341,0.0004640800561797754,0.037429634831460674,2848,0,3,daily_me_op,daily size characteristic,epsilon_greedy_momentum,7,test,iid,constant_a020,0.036884644591611476
0.0013766225674307438,-0.002441001142541996,0.007494418498616798,0.01490636685194543,0.015505551883674818,8.862751443203065,260.0,0.9968880788471899,0.0005357092696629213,0.029238483146067418,2848,0,2,daily_me_op,daily size characteristic,epsilon_greedy_momentum,7,test,iid,constant_a021,0.036884644591611476
0.0006925101792790582,-0.012992735143573596,0.013548696551605585,0.041295483653522085,0.041673122529644266,13.280725416272563,260.0,0.9953368239409155,0.000558251404494382,0.02764115168539326,2848,0,3,daily_me_op,daily size characteristic,epsilon_greedy_momentum,7,test,iid,constant_a022,0.036884644591611476
0.00272006529853512,-0.0010629966374094584,0.006524200408916848,0.008983794466403164,0.010893726379440666,9.269445902648403,260.0,0.9967452788263172,0.0006573033707865169,0.028800421348314606,2848,0,2,daily_me_op,daily size characteristic,epsilon_greedy_momentum,7,test,iid,constant_a023,0.036884644591611476
-0.003941242414915365,-0.013668763822616645,0.003658188965462312,0.036470649443846426,0.037867828418230554,12.782068434382131,260.0,0.9955119141733209,0.0006134831460674157,0.02737092696629214,2848,0,3,daily_me_op,daily size characteristic,epsilon_greedy_momentum,7,test,iid,constant_a024,0.036884644591611476
0.016838622364827083,-0.006203700779467741,0.049014418874646214,0.014152000000000008,0.014152000000000008,12.0,260.0,0.9957865168539326,0.0005147022471910111,0.030364893258426964,2848,0,3,daily_me_op,daily size characteristic,epsilon_greedy_momentum,7,test,iid,constant_equal_weight_public,0.036884644591611476
0.0006491439595582759,2.5842308835006628e-05,0.0013032143710218504,0.039407045543012845,0.04341709601873525,2569.0000000000223,1.1063829787234043,0.09796348314605963,0.0005490519662921348,0.039553370786516856,2848,0,4,daily_me_op,daily size characteristic,epsilon_greedy_momentum,7,test,iid,momentum_12,0.036884644591611476
0.007102319736799135,-0.0027338676458765945,0.02577544876300067,0.014903492573263752,0.015237411347517736,11.233131966306445,260.0,0.9960557823152014,0.0004874002808988763,0.026351544943820224,2848,0,3,daily_me_op,daily size characteristic,epsilon_greedy_momentum,7,test,iid,low_vol_12,0.036884644591611476
-0.0008785481717772332,-0.006747203954122314,0.0027925315915281242,0.034123845428840734,0.040743373493975964,26.948531347999968,260.0,0.9905377347794944,0.0007221207865168541,0.0337123595505618,2848,0,3,daily_me_op,daily size characteristic,epsilon_greedy_momentum,7,test,iid,risk_adjusted_12,0.036884644591611476
0.005653315783020728,-0.0017189504186309454,0.010148934174154835,0.011939722863741339,0.0122886323268206,9.429613237439007,260.0,0.996689040295843,0.00045253792134831457,0.032893511235955054,2848,0,2,daily_me_op,daily size characteristic,epsilon_greedy_momentum,7,test,iid,ridge_return_train_only,0.036884644591611476
-0.002148047474913947,-0.009967336863253318,0.006144424574798841,0.02142155082081733,0.022769696969696974,13.48700705714353,260.0,0.9952643935894862,0.0003962780898876405,0.03857907303370787,2848,0,3,daily_me_op,daily size characteristic,epsilon_greedy_momentum,7,test,block,constant_a000,0.036884644591611476
-0.0010640895110285936,-0.007234189437025011,0.004031592060520267,0.020105167958656328,0.02057450039968026,8.473877176901906,260.0,0.9970246217777732,0.0005180828651685394,0.030657022471910114,2848,0,2,daily_me_op,daily size characteristic,epsilon_greedy_momentum,7,test,block,constant_a001,0.036884644591611476
0.0006428614169530762,-0.004113382533939742,0.004870344304565308,0.013692269326683288,0.014934110334110346,9.096622730101227,260.0,0.9968059611200487,0.0005845505617977528,0.030667977528089887,2848,0,2,daily_me_op,daily size characteristic,epsilon_greedy_momentum,7,test,block,constant_a002,0.036884644591611476
0.007511780976081443,-0.0013574061489195375,0.018462788582623988,0.02004876632801161,0.02626529392228496,15.347146339413479,260.0,0.9946112547965542,0.000689817415730337,0.039128651685393256,2848,0,3,daily_me_op,daily size characteristic,epsilon_greedy_momentum,7,test,block,constant_a003,0.036884644591611476
-0.004226318379420341,-0.012803233574299891,0.003625442622348491,0.021169692923898524,0.021997378958864208,13.54101822965387,260.0,0.9952454289923968,0.0003732443820224719,0.03620463483146068,2848,0,3,daily_me_op,daily size characteristic,epsilon_greedy_momentum,7,test,block,constant_a004,0.036884644591611476
-0.0022043598550029733,-0.010016343669098334,0.00549816929744422,0.02462913385826772,0.025428944820909977,9.342697849540226,260.0,0.9967195583393468,0.0004969803370786517,0.04001446629213483,2848,0,2,daily_me_op,daily size characteristic,epsilon_greedy_momentum,7,test,block,constant_a005,0.036884644591611476
-0.0017779452214485008,-0.012980131554512837,0.0069439592397158596,0.018872360117795542,0.018981818181818176,10.230607104768099,260.0,0.9964077924491686,0.000506179775280899,0.03197050561797753,2848,0,3,daily_me_op,daily size characteristic,epsilon_greedy_momentum,7,test,block,constant_a006,0.036884644591611476
0.0037446421776545897,-0.006345807187329463,0.017179918180099535,0.014954535336672231,0.01500862429125634,15.591682720859874,260.0,0.9945253923030689,0.0005496839887640451,0.03202626404494382,2848,0,3,daily_me_op,daily size characteristic,epsilon_greedy_momentum,7,test,block,constant_a007,0.036884644591611476
0.001903140491948977,-0.008112060681765577,0.010206607902086249,0.0191,0.0191,11.39410983324032,260.0,0.9959992591877668,0.0004826896067415731,0.03332331460674158,2848,0,3,daily_me_op,daily size characteristic,epsilon_greedy_momentum,7,test,block,constant_a008,0.036884644591611476
0.008784430160460313,-0.0015195835449076467,0.023727859879429658,0.012484195283409187,0.01296136724960254,10.577058102502754,260.0,0.9962861453291774,0.0004806179775280899,0.0354438202247191,2848,0,3,daily_me_op,daily size characteristic,epsilon_greedy_momentum,7,test,block,constant_a009,0.036884644591611476
-0.009140290433049546,-0.020662257100867037,0.00026317703906312786,0.025628351126927643,0.026333250620347384,11.57767061468542,260.0,0.9959348066661919,0.0005072331460674157,0.03976390449438202,2848,0,3,daily_me_op,daily size characteristic,epsilon_greedy_momentum,7,test,block,constant_a010,0.036884644591611476
0.0037670879928263434,-0.006673587776310831,0.01633536823925198,0.014966666666666668,0.015242477876106199,13.144772140367902,260.0,0.9953845603439719,0.0004511235955056179,0.03151390449438202,2848,0,3,daily_me_op,daily size characteristic,epsilon_greedy_momentum,7,test,block,constant_a011,0.036884644591611476
0.0034746962016145425,-0.002301613365591825,0.009631002281295351,0.012406923076923078,0.012714277144571087,11.127755189385827,260.0,0.9960927825879965,0.0005087078651685394,0.032783988764044945,2848,0,3,daily_me_op,daily size characteristic,epsilon_greedy_momentum,7,test,block,constant_a012,0.036884644591611476
-0.007517770373592372,-0.024425468959937847,0.006993834021105322,0.043,0.043,10.170568743549357,260.0,0.9964288733344279,0.0005538623595505618,0.03227443820224719,2848,0,3,daily_me_op,daily size characteristic,epsilon_greedy_momentum,7,test,block,constant_a013,0.036884644591611476
-0.009148608799491307,-0.01952738628451349,-0.0004888664777786878,0.04041535240753664,0.0404396992481203,12.393822067579462,260.0,0.9956482366335746,0.000419066011235955,0.03335842696629214,2848,0,3,daily_me_op,daily size characteristic,epsilon_greedy_momentum,7,test,block,constant_a014,0.036884644591611476
-0.001657240875167934,-0.006629379529087532,0.002002494481501794,0.01696748920419494,0.02062396514161218,7.925060546927959,260.0,0.9972173242461629,0.0005329705056179775,0.03754929775280899,2848,0,2,daily_me_op,daily size characteristic,epsilon_greedy_momentum,7,test,block,constant_a015,0.036884644591611476
6.649747529930067e-05,-0.008787472974815223,0.0070930989075903075,0.022315315553208346,0.022337528307990937,16.23011632736438,260.0,0.9943012231996614,0.0004458216292134831,0.029966853932584265,2848,0,3,daily_me_op,daily size characteristic,epsilon_greedy_momentum,7,test,block,constant_a016,0.036884644591611476
0.0028963783181663078,-0.003084558373152772,0.006937835112174477,0.011689444250262148,0.011912933025404157,12.350708647872992,260.0,0.9956633747725165,0.0005253511235955056,0.02912837078651686,2848,0,3,daily_me_op,daily size characteristic,epsilon_greedy_momentum,7,test,block,constant_a017,0.036884644591611476
-0.0035544943540763373,-0.008171144804206987,-0.0002956434871378666,0.022545666356011185,0.02263480055020632,9.265185411704119,260.0,0.9967467747852162,0.0005296348314606743,0.0289566011235955,2848,0,2,daily_me_op,daily size characteristic,epsilon_greedy_momentum,7,test,block,constant_a018,0.036884644591611476
-0.0014863381877869891,-0.008121222473266998,0.004301408536252276,0.014682162921348316,0.014792226890756311,12.2389637981193,260.0,0.9957026110259413,0.00048683286516853927,0.02873441011235955,2848,0,3,daily_me_op,daily size characteristic,epsilon_greedy_momentum,7,test,block,constant_a019,0.036884644591611476
0.007440865924447347,-3.4225308196989236e-05,0.017823419278892413,0.013744184231069479,0.019888888888888887,11.881077793585938,260.0,0.9958282732466341,0.0004640800561797754,0.037429634831460674,2848,0,3,daily_me_op,daily size characteristic,epsilon_greedy_momentum,7,test,block,constant_a020,0.036884644591611476
0.0013766225674307438,-0.0023057346495845253,0.0057241442440210035,0.01490636685194543,0.015470795306388525,8.862751443203065,260.0,0.9968880788471899,0.0005357092696629213,0.029238483146067418,2848,0,2,daily_me_op,daily size characteristic,epsilon_greedy_momentum,7,test,block,constant_a021,0.036884644591611476
0.0006925101792790582,-0.012081314740479644,0.011256670795751005,0.041295483653522085,0.04165755827925979,13.280725416272563,260.0,0.9953368239409155,0.000558251404494382,0.02764115168539326,2848,0,3,daily_me_op,daily size characteristic,epsilon_greedy_momentum,7,test,block,constant_a022,0.036884644591611476
0.00272006529853512,-0.0007078783279305833,0.007615903417325772,0.008983794466403164,0.010864030131826739,9.269445902648403,260.0,0.9967452788263172,0.0006573033707865169,0.028800421348314606,2848,0,2,daily_me_op,daily size characteristic,epsilon_greedy_momentum,7,test,block,constant_a023,0.036884644591611476
-0.003941242414915365,-0.012582961048012892,0.003428896485970538,0.036470649443846426,0.03882463295269167,12.782068434382131,260.0,0.9955119141733209,0.0006134831460674157,0.02737092696629214,2848,0,3,daily_me_op,daily size characteristic,epsilon_greedy_momentum,7,test,block,constant_a024,0.036884644591611476
0.016838622364827083,-0.004845211974291403,0.04405693854988709,0.014152000000000008,0.014152000000000008,12.0,260.0,0.9957865168539326,0.0005147022471910111,0.030364893258426964,2848,0,3,daily_me_op,daily size characteristic,epsilon_greedy_momentum,7,test,block,constant_equal_weight_public,0.036884644591611476
0.0006491439595582759,-2.2879271944090448e-05,0.0012328653605741988,0.039407045543012845,0.04602995714842225,2569.0000000000223,1.1063829787234043,0.09796348314605963,0.0005490519662921348,0.039553370786516856,2848,0,4,daily_me_op,daily size characteristic,epsilon_greedy_momentum,7,test,block,momentum_12,0.036884644591611476
0.007102319736799135,-0.0018254027322435983,0.019455737224362214,0.014903492573263752,0.015150089445438284,11.233131966306445,260.0,0.9960557823152014,0.0004874002808988763,0.026351544943820224,2848,0,3,daily_me_op,daily size characteristic,epsilon_greedy_momentum,7,test,block,low_vol_12,0.036884644591611476
-0.0008785481717772332,-0.006323009120122377,0.0035182073637875875,0.034123845428840734,0.044386111111111126,26.948531347999968,260.0,0.9905377347794944,0.0007221207865168541,0.0337123595505618,2848,0,3,daily_me_op,daily size characteristic,epsilon_greedy_momentum,7,test,block,risk_adjusted_12,0.036884644591611476
0.005653315783020728,-0.00024245678261078252,0.01033624265537311,0.011939722863741339,0.012337912087912092,9.429613237439007,260.0,0.996689040295843,0.00045253792134831457,0.032893511235955054,2848,0,2,daily_me_op,daily size characteristic,epsilon_greedy_momentum,7,test,block,ridge_return_train_only,0.036884644591611476
0.010293121211227899,0.0021740391246831852,0.01832013559245886,0.007990073284477015,0.014516080402010056,6.797592935092498,260.0,0.9969988552162947,0.00030348785871964673,0.0393766004415011,2265,0,2,daily_me_op,daily size characteristic,epsilon_greedy_momentum,17,calibration,iid,constant_a000,0.036884644591611476
-0.004718955627103354,-0.012225474262157242,0.001039556885205585,0.015573686947477896,0.015798336414048063,8.369328019228524,260.0,0.9963049324418417,0.00045673289183222954,0.03845033112582781,2265,0,2,daily_me_op,daily size characteristic,epsilon_greedy_momentum,17,calibration,iid,constant_a001,0.036884644591611476
-0.014001258223222686,-0.036641192099503214,0.00016177696333836947,0.04050091996320148,0.04050248241621845,9.508002671580677,260.0,0.9958022063260129,0.00042763796909492266,0.03839094922737307,2265,0,2,daily_me_op,daily size characteristic,epsilon_greedy_momentum,17,calibration,iid,constant_a002,0.036884644591611476
-0.0030340173111224633,-0.015479214861926622,0.009151567648764408,0.032279539021431464,0.0326927903871829,11.071737756914436,260.0,0.9951118155598612,0.00047395143487858726,0.03862604856512141,2265,0,3,daily_me_op,daily size characteristic,epsilon_greedy_momentum,17,calibration,iid,constant_a003,0.036884644591611476
0.0016263803220129191,-0.0067525924699771535,0.009004124430820255,0.012198722259583055,0.013426712054465361,13.3433244726592,260.0,0.9941089075175897,0.0004247682119205297,0.04078388520971302,2265,0,3,daily_me_op,daily size characteristic,epsilon_greedy_momentum,17,calibration,iid,constant_a004,0.036884644591611476
-0.0020716182285110316,-0.011684745515985393,0.006549253411825646,0.0342,0.0342,14.091980931716698,260.0,0.9937783748645842,0.0004983664459161148,0.04207969094922737,2265,0,3,daily_me_op,daily size characteristic,epsilon_greedy_momentum,17,calibration,iid,constant_a005,0.036884644591611476
-0.003164584240218128,-0.011977032663599915,0.005665958840342172,0.01623786982248521,0.016983704842428903,10.136340096982266,260.0,0.995524794659169,0.0004000000000000001,0.03936004415011037,2265,0,3,daily_me_op,daily size characteristic,epsilon_greedy_momentum,17,calibration,iid,constant_a006,0.036884644591611476
-0.009638410846527402,-0.01913559080054495,-0.0015307175736720838,0.029118105849582174,0.029801646090534963,6.222828448650461,260.0,0.9972526143714567,0.0005164238410596026,0.03821633554083886,2265,0,2,daily_me_op,daily size characteristic,epsilon_greedy_momentum,17,calibration,iid,constant_a007,0.036884644591611476
-0.006019121845091778,-0.018521641121976996,0.004964130295551209,0.02787493443237167,0.02800376974019358,11.724887624082662,260.0,0.9948234491725905,0.000591523178807947,0.03958874172185431,2265,0,3,daily_me_op,daily size characteristic,epsilon_greedy_momentum,17,calibration,iid,constant_a008,0.036884644591611476
0.0017882056125015087,-0.004656136192166561,0.006040262498736303,0.011361103979460848,0.023573684210526323,7.322409184972401,260.0,0.9967671482627053,0.0006415011037527594,0.04022317880794702,2265,0,2,daily_me_op,daily size characteristic,epsilon_greedy_momentum,17,calibration,iid,constant_a009,0.036884644591611476
-0.0057730745840638515,-0.0198406740378365,0.006450489964200367,0.032789869281045755,0.03294495892457058,10.849507918920725,260.0,0.9952099302786221,0.0004702428256070641,0.04091456953642385,2265,0,3,daily_me_op,daily size characteristic,epsilon_greedy_momentum,17,calibration,iid,constant_a010,0.036884644591611476
-0.0033967467567576743,-0.019604599405320135,0.008809446250810109,0.0354,0.0354,8.170748268525662,260.0,0.99639260562096,0.0005049448123620308,0.03691633554083885,2265,0,2,daily_me_op,daily size characteristic,epsilon_greedy_momentum,17,calibration,iid,constant_a011,0.036884644591611476
-0.00028624367149862476,-0.00998983228154688,0.005048187226018348,0.017648672566371683,0.018385950413223138,9.273803608036912,260.0,0.9959056054710653,0.0005502428256070641,0.03507041942604857,2265,0,2,daily_me_op,daily size characteristic,epsilon_greedy_momentum,17,calibration,iid,constant_a012,0.036884644591611476
-0.0007237043654935081,-0.004517349184453394,0.005671186961725946,0.023029113924050628,0.023495236265847104,7.119398120484536,260.0,0.9968567778717508,0.0005137748344370861,0.036443487858719655,2265,0,2,daily_me_op,daily size characteristic,epsilon_greedy_momentum,17,calibration,iid,constant_a013,0.036884644591611476
0.00366103705301558,-0.0024858831069896796,0.011324938388486442,0.018372505543237255,0.018794247787610612,6.625367802738227,260.0,0.9970748928023231,0.000672671081677704,0.03833708609271524,2265,0,2,daily_me_op,daily size characteristic,epsilon_greedy_momentum,17,calibration,iid,constant_a014,0.036884644591611476
0.00488003101498266,-0.00576424131345996,0.02177078576655897,0.016712919088064375,0.01814919614147909,10.06577330246396,260.0,0.995555949976837,0.0004266225165562914,0.042104856512141284,2265,0,3,daily_me_op,daily size characteristic,epsilon_greedy_momentum,17,calibration,iid,constant_a015,0.036884644591611476
0.013599129049991719,-0.0015807961794863659,0.03326184764875636,0.012753032440056414,0.012822237893747063,15.170329371857655,260.0,0.9933022828380319,0.0004412362030905077,0.037138410596026496,2265,0,3,daily_me_op,daily size characteristic,epsilon_greedy_momentum,17,calibration,iid,constant_a016,0.036884644591611476
-0.001710511800539415,-0.010936840113607696,0.004783897000446577,0.018883932741709485,0.019192690394182938,9.222154265860045,260.0,0.9959284087126445,0.00043708609271523176,0.03571677704194261,2265,0,2,daily_me_op,daily size characteristic,epsilon_greedy_momentum,17,calibration,iid,constant_a017,0.036884644591611476
0.002009150408070709,-0.006059944408236561,0.016786630683125754,0.0252,0.025200000000000004,10.162006196255804,260.0,0.9955134630480107,0.0004893156732891833,0.03461456953642384,2265,0,3,daily_me_op,daily size characteristic,epsilon_greedy_momentum,17,calibration,iid,constant_a018,0.036884644591611476
0.0010174743167890032,-0.005576592273365296,0.006340001384459224,0.0218731434384537,0.023748936170212766,4.3734764169944125,260.0,0.9980691053346603,0.0005333333333333335,0.03605783664459162,2265,0,1,daily_me_op,daily size characteristic,epsilon_greedy_momentum,17,calibration,iid,constant_a019,0.036884644591611476
-0.0011085266184247353,-0.009899601047224073,0.00469954368929005,0.021567910696434524,0.0228258855585831,13.586150455360986,260.0,0.994001699578207,0.00028900662251655633,0.046241501103752754,2265,0,3,daily_me_op,daily size characteristic,epsilon_greedy_momentum,17,calibration,iid,constant_a020,0.036884644591611476
-0.002019622556642552,-0.012436600999818246,0.00733255237613074,0.025476240208877284,0.025601796821008976,8.299987551914171,260.0,0.9963355463346957,0.00029668874172185427,0.03527350993377483,2265,0,2,daily_me_op,daily size characteristic,epsilon_greedy_momentum,17,calibration,iid,constant_a021,0.036884644591611476
0.002669376189631026,-0.0029711248843920053,0.009432487926012105,0.01135349626612356,0.01170522088353414,6.546903712286484,260.0,0.9971095347848625,0.00039487858719646797,0.03427064017660044,2265,0,2,daily_me_op,daily size characteristic,epsilon_greedy_momentum,17,calibration,iid,constant_a022,0.036884644591611476
-0.0029525906639183237,-0.00733018065126606,0.00039255243795983236,0.013123762376237627,0.01764733581164808,6.9246956600443195,260.0,0.9969427392229385,0.00040044150110375275,0.030308830022075055,2265,0,2,daily_me_op,daily size characteristic,epsilon_greedy_momentum,17,calibration,iid,constant_a023,0.036884644591611476
0.0029625608343888912,-0.0061370950792998405,0.009025077952616152,0.02561531591134635,0.027665434469515127,13.7856202189461,260.0,0.9939136334574189,0.0004770860927152318,0.031186534216335538,2265,0,3,daily_me_op,daily size characteristic,epsilon_greedy_momentum,17,calibration,iid,constant_a024,0.036884644591611476
-0.00736925386282484,-0.033752534703663684,0.013091587689007516,0.04682400000000001,0.04682400000000001,15.0,260.0,0.9933774834437086,0.00046527858719646806,0.036884644591611476,2265,0,3,daily_me_op,daily size characteristic,epsilon_greedy_momentum,17,calibration,iid,constant_equal_weight_public,0.036884644591611476
0.0005890174932048604,-3.2927716280491034e-05,0.0011990455653307654,0.03828122227698376,0.04095950617283954,2028.9999999999425,1.1063829787234043,0.10419426048567659,0.0006160706401766005,0.03774635761589404,2265,0,4,daily_me_op,daily size characteristic,epsilon_greedy_momentum,17,calibration,iid,momentum_12,0.036884644591611476
-0.0030364266122288996,-0.01347656599364771,0.007578381642361083,0.024733821302372543,0.026266416040100243,8.8806338976377,260.0,0.9960791903321687,0.0004981015452538633,0.031074392935982336,2265,0,2,daily_me_op,daily size characteristic,epsilon_greedy_momentum,17,calibration,iid,low_vol_12,0.036884644591611476
-0.003958452113294714,-0.013403663953733078,0.0011520458156781392,0.03928768859384431,0.04248787023977434,24.594435536603328,260.0,0.9891415295644136,0.0005762030905077263,0.03806313465783665,2265,0,3,daily_me_op,daily size characteristic,epsilon_greedy_momentum,17,calibration,iid,risk_adjusted_12,0.036884644591611476
-0.005468699954282115,-0.02166184999554198,0.006959691937396585,0.035804255319148943,0.03651856091578086,7.40481400437635,260.0,0.996730766443984,0.0004848300220750552,0.03668013245033113,2265,0,2,daily_me_op,daily size characteristic,epsilon_greedy_momentum,17,calibration,iid,ridge_return_train_only,0.036884644591611476
0.010293121211227899,0.002524219114127558,0.021010961666154092,0.007990073284477015,0.015532727272727276,6.797592935092498,260.0,0.9969988552162947,0.00030348785871964673,0.0393766004415011,2265,0,2,daily_me_op,daily size characteristic,epsilon_greedy_momentum,17,calibration,block,constant_a000,0.036884644591611476
-0.004718955627103354,-0.011229639057367923,0.0014588376058968827,0.015573686947477896,0.015827978660343796,8.369328019228524,260.0,0.9963049324418417,0.00045673289183222954,0.03845033112582781,2265,0,2,daily_me_op,daily size characteristic,epsilon_greedy_momentum,17,calibration,block,constant_a001,0.036884644591611476
-0.014001258223222686,-0.03165148832534894,0.001399063940428366,0.04050091996320148,0.040502798181182235,9.508002671580677,260.0,0.9958022063260129,0.00042763796909492266,0.03839094922737307,2265,0,2,daily_me_op,daily size characteristic,epsilon_greedy_momentum,17,calibration,block,constant_a002,0.036884644591611476
-0.0030340173111224633,-0.018442241358798166,0.008654402030895387,0.032279539021431464,0.032742547033285094,11.071737756914436,260.0,0.9951118155598612,0.00047395143487858726,0.03862604856512141,2265,0,3,daily_me_op,daily size characteristic,epsilon_greedy_momentum,17,calibration,block,constant_a003,0.036884644591611476
0.0016263803220129191,-0.004720228174357318,0.007402052440789116,0.012198722259583055,0.013809346890887761,13.3433244726592,260.0,0.9941089075175897,0.0004247682119205297,0.04078388520971302,2265,0,3,daily_me_op,daily size characteristic,epsilon_greedy_momentum,17,calibration,block,constant_a004,0.036884644591611476
-0.0020716182285110316,-0.01300659831985471,0.009064629158237416,0.0342,0.0342,14.091980931716698,260.0,0.9937783748645842,0.0004983664459161148,0.04207969094922737,2265,0,3,daily_me_op,daily size characteristic,epsilon_greedy_momentum,17,calibration,block,constant_a005,0.036884644591611476
-0.003164584240218128,-0.012442601668337409,0.005314719978187733,0.01623786982248521,0.0171120728929385,10.136340096982266,260.0,0.995524794659169,0.0004000000000000001,0.03936004415011037,2265,0,3,daily_me_op,daily size characteristic,epsilon_greedy_momentum,17,calibration,block,constant_a006,0.036884644591611476
-0.009638410846527402,-0.018076071560649803,-0.0016538596737080658,0.029118105849582174,0.03008264462809918,6.222828448650461,260.0,0.9972526143714567,0.0005164238410596026,0.03821633554083886,2265,0,2,daily_me_op,daily size characteristic,epsilon_greedy_momentum,17,calibration,block,constant_a007,0.036884644591611476
-0.006019121845091778,-0.01481360823907639,0.005069997082606978,0.02787493443237167,0.027967714884696016,11.724887624082662,260.0,0.9948234491725905,0.000591523178807947,0.03958874172185431,2265,0,3,daily_me_op,daily size characteristic,epsilon_greedy_momentum,17,calibration,block,constant_a008,0.036884644591611476
0.0017882056125015087,-0.0024988529603676294,0.006193633675275806,0.011361103979460848,0.023227586206896536,7.322409184972401,260.0,0.9967671482627053,0.0006415011037527594,0.04022317880794702,2265,0,2,daily_me_op,daily size characteristic,epsilon_greedy_momentum,17,calibration,block,constant_a009,0.036884644591611476
-0.0057730745840638515,-0.018958269700665997,0.007158587565664,0.032789869281045755,0.03291165817770232,10.849507918920725,260.0,0.9952099302786221,0.0004702428256070641,0.04091456953642385,2265,0,3,daily_me_op,daily size characteristic,epsilon_greedy_momentum,17,calibration,block,constant_a010,0.036884644591611476
-0.0033967467567576743,-0.01739472831434439,0.00900260378678488,0.0354,0.0354,8.170748268525662,260.0,0.99639260562096,0.0005049448123620308,0.03691633554083885,2265,0,2,daily_me_op,daily size characteristic,epsilon_greedy_momentum,17,calibration,block,constant_a011,0.036884644591611476
-0.00028624367149862476,-0.00718623513147951,0.004644365922184348,0.017648672566371683,0.018943416370106762,9.273803608036912,260.0,0.9959056054710653,0.0005502428256070641,0.03507041942604857,2265,0,2,daily_me_op,daily size characteristic,epsilon_greedy_momentum,17,calibration,block,constant_a012,0.036884644591611476
-0.0007237043654935081,-0.005569493587562036,0.00343189424301105,0.023029113924050628,0.023617277486910997,7.119398120484536,260.0,0.9968567778717508,0.0005137748344370861,0.036443487858719655,2265,0,2,daily_me_op,daily size characteristic,epsilon_greedy_momentum,17,calibration,block,constant_a013,0.036884644591611476
0.00366103705301558,-0.0039463554136998655,0.01035828254472183,0.018372505543237255,0.01882352941176471,6.625367802738227,260.0,0.9970748928023231,0.000672671081677704,0.03833708609271524,2265,0,2,daily_me_op,daily size characteristic,epsilon_greedy_momentum,17,calibration,block,constant_a014,0.036884644591611476
0.00488003101498266,-0.006185794056965586,0.021065774742757046,0.016712919088064375,0.01974794828555369,10.06577330246396,260.0,0.995555949976837,0.0004266225165562914,0.042104856512141284,2265,0,3,daily_me_op,daily size characteristic,epsilon_greedy_momentum,17,calibration,block,constant_a015,0.036884644591611476
0.013599129049991719,0.000982710237174959,0.031215953876608336,0.012753032440056414,0.012816942585417398,15.170329371857655,260.0,0.9933022828380319,0.0004412362030905077,0.037138410596026496,2265,0,3,daily_me_op,daily size characteristic,epsilon_greedy_momentum,17,calibration,block,constant_a016,0.036884644591611476
-0.001710511800539415,-0.012922404911769395,0.004713123514790994,0.018883932741709485,0.01949791811242193,9.222154265860045,260.0,0.9959284087126445,0.00043708609271523176,0.03571677704194261,2265,0,2,daily_me_op,daily size characteristic,epsilon_greedy_momentum,17,calibration,block,constant_a017,0.036884644591611476
0.002009150408070709,-0.007082884812870921,0.013106532730492913,0.0252,0.0252,10.162006196255804,260.0,0.9955134630480107,0.0004893156732891833,0.03461456953642384,2265,0,3,daily_me_op,daily size characteristic,epsilon_greedy_momentum,17,calibration,block,constant_a018,0.036884644591611476
0.0010174743167890032,-0.005029412809578187,0.008767604338956495,0.0218731434384537,0.023914814814814816,4.3734764169944125,260.0,0.9980691053346603,0.0005333333333333335,0.03605783664459162,2265,0,1,daily_me_op,daily size characteristic,epsilon_greedy_momentum,17,calibration,block,constant_a019,0.036884644591611476
-0.0011085266184247353,-0.009303988238646246,0.006037621385929139,0.021567910696434524,0.02316666666666667,13.586150455360986,260.0,0.994001699578207,0.00028900662251655633,0.046241501103752754,2265,0,3,daily_me_op,daily size characteristic,epsilon_greedy_momentum,17,calibration,block,constant_a020,0.036884644591611476
-0.002019622556642552,-0.010885282423449605,0.007703130547471373,0.025476240208877284,0.025573706127305168,8.299987551914171,260.0,0.9963355463346957,0.00029668874172185427,0.03527350993377483,2265,0,2,daily_me_op,daily size characteristic,epsilon_greedy_momentum,17,calibration,block,constant_a021,0.036884644591611476
0.002669376189631026,-0.001888548674035947,0.0089389498637105,0.01135349626612356,0.011930303030303029,6.546903712286484,260.0,0.9971095347848625,0.00039487858719646797,0.03427064017660044,2265,0,2,daily_me_op,daily size characteristic,epsilon_greedy_momentum,17,calibration,block,constant_a022,0.036884644591611476
-0.0029525906639183237,-0.006710696063178265,0.0006132570133966803,0.013123762376237627,0.02166786271450859,6.9246956600443195,260.0,0.9969427392229385,0.00040044150110375275,0.030308830022075055,2265,0,2,daily_me_op,daily size characteristic,epsilon_greedy_momentum,17,calibration,block,constant_a023,0.036884644591611476
0.0029625608343888912,-0.004765753900568046,0.009614674500838458,0.02561531591134635,0.027780594679186234,13.7856202189461,260.0,0.9939136334574189,0.0004770860927152318,0.031186534216335538,2265,0,3,daily_me_op,daily size characteristic,epsilon_greedy_momentum,17,calibration,block,constant_a024,0.036884644591611476
-0.00736925386282484,-0.0325409173904138,0.016349945336238556,0.04682400000000001,0.04682400000000001,15.0,260.0,0.9933774834437086,0.00046527858719646806,0.036884644591611476,2265,0,3,daily_me_op,daily size characteristic,epsilon_greedy_momentum,17,calibration,block,constant_equal_weight_public,0.036884644591611476
0.0005890174932048604,-0.0001575442641002094,0.0012133979602614578,0.03828122227698376,0.044257581764122936,2028.9999999999425,1.1063829787234043,0.10419426048567659,0.0006160706401766005,0.03774635761589404,2265,0,4,daily_me_op,daily size characteristic,epsilon_greedy_momentum,17,calibration,block,momentum_12,0.036884644591611476
-0.0030364266122288996,-0.013531236482215329,0.006723896419153827,0.024733821302372543,0.026580636604774548,8.8806338976377,260.0,0.9960791903321687,0.0004981015452538633,0.031074392935982336,2265,0,2,daily_me_op,daily size characteristic,epsilon_greedy_momentum,17,calibration,block,low_vol_12,0.036884644591611476
-0.003958452113294714,-0.01360580124679351,0.0012223863701339651,0.03928768859384431,0.045614345696291136,24.594435536603328,260.0,0.9891415295644136,0.0005762030905077263,0.03806313465783665,2265,0,3,daily_me_op,daily size characteristic,epsilon_greedy_momentum,17,calibration,block,risk_adjusted_12,0.036884644591611476
-0.005468699954282115,-0.01879821176501197,0.006656838077666241,0.035804255319148943,0.036250746268656715,7.40481400437635,260.0,0.996730766443984,0.0004848300220750552,0.03668013245033113,2265,0,2,daily_me_op,daily size characteristic,epsilon_greedy_momentum,17,calibration,block,ridge_return_train_only,0.036884644591611476
-0.003224498730871566,-0.010326595675270155,0.0031828062519952075,0.029356431535269706,0.030115634218289097,9.608652270342025,260.0,0.9966261754668743,0.0003962780898876405,0.03857907303370787,2848,0,2,daily_me_op,daily size characteristic,epsilon_greedy_momentum,17,test,iid,constant_a000,0.036884644591611476
-0.0024980293515100304,-0.010089481546513296,0.00460769600939907,0.019900455235204857,0.020229514963880285,11.437363997590214,260.0,0.9959840716300596,0.0005180828651685394,0.030657022471910114,2848,0,3,daily_me_op,daily size characteristic,epsilon_greedy_momentum,17,test,iid,constant_a001,0.036884644591611476
-0.0029344884142399703,-0.010955492297985335,0.0035605535680463887,0.020535220125786163,0.020780147058823528,14.083141842490164,260.0,0.9950550766002493,0.0005845505617977528,0.030667977528089887,2848,0,3,daily_me_op,daily size characteristic,epsilon_greedy_momentum,17,test,iid,constant_a002,0.036884644591611476
-0.0031109544123744557,-0.013042851129122682,0.006313923375695505,0.029598444790046655,0.033931045490822015,14.394152502837397,260.0,0.9949458734189476,0.000689817415730337,0.039128651685393256,2848,0,3,daily_me_op,daily size characteristic,epsilon_greedy_momentum,17,test,iid,constant_a003,0.036884644591611476
0.0041808906760583235,-0.008000089707069117,0.016060318222413324,0.02640340557275542,0.0270900826446281,14.52847792786521,260.0,0.994898708592744,0.0003732443820224719,0.03620463483146068,2848,0,3,daily_me_op,daily size characteristic,epsilon_greedy_momentum,17,test,iid,constant_a004,0.036884644591611476
0.0029746837783978567,-0.0033793929908422934,0.010562051210123456,0.022989695550351276,0.030740874035989716,4.398132960247014,260.0,0.9984557117414863,0.0004969803370786517,0.04001446629213483,2848,0,1,daily_me_op,daily size characteristic,epsilon_greedy_momentum,17,test,iid,constant_a005,0.036884644591611476
0.012176160011588555,-0.003404519123273678,0.04028117329956102,0.016275349139330954,0.016391435768261967,13.204616205329389,260.0,0.995363547680713,0.000506179775280899,0.03197050561797753,2848,0,3,daily_me_op,daily size characteristic,epsilon_greedy_momentum,17,test,iid,constant_a006,0.036884644591611476
0.002908260014326252,-0.008277300855034293,0.014336355717866019,0.01691613800779076,0.016938821490467933,15.591682720859877,260.0,0.9945253923030689,0.0005496839887640451,0.03202626404494382,2848,0,3,daily_me_op,daily size characteristic,epsilon_greedy_momentum,17,test,iid,constant_a007,0.036884644591611476
0.0033644231868976754,-0.00770035260749372,0.01196405281053085,0.01610727476217124,0.016117675050985728,15.419007657914342,260.0,0.9945860225920244,0.0004826896067415731,0.03332331460674158,2848,0,3,daily_me_op,daily size characteristic,epsilon_greedy_momentum,17,test,iid,constant_a008,0.036884644591611476
0.0016853262842868163,-0.006469721833783368,0.00846943963524785,0.030300172711571673,0.030448605577689237,12.645354758402172,260.0,0.9955599175707858,0.0004806179775280899,0.0354438202247191,2848,0,3,daily_me_op,daily size characteristic,epsilon_greedy_momentum,17,test,iid,constant_a009,0.036884644591611476
0.0015360442462500525,-0.006294820366908696,0.00812382454432766,0.02180125549278092,0.023556620428751583,7.654287808453424,260.0,0.997312398943661,0.0005072331460674157,0.03976390449438202,2848,0,2,daily_me_op,daily size characteristic,epsilon_greedy_momentum,17,test,iid,constant_a010,0.036884644591611476
0.015502715983892724,-0.003950775504930384,0.04400081177973705,0.0315,0.0315,16.144697306638516,260.0,0.9943312158333432,0.0004511235955056179,0.03151390449438202,2848,0,3,daily_me_op,daily size characteristic,epsilon_greedy_momentum,17,test,iid,constant_a011,0.036884644591611476
0.0026497210531722546,0.000412371206053489,0.004480413559190168,0.006760732984293195,0.00879156626506024,4.128397800058839,260.0,0.9985504221207658,0.0005087078651685394,0.032783988764044945,2848,0,1,daily_me_op,daily size characteristic,epsilon_greedy_momentum,17,test,iid,constant_a012,0.036884644591611476
-0.0010548059181665697,-0.012354900019636116,0.008585014279952705,0.029700000000000004,0.029700000000000004,13.187504091527662,260.0,0.9953695561476378,0.0005538623595505618,0.03227443820224719,2848,0,3,daily_me_op,daily size characteristic,epsilon_greedy_momentum,17,test,iid,constant_a013,0.036884644591611476
-0.006706945090338725,-0.029418856483763106,0.00654039469569383,0.1,0.1,13.36773226661915,260.0,0.9953062737827882,0.000419066011235955,0.03335842696629214,2848,0,3,daily_me_op,daily size characteristic,epsilon_greedy_momentum,17,test,iid,constant_a014,0.036884644591611476
0.0038537984239904216,-0.013880246823028365,0.029302498577458484,0.034374710743801655,0.03446253146350234,13.803825585868339,260.0,0.9951531511285575,0.0005329705056179775,0.03754929775280899,2848,0,3,daily_me_op,daily size characteristic,epsilon_greedy_momentum,17,test,iid,constant_a015,0.036884644591611476
0.0013246040972447136,-0.0034145390222484503,0.008318707828155197,0.011336140888208269,0.011685978169605373,11.230488130080234,260.0,0.9960567106284831,0.0004458216292134831,0.029966853932584265,2848,0,3,daily_me_op,daily size characteristic,epsilon_greedy_momentum,17,test,iid,constant_a016,0.036884644591611476
0.002807918350246918,-0.006227906698688211,0.011645906240103919,0.030999999999999996,0.031000000000000003,15.324444449809448,260.0,0.9946192259656568,0.0005253511235955056,0.02912837078651686,2848,0,3,daily_me_op,daily size characteristic,epsilon_greedy_momentum,17,test,iid,constant_a017,0.036884644591611476
-0.0009794068201023811,-0.005208873903452211,0.004262908846816073,0.011408478109798469,0.011670954356846473,6.248799712715635,260.0,0.9978058989772768,0.0005296348314606743,0.0289566011235955,2848,0,2,daily_me_op,daily size characteristic,epsilon_greedy_momentum,17,test,iid,constant_a018,0.036884644591611476
0.0017947197086727444,-0.0027392812723340022,0.006090803497659105,0.010872413793103447,0.011160717009916093,10.239198374731554,260.0,0.996404775851569,0.00048683286516853927,0.02873441011235955,2848,0,3,daily_me_op,daily size characteristic,epsilon_greedy_momentum,17,test,iid,constant_a019,0.036884644591611476
0.0023790063068445068,-0.007104396948342042,0.015013316821521445,0.021974365391490887,0.022896642685851322,12.87374750488351,260.0,0.9954797234884538,0.0004640800561797754,0.037429634831460674,2848,0,3,daily_me_op,daily size characteristic,epsilon_greedy_momentum,17,test,iid,constant_a020,0.036884644591611476
-0.00344554778080645,-0.014306866408508865,0.0036372939256972972,0.03231163586584532,0.032327709861450685,12.881801805064079,260.0,0.9954768954336152,0.0005357092696629213,0.029238483146067418,2848,0,3,daily_me_op,daily size characteristic,epsilon_greedy_momentum,17,test,iid,constant_a021,0.036884644591611476
0.0010559561543674436,-0.0025679662848735563,0.004215097692566101,0.012332267093162735,0.013532438478747206,11.323297749279922,260.0,0.9960241229812922,0.000558251404494382,0.02764115168539326,2848,0,3,daily_me_op,daily size characteristic,epsilon_greedy_momentum,17,test,iid,constant_a022,0.036884644591611476
4.73536674906744e-05,-0.0024836845225679146,0.003163587397692218,0.010340074211502783,0.020956338028169017,5.25739465612244,260.0,0.9981540046853503,0.0006573033707865169,0.028800421348314606,2848,0,2,daily_me_op,daily size characteristic,epsilon_greedy_momentum,17,test,iid,constant_a023,0.036884644591611476
0.0013627117310072486,-0.002068438181130742,0.0045742582728384275,0.016854054054054053,0.022266666666666667,8.848699519106331,260.0,0.9968930128093025,0.0006134831460674157,0.02737092696629214,2848,0,2,daily_me_op,daily size characteristic,epsilon_greedy_momentum,17,test,iid,constant_a024,0.036884644591611476
0.007422439808228036,0.0025140684021208067,0.013478237598908455,0.0037319999999999996,0.0037319999999999996,8.0,260.0,0.9971910112359551,0.0005147022471910111,0.030364893258426964,2848,0,2,daily_me_op,daily size characteristic,epsilon_greedy_momentum,17,test,iid,constant_equal_weight_public,0.036884644591611476
0.0004190591734983621,-0.0002642311805386041,0.0011732226005024605,0.039997669902912626,0.04497767369242762,2575.000000000023,1.1063829787234043,0.0958567415730256,0.0005490519662921348,0.039553370786516856,2848,0,4,daily_me_op,daily size characteristic,epsilon_greedy_momentum,17,test,iid,momentum_12,0.036884644591611476
0.00018453679792047612,-0.0025512590304628603,0.0033974000017450347,0.009031818181818183,0.011239928057553954,9.269445902648227,260.0,0.9967452788263174,0.0004874002808988763,0.026351544943820224,2848,0,2,daily_me_op,daily size characteristic,epsilon_greedy_momentum,17,test,iid,low_vol_12,0.036884644591611476
0.001953498653314225,0.0005377858096051486,0.004298864812802223,0.035056256572029466,0.04252837465564743,32.33410200031997,260.0,0.9886467338482022,0.0007221207865168541,0.0337123595505618,2848,0,3,daily_me_op,daily size characteristic,epsilon_greedy_momentum,17,test,iid,risk_adjusted_12,0.036884644591611476
0.011212885645621853,0.002670399943437338,0.02208056676866373,0.007218181818181817,0.008352373158756136,13.592559269297544,260.0,0.995227331717241,0.00038349297752808987,0.03298991573033708,2848,0,3,daily_me_op,daily size characteristic,epsilon_greedy_momentum,17,test,iid,ridge_return_train_only,0.036884644591611476
-0.003224498730871566,-0.010880737394178986,0.002542517972352113,0.029356431535269706,0.030273170731707325,9.608652270342025,260.0,0.9966261754668743,0.0003962780898876405,0.03857907303370787,2848,0,2,daily_me_op,daily size characteristic,epsilon_greedy_momentum,17,test,block,constant_a000,0.036884644591611476
-0.0024980293515100304,-0.009135770417635561,0.005608137125572237,0.019900455235204857,0.020214640883977904,11.437363997590214,260.0,0.9959840716300596,0.0005180828651685394,0.030657022471910114,2848,0,3,daily_me_op,daily size characteristic,epsilon_greedy_momentum,17,test,block,constant_a001,0.036884644591611476
-0.0029344884142399703,-0.012547103762936107,0.004661288431913749,0.020535220125786163,0.020829652351738236,14.083141842490164,260.0,0.9950550766002493,0.0005845505617977528,0.030667977528089887,2848,0,3,daily_me_op,daily size characteristic,epsilon_greedy_momentum,17,test,block,constant_a002,0.036884644591611476
-0.0031109544123744557,-0.01491356506055893,0.010450260474014272,0.029598444790046655,0.03568402366863904,14.394152502837397,260.0,0.9949458734189476,0.000689817415730337,0.039128651685393256,2848,0,3,daily_me_op,daily size characteristic,epsilon_greedy_momentum,17,test,block,constant_a003,0.036884644591611476
0.0041808906760583235,-0.00687468600358497,0.015161138225622348,0.02640340557275542,0.02686891534391534,14.52847792786521,260.0,0.994898708592744,0.0003732443820224719,0.03620463483146068,2848,0,3,daily_me_op,daily size characteristic,epsilon_greedy_momentum,17,test,block,constant_a004,0.036884644591611476
0.0029746837783978567,-0.0033022317758119057,0.00970056575242944,0.022989695550351276,0.03461294964028777,4.398132960247014,260.0,0.9984557117414863,0.0004969803370786517,0.04001446629213483,2848,0,1,daily_me_op,daily size characteristic,epsilon_greedy_momentum,17,test,block,constant_a005,0.036884644591611476
0.012176160011588555,-0.005541174910009752,0.03876309826621314,0.016275349139330954,0.016395204038704245,13.204616205329389,260.0,0.995363547680713,0.000506179775280899,0.03197050561797753,2848,0,3,daily_me_op,daily size characteristic,epsilon_greedy_momentum,17,test,block,constant_a006,0.036884644591611476
0.002908260014326252,-0.008523256952004718,0.01426619182587522,0.01691613800779076,0.0169481999404939,15.591682720859877,260.0,0.9945253923030689,0.0005496839887640451,0.03202626404494382,2848,0,3,daily_me_op,daily size characteristic,epsilon_greedy_momentum,17,test,block,constant_a007,0.036884644591611476
0.0033644231868976754,-0.0048317364897249495,0.012045041546042256,0.01610727476217124,0.016119711902956788,15.419007657914342,260.0,0.9945860225920244,0.0004826896067415731,0.03332331460674158,2848,0,3,daily_me_op,daily size characteristic,epsilon_greedy_momentum,17,test,block,constant_a008,0.036884644591611476
0.0016853262842868163,-0.0072321396057051365,0.00964200106597072,0.030300172711571673,0.030437202230106434,12.645354758402172,260.0,0.9955599175707858,0.0004806179775280899,0.0354438202247191,2848,0,3,daily_me_op,daily size characteristic,epsilon_greedy_momentum,17,test,block,constant_a009,0.036884644591611476
0.0015360442462500525,-0.005825858445007247,0.010219949833894886,0.02180125549278092,0.02416734693877551,7.654287808453424,260.0,0.997312398943661,0.0005072331460674157,0.03976390449438202,2848,0,2,daily_me_op,daily size characteristic,epsilon_greedy_momentum,17,test,block,constant_a010,0.036884644591611476
0.015502715983892724,-0.007303016292904303,0.050707257260286076,0.0315,0.0315,16.144697306638516,260.0,0.9943312158333432,0.0004511235955056179,0.03151390449438202,2848,0,3,daily_me_op,daily size characteristic,epsilon_greedy_momentum,17,test,block,constant_a011,0.036884644591611476
0.0026497210531722546,-0.00024479697389742937,0.00459081370623706,0.006760732984293195,0.009092697768762674,4.128397800058839,260.0,0.9985504221207658,0.0005087078651685394,0.032783988764044945,2848,0,1,daily_me_op,daily size characteristic,epsilon_greedy_momentum,17,test,block,constant_a012,0.036884644591611476
-0.0010548059181665697,-0.010848853793861682,0.009368610356275633,0.029700000000000004,0.029700000000000004,13.187504091527662,260.0,0.9953695561476378,0.0005538623595505618,0.03227443820224719,2848,0,3,daily_me_op,daily size characteristic,epsilon_greedy_momentum,17,test,block,constant_a013,0.036884644591611476
-0.006706945090338725,-0.03004197666166603,0.008991550643825898,0.1,0.1,13.36773226661915,260.0,0.9953062737827882,0.000419066011235955,0.03335842696629214,2848,0,3,daily_me_op,daily size characteristic,epsilon_greedy_momentum,17,test,block,constant_a014,0.036884644591611476
0.0038537984239904216,-0.01577561351126026,0.03336603794955834,0.034374710743801655,0.03446628643852979,13.803825585868339,260.0,0.9951531511285575,0.0005329705056179775,0.03754929775280899,2848,0,3,daily_me_op,daily size characteristic,epsilon_greedy_momentum,17,test,block,constant_a015,0.036884644591611476
0.0013246040972447136,-0.004239041117446752,0.0073579756024712,0.011336140888208269,0.011585571353343866,11.230488130080234,260.0,0.9960567106284831,0.0004458216292134831,0.029966853932584265,2848,0,3,daily_me_op,daily size characteristic,epsilon_greedy_momentum,17,test,block,constant_a016,0.036884644591611476
0.002807918350246918,-0.006576845678054733,0.011349055729849225,0.030999999999999996,0.031000000000000003,15.324444449809448,260.0,0.9946192259656568,0.0005253511235955056,0.02912837078651686,2848,0,3,daily_me_op,daily size characteristic,epsilon_greedy_momentum,17,test,block,constant_a017,0.036884644591611476
-0.0009794068201023811,-0.005473279494922039,0.005557012230188897,0.011408478109798469,0.011653670276774974,6.248799712715635,260.0,0.9978058989772768,0.0005296348314606743,0.0289566011235955,2848,0,2,daily_me_op,daily size characteristic,epsilon_greedy_momentum,17,test,block,constant_a018,0.036884644591611476
0.0017947197086727444,-0.0030493860904643295,0.006465371880802741,0.010872413793103447,0.011086922615476906,10.239198374731554,260.0,0.996404775851569,0.00048683286516853927,0.02873441011235955,2848,0,3,daily_me_op,daily size characteristic,epsilon_greedy_momentum,17,test,block,constant_a019,0.036884644591611476
0.0023790063068445068,-0.008362733676743658,0.015999982643778672,0.021974365391490887,0.023466470902295786,12.87374750488351,260.0,0.9954797234884538,0.0004640800561797754,0.037429634831460674,2848,0,3,daily_me_op,daily size characteristic,epsilon_greedy_momentum,17,test,block,constant_a020,0.036884644591611476
-0.00344554778080645,-0.012678215101013073,0.003955776333387147,0.03231163586584532,0.032329772329246935,12.881801805064079,260.0,0.9954768954336152,0.0005357092696629213,0.029238483146067418,2848,0,3,daily_me_op,daily size characteristic,epsilon_greedy_momentum,17,test,block,constant_a021,0.036884644591611476
0.0010559561543674436,-0.002822029555897413,0.004617246580259993,0.012332267093162735,0.013782442748091603,11.323297749279922,260.0,0.9960241229812922,0.000558251404494382,0.02764115168539326,2848,0,3,daily_me_op,daily size characteristic,epsilon_greedy_momentum,17,test,block,constant_a022,0.036884644591611476
4.73536674906744e-05,-0.002588013832818575,0.0039023000750242776,0.010340074211502783,0.020932318104906943,5.25739465612244,260.0,0.9981540046853503,0.0006573033707865169,0.028800421348314606,2848,0,2,daily_me_op,daily size characteristic,epsilon_greedy_momentum,17,test,block,constant_a023,0.036884644591611476
0.0013627117310072486,-0.0016891992252709845,0.004833165577699493,0.016854054054054053,0.023947495682210718,8.848699519106331,260.0,0.9968930128093025,0.0006134831460674157,0.02737092696629214,2848,0,2,daily_me_op,daily size characteristic,epsilon_greedy_momentum,17,test,block,constant_a024,0.036884644591611476
0.007422439808228036,0.0022495242104429063,0.013848510528304154,0.0037319999999999996,0.0037319999999999996,8.0,260.0,0.9971910112359551,0.0005147022471910111,0.030364893258426964,2848,0,2,daily_me_op,daily size characteristic,epsilon_greedy_momentum,17,test,block,constant_equal_weight_public,0.036884644591611476
0.0004190591734983621,-0.00020201867079785334,0.0011003621011812803,0.039997669902912626,0.047893335916311335,2575.000000000023,1.1063829787234043,0.0958567415730256,0.0005490519662921348,0.039553370786516856,2848,0,4,daily_me_op,daily size characteristic,epsilon_greedy_momentum,17,test,block,momentum_12,0.036884644591611476
0.00018453679792047612,-0.0036348379017173784,0.0036282203634480556,0.009031818181818183,0.010968634686346863,9.269445902648227,260.0,0.9967452788263174,0.0004874002808988763,0.026351544943820224,2848,0,2,daily_me_op,daily size characteristic,epsilon_greedy_momentum,17,test,block,low_vol_12,0.036884644591611476
0.001953498653314225,0.0004986631901906075,0.004476537845050307,0.035056256572029466,0.04286634844868736,32.33410200031997,260.0,0.9886467338482022,0.0007221207865168541,0.0337123595505618,2848,0,3,daily_me_op,daily size characteristic,epsilon_greedy_momentum,17,test,block,risk_adjusted_12,0.036884644591611476
0.011212885645621853,0.002669792323539122,0.019955380784429832,0.007218181818181817,0.008313636363636365,13.592559269297544,260.0,0.995227331717241,0.00038349297752808987,0.03298991573033708,2848,0,3,daily_me_op,daily size characteristic,epsilon_greedy_momentum,17,test,block,ridge_return_train_only,0.036884644591611476
-0.011002724526029203,-0.029486046351977126,0.0015140458069114252,0.0819,0.0819,10.778868088496232,260.0,0.9952411178417235,0.00030348785871964673,0.0393766004415011,2265,0,3,daily_me_op,daily size characteristic,epsilon_greedy_momentum,27,calibration,iid,constant_a000,0.036884644591611476
-0.001643667968602985,-0.007178427817627087,0.003942669894964092,0.009756594323873123,0.010254404145077726,10.394455147239881,260.0,0.9954108365795851,0.00045673289183222954,0.03845033112582781,2265,0,3,daily_me_op,daily size characteristic,epsilon_greedy_momentum,27,calibration,iid,constant_a001,0.036884644591611476
0.004502055031077677,-0.007194076644061156,0.014676335016189666,0.02085682054842069,0.02114516129032258,12.523611075485743,260.0,0.9944708118872028,0.00042763796909492266,0.03839094922737307,2265,0,3,daily_me_op,daily size characteristic,epsilon_greedy_momentum,27,calibration,iid,constant_a002,0.036884644591611476
-0.0025421485006665552,-0.013292042514371896,0.005060708654094983,0.026990052356020946,0.027753236459709396,7.043768930937466,260.0,0.9968901682424117,0.00047395143487858726,0.03862604856512141,2265,0,2,daily_me_op,daily size characteristic,epsilon_greedy_momentum,27,calibration,iid,constant_a003,0.036884644591611476
-0.003545039092941259,-0.010640171836424397,0.003002738845410109,0.01471724137931034,0.01728081936685289,9.324357959045159,260.0,0.9958832856692957,0.0004247682119205297,0.04078388520971302,2265,0,2,daily_me_op,daily size characteristic,epsilon_greedy_momentum,27,calibration,iid,constant_a004,0.036884644591611476
0.0026648627339442934,-0.005435363939975953,0.011135092672361053,0.016383675937122127,0.016747675568743813,11.143324987644467,260.0,0.9950802097184792,0.0004983664459161148,0.04207969094922737,2265,0,3,daily_me_op,daily size characteristic,epsilon_greedy_momentum,27,calibration,iid,constant_a005,0.036884644591611476
0.005744946994819263,-0.0030492792871307417,0.01173229963468023,0.012517979555021043,0.013758008398320334,7.153696523216917,260.0,0.9968416350890874,0.0004000000000000001,0.03936004415011037,2265,0,2,daily_me_op,daily size characteristic,epsilon_greedy_momentum,27,calibration,iid,constant_a006,0.036884644591611476
0.0045471178975150595,-0.00230448952207702,0.012833584871033218,0.010000697350069733,0.011997953615279666,6.205544188741414,260.0,0.9972602453912841,0.0005164238410596026,0.03821633554083886,2265,0,2,daily_me_op,daily size characteristic,epsilon_greedy_momentum,27,calibration,iid,constant_a007,0.036884644591611476
0.002839420013135614,-0.005229327921459355,0.009357271781924631,0.016104911323328783,0.017193924783027968,9.727446093311514,260.0,0.9957053218131074,0.000591523178807947,0.03958874172185431,2265,0,2,daily_me_op,daily size characteristic,epsilon_greedy_momentum,27,calibration,iid,constant_a008,0.036884644591611476
0.009216436887771493,-0.0004668191463780868,0.02437658176834499,0.008892885375494073,0.017084234752589175,9.269445902648274,260.0,0.9959075294028042,0.0006415011037527594,0.04022317880794702,2265,0,2,daily_me_op,daily size characteristic,epsilon_greedy_momentum,27,calibration,iid,constant_a009,0.036884644591611476
-0.009827625737891588,-0.02279896677592182,-6.281658896248871e-07,0.03522694998704328,0.035271330589849104,16.85175721597524,260.0,0.9925599305889734,0.0004702428256070641,0.04091456953642385,2265,0,3,daily_me_op,daily size characteristic,epsilon_greedy_momentum,27,calibration,iid,constant_a010,0.036884644591611476
0.006728501544108578,0.0028352526762074784,0.012236379432374732,0.0009196652719665272,0.0030269938650306747,5.1712868239511804,260.0,0.9977168711594034,0.0005049448123620308,0.03691633554083885,2265,0,2,daily_me_op,daily size characteristic,epsilon_greedy_momentum,27,calibration,iid,constant_a011,0.036884644591611476
-0.0034949785424883946,-0.014767033676383481,0.005297097414487055,0.017773704663212434,0.018443179212839125,13.281757428707552,260.0,0.9941360894354492,0.0005502428256070641,0.03507041942604857,2265,0,3,daily_me_op,daily size characteristic,epsilon_greedy_momentum,27,calibration,iid,constant_a012,0.036884644591611476
-0.004571733092384301,-0.009491055895379878,-0.000615272616355763,0.017053140096618354,0.017137058513442282,7.093728174326024,260.0,0.996868111181313,0.0005137748344370861,0.036443487858719655,2265,0,2,daily_me_op,daily size characteristic,epsilon_greedy_momentum,27,calibration,iid,constant_a013,0.036884644591611476
0.00202425890281787,-0.0066558616241934295,0.014515235887614572,0.0214507851653859,0.021530357142857153,13.513974773448355,260.0,0.9940335652214356,0.000672671081677704,0.03833708609271524,2265,0,3,daily_me_op,daily size characteristic,epsilon_greedy_momentum,27,calibration,iid,constant_a014,0.036884644591611476
-4.990936796576628e-05,-0.015045185301018156,0.012555203490293121,0.021997377170299225,0.02314950495049505,12.060377190802551,260.0,0.9946753301585861,0.0004266225165562914,0.042104856512141284,2265,0,3,daily_me_op,daily size characteristic,epsilon_greedy_momentum,27,calibration,iid,constant_a015,0.036884644591611476
-0.0030101412982293757,-0.00744435679104651,0.0018218554162883133,0.011174261603375528,0.011264562879850394,10.170568743549348,260.0,0.9955096826739297,0.0004412362030905077,0.037138410596026496,2265,0,3,daily_me_op,daily size characteristic,epsilon_greedy_momentum,27,calibration,iid,constant_a016,0.036884644591611476
-0.002722989141262599,-0.012180530048552891,0.005261663889852542,0.028464484023048714,0.028764344941956885,8.248170672364186,260.0,0.9963584235442101,0.00043708609271523176,0.03571677704194261,2265,0,2,daily_me_op,daily size characteristic,epsilon_greedy_momentum,27,calibration,iid,constant_a017,0.036884644591611476
-0.01322969878329248,-0.024647417364192768,-0.005221976594779364,0.04969999999999999,0.049699999999999994,13.18750409152768,260.0,0.9941777023878465,0.0004893156732891833,0.03461456953642384,2265,0,3,daily_me_op,daily size characteristic,epsilon_greedy_momentum,27,calibration,iid,constant_a018,0.036884644591611476
-0.003076398664601355,-0.012926726162999948,0.003985383952824423,0.019790221857025465,0.021666191446028507,5.363019477345225,260.0,0.9976322209813046,0.0005333333333333335,0.03605783664459162,2265,0,2,daily_me_op,daily size characteristic,epsilon_greedy_momentum,27,calibration,iid,constant_a019,0.036884644591611476
-0.018595393368693505,-0.04463884877276695,0.001985493456918369,0.09344485776805253,0.09353516483516482,8.639986761747586,260.0,0.9961854363082792,0.00028900662251655633,0.046241501103752754,2265,0,2,daily_me_op,daily size characteristic,epsilon_greedy_momentum,27,calibration,iid,constant_a020,0.036884644591611476
-0.010967858947916461,-0.025138308307747867,0.0021134407660167217,0.0348,0.0348,7.30038022813687,260.0,0.9967768740714628,0.00029668874172185427,0.03527350993377483,2265,0,2,daily_me_op,daily size characteristic,epsilon_greedy_momentum,27,calibration,iid,constant_a021,0.036884644591611476
7.151028794321773e-05,-0.012149382877076492,0.015880623429689465,0.025706721395587478,0.02588221574344024,8.59666779068005,260.0,0.9962045616818189,0.00039487858719646797,0.03427064017660044,2265,0,2,daily_me_op,daily size characteristic,epsilon_greedy_momentum,27,calibration,iid,constant_a022,0.036884644591611476
-0.0025902416448665604,-0.004932306415435048,-0.0012924720631280293,0.023955524079320115,0.04891864406779662,2.25157653181067,260.0,0.9990059264760218,0.00040044150110375275,0.030308830022075055,2265,0,1,daily_me_op,daily size characteristic,epsilon_greedy_momentum,27,calibration,iid,constant_a023,0.036884644591611476
-0.0020975563900677507,-0.00972676952523731,0.001968735530598664,0.028847807017543872,0.04379906542056072,5.014070242702658,260.0,0.9977862824535529,0.0004770860927152318,0.031186534216335538,2265,0,2,daily_me_op,daily size characteristic,epsilon_greedy_momentum,27,calibration,iid,constant_a024,0.036884644591611476
0.006817444671099053,0.003534486199430504,0.011206207358940288,0.0012919999999999993,0.0012919999999999993,4.0,260.0,0.9982339955849889,0.00046527858719646806,0.036884644591611476,2265,2,1,daily_me_op,daily size characteristic,epsilon_greedy_momentum,27,calibration,iid,constant_equal_weight_public,0.036884644591611476
0.0009502265643980595,0.00031375169768522364,0.0016847796295823218,0.03719048316251833,0.04021305841924397,2048.9999999999454,1.1063829787234043,0.09536423841062014,0.0006160706401766005,0.03774635761589404,2265,0,4,daily_me_op,daily size characteristic,epsilon_greedy_momentum,27,calibration,iid,momentum_12,0.036884644591611476
-0.001433308041866967,-0.004491630918172243,0.0017275134067230536,0.01300266412940057,0.025539755351681962,4.997945803602526,260.0,0.997793401411213,0.0004981015452538633,0.031074392935982336,2265,0,1,daily_me_op,daily size characteristic,epsilon_greedy_momentum,27,calibration,iid,low_vol_12,0.036884644591611476
2.1142527980684853e-05,-0.003423282911099401,0.0026708172820973783,0.03420940892641739,0.0406156089193825,24.62390942152153,260.0,0.9891285168116902,0.0005762030905077263,0.03806313465783665,2265,0,3,daily_me_op,daily size characteristic,epsilon_greedy_momentum,27,calibration,iid,risk_adjusted_12,0.036884644591611476
0.01265954243192973,0.007690123560620352,0.01766350966896937,0.005722429261559697,0.007824400274160384,6.335759485076439,260.0,0.9972027551942267,0.00037652626931567324,0.03885900220750552,2265,0,2,daily_me_op,daily size characteristic,epsilon_greedy_momentum,27,calibration,iid,ridge_return_train_only,0.036884644591611476
-0.011002724526029203,-0.02810473313364977,0.0017084257433261445,0.0819,0.0819,10.778868088496232,260.0,0.9952411178417235,0.00030348785871964673,0.0393766004415011,2265,0,3,daily_me_op,daily size characteristic,epsilon_greedy_momentum,27,calibration,block,constant_a000,0.036884644591611476
-0.001643667968602985,-0.007620165441090511,0.0033199428687034995,0.009756594323873123,0.010035971647962195,10.394455147239881,260.0,0.9954108365795851,0.00045673289183222954,0.03845033112582781,2265,0,3,daily_me_op,daily size characteristic,epsilon_greedy_momentum,27,calibration,block,constant_a001,0.036884644591611476
0.004502055031077677,-0.005769237311021217,0.014598323384710813,0.02085682054842069,0.021217534410532615,12.523611075485743,260.0,0.9944708118872028,0.00042763796909492266,0.03839094922737307,2265,0,3,daily_me_op,daily size characteristic,epsilon_greedy_momentum,27,calibration,block,constant_a002,0.036884644591611476
-0.0025421485006665552,-0.014884124852757785,0.004488706768098428,0.026990052356020946,0.027570227670753077,7.043768930937466,260.0,0.9968901682424117,0.00047395143487858726,0.03862604856512141,2265,0,2,daily_me_op,daily size characteristic,epsilon_greedy_momentum,27,calibration,block,constant_a003,0.036884644591611476
-0.003545039092941259,-0.010673028500447768,0.002564090680893604,0.01471724137931034,0.017141747572815533,9.324357959045159,260.0,0.9958832856692957,0.0004247682119205297,0.04078388520971302,2265,0,2,daily_me_op,daily size characteristic,epsilon_greedy_momentum,27,calibration,block,constant_a004,0.036884644591611476
0.0026648627339442934,-0.005286108698773935,0.010189565332038712,0.016383675937122127,0.016888708885616104,11.143324987644467,260.0,0.9950802097184792,0.0004983664459161148,0.04207969094922737,2265,0,3,daily_me_op,daily size characteristic,epsilon_greedy_momentum,27,calibration,block,constant_a005,0.036884644591611476
0.005744946994819263,-0.0025017585869162007,0.011264460411062228,0.012517979555021043,0.013872748956469888,7.153696523216917,260.0,0.9968416350890874,0.0004000000000000001,0.03936004415011037,2265,0,2,daily_me_op,daily size characteristic,epsilon_greedy_momentum,27,calibration,block,constant_a006,0.036884644591611476
0.0045471178975150595,-0.001681205426110696,0.012079822591590317,0.010000697350069733,0.012955730954015095,6.205544188741414,260.0,0.9972602453912841,0.0005164238410596026,0.03821633554083886,2265,0,2,daily_me_op,daily size characteristic,epsilon_greedy_momentum,27,calibration,block,constant_a007,0.036884644591611476
0.002839420013135614,-0.004295794215682958,0.011015037735300881,0.016104911323328783,0.016882329317269084,9.727446093311514,260.0,0.9957053218131074,0.000591523178807947,0.03958874172185431,2265,0,2,daily_me_op,daily size characteristic,epsilon_greedy_momentum,27,calibration,block,constant_a008,0.036884644591611476
0.009216436887771493,-0.0006959737329886096,0.024793737635516722,0.008892885375494073,0.015472045028142598,9.269445902648274,260.0,0.9959075294028042,0.0006415011037527594,0.04022317880794702,2265,0,2,daily_me_op,daily size characteristic,epsilon_greedy_momentum,27,calibration,block,constant_a009,0.036884644591611476
-0.009827625737891588,-0.020021360670737835,-0.0021670466560097883,0.03522694998704328,0.03527619047619048,16.85175721597524,260.0,0.9925599305889734,0.0004702428256070641,0.04091456953642385,2265,0,3,daily_me_op,daily size characteristic,epsilon_greedy_momentum,27,calibration,block,constant_a010,0.036884644591611476
0.006728501544108578,0.002140304932077148,0.011367009118848906,0.0009196652719665272,0.0036715025906735753,5.1712868239511804,260.0,0.9977168711594034,0.0005049448123620308,0.03691633554083885,2265,0,2,daily_me_op,daily size characteristic,epsilon_greedy_momentum,27,calibration,block,constant_a011,0.036884644591611476
-0.0034949785424883946,-0.012622290539986553,0.0046529916419610915,0.017773704663212434,0.018354277699859745,13.281757428707552,260.0,0.9941360894354492,0.0005502428256070641,0.03507041942604857,2265,0,3,daily_me_op,daily size characteristic,epsilon_greedy_momentum,27,calibration,block,constant_a012,0.036884644591611476
-0.004571733092384301,-0.008533571853018729,-0.0010113896400858282,0.017053140096618354,0.01714165261382799,7.093728174326024,260.0,0.996868111181313,0.0005137748344370861,0.036443487858719655,2265,0,2,daily_me_op,daily size characteristic,epsilon_greedy_momentum,27,calibration,block,constant_a013,0.036884644591611476
0.00202425890281787,-0.007095965926184926,0.01458758431468515,0.0214507851653859,0.021539545884579,13.513974773448355,260.0,0.9940335652214356,0.000672671081677704,0.03833708609271524,2265,0,3,daily_me_op,daily size characteristic,epsilon_greedy_momentum,27,calibration,block,constant_a014,0.036884644591611476
-4.990936796576628e-05,-0.01641564209245766,0.01355080396657,0.021997377170299225,0.023673930152484007,12.060377190802551,260.0,0.9946753301585861,0.0004266225165562914,0.042104856512141284,2265,0,3,daily_me_op,daily size characteristic,epsilon_greedy_momentum,27,calibration,block,constant_a015,0.036884644591611476
-0.0030101412982293757,-0.008392788399901005,0.002020535229193986,0.011174261603375528,0.011309399167162403,10.170568743549348,260.0,0.9955096826739297,0.0004412362030905077,0.037138410596026496,2265,0,3,daily_me_op,daily size characteristic,epsilon_greedy_momentum,27,calibration,block,constant_a016,0.036884644591611476
-0.002722989141262599,-0.012733756314139599,0.005293036022554535,0.028464484023048714,0.028690396659707715,8.248170672364186,260.0,0.9963584235442101,0.00043708609271523176,0.03571677704194261,2265,0,2,daily_me_op,daily size characteristic,epsilon_greedy_momentum,27,calibration,block,constant_a017,0.036884644591611476
-0.01322969878329248,-0.02352844012006229,-0.005197949500213743,0.04969999999999999,0.0497,13.18750409152768,260.0,0.9941777023878465,0.0004893156732891833,0.03461456953642384,2265,0,3,daily_me_op,daily size characteristic,epsilon_greedy_momentum,27,calibration,block,constant_a018,0.036884644591611476
-0.003076398664601355,-0.012467029141246004,0.0036667444755440694,0.019790221857025465,0.021348995983935717,5.363019477345225,260.0,0.9976322209813046,0.0005333333333333335,0.03605783664459162,2265,0,2,daily_me_op,daily size characteristic,epsilon_greedy_momentum,27,calibration,block,constant_a019,0.036884644591611476
-0.018595393368693505,-0.04792776401784341,0.0017228381812486768,0.09344485776805253,0.09354977168949767,8.639986761747586,260.0,0.9961854363082792,0.00028900662251655633,0.046241501103752754,2265,0,2,daily_me_op,daily size characteristic,epsilon_greedy_momentum,27,calibration,block,constant_a020,0.036884644591611476
-0.010967858947916461,-0.025345233046578555,0.0022132060991631296,0.0348,0.0348,7.30038022813687,260.0,0.9967768740714628,0.00029668874172185427,0.03527350993377483,2265,0,2,daily_me_op,daily size characteristic,epsilon_greedy_momentum,27,calibration,block,constant_a021,0.036884644591611476
7.151028794321773e-05,-0.010747684992923633,0.01582163938573734,0.025706721395587478,0.02583246492985971,8.59666779068005,260.0,0.9962045616818189,0.00039487858719646797,0.03427064017660044,2265,0,2,daily_me_op,daily size characteristic,epsilon_greedy_momentum,27,calibration,block,constant_a022,0.036884644591611476
-0.0025902416448665604,-0.0049233444964732875,-0.001337371730399575,0.023955524079320115,0.05096666666666669,2.25157653181067,260.0,0.9990059264760218,0.00040044150110375275,0.030308830022075055,2265,0,1,daily_me_op,daily size characteristic,epsilon_greedy_momentum,27,calibration,block,constant_a023,0.036884644591611476
-0.0020975563900677507,-0.009220983528094202,0.0020584911777358616,0.028847807017543872,0.04233039647577095,5.014070242702658,260.0,0.9977862824535529,0.0004770860927152318,0.031186534216335538,2265,0,2,daily_me_op,daily size characteristic,epsilon_greedy_momentum,27,calibration,block,constant_a024,0.036884644591611476
0.006817444671099053,0.002985939079872992,0.012906950433828411,0.0012919999999999993,0.0012919999999999993,4.0,260.0,0.9982339955849889,0.00046527858719646806,0.036884644591611476,2265,1,1,daily_me_op,daily size characteristic,epsilon_greedy_momentum,27,calibration,block,constant_equal_weight_public,0.036884644591611476
0.0009502265643980595,0.0003259348327256323,0.0014552570663378288,0.03719048316251833,0.04323280943025543,2048.9999999999454,1.1063829787234043,0.09536423841062014,0.0006160706401766005,0.03774635761589404,2265,0,4,daily_me_op,daily size characteristic,epsilon_greedy_momentum,27,calibration,block,momentum_12,0.036884644591611476
-0.001433308041866967,-0.004566668577785495,0.0016766194748684723,0.01300266412940057,0.027590123456790145,4.997945803602526,260.0,0.997793401411213,0.0004981015452538633,0.031074392935982336,2265,0,1,daily_me_op,daily size characteristic,epsilon_greedy_momentum,27,calibration,block,low_vol_12,0.036884644591611476
2.1142527980684853e-05,-0.0033048863116417714,0.0023441169143073857,0.03420940892641739,0.044658870967741945,24.62390942152153,260.0,0.9891285168116902,0.0005762030905077263,0.03806313465783665,2265,0,3,daily_me_op,daily size characteristic,epsilon_greedy_momentum,27,calibration,block,risk_adjusted_12,0.036884644591611476
0.01265954243192973,0.005926936538961936,0.017780907575519825,0.005722429261559697,0.009465221878224971,6.335759485076439,260.0,0.9972027551942267,0.00037652626931567324,0.03885900220750552,2265,0,2,daily_me_op,daily size characteristic,epsilon_greedy_momentum,27,calibration,block,ridge_return_train_only,0.036884644591611476
0.0016078422439456666,-0.009147270271530377,0.014329309185757269,0.03926522882693319,0.03933248766737138,17.44423956015333,260.0,0.9938749158847776,0.0003962780898876405,0.03857907303370787,2848,0,3,daily_me_op,daily size characteristic,epsilon_greedy_momentum,27,test,iid,constant_a000,0.036884644591611476
0.0004299881613014979,-0.011628575772805289,0.014751273233568165,0.02348766553159289,0.023710426148117504,11.4980568956748,260.0,0.9959627609214625,0.0005180828651685394,0.030657022471910114,2848,0,3,daily_me_op,daily size characteristic,epsilon_greedy_momentum,27,test,iid,constant_a001,0.036884644591611476
0.006309608102283814,-0.00487862268073559,0.022440405116850803,0.02142285251215559,0.021683976455199476,11.027112359876092,260.0,0.9961281206601559,0.0005845505617977528,0.030667977528089887,2848,0,3,daily_me_op,daily size characteristic,epsilon_greedy_momentum,27,test,iid,constant_a002,0.036884644591611476
-0.001081324439782652,-0.007848401174658928,0.006386418195996951,0.023582294264339155,0.028481481481481476,14.331679845365136,260.0,0.99496780904306,0.000689817415730337,0.039128651685393256,2848,0,3,daily_me_op,daily size characteristic,epsilon_greedy_momentum,27,test,iid,constant_a003,0.036884644591611476
-0.004993741631685346,-0.017336103289999547,0.005365218317730719,0.05163036876355749,0.05168573928258967,14.50156315929472,260.0,0.9949081590030566,0.0003732443820224719,0.03620463483146068,2848,0,3,daily_me_op,daily size characteristic,epsilon_greedy_momentum,27,test,iid,constant_a004,0.036884644591611476
0.008914996691048808,-0.0002559116773466629,0.021512195825345085,0.017834561348735564,0.018615924826904055,14.287139329845386,260.0,0.994983448269015,0.0004969803370786517,0.04001446629213483,2848,0,3,daily_me_op,daily size characteristic,epsilon_greedy_momentum,27,test,iid,constant_a005,0.036884644591611476
0.008927106251589401,-0.0019369992367715232,0.021939430623249167,0.01958276584599267,0.019763114071607003,8.248170672364193,260.0,0.9971038726571755,0.000506179775280899,0.03197050561797753,2848,0,2,daily_me_op,daily size characteristic,epsilon_greedy_momentum,27,test,iid,constant_a006,0.036884644591611476
0.004541698446762592,-0.0014761132083632948,0.012468174194724225,0.010220137299771169,0.010579571911378143,9.604250696546986,260.0,0.9966277209632911,0.0005496839887640451,0.03202626404494382,2848,0,2,daily_me_op,daily size characteristic,epsilon_greedy_momentum,27,test,iid,constant_a007,0.036884644591611476
-0.00871546862968845,-0.02069176479980965,0.00034907053184132943,0.01630658879904163,0.016319308407934,14.419212906379888,260.0,0.9949370741199509,0.0004826896067415731,0.03332331460674158,2848,0,3,daily_me_op,daily size characteristic,epsilon_greedy_momentum,27,test,iid,constant_a008,0.036884644591611476
-0.0012319729691042986,-0.007486845667924344,0.0050632716460793335,0.016224820822331194,0.016562241616904,11.567616012746473,260.0,0.9959383370741761,0.0004806179775280899,0.0354438202247191,2848,0,3,daily_me_op,daily size characteristic,epsilon_greedy_momentum,27,test,iid,constant_a009,0.036884644591611476
0.005696313627219377,-0.004157738455864268,0.01771096014022219,0.023387696422601138,0.024002169197396964,13.495960752544574,260.0,0.9952612497357638,0.0005072331460674157,0.03976390449438202,2848,0,3,daily_me_op,daily size characteristic,epsilon_greedy_momentum,27,test,iid,constant_a010,0.036884644591611476
-0.0021765003708043647,-0.00851816253115674,0.004776804921482712,0.023930431529059618,0.023981714668452777,17.119102423312214,260.0,0.9939890792052977,0.0004511235955056179,0.03151390449438202,2848,0,3,daily_me_op,daily size characteristic,epsilon_greedy_momentum,27,test,iid,constant_a011,0.036884644591611476
0.001633668607980349,-0.005581283222553494,0.008965825529621902,0.00939322033898305,0.00965561097256858,15.127657262883435,260.0,0.9946883225902797,0.0005087078651685394,0.032783988764044945,2848,0,3,daily_me_op,daily size characteristic,epsilon_greedy_momentum,27,test,iid,constant_a012,0.036884644591611476
-0.0023211111631413223,-0.010148902199934438,0.0039028337752453016,0.02053105590062112,0.0205774375219993,15.14471892533971,260.0,0.9946823318380127,0.0005538623595505618,0.03227443820224719,2848,0,3,daily_me_op,daily size characteristic,epsilon_greedy_momentum,27,test,iid,constant_a013,0.036884644591611476
0.003702424847455756,-0.005129243469203515,0.01340121477623084,0.019638295984024855,0.019891671937592243,19.358353100159476,260.0,0.9932028254564047,0.000419066011235955,0.03335842696629214,2848,0,3,daily_me_op,daily size characteristic,epsilon_greedy_momentum,27,test,iid,constant_a014,0.036884644591611476
-0.00046204069561767364,-0.009727107767885046,0.008507725301020242,0.024184697890597063,0.024577555110220438,12.873747504883442,260.0,0.9954797234884538,0.0005329705056179775,0.03754929775280899,2848,0,3,daily_me_op,daily size characteristic,epsilon_greedy_momentum,27,test,iid,constant_a015,0.036884644591611476
0.006010602032692367,-0.002091964980954552,0.017367012443403884,0.012699451708140023,0.013001666666666661,10.179134881244902,260.0,0.9964258655613606,0.0004458216292134831,0.029966853932584265,2848,0,3,daily_me_op,daily size characteristic,epsilon_greedy_momentum,27,test,iid,constant_a016,0.036884644591611476
0.005624488330990968,0.003098170698795,0.00890089659171946,0.005761907243355915,0.0067030769230769244,8.33462188715799,260.0,0.9970735175958013,0.0005253511235955056,0.02912837078651686,2848,0,2,daily_me_op,daily size characteristic,epsilon_greedy_momentum,27,test,iid,constant_a017,0.036884644591611476
0.008311556085545352,-0.0010566313807156605,0.020022273331686203,0.01128975903614458,0.011479619852164731,14.255930055097144,260.0,0.9949944065817777,0.0005296348314606743,0.0289566011235955,2848,0,3,daily_me_op,daily size characteristic,epsilon_greedy_momentum,27,test,iid,constant_a018,0.036884644591611476
-0.0016618049876253001,-0.015551696404114877,0.007534261897458863,0.06269999999999999,0.06269999999999999,9.23075251683927,260.0,0.9967588649870649,0.00048683286516853927,0.02873441011235955,2848,0,2,daily_me_op,daily size characteristic,epsilon_greedy_momentum,27,test,iid,constant_a019,0.036884644591611476
-0.007907506196555827,-0.02383989629118809,0.0025828254983986023,0.05051754611754612,0.05074919286321155,10.92741950080561,260.0,0.9961631251752789,0.0004640800561797754,0.037429634831460674,2848,0,3,daily_me_op,daily size characteristic,epsilon_greedy_momentum,27,test,iid,constant_a020,0.036884644591611476
-0.008443304214288261,-0.019685100805252282,0.002709314437111414,0.02982051282051282,0.02985499781754692,17.859813084112247,260.0,0.9937289982148483,0.0005357092696629213,0.029238483146067418,2848,0,3,daily_me_op,daily size characteristic,epsilon_greedy_momentum,27,test,iid,constant_a021,0.036884644591611476
0.004063987428339817,-0.008268688272035567,0.023551128885505625,0.0201717277486911,0.020691678035470663,15.284979399920955,260.0,0.9946330830758705,0.000558251404494382,0.02764115168539326,2848,0,3,daily_me_op,daily size characteristic,epsilon_greedy_momentum,27,test,iid,constant_a022,0.036884644591611476
0.002598482733785893,-0.0027187010667186116,0.00972738711015636,0.017476855194544727,0.01814171301446051,11.251136419179941,260.0,0.9960494605269733,0.0006573033707865169,0.028800421348314606,2848,0,3,daily_me_op,daily size characteristic,epsilon_greedy_momentum,27,test,iid,constant_a023,0.036884644591611476
0.00014785697372012737,-0.006280672905593614,0.006793405711942789,0.023314533622559648,0.026989512646514488,8.791532005770689,260.0,0.9969130856721311,0.0006134831460674157,0.02737092696629214,2848,0,2,daily_me_op,daily size characteristic,epsilon_greedy_momentum,27,test,iid,constant_a024,0.036884644591611476
0.0020803448700267018,-0.009229376155278957,0.012021968665249788,0.014907999999999998,0.014907999999999998,10.0,260.0,0.9964887640449438,0.0005147022471910111,0.030364893258426964,2848,0,3,daily_me_op,daily size characteristic,epsilon_greedy_momentum,27,test,iid,constant_equal_weight_public,0.036884644591611476
0.0004838614745077258,-0.0001380405563836669,0.001220057059791007,0.04015864246250986,0.04498744588744578,2534.000000000017,1.1063829787234043,0.11025280898875811,0.0005490519662921348,0.039553370786516856,2848,0,4,daily_me_op,daily size characteristic,epsilon_greedy_momentum,27,test,iid,momentum_12,0.036884644591611476
0.0011808033513401389,-0.0060976263600127055,0.0076640276698219335,0.021241095890410955,0.021318192352259555,19.296318648159463,260.0,0.9932246072162362,0.0004874002808988763,0.026351544943820224,2848,0,3,daily_me_op,daily size characteristic,epsilon_greedy_momentum,27,test,iid,low_vol_12,0.036884644591611476
-0.0028292131709976424,-0.006919766716075681,0.0004632218261694475,0.03164058219178085,0.039918888289260726,24.547882103141887,260.0,0.9913806593738969,0.0007221207865168541,0.0337123595505618,2848,0,3,daily_me_op,daily size characteristic,epsilon_greedy_momentum,27,test,iid,risk_adjusted_12,0.036884644591611476
0.006576281775515059,-0.001579080269964345,0.013457823693836933,0.01984751773049645,0.02031464318813717,7.404814004376352,260.0,0.997399995082733,0.0005076235955056179,0.03286508426966292,2848,0,2,daily_me_op,daily size characteristic,epsilon_greedy_momentum,27,test,iid,ridge_return_train_only,0.036884644591611476
0.0016078422439456666,-0.011139738032178026,0.011895501737138754,0.03926522882693319,0.03936044645971398,17.44423956015333,260.0,0.9938749158847776,0.0003962780898876405,0.03857907303370787,2848,0,3,daily_me_op,daily size characteristic,epsilon_greedy_momentum,27,test,block,constant_a000,0.036884644591611476
0.0004299881613014979,-0.011236591986002034,0.013382746762599122,0.02348766553159289,0.02367862048372648,11.4980568956748,260.0,0.9959627609214625,0.0005180828651685394,0.030657022471910114,2848,0,3,daily_me_op,daily size characteristic,epsilon_greedy_momentum,27,test,block,constant_a001,0.036884644591611476
0.006309608102283814,-0.004703156954414366,0.02109393888325824,0.02142285251215559,0.021688658457550233,11.027112359876092,260.0,0.9961281206601559,0.0005845505617977528,0.030667977528089887,2848,0,3,daily_me_op,daily size characteristic,epsilon_greedy_momentum,27,test,block,constant_a002,0.036884644591611476
-0.001081324439782652,-0.008705326532102608,0.00700354079043982,0.023582294264339155,0.030170167166738107,14.331679845365136,260.0,0.99496780904306,0.000689817415730337,0.039128651685393256,2848,0,3,daily_me_op,daily size characteristic,epsilon_greedy_momentum,27,test,block,constant_a003,0.036884644591611476
-0.004993741631685346,-0.02083468663459901,0.0064835871519003585,0.05163036876355749,0.05166632077599819,14.50156315929472,260.0,0.9949081590030566,0.0003732443820224719,0.03620463483146068,2848,0,3,daily_me_op,daily size characteristic,epsilon_greedy_momentum,27,test,block,constant_a004,0.036884644591611476
0.008914996691048808,-0.002023518842505448,0.019736469932375465,0.017834561348735564,0.01863473005640612,14.287139329845386,260.0,0.994983448269015,0.0004969803370786517,0.04001446629213483,2848,0,3,daily_me_op,daily size characteristic,epsilon_greedy_momentum,27,test,block,constant_a005,0.036884644591611476
0.008927106251589401,9.384155388483997e-05,0.020045207250006688,0.01958276584599267,0.019720567705909724,8.248170672364193,260.0,0.9971038726571755,0.000506179775280899,0.03197050561797753,2848,0,2,daily_me_op,daily size characteristic,epsilon_greedy_momentum,27,test,block,constant_a006,0.036884644591611476
0.004541698446762592,-0.0015479509296535523,0.012071658586926673,0.010220137299771169,0.010637728194726165,9.604250696546986,260.0,0.9966277209632911,0.0005496839887640451,0.03202626404494382,2848,0,2,daily_me_op,daily size characteristic,epsilon_greedy_momentum,27,test,block,constant_a007,0.036884644591611476
-0.00871546862968845,-0.020966516692461308,0.0005616013153076624,0.01630658879904163,0.016316304347826084,14.419212906379888,260.0,0.9949370741199509,0.0004826896067415731,0.03332331460674158,2848,0,3,daily_me_op,daily size characteristic,epsilon_greedy_momentum,27,test,block,constant_a008,0.036884644591611476
-0.0012319729691042986,-0.009005917502834436,0.005736983185714678,0.016224820822331194,0.01659475218658892,11.567616012746473,260.0,0.9959383370741761,0.0004806179775280899,0.0354438202247191,2848,0,3,daily_me_op,daily size characteristic,epsilon_greedy_momentum,27,test,block,constant_a009,0.036884644591611476
0.005696313627219377,-0.00473815941657183,0.0160042594216183,0.023387696422601138,0.02422390350877192,13.495960752544574,260.0,0.9952612497357638,0.0005072331460674157,0.03976390449438202,2848,0,3,daily_me_op,daily size characteristic,epsilon_greedy_momentum,27,test,block,constant_a010,0.036884644591611476
-0.0021765003708043647,-0.009140465285051554,0.004637431545646452,0.023930431529059618,0.023973827534039333,17.119102423312214,260.0,0.9939890792052977,0.0004511235955056179,0.03151390449438202,2848,0,3,daily_me_op,daily size characteristic,epsilon_greedy_momentum,27,test,block,constant_a011,0.036884644591611476
0.001633668607980349,-0.005152631657170085,0.00744669831282452,0.00939322033898305,0.009647908946532557,15.127657262883435,260.0,0.9946883225902797,0.0005087078651685394,0.032783988764044945,2848,0,3,daily_me_op,daily size characteristic,epsilon_greedy_momentum,27,test,block,constant_a012,0.036884644591611476
-0.0023211111631413223,-0.00896556054489303,0.004427419326404494,0.02053105590062112,0.02058432349559218,15.14471892533971,260.0,0.9946823318380127,0.0005538623595505618,0.03227443820224719,2848,0,3,daily_me_op,daily size characteristic,epsilon_greedy_momentum,27,test,block,constant_a013,0.036884644591611476
0.003702424847455756,-0.0037152462864523616,0.012184934367880323,0.019638295984024855,0.019985957546069515,19.358353100159476,260.0,0.9932028254564047,0.000419066011235955,0.03335842696629214,2848,0,3,daily_me_op,daily size characteristic,epsilon_greedy_momentum,27,test,block,constant_a014,0.036884644591611476
-0.00046204069561767364,-0.00855709324592719,0.008445134456670444,0.024184697890597063,0.024472261854804864,12.873747504883442,260.0,0.9954797234884538,0.0005329705056179775,0.03754929775280899,2848,0,3,daily_me_op,daily size characteristic,epsilon_greedy_momentum,27,test,block,constant_a015,0.036884644591611476
0.006010602032692367,-0.0010081907510465647,0.018038120476775842,0.012699451708140023,0.012998233066891038,10.179134881244902,260.0,0.9964258655613606,0.0004458216292134831,0.029966853932584265,2848,0,3,daily_me_op,daily size characteristic,epsilon_greedy_momentum,27,test,block,constant_a016,0.036884644591611476
0.005624488330990968,0.0028647183399129715,0.009539279508854916,0.005761907243355915,0.006883552631578949,8.33462188715799,260.0,0.9970735175958013,0.0005253511235955056,0.02912837078651686,2848,0,2,daily_me_op,daily size characteristic,epsilon_greedy_momentum,27,test,block,constant_a017,0.036884644591611476
0.008311556085545352,-0.0013669909794238686,0.019655060854524013,0.01128975903614458,0.011575990396158465,14.255930055097144,260.0,0.9949944065817777,0.0005296348314606743,0.0289566011235955,2848,0,3,daily_me_op,daily size characteristic,epsilon_greedy_momentum,27,test,block,constant_a018,0.036884644591611476
-0.0016618049876253001,-0.014713058083318017,0.006498196425418917,0.06269999999999999,0.06269999999999999,9.23075251683927,260.0,0.9967588649870649,0.00048683286516853927,0.02873441011235955,2848,0,2,daily_me_op,daily size characteristic,epsilon_greedy_momentum,27,test,block,constant_a019,0.036884644591611476
-0.007907506196555827,-0.020685413941801307,0.002124399401276736,0.05051754611754612,0.05072121922626026,10.92741950080561,260.0,0.9961631251752789,0.0004640800561797754,0.037429634831460674,2848,0,3,daily_me_op,daily size characteristic,epsilon_greedy_momentum,27,test,block,constant_a020,0.036884644591611476
-0.008443304214288261,-0.021295586374091114,0.0029016216990230656,0.02982051282051282,0.02986287425149701,17.859813084112247,260.0,0.9937289982148483,0.0005357092696629213,0.029238483146067418,2848,0,3,daily_me_op,daily size characteristic,epsilon_greedy_momentum,27,test,block,constant_a021,0.036884644591611476
0.004063987428339817,-0.00894492423135246,0.017884463989976437,0.0201717277486911,0.020810101010101008,15.284979399920955,260.0,0.9946330830758705,0.000558251404494382,0.02764115168539326,2848,0,3,daily_me_op,daily size characteristic,epsilon_greedy_momentum,27,test,block,constant_a022,0.036884644591611476
0.002598482733785893,-0.0046039284902866535,0.010526312756452041,0.017476855194544727,0.01812328334648776,11.251136419179941,260.0,0.9960494605269733,0.0006573033707865169,0.028800421348314606,2848,0,3,daily_me_op,daily size characteristic,epsilon_greedy_momentum,27,test,block,constant_a023,0.036884644591611476
0.00014785697372012737,-0.006992865990651233,0.006931302594121527,0.023314533622559648,0.029632900432900428,8.791532005770689,260.0,0.9969130856721311,0.0006134831460674157,0.02737092696629214,2848,0,2,daily_me_op,daily size characteristic,epsilon_greedy_momentum,27,test,block,constant_a024,0.036884644591611476
0.0020803448700267018,-0.0079774982292418,0.010382792429577863,0.014907999999999998,0.014907999999999998,10.0,260.0,0.9964887640449438,0.0005147022471910111,0.030364893258426964,2848,0,3,daily_me_op,daily size characteristic,epsilon_greedy_momentum,27,test,block,constant_equal_weight_public,0.036884644591611476
0.0004838614745077258,-4.4794418462997305e-05,0.001155334412254034,0.04015864246250986,0.04695654596100264,2534.000000000017,1.1063829787234043,0.11025280898875811,0.0005490519662921348,0.039553370786516856,2848,0,4,daily_me_op,daily size characteristic,epsilon_greedy_momentum,27,test,block,momentum_12,0.036884644591611476
0.0011808033513401389,-0.007983351082465078,0.00820282827743364,0.021241095890410955,0.021299064391854697,19.296318648159463,260.0,0.9932246072162362,0.0004874002808988763,0.026351544943820224,2848,0,3,daily_me_op,daily size characteristic,epsilon_greedy_momentum,27,test,block,low_vol_12,0.036884644591611476
-0.0028292131709976424,-0.007107243897753562,0.0005593745726124764,0.03164058219178085,0.04005030229746077,24.547882103141887,260.0,0.9913806593738969,0.0007221207865168541,0.0337123595505618,2848,0,3,daily_me_op,daily size characteristic,epsilon_greedy_momentum,27,test,block,risk_adjusted_12,0.036884644591611476
0.006576281775515059,-0.0011075605805278364,0.014538487882999234,0.01984751773049645,0.020583294555607253,7.404814004376352,260.0,0.997399995082733,0.0005076235955056179,0.03286508426966292,2848,0,2,daily_me_op,daily size characteristic,epsilon_greedy_momentum,27,test,block,ridge_return_train_only,0.036884644591611476
0.00036582700739316577,-0.002987227697663541,0.00350467451847919,0.030587686953827447,0.03946539960481445,79.91889169054316,28.398886366118603,0.9647157211079279,0.00030348785871964673,0.0393766004415011,2265,0,4,daily_me_op,daily size characteristic,risk_averse_low_volatility,7,calibration,iid,constant_a000,0.036884644591611476
0.001000107263245825,-0.0019455620795701238,0.0044036914952554325,0.024117363558671428,0.025391419516680964,87.93225071051535,28.946146261059138,0.9611778142558431,0.00045673289183222954,0.03845033112582781,2265,0,4,daily_me_op,daily size characteristic,risk_averse_low_volatility,7,calibration,iid,constant_a001,0.036884644591611476
0.002105383218376919,-0.0011013629660407303,0.005659271131975316,0.0413269036697695,0.04974082606589844,88.91470049518689,29.140052532679444,0.9607440615915289,0.00042763796909492266,0.03839094922737307,2265,0,4,daily_me_op,daily size characteristic,risk_averse_low_volatility,7,calibration,iid,constant_a002,0.036884644591611476
0.0003292973825432986,-0.002726249555277842,0.003995922701296627,0.03887224342421219,0.05124580435858639,94.93320612802705,27.98062217078772,0.9580868847116878,0.00047395143487858726,0.03862604856512141,2265,0,4,daily_me_op,daily size characteristic,risk_averse_low_volatility,7,calibration,iid,constant_a003,0.036884644591611476
0.0007238467253358083,-0.002249473336150017,0.003652158614653009,0.026825804332143294,0.030286223856757256,79.95648517184235,28.628055379364287,0.9646991235444404,0.0004247682119205297,0.04078388520971302,2265,0,4,daily_me_op,daily size characteristic,risk_averse_low_volatility,7,calibration,iid,constant_a004,0.036884644591611476
0.0005895308288765231,-0.0028336905981558073,0.0039454600040895816,0.04057284139176191,0.04985964348900497,80.94045717180518,29.87213473541613,0.9642646988203951,0.0004983664459161148,0.04207969094922737,2265,0,4,daily_me_op,daily size characteristic,risk_averse_low_volatility,7,calibration,iid,constant_a005,0.036884644591611476
9.833661879541998e-05,-0.005114950814465269,0.003717590801034971,0.05813275672736074,0.0661992543976355,72.9460682320375,29.084126694543347,0.9677942303611313,0.0004000000000000001,0.03936004415011037,2265,0,4,daily_me_op,daily size characteristic,risk_averse_low_volatility,7,calibration,iid,constant_a006,0.036884644591611476
-0.00021423885761514755,-0.004306208002719791,0.004146456128027361,0.04009264153765933,0.050409226605206366,83.95987155908462,27.80020617189054,0.9629316240357242,0.0005164238410596026,0.03821633554083886,2265,0,4,daily_me_op,daily size characteristic,risk_averse_low_volatility,7,calibration,iid,constant_a007,0.036884644591611476
-0.0019514457470767056,-0.005697597116426136,0.0015049531804332277,0.03844556547815145,0.04640651683927457,83.94962580654847,28.59662003363013,0.9629361475467777,0.000591523178807947,0.03958874172185431,2265,0,4,daily_me_op,daily size characteristic,risk_averse_low_volatility,7,calibration,iid,constant_a008,0.036884644591611476
0.0007084843730288154,-0.002017826206594541,0.0030675972642771328,0.03524788522349474,0.0451017260445647,79.95416256889824,28.67198991148738,0.9647001489762038,0.0006415011037527594,0.04022317880794702,2265,0,4,daily_me_op,daily size characteristic,risk_averse_low_volatility,7,calibration,iid,constant_a009,0.036884644591611476
-0.0006561865903596985,-0.0035835720601323728,0.0020707909306599713,0.03432899793416522,0.04069337827368626,71.95970905755905,28.319335116179154,0.9682297090253602,0.0004702428256070641,0.04091456953642385,2265,0,4,daily_me_op,daily size characteristic,risk_averse_low_volatility,7,calibration,iid,constant_a010,0.036884644591611476
-0.0016498969889400582,-0.004750034815568067,0.0017097338943185222,0.03828299223962034,0.04847257938735414,87.96991858468357,27.173107259220323,0.9611611838478218,0.0005049448123620308,0.03691633554083885,2265,0,4,daily_me_op,daily size characteristic,risk_averse_low_volatility,7,calibration,iid,constant_a011,0.036884644591611476
0.002320332746538584,-0.0012475825094607504,0.005901596492112981,0.030962079072142185,0.04607913245909399,104.94602708640538,26.78529676119124,0.953666213206885,0.0005502428256070641,0.03507041942604857,2265,0,4,daily_me_op,daily size characteristic,risk_averse_low_volatility,7,calibration,iid,constant_a012,0.036884644591611476
0.001415513775383858,-0.001830220816200592,0.00507156897482778,0.036252924579616486,0.0446460810535072,85.95844204621493,26.891455265983613,0.9620492529597285,0.0005137748344370861,0.036443487858719655,2265,0,4,daily_me_op,daily size characteristic,risk_averse_low_volatility,7,calibration,iid,constant_a013,0.036884644591611476
0.002691951055716459,-0.0018578958644985325,0.006984898327769157,0.02987747871932704,0.03965864430042759,110.93397716334566,27.247807938943964,0.9510225266386995,0.000672671081677704,0.03833708609271524,2265,0,4,daily_me_op,daily size characteristic,risk_averse_low_volatility,7,calibration,iid,constant_a014,0.036884644591611476
0.0004993862925622696,-0.005575946734220727,0.0057370032410376595,0.04593802298386234,0.07823149561926403,107.78186834692148,33.67945129674349,0.9524141861602996,0.0004266225165562914,0.042104856512141284,2265,0,4,daily_me_op,daily size characteristic,risk_averse_low_volatility,7,calibration,iid,constant_a015,0.036884644591611476
-0.0006617688635100083,-0.004287629675391688,0.0021141499243829084,0.04734777833229382,0.06818472509705743,93.91498666911095,30.220184749791095,0.9585364297266619,0.0004412362030905077,0.037138410596026496,2265,0,4,daily_me_op,daily size characteristic,risk_averse_low_volatility,7,calibration,iid,constant_a016,0.036884644591611476
-0.0005464279821075872,-0.0028537944442290062,0.0017706524988427416,0.03328599769577634,0.04103363752140134,68.97186662218627,26.779368844123475,0.9695488447584166,0.00043708609271523176,0.03571677704194261,2265,0,4,daily_me_op,daily size characteristic,risk_averse_low_volatility,7,calibration,iid,constant_a017,0.036884644591611476
0.0008128882034054602,-0.00218122764344034,0.003560082482228964,0.03944665426601497,0.06297301087307627,91.9389006948399,26.866974320679628,0.9594088738654128,0.0004893156732891833,0.03461456953642384,2265,0,4,daily_me_op,daily size characteristic,risk_averse_low_volatility,7,calibration,iid,constant_a018,0.036884644591611476
-0.0014643923266434947,-0.004438540269125241,0.0006437029020241461,0.029459529819221893,0.03761047255410164,72.92992085945593,28.0887180894632,0.9678013594439488,0.0005333333333333335,0.03605783664459162,2265,0,4,daily_me_op,daily size characteristic,risk_averse_low_volatility,7,calibration,iid,constant_a019,0.036884644591611476
0.0002686571715031112,-0.0034784477211650127,0.0045481596427159755,0.05641340981835578,0.0720586155327567,88.07427918822233,40.95715246671034,0.9611151085261711,0.00028900662251655633,0.046241501103752754,2265,0,4,daily_me_op,daily size characteristic,risk_averse_low_volatility,7,calibration,iid,constant_a020,0.036884644591611476
0.0006444016344794782,-0.0025526901415848222,0.004429488860163713,0.02833059912366877,0.03907017329898055,86.92755675541696,27.228403815892385,0.9616213877459527,0.00029668874172185427,0.03527350993377483,2265,0,4,daily_me_op,daily size characteristic,risk_averse_low_volatility,7,calibration,iid,constant_a021,0.036884644591611476
4.119082643254399e-05,-0.002736907196788292,0.002668000874513486,0.024878161750391665,0.028887402953532423,89.93220290880359,28.063399191874833,0.9602948331528461,0.00039487858719646797,0.03427064017660044,2265,0,4,daily_me_op,daily size characteristic,risk_averse_low_volatility,7,calibration,iid,constant_a022,0.036884644591611476
0.0008310261532398828,-0.0017777427269938732,0.003767142196117889,0.02772326059659009,0.03697497155877077,93.83790708726437,26.22508105859543,0.9585704604471239,0.00040044150110375275,0.030308830022075055,2265,0,4,daily_me_op,daily size characteristic,risk_averse_low_volatility,7,calibration,iid,constant_a023,0.036884644591611476
0.000778860514491809,-0.0015603903150042632,0.003033641279723906,0.03356378320931308,0.043116833992493456,87.8851934711555,26.363000973938163,0.96119859007896,0.0004770860927152318,0.031186534216335538,2265,0,4,daily_me_op,daily size characteristic,risk_averse_low_volatility,7,calibration,iid,constant_a024,0.036884644591611476
-0.0019974048110365113,-0.005283998514923739,0.0011932225488638503,0.051760316977916526,0.08905350013297786,84.99893292582549,25.963615887305835,0.9624728772954413,0.00046527858719646806,0.036884644591611476,2265,0,4,daily_me_op,daily size characteristic,risk_averse_low_volatility,7,calibration,iid,constant_equal_weight_public,0.036884644591611476
0.0032995010803474503,-0.0007377339261457988,0.0068267106401777985,0.04000427142952062,0.041785012321164196,98.49595001041486,37.73475368304761,0.9565139293552253,0.0006160706401766005,0.03774635761589404,2265,0,4,daily_me_op,daily size characteristic,risk_averse_low_volatility,7,calibration,iid,momentum_12,0.036884644591611476
-0.002519001063710616,-0.0046700991058393595,-0.00036932043460382517,0.028425970131242796,0.03588812649521046,105.85412696348973,25.52794657320532,0.9532652861088345,0.0004981015452538633,0.031074392935982336,2265,0,4,daily_me_op,daily size characteristic,risk_averse_low_volatility,7,calibration,iid,low_vol_12,0.036884644591611476
0.0026146210269443935,-0.000289077668621916,0.005289189289020649,0.030943747645617567,0.03752128236396878,91.83720541459635,28.948565453160658,0.9594537724438869,0.0005762030905077263,0.03806313465783665,2265,0,4,daily_me_op,daily size characteristic,risk_averse_low_volatility,7,calibration,iid,risk_adjusted_12,0.036884644591611476
-0.0052220305743191624,-0.012157180966807889,-0.001100632733875155,0.046790865918876864,0.08069931236634866,93.80966170033165,33.67945129674349,0.9585829308166306,0.000327682119205298,0.03813399558498897,2265,0,4,daily_me_op,daily size characteristic,risk_averse_low_volatility,7,calibration,iid,ridge_return_train_only,0.036884644591611476
0.00036582700739316577,-0.0028998377859069686,0.0034235324919984367,0.030587686953827447,0.03944034297306038,79.91889169054316,28.398886366118603,0.9647157211079279,0.00030348785871964673,0.0393766004415011,2265,0,4,daily_me_op,daily size characteristic,risk_averse_low_volatility,7,calibration,block,constant_a000,0.036884644591611476
0.001000107263245825,-0.0017602518468764609,0.003838266955825297,0.024117363558671428,0.02564675235086092,87.93225071051535,28.946146261059138,0.9611778142558431,0.00045673289183222954,0.03845033112582781,2265,0,4,daily_me_op,daily size characteristic,risk_averse_low_volatility,7,calibration,block,constant_a001,0.036884644591611476
0.002105383218376919,-0.001425065018671241,0.005622586078194934,0.0413269036697695,0.04946287203308715,88.91470049518689,29.140052532679444,0.9607440615915289,0.00042763796909492266,0.03839094922737307,2265,0,4,daily_me_op,daily size characteristic,risk_averse_low_volatility,7,calibration,block,constant_a002,0.036884644591611476
0.0003292973825432986,-0.003731993498823008,0.00397539009166722,0.03887224342421219,0.05372874088731972,94.93320612802705,27.98062217078772,0.9580868847116878,0.00047395143487858726,0.03862604856512141,2265,0,4,daily_me_op,daily size characteristic,risk_averse_low_volatility,7,calibration,block,constant_a003,0.036884644591611476
0.0007238467253358083,-0.001904067097406028,0.00408410955798342,0.026825804332143294,0.030150321637582408,79.95648517184235,28.628055379364287,0.9646991235444404,0.0004247682119205297,0.04078388520971302,2265,0,4,daily_me_op,daily size characteristic,risk_averse_low_volatility,7,calibration,block,constant_a004,0.036884644591611476
0.0005895308288765231,-0.002435635974578339,0.003610650005862065,0.04057284139176191,0.04805020868661826,80.94045717180518,29.87213473541613,0.9642646988203951,0.0004983664459161148,0.04207969094922737,2265,0,4,daily_me_op,daily size characteristic,risk_averse_low_volatility,7,calibration,block,constant_a005,0.036884644591611476
9.833661879541998e-05,-0.0034566196923092652,0.0035225353069809747,0.05813275672736074,0.06671572156078494,72.9460682320375,29.084126694543347,0.9677942303611313,0.0004000000000000001,0.03936004415011037,2265,0,4,daily_me_op,daily size characteristic,risk_averse_low_volatility,7,calibration,block,constant_a006,0.036884644591611476
-0.00021423885761514755,-0.004158821126442745,0.0037820134924303377,0.04009264153765933,0.049834659529674544,83.95987155908462,27.80020617189054,0.9629316240357242,0.0005164238410596026,0.03821633554083886,2265,0,4,daily_me_op,daily size characteristic,risk_averse_low_volatility,7,calibration,block,constant_a007,0.036884644591611476
-0.0019514457470767056,-0.00486497994383408,0.002142218335837621,0.03844556547815145,0.04653942776495264,83.94962580654847,28.59662003363013,0.9629361475467777,0.000591523178807947,0.03958874172185431,2265,0,4,daily_me_op,daily size characteristic,risk_averse_low_volatility,7,calibration,block,constant_a008,0.036884644591611476
0.0007084843730288154,-0.0017622469120848593,0.0034148110394002997,0.03524788522349474,0.04455765767984538,79.95416256889824,28.67198991148738,0.9647001489762038,0.0006415011037527594,0.04022317880794702,2265,0,4,daily_me_op,daily size characteristic,risk_averse_low_volatility,7,calibration,block,constant_a009,0.036884644591611476
-0.0006561865903596985,-0.0032363224547309936,0.001500628538753166,0.03432899793416522,0.040792529007459284,71.95970905755905,28.319335116179154,0.9682297090253602,0.0004702428256070641,0.04091456953642385,2265,0,4,daily_me_op,daily size characteristic,risk_averse_low_volatility,7,calibration,block,constant_a010,0.036884644591611476
-0.0016498969889400582,-0.004628422830918578,0.0019263312775195183,0.03828299223962034,0.04791347969700977,87.96991858468357,27.173107259220323,0.9611611838478218,0.0005049448123620308,0.03691633554083885,2265,0,4,daily_me_op,daily size characteristic,risk_averse_low_volatility,7,calibration,block,constant_a011,0.036884644591611476
0.002320332746538584,-0.001224805134609972,0.005580078677587533,0.030962079072142185,0.04758665275836278,104.94602708640538,26.78529676119124,0.953666213206885,0.0005502428256070641,0.03507041942604857,2265,0,4,daily_me_op,daily size characteristic,risk_averse_low_volatility,7,calibration,block,constant_a012,0.036884644591611476
0.001415513775383858,-0.0022257107792906594,0.004717379715797845,0.036252924579616486,0.04385463855353063,85.95844204621493,26.891455265983613,0.9620492529597285,0.0005137748344370861,0.036443487858719655,2265,0,4,daily_me_op,daily size characteristic,risk_averse_low_volatility,7,calibration,block,constant_a013,0.036884644591611476
0.002691951055716459,-0.0001469147333643988,0.005682466709616259,0.02987747871932704,0.03829596196641906,110.93397716334566,27.247807938943964,0.9510225266386995,0.000672671081677704,0.03833708609271524,2265,0,4,daily_me_op,daily size characteristic,risk_averse_low_volatility,7,calibration,block,constant_a014,0.036884644591611476
0.0004993862925622696,-0.005572243985796331,0.0063759736868414536,0.04593802298386234,0.07465589348881461,107.78186834692148,33.67945129674349,0.9524141861602996,0.0004266225165562914,0.042104856512141284,2265,0,4,daily_me_op,daily size characteristic,risk_averse_low_volatility,7,calibration,block,constant_a015,0.036884644591611476
-0.0006617688635100083,-0.004427342945868195,0.002801631906169051,0.04734777833229382,0.06757399890750626,93.91498666911095,30.220184749791095,0.9585364297266619,0.0004412362030905077,0.037138410596026496,2265,0,4,daily_me_op,daily size characteristic,risk_averse_low_volatility,7,calibration,block,constant_a016,0.036884644591611476
-0.0005464279821075872,-0.0035020798623589745,0.0016865343518494807,0.03328599769577634,0.04208621069887759,68.97186662218627,26.779368844123475,0.9695488447584166,0.00043708609271523176,0.03571677704194261,2265,0,4,daily_me_op,daily size characteristic,risk_averse_low_volatility,7,calibration,block,constant_a017,0.036884644591611476
0.0008128882034054602,-0.0018712613969217955,0.0037557045751976364,0.03944665426601497,0.06290035473645582,91.9389006948399,26.866974320679628,0.9594088738654128,0.0004893156732891833,0.03461456953642384,2265,0,4,daily_me_op,daily size characteristic,risk_averse_low_volatility,7,calibration,block,constant_a018,0.036884644591611476
-0.0014643923266434947,-0.004399373367944562,0.00067856343773627,0.029459529819221893,0.03743757890223691,72.92992085945593,28.0887180894632,0.9678013594439488,0.0005333333333333335,0.03605783664459162,2265,0,4,daily_me_op,daily size characteristic,risk_averse_low_volatility,7,calibration,block,constant_a019,0.036884644591611476
0.0002686571715031112,-0.0037223377927682677,0.0036177970823007208,0.05641340981835578,0.07477187594183272,88.07427918822233,40.95715246671034,0.9611151085261711,0.00028900662251655633,0.046241501103752754,2265,0,4,daily_me_op,daily size characteristic,risk_averse_low_volatility,7,calibration,block,constant_a020,0.036884644591611476
0.0006444016344794782,-0.002523259005679715,0.004285631520476482,0.02833059912366877,0.036067691931869525,86.92755675541696,27.228403815892385,0.9616213877459527,0.00029668874172185427,0.03527350993377483,2265,0,4,daily_me_op,daily size characteristic,risk_averse_low_volatility,7,calibration,block,constant_a021,0.036884644591611476
4.119082643254399e-05,-0.0024423890467401075,0.002552382792335146,0.024878161750391665,0.02877480901451278,89.93220290880359,28.063399191874833,0.9602948331528461,0.00039487858719646797,0.03427064017660044,2265,0,4,daily_me_op,daily size characteristic,risk_averse_low_volatility,7,calibration,block,constant_a022,0.036884644591611476
0.0008310261532398828,-0.0017178179973518584,0.0036695281145770493,0.02772326059659009,0.03780298688019122,93.83790708726437,26.22508105859543,0.9585704604471239,0.00040044150110375275,0.030308830022075055,2265,0,4,daily_me_op,daily size characteristic,risk_averse_low_volatility,7,calibration,block,constant_a023,0.036884644591611476
0.000778860514491809,-0.002196697405817691,0.0031573453552715337,0.03356378320931308,0.04406005304170182,87.8851934711555,26.363000973938163,0.96119859007896,0.0004770860927152318,0.031186534216335538,2265,0,4,daily_me_op,daily size characteristic,risk_averse_low_volatility,7,calibration,block,constant_a024,0.036884644591611476
-0.0019974048110365113,-0.005511159746196441,0.0007160389533353026,0.051760316977916526,0.0860329590265073,84.99893292582549,25.963615887305835,0.9624728772954413,0.00046527858719646806,0.036884644591611476,2265,0,4,daily_me_op,daily size characteristic,risk_averse_low_volatility,7,calibration,block,constant_equal_weight_public,0.036884644591611476
0.0032995010803474503,-0.0005943918403865868,0.007052345098013878,0.04000427142952062,0.04166578387597494,98.49595001041486,37.73475368304761,0.9565139293552253,0.0006160706401766005,0.03774635761589404,2265,0,4,daily_me_op,daily size characteristic,risk_averse_low_volatility,7,calibration,block,momentum_12,0.036884644591611476
-0.002519001063710616,-0.004880075440119893,-0.0005523733260480703,0.028425970131242796,0.03597907636177244,105.85412696348973,25.52794657320532,0.9532652861088345,0.0004981015452538633,0.031074392935982336,2265,0,4,daily_me_op,daily size characteristic,risk_averse_low_volatility,7,calibration,block,low_vol_12,0.036884644591611476
0.0026146210269443935,-0.0005684814037968782,0.005564848432690685,0.030943747645617567,0.036963935146498775,91.83720541459635,28.948565453160658,0.9594537724438869,0.0005762030905077263,0.03806313465783665,2265,0,4,daily_me_op,daily size characteristic,risk_averse_low_volatility,7,calibration,block,risk_adjusted_12,0.036884644591611476
-0.0052220305743191624,-0.011250415106971093,-0.00013609164274078033,0.046790865918876864,0.08404657108946528,93.80966170033165,33.67945129674349,0.9585829308166306,0.000327682119205298,0.03813399558498897,2265,0,4,daily_me_op,daily size characteristic,risk_averse_low_volatility,7,calibration,block,ridge_return_train_only,0.036884644591611476
-0.0008229795621706511,-0.004001140853395049,0.0022474108481158324,0.03324771826865105,0.03993460359928893,102.6665230093883,33.974712998916296,0.9639513613028833,0.0003962780898876405,0.03857907303370787,2848,0,4,daily_me_op,daily size characteristic,risk_averse_low_volatility,7,test,iid,constant_a000,0.036884644591611476
0.000780787950760164,-0.002124752320646602,0.003653979425941723,0.026936286213218856,0.033410828873261994,109.82294883708879,29.225718387112607,0.9614385713352919,0.0005180828651685394,0.030657022471910114,2848,0,4,daily_me_op,daily size characteristic,risk_averse_low_volatility,7,test,iid,constant_a001,0.036884644591611476
-0.0009295705692283488,-0.00335279147522414,0.0013785397902552163,0.02346091879193227,0.03339337593075101,103.71917140918693,29.585501893618687,0.9635817516119428,0.0005845505617977528,0.030667977528089887,2848,0,4,daily_me_op,daily size characteristic,risk_averse_low_volatility,7,test,iid,constant_a002,0.036884644591611476
0.003367535361640989,-0.0001431380458861009,0.007001524465765821,0.030152616148173866,0.03745616144600927,124.07652777759513,50.570437597318836,0.9564338034488781,0.000689817415730337,0.039128651685393256,2848,0,4,daily_me_op,daily size characteristic,risk_averse_low_volatility,7,test,iid,constant_a003,0.036884644591611476
-0.0010588400958644903,-0.004034924580208236,0.0021808473756681117,0.053212856768510404,0.08586390621605411,91.80520453676176,32.797426517593955,0.9677650264969235,0.0003732443820224719,0.03620463483146068,2848,0,4,daily_me_op,daily size characteristic,risk_averse_low_volatility,7,test,iid,constant_a004,0.036884644591611476
-0.0006255539323278929,-0.004991682566740248,0.0029546082170755455,0.04489908947050352,0.0546176936503108,114.63743495953307,32.533524497340565,0.9597480916574673,0.0004969803370786517,0.04001446629213483,2848,0,4,daily_me_op,daily size characteristic,risk_averse_low_volatility,7,test,iid,constant_a005,0.036884644591611476
0.003120737040723394,-0.00021401195307445945,0.006410826154479628,0.025455660946892698,0.029761228850815013,100.91827303801539,28.669579577761745,0.9645652131186744,0.000506179775280899,0.03197050561797753,2848,0,4,daily_me_op,daily size characteristic,risk_averse_low_volatility,7,test,iid,constant_a006,0.036884644591611476
0.0005692013731278796,-0.0025804944487712246,0.003383152835614881,0.02540175495430295,0.03160421111215896,95.84739240128548,31.321932276355803,0.9663457189602228,0.0005496839887640451,0.03202626404494382,2848,0,4,daily_me_op,daily size characteristic,risk_averse_low_volatility,7,test,iid,constant_a007,0.036884644591611476
0.0021245677503264333,-0.001694422781331434,0.006622966460361981,0.02572754784904438,0.028571574852202963,106.92541752349265,29.271236499249905,0.9624559629482119,0.0004826896067415731,0.03332331460674158,2848,0,4,daily_me_op,daily size characteristic,risk_averse_low_volatility,7,test,iid,constant_a008,0.036884644591611476
0.0021413557152497836,-0.002700715458836537,0.006184842084580475,0.04678764319873906,0.09106734643414276,109.87637089252999,29.47527129443775,0.9614198135911061,0.0004806179775280899,0.0354438202247191,2848,0,4,daily_me_op,daily size characteristic,risk_averse_low_volatility,7,test,iid,constant_a009,0.036884644591611476
0.0013948501415453997,-0.0021354815255067894,0.004952353044881096,0.03328909016653988,0.04593412104544942,118.70666680873187,32.347390489924315,0.9583192883396306,0.0005072331460674157,0.03976390449438202,2848,0,4,daily_me_op,daily size characteristic,risk_averse_low_volatility,7,test,iid,constant_a010,0.036884644591611476
0.00136879420742322,-0.0008193211336149514,0.004177057955261413,0.02398637157350285,0.02832544560008339,107.93867568881835,27.4085231400447,0.9621001840980272,0.0004511235955056179,0.03151390449438202,2848,0,4,daily_me_op,daily size characteristic,risk_averse_low_volatility,7,test,iid,constant_a011,0.036884644591611476
-0.00022491039806382302,-0.0024541916358398956,0.0023121290086614006,0.029406416701078318,0.03371379380370842,109.87200615703004,29.788042515639727,0.9614213461527282,0.0005087078651685394,0.032783988764044945,2848,0,4,daily_me_op,daily size characteristic,risk_averse_low_volatility,7,test,iid,constant_a012,0.036884644591611476
0.0020949708130523943,3.218270210541393e-05,0.004380807060126046,0.023935631327400245,0.03174788620793481,97.95814055484206,28.00954487168158,0.9656045854793391,0.0005538623595505618,0.03227443820224719,2848,0,4,daily_me_op,daily size characteristic,risk_averse_low_volatility,7,test,iid,constant_a013,0.036884644591611476
0.0018111925940743944,-0.001816292822995136,0.0059946567872187426,0.027248479316641955,0.036724403621750994,116.87141725298544,29.998503558187487,0.9589636877622945,0.000419066011235955,0.03335842696629214,2848,0,4,daily_me_op,daily size characteristic,risk_averse_low_volatility,7,test,iid,constant_a014,0.036884644591611476
-0.0001310055270302746,-0.004502897707049322,0.0033436147855906767,0.05797940558275269,0.06869278898319922,115.57021383807744,30.71202445257709,0.9594205709838212,0.0005329705056179775,0.03754929775280899,2848,0,4,daily_me_op,daily size characteristic,risk_averse_low_volatility,7,test,iid,constant_a015,0.036884644591611476
-0.0008562672810349577,-0.0030450315673801703,0.0015501586400516096,0.028931985766685743,0.03247987927683407,115.8966251892126,26.779656487924143,0.9593059602565968,0.0004458216292134831,0.029966853932584265,2848,0,4,daily_me_op,daily size characteristic,risk_averse_low_volatility,7,test,iid,constant_a016,0.036884644591611476
-0.00018410465677986073,-0.002450568484977306,0.002262657480157894,0.03147486608832968,0.0379837407153995,112.93249462535944,26.457567753261998,0.960346736437725,0.0005253511235955056,0.02912837078651686,2848,0,4,daily_me_op,daily size characteristic,risk_averse_low_volatility,7,test,iid,constant_a017,0.036884644591611476
-0.0015055766964544943,-0.004297473768597817,0.0011798987685295071,0.031644974770533144,0.035846133787287376,113.93252557622078,26.986422662700775,0.9599956019746416,0.0005296348314606743,0.0289566011235955,2848,0,4,daily_me_op,daily size characteristic,risk_averse_low_volatility,7,test,iid,constant_a018,0.036884644591611476
0.0002742447403862453,-0.0021310925223713578,0.0021333208583662095,0.028363622731053396,0.038485555514979564,104.89912035290212,26.64515302150394,0.9631674436963125,0.00048683286516853927,0.02873441011235955,2848,0,4,daily_me_op,daily size characteristic,risk_averse_low_volatility,7,test,iid,constant_a019,0.036884644591611476
0.001419862976282429,-0.0019896077430231183,0.0048304007204541645,0.03536525201725386,0.05941894003963371,96.56999275309305,31.54787538192611,0.9660919969265825,0.0004640800561797754,0.037429634831460674,2848,0,4,daily_me_op,daily size characteristic,risk_averse_low_volatility,7,test,iid,constant_a020,0.036884644591611476
-0.001120609739816047,-0.0038562095416516612,0.0010718553327307757,0.026914944536145267,0.03590049155840688,112.84935951011332,27.953209621113487,0.9603759271383029,0.0005357092696629213,0.029238483146067418,2848,0,4,daily_me_op,daily size characteristic,risk_averse_low_volatility,7,test,iid,constant_a021,0.036884644591611476
-0.0005067933261184963,-0.0026668841563015533,0.0013664857689887917,0.018440182661483544,0.019525583807574097,110.79857775810734,27.07068351189494,0.9610960050006645,0.000558251404494382,0.02764115168539326,2848,0,4,daily_me_op,daily size characteristic,risk_averse_low_volatility,7,test,iid,constant_a022,0.036884644591611476
0.0028367652576112086,0.000286204550489537,0.005463348338558739,0.02678851849311726,0.03137723361022401,110.81222005289735,28.56550685258589,0.9610912148690669,0.0006573033707865169,0.028800421348314606,2848,0,4,daily_me_op,daily size characteristic,risk_averse_low_volatility,7,test,iid,constant_a023,0.036884644591611476
0.0016783088012867744,-0.00033469536915090037,0.0037738147348322006,0.023601660898216286,0.032805568058149846,114.77259779407947,26.72655470611018,0.9597006327970227,0.0006134831460674157,0.02737092696629214,2848,0,4,daily_me_op,daily size characteristic,risk_averse_low_volatility,7,test,iid,constant_a024,0.036884644591611476
-0.001615944137780185,-0.004145450280975192,0.0006154706780433526,0.028926962064741806,0.03435739928658845,120.99556054881357,25.915345030584394,0.9575156037398829,0.0005147022471910111,0.030364893258426964,2848,0,4,daily_me_op,daily size characteristic,risk_averse_low_volatility,7,test,iid,constant_equal_weight_public,0.036884644591611476
0.0006220707753485564,-0.0023204602480642457,0.003966856373037356,0.028577865695569138,0.035563534034217435,136.4693889353829,33.974712998916296,0.9520823774805538,0.0005490519662921348,0.039553370786516856,2848,0,4,daily_me_op,daily size characteristic,risk_averse_low_volatility,7,test,iid,momentum_12,0.036884644591611476
0.0009346722926757084,-0.0014138225567350909,0.0031697883156583495,0.026125443858201088,0.03533482135985323,142.83263642352983,25.294837415862148,0.9498480911434235,0.0004874002808988763,0.026351544943820224,2848,0,4,daily_me_op,daily size characteristic,risk_averse_low_volatility,7,test,iid,low_vol_12,0.036884644591611476
0.0012216477866675481,-0.0010561373872480001,0.0036677386011988032,0.02505309124009715,0.03287557706585722,128.56230850900195,30.638722203032785,0.9548587399898167,0.0007221207865168541,0.0337123595505618,2848,0,4,daily_me_op,daily size characteristic,risk_averse_low_volatility,7,test,iid,risk_adjusted_12,0.036884644591611476
0.0009102778931660358,-0.0027156683647461635,0.004432836613539459,0.050252340434160235,0.06713823168569687,103.77389291145965,29.88015254240418,0.9635625376013133,0.0004704634831460674,0.03514438202247191,2848,0,4,daily_me_op,daily size characteristic,risk_averse_low_volatility,7,test,iid,ridge_return_train_only,0.036884644591611476
-0.0008229795621706511,-0.0032487673803561555,0.001947967267315289,0.03324771826865105,0.040043149613910464,102.6665230093883,33.974712998916296,0.9639513613028833,0.0003962780898876405,0.03857907303370787,2848,0,4,daily_me_op,daily size characteristic,risk_averse_low_volatility,7,test,block,constant_a000,0.036884644591611476
0.000780787950760164,-0.0017917395518997703,0.0036891722058552284,0.026936286213218856,0.03236741443705065,109.82294883708879,29.225718387112607,0.9614385713352919,0.0005180828651685394,0.030657022471910114,2848,0,4,daily_me_op,daily size characteristic,risk_averse_low_volatility,7,test,block,constant_a001,0.036884644591611476
-0.0009295705692283488,-0.002738584732774016,0.0009822255351297378,0.02346091879193227,0.03310652736412226,103.71917140918693,29.585501893618687,0.9635817516119428,0.0005845505617977528,0.030667977528089887,2848,0,4,daily_me_op,daily size characteristic,risk_averse_low_volatility,7,test,block,constant_a002,0.036884644591611476
0.003367535361640989,0.0003773699930969384,0.006574181051110226,0.030152616148173866,0.03662814805508625,124.07652777759513,50.570437597318836,0.9564338034488781,0.000689817415730337,0.039128651685393256,2848,0,4,daily_me_op,daily size characteristic,risk_averse_low_volatility,7,test,block,constant_a003,0.036884644591611476
-0.0010588400958644903,-0.004060915600949028,0.001902505275724242,0.053212856768510404,0.07592232935019086,91.80520453676176,32.797426517593955,0.9677650264969235,0.0003732443820224719,0.03620463483146068,2848,0,4,daily_me_op,daily size characteristic,risk_averse_low_volatility,7,test,block,constant_a004,0.036884644591611476
-0.0006255539323278929,-0.004472342905051385,0.003195935383456089,0.04489908947050352,0.05592517402835639,114.63743495953307,32.533524497340565,0.9597480916574673,0.0004969803370786517,0.04001446629213483,2848,0,4,daily_me_op,daily size characteristic,risk_averse_low_volatility,7,test,block,constant_a005,0.036884644591611476
0.003120737040723394,0.00023637434224401454,0.006250400719419953,0.025455660946892698,0.030247084855575417,100.91827303801539,28.669579577761745,0.9645652131186744,0.000506179775280899,0.03197050561797753,2848,0,4,daily_me_op,daily size characteristic,risk_averse_low_volatility,7,test,block,constant_a006,0.036884644591611476
0.0005692013731278796,-0.0024806301740630293,0.0034999479262703063,0.02540175495430295,0.031186220183083823,95.84739240128548,31.321932276355803,0.9663457189602228,0.0005496839887640451,0.03202626404494382,2848,0,4,daily_me_op,daily size characteristic,risk_averse_low_volatility,7,test,block,constant_a007,0.036884644591611476
0.0021245677503264333,-0.0012056856442012316,0.007491696614052962,0.02572754784904438,0.02867947107663438,106.92541752349265,29.271236499249905,0.9624559629482119,0.0004826896067415731,0.03332331460674158,2848,0,4,daily_me_op,daily size characteristic,risk_averse_low_volatility,7,test,block,constant_a008,0.036884644591611476
0.0021413557152497836,-0.0012529865485406543,0.005570322499259474,0.04678764319873906,0.0846288778555743,109.87637089252999,29.47527129443775,0.9614198135911061,0.0004806179775280899,0.0354438202247191,2848,0,4,daily_me_op,daily size characteristic,risk_averse_low_volatility,7,test,block,constant_a009,0.036884644591611476
0.0013948501415453997,-0.0025821271859598877,0.004306805115517846,0.03328909016653988,0.04830778268025322,118.70666680873187,32.347390489924315,0.9583192883396306,0.0005072331460674157,0.03976390449438202,2848,0,4,daily_me_op,daily size characteristic,risk_averse_low_volatility,7,test,block,constant_a010,0.036884644591611476
0.00136879420742322,-0.001133484495592545,0.003909804512754083,0.02398637157350285,0.028834538776078198,107.93867568881835,27.4085231400447,0.9621001840980272,0.0004511235955056179,0.03151390449438202,2848,0,4,daily_me_op,daily size characteristic,risk_averse_low_volatility,7,test,block,constant_a011,0.036884644591611476
-0.00022491039806382302,-0.002963269890493743,0.0022294098882100688,0.029406416701078318,0.0336543036293868,109.87200615703004,29.788042515639727,0.9614213461527282,0.0005087078651685394,0.032783988764044945,2848,0,4,daily_me_op,daily size characteristic,risk_averse_low_volatility,7,test,block,constant_a012,0.036884644591611476
0.0020949708130523943,8.317258756299856e-05,0.003804992859364768,0.023935631327400245,0.030489524748705116,97.95814055484206,28.00954487168158,0.9656045854793391,0.0005538623595505618,0.03227443820224719,2848,0,4,daily_me_op,daily size characteristic,risk_averse_low_volatility,7,test,block,constant_a013,0.036884644591611476
0.0018111925940743944,-0.0011985419648547738,0.004994055740434825,0.027248479316641955,0.0350332102778488,116.87141725298544,29.998503558187487,0.9589636877622945,0.000419066011235955,0.03335842696629214,2848,0,4,daily_me_op,daily size characteristic,risk_averse_low_volatility,7,test,block,constant_a014,0.036884644591611476
-0.0001310055270302746,-0.006122531504510329,0.00394524482079926,0.05797940558275269,0.07346684154001216,115.57021383807744,30.71202445257709,0.9594205709838212,0.0005329705056179775,0.03754929775280899,2848,0,4,daily_me_op,daily size characteristic,risk_averse_low_volatility,7,test,block,constant_a015,0.036884644591611476
-0.0008562672810349577,-0.003320879268962325,0.0015674148417971886,0.028931985766685743,0.03281651879207278,115.8966251892126,26.779656487924143,0.9593059602565968,0.0004458216292134831,0.029966853932584265,2848,0,4,daily_me_op,daily size characteristic,risk_averse_low_volatility,7,test,block,constant_a016,0.036884644591611476
-0.00018410465677986073,-0.0024144830275873064,0.0017701533828809873,0.03147486608832968,0.03837628159220043,112.93249462535944,26.457567753261998,0.960346736437725,0.0005253511235955056,0.02912837078651686,2848,0,4,daily_me_op,daily size characteristic,risk_averse_low_volatility,7,test,block,constant_a017,0.036884644591611476
-0.0015055766964544943,-0.004040961193423702,0.0015263322374373424,0.031644974770533144,0.035745274783922525,113.93252557622078,26.986422662700775,0.9599956019746416,0.0005296348314606743,0.0289566011235955,2848,0,4,daily_me_op,daily size characteristic,risk_averse_low_volatility,7,test,block,constant_a018,0.036884644591611476
0.0002742447403862453,-0.0022951554926947016,0.001997212088897888,0.028363622731053396,0.03621452820129119,104.89912035290212,26.64515302150394,0.9631674436963125,0.00048683286516853927,0.02873441011235955,2848,0,4,daily_me_op,daily size characteristic,risk_averse_low_volatility,7,test,block,constant_a019,0.036884644591611476
0.001419862976282429,-0.001664152535606749,0.004852151118280177,0.03536525201725386,0.06389092337936868,96.56999275309305,31.54787538192611,0.9660919969265825,0.0004640800561797754,0.037429634831460674,2848,0,4,daily_me_op,daily size characteristic,risk_averse_low_volatility,7,test,block,constant_a020,0.036884644591611476
-0.001120609739816047,-0.00311858840341399,0.0010109447008351134,0.026914944536145267,0.03684760180141281,112.84935951011332,27.953209621113487,0.9603759271383029,0.0005357092696629213,0.029238483146067418,2848,0,4,daily_me_op,daily size characteristic,risk_averse_low_volatility,7,test,block,constant_a021,0.036884644591611476
-0.0005067933261184963,-0.0027697237025187944,0.0013105733135187927,0.018440182661483544,0.019651787251990363,110.79857775810734,27.07068351189494,0.9610960050006645,0.000558251404494382,0.02764115168539326,2848,0,4,daily_me_op,daily size characteristic,risk_averse_low_volatility,7,test,block,constant_a022,0.036884644591611476
0.0028367652576112086,0.0005071287767914326,0.005543510665385789,0.02678851849311726,0.031342028800729865,110.81222005289735,28.56550685258589,0.9610912148690669,0.0006573033707865169,0.028800421348314606,2848,0,4,daily_me_op,daily size characteristic,risk_averse_low_volatility,7,test,block,constant_a023,0.036884644591611476
0.0016783088012867744,-0.0004090982687371034,0.003974064091027998,0.023601660898216286,0.03303680963184554,114.77259779407947,26.72655470611018,0.9597006327970227,0.0006134831460674157,0.02737092696629214,2848,0,4,daily_me_op,daily size characteristic,risk_averse_low_volatility,7,test,block,constant_a024,0.036884644591611476
-0.001615944137780185,-0.004257049892872564,0.0010438115466418697,0.028926962064741806,0.03436497277787648,120.99556054881357,25.915345030584394,0.9575156037398829,0.0005147022471910111,0.030364893258426964,2848,0,4,daily_me_op,daily size characteristic,risk_averse_low_volatility,7,test,block,constant_equal_weight_public,0.036884644591611476
0.0006220707753485564,-0.0027571492084622674,0.0036593305893753664,0.028577865695569138,0.03410667694108664,136.4693889353829,33.974712998916296,0.9520823774805538,0.0005490519662921348,0.039553370786516856,2848,0,4,daily_me_op,daily size characteristic,risk_averse_low_volatility,7,test,block,momentum_12,0.036884644591611476
0.0009346722926757084,-0.0014431296858804284,0.003370991201761401,0.026125443858201088,0.03646608164176463,142.83263642352983,25.294837415862148,0.9498480911434235,0.0004874002808988763,0.026351544943820224,2848,0,4,daily_me_op,daily size characteristic,risk_averse_low_volatility,7,test,block,low_vol_12,0.036884644591611476
0.0012216477866675481,-0.0014560667796374453,0.003792886553590753,0.02505309124009715,0.032621467675619194,128.56230850900195,30.638722203032785,0.9548587399898167,0.0007221207865168541,0.0337123595505618,2848,0,4,daily_me_op,daily size characteristic,risk_averse_low_volatility,7,test,block,risk_adjusted_12,0.036884644591611476
0.0009102778931660358,-0.002687894691338206,0.004886402447419118,0.050252340434160235,0.07761656940879735,103.77389291145965,29.88015254240418,0.9635625376013133,0.0004704634831460674,0.03514438202247191,2848,0,4,daily_me_op,daily size characteristic,risk_averse_low_volatility,7,test,block,ridge_return_train_only,0.036884644591611476
-0.00043509761449860175,-0.0050352994337049956,0.0038961695142387997,0.037265727957259784,0.05040908679776826,87.91811275933489,28.661410379623554,0.9611840561768941,0.00030348785871964673,0.0393766004415011,2265,0,4,daily_me_op,daily size characteristic,risk_averse_low_volatility,17,calibration,iid,constant_a000,0.036884644591611476
0.0032412522816274952,0.00045070084644207263,0.006057164103318717,0.03116305354337039,0.04064578509499334,80.94055776470489,28.897181169801282,0.9642646544085188,0.00045673289183222954,0.03845033112582781,2265,0,4,daily_me_op,daily size characteristic,risk_averse_low_volatility,17,calibration,iid,constant_a001,0.036884644591611476
-0.000666935993156085,-0.003521147293806968,0.0027911686212698525,0.03676671326110844,0.04381821001001146,91.94911777007788,28.03818945317157,0.9594043630154182,0.00042763796909492266,0.03839094922737307,2265,0,4,daily_me_op,daily size characteristic,risk_averse_low_volatility,17,calibration,iid,constant_a002,0.036884644591611476
0.0011427933245388572,-0.0027958127175434578,0.004396469768654751,0.03982791443197977,0.06148545956898735,89.93501919567518,29.88580486623822,0.9602935897590839,0.00047395143487858726,0.03862604856512141,2265,0,4,daily_me_op,daily size characteristic,risk_averse_low_volatility,17,calibration,iid,constant_a003,0.036884644591611476
-0.0003076975372586827,-0.002859486454804811,0.0026805826129935035,0.028275474923654505,0.031849834686002124,86.90482387712468,29.09643129771221,0.9616314243368103,0.0004247682119205297,0.04078388520971302,2265,0,4,daily_me_op,daily size characteristic,risk_averse_low_volatility,17,calibration,iid,constant_a004,0.036884644591611476
0.002057967516398432,-0.001741447421551305,0.005775369466520124,0.02663262841237204,0.035165190747192245,87.94805225805987,29.18847523588106,0.9611708378551612,0.0004983664459161148,0.04207969094922737,2265,0,4,daily_me_op,daily size characteristic,risk_averse_low_volatility,17,calibration,iid,constant_a005,0.036884644591611476
-0.00033643913749211595,-0.004411164809546597,0.003045656439414433,0.03280381803935135,0.039400655474685374,86.96591946999867,28.08913095171421,0.961604450565122,0.0004000000000000001,0.03936004415011037,2265,0,4,daily_me_op,daily size characteristic,risk_averse_low_volatility,17,calibration,iid,constant_a006,0.036884644591611476
-0.0025203566848604362,-0.006329848612290164,0.0008260112057604357,0.03890736414335151,0.04984457126041743,98.95453496803384,27.847805059383067,0.9563114635902721,0.0005164238410596026,0.03821633554083886,2265,0,4,daily_me_op,daily size characteristic,risk_averse_low_volatility,17,calibration,iid,constant_a007,0.036884644591611476
0.0006606133535012023,-0.002505419068601272,0.003586981252674657,0.03171384122141657,0.03478694305861528,85.94178190788718,28.467070679911227,0.9620566084291888,0.000591523178807947,0.03958874172185431,2265,0,4,daily_me_op,daily size characteristic,risk_averse_low_volatility,17,calibration,iid,constant_a008,0.036884644591611476
-0.003905128938078237,-0.008046377226703014,0.0003507715467208652,0.050788446975033534,0.0586354927877716,87.93782301070458,28.67198991148738,0.9611753540791591,0.0006415011037527594,0.04022317880794702,2265,0,4,daily_me_op,daily size characteristic,risk_averse_low_volatility,17,calibration,iid,constant_a009,0.036884644591611476
0.0004837639520182805,-0.005065554316729908,0.005173441869767908,0.06977747020760847,0.10101909262178459,84.94029694187537,29.087418249811787,0.9624987651470749,0.0004702428256070641,0.04091456953642385,2265,0,4,daily_me_op,daily size characteristic,risk_averse_low_volatility,17,calibration,iid,constant_a010,0.036884644591611476
0.0006731535611152665,-0.0029975919965044328,0.0026403895502684718,0.02417491655095227,0.027768200989953966,80.96972744165156,27.283257089030602,0.9642517759639507,0.0005049448123620308,0.03691633554083885,2265,0,4,daily_me_op,daily size characteristic,risk_averse_low_volatility,17,calibration,iid,constant_a011,0.036884644591611476
-0.0033649305207541624,-0.007526027025780758,-0.000469691432140427,0.03445271944841589,0.038966323308060664,101.96180373493056,26.433755077839873,0.9549837511104059,0.0005502428256070641,0.03507041942604857,2265,0,4,daily_me_op,daily size characteristic,risk_averse_low_volatility,17,calibration,iid,constant_a012,0.036884644591611476
0.0017882633680794964,-0.0012538995502841242,0.004164402628689701,0.040396741461912425,0.048456589754594624,71.96551203952652,27.25471180842159,0.9682271470024165,0.0005137748344370861,0.036443487858719655,2265,0,4,daily_me_op,daily size characteristic,risk_averse_low_volatility,17,calibration,iid,constant_a013,0.036884644591611476
0.0012471216349028388,-0.0016927852011662879,0.004063431188083309,0.036003030849512646,0.041219009135056564,74.95445126739313,27.22406472052571,0.9669075270342635,0.000672671081677704,0.03833708609271524,2265,0,4,daily_me_op,daily size characteristic,risk_averse_low_volatility,17,calibration,iid,constant_a014,0.036884644591611476
0.0028777046427580118,-0.0021349789759839708,0.00686829993609238,0.033756058550020014,0.05448923744546534,86.87217391461422,30.79102103460057,0.9616458393312961,0.0004266225165562914,0.042104856512141284,2265,0,4,daily_me_op,daily size characteristic,risk_averse_low_volatility,17,calibration,iid,constant_a015,0.036884644591611476
0.0018398166632534365,-0.0013659126042552597,0.005469080163687018,0.03133332793954836,0.05272238491677788,89.94049608280888,29.182989926884364,0.9602911717073691,0.0004412362030905077,0.037138410596026496,2265,0,4,daily_me_op,daily size characteristic,risk_averse_low_volatility,17,calibration,iid,constant_a016,0.036884644591611476
-0.0009826082215517423,-0.004332609492217131,0.0018586702492558896,0.03824711570170561,0.052848809937770094,86.96341313543746,27.03897406377085,0.9616055571145972,0.00043708609271523176,0.03571677704194261,2265,0,4,daily_me_op,daily size characteristic,risk_averse_low_volatility,17,calibration,iid,constant_a017,0.036884644591611476
0.0008898890334370409,-0.002829783900433759,0.005669936236901284,0.028669407699307446,0.03386749599286644,103.92781958472563,26.690909157047418,0.954115752942726,0.0004893156732891833,0.03461456953642384,2265,0,4,daily_me_op,daily size characteristic,risk_averse_low_volatility,17,calibration,iid,constant_a018,0.036884644591611476
0.004378645845834809,0.001566929517173878,0.007197049941435231,0.021277938923636178,0.026006444039568026,84.93577887729211,27.323099071634818,0.9625007598775752,0.0005333333333333335,0.03605783664459162,2265,0,4,daily_me_op,daily size characteristic,risk_averse_low_volatility,17,calibration,iid,constant_a019,0.036884644591611476
0.002869150528716254,-0.001517565373188354,0.008108696593156283,0.04430790098088116,0.05566258325568097,87.5405635086406,36.139053518632785,0.9613507445877967,0.00028900662251655633,0.046241501103752754,2265,0,4,daily_me_op,daily size characteristic,risk_averse_low_volatility,17,calibration,iid,constant_a020,0.036884644591611476
0.0016815436061618722,-0.0008777300890011357,0.004276726384215783,0.02371166185483179,0.031724004524923057,83.91853387190713,26.92277367757668,0.9629498746702396,0.00029668874172185427,0.03527350993377483,2265,0,4,daily_me_op,daily size characteristic,risk_averse_low_volatility,17,calibration,iid,constant_a021,0.036884644591611476
0.0007528786949870632,-0.00220811966614572,0.004617791058548201,0.0498466902134729,0.07717325868688486,83.91304138052575,27.351585979488668,0.962952299611247,0.00039487858719646797,0.03427064017660044,2265,0,4,daily_me_op,daily size characteristic,risk_averse_low_volatility,17,calibration,iid,constant_a022,0.036884644591611476
-0.00042978586075623904,-0.0034269855042189695,0.0021530759792842183,0.03099986601577946,0.057621795264791796,72.89580659369442,26.21420622192565,0.9678164209299362,0.00040044150110375275,0.030308830022075055,2265,0,4,daily_me_op,daily size characteristic,risk_averse_low_volatility,17,calibration,iid,constant_a023,0.036884644591611476
-0.0002051282348044423,-0.002216463037028042,0.0016893313160080631,0.029104990892549552,0.03464315975444421,90.80749463477466,27.931859410027243,0.9599083908897242,0.0004770860927152318,0.031186534216335538,2265,0,4,daily_me_op,daily size characteristic,risk_averse_low_volatility,17,calibration,iid,constant_a024,0.036884644591611476
-0.0012099114905184199,-0.005800349736896199,0.0024980845013563716,0.05187240162577664,0.07073894212460109,90.9991147460085,25.95973465671147,0.9598237903991133,0.00046527858719646806,0.036884644591611476,2265,0,4,daily_me_op,daily size characteristic,risk_averse_low_volatility,17,calibration,iid,constant_equal_weight_public,0.036884644591611476
-0.00011798575656026484,-0.0028706583543404557,0.002742893450184935,0.03703342520505154,0.04912410534300959,78.81182192092048,31.855403549952545,0.9652044936331476,0.0006160706401766005,0.03774635761589404,2265,0,4,daily_me_op,daily size characteristic,risk_averse_low_volatility,17,calibration,iid,momentum_12,0.036884644591611476
0.001914004624423158,-0.000695904161708977,0.0045901966242961004,0.01650975396055406,0.02090392763136271,90.86391579228427,25.509206787224272,0.9598834808864087,0.0004981015452538633,0.031074392935982336,2265,0,4,daily_me_op,daily size characteristic,risk_averse_low_volatility,17,calibration,iid,low_vol_12,0.036884644591611476
-0.001060106762074566,-0.004034097800137182,0.0028669515918690503,0.047619644566926446,0.05594954496138578,80.68935691132722,31.855403549952545,0.9643755598625486,0.0005762030905077263,0.03806313465783665,2265,0,4,daily_me_op,daily size characteristic,risk_averse_low_volatility,17,calibration,iid,risk_adjusted_12,0.036884644591611476
0.0010063092887785275,-0.00211102802527702,0.003710767402609126,0.03320636701092882,0.040573522894934655,73.90302523673924,27.68553262774826,0.9673717327873116,0.00039283355408388526,0.0373476821192053,2265,0,4,daily_me_op,daily size characteristic,risk_averse_low_volatility,17,calibration,iid,ridge_return_train_only,0.036884644591611476
-0.00043509761449860175,-0.004330285582025697,0.002827886715119089,0.037265727957259784,0.04867922830333121,87.91811275933489,28.661410379623554,0.9611840561768941,0.00030348785871964673,0.0393766004415011,2265,0,4,daily_me_op,daily size characteristic,risk_averse_low_volatility,17,calibration,block,constant_a000,0.036884644591611476
0.0032412522816274952,0.0006893887620974134,0.0062635215441648635,0.03116305354337039,0.040121007394924295,80.94055776470489,28.897181169801282,0.9642646544085188,0.00045673289183222954,0.03845033112582781,2265,0,4,daily_me_op,daily size characteristic,risk_averse_low_volatility,17,calibration,block,constant_a001,0.036884644591611476
-0.000666935993156085,-0.003246620498985043,0.0024387140459785736,0.03676671326110844,0.04327918298939916,91.94911777007788,28.03818945317157,0.9594043630154182,0.00042763796909492266,0.03839094922737307,2265,0,4,daily_me_op,daily size characteristic,risk_averse_low_volatility,17,calibration,block,constant_a002,0.036884644591611476
0.0011427933245388572,-0.0017227932634989954,0.0037899046294479766,0.03982791443197977,0.05600318567000881,89.93501919567518,29.88580486623822,0.9602935897590839,0.00047395143487858726,0.03862604856512141,2265,0,4,daily_me_op,daily size characteristic,risk_averse_low_volatility,17,calibration,block,constant_a003,0.036884644591611476
-0.0003076975372586827,-0.0034304496669943186,0.0024542027117272565,0.028275474923654505,0.03172168445918073,86.90482387712468,29.09643129771221,0.9616314243368103,0.0004247682119205297,0.04078388520971302,2265,0,4,daily_me_op,daily size characteristic,risk_averse_low_volatility,17,calibration,block,constant_a004,0.036884644591611476
0.002057967516398432,-0.0022215984351227876,0.005783173595589168,0.02663262841237204,0.03399754638187745,87.94805225805987,29.18847523588106,0.9611708378551612,0.0004983664459161148,0.04207969094922737,2265,0,4,daily_me_op,daily size characteristic,risk_averse_low_volatility,17,calibration,block,constant_a005,0.036884644591611476
-0.00033643913749211595,-0.00404049756691951,0.004506616222701413,0.03280381803935135,0.039759849667810765,86.96591946999867,28.08913095171421,0.961604450565122,0.0004000000000000001,0.03936004415011037,2265,0,4,daily_me_op,daily size characteristic,risk_averse_low_volatility,17,calibration,block,constant_a006,0.036884644591611476
-0.0025203566848604362,-0.0061319352982673585,0.0016274758539168803,0.03890736414335151,0.04975797780517923,98.95453496803384,27.847805059383067,0.9563114635902721,0.0005164238410596026,0.03821633554083886,2265,0,4,daily_me_op,daily size characteristic,risk_averse_low_volatility,17,calibration,block,constant_a007,0.036884644591611476
0.0006606133535012023,-0.002351521942279709,0.0032958723963399947,0.03171384122141657,0.03462971797364023,85.94178190788718,28.467070679911227,0.9620566084291888,0.000591523178807947,0.03958874172185431,2265,0,4,daily_me_op,daily size characteristic,risk_averse_low_volatility,17,calibration,block,constant_a008,0.036884644591611476
-0.003905128938078237,-0.008194567688269322,0.0005199379149908037,0.050788446975033534,0.05810726086001459,87.93782301070458,28.67198991148738,0.9611753540791591,0.0006415011037527594,0.04022317880794702,2265,0,4,daily_me_op,daily size characteristic,risk_averse_low_volatility,17,calibration,block,constant_a009,0.036884644591611476
0.0004837639520182805,-0.004520932412172856,0.004710255439896775,0.06977747020760847,0.10012192619172823,84.94029694187537,29.087418249811787,0.9624987651470749,0.0004702428256070641,0.04091456953642385,2265,0,4,daily_me_op,daily size characteristic,risk_averse_low_volatility,17,calibration,block,constant_a010,0.036884644591611476
0.0006731535611152665,-0.0016349430420157132,0.0024294228348341134,0.02417491655095227,0.02766924343325569,80.96972744165156,27.283257089030602,0.9642517759639507,0.0005049448123620308,0.03691633554083885,2265,0,4,daily_me_op,daily size characteristic,risk_averse_low_volatility,17,calibration,block,constant_a011,0.036884644591611476
-0.0033649305207541624,-0.007076468826512379,-2.7504157094780028e-05,0.03445271944841589,0.039473004077276705,101.96180373493056,26.433755077839873,0.9549837511104059,0.0005502428256070641,0.03507041942604857,2265,0,4,daily_me_op,daily size characteristic,risk_averse_low_volatility,17,calibration,block,constant_a012,0.036884644591611476
0.0017882633680794964,-0.00149573324995023,0.004357269357664509,0.040396741461912425,0.04972726254820108,71.96551203952652,27.25471180842159,0.9682271470024165,0.0005137748344370861,0.036443487858719655,2265,0,4,daily_me_op,daily size characteristic,risk_averse_low_volatility,17,calibration,block,constant_a013,0.036884644591611476
0.0012471216349028388,-0.0012478497827464068,0.003604498502222949,0.036003030849512646,0.04123689085899633,74.95445126739313,27.22406472052571,0.9669075270342635,0.000672671081677704,0.03833708609271524,2265,0,4,daily_me_op,daily size characteristic,risk_averse_low_volatility,17,calibration,block,constant_a014,0.036884644591611476
0.0028777046427580118,-0.0018801561346658844,0.00756022304501378,0.033756058550020014,0.05628520301765769,86.87217391461422,30.79102103460057,0.9616458393312961,0.0004266225165562914,0.042104856512141284,2265,0,4,daily_me_op,daily size characteristic,risk_averse_low_volatility,17,calibration,block,constant_a015,0.036884644591611476
0.0018398166632534365,-0.001765796721650992,0.005667206427739339,0.03133332793954836,0.05692604607296646,89.94049608280888,29.182989926884364,0.9602911717073691,0.0004412362030905077,0.037138410596026496,2265,0,4,daily_me_op,daily size characteristic,risk_averse_low_volatility,17,calibration,block,constant_a016,0.036884644591611476
-0.0009826082215517423,-0.0037462278336111185,0.0019482260888197369,0.03824711570170561,0.05383882383603857,86.96341313543746,27.03897406377085,0.9616055571145972,0.00043708609271523176,0.03571677704194261,2265,0,4,daily_me_op,daily size characteristic,risk_averse_low_volatility,17,calibration,block,constant_a017,0.036884644591611476
0.0008898890334370409,-0.0024016575535931056,0.0048774981795632255,0.028669407699307446,0.034345022480444756,103.92781958472563,26.690909157047418,0.954115752942726,0.0004893156732891833,0.03461456953642384,2265,0,4,daily_me_op,daily size characteristic,risk_averse_low_volatility,17,calibration,block,constant_a018,0.036884644591611476
0.004378645845834809,0.002001924991232724,0.008117991501331552,0.021277938923636178,0.02620555608264107,84.93577887729211,27.323099071634818,0.9625007598775752,0.0005333333333333335,0.03605783664459162,2265,0,4,daily_me_op,daily size characteristic,risk_averse_low_volatility,17,calibration,block,constant_a019,0.036884644591611476
0.002869150528716254,-0.0015088366510412,0.007486791890258511,0.04430790098088116,0.05576324159308477,87.5405635086406,36.139053518632785,0.9613507445877967,0.00028900662251655633,0.046241501103752754,2265,0,4,daily_me_op,daily size characteristic,risk_averse_low_volatility,17,calibration,block,constant_a020,0.036884644591611476
0.0016815436061618722,-0.0007040141093778919,0.0041787389731281965,0.02371166185483179,0.031156465474835554,83.91853387190713,26.92277367757668,0.9629498746702396,0.00029668874172185427,0.03527350993377483,2265,0,4,daily_me_op,daily size characteristic,risk_averse_low_volatility,17,calibration,block,constant_a021,0.036884644591611476
0.0007528786949870632,-0.0026156070425840164,0.0037918744114202843,0.0498466902134729,0.07624218853621782,83.91304138052575,27.351585979488668,0.962952299611247,0.00039487858719646797,0.03427064017660044,2265,0,4,daily_me_op,daily size characteristic,risk_averse_low_volatility,17,calibration,block,constant_a022,0.036884644591611476
-0.00042978586075623904,-0.0027113829898055336,0.0016495834593526835,0.03099986601577946,0.05578862949562611,72.89580659369442,26.21420622192565,0.9678164209299362,0.00040044150110375275,0.030308830022075055,2265,0,4,daily_me_op,daily size characteristic,risk_averse_low_volatility,17,calibration,block,constant_a023,0.036884644591611476
-0.0002051282348044423,-0.0024610245999871277,0.0019438350440328443,0.029104990892549552,0.03415423387096997,90.80749463477466,27.931859410027243,0.9599083908897242,0.0004770860927152318,0.031186534216335538,2265,0,4,daily_me_op,daily size characteristic,risk_averse_low_volatility,17,calibration,block,constant_a024,0.036884644591611476
-0.0012099114905184199,-0.0055807922071417805,0.002512007949055433,0.05187240162577664,0.07231865293200128,90.9991147460085,25.95973465671147,0.9598237903991133,0.00046527858719646806,0.036884644591611476,2265,0,4,daily_me_op,daily size characteristic,risk_averse_low_volatility,17,calibration,block,constant_equal_weight_public,0.036884644591611476
-0.00011798575656026484,-0.002996676261768803,0.002490610658595329,0.03703342520505154,0.047252065215616146,78.81182192092048,31.855403549952545,0.9652044936331476,0.0006160706401766005,0.03774635761589404,2265,0,4,daily_me_op,daily size characteristic,risk_averse_low_volatility,17,calibration,block,momentum_12,0.036884644591611476
0.001914004624423158,-0.000441118697233536,0.004185710271472722,0.01650975396055406,0.02048084543861545,90.86391579228427,25.509206787224272,0.9598834808864087,0.0004981015452538633,0.031074392935982336,2265,0,4,daily_me_op,daily size characteristic,risk_averse_low_volatility,17,calibration,block,low_vol_12,0.036884644591611476
-0.001060106762074566,-0.003568723947902129,0.0018106561129110589,0.047619644566926446,0.055872026556220956,80.68935691132722,31.855403549952545,0.9643755598625486,0.0005762030905077263,0.03806313465783665,2265,0,4,daily_me_op,daily size characteristic,risk_averse_low_volatility,17,calibration,block,risk_adjusted_12,0.036884644591611476
0.0010063092887785275,-0.002211937429233192,0.004315626237371123,0.03320636701092882,0.04099657260977357,73.90302523673924,27.68553262774826,0.9673717327873116,0.00039283355408388526,0.0373476821192053,2265,0,4,daily_me_op,daily size characteristic,risk_averse_low_volatility,17,calibration,block,ridge_return_train_only,0.036884644591611476
0.0007398341079624389,-0.0022077950711388017,0.0037030577327600146,0.034159634220895733,0.04226514720706347,111.72646382224092,31.33981519979018,0.9607702023096064,0.0003962780898876405,0.03857907303370787,2848,0,4,daily_me_op,daily size characteristic,risk_averse_low_volatility,17,test,iid,constant_a000,0.036884644591611476
0.0014619185232902716,-0.0010660893453909074,0.003977737207362689,0.025441471119430938,0.02862478103822359,101.79366685030709,30.56780760582846,0.9642578416958192,0.0005180828651685394,0.030657022471910114,2848,0,4,daily_me_op,daily size characteristic,risk_averse_low_volatility,17,test,iid,constant_a001,0.036884644591611476
-0.0009717345397585899,-0.0041042116401848894,0.0024311510266568793,0.051705972420568284,0.07563915934448824,114.69814570513888,29.459035653905683,0.9597267746821844,0.0005845505617977528,0.030667977528089887,2848,0,4,daily_me_op,daily size characteristic,risk_averse_low_volatility,17,test,iid,constant_a002,0.036884644591611476
-0.010484686323755668,-0.03713754712712209,0.0045278982091804375,0.20194938559530712,0.21730000000000002,103.09586062934329,154.67053678937572,0.9638006107340789,0.000689817415730337,0.039128651685393256,2848,0,4,daily_me_op,daily size characteristic,risk_averse_low_volatility,17,test,iid,constant_a003,0.036884644591611476
0.0007035368504485247,-0.0022318442208514905,0.004100706892966177,0.03434934689918085,0.03940244823187977,99.80035320117598,32.329583861158156,0.9649577411512725,0.0003732443820224719,0.03620463483146068,2848,0,4,daily_me_op,daily size characteristic,risk_averse_low_volatility,17,test,iid,constant_a004,0.036884644591611476
0.0031387980980161117,0.0009317054681615967,0.00540275545077551,0.038284653686060315,0.0396327849331281,72.7491854002407,32.1803168550736,0.9744560444521627,0.0004969803370786517,0.04001446629213483,2848,0,4,daily_me_op,daily size characteristic,risk_averse_low_volatility,17,test,iid,constant_a005,0.036884644591611476
-0.00013481758257192,-0.002878164132130533,0.0024128544517291817,0.030361923031139774,0.04689949154235009,103.87845947964533,30.493349200049913,0.9635258218119223,0.000506179775280899,0.03197050561797753,2848,0,4,daily_me_op,daily size characteristic,risk_averse_low_volatility,17,test,iid,constant_a006,0.036884644591611476
-0.0004918333787868545,-0.0028295864013490827,0.0018032340995523203,0.03301683173143389,0.03903957101011522,89.89070749115207,28.969795219403977,0.9684372515831629,0.0005496839887640451,0.03202626404494382,2848,0,4,daily_me_op,daily size characteristic,risk_averse_low_volatility,17,test,iid,constant_a007,0.036884644591611476
-0.0012167126395869364,-0.005035080890543284,0.0022307425784403203,0.028670263870357777,0.0339958918512483,129.88707116439858,28.683738599118033,0.9543935845630623,0.0004826896067415731,0.03332331460674158,2848,0,4,daily_me_op,daily size characteristic,risk_averse_low_volatility,17,test,iid,constant_a008,0.036884644591611476
0.0010020484133267627,-0.002082064347240084,0.004101197114830928,0.03794617268067168,0.045943708552185575,106.78652595726426,32.056828539464824,0.9625047310543313,0.0004806179775280899,0.0354438202247191,2848,0,4,daily_me_op,daily size characteristic,risk_averse_low_volatility,17,test,iid,constant_a009,0.036884644591611476
0.000580033229204933,-0.0024543719945706,0.003361545846805144,0.03415525626344705,0.03964262042072057,104.58445284822879,35.29384736611169,0.9632779308819421,0.0005072331460674157,0.03976390449438202,2848,0,4,daily_me_op,daily size characteristic,risk_averse_low_volatility,17,test,iid,constant_a010,0.036884644591611476
0.0008378193835640344,-0.0020833470735495472,0.0036224509104238224,0.03139844397507006,0.038874872516350883,114.9331584046884,28.29914131839872,0.9596442561781291,0.0004511235955056179,0.03151390449438202,2848,0,4,daily_me_op,daily size characteristic,risk_averse_low_volatility,17,test,iid,constant_a011,0.036884644591611476
0.0031025380005085274,0.0007983211309096329,0.0060337905067468405,0.02240094567007931,0.02901024060315657,106.92268204381423,30.680617103433775,0.9624569234396719,0.0005087078651685394,0.032783988764044945,2848,0,4,daily_me_op,daily size characteristic,risk_averse_low_volatility,17,test,iid,constant_a012,0.036884644591611476
-0.0015441196044806717,-0.004215563521912138,0.0011688668830453857,0.03071151741660377,0.03476434120090653,112.9222370063358,29.077357086262086,0.9603503381297979,0.0005538623595505618,0.03227443820224719,2848,0,4,daily_me_op,daily size characteristic,risk_averse_low_volatility,17,test,iid,constant_a013,0.036884644591611476
0.0007249233622276189,-0.0020054829397221402,0.003282200765647043,0.026629339308214598,0.029569692514227693,99.90137809010024,28.7731951050116,0.9649222689290379,0.000419066011235955,0.03335842696629214,2848,0,4,daily_me_op,daily size characteristic,risk_averse_low_volatility,17,test,iid,constant_a014,0.036884644591611476
-0.0016633593992463871,-0.006386071582810602,0.0017752446484406057,0.05607191351869328,0.08666273566300486,95.6585068877863,31.040543453557902,0.9664120411208615,0.0005329705056179775,0.03754929775280899,2848,0,4,daily_me_op,daily size characteristic,risk_averse_low_volatility,17,test,iid,constant_a015,0.036884644591611476
-0.001366177571516125,-0.004120112861561476,0.0012045690915265797,0.029404520350096167,0.034629297697024226,125.9176853418462,26.617998700092382,0.9557873295850259,0.0004458216292134831,0.029966853932584265,2848,0,4,daily_me_op,daily size characteristic,risk_averse_low_volatility,17,test,iid,constant_a016,0.036884644591611476
0.0030092441278687493,0.001176998404356258,0.004984883999279618,0.0238053729198073,0.02669575957364723,106.9439509642052,26.630817903842917,0.9624494554198718,0.0005253511235955056,0.02912837078651686,2848,0,4,daily_me_op,daily size characteristic,risk_averse_low_volatility,17,test,iid,constant_a017,0.036884644591611476
0.0032673072336436414,0.0009539949357907948,0.005919648731616139,0.022756561474297526,0.029682536799508615,121.93982820240183,26.51415125570075,0.9571840490862353,0.0005296348314606743,0.0289566011235955,2848,0,4,daily_me_op,daily size characteristic,risk_averse_low_volatility,17,test,iid,constant_a018,0.036884644591611476
-0.0015780640095562576,-0.004090351678544984,0.0010309995299126425,0.03247075438471806,0.03821015256684557,114.92423470740081,26.764943644875398,0.9596473894988059,0.00048683286516853927,0.02873441011235955,2848,0,4,daily_me_op,daily size characteristic,risk_averse_low_volatility,17,test,iid,constant_a019,0.036884644591611476
-0.001227654668421126,-0.004434487366717547,0.0019767233360739388,0.033365239936100625,0.039900081002862034,99.43448458677945,31.263926151556845,0.965086206254642,0.0004640800561797754,0.037429634831460674,2848,0,4,daily_me_op,daily size characteristic,risk_averse_low_volatility,17,test,iid,constant_a020,0.036884644591611476
-9.397156900966192e-05,-0.0024084840749666785,0.0019393643144393615,0.03359477178846621,0.04679907324819039,124.80907429174339,27.967399063761356,0.9561765890829552,0.0005357092696629213,0.029238483146067418,2848,0,4,daily_me_op,daily size characteristic,risk_averse_low_volatility,17,test,iid,constant_a021,0.036884644591611476
-0.0004394497552312233,-0.00333019255574095,0.0015807325699782973,0.03310001283243433,0.06528902347971466,111.82279795784835,27.309679274249195,0.960736377121542,0.000558251404494382,0.02764115168539326,2848,0,4,daily_me_op,daily size characteristic,risk_averse_low_volatility,17,test,iid,constant_a022,0.036884644591611476
-0.003182938365393173,-0.008524656889351853,0.0003207704306100963,0.028494729874763414,0.03468949906674425,109.72350537121784,29.321704570346864,0.961473488282578,0.0006573033707865169,0.028800421348314606,2848,0,4,daily_me_op,daily size characteristic,risk_averse_low_volatility,17,test,iid,constant_a023,0.036884644591611476
0.0024146808426480934,7.4588129666169494e-06,0.004830068839657529,0.02307461812442524,0.029702985807428937,123.7462214933795,29.142860363415767,0.9565497817790101,0.0006134831460674157,0.02737092696629214,2848,0,4,daily_me_op,daily size characteristic,risk_averse_low_volatility,17,test,iid,constant_a024,0.036884644591611476
0.0022757137004772924,0.000418171358671143,0.004229985177337781,0.020821811615120762,0.02567435606363107,115.99294427494394,25.927566211688394,0.9592721403528989,0.0005147022471910111,0.030364893258426964,2848,0,4,daily_me_op,daily size characteristic,risk_averse_low_volatility,17,test,iid,constant_equal_weight_public,0.036884644591611476
-0.014098699237763614,-0.04014526588926183,0.0018626895753781924,0.202354884517891,0.2173,105.22251782498506,154.67053678937572,0.9630538912131372,0.0005490519662921348,0.039553370786516856,2848,0,4,daily_me_op,daily size characteristic,risk_averse_low_volatility,17,test,iid,momentum_12,0.036884644591611476
-0.0010967528209569945,-0.004121629719558653,0.0011796460473501471,0.029973394573446367,0.04501365072681408,124.86516171726953,25.430752883997982,0.9561568954644419,0.0004874002808988763,0.026351544943820224,2848,0,4,daily_me_op,daily size characteristic,risk_averse_low_volatility,17,test,iid,low_vol_12,0.036884644591611476
-0.0005938117098144356,-0.003475764155754091,0.002399318978264835,0.03242757331881608,0.03549975590564556,111.7070499052513,29.68052231962052,0.9607770189939426,0.0007221207865168541,0.0337123595505618,2848,0,4,daily_me_op,daily size characteristic,risk_averse_low_volatility,17,test,iid,risk_adjusted_12,0.036884644591611476
-0.0004483027662607937,-0.005491499512021887,0.0035330245779379398,0.030470618942638767,0.03437029419581886,120.67626836205345,28.41054147386116,0.9576277147605149,0.0005714339887640448,0.032695365168539325,2848,0,4,daily_me_op,daily size characteristic,risk_averse_low_volatility,17,test,iid,ridge_return_train_only,0.036884644591611476
0.0007398341079624389,-0.002778864285784003,0.0045825392651268355,0.034159634220895733,0.04327208500672939,111.72646382224092,31.33981519979018,0.9607702023096064,0.0003962780898876405,0.03857907303370787,2848,0,4,daily_me_op,daily size characteristic,risk_averse_low_volatility,17,test,block,constant_a000,0.036884644591611476
0.0014619185232902716,-0.000966556701398729,0.004264496632625019,0.025441471119430938,0.028628673736121553,101.79366685030709,30.56780760582846,0.9642578416958192,0.0005180828651685394,0.030657022471910114,2848,0,4,daily_me_op,daily size characteristic,risk_averse_low_volatility,17,test,block,constant_a001,0.036884644591611476
-0.0009717345397585899,-0.005621074481467181,0.0028670705395447637,0.051705972420568284,0.08065418220713315,114.69814570513888,29.459035653905683,0.9597267746821844,0.0005845505617977528,0.030667977528089887,2848,0,4,daily_me_op,daily size characteristic,risk_averse_low_volatility,17,test,block,constant_a002,0.036884644591611476
-0.010484686323755668,-0.036544557354588676,0.0042464848984655225,0.20194938559530712,0.21730000000000002,103.09586062934329,154.67053678937572,0.9638006107340789,0.000689817415730337,0.039128651685393256,2848,0,4,daily_me_op,daily size characteristic,risk_averse_low_volatility,17,test,block,constant_a003,0.036884644591611476
0.0007035368504485247,-0.0027534807119958555,0.0039718345016483995,0.03434934689918085,0.039339535133668044,99.80035320117598,32.329583861158156,0.9649577411512725,0.0003732443820224719,0.03620463483146068,2848,0,4,daily_me_op,daily size characteristic,risk_averse_low_volatility,17,test,block,constant_a004,0.036884644591611476
0.0031387980980161117,0.00043685580781025786,0.005604600810998718,0.038284653686060315,0.039596812831052666,72.7491854002407,32.1803168550736,0.9744560444521627,0.0004969803370786517,0.04001446629213483,2848,0,4,daily_me_op,daily size characteristic,risk_averse_low_volatility,17,test,block,constant_a005,0.036884644591611476
-0.00013481758257192,-0.0026270821350874336,0.002406653897064357,0.030361923031139774,0.04750703680596192,103.87845947964533,30.493349200049913,0.9635258218119223,0.000506179775280899,0.03197050561797753,2848,0,4,daily_me_op,daily size characteristic,risk_averse_low_volatility,17,test,block,constant_a006,0.036884644591611476
-0.0004918333787868545,-0.0031813961509163727,0.0020676126563071618,0.03301683173143389,0.037777338386088384,89.89070749115207,28.969795219403977,0.9684372515831629,0.0005496839887640451,0.03202626404494382,2848,0,4,daily_me_op,daily size characteristic,risk_averse_low_volatility,17,test,block,constant_a007,0.036884644591611476
-0.0012167126395869364,-0.005239720858011626,0.00239988255611091,0.028670263870357777,0.034014246168304396,129.88707116439858,28.683738599118033,0.9543935845630623,0.0004826896067415731,0.03332331460674158,2848,0,4,daily_me_op,daily size characteristic,risk_averse_low_volatility,17,test,block,constant_a008,0.036884644591611476
0.0010020484133267627,-0.0023595881088823607,0.004183935334654028,0.03794617268067168,0.04539119133778388,106.78652595726426,32.056828539464824,0.9625047310543313,0.0004806179775280899,0.0354438202247191,2848,0,4,daily_me_op,daily size characteristic,risk_averse_low_volatility,17,test,block,constant_a009,0.036884644591611476
0.000580033229204933,-0.0032368777320434757,0.003832755089629102,0.03415525626344705,0.04011220526659175,104.58445284822879,35.29384736611169,0.9632779308819421,0.0005072331460674157,0.03976390449438202,2848,0,4,daily_me_op,daily size characteristic,risk_averse_low_volatility,17,test,block,constant_a010,0.036884644591611476
0.0008378193835640344,-0.002015551961659128,0.004232497855183847,0.03139844397507006,0.037491575620150625,114.9331584046884,28.29914131839872,0.9596442561781291,0.0004511235955056179,0.03151390449438202,2848,0,4,daily_me_op,daily size characteristic,risk_averse_low_volatility,17,test,block,constant_a011,0.036884644591611476
0.0031025380005085274,0.0007573865878321103,0.005906188152276528,0.02240094567007931,0.02862261464299723,106.92268204381423,30.680617103433775,0.9624569234396719,0.0005087078651685394,0.032783988764044945,2848,0,4,daily_me_op,daily size characteristic,risk_averse_low_volatility,17,test,block,constant_a012,0.036884644591611476
-0.0015441196044806717,-0.004478190662733447,0.001420741429606799,0.03071151741660377,0.03471776621786961,112.9222370063358,29.077357086262086,0.9603503381297979,0.0005538623595505618,0.03227443820224719,2848,0,4,daily_me_op,daily size characteristic,risk_averse_low_volatility,17,test,block,constant_a013,0.036884644591611476
0.0007249233622276189,-0.0016033810034607541,0.003350544273923445,0.026629339308214598,0.02959257462601689,99.90137809010024,28.7731951050116,0.9649222689290379,0.000419066011235955,0.03335842696629214,2848,0,4,daily_me_op,daily size characteristic,risk_averse_low_volatility,17,test,block,constant_a014,0.036884644591611476
-0.0016633593992463871,-0.0070419771578660645,0.002730958427191264,0.05607191351869328,0.09614879217606201,95.6585068877863,31.040543453557902,0.9664120411208615,0.0005329705056179775,0.03754929775280899,2848,0,4,daily_me_op,daily size characteristic,risk_averse_low_volatility,17,test,block,constant_a015,0.036884644591611476
-0.001366177571516125,-0.00380885546525512,0.001239322352232083,0.029404520350096167,0.03529665919146195,125.9176853418462,26.617998700092382,0.9557873295850259,0.0004458216292134831,0.029966853932584265,2848,0,4,daily_me_op,daily size characteristic,risk_averse_low_volatility,17,test,block,constant_a016,0.036884644591611476
0.0030092441278687493,0.0009480156780528728,0.004473542077492293,0.0238053729198073,0.027524851874436044,106.9439509642052,26.630817903842917,0.9624494554198718,0.0005253511235955056,0.02912837078651686,2848,0,4,daily_me_op,daily size characteristic,risk_averse_low_volatility,17,test,block,constant_a017,0.036884644591611476
0.0032673072336436414,0.0009783902123977994,0.005989491470497541,0.022756561474297526,0.029908924542394928,121.93982820240183,26.51415125570075,0.9571840490862353,0.0005296348314606743,0.0289566011235955,2848,0,4,daily_me_op,daily size characteristic,risk_averse_low_volatility,17,test,block,constant_a018,0.036884644591611476
-0.0015780640095562576,-0.004400881786683077,0.0007294756646689534,0.03247075438471806,0.03813345391547874,114.92423470740081,26.764943644875398,0.9596473894988059,0.00048683286516853927,0.02873441011235955,2848,0,4,daily_me_op,daily size characteristic,risk_averse_low_volatility,17,test,block,constant_a019,0.036884644591611476
-0.001227654668421126,-0.004332948270396546,0.0016087697306203868,0.033365239936100625,0.039616988856635005,99.43448458677945,31.263926151556845,0.965086206254642,0.0004640800561797754,0.037429634831460674,2848,0,4,daily_me_op,daily size characteristic,risk_averse_low_volatility,17,test,block,constant_a020,0.036884644591611476
-9.397156900966192e-05,-0.001770104091736657,0.002027310686701694,0.03359477178846621,0.04500405682464508,124.80907429174339,27.967399063761356,0.9561765890829552,0.0005357092696629213,0.029238483146067418,2848,0,4,daily_me_op,daily size characteristic,risk_averse_low_volatility,17,test,block,constant_a021,0.036884644591611476
-0.0004394497552312233,-0.0026278603622470207,0.002096587824544399,0.03310001283243433,0.05915717415559929,111.82279795784835,27.309679274249195,0.960736377121542,0.000558251404494382,0.02764115168539326,2848,0,4,daily_me_op,daily size characteristic,risk_averse_low_volatility,17,test,block,constant_a022,0.036884644591611476
-0.003182938365393173,-0.007947657979691195,0.00027790250131820706,0.028494729874763414,0.03475633973392456,109.72350537121784,29.321704570346864,0.961473488282578,0.0006573033707865169,0.028800421348314606,2848,0,4,daily_me_op,daily size characteristic,risk_averse_low_volatility,17,test,block,constant_a023,0.036884644591611476
0.0024146808426480934,0.00022639049160396072,0.0045888247604455755,0.02307461812442524,0.030314111178631822,123.7462214933795,29.142860363415767,0.9565497817790101,0.0006134831460674157,0.02737092696629214,2848,0,4,daily_me_op,daily size characteristic,risk_averse_low_volatility,17,test,block,constant_a024,0.036884644591611476
0.0022757137004772924,0.0005477718229355535,0.004078793287046721,0.020821811615120762,0.024637886459230107,115.99294427494394,25.927566211688394,0.9592721403528989,0.0005147022471910111,0.030364893258426964,2848,0,4,daily_me_op,daily size characteristic,risk_averse_low_volatility,17,test,block,constant_equal_weight_public,0.036884644591611476
-0.014098699237763614,-0.03987049716708313,-0.0004779918350824961,0.202354884517891,0.2173,105.22251782498506,154.67053678937572,0.9630538912131372,0.0005490519662921348,0.039553370786516856,2848,0,4,daily_me_op,daily size characteristic,risk_averse_low_volatility,17,test,block,momentum_12,0.036884644591611476
-0.0010967528209569945,-0.0036916530640871905,0.0012560380015654731,0.029973394573446367,0.04776656629177981,124.86516171726953,25.430752883997982,0.9561568954644419,0.0004874002808988763,0.026351544943820224,2848,0,4,daily_me_op,daily size characteristic,risk_averse_low_volatility,17,test,block,low_vol_12,0.036884644591611476
-0.0005938117098144356,-0.004652281789013039,0.002619194328607348,0.03242757331881608,0.03599439322077063,111.7070499052513,29.68052231962052,0.9607770189939426,0.0007221207865168541,0.0337123595505618,2848,0,4,daily_me_op,daily size characteristic,risk_averse_low_volatility,17,test,block,risk_adjusted_12,0.036884644591611476
-0.0004483027662607937,-0.004592803267595094,0.0027714118888825783,0.030470618942638767,0.03488693481894336,120.67626836205345,28.41054147386116,0.9576277147605149,0.0005714339887640448,0.032695365168539325,2848,0,4,daily_me_op,daily size characteristic,risk_averse_low_volatility,17,test,block,ridge_return_train_only,0.036884644591611476
-0.000437827608360492,-0.004031785040659296,0.00262054503187876,0.03401495373386451,0.04908404255885014,99.90259930080104,28.765827058089165,0.9558928921409267,0.00030348785871964673,0.0393766004415011,2265,0,4,daily_me_op,daily size characteristic,risk_averse_low_volatility,27,calibration,iid,constant_a000,0.036884644591611476
0.003001928190127079,-0.0015252039846325607,0.007822883993885331,0.04457166838070347,0.05769486730955061,94.86519077371362,29.405036385174213,0.9581169135656894,0.00045673289183222954,0.03845033112582781,2265,0,4,daily_me_op,daily size characteristic,risk_averse_low_volatility,27,calibration,iid,constant_a001,0.036884644591611476
5.756502387358875e-05,-0.002913374921814974,0.002799036982538907,0.03995141792343259,0.046539201359355485,61.95511401087728,28.64043829233514,0.9726467487810696,0.00042763796909492266,0.03839094922737307,2265,0,4,daily_me_op,daily size characteristic,risk_averse_low_volatility,27,calibration,iid,constant_a002,0.036884644591611476
0.0012234648120185206,-0.002761281450190706,0.005695565224646495,0.04480282390570599,0.06787320849978831,91.93948773338475,28.335967502187508,0.9594086146872474,0.00047395143487858726,0.03862604856512141,2265,0,4,daily_me_op,daily size characteristic,risk_averse_low_volatility,27,calibration,iid,constant_a003,0.036884644591611476
-0.001675298460464459,-0.005425578277011412,0.0023704170892755645,0.04744114324042248,0.058660653706014636,71.94884745596273,28.761915977223506,0.9682345044344536,0.0004247682119205297,0.04078388520971302,2265,0,4,daily_me_op,daily size characteristic,risk_averse_low_volatility,27,calibration,iid,constant_a004,0.036884644591611476
0.0022046249320337246,-0.0019193606115826677,0.0066088621578220905,0.03542636171707887,0.037900471335592475,74.91486866898009,30.343385113146848,0.9669250027951523,0.0004983664459161148,0.04207969094922737,2265,0,4,daily_me_op,daily size characteristic,risk_averse_low_volatility,27,calibration,iid,constant_a005,0.036884644591611476
0.0011258008031228433,-0.001953246429340314,0.005016456131620895,0.038863603401588766,0.05342901695497303,78.9512338882154,28.043462063028713,0.9651429430957107,0.0004000000000000001,0.03936004415011037,2265,0,4,daily_me_op,daily size characteristic,risk_averse_low_volatility,27,calibration,iid,constant_a006,0.036884644591611476
0.002001150161968754,-0.0013366510894642105,0.005206253136572568,0.028690151781733838,0.040176020098576695,92.9610218568039,28.17516843123578,0.9589576062442366,0.0005164238410596026,0.03821633554083886,2265,0,4,daily_me_op,daily size characteristic,risk_averse_low_volatility,27,calibration,iid,constant_a007,0.036884644591611476
-0.003292046278521618,-0.007069070544497613,0.00012872828654036144,0.047752455081410045,0.057861908533749375,88.94794794212345,28.4960454666683,0.9607293828070095,0.000591523178807947,0.03958874172185431,2265,0,4,daily_me_op,daily size characteristic,risk_averse_low_volatility,27,calibration,iid,constant_a008,0.036884644591611476
0.0027744692960840612,-0.00031101645569528793,0.006013374431629083,0.029386654753742063,0.0356337599535023,92.95322872190108,28.154066908889853,0.958961046921898,0.0006415011037527594,0.04022317880794702,2265,0,4,daily_me_op,daily size characteristic,risk_averse_low_volatility,27,calibration,iid,constant_a009,0.036884644591611476
-9.332978527842203e-05,-0.004988286869968211,0.003666810602401793,0.054033784456594035,0.08634006339874707,76.95749288960293,27.838593535628736,0.9660231819471952,0.0004702428256070641,0.04091456953642385,2265,0,4,daily_me_op,daily size characteristic,risk_averse_low_volatility,27,calibration,iid,constant_a010,0.036884644591611476
0.0029156141772563042,-0.00029852704141934255,0.006412735618224612,0.022954215944643475,0.02907978087874992,72.97747951109123,27.14752375580184,0.9677803622467589,0.0005049448123620308,0.03691633554083885,2265,0,4,daily_me_op,daily size characteristic,risk_averse_low_volatility,27,calibration,iid,constant_a011,0.036884644591611476
2.665978467420198e-05,-0.0031263048501759426,0.0039018451769676304,0.04388859230703755,0.06301712978037902,98.95980146005587,26.985334037655672,0.9563091384282314,0.0005502428256070641,0.03507041942604857,2265,0,4,daily_me_op,daily size characteristic,risk_averse_low_volatility,27,calibration,iid,constant_a012,0.036884644591611476
-8.061156708971658e-05,-0.003207961546506777,0.0036706895603587342,0.036766282757538495,0.0435976374765028,86.95745429148464,26.902040855774878,0.9616081879507794,0.0005137748344370861,0.036443487858719655,2265,0,4,daily_me_op,daily size characteristic,risk_averse_low_volatility,27,calibration,iid,constant_a013,0.036884644591611476
-0.0017175341336414809,-0.0052206296537251175,0.0012393419863251393,0.04369187795533985,0.06043759280739205,79.97011098291871,27.358906321544122,0.9646931077338107,0.000672671081677704,0.03833708609271524,2265,0,4,daily_me_op,daily size characteristic,risk_averse_low_volatility,27,calibration,iid,constant_a014,0.036884644591611476
-0.0003937874738364482,-0.003271128004735456,0.0027273980219219038,0.03658959604957764,0.03841981948139991,74.87562958128049,31.44952752378365,0.9669423268956819,0.0004266225165562914,0.042104856512141284,2265,0,4,daily_me_op,daily size characteristic,risk_averse_low_volatility,27,calibration,iid,constant_a015,0.036884644591611476
-0.0005192654331860187,-0.0035734179442449302,0.0025014393816551904,0.029495640825388896,0.031323240739286023,76.96638860383824,27.539093287162522,0.9660192544795416,0.0004412362030905077,0.037138410596026496,2265,0,4,daily_me_op,daily size characteristic,risk_averse_low_volatility,27,calibration,iid,constant_a016,0.036884644591611476
0.0027437005905602448,-0.0005679023041959009,0.006022168242589866,0.03167703777356912,0.036477158420552123,101.94906652150917,27.090369270003105,0.9549893746041902,0.00043708609271523176,0.03571677704194261,2265,0,4,daily_me_op,daily size characteristic,risk_averse_low_volatility,27,calibration,iid,constant_a017,0.036884644591611476
0.0009631409135126006,-0.0026611534972190943,0.003982148254027788,0.044689684641856846,0.06207889004767963,111.90718092094842,26.665398832600008,0.9505928561055416,0.0004893156732891833,0.03461456953642384,2265,0,4,daily_me_op,daily size characteristic,risk_averse_low_volatility,27,calibration,iid,constant_a018,0.036884644591611476
-0.0022219059765293133,-0.0059050220581354455,0.0016098666226693169,0.04069406250713677,0.05094113367220726,104.94436870204748,26.7897581093678,0.9536669453854095,0.0005333333333333335,0.03605783664459162,2265,0,4,daily_me_op,daily size characteristic,risk_averse_low_volatility,27,calibration,iid,constant_a019,0.036884644591611476
0.0010225855396432785,-0.003088935266178417,0.005185320642664472,0.051701870621599595,0.07530642074641244,84.6838183446648,34.991637190911185,0.9626120007308323,0.00028900662251655633,0.046241501103752754,2265,0,4,daily_me_op,daily size characteristic,risk_averse_low_volatility,27,calibration,iid,constant_a020,0.036884644591611476
0.0030119876524346916,3.4705881950767125e-05,0.005890994008665421,0.020944000266059946,0.02237174056090354,86.93300236395037,27.228403815892385,0.9616189835037747,0.00029668874172185427,0.03527350993377483,2265,0,4,daily_me_op,daily size characteristic,risk_averse_low_volatility,27,calibration,iid,constant_a021,0.036884644591611476
0.0006241329470027967,-0.0023173100954484603,0.003127893979900245,0.03033141777081032,0.03871069409148765,85.91081547362576,28.041681054292674,0.9620702801440946,0.00039487858719646797,0.03427064017660044,2265,0,4,daily_me_op,daily size characteristic,risk_averse_low_volatility,27,calibration,iid,constant_a022,0.036884644591611476
-0.0003938700980453015,-0.0026610868351478216,0.0016092018618311154,0.028588679787138294,0.04005552447594532,86.88636731668095,26.23976986690366,0.9616395729286177,0.00040044150110375275,0.030308830022075055,2265,0,4,daily_me_op,daily size characteristic,risk_averse_low_volatility,27,calibration,iid,constant_a023,0.036884644591611476
0.0017269459486717988,-0.001518626253286532,0.004355946656568631,0.03032818465084128,0.05644542813692842,95.77848511737425,30.329602422618112,0.9577136931049121,0.0004770860927152318,0.031186534216335538,2265,0,4,daily_me_op,daily size characteristic,risk_averse_low_volatility,27,calibration,iid,constant_a024,0.036884644591611476
0.00019525922237788082,-0.002844700666247029,0.0034749051325761327,0.029096481042603012,0.033728730484470795,86.99872505123723,25.966227336690576,0.9615899668647959,0.00046527858719646806,0.036884644591611476,2265,0,4,daily_me_op,daily size characteristic,risk_averse_low_volatility,27,calibration,iid,constant_equal_weight_public,0.036884644591611476
0.003658666141326135,0.0014693647458983413,0.006236505677675438,0.020175957074881075,0.028703798752745625,81.79537867532999,30.343385113146848,0.9638872500329669,0.0006160706401766005,0.03774635761589404,2265,0,4,daily_me_op,daily size characteristic,risk_averse_low_volatility,27,calibration,iid,momentum_12,0.036884644591611476
0.0011026657108567017,-0.0022941870484615174,0.0037834017194178313,0.028090511378264574,0.04266979085550009,91.86424891352613,25.469984581935346,0.95944183270926,0.0004981015452538633,0.031074392935982336,2265,0,4,daily_me_op,daily size characteristic,risk_averse_low_volatility,27,calibration,iid,low_vol_12,0.036884644591611476
0.0008820194924907918,-0.0026103857954723766,0.003955261412590971,0.03894611345311795,0.05241066850700758,82.81281357621117,31.070474266630246,0.9634380514012313,0.0005762030905077263,0.03806313465783665,2265,0,4,daily_me_op,daily size characteristic,risk_averse_low_volatility,27,calibration,iid,risk_adjusted_12,0.036884644591611476
-0.002141712729160291,-0.007381491809090947,0.001589960533241927,0.04496883628710207,0.07895540045947043,97.89320610548195,28.060271396691103,0.9567800414545333,0.0006065695364238412,0.03743351876379691,2265,0,4,daily_me_op,daily size characteristic,risk_averse_low_volatility,27,calibration,iid,ridge_return_train_only,0.036884644591611476
-0.000437827608360492,-0.0031558982123794026,0.0024032625058664388,0.03401495373386451,0.05062193314839002,99.90259930080104,28.765827058089165,0.9558928921409267,0.00030348785871964673,0.0393766004415011,2265,0,4,daily_me_op,daily size characteristic,risk_averse_low_volatility,27,calibration,block,constant_a000,0.036884644591611476
0.003001928190127079,-0.0008371629963445716,0.007742996097721479,0.04457166838070347,0.057588768498079576,94.86519077371362,29.405036385174213,0.9581169135656894,0.00045673289183222954,0.03845033112582781,2265,0,4,daily_me_op,daily size characteristic,risk_averse_low_volatility,27,calibration,block,constant_a001,0.036884644591611476
5.756502387358875e-05,-0.002756771703181228,0.0029940794266776617,0.03995141792343259,0.04735649518743902,61.95511401087728,28.64043829233514,0.9726467487810696,0.00042763796909492266,0.03839094922737307,2265,0,4,daily_me_op,daily size characteristic,risk_averse_low_volatility,27,calibration,block,constant_a002,0.036884644591611476
0.0012234648120185206,-0.002970012519340226,0.0051821697299151885,0.04480282390570599,0.06990852842268389,91.93948773338475,28.335967502187508,0.9594086146872474,0.00047395143487858726,0.03862604856512141,2265,0,4,daily_me_op,daily size characteristic,risk_averse_low_volatility,27,calibration,block,constant_a003,0.036884644591611476
-0.001675298460464459,-0.004765023403090685,0.0016696079519356063,0.04744114324042248,0.06072165041304998,71.94884745596273,28.761915977223506,0.9682345044344536,0.0004247682119205297,0.04078388520971302,2265,0,4,daily_me_op,daily size characteristic,risk_averse_low_volatility,27,calibration,block,constant_a004,0.036884644591611476
0.0022046249320337246,-0.0009409657322273163,0.006524901303420614,0.03542636171707887,0.037811497256404335,74.91486866898009,30.343385113146848,0.9669250027951523,0.0004983664459161148,0.04207969094922737,2265,0,4,daily_me_op,daily size characteristic,risk_averse_low_volatility,27,calibration,block,constant_a005,0.036884644591611476
0.0011258008031228433,-0.0019790537476469957,0.00434331838549372,0.038863603401588766,0.04918118189691555,78.9512338882154,28.043462063028713,0.9651429430957107,0.0004000000000000001,0.03936004415011037,2265,0,4,daily_me_op,daily size characteristic,risk_averse_low_volatility,27,calibration,block,constant_a006,0.036884644591611476
0.002001150161968754,-0.0010646211213995904,0.005508929684425204,0.028690151781733838,0.036883370815152215,92.9610218568039,28.17516843123578,0.9589576062442366,0.0005164238410596026,0.03821633554083886,2265,0,4,daily_me_op,daily size characteristic,risk_averse_low_volatility,27,calibration,block,constant_a007,0.036884644591611476
-0.003292046278521618,-0.006382892831816436,0.000437744887480896,0.047752455081410045,0.05557550406441815,88.94794794212345,28.4960454666683,0.9607293828070095,0.000591523178807947,0.03958874172185431,2265,0,4,daily_me_op,daily size characteristic,risk_averse_low_volatility,27,calibration,block,constant_a008,0.036884644591611476
0.0027744692960840612,-4.6932178679432765e-05,0.005318684959740668,0.029386654753742063,0.036889884463523946,92.95322872190108,28.154066908889853,0.958961046921898,0.0006415011037527594,0.04022317880794702,2265,0,4,daily_me_op,daily size characteristic,risk_averse_low_volatility,27,calibration,block,constant_a009,0.036884644591611476
-9.332978527842203e-05,-0.0040926839575794694,0.0036095906300518442,0.054033784456594035,0.0851961657924019,76.95749288960293,27.838593535628736,0.9660231819471952,0.0004702428256070641,0.04091456953642385,2265,0,4,daily_me_op,daily size characteristic,risk_averse_low_volatility,27,calibration,block,constant_a010,0.036884644591611476
0.0029156141772563042,-0.0012458584261783683,0.006718235803448032,0.022954215944643475,0.02897288137264179,72.97747951109123,27.14752375580184,0.9677803622467589,0.0005049448123620308,0.03691633554083885,2265,0,4,daily_me_op,daily size characteristic,risk_averse_low_volatility,27,calibration,block,constant_a011,0.036884644591611476
2.665978467420198e-05,-0.003643744708623176,0.004075309631291222,0.04388859230703755,0.0678663523983235,98.95980146005587,26.985334037655672,0.9563091384282314,0.0005502428256070641,0.03507041942604857,2265,0,4,daily_me_op,daily size characteristic,risk_averse_low_volatility,27,calibration,block,constant_a012,0.036884644591611476
-8.061156708971658e-05,-0.004330616534869749,0.0038143679568030785,0.036766282757538495,0.042639276862092665,86.95745429148464,26.902040855774878,0.9616081879507794,0.0005137748344370861,0.036443487858719655,2265,0,4,daily_me_op,daily size characteristic,risk_averse_low_volatility,27,calibration,block,constant_a013,0.036884644591611476
-0.0017175341336414809,-0.005004546617505371,0.0012214760090521947,0.04369187795533985,0.059133678704582034,79.97011098291871,27.358906321544122,0.9646931077338107,0.000672671081677704,0.03833708609271524,2265,0,4,daily_me_op,daily size characteristic,risk_averse_low_volatility,27,calibration,block,constant_a014,0.036884644591611476
-0.0003937874738364482,-0.003499831307733082,0.0025471401380088242,0.03658959604957764,0.03826135485229554,74.87562958128049,31.44952752378365,0.9669423268956819,0.0004266225165562914,0.042104856512141284,2265,0,4,daily_me_op,daily size characteristic,risk_averse_low_volatility,27,calibration,block,constant_a015,0.036884644591611476
-0.0005192654331860187,-0.0035074283322149838,0.0023117773014795003,0.029495640825388896,0.031300389850553396,76.96638860383824,27.539093287162522,0.9660192544795416,0.0004412362030905077,0.037138410596026496,2265,0,4,daily_me_op,daily size characteristic,risk_averse_low_volatility,27,calibration,block,constant_a016,0.036884644591611476
0.0027437005905602448,-0.0004595894988277968,0.006745047312417818,0.03167703777356912,0.03579331786184533,101.94906652150917,27.090369270003105,0.9549893746041902,0.00043708609271523176,0.03571677704194261,2265,0,4,daily_me_op,daily size characteristic,risk_averse_low_volatility,27,calibration,block,constant_a017,0.036884644591611476
0.0009631409135126006,-0.002881624482682428,0.004515869958249275,0.044689684641856846,0.06352378870963038,111.90718092094842,26.665398832600008,0.9505928561055416,0.0004893156732891833,0.03461456953642384,2265,0,4,daily_me_op,daily size characteristic,risk_averse_low_volatility,27,calibration,block,constant_a018,0.036884644591611476
-0.0022219059765293133,-0.006126415124815574,0.0015577610970156587,0.04069406250713677,0.05025321955557369,104.94436870204748,26.7897581093678,0.9536669453854095,0.0005333333333333335,0.03605783664459162,2265,0,4,daily_me_op,daily size characteristic,risk_averse_low_volatility,27,calibration,block,constant_a019,0.036884644591611476
0.0010225855396432785,-0.002691841785240018,0.005120716072329691,0.051701870621599595,0.07351310473782784,84.6838183446648,34.991637190911185,0.9626120007308323,0.00028900662251655633,0.046241501103752754,2265,0,4,daily_me_op,daily size characteristic,risk_averse_low_volatility,27,calibration,block,constant_a020,0.036884644591611476
0.0030119876524346916,0.0005518047278093253,0.005453607411036714,0.020944000266059946,0.022200986983538108,86.93300236395037,27.228403815892385,0.9616189835037747,0.00029668874172185427,0.03527350993377483,2265,0,4,daily_me_op,daily size characteristic,risk_averse_low_volatility,27,calibration,block,constant_a021,0.036884644591611476
0.0006241329470027967,-0.0023231139923797234,0.0030176007425213995,0.03033141777081032,0.040525679304446775,85.91081547362576,28.041681054292674,0.9620702801440946,0.00039487858719646797,0.03427064017660044,2265,0,4,daily_me_op,daily size characteristic,risk_averse_low_volatility,27,calibration,block,constant_a022,0.036884644591611476
-0.0003938700980453015,-0.0027711455107652474,0.0017993345609280539,0.028588679787138294,0.040698972504380156,86.88636731668095,26.23976986690366,0.9616395729286177,0.00040044150110375275,0.030308830022075055,2265,0,4,daily_me_op,daily size characteristic,risk_averse_low_volatility,27,calibration,block,constant_a023,0.036884644591611476
0.0017269459486717988,-0.0013747850996871612,0.004811288024340217,0.03032818465084128,0.058554535697646924,95.77848511737425,30.329602422618112,0.9577136931049121,0.0004770860927152318,0.031186534216335538,2265,0,4,daily_me_op,daily size characteristic,risk_averse_low_volatility,27,calibration,block,constant_a024,0.036884644591611476
0.00019525922237788082,-0.002923278974702862,0.003319754115806629,0.029096481042603012,0.03382609986909554,86.99872505123723,25.966227336690576,0.9615899668647959,0.00046527858719646806,0.036884644591611476,2265,0,4,daily_me_op,daily size characteristic,risk_averse_low_volatility,27,calibration,block,constant_equal_weight_public,0.036884644591611476
0.003658666141326135,0.0015166631147818523,0.005977500405967143,0.020175957074881075,0.02768121317950134,81.79537867532999,30.343385113146848,0.9638872500329669,0.0006160706401766005,0.03774635761589404,2265,0,4,daily_me_op,daily size characteristic,risk_averse_low_volatility,27,calibration,block,momentum_12,0.036884644591611476
0.0011026657108567017,-0.0011304537342378606,0.003841376772480051,0.028090511378264574,0.03743180618242532,91.86424891352613,25.469984581935346,0.95944183270926,0.0004981015452538633,0.031074392935982336,2265,0,4,daily_me_op,daily size characteristic,risk_averse_low_volatility,27,calibration,block,low_vol_12,0.036884644591611476
0.0008820194924907918,-0.0027257408050193497,0.004368316873445218,0.03894611345311795,0.05438407049259307,82.81281357621117,31.070474266630246,0.9634380514012313,0.0005762030905077263,0.03806313465783665,2265,0,4,daily_me_op,daily size characteristic,risk_averse_low_volatility,27,calibration,block,risk_adjusted_12,0.036884644591611476
-0.002141712729160291,-0.006657852814414023,0.0013437320527138058,0.04496883628710207,0.08268261059862093,97.89320610548195,28.060271396691103,0.9567800414545333,0.0006065695364238412,0.03743351876379691,2265,0,4,daily_me_op,daily size characteristic,risk_averse_low_volatility,27,calibration,block,ridge_return_train_only,0.036884644591611476
0.003005103967330306,0.0003991294100047375,0.006175105408041801,0.030463947658655142,0.03860198687646175,110.72183280171295,31.0864232634683,0.9611229519656906,0.0003962780898876405,0.03857907303370787,2848,0,4,daily_me_op,daily size characteristic,risk_averse_low_volatility,27,test,iid,constant_a000,0.036884644591611476
-0.001676318385405257,-0.004474712713820033,0.0019009202747546782,0.03140531327329995,0.03271568914686324,96.86219905187342,28.64403827166389,0.9659893964003253,0.0005180828651685394,0.030657022471910114,2848,0,4,daily_me_op,daily size characteristic,risk_averse_low_volatility,27,test,iid,constant_a001,0.036884644591611476
0.0019353669750112694,-0.0019054689797655489,0.005692350758421278,0.028856006602514663,0.04011625048715039,114.72226502031481,29.03888473409801,0.9597183058215186,0.0005845505617977528,0.030667977528089887,2848,0,4,daily_me_op,daily size characteristic,risk_averse_low_volatility,27,test,iid,constant_a002,0.036884644591611476
0.0015527059196668155,-0.001300285467219623,0.00450110693555154,0.027054996798387066,0.032680894375964706,104.00793770275695,49.97367444847591,0.9634803589526837,0.000689817415730337,0.039128651685393256,2848,0,4,daily_me_op,daily size characteristic,risk_averse_low_volatility,27,test,iid,constant_a003,0.036884644591611476
0.0015463434086398994,-0.0008994583153331211,0.0037798607505918876,0.02511494838610892,0.028885828801056626,111.78791017066153,32.88873439446851,0.9607486270468183,0.0003732443820224719,0.03620463483146068,2848,0,4,daily_me_op,daily size characteristic,risk_averse_low_volatility,27,test,iid,constant_a004,0.036884644591611476
-0.0013315387890905693,-0.004415112676722352,0.002772971579930121,0.03479256088686357,0.04255873623843767,101.76989577036012,32.055813608281525,0.9642661882828791,0.0004969803370786517,0.04001446629213483,2848,0,4,daily_me_op,daily size characteristic,risk_averse_low_volatility,27,test,iid,constant_a005,0.036884644591611476
5.285742161451858e-06,-0.0026849508394372556,0.0035047944357722285,0.02755346013543462,0.03060166793049871,105.88326941200826,29.71896036779746,0.9628218857401656,0.000506179775280899,0.03197050561797753,2848,0,4,daily_me_op,daily size characteristic,risk_averse_low_volatility,27,test,iid,constant_a006,0.036884644591611476
0.0026023007132857275,-0.00033367800117528037,0.005849901778399605,0.027137585416870353,0.03221765820076009,125.86159738483875,28.752040459012196,0.9558070233901549,0.0005496839887640451,0.03202626404494382,2848,0,4,daily_me_op,daily size characteristic,risk_averse_low_volatility,27,test,iid,constant_a007,0.036884644591611476
0.000426649080011553,-0.003615698083030752,0.0036724857978163604,0.039298199429247754,0.05324364135208386,110.88878332281772,28.86746342669717,0.9610643316984488,0.0004826896067415731,0.03332331460674158,2848,0,4,daily_me_op,daily size characteristic,risk_averse_low_volatility,27,test,iid,constant_a008,0.036884644591611476
0.002118230375771576,-0.0005644265480862443,0.0049535509606876615,0.031273064506210584,0.041190159871992135,102.91775509297884,28.67738009518709,0.9638631477903866,0.0004806179775280899,0.0354438202247191,2848,0,4,daily_me_op,daily size characteristic,risk_averse_low_volatility,27,test,iid,constant_a009,0.036884644591611476
0.0029903732445608062,-0.0014379536416639404,0.006887372855774471,0.03405913265049875,0.03583633033828526,107.69557254232623,32.45562129728038,0.9621855433489023,0.0005072331460674157,0.03976390449438202,2848,0,4,daily_me_op,daily size characteristic,risk_averse_low_volatility,27,test,iid,constant_a010,0.036884644591611476
4.0184477421280264e-05,-0.004215422128670467,0.0030633766047236314,0.042196007117853415,0.06759211056669778,102.88329521815817,30.032587746930908,0.9638752474655343,0.0004511235955056179,0.03151390449438202,2848,0,4,daily_me_op,daily size characteristic,risk_averse_low_volatility,27,test,iid,constant_a011,0.036884644591611476
0.0006959602606469657,-0.0032941735706399633,0.0034761621130609544,0.04415451434526876,0.07389367804862881,120.89503575522808,29.263853074460645,0.9575509003668441,0.0005087078651685394,0.032783988764044945,2848,0,4,daily_me_op,daily size characteristic,risk_averse_low_volatility,27,test,iid,constant_a012,0.036884644591611476
-0.002313218059861845,-0.005861541054779416,0.0013919650121984727,0.061644912041870926,0.0970628710391156,96.94235377732156,28.964667368417466,0.9659612521849292,0.0005538623595505618,0.03227443820224719,2848,0,4,daily_me_op,daily size characteristic,risk_averse_low_volatility,27,test,iid,constant_a013,0.036884644591611476
0.0005288847121283062,-0.002572871724267969,0.0034051436110977885,0.040976740239698724,0.07585282941844772,104.89661515708545,29.652126825902414,0.9631683233296751,0.000419066011235955,0.03335842696629214,2848,0,4,daily_me_op,daily size characteristic,risk_averse_low_volatility,27,test,iid,constant_a014,0.036884644591611476
0.0019392256504309978,-0.0006896318229208164,0.004612350635764883,0.02999682213829496,0.03964529031723273,92.65965538144934,34.02750779343334,0.9674650086441541,0.0005329705056179775,0.03754929775280899,2848,0,4,daily_me_op,daily size characteristic,risk_averse_low_volatility,27,test,iid,constant_a015,0.036884644591611476
0.00047215383077020133,-0.0014160028137532026,0.003162783469441954,0.023686095183890133,0.02679025882030895,114.92960659613988,26.407953532887777,0.9596455033019172,0.0004458216292134831,0.029966853932584265,2848,0,4,daily_me_op,daily size characteristic,risk_averse_low_volatility,27,test,iid,constant_a016,0.036884644591611476
-0.001931885654192678,-0.0048374156989617065,0.00037365741077230273,0.03025528480901784,0.04601954544422076,105.95260301754448,26.877452640765846,0.9627975410753004,0.0005253511235955056,0.02912837078651686,2848,0,4,daily_me_op,daily size characteristic,risk_averse_low_volatility,27,test,iid,constant_a017,0.036884644591611476
0.000787853068471496,-0.002186748173473861,0.004587346293604522,0.03928762850634624,0.062096093708427016,107.9455651780593,26.387066815064905,0.9620977650357938,0.0005296348314606743,0.0289566011235955,2848,0,4,daily_me_op,daily size characteristic,risk_averse_low_volatility,27,test,iid,constant_a018,0.036884644591611476
0.00039008510173005914,-0.0023362142606069996,0.0030254141787909037,0.024557291497245975,0.03397103592196619,110.88140312788698,26.870317318511862,0.9610669230590284,0.00048683286516853927,0.02873441011235955,2848,0,4,daily_me_op,daily size characteristic,risk_averse_low_volatility,27,test,iid,constant_a019,0.036884644591611476
0.0022864766212258776,-0.0004859811351480266,0.004686218470959837,0.02566410686902705,0.030804147885890875,109.43446338557773,32.888239270977714,0.961574977743828,0.0004640800561797754,0.037429634831460674,2848,0,4,daily_me_op,daily size characteristic,risk_averse_low_volatility,27,test,iid,constant_a020,0.036884644591611476
0.0005257824591242261,-0.0015926122716899132,0.0027812486257837708,0.028955617246625244,0.03637356559081023,120.86619805049826,26.996866837538292,0.9575610259654149,0.0005357092696629213,0.029238483146067418,2848,0,4,daily_me_op,daily size characteristic,risk_averse_low_volatility,27,test,iid,constant_a021,0.036884644591611476
0.00023415489779431722,-0.002001505814192851,0.0027249506136111765,0.028980003917388104,0.03194558817035148,97.81437671357457,27.298019569819157,0.9656550643561888,0.000558251404494382,0.02764115168539326,2848,0,4,daily_me_op,daily size characteristic,risk_averse_low_volatility,27,test,iid,constant_a022,0.036884644591611476
0.00033238048567544014,-0.0016112156363600628,0.0027684375221432057,0.020429486716572322,0.025991189609886854,123.66837021504575,27.366533455302022,0.9565771171997732,0.0006573033707865169,0.028800421348314606,2848,0,4,daily_me_op,daily size characteristic,risk_averse_low_volatility,27,test,iid,constant_a023,0.036884644591611476
0.001253657989241445,-0.0007505026843346771,0.003273825848521391,0.031706133462976516,0.04040161832136649,121.76720399103492,27.24721831141377,0.9572446615200018,0.0006134831460674157,0.02737092696629214,2848,0,4,daily_me_op,daily size characteristic,risk_averse_low_volatility,27,test,iid,constant_a024,0.036884644591611476
-0.0013148207590135627,-0.003965010964451637,0.0010517842093384377,0.030141817502963127,0.039162394481540325,117.99188536051527,25.927566211688394,0.9585702649717291,0.0005147022471910111,0.030364893258426964,2848,0,4,daily_me_op,daily size characteristic,risk_averse_low_volatility,27,test,iid,constant_equal_weight_public,0.036884644591611476
-0.0017364093340072684,-0.004408385605020903,0.0010353702668157482,0.03648649811688347,0.04209516669746198,119.60753407549342,30.21055454292511,0.958002972585852,0.0005490519662921348,0.039553370786516856,2848,0,4,daily_me_op,daily size characteristic,risk_averse_low_volatility,27,test,iid,momentum_12,0.036884644591611476
0.0013418722417353004,-0.001157738055763762,0.0032980576244144386,0.025984587451955452,0.03826266545651909,135.8012082202851,25.41882604702111,0.9523169914956864,0.0004874002808988763,0.026351544943820224,2848,0,4,daily_me_op,daily size characteristic,risk_averse_low_volatility,27,test,iid,low_vol_12,0.036884644591611476
-0.0022057410770682457,-0.005284083933510156,0.0005187687409666943,0.03783257824045445,0.04304598731169915,132.49202292623306,32.888239270977714,0.9534789245343283,0.0007221207865168541,0.0337123595505618,2848,0,4,daily_me_op,daily size characteristic,risk_averse_low_volatility,27,test,iid,risk_adjusted_12,0.036884644591611476
-0.0020736501763004085,-0.007045912617938004,0.0018401441405483502,0.04584558197836305,0.06798680382991695,110.51674986192046,32.45562129728038,0.9611949614248875,0.0005863426966292135,0.03401477528089888,2848,0,4,daily_me_op,daily size characteristic,risk_averse_low_volatility,27,test,iid,ridge_return_train_only,0.036884644591611476
0.003005103967330306,0.0001787507762092438,0.00660832652166448,0.030463947658655142,0.03730878331639245,110.72183280171295,31.0864232634683,0.9611229519656906,0.0003962780898876405,0.03857907303370787,2848,0,4,daily_me_op,daily size characteristic,risk_averse_low_volatility,27,test,block,constant_a000,0.036884644591611476
-0.001676318385405257,-0.005098524190083439,0.0015358882756713367,0.03140531327329995,0.03309596293264714,96.86219905187342,28.64403827166389,0.9659893964003253,0.0005180828651685394,0.030657022471910114,2848,0,4,daily_me_op,daily size characteristic,risk_averse_low_volatility,27,test,block,constant_a001,0.036884644591611476
0.0019353669750112694,-0.0019318319557239776,0.007131177161165983,0.028856006602514663,0.03835188105951083,114.72226502031481,29.03888473409801,0.9597183058215186,0.0005845505617977528,0.030667977528089887,2848,0,4,daily_me_op,daily size characteristic,risk_averse_low_volatility,27,test,block,constant_a002,0.036884644591611476
0.0015527059196668155,-0.0007852953020642943,0.004309285271489738,0.027054996798387066,0.03290812337349512,104.00793770275695,49.97367444847591,0.9634803589526837,0.000689817415730337,0.039128651685393256,2848,0,4,daily_me_op,daily size characteristic,risk_averse_low_volatility,27,test,block,constant_a003,0.036884644591611476
0.0015463434086398994,-0.0006561877877692954,0.003982220563352846,0.02511494838610892,0.029570733918531444,111.78791017066153,32.88873439446851,0.9607486270468183,0.0003732443820224719,0.03620463483146068,2848,0,4,daily_me_op,daily size characteristic,risk_averse_low_volatility,27,test,block,constant_a004,0.036884644591611476
-0.0013315387890905693,-0.004580877841690694,0.0024464543215644815,0.03479256088686357,0.04330337123172341,101.76989577036012,32.055813608281525,0.9642661882828791,0.0004969803370786517,0.04001446629213483,2848,0,4,daily_me_op,daily size characteristic,risk_averse_low_volatility,27,test,block,constant_a005,0.036884644591611476
5.285742161451858e-06,-0.003501858800223182,0.002918999108438015,0.02755346013543462,0.030360823014034966,105.88326941200826,29.71896036779746,0.9628218857401656,0.000506179775280899,0.03197050561797753,2848,0,4,daily_me_op,daily size characteristic,risk_averse_low_volatility,27,test,block,constant_a006,0.036884644591611476
0.0026023007132857275,-0.0008627629847582633,0.005839089756276762,0.027137585416870353,0.03260987606970289,125.86159738483875,28.752040459012196,0.9558070233901549,0.0005496839887640451,0.03202626404494382,2848,0,4,daily_me_op,daily size characteristic,risk_averse_low_volatility,27,test,block,constant_a007,0.036884644591611476
0.000426649080011553,-0.0030216471975201904,0.0038446738242303782,0.039298199429247754,0.05984159940047018,110.88878332281772,28.86746342669717,0.9610643316984488,0.0004826896067415731,0.03332331460674158,2848,0,4,daily_me_op,daily size characteristic,risk_averse_low_volatility,27,test,block,constant_a008,0.036884644591611476
0.002118230375771576,-0.0012154439998733784,0.004762377611260137,0.031273064506210584,0.04120077038683494,102.91775509297884,28.67738009518709,0.9638631477903866,0.0004806179775280899,0.0354438202247191,2848,0,4,daily_me_op,daily size characteristic,risk_averse_low_volatility,27,test,block,constant_a009,0.036884644591611476
0.0029903732445608062,-0.0013581444955841535,0.006545864724650192,0.03405913265049875,0.03581288735153886,107.69557254232623,32.45562129728038,0.9621855433489023,0.0005072331460674157,0.03976390449438202,2848,0,4,daily_me_op,daily size characteristic,risk_averse_low_volatility,27,test,block,constant_a010,0.036884644591611476
4.0184477421280264e-05,-0.0036143371884139984,0.0029402296664145077,0.042196007117853415,0.05973868246341365,102.88329521815817,30.032587746930908,0.9638752474655343,0.0004511235955056179,0.03151390449438202,2848,0,4,daily_me_op,daily size characteristic,risk_averse_low_volatility,27,test,block,constant_a011,0.036884644591611476
0.0006959602606469657,-0.0031995972226521218,0.0032701625301818364,0.04415451434526876,0.0713570465958475,120.89503575522808,29.263853074460645,0.9575509003668441,0.0005087078651685394,0.032783988764044945,2848,0,4,daily_me_op,daily size characteristic,risk_averse_low_volatility,27,test,block,constant_a012,0.036884644591611476
-0.002313218059861845,-0.007234422706530999,0.0013643024361856028,0.061644912041870926,0.10476419463330666,96.94235377732156,28.964667368417466,0.9659612521849292,0.0005538623595505618,0.03227443820224719,2848,0,4,daily_me_op,daily size characteristic,risk_averse_low_volatility,27,test,block,constant_a013,0.036884644591611476
0.0005288847121283062,-0.003235508143246075,0.0034959966583717364,0.040976740239698724,0.0818565049653294,104.89661515708545,29.652126825902414,0.9631683233296751,0.000419066011235955,0.03335842696629214,2848,0,4,daily_me_op,daily size characteristic,risk_averse_low_volatility,27,test,block,constant_a014,0.036884644591611476
0.0019392256504309978,-0.0007149939784017375,0.004803567768306733,0.02999682213829496,0.03914659265690789,92.65965538144934,34.02750779343334,0.9674650086441541,0.0005329705056179775,0.03754929775280899,2848,0,4,daily_me_op,daily size characteristic,risk_averse_low_volatility,27,test,block,constant_a015,0.036884644591611476
0.00047215383077020133,-0.0017873169861095737,0.002944203400435284,0.023686095183890133,0.02674711899617075,114.92960659613988,26.407953532887777,0.9596455033019172,0.0004458216292134831,0.029966853932584265,2848,0,4,daily_me_op,daily size characteristic,risk_averse_low_volatility,27,test,block,constant_a016,0.036884644591611476
-0.001931885654192678,-0.004763320972094171,0.0008088983754163652,0.03025528480901784,0.04508762243158784,105.95260301754448,26.877452640765846,0.9627975410753004,0.0005253511235955056,0.02912837078651686,2848,0,4,daily_me_op,daily size characteristic,risk_averse_low_volatility,27,test,block,constant_a017,0.036884644591611476
0.000787853068471496,-0.0018836621482714254,0.00400537203978073,0.03928762850634624,0.06493725070257553,107.9455651780593,26.387066815064905,0.9620977650357938,0.0005296348314606743,0.0289566011235955,2848,0,4,daily_me_op,daily size characteristic,risk_averse_low_volatility,27,test,block,constant_a018,0.036884644591611476
0.00039008510173005914,-0.001821768985862637,0.002887066752563963,0.024557291497245975,0.03354292931680868,110.88140312788698,26.870317318511862,0.9610669230590284,0.00048683286516853927,0.02873441011235955,2848,0,4,daily_me_op,daily size characteristic,risk_averse_low_volatility,27,test,block,constant_a019,0.036884644591611476
0.0022864766212258776,-0.00045832756702282346,0.005504327079563906,0.02566410686902705,0.030014443629489598,109.43446338557773,32.888239270977714,0.961574977743828,0.0004640800561797754,0.037429634831460674,2848,0,4,daily_me_op,daily size characteristic,risk_averse_low_volatility,27,test,block,constant_a020,0.036884644591611476
0.0005257824591242261,-0.001714052907911635,0.0024924326979815594,0.028955617246625244,0.03632917615843315,120.86619805049826,26.996866837538292,0.9575610259654149,0.0005357092696629213,0.029238483146067418,2848,0,4,daily_me_op,daily size characteristic,risk_averse_low_volatility,27,test,block,constant_a021,0.036884644591611476
0.00023415489779431722,-0.00194786944643135,0.0030159807369609525,0.028980003917388104,0.032274930600714166,97.81437671357457,27.298019569819157,0.9656550643561888,0.000558251404494382,0.02764115168539326,2848,0,4,daily_me_op,daily size characteristic,risk_averse_low_volatility,27,test,block,constant_a022,0.036884644591611476
0.00033238048567544014,-0.001353654070576168,0.002247427839786578,0.020429486716572322,0.02670218260526513,123.66837021504575,27.366533455302022,0.9565771171997732,0.0006573033707865169,0.028800421348314606,2848,0,4,daily_me_op,daily size characteristic,risk_averse_low_volatility,27,test,block,constant_a023,0.036884644591611476
0.001253657989241445,-0.0005501001507130626,0.0036073848153707084,0.031706133462976516,0.04334981046131362,121.76720399103492,27.24721831141377,0.9572446615200018,0.0006134831460674157,0.02737092696629214,2848,0,4,daily_me_op,daily size characteristic,risk_averse_low_volatility,27,test,block,constant_a024,0.036884644591611476
-0.0013148207590135627,-0.003601152912525484,0.0009599110277226613,0.030141817502963127,0.038439090098766976,117.99188536051527,25.927566211688394,0.9585702649717291,0.0005147022471910111,0.030364893258426964,2848,0,4,daily_me_op,daily size characteristic,risk_averse_low_volatility,27,test,block,constant_equal_weight_public,0.036884644591611476
-0.0017364093340072684,-0.004775877535824301,0.0010146449838174011,0.03648649811688347,0.042988515824264675,119.60753407549342,30.21055454292511,0.958002972585852,0.0005490519662921348,0.039553370786516856,2848,0,4,daily_me_op,daily size characteristic,risk_averse_low_volatility,27,test,block,momentum_12,0.036884644591611476
0.0013418722417353004,-0.0004933773669742218,0.003288421156361575,0.025984587451955452,0.039847537140604836,135.8012082202851,25.41882604702111,0.9523169914956864,0.0004874002808988763,0.026351544943820224,2848,0,4,daily_me_op,daily size characteristic,risk_averse_low_volatility,27,test,block,low_vol_12,0.036884644591611476
-0.0022057410770682457,-0.005493877869219041,0.0005223606392648839,0.03783257824045445,0.043522881914017215,132.49202292623306,32.888239270977714,0.9534789245343283,0.0007221207865168541,0.0337123595505618,2848,0,4,daily_me_op,daily size characteristic,risk_averse_low_volatility,27,test,block,risk_adjusted_12,0.036884644591611476
-0.0020736501763004085,-0.006493784717952788,0.0017712221153613427,0.04584558197836305,0.059377388311400554,110.51674986192046,32.45562129728038,0.9611949614248875,0.0005863426966292135,0.03401477528089888,2848,0,4,daily_me_op,daily size characteristic,risk_averse_low_volatility,27,test,block,ridge_return_train_only,0.036884644591611476
-0.010618553269217979,-0.0735329669212445,0.0396013090567955,0.036939517345399714,0.03752109826589601,2.1631321370309973,1299.9999999999998,0.9990449747739377,0.00030348785871964673,0.0393766004415011,2265,0,1,daily_me_op,daily size characteristic,return_seeking_recent_winner,7,calibration,iid,constant_a000,0.036884644591611476
-0.024328540593237583,-0.08154009187994,0.011779095518955077,0.013772596977722394,0.01383546541861675,5.069230351878742,1299.9999999999998,0.9977619292044686,0.00045673289183222954,0.03845033112582781,2265,0,2,daily_me_op,daily size characteristic,return_seeking_recent_winner,7,calibration,iid,constant_a001,0.036884644591611476
0.0008536852653286453,-0.001110655762241662,0.004545531039548536,0.004460551826994784,0.03762063492063493,1.1061640865330504,1299.9999999999998,0.999511627334864,0.00042763796909492266,0.03839094922737307,2265,0,0,daily_me_op,daily size characteristic,return_seeking_recent_winner,7,calibration,iid,constant_a002,0.036884644591611476
0.004104679314172289,0.0038788210338129986,0.004305680956629555,0.03016923076923077,0.03614761904761905,129.9999999999993,1.0196078431372548,0.9426048565121415,0.00047395143487858726,0.03862604856512141,2265,0,4,daily_me_op,daily size characteristic,return_seeking_recent_winner,7,calibration,iid,constant_a003,0.036884644591611476
-0.037195060447032045,-0.11455919342715341,0.012385368811698256,0.06040000000000001,0.06040000000000001,4.269379388678738,1299.9999999999998,0.998115064287559,0.0004247682119205297,0.04078388520971302,2265,0,1,daily_me_op,daily size characteristic,return_seeking_recent_winner,7,calibration,iid,constant_a004,0.036884644591611476
-0.013829667770444667,-0.05124141792999195,0.00033611161305279716,0.02495807892777365,0.02582086330935252,2.2189294042602086,1299.9999999999998,0.9990203402188697,0.0004983664459161148,0.04207969094922737,2265,0,1,daily_me_op,daily size characteristic,return_seeking_recent_winner,7,calibration,iid,constant_a005,0.036884644591611476
0.017168308964863953,0.009346562148352004,0.03203457952954902,-0.007488416988417008,0.0662,1.031605916420867,1299.9999999999998,0.9995445448492624,0.0004000000000000001,0.03936004415011037,2265,0,0,daily_me_op,daily size characteristic,return_seeking_recent_winner,7,calibration,iid,constant_a006,0.036884644591611476
0.0026559929991316826,-0.014505039289057465,0.037637921643620384,0.006902949165696542,0.043000000000000003,2.0425602001921095,1299.9999999999998,0.9990982074171337,0.0005164238410596026,0.03821633554083886,2265,0,1,daily_me_op,daily size characteristic,return_seeking_recent_winner,7,calibration,iid,constant_a007,0.036884644591611476
-0.002595409573238471,-0.002827189000548567,-0.0023729340707224476,0.029123809523809524,0.03511578947368421,83.99999999999955,1.0196078431372548,0.9629139072847684,0.000591523178807947,0.03958874172185431,2265,0,4,daily_me_op,daily size characteristic,return_seeking_recent_winner,7,calibration,iid,constant_a008,0.036884644591611476
0.021670952029698314,-0.011275299260609021,0.07389713919125168,0.013304017692591236,0.03541970802919709,2.2637447165278597,1299.9999999999998,0.9990005542090384,0.0006415011037527594,0.04022317880794702,2265,0,1,daily_me_op,daily size characteristic,return_seeking_recent_winner,7,calibration,iid,constant_a009,0.036884644591611476
-4.858614698892057e-05,-0.0004031570116200287,0.00023890638572505253,0.03338181818181818,0.037460869565217395,109.99999999999933,1.0196078431372548,0.9514348785871968,0.0004702428256070641,0.04091456953642385,2265,0,4,daily_me_op,daily size characteristic,return_seeking_recent_winner,7,calibration,iid,constant_a010,0.036884644591611476
0.006071254750791201,0.005736620217601548,0.006359589105605903,0.029618181818181818,0.031200000000000002,21.999999999999993,1.0196078431372548,0.9902869757174393,0.0005049448123620308,0.03691633554083885,2265,0,3,daily_me_op,daily size characteristic,return_seeking_recent_winner,7,calibration,iid,constant_a011,0.036884644591611476
0.01201377182517547,-3.364168696272886e-05,0.03188858608046658,0.009586222910216713,0.04675555555555555,2.053667412628365,1299.9999999999998,0.9990933035705835,0.0005502428256070641,0.03507041942604857,2265,0,1,daily_me_op,daily size characteristic,return_seeking_recent_winner,7,calibration,iid,constant_a012,0.036884644591611476
-0.004464523180601469,-0.01599189421517507,0.002492048475881143,0.01017467430953622,0.011610705973622982,3.0204187588478546,1299.9999999999998,0.9986664817841732,0.0005137748344370861,0.036443487858719655,2265,0,1,daily_me_op,daily size characteristic,return_seeking_recent_winner,7,calibration,iid,constant_a013,0.036884644591611476
-0.009017245824833618,-0.048093853361677256,0.006597204421737868,0.016300219138056963,0.018722222222222223,2.3056395354916814,1299.9999999999998,0.9989820576002244,0.000672671081677704,0.03833708609271524,2265,0,1,daily_me_op,daily size characteristic,return_seeking_recent_winner,7,calibration,iid,constant_a014,0.036884644591611476
-0.010675565248648941,-0.04522106623712031,0.008262962682444032,0.02640912307303512,0.040341258741258754,3.2105447049799247,1299.9999999999998,0.9985825409691038,0.0004266225165562914,0.042104856512141284,2265,0,1,daily_me_op,daily size characteristic,return_seeking_recent_winner,7,calibration,iid,constant_a015,0.036884644591611476
0.05383695236293966,0.0007196389292692488,0.1598953212064318,0.004977685088633994,0.005109296286678786,6.034545814685845,1299.9999999999998,0.9973357413621696,0.0004412362030905077,0.037138410596026496,2265,0,2,daily_me_op,daily size characteristic,return_seeking_recent_winner,7,calibration,iid,constant_a016,0.036884644591611476
-0.008312657576524043,-0.023884788114711113,-5.433918877453174e-05,0.014609302325581386,0.03903333333333334,2.0473167490957405,1299.9999999999998,0.9990961073955427,0.00043708609271523176,0.03571677704194261,2265,0,1,daily_me_op,daily size characteristic,return_seeking_recent_winner,7,calibration,iid,constant_a017,0.036884644591611476
-0.0028256999673563904,-0.003074790122461466,-0.0025595343838959853,0.01198181818181818,0.0121,21.999999999999993,1.0196078431372548,0.9902869757174393,0.0004893156732891833,0.03461456953642384,2265,0,3,daily_me_op,daily size characteristic,return_seeking_recent_winner,7,calibration,iid,constant_a018,0.036884644591611476
0.01808535675345228,0.0025728819629521026,0.04838428014987069,-0.003106172839506172,0.040100000000000004,2.0663982195385704,1299.9999999999998,0.9990876829052809,0.0005333333333333335,0.03605783664459162,2265,0,1,daily_me_op,daily size characteristic,return_seeking_recent_winner,7,calibration,iid,constant_a019,0.036884644591611476
-0.004429650362107079,-0.01974255104313668,0.0043210588858150194,0.017317844136926445,0.05420281690140845,2.319126936138557,1299.9999999999998,0.998976102897952,0.00028900662251655633,0.046241501103752754,2265,0,1,daily_me_op,daily size characteristic,return_seeking_recent_winner,7,calibration,iid,constant_a020,0.036884644591611476
0.005985767693902555,0.000660108034757151,0.016375552696408408,-0.008345960572091218,0.02624193548387097,2.0584368590038333,1299.9999999999998,0.9990911978547444,0.00029668874172185427,0.03527350993377483,2265,0,1,daily_me_op,daily size characteristic,return_seeking_recent_winner,7,calibration,iid,constant_a021,0.036884644591611476
-0.00023431732153216016,-0.010780849155816627,0.009326254167685278,0.005889024390243902,0.02484242424242425,2.117714506459523,1299.9999999999998,0.9990650267079649,0.00039487858719646797,0.03427064017660044,2265,0,1,daily_me_op,daily size characteristic,return_seeking_recent_winner,7,calibration,iid,constant_a022,0.036884644591611476
0.007745218972900747,-0.0018692072338886473,0.02680642790619413,0.009013733905579396,0.05857966101694916,1.2021567918275202,1299.9999999999998,0.9994692464495243,0.00040044150110375275,0.030308830022075055,2265,0,0,daily_me_op,daily size characteristic,return_seeking_recent_winner,7,calibration,iid,constant_a023,0.036884644591611476
0.0005654260508480352,-0.0010623442288325538,0.001571323693213274,0.01798871181938912,0.05749827586206896,1.3949796291922556,1299.9999999999998,0.999384114953999,0.0004770860927152318,0.031186534216335538,2265,0,0,daily_me_op,daily size characteristic,return_seeking_recent_winner,7,calibration,iid,constant_a024,0.036884644591611476
0.0031091583345781984,0.0008960037593984952,0.007535467484937509,-0.004752,inf,1.0,1299.9999999999998,0.9995584988962473,0.00046527858719646806,0.036884644591611476,2265,72,0,daily_me_op,daily size characteristic,return_seeking_recent_winner,7,calibration,iid,constant_equal_weight_public,0.036884644591611476
0.0005428055088785154,-9.813650245641465e-05,0.0011606126342140301,0.037947677041046526,0.04123985507246401,2216.999999999984,1.0196078431372548,0.021192052980139486,0.0006160706401766005,0.03774635761589404,2265,0,4,daily_me_op,daily size characteristic,return_seeking_recent_winner,7,calibration,iid,momentum_12,0.036884644591611476
-0.0006495992784372133,-0.0022096559357152996,0.000363599578739929,0.009810791366906475,0.05848965517241381,1.18844341653647,1299.9999999999998,0.9994753009198515,0.0004981015452538633,0.031074392935982336,2265,0,0,daily_me_op,daily size characteristic,return_seeking_recent_winner,7,calibration,iid,low_vol_12,0.036884644591611476
0.0007747751677449283,0.0002476143041467723,0.0012527355283636834,0.0398594594594595,0.04404112426035519,1294.9999999999923,1.0196078431372548,0.42825607064018,0.0005762030905077263,0.03806313465783665,2265,0,4,daily_me_op,daily size characteristic,return_seeking_recent_winner,7,calibration,iid,risk_adjusted_12,0.036884644591611476
0.012105993719498796,0.011539711065218396,0.012632599780525491,0.04863953488372093,0.0662,42.999999999999886,1.0196078431372548,0.9810154525386314,0.0004391275938189846,0.03871655629139072,2265,0,3,daily_me_op,daily size characteristic,return_seeking_recent_winner,7,calibration,iid,ridge_return_train_only,0.036884644591611476
-0.010618553269217979,-0.07316378093179356,0.027751764474243303,0.036939517345399714,0.03718884917798432,2.1631321370309973,1299.9999999999998,0.9990449747739377,0.00030348785871964673,0.0393766004415011,2265,0,1,daily_me_op,daily size characteristic,return_seeking_recent_winner,7,calibration,block,constant_a000,0.036884644591611476
-0.024328540593237583,-0.09865922539092085,0.009283970015589593,0.013772596977722394,0.013959900038446764,5.069230351878742,1299.9999999999998,0.9977619292044686,0.00045673289183222954,0.03845033112582781,2265,0,2,daily_me_op,daily size characteristic,return_seeking_recent_winner,7,calibration,block,constant_a001,0.036884644591611476
0.0008536852653286453,-0.0013140195826590784,0.00503206054874417,0.004460551826994784,0.03877272727272728,1.1061640865330504,1299.9999999999998,0.999511627334864,0.00042763796909492266,0.03839094922737307,2265,0,0,daily_me_op,daily size characteristic,return_seeking_recent_winner,7,calibration,block,constant_a002,0.036884644591611476
0.004104679314172289,0.003600431801867302,0.004830250445185245,0.03016923076923077,0.03888873239436621,129.9999999999993,1.0196078431372548,0.9426048565121415,0.00047395143487858726,0.03862604856512141,2265,0,4,daily_me_op,daily size characteristic,return_seeking_recent_winner,7,calibration,block,constant_a003,0.036884644591611476
-0.037195060447032045,-0.1139565203210398,0.00831943628385374,0.06040000000000001,0.06040000000000001,4.269379388678738,1299.9999999999998,0.998115064287559,0.0004247682119205297,0.04078388520971302,2265,0,1,daily_me_op,daily size characteristic,return_seeking_recent_winner,7,calibration,block,constant_a004,0.036884644591611476
-0.013829667770444667,-0.040295679736757725,0.0002620305149931162,0.02495807892777365,0.02514410540915398,2.2189294042602086,1299.9999999999998,0.9990203402188697,0.0004983664459161148,0.04207969094922737,2265,0,1,daily_me_op,daily size characteristic,return_seeking_recent_winner,7,calibration,block,constant_a005,0.036884644591611476
0.017168308964863953,0.008424598687370399,0.03221321664160367,-0.007488416988417008,0.0662,1.031605916420867,1299.9999999999998,0.9995445448492624,0.0004000000000000001,0.03936004415011037,2265,0,0,daily_me_op,daily size characteristic,return_seeking_recent_winner,7,calibration,block,constant_a006,0.036884644591611476
0.0026559929991316826,-0.013238491612282067,0.031203182427625847,0.006902949165696542,0.048263636363636356,2.0425602001921095,1299.9999999999998,0.9990982074171337,0.0005164238410596026,0.03821633554083886,2265,0,1,daily_me_op,daily size characteristic,return_seeking_recent_winner,7,calibration,block,constant_a007,0.036884644591611476
-0.002595409573238471,-0.0032626824611131297,-0.002047798498115854,0.029123809523809524,0.03488260869565218,83.99999999999955,1.0196078431372548,0.9629139072847684,0.000591523178807947,0.03958874172185431,2265,0,4,daily_me_op,daily size characteristic,return_seeking_recent_winner,7,calibration,block,constant_a008,0.036884644591611476
0.021670952029698314,-0.01797153660335382,0.08055192661099196,0.013304017692591236,0.03564,2.2637447165278597,1299.9999999999998,0.9990005542090384,0.0006415011037527594,0.04022317880794702,2265,0,1,daily_me_op,daily size characteristic,return_seeking_recent_winner,7,calibration,block,constant_a009,0.036884644591611476
-4.858614698892057e-05,-0.0004002973013483606,0.0002973669232226825,0.03338181818181818,0.03711204819277109,109.99999999999933,1.0196078431372548,0.9514348785871968,0.0004702428256070641,0.04091456953642385,2265,0,4,daily_me_op,daily size characteristic,return_seeking_recent_winner,7,calibration,block,constant_a010,0.036884644591611476
0.006071254750791201,0.005414154993995103,0.007008059013348085,0.029618181818181818,0.031200000000000002,21.999999999999993,1.0196078431372548,0.9902869757174393,0.0005049448123620308,0.03691633554083885,2265,0,3,daily_me_op,daily size characteristic,return_seeking_recent_winner,7,calibration,block,constant_a011,0.036884644591611476
0.01201377182517547,-0.0010151581012347074,0.03304773549035022,0.009586222910216713,0.05385217391304347,2.053667412628365,1299.9999999999998,0.9990933035705835,0.0005502428256070641,0.03507041942604857,2265,0,1,daily_me_op,daily size characteristic,return_seeking_recent_winner,7,calibration,block,constant_a012,0.036884644591611476
-0.004464523180601469,-0.015940960550150988,0.002428439946946207,0.01017467430953622,0.011236489607390316,3.0204187588478546,1299.9999999999998,0.9986664817841732,0.0005137748344370861,0.036443487858719655,2265,0,1,daily_me_op,daily size characteristic,return_seeking_recent_winner,7,calibration,block,constant_a013,0.036884644591611476
-0.009017245824833618,-0.03778643895487218,0.006566413899310588,0.016300219138056963,0.02161428571428571,2.3056395354916814,1299.9999999999998,0.9989820576002244,0.000672671081677704,0.03833708609271524,2265,0,1,daily_me_op,daily size characteristic,return_seeking_recent_winner,7,calibration,block,constant_a014,0.036884644591611476
-0.010675565248648941,-0.04507623099296608,0.008220677911607287,0.02640912307303512,0.04251744966442954,3.2105447049799247,1299.9999999999998,0.9985825409691038,0.0004266225165562914,0.042104856512141284,2265,0,1,daily_me_op,daily size characteristic,return_seeking_recent_winner,7,calibration,block,constant_a015,0.036884644591611476
0.05383695236293966,0.0017954301935966476,0.1462689199336683,0.004977685088633994,0.005095465207193122,6.034545814685845,1299.9999999999998,0.9973357413621696,0.0004412362030905077,0.037138410596026496,2265,0,2,daily_me_op,daily size characteristic,return_seeking_recent_winner,7,calibration,block,constant_a016,0.036884644591611476
-0.008312657576524043,-0.025389420123617855,3.9075853529784585e-05,0.014609302325581386,0.038382608695652166,2.0473167490957405,1299.9999999999998,0.9990961073955427,0.00043708609271523176,0.03571677704194261,2265,0,1,daily_me_op,daily size characteristic,return_seeking_recent_winner,7,calibration,block,constant_a017,0.036884644591611476
-0.0028256999673563904,-0.003945692872227866,-0.0020509198245632814,0.01198181818181818,0.0121,21.999999999999993,1.0196078431372548,0.9902869757174393,0.0004893156732891833,0.03461456953642384,2265,0,3,daily_me_op,daily size characteristic,return_seeking_recent_winner,7,calibration,block,constant_a018,0.036884644591611476
0.01808535675345228,0.0023761403641055097,0.048817522518104034,-0.003106172839506172,0.04882173913043479,2.0663982195385704,1299.9999999999998,0.9990876829052809,0.0005333333333333335,0.03605783664459162,2265,0,1,daily_me_op,daily size characteristic,return_seeking_recent_winner,7,calibration,block,constant_a019,0.036884644591611476
-0.004429650362107079,-0.01953568732953199,0.004393570912581907,0.017317844136926445,0.055249056603773564,2.319126936138557,1299.9999999999998,0.998976102897952,0.00028900662251655633,0.046241501103752754,2265,0,1,daily_me_op,daily size characteristic,return_seeking_recent_winner,7,calibration,block,constant_a020,0.036884644591611476
0.005985767693902555,0.0005563680848053523,0.021007887321945314,-0.008345960572091218,0.028500000000000004,2.0584368590038333,1299.9999999999998,0.9990911978547444,0.00029668874172185427,0.03527350993377483,2265,0,1,daily_me_op,daily size characteristic,return_seeking_recent_winner,7,calibration,block,constant_a021,0.036884644591611476
-0.00023431732153216016,-0.00809731968809938,0.00923217046803803,0.005889024390243902,0.02165061728395062,2.117714506459523,1299.9999999999998,0.9990650267079649,0.00039487858719646797,0.03427064017660044,2265,0,1,daily_me_op,daily size characteristic,return_seeking_recent_winner,7,calibration,block,constant_a022,0.036884644591611476
0.007745218972900747,-0.002023597363967245,0.026711739195013157,0.009013733905579396,0.062401886792452836,1.2021567918275202,1299.9999999999998,0.9994692464495243,0.00040044150110375275,0.030308830022075055,2265,0,0,daily_me_op,daily size characteristic,return_seeking_recent_winner,7,calibration,block,constant_a023,0.036884644591611476
0.0005654260508480352,-0.0011101639285077242,0.0018127846096551712,0.01798871181938912,0.06251486988847582,1.3949796291922556,1299.9999999999998,0.999384114953999,0.0004770860927152318,0.031186534216335538,2265,0,0,daily_me_op,daily size characteristic,return_seeking_recent_winner,7,calibration,block,constant_a024,0.036884644591611476
0.0031091583345781984,0.0008960037593984952,0.007535467484937507,-0.004752,inf,1.0,1299.9999999999998,0.9995584988962473,0.00046527858719646806,0.036884644591611476,2265,79,0,daily_me_op,daily size characteristic,return_seeking_recent_winner,7,calibration,block,constant_equal_weight_public,0.036884644591611476
0.0005428055088785154,-6.512126059990838e-05,0.0012049025123519537,0.037947677041046526,0.04400433800271151,2216.999999999984,1.0196078431372548,0.021192052980139486,0.0006160706401766005,0.03774635761589404,2265,0,4,daily_me_op,daily size characteristic,return_seeking_recent_winner,7,calibration,block,momentum_12,0.036884644591611476
-0.0006495992784372133,-0.002348930817719007,0.0004572808836199422,0.009810791366906475,0.05783584905660378,1.18844341653647,1299.9999999999998,0.9994753009198515,0.0004981015452538633,0.031074392935982336,2265,0,0,daily_me_op,daily size characteristic,return_seeking_recent_winner,7,calibration,block,low_vol_12,0.036884644591611476
0.0007747751677449283,0.00017626799015844013,0.0013920799304351964,0.0398594594594595,0.04778158295281604,1294.9999999999923,1.0196078431372548,0.42825607064018,0.0005762030905077263,0.03806313465783665,2265,0,4,daily_me_op,daily size characteristic,return_seeking_recent_winner,7,calibration,block,risk_adjusted_12,0.036884644591611476
0.012105993719498796,0.010330804319549238,0.014754190078112421,0.04863953488372093,0.0662,42.999999999999886,1.0196078431372548,0.9810154525386314,0.0004391275938189846,0.03871655629139072,2265,0,3,daily_me_op,daily size characteristic,return_seeking_recent_winner,7,calibration,block,ridge_return_train_only,0.036884644591611476
-0.0291398477707715,-0.06672033434614025,0.0020505239667360383,0.023006969865039743,0.023960153524075357,4.499175817712031,1299.9999999999998,0.998420233210073,0.0003962780898876405,0.03857907303370787,2848,0,1,daily_me_op,daily size characteristic,return_seeking_recent_winner,7,test,iid,constant_a000,0.036884644591611476
0.004509250379275252,0.0007354237498573948,0.015360795888446205,0.0012568215892054021,0.03462727272727273,1.0946506209078766,1299.9999999999998,0.9996156423381644,0.0005180828651685394,0.030657022471910114,2848,0,0,daily_me_op,daily size characteristic,return_seeking_recent_winner,7,test,iid,constant_a001,0.036884644591611476
0.0007769897779692453,-0.0013760270675899997,0.004278250194724786,0.007338748137108793,0.02358181818181818,2.215627560448093,1299.9999999999998,0.9992220408846741,0.0005845505617977528,0.030667977528089887,2848,0,1,daily_me_op,daily size characteristic,return_seeking_recent_winner,7,test,iid,constant_a002,0.036884644591611476
-0.0011475187735305928,-0.011704113856836954,0.002902631008142804,0.026187534626038785,0.1449535947712418,1.282533949565567,1299.9999999999998,0.9995496720682705,0.000689817415730337,0.039128651685393256,2848,0,0,daily_me_op,daily size characteristic,return_seeking_recent_winner,7,test,iid,constant_a003,0.036884644591611476
0.0013945129627289778,0.0011481363712931736,0.0016327647024283523,0.03433068783068782,0.040718749999999984,189.00000000000043,1.0196078431372548,0.9336376404494381,0.0003732443820224719,0.03620463483146068,2848,0,4,daily_me_op,daily size characteristic,return_seeking_recent_winner,7,test,iid,constant_a004,0.036884644591611476
0.011626148564006579,-0.005436829168044421,0.037726505243803554,0.009388241798746777,0.03644848484848485,2.263744716527859,1299.9999999999998,0.9992051458158259,0.0004969803370786517,0.04001446629213483,2848,0,1,daily_me_op,daily size characteristic,return_seeking_recent_winner,7,test,iid,constant_a005,0.036884644591611476
-0.004216951687644715,-0.0240173203067487,0.006054605981745532,0.007343295019157082,0.0274,1.0475931240023262,1299.9999999999998,0.9996321653356733,0.000506179775280899,0.03197050561797753,2848,0,0,daily_me_op,daily size characteristic,return_seeking_recent_winner,7,test,iid,constant_a006,0.036884644591611476
-0.015336395567769685,-0.03450318583825161,-0.004026754241335075,0.0246,0.024600000000000004,3.1171539829512263,1299.9999999999998,0.9989054936857615,0.0005496839887640451,0.03202626404494382,2848,0,1,daily_me_op,daily size characteristic,return_seeking_recent_winner,7,test,iid,constant_a007,0.036884644591611476
-0.025600377169602267,-0.06718406388795298,-0.0002300414625065219,0.0435,0.043500000000000004,4.086705148976061,1299.9999999999998,0.9985650613943202,0.0004826896067415731,0.03332331460674158,2848,0,1,daily_me_op,daily size characteristic,return_seeking_recent_winner,7,test,iid,constant_a008,0.036884644591611476
0.010813449039625871,-0.001110276498260102,0.030467171672088966,-0.004735060975609755,0.02984444444444445,2.11771450645952,1299.9999999999998,0.9992564204682375,0.0004806179775280899,0.0354438202247191,2848,0,1,daily_me_op,daily size characteristic,return_seeking_recent_winner,7,test,iid,constant_a009,0.036884644591611476
0.008893980435967345,-0.00511026571762855,0.03391129558119857,0.006162632154575272,0.03526938775510203,2.3140645553374224,1299.9999999999998,0.9991874773330978,0.0005072331460674157,0.03976390449438202,2848,0,1,daily_me_op,daily size characteristic,return_seeking_recent_winner,7,test,iid,constant_a010,0.036884644591611476
0.011293177446037956,0.0015034271515626896,0.027948643181370223,-0.0028122704181320823,-0.0020017014694508842,4.028273970175864,1299.9999999999998,0.9985855779599102,0.0004511235955056179,0.03151390449438202,2848,0,1,daily_me_op,daily size characteristic,return_seeking_recent_winner,7,test,iid,constant_a011,0.036884644591611476
-0.021931561026550705,-0.07153232319780897,0.0053494177066323425,0.042,0.042,3.0267153752840956,1299.9999999999998,0.9989372488148581,0.0005087078651685394,0.032783988764044945,2848,0,1,daily_me_op,daily size characteristic,return_seeking_recent_winner,7,test,iid,constant_a012,0.036884644591611476
-0.002651160241181249,-0.010388083463897465,0.0012821677012585717,0.011723420647149464,0.026000000000000002,1.036389181421809,1299.9999999999998,0.9996360993042761,0.0005538623595505618,0.03227443820224719,2848,0,0,daily_me_op,daily size characteristic,return_seeking_recent_winner,7,test,iid,constant_a013,0.036884644591611476
-0.005819420389120032,-0.05494237119787278,0.02697705806535934,0.03352158522508658,0.04060754716981132,2.0775699189770003,1299.9999999999998,0.9992705161801345,0.000419066011235955,0.03335842696629214,2848,0,1,daily_me_op,daily size characteristic,return_seeking_recent_winner,7,test,iid,constant_a014,0.036884644591611476
0.003490283329402058,-0.02751061163583249,0.037041804854602726,0.021350704225352107,0.022001796407185612,3.3581880778668207,1299.9999999999998,0.9988208609277153,0.0005329705056179775,0.03754929775280899,2848,0,1,daily_me_op,daily size characteristic,return_seeking_recent_winner,7,test,iid,constant_a015,0.036884644591611476
-0.0055247694126472945,-0.04277695830789958,0.021259365194498555,0.026600000000000002,0.026600000000000002,4.042448266650798,1299.9999999999998,0.9985806010299682,0.0004458216292134831,0.029966853932584265,2848,0,1,daily_me_op,daily size characteristic,return_seeking_recent_winner,7,test,iid,constant_a016,0.036884644591611476
-0.003653867501563872,-0.018714646553037957,0.004038192651613035,0.018690771558245094,0.023,1.075053270278384,1299.9999999999998,0.9996225234303798,0.0005253511235955056,0.02912837078651686,2848,0,0,daily_me_op,daily size characteristic,return_seeking_recent_winner,7,test,iid,constant_a017,0.036884644591611476
0.0058114001696551836,-0.0005126657620030615,0.01605245527817838,-0.0034285824941905504,0.024383870967741937,2.050490852531401,1299.9999999999998,0.9992800242793078,0.0005296348314606743,0.0289566011235955,2848,0,1,daily_me_op,daily size characteristic,return_seeking_recent_winner,7,test,iid,constant_a018,0.036884644591611476
-0.005386321252981178,-0.018409890547405664,0.003252229573812614,0.01218767833981842,0.012771264367816107,3.047224622993474,1299.9999999999998,0.9989300475340612,0.00048683286516853927,0.02873441011235955,2848,0,1,daily_me_op,daily size characteristic,return_seeking_recent_winner,7,test,iid,constant_a019,0.036884644591611476
0.008621094160645694,-0.004169989654201576,0.031386282133706304,0.011716487455197138,0.03871785714285714,2.3940101307400328,1299.9999999999998,0.9991594065552177,0.0004640800561797754,0.037429634831460674,2848,0,1,daily_me_op,daily size characteristic,return_seeking_recent_winner,7,test,iid,constant_a020,0.036884644591611476
-7.252513225513417e-05,-0.012034380561409192,0.009459559647681767,0.008096298581122766,0.008598474834773764,5.172372744190193,1299.9999999999998,0.9981838578847647,0.0005357092696629213,0.029238483146067418,2848,0,2,daily_me_op,daily size characteristic,return_seeking_recent_winner,7,test,iid,constant_a021,0.036884644591611476
0.00809516780427834,0.0013099760070245995,0.02802180841413197,0.007579497907949791,0.036428571428571435,1.2648396096898518,1299.9999999999998,0.9995558849685078,0.000558251404494382,0.02764115168539326,2848,0,0,daily_me_op,daily size characteristic,return_seeking_recent_winner,7,test,iid,constant_a022,0.036884644591611476
-0.00016971022773582786,-0.0027376057087088236,0.004349456520166295,0.004281146025878003,0.030983516483516483,2.2504194340600456,1299.9999999999998,0.9992098246369171,0.0006573033707865169,0.028800421348314606,2848,0,1,daily_me_op,daily size characteristic,return_seeking_recent_winner,7,test,iid,constant_a023,0.036884644591611476
0.00023840765137370047,-0.0022271765725535336,0.0015858715531660722,0.014845198119543325,0.06514304932735421,1.3636780763655054,1299.9999999999998,0.9995211804507144,0.0006134831460674157,0.02737092696629214,2848,0,0,daily_me_op,daily size characteristic,return_seeking_recent_winner,7,test,iid,constant_a024,0.036884644591611476
0.0018235301332685569,0.0008960037593984953,0.0036785828810087014,-0.0029279999999999996,inf,1.0,1299.9999999999998,0.9996488764044944,0.0005147022471910111,0.030364893258426964,2848,74,0,daily_me_op,daily size characteristic,return_seeking_recent_winner,7,test,iid,constant_equal_weight_public,0.036884644591611476
0.0006024465016614852,-9.321367861015629e-05,0.0012566989195256248,0.03940730920816914,0.043770139634801586,2790.999999999979,1.0196078431372548,0.020014044943827525,0.0005490519662921348,0.039553370786516856,2848,0,4,daily_me_op,daily size characteristic,return_seeking_recent_winner,7,test,iid,momentum_12,0.036884644591611476
0.0016755727905321724,6.3184808858026e-05,0.004696437558705167,0.008643235704323574,0.0229,1.2648396096898553,1299.9999999999998,0.9995558849685078,0.0004874002808988763,0.026351544943820224,2848,0,0,daily_me_op,daily size characteristic,return_seeking_recent_winner,7,test,iid,low_vol_12,0.036884644591611476
0.001090926280693376,0.0005340531983457016,0.001635967776104192,0.0388989569752282,0.04513254747871669,1533.9999999999905,1.0196078431372548,0.46137640449438533,0.0007221207865168541,0.0337123595505618,2848,0,4,daily_me_op,daily size characteristic,return_seeking_recent_winner,7,test,iid,risk_adjusted_12,0.036884644591611476
0.008269487492943919,0.0020815384995933233,0.011538272102712103,0.001009973149213656,0.03137755102040817,2.090374424808239,1299.9999999999998,0.9992660202160083,0.00043356460674157316,0.033121207865168534,2848,0,1,daily_me_op,daily size characteristic,return_seeking_recent_winner,7,test,iid,ridge_return_train_only,0.036884644591611476
-0.0291398477707715,-0.06299138108842615,0.0018734833926802705,0.023006969865039743,0.02411698895027623,4.499175817712031,1299.9999999999998,0.998420233210073,0.0003962780898876405,0.03857907303370787,2848,0,1,daily_me_op,daily size characteristic,return_seeking_recent_winner,7,test,block,constant_a000,0.036884644591611476
0.004509250379275252,0.000521702563571768,0.011805696093773741,0.0012568215892054021,0.034749999999999996,1.0946506209078766,1299.9999999999998,0.9996156423381644,0.0005180828651685394,0.030657022471910114,2848,0,0,daily_me_op,daily size characteristic,return_seeking_recent_winner,7,test,block,constant_a001,0.036884644591611476
0.0007769897779692453,-0.001851445526336672,0.003834273743548384,0.007338748137108793,0.022996385542168672,2.215627560448093,1299.9999999999998,0.9992220408846741,0.0005845505617977528,0.030667977528089887,2848,0,1,daily_me_op,daily size characteristic,return_seeking_recent_winner,7,test,block,constant_a002,0.036884644591611476
-0.0011475187735305928,-0.012063201447688217,0.002914449527738267,0.026187534626038785,0.16576601941747576,1.282533949565567,1299.9999999999998,0.9995496720682705,0.000689817415730337,0.039128651685393256,2848,0,0,daily_me_op,daily size characteristic,return_seeking_recent_winner,7,test,block,constant_a003,0.036884644591611476
0.0013945129627289778,0.0009635126222285944,0.0017629549544259198,0.03433068783068782,0.0414877300613497,189.00000000000043,1.0196078431372548,0.9336376404494381,0.0003732443820224719,0.03620463483146068,2848,0,4,daily_me_op,daily size characteristic,return_seeking_recent_winner,7,test,block,constant_a004,0.036884644591611476
0.011626148564006579,-0.004937629965443683,0.039732995671951155,0.009388241798746777,0.03809508196721313,2.263744716527859,1299.9999999999998,0.9992051458158259,0.0004969803370786517,0.04001446629213483,2848,0,1,daily_me_op,daily size characteristic,return_seeking_recent_winner,7,test,block,constant_a005,0.036884644591611476
-0.004216951687644715,-0.03347356612158998,0.006693484284961977,0.007343295019157082,0.0274,1.0475931240023262,1299.9999999999998,0.9996321653356733,0.000506179775280899,0.03197050561797753,2848,0,0,daily_me_op,daily size characteristic,return_seeking_recent_winner,7,test,block,constant_a006,0.036884644591611476
-0.015336395567769685,-0.03550299573427605,-0.0041500993636991975,0.0246,0.0246,3.1171539829512263,1299.9999999999998,0.9989054936857615,0.0005496839887640451,0.03202626404494382,2848,0,1,daily_me_op,daily size characteristic,return_seeking_recent_winner,7,test,block,constant_a007,0.036884644591611476
-0.025600377169602267,-0.07231105417353517,-0.00018444596528705682,0.0435,0.0435,4.086705148976061,1299.9999999999998,0.9985650613943202,0.0004826896067415731,0.03332331460674158,2848,0,1,daily_me_op,daily size characteristic,return_seeking_recent_winner,7,test,block,constant_a008,0.036884644591611476
0.010813449039625871,-0.0011916828756784836,0.030947307870785635,-0.004735060975609755,0.02816153846153847,2.11771450645952,1299.9999999999998,0.9992564204682375,0.0004806179775280899,0.0354438202247191,2848,0,1,daily_me_op,daily size characteristic,return_seeking_recent_winner,7,test,block,constant_a009,0.036884644591611476
0.008893980435967345,-0.006567335972903468,0.0435776217143778,0.006162632154575272,0.03559036144578312,2.3140645553374224,1299.9999999999998,0.9991874773330978,0.0005072331460674157,0.03976390449438202,2848,0,1,daily_me_op,daily size characteristic,return_seeking_recent_winner,7,test,block,constant_a010,0.036884644591611476
0.011293177446037956,0.001408842909386299,0.027571107542519877,-0.0028122704181320823,-0.0016350194552529186,4.028273970175864,1299.9999999999998,0.9985855779599102,0.0004511235955056179,0.03151390449438202,2848,0,1,daily_me_op,daily size characteristic,return_seeking_recent_winner,7,test,block,constant_a011,0.036884644591611476
-0.021931561026550705,-0.07188202663437518,0.005551503182295376,0.042,0.042,3.0267153752840956,1299.9999999999998,0.9989372488148581,0.0005087078651685394,0.032783988764044945,2848,0,1,daily_me_op,daily size characteristic,return_seeking_recent_winner,7,test,block,constant_a012,0.036884644591611476
-0.002651160241181249,-0.010587537173072566,0.0017039343419588222,0.011723420647149464,0.026000000000000002,1.036389181421809,1299.9999999999998,0.9996360993042761,0.0005538623595505618,0.03227443820224719,2848,0,0,daily_me_op,daily size characteristic,return_seeking_recent_winner,7,test,block,constant_a013,0.036884644591611476
-0.005819420389120032,-0.04705695255812868,0.019423819740285574,0.03352158522508658,0.03971428571428571,2.0775699189770003,1299.9999999999998,0.9992705161801345,0.000419066011235955,0.03335842696629214,2848,0,1,daily_me_op,daily size characteristic,return_seeking_recent_winner,7,test,block,constant_a014,0.036884644591611476
0.003490283329402058,-0.023741331357003993,0.039295460417379593,0.021350704225352107,0.02279487179487182,3.3581880778668207,1299.9999999999998,0.9988208609277153,0.0005329705056179775,0.03754929775280899,2848,0,1,daily_me_op,daily size characteristic,return_seeking_recent_winner,7,test,block,constant_a015,0.036884644591611476
-0.0055247694126472945,-0.04022034287561162,0.02195431170208955,0.026600000000000002,0.026600000000000006,4.042448266650798,1299.9999999999998,0.9985806010299682,0.0004458216292134831,0.029966853932584265,2848,0,1,daily_me_op,daily size characteristic,return_seeking_recent_winner,7,test,block,constant_a016,0.036884644591611476
-0.003653867501563872,-0.019332295203461178,0.004824653925292063,0.018690771558245094,0.022866666666666667,1.075053270278384,1299.9999999999998,0.9996225234303798,0.0005253511235955056,0.02912837078651686,2848,0,0,daily_me_op,daily size characteristic,return_seeking_recent_winner,7,test,block,constant_a017,0.036884644591611476
0.0058114001696551836,-0.0008684313484303556,0.01425324943730907,-0.0034285824941905504,0.02598333333333333,2.050490852531401,1299.9999999999998,0.9992800242793078,0.0005296348314606743,0.0289566011235955,2848,0,1,daily_me_op,daily size characteristic,return_seeking_recent_winner,7,test,block,constant_a018,0.036884644591611476
-0.005386321252981178,-0.018635813454987677,0.003438066585821585,0.01218767833981842,0.01240541488118427,3.047224622993474,1299.9999999999998,0.9989300475340612,0.00048683286516853927,0.02873441011235955,2848,0,1,daily_me_op,daily size characteristic,return_seeking_recent_winner,7,test,block,constant_a019,0.036884644591611476
0.008621094160645694,-0.004241096100505355,0.03136740844601993,0.011716487455197138,0.03965685279187817,2.3940101307400328,1299.9999999999998,0.9991594065552177,0.0004640800561797754,0.037429634831460674,2848,0,1,daily_me_op,daily size characteristic,return_seeking_recent_winner,7,test,block,constant_a020,0.036884644591611476
-7.252513225513417e-05,-0.01087377933993755,0.00976486735565759,0.008096298581122766,0.0089187969924812,5.172372744190193,1299.9999999999998,0.9981838578847647,0.0005357092696629213,0.029238483146067418,2848,0,2,daily_me_op,daily size characteristic,return_seeking_recent_winner,7,test,block,constant_a021,0.036884644591611476
0.00809516780427834,0.0011230871798330393,0.027993649512425965,0.007579497907949791,0.03711614906832299,1.2648396096898518,1299.9999999999998,0.9995558849685078,0.000558251404494382,0.02764115168539326,2848,0,0,daily_me_op,daily size characteristic,return_seeking_recent_winner,7,test,block,constant_a022,0.036884644591611476
-0.00016971022773582786,-0.0029620018053264792,0.0036861593138754435,0.004281146025878003,0.030785496183206112,2.2504194340600456,1299.9999999999998,0.9992098246369171,0.0006573033707865169,0.028800421348314606,2848,0,1,daily_me_op,daily size characteristic,return_seeking_recent_winner,7,test,block,constant_a023,0.036884644591611476
0.00023840765137370047,-0.0021758931420341725,0.0017295599996659727,0.014845198119543325,0.07235686274509803,1.3636780763655054,1299.9999999999998,0.9995211804507144,0.0006134831460674157,0.02737092696629214,2848,0,0,daily_me_op,daily size characteristic,return_seeking_recent_winner,7,test,block,constant_a024,0.036884644591611476
0.0018235301332685569,0.0008960037593984952,0.003678582881008702,-0.0029279999999999996,inf,1.0,1299.9999999999998,0.9996488764044944,0.0005147022471910111,0.030364893258426964,2848,75,0,daily_me_op,daily size characteristic,return_seeking_recent_winner,7,test,block,constant_equal_weight_public,0.036884644591611476
0.0006024465016614852,-9.588503678465012e-05,0.0010983070340364555,0.03940730920816914,0.04784908896034334,2790.999999999979,1.0196078431372548,0.020014044943827525,0.0005490519662921348,0.039553370786516856,2848,0,4,daily_me_op,daily size characteristic,return_seeking_recent_winner,7,test,block,momentum_12,0.036884644591611476
0.0016755727905321724,-0.0001899388424338519,0.004762644562566313,0.008643235704323574,0.02293030303030303,1.2648396096898553,1299.9999999999998,0.9995558849685078,0.0004874002808988763,0.026351544943820224,2848,0,0,daily_me_op,daily size characteristic,return_seeking_recent_winner,7,test,block,low_vol_12,0.036884644591611476
0.001090926280693376,0.0006020132886730064,0.0014941979671664871,0.0388989569752282,0.0491060606060609,1533.9999999999905,1.0196078431372548,0.46137640449438533,0.0007221207865168541,0.0337123595505618,2848,0,4,daily_me_op,daily size characteristic,return_seeking_recent_winner,7,test,block,risk_adjusted_12,0.036884644591611476
0.008269487492943919,0.001517441542237404,0.012592143337234345,0.001009973149213656,0.02844615384615385,2.090374424808239,1299.9999999999998,0.9992660202160083,0.00043356460674157316,0.033121207865168534,2848,0,1,daily_me_op,daily size characteristic,return_seeking_recent_winner,7,test,block,ridge_return_train_only,0.036884644591611476
0.05229172127084769,0.0016875422959461619,0.15037846867283822,-0.0018194550547491791,0.024438095238095238,3.1620671985945505,1299.9999999999998,0.9986039438416802,0.00030348785871964673,0.0393766004415011,2265,0,1,daily_me_op,daily size characteristic,return_seeking_recent_winner,17,calibration,iid,constant_a000,0.036884644591611476
0.0017506300477570394,0.0014622188979295805,0.001986253746171514,0.022634782608695652,0.025099999999999997,45.999999999999865,1.0196078431372548,0.9796909492273731,0.00045673289183222954,0.03845033112582781,2265,0,3,daily_me_op,daily size characteristic,return_seeking_recent_winner,17,calibration,iid,constant_a001,0.036884644591611476
-0.0035602037648997,-0.018716238841031435,0.007187686790964318,0.008315922107674692,0.03737761194029851,2.109654881603435,1299.9999999999998,0.9990685850412346,0.00042763796909492266,0.03839094922737307,2265,0,1,daily_me_op,daily size characteristic,return_seeking_recent_winner,17,calibration,iid,constant_a002,0.036884644591611476
-0.00706416457959373,-0.03886684712229233,0.003674186854600041,0.016557264957264974,0.033937226277372265,1.212493403060984,1299.9999999999998,0.9994646828242556,0.00047395143487858726,0.03862604856512141,2265,0,0,daily_me_op,daily size characteristic,return_seeking_recent_winner,17,calibration,iid,constant_a003,0.036884644591611476
0.005901165318783218,-0.01168926345532144,0.026369243535705363,0.00982239794041927,0.0338860465116279,2.2737644702205397,1299.9999999999998,0.9989961304767239,0.0004247682119205297,0.04078388520971302,2265,0,1,daily_me_op,daily size characteristic,return_seeking_recent_winner,17,calibration,iid,constant_a004,0.036884644591611476
0.027581722818091008,2.10192130515272e-05,0.07071248457073086,0.0012737680060651987,0.023932786885245902,3.2105447049799323,1299.9999999999998,0.9985825409691038,0.0004983664459161148,0.04207969094922737,2265,0,1,daily_me_op,daily size characteristic,return_seeking_recent_winner,17,calibration,iid,constant_a005,0.036884644591611476
0.002768135396410563,-0.012644145120680352,0.012254721953020735,0.010450972762645918,0.0172,2.031483081995651,1299.9999999999998,0.9991030979770439,0.0004000000000000001,0.03936004415011037,2265,0,1,daily_me_op,daily size characteristic,return_seeking_recent_winner,17,calibration,iid,constant_a006,0.036884644591611476
-0.002137828781545105,-0.014057058598063887,0.01752401446871456,0.005870752521334365,0.04544137931034482,2.0441451023259165,1299.9999999999998,0.9990975076810923,0.0005164238410596026,0.03821633554083886,2265,0,1,daily_me_op,daily size characteristic,return_seeking_recent_winner,17,calibration,iid,constant_a007,0.036884644591611476
-0.002757264995385455,-0.0029832450482246238,-0.0025219114920285433,0.028844186046511622,0.034317241379310345,85.99999999999953,1.0196078431372548,0.9620309050772629,0.000591523178807947,0.03958874172185431,2265,0,4,daily_me_op,daily size characteristic,return_seeking_recent_winner,17,calibration,iid,constant_a008,0.036884644591611476
0.003984825769649945,0.0015519624308789534,0.00853327236126395,0.011694839609483957,0.03648620689655173,1.2648396096898498,1299.9999999999998,0.9994415719162517,0.0006415011037527594,0.04022317880794702,2265,0,0,daily_me_op,daily size characteristic,return_seeking_recent_winner,17,calibration,iid,constant_a009,0.036884644591611476
-0.008117575512617645,-0.036759059841746614,0.01985512595778223,0.02129930385458295,0.021544018404907953,6.168949267966484,1299.9999999999998,0.997276402089198,0.0004702428256070641,0.04091456953642385,2265,0,2,daily_me_op,daily size characteristic,return_seeking_recent_winner,17,calibration,iid,constant_a010,0.036884644591611476
0.005053205327490256,-0.012447772718694102,0.028267697435825603,0.002853770150806034,0.003588434849653042,3.0330185429420706,1299.9999999999998,0.9986609189655885,0.0005049448123620308,0.03691633554083885,2265,0,1,daily_me_op,daily size characteristic,return_seeking_recent_winner,17,calibration,iid,constant_a011,0.036884644591611476
-0.01946244033105724,-0.07383407582376253,0.007736046172956189,0.03725247678018576,0.05034285714285714,2.0536674126283634,1299.9999999999998,0.9990933035705835,0.0005502428256070641,0.03507041942604857,2265,0,1,daily_me_op,daily size characteristic,return_seeking_recent_winner,17,calibration,iid,constant_a012,0.036884644591611476
0.0008592001285023582,0.0006730510946134939,0.0010552018736425589,0.0392,0.0392,14.000000000000004,1.0196078431372548,0.9938189845474613,0.0005137748344370861,0.036443487858719655,2265,0,3,daily_me_op,daily size characteristic,return_seeking_recent_winner,17,calibration,iid,constant_a013,0.036884644591611476
0.004470997389563866,-0.00393788295914183,0.014698156183483104,0.0033007296607077707,0.02119613526570048,2.3106927051728725,1299.9999999999998,0.9989798266202328,0.000672671081677704,0.03833708609271524,2265,0,1,daily_me_op,daily size characteristic,return_seeking_recent_winner,17,calibration,iid,constant_a014,0.036884644591611476
-0.002167121236165681,-0.013992510325549911,0.002055054326324236,0.010344034090909095,0.054771428571428575,1.2194090387376244,1299.9999999999998,0.9994616295634713,0.0004266225165562914,0.042104856512141284,2265,0,0,daily_me_op,daily size characteristic,return_seeking_recent_winner,17,calibration,iid,constant_a015,0.036884644591611476
0.008723787924586201,-0.00341879372883665,0.03331238716098673,-0.007733592534992224,0.0199,2.034644902056796,1299.9999999999998,0.999101702029997,0.0004412362030905077,0.037138410596026496,2265,0,1,daily_me_op,daily size characteristic,return_seeking_recent_winner,17,calibration,iid,constant_a016,0.036884644591611476
-0.0058882761826374716,-0.0163751626041459,0.001052095662723694,0.004311042231693145,0.0406,2.0489034937306254,1299.9999999999998,0.999095406846035,0.00043708609271523176,0.03571677704194261,2265,0,1,daily_me_op,daily size characteristic,return_seeking_recent_winner,17,calibration,iid,constant_a017,0.036884644591611476
0.023094542376558978,-0.004175526867494993,0.07739642548355694,-0.025347222222222174,0.0121,1.033199109769286,1299.9999999999998,0.9995438414526405,0.0004893156732891833,0.03461456953642384,2265,0,0,daily_me_op,daily size characteristic,return_seeking_recent_winner,17,calibration,iid,constant_a018,0.036884644591611476
0.002111820768225172,0.0014411190026381304,0.0025683965267527514,0.006181652767247914,0.0519,1.0701815683266414,1299.9999999999998,0.9995275136563679,0.0005333333333333335,0.03605783664459162,2265,0,0,daily_me_op,daily size characteristic,return_seeking_recent_winner,17,calibration,iid,constant_a019,0.036884644591611476
-0.015152613417956293,-0.06662124838974202,0.0023222074283274496,0.028627445652173913,0.061903045685279184,1.3327313814181414,1299.9999999999998,0.9994115976240979,0.00028900662251655633,0.046241501103752754,2265,0,0,daily_me_op,daily size characteristic,return_seeking_recent_winner,17,calibration,iid,constant_a020,0.036884644591611476
0.0063726412534841625,0.0002778079074811135,0.024218671067289452,-0.012763636363636331,0.0327,1.0540223995315134,1299.9999999999998,0.9995346479472267,0.00029668874172185427,0.03527350993377483,2265,0,0,daily_me_op,daily size characteristic,return_seeking_recent_winner,17,calibration,iid,constant_a021,0.036884644591611476
0.01792844705805261,0.0027297079415594147,0.04077559543592294,-0.002343216080402012,0.0018391143911439046,4.116873718007671,1299.9999999999998,0.9981823957094889,0.00039487858719646797,0.03427064017660044,2265,0,1,daily_me_op,daily size characteristic,return_seeking_recent_winner,17,calibration,iid,constant_a022,0.036884644591611476
-0.0028360297412032194,-0.012161910125650197,0.002919127654903781,0.007907974541370273,0.053766666666666685,2.1942254513557486,1299.9999999999998,0.999031247041344,0.00040044150110375275,0.030308830022075055,2265,0,1,daily_me_op,daily size characteristic,return_seeking_recent_winner,17,calibration,iid,constant_a023,0.036884644591611476
-0.01276814054828365,-0.037661934693548414,0.0037756671973027682,0.019396252465483238,0.023852058432934923,3.373134805763914,1299.9999999999998,0.9985107572601484,0.0004770860927152318,0.031186534216335538,2265,0,1,daily_me_op,daily size characteristic,return_seeking_recent_winner,17,calibration,iid,constant_a024,0.036884644591611476
0.03158484794602319,0.0008694308270676688,0.08124190741589063,-0.007244000000000003,inf,2.9999999999999996,1299.9999999999998,0.9986754966887417,0.00046527858719646806,0.036884644591611476,2265,13,1,daily_me_op,daily size characteristic,return_seeking_recent_winner,17,calibration,iid,constant_equal_weight_public,0.036884644591611476
0.0005840491681928854,-4.58053251774411e-05,0.0011705756391795813,0.03793589164785559,0.04146273627362759,2214.9999999999836,1.0196078431372548,0.022075055187645187,0.0006160706401766005,0.03774635761589404,2265,0,4,daily_me_op,daily size characteristic,return_seeking_recent_winner,17,calibration,iid,momentum_12,0.036884644591611476
0.0011555782645815346,1.5300158189193894e-05,0.003380165939810948,0.009595408895265422,0.051700000000000024,1.1952902794043878,1299.9999999999998,0.9994722780223381,0.0004981015452538633,0.031074392935982336,2265,0,0,daily_me_op,daily size characteristic,return_seeking_recent_winner,17,calibration,iid,low_vol_12,0.036884644591611476
-0.0013446954617768378,-0.012290640715810998,0.005376257981038064,0.025090802805923598,0.041205555555555724,4.5548279211166,1299.9999999999998,0.9979890384454231,0.0005762030905077263,0.03806313465783665,2265,0,1,daily_me_op,daily size characteristic,return_seeking_recent_winner,17,calibration,iid,risk_adjusted_12,0.036884644591611476
0.005737068826052738,-0.003167001420111692,0.012227439647711716,0.0013685934489402697,0.06101702127659575,2.0711824057798505,1299.9999999999998,0.999085570681775,0.0004883973509933776,0.038117660044150105,2265,0,1,daily_me_op,daily size characteristic,return_seeking_recent_winner,17,calibration,iid,ridge_return_train_only,0.036884644591611476
0.05229172127084769,0.001618629687752765,0.15487043217369736,-0.0018194550547491791,0.033749514563106806,3.1620671985945505,1299.9999999999998,0.9986039438416802,0.00030348785871964673,0.0393766004415011,2265,0,1,daily_me_op,daily size characteristic,return_seeking_recent_winner,17,calibration,block,constant_a000,0.036884644591611476
0.0017506300477570394,0.0012319496162847337,0.00231318815282996,0.022634782608695652,0.025099999999999997,45.999999999999865,1.0196078431372548,0.9796909492273731,0.00045673289183222954,0.03845033112582781,2265,0,3,daily_me_op,daily size characteristic,return_seeking_recent_winner,17,calibration,block,constant_a001,0.036884644591611476
-0.0035602037648997,-0.01860338612870429,0.007273694004220797,0.008315922107674692,0.035574999999999996,2.109654881603435,1299.9999999999998,0.9990685850412346,0.00042763796909492266,0.03839094922737307,2265,0,1,daily_me_op,daily size characteristic,return_seeking_recent_winner,17,calibration,block,constant_a002,0.036884644591611476
-0.00706416457959373,-0.028571173395766016,0.003871080782229431,0.016557264957264974,0.03641818181818181,1.212493403060984,1299.9999999999998,0.9994646828242556,0.00047395143487858726,0.03862604856512141,2265,0,0,daily_me_op,daily size characteristic,return_seeking_recent_winner,17,calibration,block,constant_a003,0.036884644591611476
0.005901165318783218,-0.008931941132520863,0.02645639982597734,0.00982239794041927,0.03347264957264959,2.2737644702205397,1299.9999999999998,0.9989961304767239,0.0004247682119205297,0.04078388520971302,2265,0,1,daily_me_op,daily size characteristic,return_seeking_recent_winner,17,calibration,block,constant_a004,0.036884644591611476
0.027581722818091008,0.0001719236187084476,0.06688337427166875,0.0012737680060651987,0.010967894371091035,3.2105447049799323,1299.9999999999998,0.9985825409691038,0.0004983664459161148,0.04207969094922737,2265,0,1,daily_me_op,daily size characteristic,return_seeking_recent_winner,17,calibration,block,constant_a005,0.036884644591611476
0.002768135396410563,-0.0125570470882243,0.012507033619685451,0.010450972762645918,0.0662,2.031483081995651,1299.9999999999998,0.9991030979770439,0.0004000000000000001,0.03936004415011037,2265,0,1,daily_me_op,daily size characteristic,return_seeking_recent_winner,17,calibration,block,constant_a006,0.036884644591611476
-0.002137828781545105,-0.014778061801059712,0.01648184564450575,0.005870752521334365,0.048908695652173914,2.0441451023259165,1299.9999999999998,0.9990975076810923,0.0005164238410596026,0.03821633554083886,2265,0,1,daily_me_op,daily size characteristic,return_seeking_recent_winner,17,calibration,block,constant_a007,0.036884644591611476
-0.002757264995385455,-0.00340140761389661,-0.002080530976268359,0.028844186046511622,0.03528648648648649,85.99999999999953,1.0196078431372548,0.9620309050772629,0.000591523178807947,0.03958874172185431,2265,0,4,daily_me_op,daily size characteristic,return_seeking_recent_winner,17,calibration,block,constant_a008,0.036884644591611476
0.003984825769649945,0.001415146619263304,0.008597917259889202,0.011694839609483957,0.03754318181818182,1.2648396096898498,1299.9999999999998,0.9994415719162517,0.0006415011037527594,0.04022317880794702,2265,0,0,daily_me_op,daily size characteristic,return_seeking_recent_winner,17,calibration,block,constant_a009,0.036884644591611476
-0.008117575512617645,-0.031103247488428725,0.009745023437134107,0.02129930385458295,0.02164541970103488,6.168949267966484,1299.9999999999998,0.997276402089198,0.0004702428256070641,0.04091456953642385,2265,0,2,daily_me_op,daily size characteristic,return_seeking_recent_winner,17,calibration,block,constant_a010,0.036884644591611476
0.005053205327490256,-0.01564072017067168,0.027938714600673747,0.002853770150806034,0.02668888888888889,3.0330185429420706,1299.9999999999998,0.9986609189655885,0.0005049448123620308,0.03691633554083885,2265,0,1,daily_me_op,daily size characteristic,return_seeking_recent_winner,17,calibration,block,constant_a011,0.036884644591611476
-0.01946244033105724,-0.06790648465591757,0.008172367267382618,0.03725247678018576,0.04357441860465117,2.0536674126283634,1299.9999999999998,0.9990933035705835,0.0005502428256070641,0.03507041942604857,2265,0,1,daily_me_op,daily size characteristic,return_seeking_recent_winner,17,calibration,block,constant_a012,0.036884644591611476
0.0008592001285023582,0.00032603421643656973,0.0013723502795806072,0.0392,0.0392,14.000000000000004,1.0196078431372548,0.9938189845474613,0.0005137748344370861,0.036443487858719655,2265,0,3,daily_me_op,daily size characteristic,return_seeking_recent_winner,17,calibration,block,constant_a013,0.036884644591611476
0.004470997389563866,-0.004126901031726786,0.014496095900916758,0.0033007296607077707,0.019016071428571424,2.3106927051728725,1299.9999999999998,0.9989798266202328,0.000672671081677704,0.03833708609271524,2265,0,1,daily_me_op,daily size characteristic,return_seeking_recent_winner,17,calibration,block,constant_a014,0.036884644591611476
-0.002167121236165681,-0.0140272982773184,0.0020532617705589905,0.010344034090909095,0.05234782608695653,1.2194090387376244,1299.9999999999998,0.9994616295634713,0.0004266225165562914,0.042104856512141284,2265,0,0,daily_me_op,daily size characteristic,return_seeking_recent_winner,17,calibration,block,constant_a015,0.036884644591611476
0.008723787924586201,-0.0033828879759886907,0.030447781984853622,-0.007733592534992224,0.0199,2.034644902056796,1299.9999999999998,0.999101702029997,0.0004412362030905077,0.037138410596026496,2265,0,1,daily_me_op,daily size characteristic,return_seeking_recent_winner,17,calibration,block,constant_a016,0.036884644591611476
-0.0058882761826374716,-0.01645299600321397,0.0010168848079995657,0.004311042231693145,0.0372,2.0489034937306254,1299.9999999999998,0.999095406846035,0.00043708609271523176,0.03571677704194261,2265,0,1,daily_me_op,daily size characteristic,return_seeking_recent_winner,17,calibration,block,constant_a017,0.036884644591611476
0.023094542376558978,-0.00465221295660821,0.07737384722410436,-0.025347222222222174,0.0121,1.033199109769286,1299.9999999999998,0.9995438414526405,0.0004893156732891833,0.03461456953642384,2265,0,0,daily_me_op,daily size characteristic,return_seeking_recent_winner,17,calibration,block,constant_a018,0.036884644591611476
0.002111820768225172,0.0013014541881392063,0.0026386704216218196,0.006181652767247914,0.0519,1.0701815683266414,1299.9999999999998,0.9995275136563679,0.0005333333333333335,0.03605783664459162,2265,0,0,daily_me_op,daily size characteristic,return_seeking_recent_winner,17,calibration,block,constant_a019,0.036884644591611476
-0.015152613417956293,-0.06670308484592453,0.0024609352022143326,0.028627445652173913,0.060668421052631545,1.3327313814181414,1299.9999999999998,0.9994115976240979,0.00028900662251655633,0.046241501103752754,2265,0,0,daily_me_op,daily size characteristic,return_seeking_recent_winner,17,calibration,block,constant_a020,0.036884644591611476
0.0063726412534841625,5.123531691340707e-05,0.018643610821720627,-0.012763636363636331,0.0327,1.0540223995315134,1299.9999999999998,0.9995346479472267,0.00029668874172185427,0.03527350993377483,2265,0,0,daily_me_op,daily size characteristic,return_seeking_recent_winner,17,calibration,block,constant_a021,0.036884644591611476
0.01792844705805261,0.0034613377458659854,0.040645749233077254,-0.002343216080402012,0.0005872180451127837,4.116873718007671,1299.9999999999998,0.9981823957094889,0.00039487858719646797,0.03427064017660044,2265,0,1,daily_me_op,daily size characteristic,return_seeking_recent_winner,17,calibration,block,constant_a022,0.036884644591611476
-0.0028360297412032194,-0.010121691349206508,0.005222679351981208,0.007907974541370273,0.048577777777777796,2.1942254513557486,1299.9999999999998,0.999031247041344,0.00040044150110375275,0.030308830022075055,2265,0,1,daily_me_op,daily size characteristic,return_seeking_recent_winner,17,calibration,block,constant_a023,0.036884644591611476
-0.01276814054828365,-0.04065891987182747,0.004473575632145522,0.019396252465483238,0.024411650485436916,3.373134805763914,1299.9999999999998,0.9985107572601484,0.0004770860927152318,0.031186534216335538,2265,0,1,daily_me_op,daily size characteristic,return_seeking_recent_winner,17,calibration,block,constant_a024,0.036884644591611476
0.03158484794602319,0.0008694308270676688,0.07539739534100147,-0.007244000000000003,inf,2.9999999999999996,1299.9999999999998,0.9986754966887417,0.00046527858719646806,0.036884644591611476,2265,13,1,daily_me_op,daily size characteristic,return_seeking_recent_winner,17,calibration,block,constant_equal_weight_public,0.036884644591611476
0.0005840491681928854,3.740209458371831e-05,0.0011033307168583483,0.03793589164785559,0.04403465703971141,2214.9999999999836,1.0196078431372548,0.022075055187645187,0.0006160706401766005,0.03774635761589404,2265,0,4,daily_me_op,daily size characteristic,return_seeking_recent_winner,17,calibration,block,momentum_12,0.036884644591611476
0.0011555782645815346,-0.00017420245662697116,0.003455352820190126,0.009595408895265422,0.05687272727272729,1.1952902794043878,1299.9999999999998,0.9994722780223381,0.0004981015452538633,0.031074392935982336,2265,0,0,daily_me_op,daily size characteristic,return_seeking_recent_winner,17,calibration,block,low_vol_12,0.036884644591611476
-0.0013446954617768378,-0.014549058124414248,0.007241320760753915,0.025090802805923598,0.03835218680504095,4.5548279211166,1299.9999999999998,0.9979890384454231,0.0005762030905077263,0.03806313465783665,2265,0,1,daily_me_op,daily size characteristic,return_seeking_recent_winner,17,calibration,block,risk_adjusted_12,0.036884644591611476
0.005737068826052738,-0.00413714802136031,0.012466167642540308,0.0013685934489402697,0.03903548387096774,2.0711824057798505,1299.9999999999998,0.999085570681775,0.0004883973509933776,0.038117660044150105,2265,0,1,daily_me_op,daily size characteristic,return_seeking_recent_winner,17,calibration,block,ridge_return_train_only,0.036884644591611476
0.00217583197416719,0.001928725244978057,0.0024652520034470033,0.03493482428115016,0.038649681528662425,313.0000000000012,1.0196078431372548,0.8900983146067412,0.0003962780898876405,0.03857907303370787,2848,0,4,daily_me_op,daily size characteristic,return_seeking_recent_winner,17,test,iid,constant_a000,0.036884644591611476
0.03236268947116375,0.001162047523402179,0.07846284944035467,0.006163306842411323,0.008219285182427398,4.093047214181373,1299.9999999999998,0.9985628345455824,0.0005180828651685394,0.030657022471910114,2848,0,1,daily_me_op,daily size characteristic,return_seeking_recent_winner,17,test,iid,constant_a001,0.036884644591611476
0.0032026407009186977,0.000909611172410934,0.00954031319772482,0.008554500354358612,0.028482481751824815,1.224608660190521,1299.9999999999998,0.9995700110041466,0.0005845505617977528,0.030667977528089887,2848,0,0,daily_me_op,daily size characteristic,return_seeking_recent_winner,17,test,iid,constant_a002,0.036884644591611476
0.002944954533183834,0.0017175995622815937,0.005697612303447316,0.025401521438450907,0.14540769230769224,1.2860875534199872,1299.9999999999998,0.9995484243141082,0.000689817415730337,0.039128651685393256,2848,0,0,daily_me_op,daily size characteristic,return_seeking_recent_winner,17,test,iid,constant_a003,0.036884644591611476
0.00597808549011307,-0.006116735352328295,0.022819039950405184,0.009215300546448093,0.0332095238095238,2.317438861798353,1299.9999999999998,0.9991862925344809,0.0003732443820224719,0.03620463483146068,2848,0,1,daily_me_op,daily size characteristic,return_seeking_recent_winner,17,test,iid,constant_a004,0.036884644591611476
-0.003317619379261367,-0.01087682663605522,0.0005620567934943273,0.014011265646731573,0.040633333333333334,1.271902609688352,1299.9999999999998,0.9995534049825533,0.0004969803370786517,0.04001446629213483,2848,0,0,daily_me_op,daily size characteristic,return_seeking_recent_winner,17,test,iid,constant_a005,0.036884644591611476
0.0059630901065205275,0.004958981016934705,0.00668359748230209,0.004178971603990791,0.0274,1.0443858560221657,1299.9999999999998,0.9996332914831383,0.000506179775280899,0.03197050561797753,2848,0,0,daily_me_op,daily size characteristic,return_seeking_recent_winner,17,test,iid,constant_a006,0.036884644591611476
-0.00328964092268453,-0.003537071559243305,-0.0030526207541716056,0.017435616438356165,0.01921267605633803,72.99999999999964,1.0196078431372548,0.97436797752809,0.0005496839887640451,0.03202626404494382,2848,0,4,daily_me_op,daily size characteristic,return_seeking_recent_winner,17,test,iid,constant_a007,0.036884644591611476
0.003363874054149163,-0.00542341918618946,0.019397472468621044,0.0072750575594781285,0.015545454545454546,2.088771712044328,1299.9999999999998,0.9992665829662766,0.0004826896067415731,0.03332331460674158,2848,0,1,daily_me_op,daily size characteristic,return_seeking_recent_winner,17,test,iid,constant_a008,0.036884644591611476
0.008379415388328792,-0.0074612901240148225,0.029585705514771774,0.005108605985424098,0.005800306396016847,5.116705558020908,1299.9999999999998,0.9982034039473241,0.0004806179775280899,0.0354438202247191,2848,0,2,daily_me_op,daily size characteristic,return_seeking_recent_winner,17,test,iid,constant_a009,0.036884644591611476
0.0004994336699740907,-0.005633166835718409,0.008124143643019862,0.007061737860533042,0.03523891625615763,2.307323311309243,1299.9999999999998,0.9991898443429391,0.0005072331460674157,0.03976390449438202,2848,0,1,daily_me_op,daily size characteristic,return_seeking_recent_winner,17,test,iid,constant_a010,0.036884644591611476
0.0033009079233415743,-0.0026735507325328055,0.010790148859050195,0.001041588785046729,0.03,2.028323718623011,1299.9999999999998,0.9992878076830678,0.0004511235955056179,0.03151390449438202,2848,0,1,daily_me_op,daily size characteristic,return_seeking_recent_winner,17,test,iid,constant_a011,0.036884644591611476
0.004961942560581664,0.004567475387428952,0.005353933872938393,0.0317,0.0317,17.0,1.0196078431372548,0.9940308988764045,0.0005087078651685394,0.032783988764044945,2848,0,3,daily_me_op,daily size characteristic,return_seeking_recent_winner,17,test,iid,constant_a012,0.036884644591611476
-0.0028153787748767347,-0.010945829452544022,0.0012707399769515191,0.0005151001540832056,0.026000000000000002,1.036389181421809,1299.9999999999998,0.9996360993042761,0.0005538623595505618,0.03227443820224719,2848,0,0,daily_me_op,daily size characteristic,return_seeking_recent_winner,17,test,iid,constant_a013,0.036884644591611476
0.007239321513898864,0.0023924360414234514,0.01671948532051667,0.0033270207852193995,0.04031627906976745,2.0759721194427536,1299.9999999999998,0.9992710772052519,0.000419066011235955,0.03335842696629214,2848,0,1,daily_me_op,daily size characteristic,return_seeking_recent_winner,17,test,iid,constant_a014,0.036884644591611476
0.0017246280196114773,-0.003204341451791555,0.009031260341597422,0.00713460706560923,0.030019305019305022,2.3666423289867935,1299.9999999999998,0.9991690160361704,0.0005329705056179775,0.03754929775280899,2848,0,1,daily_me_op,daily size characteristic,return_seeking_recent_winner,17,test,iid,constant_a015,0.036884644591611476
0.015222885197740557,-0.008079104728257956,0.04866530842242595,0.0012512980269989617,0.0216,3.0424855779345177,1299.9999999999998,0.9989317115246017,0.0004458216292134831,0.029966853932584265,2848,0,1,daily_me_op,daily size characteristic,return_seeking_recent_winner,17,test,iid,constant_a016,0.036884644591611476
-0.003797145080337916,-0.020666781880640066,0.006840973904526717,0.008580547662102813,0.009285660377358479,3.0725617659174715,1299.9999999999998,0.998921151065338,0.0005253511235955056,0.02912837078651686,2848,0,1,daily_me_op,daily size characteristic,return_seeking_recent_winner,17,test,iid,constant_a017,0.036884644591611476
-0.0012237605896198347,-0.0014199097107583832,-0.000985226771225785,0.024212499999999998,0.0274,31.99999999999998,1.0196078431372548,0.9887640449438202,0.0005296348314606743,0.0289566011235955,2848,0,3,daily_me_op,daily size characteristic,return_seeking_recent_winner,17,test,iid,constant_a018,0.036884644591611476
0.006726960163503851,-0.020673205998268645,0.033846595289976744,0.014537158469945358,0.014605815989107183,5.047150921703627,1299.9999999999998,0.9982278262213119,0.00048683286516853927,0.02873441011235955,2848,0,2,daily_me_op,daily size characteristic,return_seeking_recent_winner,17,test,iid,constant_a019,0.036884644591611476
0.0006763245203755398,-0.0009770049446873328,0.003796558931011139,0.0192524060646012,0.04345284552845526,1.4154226637234282,1299.9999999999998,0.9995030117051533,0.0004640800561797754,0.037429634831460674,2848,0,0,daily_me_op,daily size characteristic,return_seeking_recent_winner,17,test,iid,constant_a020,0.036884644591611476
0.0012487318111642372,0.00108713034126956,0.0014305801355732266,0.024733333333333333,0.02948543689320389,107.99999999999935,1.0196078431372548,0.9620786516853935,0.0005357092696629213,0.029238483146067418,2848,0,4,daily_me_op,daily size characteristic,return_seeking_recent_winner,17,test,iid,constant_a021,0.036884644591611476
-0.0017609558582455964,-0.0048831502470142495,0.0013088912130007847,0.008228365916635932,0.029382513661202182,2.260409711353001,1299.9999999999998,0.999206316814834,0.000558251404494382,0.02764115168539326,2848,0,1,daily_me_op,daily size characteristic,return_seeking_recent_winner,17,test,iid,constant_a022,0.036884644591611476
-0.0017580594684145597,-0.0019665333494236865,-0.0014955002758820987,0.02988709677419355,0.03700000000000001,154.99999999999974,1.0196078431372548,0.9455758426966293,0.0006573033707865169,0.028800421348314606,2848,0,4,daily_me_op,daily size characteristic,return_seeking_recent_winner,17,test,iid,constant_a023,0.036884644591611476
-0.0060183564735047474,-0.021343283545476988,0.0013754924578515567,0.013499095840867986,0.0506627906976744,2.3513170217117554,1299.9999999999998,0.999174397113163,0.0006134831460674157,0.02737092696629214,2848,0,1,daily_me_op,daily size characteristic,return_seeking_recent_winner,17,test,iid,constant_a024,0.036884644591611476
-0.0004544386341554239,-0.007480934447072745,0.0066949082495564695,0.0041719999999999995,inf,2.9999999999999996,1299.9999999999998,0.9989466292134831,0.0005147022471910111,0.030364893258426964,2848,11,1,daily_me_op,daily size characteristic,return_seeking_recent_winner,17,test,iid,constant_equal_weight_public,0.036884644591611476
0.0005274555864058563,-0.00029121996065774146,0.00118571141170261,0.03980306814127723,0.04454259259259286,2802.9999999999786,1.0196078431372548,0.01580056179776035,0.0005490519662921348,0.039553370786516856,2848,0,4,daily_me_op,daily size characteristic,return_seeking_recent_winner,17,test,iid,momentum_12,0.036884644591611476
0.0029712232226185614,-0.006355859783949352,0.017898934605290923,0.006916389811738652,0.021818954248366013,2.257077162547057,1299.9999999999998,0.9992074869513529,0.0004874002808988763,0.026351544943820224,2848,0,1,daily_me_op,daily size characteristic,return_seeking_recent_winner,17,test,iid,low_vol_12,0.036884644591611476
0.0031248068273430356,0.0005736961148414574,0.009223357656112064,0.03038794326241137,0.04218770331815245,4.887258245911618,1299.9999999999998,0.9982839683125311,0.0007221207865168541,0.0337123595505618,2848,0,1,daily_me_op,daily size characteristic,return_seeking_recent_winner,17,test,iid,risk_adjusted_12,0.036884644591611476
0.0035415296048595477,-0.012162248614489361,0.01155450193304877,0.009058827948910607,0.023086206896551727,1.0897347019495216,1299.9999999999998,0.9996173684333043,0.0005898174157303372,0.03293258426966292,2848,0,0,daily_me_op,daily size characteristic,return_seeking_recent_winner,17,test,iid,ridge_return_train_only,0.036884644591611476
0.00217583197416719,0.0017979402592868674,0.0025842501796143167,0.03493482428115016,0.03814545454545454,313.0000000000012,1.0196078431372548,0.8900983146067412,0.0003962780898876405,0.03857907303370787,2848,0,4,daily_me_op,daily size characteristic,return_seeking_recent_winner,17,test,block,constant_a000,0.036884644591611476
0.03236268947116375,0.0014685220321776677,0.08034350269032811,0.006163306842411323,0.007561714285714289,4.093047214181373,1299.9999999999998,0.9985628345455824,0.0005180828651685394,0.030657022471910114,2848,0,1,daily_me_op,daily size characteristic,return_seeking_recent_winner,17,test,block,constant_a001,0.036884644591611476
0.0032026407009186977,0.0008106572927643935,0.007706749191584431,0.008554500354358612,0.02917011494252874,1.224608660190521,1299.9999999999998,0.9995700110041466,0.0005845505617977528,0.030667977528089887,2848,0,0,daily_me_op,daily size characteristic,return_seeking_recent_winner,17,test,block,constant_a002,0.036884644591611476
0.002944954533183834,0.0015551222296817848,0.005054259823614229,0.025401521438450907,0.16554870466321245,1.2860875534199872,1299.9999999999998,0.9995484243141082,0.000689817415730337,0.039128651685393256,2848,0,0,daily_me_op,daily size characteristic,return_seeking_recent_winner,17,test,block,constant_a003,0.036884644591611476
0.00597808549011307,-0.006225536597053806,0.02237363636729931,0.009215300546448093,0.03503469387755102,2.317438861798353,1299.9999999999998,0.9991862925344809,0.0003732443820224719,0.03620463483146068,2848,0,1,daily_me_op,daily size characteristic,return_seeking_recent_winner,17,test,block,constant_a004,0.036884644591611476
-0.003317619379261367,-0.010866453936377952,0.0007520495349182467,0.014011265646731573,0.04075098039215685,1.271902609688352,1299.9999999999998,0.9995534049825533,0.0004969803370786517,0.04001446629213483,2848,0,0,daily_me_op,daily size characteristic,return_seeking_recent_winner,17,test,block,constant_a005,0.036884644591611476
0.0059630901065205275,0.004173157697136133,0.007236069733041727,0.004178971603990791,0.0274,1.0443858560221657,1299.9999999999998,0.9996332914831383,0.000506179775280899,0.03197050561797753,2848,0,0,daily_me_op,daily size characteristic,return_seeking_recent_winner,17,test,block,constant_a006,0.036884644591611476
-0.00328964092268453,-0.004137644880870169,-0.0023529632448908624,0.017435616438356165,0.01899873417721519,72.99999999999964,1.0196078431372548,0.97436797752809,0.0005496839887640451,0.03202626404494382,2848,0,4,daily_me_op,daily size characteristic,return_seeking_recent_winner,17,test,block,constant_a007,0.036884644591611476
0.003363874054149163,-0.004710943318404299,0.01604163952319582,0.0072750575594781285,0.01636140350877193,2.088771712044328,1299.9999999999998,0.9992665829662766,0.0004826896067415731,0.03332331460674158,2848,0,1,daily_me_op,daily size characteristic,return_seeking_recent_winner,17,test,block,constant_a008,0.036884644591611476
0.008379415388328792,-0.006039820845036233,0.02614276537168114,0.005108605985424098,0.005596929375639711,5.116705558020908,1299.9999999999998,0.9982034039473241,0.0004806179775280899,0.0354438202247191,2848,0,2,daily_me_op,daily size characteristic,return_seeking_recent_winner,17,test,block,constant_a009,0.036884644591611476
0.0004994336699740907,-0.005579560332286484,0.008323991056572371,0.007061737860533042,0.034024489795918364,2.307323311309243,1299.9999999999998,0.9991898443429391,0.0005072331460674157,0.03976390449438202,2848,0,1,daily_me_op,daily size characteristic,return_seeking_recent_winner,17,test,block,constant_a010,0.036884644591611476
0.0033009079233415743,-0.0018172627460607508,0.01078083299988172,0.001041588785046729,0.03,2.028323718623011,1299.9999999999998,0.9992878076830678,0.0004511235955056179,0.03151390449438202,2848,0,1,daily_me_op,daily size characteristic,return_seeking_recent_winner,17,test,block,constant_a011,0.036884644591611476
0.004961942560581664,0.00390685595708383,0.006282813869352189,0.0317,0.0317,17.0,1.0196078431372548,0.9940308988764045,0.0005087078651685394,0.032783988764044945,2848,0,3,daily_me_op,daily size characteristic,return_seeking_recent_winner,17,test,block,constant_a012,0.036884644591611476
-0.0028153787748767347,-0.01064733799565598,0.0015793789718396907,0.0005151001540832056,0.026000000000000002,1.036389181421809,1299.9999999999998,0.9996360993042761,0.0005538623595505618,0.03227443820224719,2848,0,0,daily_me_op,daily size characteristic,return_seeking_recent_winner,17,test,block,constant_a013,0.036884644591611476
0.007239321513898864,0.002221376151721599,0.017042938855849496,0.0033270207852193995,0.04095384615384615,2.0759721194427536,1299.9999999999998,0.9992710772052519,0.000419066011235955,0.03335842696629214,2848,0,1,daily_me_op,daily size characteristic,return_seeking_recent_winner,17,test,block,constant_a014,0.036884644591611476
0.0017246280196114773,-0.004987598808833102,0.0089810254761034,0.00713460706560923,0.029484210526315786,2.3666423289867935,1299.9999999999998,0.9991690160361704,0.0005329705056179775,0.03754929775280899,2848,0,1,daily_me_op,daily size characteristic,return_seeking_recent_winner,17,test,block,constant_a015,0.036884644591611476
0.015222885197740557,-0.008239995098192206,0.04852586152667235,0.0012512980269989617,0.003364575363427697,3.0424855779345177,1299.9999999999998,0.9989317115246017,0.0004458216292134831,0.029966853932584265,2848,0,1,daily_me_op,daily size characteristic,return_seeking_recent_winner,17,test,block,constant_a016,0.036884644591611476
-0.003797145080337916,-0.021413814718819108,0.007651726950061035,0.008580547662102813,0.012454545454545454,3.0725617659174715,1299.9999999999998,0.998921151065338,0.0005253511235955056,0.02912837078651686,2848,0,1,daily_me_op,daily size characteristic,return_seeking_recent_winner,17,test,block,constant_a017,0.036884644591611476
-0.0012237605896198347,-0.0019846317047446747,-0.0002135780113483272,0.024212499999999998,0.0274,31.99999999999998,1.0196078431372548,0.9887640449438202,0.0005296348314606743,0.0289566011235955,2848,0,3,daily_me_op,daily size characteristic,return_seeking_recent_winner,17,test,block,constant_a018,0.036884644591611476
0.006726960163503851,-0.02327770474891241,0.02699200652903469,0.014537158469945358,0.014630869899923021,5.047150921703627,1299.9999999999998,0.9982278262213119,0.00048683286516853927,0.02873441011235955,2848,0,2,daily_me_op,daily size characteristic,return_seeking_recent_winner,17,test,block,constant_a019,0.036884644591611476
0.0006763245203755398,-0.0016527259447421845,0.004159475365383989,0.0192524060646012,0.04371196581196579,1.4154226637234282,1299.9999999999998,0.9995030117051533,0.0004640800561797754,0.037429634831460674,2848,0,0,daily_me_op,daily size characteristic,return_seeking_recent_winner,17,test,block,constant_a020,0.036884644591611476
0.0012487318111642372,0.0007547899697121612,0.0017619657393099898,0.024733333333333333,0.029060869565217397,107.99999999999935,1.0196078431372548,0.9620786516853935,0.0005357092696629213,0.029238483146067418,2848,0,4,daily_me_op,daily size characteristic,return_seeking_recent_winner,17,test,block,constant_a021,0.036884644591611476
-0.0017609558582455964,-0.0076837855994603904,0.001542340123433922,0.008228365916635932,0.03244379562043797,2.260409711353001,1299.9999999999998,0.999206316814834,0.000558251404494382,0.02764115168539326,2848,0,1,daily_me_op,daily size characteristic,return_seeking_recent_winner,17,test,block,constant_a022,0.036884644591611476
-0.0017580594684145597,-0.002559384866418095,-0.0011906641788069472,0.02988709677419355,0.03633922651933702,154.99999999999974,1.0196078431372548,0.9455758426966293,0.0006573033707865169,0.028800421348314606,2848,0,4,daily_me_op,daily size characteristic,return_seeking_recent_winner,17,test,block,constant_a023,0.036884644591611476
-0.0060183564735047474,-0.01864169360626124,0.0014728061638055578,0.013499095840867986,0.046163999999999976,2.3513170217117554,1299.9999999999998,0.999174397113163,0.0006134831460674157,0.02737092696629214,2848,0,1,daily_me_op,daily size characteristic,return_seeking_recent_winner,17,test,block,constant_a024,0.036884644591611476
-0.0004544386341554239,-0.006647802424600817,0.005861776227084562,0.0041719999999999995,0.0041719999999999995,2.9999999999999996,1299.9999999999998,0.9989466292134831,0.0005147022471910111,0.030364893258426964,2848,7,1,daily_me_op,daily size characteristic,return_seeking_recent_winner,17,test,block,constant_equal_weight_public,0.036884644591611476
0.0005274555864058563,1.4224949648576403e-05,0.0011319749459949146,0.03980306814127723,0.0481178571428575,2802.9999999999786,1.0196078431372548,0.01580056179776035,0.0005490519662921348,0.039553370786516856,2848,0,4,daily_me_op,daily size characteristic,return_seeking_recent_winner,17,test,block,momentum_12,0.036884644591611476
0.0029712232226185614,-0.006227540031425965,0.015558442038779242,0.006916389811738652,0.021375675675675675,2.257077162547057,1299.9999999999998,0.9992074869513529,0.0004874002808988763,0.026351544943820224,2848,0,1,daily_me_op,daily size characteristic,return_seeking_recent_winner,17,test,block,low_vol_12,0.036884644591611476
0.0031248068273430356,0.0007215854804797307,0.00774496167602467,0.03038794326241137,0.04293897882938999,4.887258245911618,1299.9999999999998,0.9982839683125311,0.0007221207865168541,0.0337123595505618,2848,0,1,daily_me_op,daily size characteristic,return_seeking_recent_winner,17,test,block,risk_adjusted_12,0.036884644591611476
0.0035415296048595477,-0.013250362000085357,0.012513434777001368,0.009058827948910607,0.02400869565217392,1.0897347019495216,1299.9999999999998,0.9996173684333043,0.0005898174157303372,0.03293258426966292,2848,0,0,daily_me_op,daily size characteristic,return_seeking_recent_winner,17,test,block,ridge_return_train_only,0.036884644591611476
0.00943665048692199,0.0020457410711936137,0.022167971653722123,0.00046075471698112385,0.03582018348623854,2.15987205314715,1299.9999999999998,0.9990464141045708,0.00030348785871964673,0.0393766004415011,2265,0,1,daily_me_op,daily size characteristic,return_seeking_recent_winner,27,calibration,iid,constant_a000,0.036884644591611476
0.025230601801121803,-0.01717489317963435,0.09038502756697327,0.005161763573353871,0.02385945945945946,2.0743749340647706,1299.9999999999998,0.9990841611770134,0.00045673289183222954,0.03845033112582781,2265,0,1,daily_me_op,daily size characteristic,return_seeking_recent_winner,27,calibration,iid,constant_a001,0.036884644591611476
0.019851414106305105,-0.028145951120764005,0.08836827980351285,0.016338042640637034,0.02823086419753087,3.1075714848420435,1299.9999999999998,0.9986280037594516,0.00042763796909492266,0.03839094922737307,2265,0,1,daily_me_op,daily size characteristic,return_seeking_recent_winner,27,calibration,iid,constant_a002,0.036884644591611476
-0.003723383291640136,-0.040553841007342176,0.037567527952532244,0.020362992922143573,0.021522302158273367,3.2089228514379644,1299.9999999999998,0.9985832570192327,0.00047395143487858726,0.03862604856512141,2265,0,1,daily_me_op,daily size characteristic,return_seeking_recent_winner,27,calibration,iid,constant_a003,0.036884644591611476
-0.005787733379846231,-0.019959341162397455,0.002931427496840457,0.012207066617592927,0.03566808510638298,2.270422095966141,1299.9999999999998,0.9989976061386463,0.0004247682119205297,0.04078388520971302,2265,0,1,daily_me_op,daily size characteristic,return_seeking_recent_winner,27,calibration,iid,constant_a004,0.036884644591611476
-0.025709042658505817,-0.06957976602146942,0.0033850539866156614,0.053,0.053,5.213920322430589,1299.9999999999998,0.997698048422768,0.0004983664459161148,0.04207969094922737,2265,0,2,daily_me_op,daily size characteristic,return_seeking_recent_winner,27,calibration,iid,constant_a005,0.036884644591611476
0.009193074055806032,0.008679856064988278,0.009686934517333143,0.0662,0.0662,19.999999999999996,1.0196078431372548,0.9911699779249448,0.0004000000000000001,0.03936004415011037,2265,0,3,daily_me_op,daily size characteristic,return_seeking_recent_winner,27,calibration,iid,constant_a006,0.036884644591611476
-0.005332469220324524,-0.01706073471927845,0.009378808561133498,0.008888746604578975,0.05049999999999999,2.042560200192109,1299.9999999999998,0.9990982074171337,0.0005164238410596026,0.03821633554083886,2265,0,1,daily_me_op,daily size characteristic,return_seeking_recent_winner,27,calibration,iid,constant_a007,0.036884644591611476
-0.007463837061494702,-0.021317046292190667,0.0060394763198714126,0.0131368959345436,0.015218181818181834,3.1363631983114035,1299.9999999999998,0.998615292186176,0.000591523178807947,0.03958874172185431,2265,0,1,daily_me_op,daily size characteristic,return_seeking_recent_winner,27,calibration,iid,constant_a008,0.036884644591611476
0.002094364902004298,0.0018222967551544992,0.0023635148943591117,0.03459620253164557,0.03851702127659574,157.99999999999983,1.0196078431372548,0.9302428256070641,0.0006415011037527594,0.04022317880794702,2265,0,4,daily_me_op,daily size characteristic,return_seeking_recent_winner,27,calibration,iid,constant_a009,0.036884644591611476
0.003420473410540285,-0.0001721400175961189,0.010157223489503292,0.00785942028985506,0.03645849056603774,1.171412227122588,1299.9999999999998,0.9994828202087759,0.0004702428256070641,0.04091456953642385,2265,0,0,daily_me_op,daily size characteristic,return_seeking_recent_winner,27,calibration,iid,constant_a010,0.036884644591611476
0.004596573554030549,0.002405374468708927,0.005821475754219453,-0.0029172839506172834,0.031200000000000002,1.033199109769286,1299.9999999999998,0.9995438414526405,0.0005049448123620308,0.03691633554083885,2265,0,0,daily_me_op,daily size characteristic,return_seeking_recent_winner,27,calibration,iid,constant_a011,0.036884644591611476
0.0036155741184169823,0.0025734055176903437,0.005036601358064088,0.005055725190839697,0.056799999999999996,1.0556327891441026,1299.9999999999998,0.9995339369584353,0.0005502428256070641,0.03507041942604857,2265,0,0,daily_me_op,daily size characteristic,return_seeking_recent_winner,27,calibration,iid,constant_a012,0.036884644591611476
0.0033506351949051942,0.0028062354919406035,0.004375595594354269,-0.0005850271528316485,0.0392,1.0220725511629583,1299.9999999999998,0.9995487538405462,0.0005137748344370861,0.036443487858719655,2265,0,0,daily_me_op,daily size characteristic,return_seeking_recent_winner,27,calibration,iid,constant_a013,0.036884644591611476
-0.002534669949064971,-0.018903885889508174,0.009534940035690427,0.01564051881622213,0.020339999999999994,2.303956373751055,1299.9999999999998,0.9989828007179907,0.000672671081677704,0.03833708609271524,2265,0,1,daily_me_op,daily size characteristic,return_seeking_recent_winner,27,calibration,iid,constant_a014,0.036884644591611476
0.0057270957772855,0.0014814595372617848,0.013925939087806361,0.0099025641025641,0.051232000000000014,1.2124934030609853,1299.9999999999998,0.9994646828242556,0.0004266225165562914,0.042104856512141284,2265,0,0,daily_me_op,daily size characteristic,return_seeking_recent_winner,27,calibration,iid,constant_a015,0.036884644591611476
-0.0020072249061531366,-0.009718925230275099,0.007064076262030042,0.009681102157525346,0.010075384615384623,3.0345953584830663,1299.9999999999998,0.9986602227997867,0.0004412362030905077,0.037138410596026496,2265,0,1,daily_me_op,daily size characteristic,return_seeking_recent_winner,27,calibration,iid,constant_a016,0.036884644591611476
0.0015783711262659051,-0.009618972156967826,0.013609082228465652,0.001598962386511025,0.004218461538461539,3.047224622993476,1299.9999999999998,0.9986546469655658,0.00043708609271523176,0.03571677704194261,2265,0,1,daily_me_op,daily size characteristic,return_seeking_recent_winner,27,calibration,iid,constant_a017,0.036884644591611476
-0.0006538075645665095,-0.009910187620181386,0.010580923981309167,0.003030948678071542,0.0121,2.0346449020567925,1299.9999999999998,0.999101702029997,0.0004893156732891833,0.03461456953642384,2265,0,1,daily_me_op,daily size characteristic,return_seeking_recent_winner,27,calibration,iid,constant_a018,0.036884644591611476
0.0008739322234870136,-0.006111400730992999,0.0034334249150602134,0.006096969696969696,0.04890697674418605,1.0718042407130606,1299.9999999999998,0.9995267972447183,0.0005333333333333335,0.03605783664459162,2265,0,0,daily_me_op,daily size characteristic,return_seeking_recent_winner,27,calibration,iid,constant_a019,0.036884644591611476
0.005480580694716033,-0.016760157469267047,0.028824243912385916,0.009881242236024847,0.04884553990610328,3.3217912375758116,1299.9999999999998,0.998533425502174,0.00028900662251655633,0.046241501103752754,2265,0,1,daily_me_op,daily size characteristic,return_seeking_recent_winner,27,calibration,iid,constant_a020,0.036884644591611476
-0.0013879732841331968,-0.008113915899022384,0.0009919898549004456,0.006462090007627756,0.0327,1.0572444070442744,1299.9999999999998,0.9995332254273536,0.00029668874172185427,0.03527350993377483,2265,0,0,daily_me_op,daily size characteristic,return_seeking_recent_winner,27,calibration,iid,constant_a021,0.036884644591611476
0.005854919285318101,0.0009642785505838178,0.01501419112658891,0.00044722010662604845,0.026163636363636368,2.120942655396595,1299.9999999999998,0.9990636014766461,0.00039487858719646797,0.03427064017660044,2265,0,1,daily_me_op,daily size characteristic,return_seeking_recent_winner,27,calibration,iid,constant_a022,0.036884644591611476
-0.009694695516295903,-0.0187580465429165,-0.001785104626216309,0.008329244804865688,0.014858501440922189,3.192726834305381,1299.9999999999998,0.9985904075786731,0.00040044150110375275,0.030308830022075055,2265,0,1,daily_me_op,daily size characteristic,return_seeking_recent_winner,27,calibration,iid,constant_a023,0.036884644591611476
0.006043907255235708,0.0009787853147063183,0.020300790380473766,0.018104108681245866,0.05909268292682925,1.4005402682520474,1299.9999999999998,0.9993816599257165,0.0004770860927152318,0.031186534216335538,2265,0,0,daily_me_op,daily size characteristic,return_seeking_recent_winner,27,calibration,iid,constant_a024,0.036884644591611476
0.009562286752477485,0.0008789424812030069,0.026928975295025644,-0.016008,inf,1.0,1299.9999999999998,0.9995584988962473,0.00046527858719646806,0.036884644591611476,2265,79,0,daily_me_op,daily size characteristic,return_seeking_recent_winner,27,calibration,iid,constant_equal_weight_public,0.036884644591611476
0.0005917730943051368,3.317144450013573e-05,0.0012281363925526938,0.037901624548736516,0.04102411604714439,2215.9999999999836,1.0196078431372548,0.021633554083892448,0.0006160706401766005,0.03774635761589404,2265,0,4,daily_me_op,daily size characteristic,return_seeking_recent_winner,27,calibration,iid,momentum_12,0.036884644591611476
0.02624633479859347,-0.014824673388055367,0.08723069937278152,0.007485098522167489,0.009513938780672906,5.191527913894338,1299.9999999999998,0.9977079346958524,0.0004981015452538633,0.031074392935982336,2265,0,2,daily_me_op,daily size characteristic,return_seeking_recent_winner,27,calibration,iid,low_vol_12,0.036884644591611476
0.0008469601396772299,0.0003750971337502633,0.001335013827142503,0.03967528779739068,0.04387586206896571,1302.9999999999923,1.0196078431372548,0.424724061810158,0.0005762030905077263,0.03806313465783665,2265,0,4,daily_me_op,daily size characteristic,return_seeking_recent_winner,27,calibration,iid,risk_adjusted_12,0.036884644591611476
0.011063419299431432,0.010570437437115143,0.011517766479767813,0.0299,0.0347,59.99999999999975,1.0196078431372548,0.9735099337748345,0.0004431169977924945,0.03881567328918323,2265,0,4,daily_me_op,daily size characteristic,return_seeking_recent_winner,27,calibration,iid,ridge_return_train_only,0.036884644591611476
0.00943665048692199,0.0020620902791053195,0.02058224856089562,0.00046075471698112385,0.03865376344086023,2.15987205314715,1299.9999999999998,0.9990464141045708,0.00030348785871964673,0.0393766004415011,2265,0,1,daily_me_op,daily size characteristic,return_seeking_recent_winner,27,calibration,block,constant_a000,0.036884644591611476
0.025230601801121803,-0.016970760207037337,0.10607612216498497,0.005161763573353871,0.02202758620689655,2.0743749340647706,1299.9999999999998,0.9990841611770134,0.00045673289183222954,0.03845033112582781,2265,0,1,daily_me_op,daily size characteristic,return_seeking_recent_winner,27,calibration,block,constant_a001,0.036884644591611476
0.019851414106305105,-0.020231771257781958,0.08931248435429225,0.016338042640637034,0.0169382530120482,3.1075714848420435,1299.9999999999998,0.9986280037594516,0.00042763796909492266,0.03839094922737307,2265,0,1,daily_me_op,daily size characteristic,return_seeking_recent_winner,27,calibration,block,constant_a002,0.036884644591611476
-0.003723383291640136,-0.05288689932939897,0.025200913039825093,0.020362992922143573,0.021839622641509435,3.2089228514379644,1299.9999999999998,0.9985832570192327,0.00047395143487858726,0.03862604856512141,2265,0,1,daily_me_op,daily size characteristic,return_seeking_recent_winner,27,calibration,block,constant_a003,0.036884644591611476
-0.005787733379846231,-0.021690853659872,0.002906610343805384,0.012207066617592927,0.035032947976878615,2.270422095966141,1299.9999999999998,0.9989976061386463,0.0004247682119205297,0.04078388520971302,2265,0,1,daily_me_op,daily size characteristic,return_seeking_recent_winner,27,calibration,block,constant_a004,0.036884644591611476
-0.025709042658505817,-0.07516384294808565,0.007516297871135524,0.053,0.053,5.213920322430589,1299.9999999999998,0.997698048422768,0.0004983664459161148,0.04207969094922737,2265,0,2,daily_me_op,daily size characteristic,return_seeking_recent_winner,27,calibration,block,constant_a005,0.036884644591611476
0.009193074055806032,0.007632790102854405,0.011456810223524187,0.0662,0.0662,19.999999999999996,1.0196078431372548,0.9911699779249448,0.0004000000000000001,0.03936004415011037,2265,0,3,daily_me_op,daily size characteristic,return_seeking_recent_winner,27,calibration,block,constant_a006,0.036884644591611476
-0.005332469220324524,-0.016644853294559045,0.009960378072119533,0.008888746604578975,0.050499999999999996,2.042560200192109,1299.9999999999998,0.9990982074171337,0.0005164238410596026,0.03821633554083886,2265,0,1,daily_me_op,daily size characteristic,return_seeking_recent_winner,27,calibration,block,constant_a007,0.036884644591611476
-0.007463837061494702,-0.021102940031243283,0.006066408558407068,0.0131368959345436,0.015665544989027072,3.1363631983114035,1299.9999999999998,0.998615292186176,0.000591523178807947,0.03958874172185431,2265,0,1,daily_me_op,daily size characteristic,return_seeking_recent_winner,27,calibration,block,constant_a008,0.036884644591611476
0.002094364902004298,0.0017188868395893423,0.0024167394862552242,0.03459620253164557,0.03937272727272726,157.99999999999983,1.0196078431372548,0.9302428256070641,0.0006415011037527594,0.04022317880794702,2265,0,4,daily_me_op,daily size characteristic,return_seeking_recent_winner,27,calibration,block,constant_a009,0.036884644591611476
0.003420473410540285,-0.0002469527702167151,0.01023382325676341,0.00785942028985506,0.03636385542168675,1.171412227122588,1299.9999999999998,0.9994828202087759,0.0004702428256070641,0.04091456953642385,2265,0,0,daily_me_op,daily size characteristic,return_seeking_recent_winner,27,calibration,block,constant_a010,0.036884644591611476
0.004596573554030549,0.0020818581632321685,0.006138546181373235,-0.0029172839506172834,0.031200000000000002,1.033199109769286,1299.9999999999998,0.9995438414526405,0.0005049448123620308,0.03691633554083885,2265,0,0,daily_me_op,daily size characteristic,return_seeking_recent_winner,27,calibration,block,constant_a011,0.036884644591611476
0.0036155741184169823,0.0026007101300388547,0.004914161982533429,0.005055725190839697,0.05679999999999999,1.0556327891441026,1299.9999999999998,0.9995339369584353,0.0005502428256070641,0.03507041942604857,2265,0,0,daily_me_op,daily size characteristic,return_seeking_recent_winner,27,calibration,block,constant_a012,0.036884644591611476
0.0033506351949051942,0.002516150633417286,0.0047017841357076436,-0.0005850271528316485,0.0392,1.0220725511629583,1299.9999999999998,0.9995487538405462,0.0005137748344370861,0.036443487858719655,2265,0,0,daily_me_op,daily size characteristic,return_seeking_recent_winner,27,calibration,block,constant_a013,0.036884644591611476
-0.002534669949064971,-0.02081358640998071,0.00812702794529696,0.01564051881622213,0.01979350649350649,2.303956373751055,1299.9999999999998,0.9989828007179907,0.000672671081677704,0.03833708609271524,2265,0,1,daily_me_op,daily size characteristic,return_seeking_recent_winner,27,calibration,block,constant_a014,0.036884644591611476
0.0057270957772855,0.0013803396848996808,0.013847611133890653,0.0099025641025641,0.05305217391304349,1.2124934030609853,1299.9999999999998,0.9994646828242556,0.0004266225165562914,0.042104856512141284,2265,0,0,daily_me_op,daily size characteristic,return_seeking_recent_winner,27,calibration,block,constant_a015,0.036884644591611476
-0.0020072249061531366,-0.010011910592205773,0.006695856006602717,0.009681102157525346,0.014899999999999998,3.0345953584830663,1299.9999999999998,0.9986602227997867,0.0004412362030905077,0.037138410596026496,2265,0,1,daily_me_op,daily size characteristic,return_seeking_recent_winner,27,calibration,block,constant_a016,0.036884644591611476
0.0015783711262659051,-0.009378273023052271,0.013996539914402816,0.001598962386511025,0.005036709824828636,3.047224622993476,1299.9999999999998,0.9986546469655658,0.00043708609271523176,0.03571677704194261,2265,0,1,daily_me_op,daily size characteristic,return_seeking_recent_winner,27,calibration,block,constant_a017,0.036884644591611476
-0.0006538075645665095,-0.009786019657068407,0.01039452472705204,0.003030948678071542,0.0121,2.0346449020567925,1299.9999999999998,0.999101702029997,0.0004893156732891833,0.03461456953642384,2265,0,1,daily_me_op,daily size characteristic,return_seeking_recent_winner,27,calibration,block,constant_a018,0.036884644591611476
0.0008739322234870136,-0.006274921745025738,0.0038064863334399154,0.006096969696969696,0.051899999999999995,1.0718042407130606,1299.9999999999998,0.9995267972447183,0.0005333333333333335,0.03605783664459162,2265,0,0,daily_me_op,daily size characteristic,return_seeking_recent_winner,27,calibration,block,constant_a019,0.036884644591611476
0.005480580694716033,-0.015313383661506424,0.03610996274526804,0.009881242236024847,0.024137726967047787,3.3217912375758116,1299.9999999999998,0.998533425502174,0.00028900662251655633,0.046241501103752754,2265,0,1,daily_me_op,daily size characteristic,return_seeking_recent_winner,27,calibration,block,constant_a020,0.036884644591611476
-0.0013879732841331968,-0.006173680015909602,0.0014440549867037733,0.006462090007627756,0.0327,1.0572444070442744,1299.9999999999998,0.9995332254273536,0.00029668874172185427,0.03527350993377483,2265,0,0,daily_me_op,daily size characteristic,return_seeking_recent_winner,27,calibration,block,constant_a021,0.036884644591611476
0.005854919285318101,0.000879246886616419,0.016256232824413692,0.00044722010662604845,0.02767692307692308,2.120942655396595,1299.9999999999998,0.9990636014766461,0.00039487858719646797,0.03427064017660044,2265,0,1,daily_me_op,daily size characteristic,return_seeking_recent_winner,27,calibration,block,constant_a022,0.036884644591611476
-0.009694695516295903,-0.02149036494366832,-0.0016123305037907957,0.008329244804865688,0.021461764705882354,3.192726834305381,1299.9999999999998,0.9985904075786731,0.00040044150110375275,0.030308830022075055,2265,0,1,daily_me_op,daily size characteristic,return_seeking_recent_winner,27,calibration,block,constant_a023,0.036884644591611476
0.006043907255235708,0.0009759617261684176,0.015806949815452446,0.018104108681245866,0.061543824701195196,1.4005402682520474,1299.9999999999998,0.9993816599257165,0.0004770860927152318,0.031186534216335538,2265,0,0,daily_me_op,daily size characteristic,return_seeking_recent_winner,27,calibration,block,constant_a024,0.036884644591611476
0.009562286752477485,0.0008789424812030069,0.02714605890180757,-0.016008,inf,1.0,1299.9999999999998,0.9995584988962473,0.00046527858719646806,0.036884644591611476,2265,83,0,daily_me_op,daily size characteristic,return_seeking_recent_winner,27,calibration,block,constant_equal_weight_public,0.036884644591611476
0.0005917730943051368,-9.42227616408416e-05,0.0011821998261276503,0.037901624548736516,0.04469909132212654,2215.9999999999836,1.0196078431372548,0.021633554083892448,0.0006160706401766005,0.03774635761589404,2265,0,4,daily_me_op,daily size characteristic,return_seeking_recent_winner,27,calibration,block,momentum_12,0.036884644591611476
0.02624633479859347,-0.011334876722772919,0.1109199968484548,0.007485098522167489,0.010249891383055763,5.191527913894338,1299.9999999999998,0.9977079346958524,0.0004981015452538633,0.031074392935982336,2265,0,2,daily_me_op,daily size characteristic,return_seeking_recent_winner,27,calibration,block,low_vol_12,0.036884644591611476
0.0008469601396772299,0.00025037138403195396,0.0014908893661110883,0.03967528779739068,0.04848676470588259,1302.9999999999923,1.0196078431372548,0.424724061810158,0.0005762030905077263,0.03806313465783665,2265,0,4,daily_me_op,daily size characteristic,return_seeking_recent_winner,27,calibration,block,risk_adjusted_12,0.036884644591611476
0.011063419299431432,0.009568102047865939,0.01325606998393502,0.0299,0.0347,59.99999999999975,1.0196078431372548,0.9735099337748345,0.0004431169977924945,0.03881567328918323,2265,0,4,daily_me_op,daily size characteristic,return_seeking_recent_winner,27,calibration,block,ridge_return_train_only,0.036884644591611476
0.0016512436603734245,-0.0005295795854983188,0.002545591608353124,0.0190759597230963,0.036899999999999995,1.5529002010530712,1299.9999999999998,0.9994547400979449,0.0003962780898876405,0.03857907303370787,2848,0,0,daily_me_op,daily size characteristic,return_seeking_recent_winner,27,test,iid,constant_a000,0.036884644591611476
-0.006096571397670028,-0.023269959212191525,0.007946160653296222,0.017754519701261916,0.024294117647058824,3.0916334097679883,1299.9999999999998,0.998914454561177,0.0005180828651685394,0.030657022471910114,2848,0,1,daily_me_op,daily size characteristic,return_seeking_recent_winner,27,test,iid,constant_a001,0.036884644591611476
0.0034663310108514187,-0.01856622697712366,0.03407683091507154,0.011423018147086912,0.012111606510969587,4.214479976194281,1299.9999999999998,0.9985201966375722,0.0005845505617977528,0.030667977528089887,2848,0,1,daily_me_op,daily size characteristic,return_seeking_recent_winner,27,test,iid,constant_a002,0.036884644591611476
0.021032801900199745,0.002067247262050777,0.05761775096024572,0.01236567438441749,0.11921011235955051,2.2771093008257006,1299.9999999999998,0.9992004531949348,0.000689817415730337,0.039128651685393256,2848,0,1,daily_me_op,daily size characteristic,return_seeking_recent_winner,27,test,iid,constant_a003,0.036884644591611476
0.006077946925650481,0.0012806495105788483,0.019859417010870056,0.014105385139740974,0.037870731707317064,1.3236969474424265,1299.9999999999998,0.9995352187684542,0.0003732443820224719,0.03620463483146068,2848,0,0,daily_me_op,daily size characteristic,return_seeking_recent_winner,27,test,iid,constant_a004,0.036884644591611476
-0.014324613828756843,-0.058748124672849185,0.00285929490830516,0.022616236162361615,0.03390349650349651,2.258743129903643,1299.9999999999998,0.9992069019909047,0.0004969803370786517,0.04001446629213483,2848,0,1,daily_me_op,daily size characteristic,return_seeking_recent_winner,27,test,iid,constant_a005,0.036884644591611476
0.0010962017772561759,-0.0484011857449776,0.0325415610169225,0.038,0.038,2.0473167490957382,1299.9999999999998,0.9992811387819186,0.000506179775280899,0.03197050561797753,2848,0,1,daily_me_op,daily size characteristic,return_seeking_recent_winner,27,test,iid,constant_a006,0.036884644591611476
-0.008154664249655828,-0.016035906719924293,-0.004091979350850869,0.012118397626112743,0.018111111111111113,1.117737734806836,1299.9999999999998,0.9996075359077223,0.0005496839887640451,0.03202626404494382,2848,0,0,daily_me_op,daily size characteristic,return_seeking_recent_winner,27,test,iid,constant_a007,0.036884644591611476
-0.0005625638758479938,-0.001798232018480949,0.00028891163111935305,0.005001075268817207,0.015962264150943397,2.085568128972247,1299.9999999999998,0.9992677078198834,0.0004826896067415731,0.03332331460674158,2848,0,1,daily_me_op,daily size characteristic,return_seeking_recent_winner,27,test,iid,constant_a008,0.036884644591611476
0.002509418478481518,0.0022907628368726554,0.0027289558773672027,0.03065945945945946,0.037791891891891895,73.99999999999963,1.0196078431372548,0.9740168539325844,0.0004806179775280899,0.0354438202247191,2848,0,4,daily_me_op,daily size characteristic,return_seeking_recent_winner,27,test,iid,constant_a009,0.036884644591611476
-0.00801491253892504,-0.026271990446303017,0.002940604740477176,0.012943603782976602,0.01557060439560439,3.3102519792629663,1299.9999999999998,0.9988376924230116,0.0005072331460674157,0.03976390449438202,2848,0,1,daily_me_op,daily size characteristic,return_seeking_recent_winner,27,test,iid,constant_a010,0.036884644591611476
0.0020031605818165363,0.0016550002281412568,0.002333287414925161,0.03,0.03,17.0,1.0196078431372548,0.9940308988764045,0.0004511235955056179,0.03151390449438202,2848,0,3,daily_me_op,daily size characteristic,return_seeking_recent_winner,27,test,iid,constant_a011,0.036884644591611476
-0.019123576832509606,-0.06257091770714936,0.002567910242066527,0.023671706936866727,0.0317,2.025166811943409,1299.9999999999998,0.9992889161474918,0.0005087078651685394,0.032783988764044945,2848,0,1,daily_me_op,daily size characteristic,return_seeking_recent_winner,27,test,iid,constant_a012,0.036884644591611476
0.0074394781540300416,-0.017435728064749377,0.05330006721100783,0.014835010940919038,0.014904967197750706,5.036129263394318,1299.9999999999998,0.9982316961856059,0.0005538623595505618,0.03227443820224719,2848,0,2,daily_me_op,daily size characteristic,return_seeking_recent_winner,27,test,iid,constant_a013,0.036884644591611476
0.011817613750844204,0.0030332272720744887,0.028466805645325576,-0.0025643819792067735,0.0394,2.0743749340647715,1299.9999999999998,0.9992716380147244,0.000419066011235955,0.03335842696629214,2848,0,1,daily_me_op,daily size characteristic,return_seeking_recent_winner,27,test,iid,constant_a014,0.036884644591611476
0.008528136509765078,0.0008911680747818576,0.023270475212911618,0.00658715728715729,0.03089460580912863,2.363232406737626,1299.9999999999998,0.9991702133403308,0.0005329705056179775,0.03754929775280899,2848,0,1,daily_me_op,daily size characteristic,return_seeking_recent_winner,27,test,iid,constant_a015,0.036884644591611476
-0.006899452942318019,-0.012006033505842027,-0.004237782576252382,0.008957896779200615,0.02432608695652174,2.04256020019211,1299.9999999999998,0.9992828089184719,0.0004458216292134831,0.029966853932584265,2848,0,1,daily_me_op,daily size characteristic,return_seeking_recent_winner,27,test,iid,constant_a016,0.036884644591611476
0.006855082412476236,0.004102761624559695,0.010952519411548036,0.0006211012706969584,0.021200000000000004,2.0743749340647746,1299.9999999999998,0.9992716380147244,0.0005253511235955056,0.02912837078651686,2848,0,1,daily_me_op,daily size characteristic,return_seeking_recent_winner,27,test,iid,constant_a017,0.036884644591611476
-0.01899196293874767,-0.07050973836354849,0.013305120279975937,0.030699999999999998,0.0307,4.050333623886822,1299.9999999999998,0.9985778322949835,0.0005296348314606743,0.0289566011235955,2848,0,1,daily_me_op,daily size characteristic,return_seeking_recent_winner,27,test,iid,constant_a018,0.036884644591611476
0.0004893241667041377,-0.0055839537214566635,0.003679728454273389,0.005444061302681986,0.023,1.0475931240023262,1299.9999999999998,0.9996321653356733,0.00048683286516853927,0.02873441011235955,2848,0,0,daily_me_op,daily size characteristic,return_seeking_recent_winner,27,test,iid,constant_a019,0.036884644591611476
-0.008834118774232699,-0.023631429678259805,-0.0012083310898340642,0.02244707044107965,0.04266679841897232,1.4191555408215641,1299.9999999999998,0.999501701003925,0.0004640800561797754,0.037429634831460674,2848,0,0,daily_me_op,daily size characteristic,return_seeking_recent_winner,27,test,iid,constant_a020,0.036884644591611476
0.0015315232595810595,0.0013902878236982034,0.0017312710234213449,0.024783177570093455,0.029834782608695657,106.99999999999936,1.0196078431372548,0.9624297752808991,0.0005357092696629213,0.029238483146067418,2848,0,4,daily_me_op,daily size characteristic,return_seeking_recent_winner,27,test,iid,constant_a021,0.036884644591611476
0.0016911523232352405,0.0014945156451221843,0.0019320598965912946,0.028864197530864198,0.0456953216374269,161.9999999999999,1.0196078431372548,0.9431179775280899,0.000558251404494382,0.02764115168539326,2848,0,4,daily_me_op,daily size characteristic,return_seeking_recent_winner,27,test,iid,constant_a022,0.036884644591611476
-0.008509978244115361,-0.026842596066548468,0.003495880227955828,0.01768553758325404,0.018242486085343228,4.246730758436387,1299.9999999999998,0.9985088726269535,0.0006573033707865169,0.028800421348314606,2848,0,1,daily_me_op,daily size characteristic,return_seeking_recent_winner,27,test,iid,constant_a023,0.036884644591611476
-8.900974701880833e-07,-0.0038604938537441895,0.0014858560930905095,0.014777800134138168,0.058824561403508745,1.3673421939783872,1299.9999999999998,0.9995198938925638,0.0006134831460674157,0.02737092696629214,2848,0,0,daily_me_op,daily size characteristic,return_seeking_recent_winner,27,test,iid,constant_a024,0.036884644591611476
0.0032626326317898085,-0.003980485345737945,0.015378746927140552,0.004444000000000001,inf,2.0,1299.9999999999998,0.9992977528089888,0.0005147022471910111,0.030364893258426964,2848,33,1,daily_me_op,daily size characteristic,return_seeking_recent_winner,27,test,iid,constant_equal_weight_public,0.036884644591611476
0.0005706891233574079,-0.00018722889480758976,0.0011956553517737934,0.039703465523401246,0.045354208273894726,2798.9999999999786,1.0196078431372548,0.01720505617978274,0.0005490519662921348,0.039553370786516856,2848,0,4,daily_me_op,daily size characteristic,return_seeking_recent_winner,27,test,iid,momentum_12,0.036884644591611476
0.006611343176150205,-0.01647770421570638,0.03826943207708484,0.017725502008032138,0.01901818181818182,3.2544895114530723,1299.9999999999998,0.9988572719412033,0.0004874002808988763,0.026351544943820224,2848,0,1,daily_me_op,daily size characteristic,return_seeking_recent_winner,27,test,iid,low_vol_12,0.036884644591611476
0.0010186371902181192,0.0004454697217760626,0.001485853955975881,0.03922443438914032,0.0464117647058826,1546.9999999999902,1.0196078431372548,0.45681179775281244,0.0007221207865168541,0.0337123595505618,2848,0,4,daily_me_op,daily size characteristic,return_seeking_recent_winner,27,test,iid,risk_adjusted_12,0.036884644591611476
0.008457478737860423,0.0033472930084834447,0.011177722992255786,0.0034745913818722144,0.038338888888888895,1.1144248371159209,1299.9999999999998,0.9996086991442711,0.0004469887640449438,0.032545786516853935,2848,0,0,daily_me_op,daily size characteristic,return_seeking_recent_winner,27,test,iid,ridge_return_train_only,0.036884644591611476
0.0016512436603734245,-5.0580908007416015e-05,0.002713406554761806,0.0190759597230963,0.03772077922077922,1.5529002010530712,1299.9999999999998,0.9994547400979449,0.0003962780898876405,0.03857907303370787,2848,0,0,daily_me_op,daily size characteristic,return_seeking_recent_winner,27,test,block,constant_a000,0.036884644591611476
-0.006096571397670028,-0.025678297745153327,0.007690734143679408,0.017754519701261916,0.01805889101338434,3.0916334097679883,1299.9999999999998,0.998914454561177,0.0005180828651685394,0.030657022471910114,2848,0,1,daily_me_op,daily size characteristic,return_seeking_recent_winner,27,test,block,constant_a001,0.036884644591611476
0.0034663310108514187,-0.02130457187938617,0.029378943446904882,0.011423018147086912,0.012159723964868257,4.214479976194281,1299.9999999999998,0.9985201966375722,0.0005845505617977528,0.030667977528089887,2848,0,1,daily_me_op,daily size characteristic,return_seeking_recent_winner,27,test,block,constant_a002,0.036884644591611476
0.021032801900199745,0.0018899509991653681,0.07421290620909912,0.01236567438441749,0.13223081761006283,2.2771093008257006,1299.9999999999998,0.9992004531949348,0.000689817415730337,0.039128651685393256,2848,0,1,daily_me_op,daily size characteristic,return_seeking_recent_winner,27,test,block,constant_a003,0.036884644591611476
0.006077946925650481,0.0011774451829001677,0.015658135323025138,0.014105385139740974,0.038879679144385025,1.3236969474424265,1299.9999999999998,0.9995352187684542,0.0003732443820224719,0.03620463483146068,2848,0,0,daily_me_op,daily size characteristic,return_seeking_recent_winner,27,test,block,constant_a004,0.036884644591611476
-0.014324613828756843,-0.047594874356373267,0.0039025437369015993,0.022616236162361615,0.03690845070422535,2.258743129903643,1299.9999999999998,0.9992069019909047,0.0004969803370786517,0.04001446629213483,2848,0,1,daily_me_op,daily size characteristic,return_seeking_recent_winner,27,test,block,constant_a005,0.036884644591611476
0.0010962017772561759,-0.035129611666893164,0.04060094310169218,0.038,0.038,2.0473167490957382,1299.9999999999998,0.9992811387819186,0.000506179775280899,0.03197050561797753,2848,0,1,daily_me_op,daily size characteristic,return_seeking_recent_winner,27,test,block,constant_a006,0.036884644591611476
-0.008154664249655828,-0.01717637841287191,-0.00334789659773106,0.012118397626112743,0.01864375,1.117737734806836,1299.9999999999998,0.9996075359077223,0.0005496839887640451,0.03202626404494382,2848,0,0,daily_me_op,daily size characteristic,return_seeking_recent_winner,27,test,block,constant_a007,0.036884644591611476
-0.0005625638758479938,-0.0018459863613526145,0.0007263605705616693,0.005001075268817207,0.01662051282051282,2.085568128972247,1299.9999999999998,0.9992677078198834,0.0004826896067415731,0.03332331460674158,2848,0,1,daily_me_op,daily size characteristic,return_seeking_recent_winner,27,test,block,constant_a008,0.036884644591611476
0.002509418478481518,0.0019447349054877456,0.003126545022950037,0.03065945945945946,0.03763333333333334,73.99999999999963,1.0196078431372548,0.9740168539325844,0.0004806179775280899,0.0354438202247191,2848,0,4,daily_me_op,daily size characteristic,return_seeking_recent_winner,27,test,block,constant_a009,0.036884644591611476
-0.00801491253892504,-0.021394109419471057,0.0013197622735500567,0.012943603782976602,0.022431606217616574,3.3102519792629663,1299.9999999999998,0.9988376924230116,0.0005072331460674157,0.03976390449438202,2848,0,1,daily_me_op,daily size characteristic,return_seeking_recent_winner,27,test,block,constant_a010,0.036884644591611476
0.0020031605818165363,0.00044767866023095337,0.003171631349652778,0.03,0.03,17.0,1.0196078431372548,0.9940308988764045,0.0004511235955056179,0.03151390449438202,2848,0,3,daily_me_op,daily size characteristic,return_seeking_recent_winner,27,test,block,constant_a011,0.036884644591611476
-0.019123576832509606,-0.05811339906996933,0.00289269485210527,0.023671706936866727,0.0317,2.025166811943409,1299.9999999999998,0.9992889161474918,0.0005087078651685394,0.032783988764044945,2848,0,1,daily_me_op,daily size characteristic,return_seeking_recent_winner,27,test,block,constant_a012,0.036884644591611476
0.0074394781540300416,-0.0211244490167069,0.04653441961548186,0.014835010940919038,0.014916363636363639,5.036129263394318,1299.9999999999998,0.9982316961856059,0.0005538623595505618,0.03227443820224719,2848,0,2,daily_me_op,daily size characteristic,return_seeking_recent_winner,27,test,block,constant_a013,0.036884644591611476
0.011817613750844204,0.002916386557867294,0.031105265991067034,-0.0025643819792067735,0.0394,2.0743749340647715,1299.9999999999998,0.9992716380147244,0.000419066011235955,0.03335842696629214,2848,0,1,daily_me_op,daily size characteristic,return_seeking_recent_winner,27,test,block,constant_a014,0.036884644591611476
0.008528136509765078,0.0008406408739928558,0.02338001604054516,0.00658715728715729,0.030709170305676853,2.363232406737626,1299.9999999999998,0.9991702133403308,0.0005329705056179775,0.03754929775280899,2848,0,1,daily_me_op,daily size characteristic,return_seeking_recent_winner,27,test,block,constant_a015,0.036884644591611476
-0.006899452942318019,-0.01165427404303437,-0.0040313586304367415,0.008957896779200615,0.024804761904761902,2.04256020019211,1299.9999999999998,0.9992828089184719,0.0004458216292134831,0.029966853932584265,2848,0,1,daily_me_op,daily size characteristic,return_seeking_recent_winner,27,test,block,constant_a016,0.036884644591611476
0.006855082412476236,0.003620386799516979,0.010920348536170115,0.0006211012706969584,0.020442857142857145,2.0743749340647746,1299.9999999999998,0.9992716380147244,0.0005253511235955056,0.02912837078651686,2848,0,1,daily_me_op,daily size characteristic,return_seeking_recent_winner,27,test,block,constant_a017,0.036884644591611476
-0.01899196293874767,-0.07015227771792666,0.013374047831487495,0.030699999999999998,0.0307,4.050333623886822,1299.9999999999998,0.9985778322949835,0.0005296348314606743,0.0289566011235955,2848,0,1,daily_me_op,daily size characteristic,return_seeking_recent_winner,27,test,block,constant_a018,0.036884644591611476
0.0004893241667041377,-0.0055163947238670175,0.003934631401117703,0.005444061302681986,0.023,1.0475931240023262,1299.9999999999998,0.9996321653356733,0.00048683286516853927,0.02873441011235955,2848,0,0,daily_me_op,daily size characteristic,return_seeking_recent_winner,27,test,block,constant_a019,0.036884644591611476
-0.008834118774232699,-0.02468690995389479,-0.000935974509058592,0.02244707044107965,0.04457158671586716,1.4191555408215641,1299.9999999999998,0.999501701003925,0.0004640800561797754,0.037429634831460674,2848,0,0,daily_me_op,daily size characteristic,return_seeking_recent_winner,27,test,block,constant_a020,0.036884644591611476
0.0015315232595810595,0.0011080098387715002,0.002110484380085928,0.024783177570093455,0.029970129870129873,106.99999999999936,1.0196078431372548,0.9624297752808991,0.0005357092696629213,0.029238483146067418,2848,0,4,daily_me_op,daily size characteristic,return_seeking_recent_winner,27,test,block,constant_a021,0.036884644591611476
0.0016911523232352405,0.0012909170722503768,0.0022062395055624903,0.028864197530864198,0.04218085106382979,161.9999999999999,1.0196078431372548,0.9431179775280899,0.000558251404494382,0.02764115168539326,2848,0,4,daily_me_op,daily size characteristic,return_seeking_recent_winner,27,test,block,constant_a022,0.036884644591611476
-0.008509978244115361,-0.02369364555777522,0.003972877617193549,0.01768553758325404,0.01845586819696409,4.246730758436387,1299.9999999999998,0.9985088726269535,0.0006573033707865169,0.028800421348314606,2848,0,1,daily_me_op,daily size characteristic,return_seeking_recent_winner,27,test,block,constant_a023,0.036884644591611476
-8.900974701880833e-07,-0.0026628930710801183,0.0016197527363864676,0.014777800134138168,0.07289651741293532,1.3673421939783872,1299.9999999999998,0.9995198938925638,0.0006134831460674157,0.02737092696629214,2848,0,0,daily_me_op,daily size characteristic,return_seeking_recent_winner,27,test,block,constant_a024,0.036884644591611476
0.0032626326317898085,-0.0064101992592084135,0.015319154673375855,0.004444000000000001,inf,2.0,1299.9999999999998,0.9992977528089888,0.0005147022471910111,0.030364893258426964,2848,34,1,daily_me_op,daily size characteristic,return_seeking_recent_winner,27,test,block,constant_equal_weight_public,0.036884644591611476
0.0005706891233574079,3.6338827630148845e-05,0.0010991281862607809,0.039703465523401246,0.047429746156596675,2798.9999999999786,1.0196078431372548,0.01720505617978274,0.0005490519662921348,0.039553370786516856,2848,0,4,daily_me_op,daily size characteristic,return_seeking_recent_winner,27,test,block,momentum_12,0.036884644591611476
0.006611343176150205,-0.018549283452662532,0.03825971373075636,0.017725502008032138,0.018105479452054783,3.2544895114530723,1299.9999999999998,0.9988572719412033,0.0004874002808988763,0.026351544943820224,2848,0,1,daily_me_op,daily size characteristic,return_seeking_recent_winner,27,test,block,low_vol_12,0.036884644591611476
0.0010186371902181192,0.00059122407750849,0.0014794084073186569,0.03922443438914032,0.047681286549707894,1546.9999999999902,1.0196078431372548,0.45681179775281244,0.0007221207865168541,0.0337123595505618,2848,0,4,daily_me_op,daily size characteristic,return_seeking_recent_winner,27,test,block,risk_adjusted_12,0.036884644591611476
0.008457478737860423,0.0023822072628137984,0.0123904370601175,0.0034745913818722144,0.03862222222222223,1.1144248371159209,1299.9999999999998,0.9996086991442711,0.0004469887640449438,0.032545786516853935,2848,0,0,daily_me_op,daily size characteristic,return_seeking_recent_winner,27,test,block,ridge_return_train_only,0.036884644591611476
-0.00037342350589358587,-0.007222882091705334,0.0072687738903567155,0.0501792075130166,0.060700000000000004,65.32053289242741,62.88969566433185,0.9711609126302749,0.00030348785871964673,0.0393766004415011,2265,0,4,daily_me_op,daily size characteristic,market_state_mixed,7,calibration,iid,constant_a000,0.036884644591611476
-0.002756998026323957,-0.00585359323383953,0.0002037915440377998,0.04979246590192035,0.06138842885206422,62.84232318609941,61.80044149068949,0.9722550449509495,0.00045673289183222954,0.03845033112582781,2265,0,4,daily_me_op,daily size characteristic,market_state_mixed,7,calibration,iid,constant_a001,0.036884644591611476
0.0008012082013652956,-0.003158240058891705,0.003949126559059082,0.024716830647919914,0.028455908646509785,54.18686926016952,64.56523338167449,0.9760764374127286,0.00042763796909492266,0.03839094922737307,2265,0,4,daily_me_op,daily size characteristic,market_state_mixed,7,calibration,iid,constant_a002,0.036884644591611476
0.003429131699137277,6.95749907026374e-05,0.007501433628007257,0.024662097471553186,0.0273,63.82900052244573,64.0141370720124,0.9718194258179047,0.00047395143487858726,0.03862604856512141,2265,0,4,daily_me_op,daily size characteristic,market_state_mixed,7,calibration,iid,constant_a003,0.036884644591611476
0.0005291945174278781,-0.002298917556886783,0.0041461385367678235,0.028618945661234366,0.03291140746078198,69.53807396680773,64.28930911235823,0.9692988635908134,0.0004247682119205297,0.04078388520971302,2265,0,4,daily_me_op,daily size characteristic,market_state_mixed,7,calibration,iid,constant_a004,0.036884644591611476
-0.0006401882895259892,-0.0038218086465825274,0.0028467340094815293,0.02632188446529208,0.030587677848985053,64.84095175702095,63.719149656186865,0.9713726482308959,0.0004983664459161148,0.04207969094922737,2265,0,4,daily_me_op,daily size characteristic,market_state_mixed,7,calibration,iid,constant_a005,0.036884644591611476
-0.0013307331427995417,-0.006724971564260786,0.0029185223330780055,0.06295261294324006,0.09621843345947022,55.25921714525899,64.98107648274416,0.9756029946378547,0.0004000000000000001,0.03936004415011037,2265,0,4,daily_me_op,daily size characteristic,market_state_mixed,7,calibration,iid,constant_a006,0.036884644591611476
0.00034521469210521704,-0.0027109884687682617,0.003378894474521516,0.026131815868668133,0.029083566788228786,63.31561012768389,62.840803225058316,0.9720460882438482,0.0005164238410596026,0.03821633554083886,2265,0,4,daily_me_op,daily size characteristic,market_state_mixed,7,calibration,iid,constant_a007,0.036884644591611476
0.0031605581286900447,6.666937795215413e-05,0.006477993911847182,0.04062974171879744,0.053844077528093864,63.243085092855125,63.09037490416641,0.9720781081267748,0.000591523178807947,0.03958874172185431,2265,0,4,daily_me_op,daily size characteristic,market_state_mixed,7,calibration,iid,constant_a008,0.036884644591611476
0.0035317855604196724,4.931503173229598e-05,0.007032848586552601,0.025515797731472563,0.03073623422489114,53.56093019950531,63.67699214531802,0.9763527901988939,0.0006415011037527594,0.04022317880794702,2265,0,4,daily_me_op,daily size characteristic,market_state_mixed,7,calibration,iid,constant_a009,0.036884644591611476
-0.003897354649024787,-0.009456591954447126,0.0005266473596509249,0.044284945033028406,0.051068821367264004,76.96121376195397,63.03383471380897,0.9660215391779453,0.0004702428256070641,0.04091456953642385,2265,0,4,daily_me_op,daily size characteristic,market_state_mixed,7,calibration,iid,constant_a010,0.036884644591611476
-0.0002647838136527848,-0.003471869404123225,0.003116898305553575,0.03183589253030465,0.03934405776873085,67.47823594654473,60.52067861801096,0.9702082843503114,0.0005049448123620308,0.03691633554083885,2265,0,4,daily_me_op,daily size characteristic,market_state_mixed,7,calibration,iid,constant_a011,0.036884644591611476
0.0012882049932616785,-0.0023813043012325696,0.005061504864800304,0.03711021683192559,0.04558893698316935,62.74264232758243,60.10243267995733,0.9722990541600077,0.0005502428256070641,0.03507041942604857,2265,0,4,daily_me_op,daily size characteristic,market_state_mixed,7,calibration,iid,constant_a012,0.036884644591611476
0.0012281069759002474,-0.001504147085490105,0.004235778464433124,0.031690177340737875,0.03975423220725511,54.93749492219122,64.57173746772582,0.975745035354441,0.0005137748344370861,0.036443487858719655,2265,0,4,daily_me_op,daily size characteristic,market_state_mixed,7,calibration,iid,constant_a013,0.036884644591611476
-0.00047330944436361176,-0.005149789815189303,0.005072397268797591,0.06687343818807888,0.08842663400533435,85.09261020765203,64.78940332561446,0.9624315186721183,0.000672671081677704,0.03833708609271524,2265,0,4,daily_me_op,daily size characteristic,market_state_mixed,7,calibration,iid,constant_a014,0.036884644591611476
0.004544631547705203,0.0006586167843524801,0.008552949332324181,0.028357399655180547,0.03210054006748777,74.80315385825155,62.339374950362554,0.9669743250073944,0.0004266225165562914,0.042104856512141284,2265,0,4,daily_me_op,daily size characteristic,market_state_mixed,7,calibration,iid,constant_a015,0.036884644591611476
-0.0015855477148124571,-0.005932878347634738,0.0029835365213512002,0.06040904531665748,0.08470656414133668,64.91839142369582,61.90166289737443,0.9713384585325846,0.0004412362030905077,0.037138410596026496,2265,0,4,daily_me_op,daily size characteristic,market_state_mixed,7,calibration,iid,constant_a016,0.036884644591611476
0.002158865087083397,-0.0011506072292142872,0.005781129260874364,0.029326480261553264,0.04088970408895956,62.26073854409605,62.41338061328914,0.9725118152123197,0.00043708609271523176,0.03571677704194261,2265,0,4,daily_me_op,daily size characteristic,market_state_mixed,7,calibration,iid,constant_a017,0.036884644591611476
0.0017792824623187957,-0.0019035305064779465,0.0059576200671086835,0.02842385896110823,0.03205138716034104,78.01675291902195,61.33801772308997,0.9655555174750455,0.0004893156732891833,0.03461456953642384,2265,0,4,daily_me_op,daily size characteristic,market_state_mixed,7,calibration,iid,constant_a018,0.036884644591611476
0.002796131929049086,-0.00022213993841456247,0.005668617549383945,0.02652756903996891,0.0368,72.3579461623721,55.93068730211433,0.9680538869040299,0.0005333333333333335,0.03605783664459162,2265,0,4,daily_me_op,daily size characteristic,market_state_mixed,7,calibration,iid,constant_a019,0.036884644591611476
2.2218107198433523e-05,-0.0027177224367713076,0.002690092376037462,0.03500360806968941,0.047349986363330286,66.56113856325632,61.333071219164275,0.970613183857282,0.00028900662251655633,0.046241501103752754,2265,0,4,daily_me_op,daily size characteristic,market_state_mixed,7,calibration,iid,constant_a020,0.036884644591611476
-0.00031725962804367373,-0.004171452133916638,0.0027566512444060142,0.0344897950387083,0.0369,62.69234084338907,61.22802234409528,0.9723212623207995,0.00029668874172185427,0.03527350993377483,2265,0,4,daily_me_op,daily size characteristic,market_state_mixed,7,calibration,iid,constant_a021,0.036884644591611476
-0.002070702011548541,-0.004418930061202054,0.0011153462222715984,0.03446267157588046,0.045478938469342686,73.23715491390656,64.12090462827103,0.9676657152697984,0.00039487858719646797,0.03427064017660044,2265,0,4,daily_me_op,daily size characteristic,market_state_mixed,7,calibration,iid,constant_a022,0.036884644591611476
0.0019212033360811913,-0.0011869132664719814,0.0048517169684388255,0.03337072736082336,0.03673119748761261,81.46531116759117,63.103274928972276,0.9640329752019465,0.00040044150110375275,0.030308830022075055,2265,0,4,daily_me_op,daily size characteristic,market_state_mixed,7,calibration,iid,constant_a023,0.036884644591611476
-0.00043553455095142105,-0.0030709182347329698,0.002241562672925844,0.031650867432883076,0.04531845429389474,72.75511915406784,53.87127779900586,0.9678785345898155,0.0004770860927152318,0.031186534216335538,2265,0,4,daily_me_op,daily size characteristic,market_state_mixed,7,calibration,iid,constant_a024,0.036884644591611476
0.004867986050626035,0.0004101506510505582,0.009460368738196799,0.022521961029936515,0.023188,56.079920442123466,55.60901108950023,0.9752406532264356,0.00046527858719646806,0.036884644591611476,2265,0,4,daily_me_op,daily size characteristic,market_state_mixed,7,calibration,iid,constant_equal_weight_public,0.036884644591611476
-0.0015676698089169651,-0.004095620360736115,0.0008730593510832252,0.039108060973236734,0.05079488377653577,141.165934955764,55.91552845695556,0.93767508390474,0.0006160706401766005,0.03774635761589404,2265,0,4,daily_me_op,daily size characteristic,market_state_mixed,7,calibration,iid,momentum_12,0.036884644591611476
0.001848685652630508,-0.0016767880106322492,0.0047605186619224665,0.04833470071136785,0.08990000000000001,68.42491600554214,63.103274928972276,0.9697903240593633,0.0004981015452538633,0.031074392935982336,2265,0,4,daily_me_op,daily size characteristic,market_state_mixed,7,calibration,iid,low_vol_12,0.036884644591611476
-0.0008158663170576163,-0.00286927584306147,0.001709876535332757,0.0480703141280743,0.058008074058092184,233.68280082289522,19.20761151526496,0.8968287855086555,0.0005762030905077263,0.03806313465783665,2265,0,4,daily_me_op,daily size characteristic,market_state_mixed,7,calibration,iid,risk_adjusted_12,0.036884644591611476
-0.0016081482649730199,-0.006144834391654462,0.0028070250749671235,0.041307138992344374,0.05106160607107324,67.16512893185178,63.03383471380897,0.970346521442891,0.0006891726269315673,0.03746165121412804,2265,0,4,daily_me_op,daily size characteristic,market_state_mixed,7,calibration,iid,ridge_return_train_only,0.036884644591611476
-0.00037342350589358587,-0.005386451597327825,0.004780782527918672,0.0501792075130166,0.06042597778679437,65.32053289242741,62.88969566433185,0.9711609126302749,0.00030348785871964673,0.0393766004415011,2265,0,4,daily_me_op,daily size characteristic,market_state_mixed,7,calibration,block,constant_a000,0.036884644591611476
-0.002756998026323957,-0.007135703140273723,0.0008921464023440985,0.04979246590192035,0.057461554605399236,62.84232318609941,61.80044149068949,0.9722550449509495,0.00045673289183222954,0.03845033112582781,2265,0,4,daily_me_op,daily size characteristic,market_state_mixed,7,calibration,block,constant_a001,0.036884644591611476
0.0008012082013652956,-0.0022322064484691165,0.004120982242230761,0.024716830647919914,0.028543756219279834,54.18686926016952,64.56523338167449,0.9760764374127286,0.00042763796909492266,0.03839094922737307,2265,0,4,daily_me_op,daily size characteristic,market_state_mixed,7,calibration,block,constant_a002,0.036884644591611476
0.003429131699137277,0.0002839395609491275,0.006921594353076683,0.024662097471553186,0.027299999999999998,63.82900052244573,64.0141370720124,0.9718194258179047,0.00047395143487858726,0.03862604856512141,2265,0,4,daily_me_op,daily size characteristic,market_state_mixed,7,calibration,block,constant_a003,0.036884644591611476
0.0005291945174278781,-0.0026283014124808286,0.004201434354890211,0.028618945661234366,0.03282415577042489,69.53807396680773,64.28930911235823,0.9692988635908134,0.0004247682119205297,0.04078388520971302,2265,0,4,daily_me_op,daily size characteristic,market_state_mixed,7,calibration,block,constant_a004,0.036884644591611476
-0.0006401882895259892,-0.004380466048727052,0.002623413805586422,0.02632188446529208,0.03189645050287415,64.84095175702095,63.719149656186865,0.9713726482308959,0.0004983664459161148,0.04207969094922737,2265,0,4,daily_me_op,daily size characteristic,market_state_mixed,7,calibration,block,constant_a005,0.036884644591611476
-0.0013307331427995417,-0.00680066636250598,0.0035161971016105654,0.06295261294324006,0.093476908071988,55.25921714525899,64.98107648274416,0.9756029946378547,0.0004000000000000001,0.03936004415011037,2265,0,4,daily_me_op,daily size characteristic,market_state_mixed,7,calibration,block,constant_a006,0.036884644591611476
0.00034521469210521704,-0.0025317276280568627,0.003632002695276017,0.026131815868668133,0.02914258781225349,63.31561012768389,62.840803225058316,0.9720460882438482,0.0005164238410596026,0.03821633554083886,2265,0,4,daily_me_op,daily size characteristic,market_state_mixed,7,calibration,block,constant_a007,0.036884644591611476
0.0031605581286900447,-5.321698183847808e-05,0.0068393198139034645,0.04062974171879744,0.05581164294284629,63.243085092855125,63.09037490416641,0.9720781081267748,0.000591523178807947,0.03958874172185431,2265,0,4,daily_me_op,daily size characteristic,market_state_mixed,7,calibration,block,constant_a008,0.036884644591611476
0.0035317855604196724,-0.00023282858845841017,0.0073385578110849595,0.025515797731472563,0.029378017218205373,53.56093019950531,63.67699214531802,0.9763527901988939,0.0006415011037527594,0.04022317880794702,2265,0,4,daily_me_op,daily size characteristic,market_state_mixed,7,calibration,block,constant_a009,0.036884644591611476
-0.003897354649024787,-0.009163703109786375,0.0005559702944184897,0.044284945033028406,0.05073446309157635,76.96121376195397,63.03383471380897,0.9660215391779453,0.0004702428256070641,0.04091456953642385,2265,0,4,daily_me_op,daily size characteristic,market_state_mixed,7,calibration,block,constant_a010,0.036884644591611476
-0.0002647838136527848,-0.003444992978476717,0.002584238270148659,0.03183589253030465,0.04380715176480781,67.47823594654473,60.52067861801096,0.9702082843503114,0.0005049448123620308,0.03691633554083885,2265,0,4,daily_me_op,daily size characteristic,market_state_mixed,7,calibration,block,constant_a011,0.036884644591611476
0.0012882049932616785,-0.002381262624152337,0.004047652653820014,0.03711021683192559,0.046885901645529075,62.74264232758243,60.10243267995733,0.9722990541600077,0.0005502428256070641,0.03507041942604857,2265,0,4,daily_me_op,daily size characteristic,market_state_mixed,7,calibration,block,constant_a012,0.036884644591611476
0.0012281069759002474,-0.0016551684327921845,0.0040916202705717315,0.031690177340737875,0.04037088714959755,54.93749492219122,64.57173746772582,0.975745035354441,0.0005137748344370861,0.036443487858719655,2265,0,4,daily_me_op,daily size characteristic,market_state_mixed,7,calibration,block,constant_a013,0.036884644591611476
-0.00047330944436361176,-0.006180978881257149,0.004540348631895901,0.06687343818807888,0.086976678279135,85.09261020765203,64.78940332561446,0.9624315186721183,0.000672671081677704,0.03833708609271524,2265,0,4,daily_me_op,daily size characteristic,market_state_mixed,7,calibration,block,constant_a014,0.036884644591611476
0.004544631547705203,-0.00019131774529851234,0.008928025390051142,0.028357399655180547,0.03226909618123022,74.80315385825155,62.339374950362554,0.9669743250073944,0.0004266225165562914,0.042104856512141284,2265,0,4,daily_me_op,daily size characteristic,market_state_mixed,7,calibration,block,constant_a015,0.036884644591611476
-0.0015855477148124571,-0.006157777191013991,0.003074924197178315,0.06040904531665748,0.0900487825241213,64.91839142369582,61.90166289737443,0.9713384585325846,0.0004412362030905077,0.037138410596026496,2265,0,4,daily_me_op,daily size characteristic,market_state_mixed,7,calibration,block,constant_a016,0.036884644591611476
0.002158865087083397,-0.0015402900468207909,0.00504286867209899,0.029326480261553264,0.0432,62.26073854409605,62.41338061328914,0.9725118152123197,0.00043708609271523176,0.03571677704194261,2265,0,4,daily_me_op,daily size characteristic,market_state_mixed,7,calibration,block,constant_a017,0.036884644591611476
0.0017792824623187957,-0.0014605897452294543,0.005614731201709388,0.02842385896110823,0.03226310350139279,78.01675291902195,61.33801772308997,0.9655555174750455,0.0004893156732891833,0.03461456953642384,2265,0,4,daily_me_op,daily size characteristic,market_state_mixed,7,calibration,block,constant_a018,0.036884644591611476
0.002796131929049086,-0.00010823742432189472,0.006756269710302144,0.02652756903996891,0.0368,72.3579461623721,55.93068730211433,0.9680538869040299,0.0005333333333333335,0.03605783664459162,2265,0,4,daily_me_op,daily size characteristic,market_state_mixed,7,calibration,block,constant_a019,0.036884644591611476
2.2218107198433523e-05,-0.002464479522764996,0.0026329085921843604,0.03500360806968941,0.04732295789361592,66.56113856325632,61.333071219164275,0.970613183857282,0.00028900662251655633,0.046241501103752754,2265,0,4,daily_me_op,daily size characteristic,market_state_mixed,7,calibration,block,constant_a020,0.036884644591611476
-0.00031725962804367373,-0.003618487163503151,0.002860280198132278,0.0344897950387083,0.0369,62.69234084338907,61.22802234409528,0.9723212623207995,0.00029668874172185427,0.03527350993377483,2265,0,4,daily_me_op,daily size characteristic,market_state_mixed,7,calibration,block,constant_a021,0.036884644591611476
-0.002070702011548541,-0.005331878652401501,0.000714089727779888,0.03446267157588046,0.04547868684872484,73.23715491390656,64.12090462827103,0.9676657152697984,0.00039487858719646797,0.03427064017660044,2265,0,4,daily_me_op,daily size characteristic,market_state_mixed,7,calibration,block,constant_a022,0.036884644591611476
0.0019212033360811913,-0.0008870400582047147,0.004692793287430801,0.03337072736082336,0.036786791321657776,81.46531116759117,63.103274928972276,0.9640329752019465,0.00040044150110375275,0.030308830022075055,2265,0,4,daily_me_op,daily size characteristic,market_state_mixed,7,calibration,block,constant_a023,0.036884644591611476
-0.00043553455095142105,-0.0024802740828820512,0.0015775441532688,0.031650867432883076,0.0442818660691762,72.75511915406784,53.87127779900586,0.9678785345898155,0.0004770860927152318,0.031186534216335538,2265,0,4,daily_me_op,daily size characteristic,market_state_mixed,7,calibration,block,constant_a024,0.036884644591611476
0.004867986050626035,0.00033619368482694384,0.009248285576360019,0.022521961029936515,0.023188,56.079920442123466,55.60901108950023,0.9752406532264356,0.00046527858719646806,0.036884644591611476,2265,0,4,daily_me_op,daily size characteristic,market_state_mixed,7,calibration,block,constant_equal_weight_public,0.036884644591611476
-0.0015676698089169651,-0.004116643420242623,0.0007759585556356454,0.039108060973236734,0.051442820653750866,141.165934955764,55.91552845695556,0.93767508390474,0.0006160706401766005,0.03774635761589404,2265,0,4,daily_me_op,daily size characteristic,market_state_mixed,7,calibration,block,momentum_12,0.036884644591611476
0.001848685652630508,-0.001297465683385472,0.004713935243119545,0.04833470071136785,0.08990000000000001,68.42491600554214,63.103274928972276,0.9697903240593633,0.0004981015452538633,0.031074392935982336,2265,0,4,daily_me_op,daily size characteristic,market_state_mixed,7,calibration,block,low_vol_12,0.036884644591611476
-0.0008158663170576163,-0.003325408449896677,0.0017062179260883604,0.0480703141280743,0.06051960164439325,233.68280082289522,19.20761151526496,0.8968287855086555,0.0005762030905077263,0.03806313465783665,2265,0,4,daily_me_op,daily size characteristic,market_state_mixed,7,calibration,block,risk_adjusted_12,0.036884644591611476
-0.0016081482649730199,-0.0067890184379735905,0.0023988993911109218,0.041307138992344374,0.052000000000000005,67.16512893185178,63.03383471380897,0.970346521442891,0.0006891726269315673,0.03746165121412804,2265,0,4,daily_me_op,daily size characteristic,market_state_mixed,7,calibration,block,ridge_return_train_only,0.036884644591611476
-3.0243709660544005e-05,-0.003633190866596197,0.0036943481432456715,0.03561580080741833,0.0392,69.13391290156414,64.99994102807365,0.9757254519306305,0.0003962780898876405,0.03857907303370787,2848,0,4,daily_me_op,daily size characteristic,market_state_mixed,7,test,iid,constant_a000,0.036884644591611476
-0.0017457230349504991,-0.004578644900357213,0.00048788107601345856,0.02800478319709983,0.03164323601115764,74.68564341148527,64.85737282034037,0.9737761083527088,0.0005180828651685394,0.030657022471910114,2848,0,4,daily_me_op,daily size characteristic,market_state_mixed,7,test,iid,constant_a001,0.036884644591611476
-0.0020997654126983737,-0.007649035679052233,0.0027263534922953455,0.0505581535948066,0.08289999999999999,75.18604939735005,64.82480314051998,0.9736004040037395,0.0005845505617977528,0.030667977528089887,2848,0,4,daily_me_op,daily size characteristic,market_state_mixed,7,test,iid,constant_a002,0.036884644591611476
0.0024318276392100388,-0.0007856704542214447,0.00625427254598694,0.026042714810395513,0.034787483697159574,63.91046919859823,64.95162453161397,0.9775595262645371,0.000689817415730337,0.039128651685393256,2848,0,4,daily_me_op,daily size characteristic,market_state_mixed,7,test,iid,constant_a003,0.036884644591611476
0.0011931924681701464,-0.003017637439395199,0.004641990001849604,0.027788161021800404,0.03007602131214328,70.91537954072162,64.87089120918947,0.9750999369590163,0.0003732443820224719,0.03620463483146068,2848,0,4,daily_me_op,daily size characteristic,market_state_mixed,7,test,iid,constant_a004,0.036884644591611476
0.003984970273800842,-8.889031637188404e-05,0.008167379099934645,0.026325770198118662,0.02877932194433885,88.022495003971,64.30102064910932,0.9690932250688304,0.0004969803370786517,0.04001446629213483,2848,0,4,daily_me_op,daily size characteristic,market_state_mixed,7,test,iid,constant_a005,0.036884644591611476
-0.0008577808229619243,-0.004132955532861552,0.0019528053386048668,0.0317217754925887,0.04658578616030251,64.1116081219153,64.94127801008611,0.977488901642586,0.000506179775280899,0.03197050561797753,2848,0,4,daily_me_op,daily size characteristic,market_state_mixed,7,test,iid,constant_a006,0.036884644591611476
-0.0003354163968308422,-0.0032779444163242495,0.0026642538701544365,0.026943438683484703,0.03026724057786657,68.01209386527435,64.82246471800921,0.9761193490641593,0.0005496839887640451,0.03202626404494382,2848,0,4,daily_me_op,daily size characteristic,market_state_mixed,7,test,iid,constant_a007,0.036884644591611476
-0.0007182594415864725,-0.0031234574699689193,0.0022019913733509803,0.02093820535893056,0.024284050590898436,80.24510026990475,64.53356507430121,0.9718240518715222,0.0004826896067415731,0.03332331460674158,2848,0,4,daily_me_op,daily size characteristic,market_state_mixed,7,test,iid,constant_a008,0.036884644591611476
-0.0007149133968150232,-0.0037562987028258075,0.002010361866281175,0.027282853422396773,0.030600000000000002,67.92670299768128,64.99722744015077,0.9761493318126119,0.0004806179775280899,0.0354438202247191,2848,0,4,daily_me_op,daily size characteristic,market_state_mixed,7,test,iid,constant_a009,0.036884644591611476
0.000307164179015219,-0.004497133327420323,0.005945486114982159,0.0388069958637976,0.0454,81.96282071947526,64.65248005533529,0.9712209196911955,0.0005072331460674157,0.03976390449438202,2848,0,4,daily_me_op,daily size characteristic,market_state_mixed,7,test,iid,constant_a010,0.036884644591611476
0.0018154474970556878,-0.0012918411520098478,0.004814267101019955,0.01843836348206732,0.02366779291836915,67.0186490494064,64.25433346670366,0.9764681709798433,0.0004511235955056179,0.03151390449438202,2848,0,4,daily_me_op,daily size characteristic,market_state_mixed,7,test,iid,constant_a011,0.036884644591611476
0.0015833521045913784,-0.0024940001817912835,0.005939430311154805,0.036291292828995875,0.054211601959868655,76.54717957582491,64.99385725579634,0.9731224790815222,0.0005087078651685394,0.032783988764044945,2848,0,4,daily_me_op,daily size characteristic,market_state_mixed,7,test,iid,constant_a012,0.036884644591611476
0.0001633958631331996,-0.004099267925841884,0.0031469643724840496,0.05670868917440246,0.107,65.32754097479742,62.81493312040336,0.9770619589273886,0.0005538623595505618,0.03227443820224719,2848,0,4,daily_me_op,daily size characteristic,market_state_mixed,7,test,iid,constant_a013,0.036884644591611476
-0.0007055222471172185,-0.003368439832460134,0.0018913917904369046,0.024874319685177976,0.026923974710054394,71.25302576961454,64.76294431935875,0.9749813814011185,0.000419066011235955,0.03335842696629214,2848,0,4,daily_me_op,daily size characteristic,market_state_mixed,7,test,iid,constant_a014,0.036884644591611476
0.0016986558071821962,-0.0026773201468026746,0.005490609980431908,0.03492344342233829,0.04039166186900885,79.41255620249004,64.97779650245813,0.9721163777378897,0.0005329705056179775,0.03754929775280899,2848,0,4,daily_me_op,daily size characteristic,market_state_mixed,7,test,iid,constant_a015,0.036884644591611476
-0.002823124103927381,-0.005449392107479933,-0.00047541647070782633,0.03197788083076617,0.0368210560548054,67.56836424495388,64.33374284399629,0.9762751530038786,0.0004458216292134831,0.029966853932584265,2848,0,4,daily_me_op,daily size characteristic,market_state_mixed,7,test,iid,constant_a016,0.036884644591611476
-0.00019143110551930024,-0.0024813171452574686,0.001568218235005987,0.022760374619040236,0.02788884973151007,67.69545234954046,64.57601718903925,0.9762305293716501,0.0005253511235955056,0.02912837078651686,2848,0,4,daily_me_op,daily size characteristic,market_state_mixed,7,test,iid,constant_a017,0.036884644591611476
-0.002607314523633317,-0.0050437051436598036,-6.753134386083541e-05,0.02736744120829124,0.03046041849711209,70.0853605660396,64.23515760664874,0.9753913762057446,0.0005296348314606743,0.0289566011235955,2848,0,4,daily_me_op,daily size characteristic,market_state_mixed,7,test,iid,constant_a018,0.036884644591611476
0.0012537792361998724,-0.0014483327435664652,0.0036987798841683598,0.02713720448811135,0.032262550731056404,64.71996429413318,63.55042981381666,0.9772752934360488,0.00048683286516853927,0.02873441011235955,2848,0,4,daily_me_op,daily size characteristic,market_state_mixed,7,test,iid,constant_a019,0.036884644591611476
0.0011374602523380956,-0.0020562616000780686,0.004379860375865824,0.03434580237221009,0.043039137380713875,81.20717265898291,64.93593246324434,0.9714862455551324,0.0004640800561797754,0.037429634831460674,2848,0,4,daily_me_op,daily size characteristic,market_state_mixed,7,test,iid,constant_a020,0.036884644591611476
-0.0015904179700033745,-0.004730999944572524,0.0007959103593867366,0.02606578474116138,0.032508389684875835,68.59257685040956,64.53067282842397,0.9759155277912888,0.0005357092696629213,0.029238483146067418,2848,0,4,daily_me_op,daily size characteristic,market_state_mixed,7,test,iid,constant_a021,0.036884644591611476
-0.0020151248626905606,-0.005310273338496914,0.001104120551384916,0.027663211305359495,0.03848867140105283,80.54654205410895,64.99877453400917,0.9717182085484168,0.000558251404494382,0.02764115168539326,2848,0,4,daily_me_op,daily size characteristic,market_state_mixed,7,test,iid,constant_a022,0.036884644591611476
-0.0005841420689269975,-0.0029583044898537666,0.0017177384841245956,0.02735591113182152,0.03112393082087067,81.57287060673053,64.51677833909707,0.9713578403768502,0.0006573033707865169,0.028800421348314606,2848,0,4,daily_me_op,daily size characteristic,market_state_mixed,7,test,iid,constant_a023,0.036884644591611476
0.00217209414625324,-0.000567205253760434,0.004843945523831102,0.03193281748549514,0.04110696456518512,92.06819030828713,64.97645731853017,0.9676726859872588,0.0006134831460674157,0.02737092696629214,2848,0,4,daily_me_op,daily size characteristic,market_state_mixed,7,test,iid,constant_a024,0.036884644591611476
-0.0027982755240464124,-0.007484447939770789,0.0016184630166540567,0.0670094526325522,0.10775631845298445,74.93963041240897,64.25904413196217,0.9736869275237328,0.0005147022471910111,0.030364893258426964,2848,0,4,daily_me_op,daily size characteristic,market_state_mixed,7,test,iid,constant_equal_weight_public,0.036884644591611476
-0.0009509871626465126,-0.0031802353751367177,0.0010999993046778372,0.0366247006033933,0.043222136247327306,216.34064251484716,54.702601739371566,0.9240376957461913,0.0005490519662921348,0.039553370786516856,2848,0,4,daily_me_op,daily size characteristic,market_state_mixed,7,test,iid,momentum_12,0.036884644591611476
0.00044459995062215077,-0.0019924786566346713,0.0027494715733650766,0.024477092498042644,0.0292,88.79825302543632,64.95162453161397,0.9688208381230912,0.0004874002808988763,0.026351544943820224,2848,0,4,daily_me_op,daily size characteristic,market_state_mixed,7,test,iid,low_vol_12,0.036884644591611476
0.0001897934460156445,-0.001492517606255776,0.0016238119804097304,0.03584449803235388,0.043548762177784535,441.8784046622822,14.918391026669918,0.844846065778693,0.0007221207865168541,0.0337123595505618,2848,0,4,daily_me_op,daily size characteristic,market_state_mixed,7,test,iid,risk_adjusted_12,0.036884644591611476
-0.003253032164384226,-0.008531320295137037,0.0010610376368417455,0.0424211457639826,0.04544094718148535,79.56207020053586,64.97779650245813,0.9720638798453175,0.0006532120786516853,0.0343136797752809,2848,0,4,daily_me_op,daily size characteristic,market_state_mixed,7,test,iid,ridge_return_train_only,0.036884644591611476
-3.0243709660544005e-05,-0.0035189725720516356,0.0030851826811766087,0.03561580080741833,0.0392,69.13391290156414,64.99994102807365,0.9757254519306305,0.0003962780898876405,0.03857907303370787,2848,0,4,daily_me_op,daily size characteristic,market_state_mixed,7,test,block,constant_a000,0.036884644591611476
-0.0017457230349504991,-0.0055536714129438,0.0011854617256084705,0.02800478319709983,0.03158040132897637,74.68564341148527,64.85737282034037,0.9737761083527088,0.0005180828651685394,0.030657022471910114,2848,0,4,daily_me_op,daily size characteristic,market_state_mixed,7,test,block,constant_a001,0.036884644591611476
-0.0020997654126983737,-0.008064013575441,0.002468216455506148,0.0505581535948066,0.08289999999999999,75.18604939735005,64.82480314051998,0.9736004040037395,0.0005845505617977528,0.030667977528089887,2848,0,4,daily_me_op,daily size characteristic,market_state_mixed,7,test,block,constant_a002,0.036884644591611476
0.0024318276392100388,-0.0010867450491696784,0.005934402922781538,0.026042714810395513,0.03482097934549232,63.91046919859823,64.95162453161397,0.9775595262645371,0.000689817415730337,0.039128651685393256,2848,0,4,daily_me_op,daily size characteristic,market_state_mixed,7,test,block,constant_a003,0.036884644591611476
0.0011931924681701464,-0.002281139426996524,0.004337916697879738,0.027788161021800404,0.030222740136388208,70.91537954072162,64.87089120918947,0.9750999369590163,0.0003732443820224719,0.03620463483146068,2848,0,4,daily_me_op,daily size characteristic,market_state_mixed,7,test,block,constant_a004,0.036884644591611476
0.003984970273800842,-8.367934883687982e-05,0.00840756733298791,0.026325770198118662,0.028936767254108077,88.022495003971,64.30102064910932,0.9690932250688304,0.0004969803370786517,0.04001446629213483,2848,0,4,daily_me_op,daily size characteristic,market_state_mixed,7,test,block,constant_a005,0.036884644591611476
-0.0008577808229619243,-0.004281312982897506,0.001426114145828288,0.0317217754925887,0.04692616738390842,64.1116081219153,64.94127801008611,0.977488901642586,0.000506179775280899,0.03197050561797753,2848,0,4,daily_me_op,daily size characteristic,market_state_mixed,7,test,block,constant_a006,0.036884644591611476
-0.0003354163968308422,-0.003621367902038722,0.0027245446890985198,0.026943438683484703,0.030291709755583904,68.01209386527435,64.82246471800921,0.9761193490641593,0.0005496839887640451,0.03202626404494382,2848,0,4,daily_me_op,daily size characteristic,market_state_mixed,7,test,block,constant_a007,0.036884644591611476
-0.0007182594415864725,-0.003562802881966357,0.002372035787520315,0.02093820535893056,0.024365497914124925,80.24510026990475,64.53356507430121,0.9718240518715222,0.0004826896067415731,0.03332331460674158,2848,0,4,daily_me_op,daily size characteristic,market_state_mixed,7,test,block,constant_a008,0.036884644591611476
-0.0007149133968150232,-0.004354376729719819,0.0024025581200725365,0.027282853422396773,0.030600000000000002,67.92670299768128,64.99722744015077,0.9761493318126119,0.0004806179775280899,0.0354438202247191,2848,0,4,daily_me_op,daily size characteristic,market_state_mixed,7,test,block,constant_a009,0.036884644591611476
0.000307164179015219,-0.004594142383470871,0.005048920850366105,0.0388069958637976,0.0454,81.96282071947526,64.65248005533529,0.9712209196911955,0.0005072331460674157,0.03976390449438202,2848,0,4,daily_me_op,daily size characteristic,market_state_mixed,7,test,block,constant_a010,0.036884644591611476
0.0018154474970556878,-0.001121932125015591,0.004748661673306294,0.01843836348206732,0.02283419855898637,67.0186490494064,64.25433346670366,0.9764681709798433,0.0004511235955056179,0.03151390449438202,2848,0,4,daily_me_op,daily size characteristic,market_state_mixed,7,test,block,constant_a011,0.036884644591611476
0.0015833521045913784,-0.002144219748952212,0.005550636105909422,0.036291292828995875,0.05201660862580773,76.54717957582491,64.99385725579634,0.9731224790815222,0.0005087078651685394,0.032783988764044945,2848,0,4,daily_me_op,daily size characteristic,market_state_mixed,7,test,block,constant_a012,0.036884644591611476
0.0001633958631331996,-0.004557080302364264,0.004118832616976741,0.05670868917440246,0.107,65.32754097479742,62.81493312040336,0.9770619589273886,0.0005538623595505618,0.03227443820224719,2848,0,4,daily_me_op,daily size characteristic,market_state_mixed,7,test,block,constant_a013,0.036884644591611476
-0.0007055222471172185,-0.0035458698871635064,0.0020399287324685458,0.024874319685177976,0.02678837602501673,71.25302576961454,64.76294431935875,0.9749813814011185,0.000419066011235955,0.03335842696629214,2848,0,4,daily_me_op,daily size characteristic,market_state_mixed,7,test,block,constant_a014,0.036884644591611476
0.0016986558071821962,-0.00420612246094833,0.005938493603362677,0.03492344342233829,0.04074403981048887,79.41255620249004,64.97779650245813,0.9721163777378897,0.0005329705056179775,0.03754929775280899,2848,0,4,daily_me_op,daily size characteristic,market_state_mixed,7,test,block,constant_a015,0.036884644591611476
-0.002823124103927381,-0.005419414859557537,-0.00018124782896848416,0.03197788083076617,0.03674130626760215,67.56836424495388,64.33374284399629,0.9762751530038786,0.0004458216292134831,0.029966853932584265,2848,0,4,daily_me_op,daily size characteristic,market_state_mixed,7,test,block,constant_a016,0.036884644591611476
-0.00019143110551930024,-0.002339969063856252,0.0019859130422870673,0.022760374619040236,0.02720162406891449,67.69545234954046,64.57601718903925,0.9762305293716501,0.0005253511235955056,0.02912837078651686,2848,0,4,daily_me_op,daily size characteristic,market_state_mixed,7,test,block,constant_a017,0.036884644591611476
-0.002607314523633317,-0.005848230352093929,0.0002614799853613691,0.02736744120829124,0.030421994583839543,70.0853605660396,64.23515760664874,0.9753913762057446,0.0005296348314606743,0.0289566011235955,2848,0,4,daily_me_op,daily size characteristic,market_state_mixed,7,test,block,constant_a018,0.036884644591611476
0.0012537792361998724,-0.0015699972143259694,0.004496595727321329,0.02713720448811135,0.03275680458574271,64.71996429413318,63.55042981381666,0.9772752934360488,0.00048683286516853927,0.02873441011235955,2848,0,4,daily_me_op,daily size characteristic,market_state_mixed,7,test,block,constant_a019,0.036884644591611476
0.0011374602523380956,-0.0020475585869823773,0.004163807693955775,0.03434580237221009,0.04309302975835098,81.20717265898291,64.93593246324434,0.9714862455551324,0.0004640800561797754,0.037429634831460674,2848,0,4,daily_me_op,daily size characteristic,market_state_mixed,7,test,block,constant_a020,0.036884644591611476
-0.0015904179700033745,-0.005245184185922849,0.0012553020398621982,0.02606578474116138,0.030915175061776098,68.59257685040956,64.53067282842397,0.9759155277912888,0.0005357092696629213,0.029238483146067418,2848,0,4,daily_me_op,daily size characteristic,market_state_mixed,7,test,block,constant_a021,0.036884644591611476
-0.0020151248626905606,-0.005372258719147592,0.001486845803252028,0.027663211305359495,0.03910263982035761,80.54654205410895,64.99877453400917,0.9717182085484168,0.000558251404494382,0.02764115168539326,2848,0,4,daily_me_op,daily size characteristic,market_state_mixed,7,test,block,constant_a022,0.036884644591611476
-0.0005841420689269975,-0.002876273011477516,0.0018456642397273746,0.02735591113182152,0.03054414710360792,81.57287060673053,64.51677833909707,0.9713578403768502,0.0006573033707865169,0.028800421348314606,2848,0,4,daily_me_op,daily size characteristic,market_state_mixed,7,test,block,constant_a023,0.036884644591611476
0.00217209414625324,-0.0003786691772293305,0.00440346187256678,0.03193281748549514,0.042109232383326256,92.06819030828713,64.97645731853017,0.9676726859872588,0.0006134831460674157,0.02737092696629214,2848,0,4,daily_me_op,daily size characteristic,market_state_mixed,7,test,block,constant_a024,0.036884644591611476
-0.0027982755240464124,-0.010368195551625345,0.0023352854572896314,0.0670094526325522,0.11505173516984113,74.93963041240897,64.25904413196217,0.9736869275237328,0.0005147022471910111,0.030364893258426964,2848,0,4,daily_me_op,daily size characteristic,market_state_mixed,7,test,block,constant_equal_weight_public,0.036884644591611476
-0.0009509871626465126,-0.0029511288509750096,0.001052838319093794,0.0366247006033933,0.044047041359025076,216.34064251484716,54.702601739371566,0.9240376957461913,0.0005490519662921348,0.039553370786516856,2848,0,4,daily_me_op,daily size characteristic,market_state_mixed,7,test,block,momentum_12,0.036884644591611476
0.00044459995062215077,-0.0020494532859970075,0.0029343709121478346,0.024477092498042644,0.029199999999999997,88.79825302543632,64.95162453161397,0.9688208381230912,0.0004874002808988763,0.026351544943820224,2848,0,4,daily_me_op,daily size characteristic,market_state_mixed,7,test,block,low_vol_12,0.036884644591611476
0.0001897934460156445,-0.0014628668711905428,0.0018280825414485906,0.03584449803235388,0.04440412702936312,441.8784046622822,14.918391026669918,0.844846065778693,0.0007221207865168541,0.0337123595505618,2848,0,4,daily_me_op,daily size characteristic,market_state_mixed,7,test,block,risk_adjusted_12,0.036884644591611476
-0.003253032164384226,-0.008766495806430723,0.001250084679608323,0.0424211457639826,0.04545894050998849,79.56207020053586,64.97779650245813,0.9720638798453175,0.0006532120786516853,0.0343136797752809,2848,0,4,daily_me_op,daily size characteristic,market_state_mixed,7,test,block,ridge_return_train_only,0.036884644591611476
-0.0011729254622804338,-0.005197587173332425,0.003994793302349587,0.030807481231969445,0.03369625174775128,76.85642714045508,63.99945465392959,0.9660678025869955,0.00030348785871964673,0.0393766004415011,2265,0,4,daily_me_op,daily size characteristic,market_state_mixed,17,calibration,iid,constant_a000,0.036884644591611476
0.0038161259492712164,0.00023342838581789845,0.007020041102324861,0.01835094808245438,0.022888957731567967,56.47937284214847,64.93009315366767,0.9750642945509278,0.00045673289183222954,0.03845033112582781,2265,0,4,daily_me_op,daily size characteristic,market_state_mixed,17,calibration,iid,constant_a001,0.036884644591611476
0.001304823185170155,-0.0005810266595287837,0.003987229893654035,0.022983503594102568,0.026938261068993444,58.43178653958101,63.984869069468544,0.9742023017485294,0.00042763796909492266,0.03839094922737307,2265,0,4,daily_me_op,daily size characteristic,market_state_mixed,17,calibration,iid,constant_a002,0.036884644591611476
0.0013537812812584645,-0.0014952246897374584,0.004142763583166571,0.03537606890544255,0.03893320373469701,62.222616074805956,64.16868215756962,0.972528646324589,0.00047395143487858726,0.03862604856512141,2265,0,4,daily_me_op,daily size characteristic,market_state_mixed,17,calibration,iid,constant_a003,0.036884644591611476
-0.0007269956846538599,-0.003734427652501984,0.0018193096384838824,0.02628991255105847,0.031357967228983534,57.12023819109802,64.54181489172917,0.9747813517920098,0.0004247682119205297,0.04078388520971302,2265,0,4,daily_me_op,daily size characteristic,market_state_mixed,17,calibration,iid,constant_a004,0.036884644591611476
0.0041123053614339706,-0.0016212269613623772,0.010029218053910773,0.047243274841217285,0.059899999999999995,53.955696665192605,63.64658641395346,0.9761785003685683,0.0004983664459161148,0.04207969094922737,2265,0,4,daily_me_op,daily size characteristic,market_state_mixed,17,calibration,iid,constant_a005,0.036884644591611476
0.00028121866245003554,-0.0036790135814782827,0.003734595637670138,0.036664063475672234,0.04648013294637161,54.30458081772663,63.10075630855525,0.9760244676301427,0.0004000000000000001,0.03936004415011037,2265,0,4,daily_me_op,daily size characteristic,market_state_mixed,17,calibration,iid,constant_a006,0.036884644591611476
0.0006470686170360564,-0.0027850688681157905,0.004366901276356573,0.03213144621609095,0.038311608498755735,76.01692543280402,62.572212957594765,0.9664384435175258,0.0005164238410596026,0.03821633554083886,2265,0,4,daily_me_op,daily size characteristic,market_state_mixed,17,calibration,iid,constant_a007,0.036884644591611476
0.0003123271200286773,-0.004976611754610014,0.004386575456224824,0.039261939178860734,0.0447,62.91978182196703,63.84671723393631,0.9722208468777187,0.000591523178807947,0.03958874172185431,2265,0,4,daily_me_op,daily size characteristic,market_state_mixed,17,calibration,iid,constant_a008,0.036884644591611476
-0.0004304321798029548,-0.004075714945175198,0.003229215516508493,0.038286706568914926,0.04776472279767264,64.62875932816276,64.93841749892279,0.9714663314224447,0.0006415011037527594,0.04022317880794702,2265,0,4,daily_me_op,daily size characteristic,market_state_mixed,17,calibration,iid,constant_a009,0.036884644591611476
0.005329981124241103,0.0020871319617495215,0.008787906671530898,0.0338725026797585,0.04146869356320745,65.58290943647812,64.15436809459206,0.9710450730964777,0.0004702428256070641,0.04091456953642385,2265,0,4,daily_me_op,daily size characteristic,market_state_mixed,17,calibration,iid,constant_a010,0.036884644591611476
0.0013344447445839615,-0.002009254666889692,0.004090678745106582,0.027171813102797503,0.028376294820220804,70.61957283742801,64.96021421167325,0.9688213806457271,0.0005049448123620308,0.03691633554083885,2265,0,4,daily_me_op,daily size characteristic,market_state_mixed,17,calibration,iid,constant_a011,0.036884644591611476
-0.0010747283165504953,-0.004393018954440389,0.002568720662205564,0.049255570223165956,0.06136370619671372,65.41370222267076,61.13637611756442,0.9711197782681366,0.0005502428256070641,0.03507041942604857,2265,0,4,daily_me_op,daily size characteristic,market_state_mixed,17,calibration,iid,constant_a012,0.036884644591611476
0.0013622404699479068,-0.002204539963460181,0.0047468277800242166,0.0350052833228253,0.04181238072803534,72.22648279804918,58.660908584539705,0.9681119281244817,0.0005137748344370861,0.036443487858719655,2265,0,4,daily_me_op,daily size characteristic,market_state_mixed,17,calibration,iid,constant_a013,0.036884644591611476
0.0023376924852027397,-0.001516118589159881,0.005867199282376362,0.03500296884203353,0.04122985319759725,75.57863146722447,56.640419747987835,0.9666319507870974,0.000672671081677704,0.03833708609271524,2265,0,4,daily_me_op,daily size characteristic,market_state_mixed,17,calibration,iid,constant_a014,0.036884644591611476
-0.0016787180386512405,-0.004800736262068248,0.001185825481652936,0.03946629069148935,0.061605197358984704,71.92349161687088,56.568995405320486,0.9682456990653991,0.0004266225165562914,0.042104856512141284,2265,0,4,daily_me_op,daily size characteristic,market_state_mixed,17,calibration,iid,constant_a015,0.036884644591611476
0.0010507861016326497,-0.0023407292270417185,0.004186674785244761,0.046416981110504525,0.06629796884752487,70.42808345042695,64.53762059022712,0.9689059234214451,0.0004412362030905077,0.037138410596026496,2265,0,4,daily_me_op,daily size characteristic,market_state_mixed,17,calibration,iid,constant_a016,0.036884644591611476
-0.0007189963463046206,-0.004848978747057086,0.002531330822481885,0.0431112508836218,0.07818024091088965,68.04342199564095,62.58095877240478,0.9699587540858098,0.00043708609271523176,0.03571677704194261,2265,0,4,daily_me_op,daily size characteristic,market_state_mixed,17,calibration,iid,constant_a017,0.036884644591611476
0.0017600969184860395,-0.00041948188437588457,0.0043170251662644704,0.021442614553987733,0.024015552850066263,61.83418046696773,57.18053241957994,0.9727001410741865,0.0004893156732891833,0.03461456953642384,2265,0,4,daily_me_op,daily size characteristic,market_state_mixed,17,calibration,iid,constant_a018,0.036884644591611476
0.0011997381846485424,-0.0023707890812799674,0.004381817220611714,0.03849374154476157,0.04260183561839506,63.75781031662053,63.72432773838852,0.9718508563723529,0.0005333333333333335,0.03605783664459162,2265,0,4,daily_me_op,daily size characteristic,market_state_mixed,17,calibration,iid,constant_a019,0.036884644591611476
-0.0012859152311406302,-0.0042649194185969625,0.0015254093370397166,0.04824669927004735,0.0633999165615038,56.64892654542948,64.230797333924,0.9749894364037839,0.00028900662251655633,0.046241501103752754,2265,0,4,daily_me_op,daily size characteristic,market_state_mixed,17,calibration,iid,constant_a020,0.036884644591611476
-0.001044429181993869,-0.0062874858709297,0.002799537786007232,0.04230041057358933,0.06109707738664522,73.36187908872895,64.1328781470633,0.9676106494089497,0.00029668874172185427,0.03527350993377483,2265,0,4,daily_me_op,daily size characteristic,market_state_mixed,17,calibration,iid,constant_a021,0.036884644591611476
0.0014968797235728963,-0.0019850560036365796,0.0050886850854838985,0.034850405385795404,0.047483669861986044,70.79630233807649,60.98738125306557,0.9687433543761251,0.00039487858719646797,0.03427064017660044,2265,0,4,daily_me_op,daily size characteristic,market_state_mixed,17,calibration,iid,constant_a022,0.036884644591611476
-0.0008966950443904546,-0.0038778657940309763,0.001683915878992783,0.029963985991131988,0.03647898563201609,66.07477043738082,63.52743187273788,0.9708279159216862,0.00040044150110375275,0.030308830022075055,2265,0,4,daily_me_op,daily size characteristic,market_state_mixed,17,calibration,iid,constant_a023,0.036884644591611476
-0.00047419114798836847,-0.0032070512908856197,0.0026813405521648255,0.0333584672404176,0.043331161907411334,64.60474801339693,62.52574916197639,0.9714769324444164,0.0004770860927152318,0.031186534216335538,2265,0,4,daily_me_op,daily size characteristic,market_state_mixed,17,calibration,iid,constant_a024,0.036884644591611476
-0.00019923725202427003,-0.004614357004770851,0.0037034673734177514,0.03833303585029784,0.04260631818503761,81.39299746011406,58.13914411421242,0.9640649017836141,0.00046527858719646806,0.036884644591611476,2265,0,4,daily_me_op,daily size characteristic,market_state_mixed,17,calibration,iid,constant_equal_weight_public,0.036884644591611476
-0.0010866353609258433,-0.0033534668824292376,0.0009556778307966558,0.0403871461113748,0.04844053347224979,186.4258345478495,23.240939741159213,0.9176927882790952,0.0006160706401766005,0.03774635761589404,2265,0,4,daily_me_op,daily size characteristic,market_state_mixed,17,calibration,iid,momentum_12,0.036884644591611476
0.00016344257298848673,-0.0035135988297300236,0.004147219954989935,0.03005099171682203,0.0343978497357528,79.26063276853209,62.52574916197639,0.9650063431485509,0.0004981015452538633,0.031074392935982336,2265,0,4,daily_me_op,daily size characteristic,market_state_mixed,17,calibration,iid,low_vol_12,0.036884644591611476
-0.001219386767468838,-0.003411749742989426,0.0012031130764903557,0.04131532293626004,0.051853880212767,248.76186295334574,19.593236667472283,0.8901713629345052,0.0005762030905077263,0.03806313465783665,2265,0,4,daily_me_op,daily size characteristic,market_state_mixed,17,calibration,iid,risk_adjusted_12,0.036884644591611476
0.0033320762690253287,-0.001113135499938293,0.00694258324899073,0.03567595823587671,0.04060001352987355,63.261407594880794,63.52213564553727,0.9720700187219069,0.0005886781456953642,0.03936179249448123,2265,0,4,daily_me_op,daily size characteristic,market_state_mixed,17,calibration,iid,ridge_return_train_only,0.036884644591611476
-0.0011729254622804338,-0.005192299668487711,0.002950836006500719,0.030807481231969445,0.03437671160574007,76.85642714045508,63.99945465392959,0.9660678025869955,0.00030348785871964673,0.0393766004415011,2265,0,4,daily_me_op,daily size characteristic,market_state_mixed,17,calibration,block,constant_a000,0.036884644591611476
0.0038161259492712164,0.00041106264109398,0.007454070068565183,0.01835094808245438,0.022224818247433928,56.47937284214847,64.93009315366767,0.9750642945509278,0.00045673289183222954,0.03845033112582781,2265,0,4,daily_me_op,daily size characteristic,market_state_mixed,17,calibration,block,constant_a001,0.036884644591611476
0.001304823185170155,-0.0009279379192689704,0.003365074388548086,0.022983503594102568,0.027932584911061858,58.43178653958101,63.984869069468544,0.9742023017485294,0.00042763796909492266,0.03839094922737307,2265,0,4,daily_me_op,daily size characteristic,market_state_mixed,17,calibration,block,constant_a002,0.036884644591611476
0.0013537812812584645,-0.0012972019565379537,0.003905127728611786,0.03537606890544255,0.04185762908688542,62.222616074805956,64.16868215756962,0.972528646324589,0.00047395143487858726,0.03862604856512141,2265,0,4,daily_me_op,daily size characteristic,market_state_mixed,17,calibration,block,constant_a003,0.036884644591611476
-0.0007269956846538599,-0.003846735023880961,0.0023130526956242096,0.02628991255105847,0.03080353846593904,57.12023819109802,64.54181489172917,0.9747813517920098,0.0004247682119205297,0.04078388520971302,2265,0,4,daily_me_op,daily size characteristic,market_state_mixed,17,calibration,block,constant_a004,0.036884644591611476
0.0041123053614339706,-0.0021817523183540444,0.00912481661482163,0.047243274841217285,0.059865340974211645,53.955696665192605,63.64658641395346,0.9761785003685683,0.0004983664459161148,0.04207969094922737,2265,0,4,daily_me_op,daily size characteristic,market_state_mixed,17,calibration,block,constant_a005,0.036884644591611476
0.00028121866245003554,-0.0028303250270524435,0.0036020039016774444,0.036664063475672234,0.046673964866613744,54.30458081772663,63.10075630855525,0.9760244676301427,0.0004000000000000001,0.03936004415011037,2265,0,4,daily_me_op,daily size characteristic,market_state_mixed,17,calibration,block,constant_a006,0.036884644591611476
0.0006470686170360564,-0.0036620641175001065,0.004514791683465063,0.03213144621609095,0.0391992478685269,76.01692543280402,62.572212957594765,0.9664384435175258,0.0005164238410596026,0.03821633554083886,2265,0,4,daily_me_op,daily size characteristic,market_state_mixed,17,calibration,block,constant_a007,0.036884644591611476
0.0003123271200286773,-0.004309944528418559,0.004596498755125447,0.039261939178860734,0.0447,62.91978182196703,63.84671723393631,0.9722208468777187,0.000591523178807947,0.03958874172185431,2265,0,4,daily_me_op,daily size characteristic,market_state_mixed,17,calibration,block,constant_a008,0.036884644591611476
-0.0004304321798029548,-0.003434967093202583,0.0027570984767164354,0.038286706568914926,0.046706159823893804,64.62875932816276,64.93841749892279,0.9714663314224447,0.0006415011037527594,0.04022317880794702,2265,0,4,daily_me_op,daily size characteristic,market_state_mixed,17,calibration,block,constant_a009,0.036884644591611476
0.005329981124241103,0.0014242893139839057,0.009063286769342989,0.0338725026797585,0.04161713227466001,65.58290943647812,64.15436809459206,0.9710450730964777,0.0004702428256070641,0.04091456953642385,2265,0,4,daily_me_op,daily size characteristic,market_state_mixed,17,calibration,block,constant_a010,0.036884644591611476
0.0013344447445839615,-0.0021465781233643067,0.004329199504855986,0.027171813102797503,0.02813588224720121,70.61957283742801,64.96021421167325,0.9688213806457271,0.0005049448123620308,0.03691633554083885,2265,0,4,daily_me_op,daily size characteristic,market_state_mixed,17,calibration,block,constant_a011,0.036884644591611476
-0.0010747283165504953,-0.004801257068646756,0.0018607653456932153,0.049255570223165956,0.06147489675920583,65.41370222267076,61.13637611756442,0.9711197782681366,0.0005502428256070641,0.03507041942604857,2265,0,4,daily_me_op,daily size characteristic,market_state_mixed,17,calibration,block,constant_a012,0.036884644591611476
0.0013622404699479068,-0.002384156449843329,0.005106994410894755,0.0350052833228253,0.04225113767623034,72.22648279804918,58.660908584539705,0.9681119281244817,0.0005137748344370861,0.036443487858719655,2265,0,4,daily_me_op,daily size characteristic,market_state_mixed,17,calibration,block,constant_a013,0.036884644591611476
0.0023376924852027397,-0.0008879350219340615,0.006710075562841133,0.03500296884203353,0.04182650285442033,75.57863146722447,56.640419747987835,0.9666319507870974,0.000672671081677704,0.03833708609271524,2265,0,4,daily_me_op,daily size characteristic,market_state_mixed,17,calibration,block,constant_a014,0.036884644591611476
-0.0016787180386512405,-0.005129646039685141,0.001372590713054699,0.03946629069148935,0.05899732972989602,71.92349161687088,56.568995405320486,0.9682456990653991,0.0004266225165562914,0.042104856512141284,2265,0,4,daily_me_op,daily size characteristic,market_state_mixed,17,calibration,block,constant_a015,0.036884644591611476
0.0010507861016326497,-0.0021475000076056337,0.00438915344738061,0.046416981110504525,0.06625528482423637,70.42808345042695,64.53762059022712,0.9689059234214451,0.0004412362030905077,0.037138410596026496,2265,0,4,daily_me_op,daily size characteristic,market_state_mixed,17,calibration,block,constant_a016,0.036884644591611476
-0.0007189963463046206,-0.005408952753421792,0.0034843622195889832,0.0431112508836218,0.07683226021810262,68.04342199564095,62.58095877240478,0.9699587540858098,0.00043708609271523176,0.03571677704194261,2265,0,4,daily_me_op,daily size characteristic,market_state_mixed,17,calibration,block,constant_a017,0.036884644591611476
0.0017600969184860395,-0.00045083728314178784,0.0035972904328536574,0.021442614553987733,0.023798380897155715,61.83418046696773,57.18053241957994,0.9727001410741865,0.0004893156732891833,0.03461456953642384,2265,0,4,daily_me_op,daily size characteristic,market_state_mixed,17,calibration,block,constant_a018,0.036884644591611476
0.0011997381846485424,-0.002214055089528382,0.0039477412345021255,0.03849374154476157,0.043432947299254,63.75781031662053,63.72432773838852,0.9718508563723529,0.0005333333333333335,0.03605783664459162,2265,0,4,daily_me_op,daily size characteristic,market_state_mixed,17,calibration,block,constant_a019,0.036884644591611476
-0.0012859152311406302,-0.0035213769983659794,0.0017984023245593147,0.04824669927004735,0.06496013577055637,56.64892654542948,64.230797333924,0.9749894364037839,0.00028900662251655633,0.046241501103752754,2265,0,4,daily_me_op,daily size characteristic,market_state_mixed,17,calibration,block,constant_a020,0.036884644591611476
-0.001044429181993869,-0.005703168294594279,0.002967389617327237,0.04230041057358933,0.05994369585979429,73.36187908872895,64.1328781470633,0.9676106494089497,0.00029668874172185427,0.03527350993377483,2265,0,4,daily_me_op,daily size characteristic,market_state_mixed,17,calibration,block,constant_a021,0.036884644591611476
0.0014968797235728963,-0.0018213667505652834,0.004911685141771565,0.034850405385795404,0.04998524837705208,70.79630233807649,60.98738125306557,0.9687433543761251,0.00039487858719646797,0.03427064017660044,2265,0,4,daily_me_op,daily size characteristic,market_state_mixed,17,calibration,block,constant_a022,0.036884644591611476
-0.0008966950443904546,-0.003840562521600222,0.0018088635958203592,0.029963985991131988,0.0369549086596971,66.07477043738082,63.52743187273788,0.9708279159216862,0.00040044150110375275,0.030308830022075055,2265,0,4,daily_me_op,daily size characteristic,market_state_mixed,17,calibration,block,constant_a023,0.036884644591611476
-0.00047419114798836847,-0.003355540824223114,0.0022074397492643635,0.0333584672404176,0.04301386404603783,64.60474801339693,62.52574916197639,0.9714769324444164,0.0004770860927152318,0.031186534216335538,2265,0,4,daily_me_op,daily size characteristic,market_state_mixed,17,calibration,block,constant_a024,0.036884644591611476
-0.00019923725202427003,-0.00400794435954107,0.0033188815607653258,0.03833303585029784,0.042718054238471595,81.39299746011406,58.13914411421242,0.9640649017836141,0.00046527858719646806,0.036884644591611476,2265,0,4,daily_me_op,daily size characteristic,market_state_mixed,17,calibration,block,constant_equal_weight_public,0.036884644591611476
-0.0010866353609258433,-0.003592168593127357,0.0011740806954674337,0.0403871461113748,0.047963402291361264,186.4258345478495,23.240939741159213,0.9176927882790952,0.0006160706401766005,0.03774635761589404,2265,0,4,daily_me_op,daily size characteristic,market_state_mixed,17,calibration,block,momentum_12,0.036884644591611476
0.00016344257298848673,-0.003465943965958421,0.004301705478837372,0.03005099171682203,0.03413836214676762,79.26063276853209,62.52574916197639,0.9650063431485509,0.0004981015452538633,0.031074392935982336,2265,0,4,daily_me_op,daily size characteristic,market_state_mixed,17,calibration,block,low_vol_12,0.036884644591611476
-0.001219386767468838,-0.003896611883264957,0.0010160625942988249,0.04131532293626004,0.05617218617961507,248.76186295334574,19.593236667472283,0.8901713629345052,0.0005762030905077263,0.03806313465783665,2265,0,4,daily_me_op,daily size characteristic,market_state_mixed,17,calibration,block,risk_adjusted_12,0.036884644591611476
0.0033320762690253287,-0.0008085957674616897,0.007638768668063905,0.03567595823587671,0.03978728380983199,63.261407594880794,63.52213564553727,0.9720700187219069,0.0005886781456953642,0.03936179249448123,2265,0,4,daily_me_op,daily size characteristic,market_state_mixed,17,calibration,block,ridge_return_train_only,0.036884644591611476
0.00010023305453996362,-0.0038298143544530537,0.0039331391076548265,0.03396455056506717,0.04167376880000703,85.45914756764054,64.92691880941071,0.9699932768372048,0.0003962780898876405,0.03857907303370787,2848,0,4,daily_me_op,daily size characteristic,market_state_mixed,17,test,iid,constant_a000,0.036884644591611476
0.0010797931079842196,-0.0017241253806141003,0.0035930570490239314,0.030155779598242314,0.0369,67.36713728854879,64.89559946888951,0.9763458085363241,0.0005180828651685394,0.030657022471910114,2848,0,4,daily_me_op,daily size characteristic,market_state_mixed,17,test,iid,constant_a001,0.036884644591611476
0.0027170812053540845,-8.163876215475994e-05,0.006469477470939953,0.023810881111968656,0.032502426055852754,76.19331093120068,64.97135630236265,0.9732467307123593,0.0005845505617977528,0.030667977528089887,2848,0,4,daily_me_op,daily size characteristic,market_state_mixed,17,test,iid,constant_a002,0.036884644591611476
0.0014749997946508532,-0.0018559173787186984,0.00499103247512335,0.02589448204630745,0.03328931175569369,65.34505738134806,64.96748099645694,0.9770558085037402,0.000689817415730337,0.039128651685393256,2848,0,4,daily_me_op,daily size characteristic,market_state_mixed,17,test,iid,constant_a003,0.036884644591611476
-0.0008735738216589855,-0.0043610640342609565,0.0029198357352580107,0.032773730012680365,0.0377030599197519,78.9341476497654,64.86539739466758,0.972284358269043,0.0003732443820224719,0.03620463483146068,2848,0,4,daily_me_op,daily size characteristic,market_state_mixed,17,test,iid,constant_a004,0.036884644591611476
-0.00028676848105236316,-0.0040415626899132735,0.0031380859397798443,0.03118286509553934,0.034115446421506095,76.78568616736466,64.50817043695653,0.973038733789549,0.0004969803370786517,0.04001446629213483,2848,0,4,daily_me_op,daily size characteristic,market_state_mixed,17,test,iid,constant_a005,0.036884644591611476
-0.0019097894004082479,-0.005684726196037829,0.0013520010729784807,0.03882566692555971,0.05752590242693789,71.38901130222797,64.99808527557987,0.9749336336719705,0.000506179775280899,0.03197050561797753,2848,0,4,daily_me_op,daily size characteristic,market_state_mixed,17,test,iid,constant_a006,0.036884644591611476
0.0019239688641259165,-0.0005213276390298796,0.004557688704101292,0.027333900749784663,0.030656791743016706,68.30427682554452,64.97987528215907,0.9760167567326038,0.0005496839887640451,0.03202626404494382,2848,0,4,daily_me_op,daily size characteristic,market_state_mixed,17,test,iid,constant_a007,0.036884644591611476
-0.002556779178543907,-0.005494038536176928,0.0003301978932550933,0.02777416045531595,0.03224766870160493,64.59765866094723,64.9802940910877,0.9773182378297236,0.0004826896067415731,0.03332331460674158,2848,0,4,daily_me_op,daily size characteristic,market_state_mixed,17,test,iid,constant_a008,0.036884644591611476
-0.0005586355459129817,-0.006877103888347135,0.003809279267009938,0.06668761586438383,0.1433,73.03465649352212,64.89337929104687,0.9743558088154768,0.0004806179775280899,0.0354438202247191,2848,0,4,daily_me_op,daily size characteristic,market_state_mixed,17,test,iid,constant_a009,0.036884644591611476
-0.003693647351754729,-0.008658911864314039,0.0011951238699646517,0.045000296560491704,0.0516,72.7959224674166,64.96560859807866,0.9744396339650925,0.0005072331460674157,0.03976390449438202,2848,0,4,daily_me_op,daily size characteristic,market_state_mixed,17,test,iid,constant_a010,0.036884644591611476
0.0006462791585846355,-0.002554626812051067,0.003048525262409262,0.026338882289193438,0.029635528715195255,73.35229415764837,61.432847144953655,0.9742442787367808,0.0004511235955056179,0.03151390449438202,2848,0,4,daily_me_op,daily size characteristic,market_state_mixed,17,test,iid,constant_a011,0.036884644591611476
0.0012336433441147042,-0.0015762729767573867,0.004076340486169329,0.02385364337381633,0.02630968245808643,78.38272920883406,64.47450615387652,0.972477974294651,0.0005087078651685394,0.032783988764044945,2848,0,4,daily_me_op,daily size characteristic,market_state_mixed,17,test,iid,constant_a012,0.036884644591611476
-0.003996409860445532,-0.008167715636233468,-0.0005267167985888544,0.04381893451013428,0.0655,65.73570280581568,64.18179825388631,0.9769186436777333,0.0005538623595505618,0.03227443820224719,2848,0,4,daily_me_op,daily size characteristic,market_state_mixed,17,test,iid,constant_a013,0.036884644591611476
-0.0010170386300094635,-0.0063906812167887645,0.0045207579153310196,0.052986482494908935,0.09767801475064174,84.31148147547998,64.61831574361268,0.9703962494819242,0.000419066011235955,0.03335842696629214,2848,0,4,daily_me_op,daily size characteristic,market_state_mixed,17,test,iid,constant_a014,0.036884644591611476
0.002459321698245299,-0.003257930887060178,0.008574664326036045,0.04543904751099127,0.07380948650786819,85.22941317514798,64.99160559416501,0.9700739420031081,0.0005329705056179775,0.03754929775280899,2848,0,4,daily_me_op,daily size characteristic,market_state_mixed,17,test,iid,constant_a015,0.036884644591611476
-0.0009834462958240263,-0.004764295944181671,0.0019066315731195104,0.03235005439389565,0.03995548069227776,73.73922643838588,64.89237330347454,0.974108417683151,0.0004458216292134831,0.029966853932584265,2848,0,4,daily_me_op,daily size characteristic,market_state_mixed,17,test,iid,constant_a016,0.036884644591611476
6.042749256597302e-05,-0.0018830044957801962,0.0021664759865273604,0.025388607858244965,0.030627843559672262,57.506451423057214,64.56401513954671,0.979808128011567,0.0005253511235955056,0.02912837078651686,2848,0,4,daily_me_op,daily size characteristic,market_state_mixed,17,test,iid,constant_a017,0.036884644591611476
0.0013966801148291167,-0.0010017561605597555,0.003364043340563425,0.018462866054244024,0.02090573148716017,68.70071179692636,63.551540693808946,0.975877559060068,0.0005296348314606743,0.0289566011235955,2848,0,4,daily_me_op,daily size characteristic,market_state_mixed,17,test,iid,constant_a018,0.036884644591611476
0.0017301911734734882,-0.0003882406041487712,0.004054688103220654,0.022413863648950386,0.02563322990370815,83.13684078375525,64.97794366737465,0.9708086935450297,0.00048683286516853927,0.02873441011235955,2848,0,4,daily_me_op,daily size characteristic,market_state_mixed,17,test,iid,constant_a019,0.036884644591611476
-0.0031827211844738376,-0.006490110638206077,6.592738688729089e-05,0.029135870678324984,0.034226513993674296,84.44133256974149,64.97975468203681,0.9703506556988267,0.0004640800561797754,0.037429634831460674,2848,0,4,daily_me_op,daily size characteristic,market_state_mixed,17,test,iid,constant_a020,0.036884644591611476
0.0022439888952370175,0.00012688622147898488,0.004397605964502075,0.026084633506729966,0.033394241535126726,73.4899493101246,64.62243337808759,0.9741959447647034,0.0005357092696629213,0.029238483146067418,2848,0,4,daily_me_op,daily size characteristic,market_state_mixed,17,test,iid,constant_a021,0.036884644591611476
0.002004767033111075,-0.0007148319331244097,0.005075792159039299,0.021412591259536068,0.029706452863270096,87.1638285680184,64.48474554075922,0.9693947231151621,0.000558251404494382,0.02764115168539326,2848,0,4,daily_me_op,daily size characteristic,market_state_mixed,17,test,iid,constant_a022,0.036884644591611476
-0.0010018927837749216,-0.0036378414595999364,0.0017547961510798445,0.02361848504212912,0.027011185613148723,83.68379871209392,64.99350754232754,0.9706166437106412,0.0006573033707865169,0.028800421348314606,2848,0,4,daily_me_op,daily size characteristic,market_state_mixed,17,test,iid,constant_a023,0.036884644591611476
0.0002952883770099558,-0.0015249719189789682,0.0022369649571057234,0.027822497911412242,0.03722373694244852,77.16495279666256,63.78654284175504,0.9729055643270146,0.0006134831460674157,0.02737092696629214,2848,0,4,daily_me_op,daily size characteristic,market_state_mixed,17,test,iid,constant_a024,0.036884644591611476
0.0005913044013307465,-0.0021780104703971225,0.0032415261119012745,0.031272717774196934,0.04117993642472732,71.02061624638512,63.97610387691554,0.9750629858685446,0.0005147022471910111,0.030364893258426964,2848,0,4,daily_me_op,daily size characteristic,market_state_mixed,17,test,iid,constant_equal_weight_public,0.036884644591611476
0.0008411521150787192,-0.0011724913039364696,0.0033580593201496143,0.04211342087319892,0.051168576847376475,223.18604459583767,52.13129234256119,0.9216341135548323,0.0005490519662921348,0.039553370786516856,2848,0,4,daily_me_op,daily size characteristic,market_state_mixed,17,test,iid,momentum_12,0.036884644591611476
0.0018365351550566947,-0.0009631254810285052,0.006159797656890137,0.02785748150931437,0.03197010535193155,96.18650340414872,64.48474554075922,0.966226649085622,0.0004874002808988763,0.026351544943820224,2848,0,4,daily_me_op,daily size characteristic,market_state_mixed,17,test,iid,low_vol_12,0.036884644591611476
0.0008923163131888529,-0.0005581071528210379,0.002486806580657293,0.041330878994419444,0.05027101458571989,404.94129399806263,16.93038346950594,0.8578155568827027,0.0007221207865168541,0.0337123595505618,2848,0,4,daily_me_op,daily size characteristic,market_state_mixed,17,test,iid,risk_adjusted_12,0.036884644591611476
-0.002048923153945563,-0.006674633649324503,0.0027558151377618124,0.03997647846087268,0.0516,76.65929020901827,64.91463810459449,0.9730831143929008,0.0006526404494382023,0.03511039325842697,2848,0,4,daily_me_op,daily size characteristic,market_state_mixed,17,test,iid,ridge_return_train_only,0.036884644591611476
0.00010023305453996362,-0.0045345661147410355,0.003999983101731203,0.03396455056506717,0.04060371309666197,85.45914756764054,64.92691880941071,0.9699932768372048,0.0003962780898876405,0.03857907303370787,2848,0,4,daily_me_op,daily size characteristic,market_state_mixed,17,test,block,constant_a000,0.036884644591611476
0.0010797931079842196,-0.0023847987192028297,0.004246707776035072,0.030155779598242314,0.0369,67.36713728854879,64.89559946888951,0.9763458085363241,0.0005180828651685394,0.030657022471910114,2848,0,4,daily_me_op,daily size characteristic,market_state_mixed,17,test,block,constant_a001,0.036884644591611476
0.0027170812053540845,0.00020931140552246102,0.0057486567353557125,0.023810881111968656,0.032567728085416706,76.19331093120068,64.97135630236265,0.9732467307123593,0.0005845505617977528,0.030667977528089887,2848,0,4,daily_me_op,daily size characteristic,market_state_mixed,17,test,block,constant_a002,0.036884644591611476
0.0014749997946508532,-0.0022847697537815913,0.004825651592465279,0.02589448204630745,0.03354191599985862,65.34505738134806,64.96748099645694,0.9770558085037402,0.000689817415730337,0.039128651685393256,2848,0,4,daily_me_op,daily size characteristic,market_state_mixed,17,test,block,constant_a003,0.036884644591611476
-0.0008735738216589855,-0.004846690146418655,0.0024213752426177084,0.032773730012680365,0.0384186341054776,78.9341476497654,64.86539739466758,0.972284358269043,0.0003732443820224719,0.03620463483146068,2848,0,4,daily_me_op,daily size characteristic,market_state_mixed,17,test,block,constant_a004,0.036884644591611476
-0.00028676848105236316,-0.003689237368100844,0.003564442923392227,0.03118286509553934,0.03396657678717075,76.78568616736466,64.50817043695653,0.973038733789549,0.0004969803370786517,0.04001446629213483,2848,0,4,daily_me_op,daily size characteristic,market_state_mixed,17,test,block,constant_a005,0.036884644591611476
-0.0019097894004082479,-0.005857250532766473,0.0011951379938326468,0.03882566692555971,0.0575968672831084,71.38901130222797,64.99808527557987,0.9749336336719705,0.000506179775280899,0.03197050561797753,2848,0,4,daily_me_op,daily size characteristic,market_state_mixed,17,test,block,constant_a006,0.036884644591611476
0.0019239688641259165,-0.00028369745833775796,0.004544426726871954,0.027333900749784663,0.030460357628858507,68.30427682554452,64.97987528215907,0.9760167567326038,0.0005496839887640451,0.03202626404494382,2848,0,4,daily_me_op,daily size characteristic,market_state_mixed,17,test,block,constant_a007,0.036884644591611476
-0.002556779178543907,-0.00611007575332937,0.000689199035524597,0.02777416045531595,0.032230005885068906,64.59765866094723,64.9802940910877,0.9773182378297236,0.0004826896067415731,0.03332331460674158,2848,0,4,daily_me_op,daily size characteristic,market_state_mixed,17,test,block,constant_a008,0.036884644591611476
-0.0005586355459129817,-0.006519191024267169,0.0040871694167047,0.06668761586438383,0.1433,73.03465649352212,64.89337929104687,0.9743558088154768,0.0004806179775280899,0.0354438202247191,2848,0,4,daily_me_op,daily size characteristic,market_state_mixed,17,test,block,constant_a009,0.036884644591611476
-0.003693647351754729,-0.009549601703578351,0.0019003223057436774,0.045000296560491704,0.0516,72.7959224674166,64.96560859807866,0.9744396339650925,0.0005072331460674157,0.03976390449438202,2848,0,4,daily_me_op,daily size characteristic,market_state_mixed,17,test,block,constant_a010,0.036884644591611476
0.0006462791585846355,-0.00277904991324334,0.003636980918736096,0.026338882289193438,0.029514063090660028,73.35229415764837,61.432847144953655,0.9742442787367808,0.0004511235955056179,0.03151390449438202,2848,0,4,daily_me_op,daily size characteristic,market_state_mixed,17,test,block,constant_a011,0.036884644591611476
0.0012336433441147042,-0.0019056234418030203,0.003921642743877151,0.02385364337381633,0.026612443002717583,78.38272920883406,64.47450615387652,0.972477974294651,0.0005087078651685394,0.032783988764044945,2848,0,4,daily_me_op,daily size characteristic,market_state_mixed,17,test,block,constant_a012,0.036884644591611476
-0.003996409860445532,-0.007559475857153778,-0.0003200141551782963,0.04381893451013428,0.0655,65.73570280581568,64.18179825388631,0.9769186436777333,0.0005538623595505618,0.03227443820224719,2848,0,4,daily_me_op,daily size characteristic,market_state_mixed,17,test,block,constant_a013,0.036884644591611476
-0.0010170386300094635,-0.005940976678674439,0.0038824957752676774,0.052986482494908935,0.09729627061404775,84.31148147547998,64.61831574361268,0.9703962494819242,0.000419066011235955,0.03335842696629214,2848,0,4,daily_me_op,daily size characteristic,market_state_mixed,17,test,block,constant_a014,0.036884644591611476
0.002459321698245299,-0.002289763257356985,0.0083686189411762,0.04543904751099127,0.07215158265091837,85.22941317514798,64.99160559416501,0.9700739420031081,0.0005329705056179775,0.03754929775280899,2848,0,4,daily_me_op,daily size characteristic,market_state_mixed,17,test,block,constant_a015,0.036884644591611476
-0.0009834462958240263,-0.0048647472241760935,0.002746198771503596,0.03235005439389565,0.0390305600722944,73.73922643838588,64.89237330347454,0.974108417683151,0.0004458216292134831,0.029966853932584265,2848,0,4,daily_me_op,daily size characteristic,market_state_mixed,17,test,block,constant_a016,0.036884644591611476
6.042749256597302e-05,-0.0023296181928745634,0.0019104621325960606,0.025388607858244965,0.029775532869372654,57.506451423057214,64.56401513954671,0.979808128011567,0.0005253511235955056,0.02912837078651686,2848,0,4,daily_me_op,daily size characteristic,market_state_mixed,17,test,block,constant_a017,0.036884644591611476
0.0013966801148291167,-0.0006156545223888489,0.0033084557987136595,0.018462866054244024,0.020861648658950495,68.70071179692636,63.551540693808946,0.975877559060068,0.0005296348314606743,0.0289566011235955,2848,0,4,daily_me_op,daily size characteristic,market_state_mixed,17,test,block,constant_a018,0.036884644591611476
0.0017301911734734882,-0.0009439079610095739,0.004089756636451345,0.022413863648950386,0.026644791822987162,83.13684078375525,64.97794366737465,0.9708086935450297,0.00048683286516853927,0.02873441011235955,2848,0,4,daily_me_op,daily size characteristic,market_state_mixed,17,test,block,constant_a019,0.036884644591611476
-0.0031827211844738376,-0.006489315310022188,-0.00028827447328483714,0.029135870678324984,0.034537881137366305,84.44133256974149,64.97975468203681,0.9703506556988267,0.0004640800561797754,0.037429634831460674,2848,0,4,daily_me_op,daily size characteristic,market_state_mixed,17,test,block,constant_a020,0.036884644591611476
0.0022439888952370175,-0.00020578466217719983,0.005009369599889514,0.026084633506729966,0.0334164322003751,73.4899493101246,64.62243337808759,0.9741959447647034,0.0005357092696629213,0.029238483146067418,2848,0,4,daily_me_op,daily size characteristic,market_state_mixed,17,test,block,constant_a021,0.036884644591611476
0.002004767033111075,-0.0008422880927610816,0.004956457246920706,0.021412591259536068,0.028752692295979074,87.1638285680184,64.48474554075922,0.9693947231151621,0.000558251404494382,0.02764115168539326,2848,0,4,daily_me_op,daily size characteristic,market_state_mixed,17,test,block,constant_a022,0.036884644591611476
-0.0010018927837749216,-0.0031826615474059503,0.0011008139811351345,0.02361848504212912,0.027149673090309304,83.68379871209392,64.99350754232754,0.9706166437106412,0.0006573033707865169,0.028800421348314606,2848,0,4,daily_me_op,daily size characteristic,market_state_mixed,17,test,block,constant_a023,0.036884644591611476
0.0002952883770099558,-0.0017075945036208388,0.002318338759319668,0.027822497911412242,0.039846512527158366,77.16495279666256,63.78654284175504,0.9729055643270146,0.0006134831460674157,0.02737092696629214,2848,0,4,daily_me_op,daily size characteristic,market_state_mixed,17,test,block,constant_a024,0.036884644591611476
0.0005913044013307465,-0.002052705133517008,0.0028945269661110507,0.031272717774196934,0.04156139062904905,71.02061624638512,63.97610387691554,0.9750629858685446,0.0005147022471910111,0.030364893258426964,2848,0,4,daily_me_op,daily size characteristic,market_state_mixed,17,test,block,constant_equal_weight_public,0.036884644591611476
0.0008411521150787192,-0.0008245439341294173,0.0034260548614666424,0.04211342087319892,0.05046759873789592,223.18604459583767,52.13129234256119,0.9216341135548323,0.0005490519662921348,0.039553370786516856,2848,0,4,daily_me_op,daily size characteristic,market_state_mixed,17,test,block,momentum_12,0.036884644591611476
0.0018365351550566947,-0.0014587541836512707,0.005302100100902526,0.02785748150931437,0.031657614758666595,96.18650340414872,64.48474554075922,0.966226649085622,0.0004874002808988763,0.026351544943820224,2848,0,4,daily_me_op,daily size characteristic,market_state_mixed,17,test,block,low_vol_12,0.036884644591611476
0.0008923163131888529,-0.0007060901169658198,0.002570314855843323,0.041330878994419444,0.05048708336328808,404.94129399806263,16.93038346950594,0.8578155568827027,0.0007221207865168541,0.0337123595505618,2848,0,4,daily_me_op,daily size characteristic,market_state_mixed,17,test,block,risk_adjusted_12,0.036884644591611476
-0.002048923153945563,-0.00771640181040783,0.0024353449855047267,0.03997647846087268,0.0516,76.65929020901827,64.91463810459449,0.9730831143929008,0.0006526404494382023,0.03511039325842697,2848,0,4,daily_me_op,daily size characteristic,market_state_mixed,17,test,block,ridge_return_train_only,0.036884644591611476
0.0013967433410405667,-0.002028219902129051,0.006328809520306577,0.022842579078538507,0.027124260189270923,68.65086655948878,64.8117219657368,0.9696905666404023,0.00030348785871964673,0.0393766004415011,2265,0,4,daily_me_op,daily size characteristic,market_state_mixed,27,calibration,iid,constant_a000,0.036884644591611476
0.0029515403290350313,-0.0022161765203005364,0.007241164932479981,0.03681037044089994,0.043615815337303035,72.55251463913802,63.09875948514758,0.9679679847067824,0.00045673289183222954,0.03845033112582781,2265,0,4,daily_me_op,daily size characteristic,market_state_mixed,27,calibration,iid,constant_a001,0.036884644591611476
0.0010305378128791522,-0.0017555330120831568,0.004071993498006978,0.021230874180059752,0.023938057852312424,60.486407714224484,63.61748346468956,0.9732951842321305,0.00042763796909492266,0.03839094922737307,2265,0,4,daily_me_op,daily size characteristic,market_state_mixed,27,calibration,iid,constant_a002,0.036884644591611476
-0.0016830547709876784,-0.006163727699120447,0.0023497954543912733,0.04416744299095661,0.0663,65.45147698160733,64.53231818002031,0.9711031006703721,0.00047395143487858726,0.03862604856512141,2265,0,4,daily_me_op,daily size characteristic,market_state_mixed,27,calibration,iid,constant_a003,0.036884644591611476
0.0011698563842384416,-0.0013319930839923286,0.003942467454687837,0.03687101359128494,0.0509,51.57644235574188,64.98424829029915,0.9772289437722994,0.0004247682119205297,0.04078388520971302,2265,0,4,daily_me_op,daily size characteristic,market_state_mixed,27,calibration,iid,constant_a004,0.036884644591611476
0.0009128760045055563,-0.00421252921894471,0.005402148017887225,0.036842625144499826,0.051798404902345115,70.06510109259014,64.6529695963922,0.9690661805330728,0.0004983664459161148,0.04207969094922737,2265,0,4,daily_me_op,daily size characteristic,market_state_mixed,27,calibration,iid,constant_a005,0.036884644591611476
-0.00020759463429205718,-0.004993653023527931,0.0034986016778362854,0.039057165492163606,0.04938440388096368,62.84442535476898,61.50262356651441,0.9722541168411616,0.0004000000000000001,0.03936004415011037,2265,0,4,daily_me_op,daily size characteristic,market_state_mixed,27,calibration,iid,constant_a006,0.036884644591611476
0.002157135586423251,-0.002094773191405003,0.007597004954400355,0.05540376982169364,0.09353116443454705,51.83831105100711,62.89667039885118,0.9771133284543015,0.0005164238410596026,0.03821633554083886,2265,0,4,daily_me_op,daily size characteristic,market_state_mixed,27,calibration,iid,constant_a007,0.036884644591611476
-0.0004950643299667459,-0.004703828535333741,0.004243005370344409,0.04828731064234459,0.06067852304589312,63.44501039058721,54.459052822303676,0.9719889578849504,0.000591523178807947,0.03958874172185431,2265,0,4,daily_me_op,daily size characteristic,market_state_mixed,27,calibration,iid,constant_a008,0.036884644591611476
-0.0023584239233398565,-0.006464688462514532,0.002225033301977619,0.036499864556335776,0.04188687549199628,63.06378798006028,64.26134078181452,0.9721572679999734,0.0006415011037527594,0.04022317880794702,2265,0,4,daily_me_op,daily size characteristic,market_state_mixed,27,calibration,iid,constant_a009,0.036884644591611476
-0.0007922898886272497,-0.004659219976278858,0.0030399328194609756,0.03037179497407593,0.03302297581931118,59.36457678365366,63.45494328599778,0.9737904738262014,0.0004702428256070641,0.04091456953642385,2265,0,4,daily_me_op,daily size characteristic,market_state_mixed,27,calibration,iid,constant_a010,0.036884644591611476
-0.00033572225243153574,-0.0036596529182967284,0.00215444314045137,0.039354808962674175,0.05634709623570564,54.363965693267524,53.012655825874404,0.9759982491420452,0.0005049448123620308,0.03691633554083885,2265,0,4,daily_me_op,daily size characteristic,market_state_mixed,27,calibration,iid,constant_a011,0.036884644591611476
0.0029206263729467156,-0.00036075129807806774,0.006371500267189286,0.03264917981236916,0.05629925049255071,61.933199409109136,54.67490959349466,0.9726564241019385,0.0005502428256070641,0.03507041942604857,2265,0,4,daily_me_op,daily size characteristic,market_state_mixed,27,calibration,iid,constant_a012,0.036884644591611476
-0.000854771567243897,-0.004166394694311588,0.001901649228818838,0.034400694203262645,0.04156802723068861,52.228454367418514,57.74937488284676,0.9769410797494841,0.0005137748344370861,0.036443487858719655,2265,0,4,daily_me_op,daily size characteristic,market_state_mixed,27,calibration,iid,constant_a013,0.036884644591611476
-0.0021929901550187714,-0.009217353971205797,0.0033090296895861254,0.06260207361031386,0.0729,66.2593664820374,64.7031671145039,0.9707464165642219,0.000672671081677704,0.03833708609271524,2265,0,4,daily_me_op,daily size characteristic,market_state_mixed,27,calibration,iid,constant_a014,0.036884644591611476
0.003112769317704062,-0.001141733203056996,0.00726259483545508,0.028353721409539706,0.03218895756910845,69.07479232806541,63.28081444768186,0.9695034029456665,0.0004266225165562914,0.042104856512141284,2265,0,4,daily_me_op,daily size characteristic,market_state_mixed,27,calibration,iid,constant_a015,0.036884644591611476
0.003028684545833522,-0.0005863394826975697,0.006359741907010786,0.0257416121908061,0.027914293208084667,67.70448087598002,61.27555319755018,0.9701083969642472,0.0004412362030905077,0.037138410596026496,2265,0,4,daily_me_op,daily size characteristic,market_state_mixed,27,calibration,iid,constant_a016,0.036884644591611476
0.00029462653886253547,-0.0032451500166822355,0.0033341339186836357,0.04209560088573577,0.04881243346315229,70.20818869634735,63.028822475033394,0.9690030071980806,0.00043708609271523176,0.03571677704194261,2265,0,4,daily_me_op,daily size characteristic,market_state_mixed,27,calibration,iid,constant_a017,0.036884644591611476
-0.0016668056413778859,-0.0067329360787321095,0.0024820696095310462,0.04383425937654033,0.07053033696718868,88.07091040521506,59.25251951479229,0.9611165958475871,0.0004893156732891833,0.03461456953642384,2265,0,4,daily_me_op,daily size characteristic,market_state_mixed,27,calibration,iid,constant_a018,0.036884644591611476
-0.002630419146222838,-0.006120317524660071,0.00046726439468817223,0.0394334044941576,0.04648144442125678,71.92832198612345,64.43269767138537,0.9682435664520426,0.0005333333333333335,0.03605783664459162,2265,0,4,daily_me_op,daily size characteristic,market_state_mixed,27,calibration,iid,constant_a019,0.036884644591611476
0.0030884723278612387,-0.0012741332744459302,0.009334554269248339,0.031102154297511724,0.03954017942103936,72.05561365657732,64.76882041040957,0.9681873670390387,0.00028900662251655633,0.046241501103752754,2265,0,4,daily_me_op,daily size characteristic,market_state_mixed,27,calibration,iid,constant_a020,0.036884644591611476
0.0019476459399217997,-0.0007378801262126991,0.00507620627790052,0.017974527018355963,0.018896745256561896,58.98657461202858,64.61185558443489,0.9739573622021949,0.00029668874172185427,0.03527350993377483,2265,0,4,daily_me_op,daily size characteristic,market_state_mixed,27,calibration,iid,constant_a021,0.036884644591611476
0.000526294732400893,-0.0030026778442025595,0.004007592349038575,0.03163762751716462,0.041070846715116884,79.369974333566,64.21105481394923,0.9649580687269024,0.00039487858719646797,0.03427064017660044,2265,0,4,daily_me_op,daily size characteristic,market_state_mixed,27,calibration,iid,constant_a022,0.036884644591611476
0.0007099465708977727,-0.001572018115333387,0.0035022247200609665,0.029852527027403587,0.04308651514526121,69.64532999102695,62.54450680054704,0.9692515099377365,0.00040044150110375275,0.030308830022075055,2265,0,4,daily_me_op,daily size characteristic,market_state_mixed,27,calibration,iid,constant_a023,0.036884644591611476
-0.00017447335297528382,-0.0020522182754044225,0.0013532463166134796,0.03409712638032168,0.043366882258425124,65.19322042582988,64.70779355214603,0.9712171212247992,0.0004770860927152318,0.031186534216335538,2265,0,4,daily_me_op,daily size characteristic,market_state_mixed,27,calibration,iid,constant_a024,0.036884644591611476
0.005373068365475768,0.0018363121363721379,0.010000890941292275,0.022561179953110456,0.03440154305266928,73.45841559916727,52.61397082706793,0.9675680284330387,0.00046527858719646806,0.036884644591611476,2265,0,4,daily_me_op,daily size characteristic,market_state_mixed,27,calibration,iid,constant_equal_weight_public,0.036884644591611476
0.002125259203079446,0.00010396582069517813,0.0042618653790035405,0.03487428683423948,0.0422435215250723,198.29750623102714,25.289319925181804,0.9124514321275818,0.0006160706401766005,0.03774635761589404,2265,0,4,daily_me_op,daily size characteristic,market_state_mixed,27,calibration,iid,momentum_12,0.036884644591611476
-0.0008589051380087525,-0.004573596595070034,0.0017742933508038575,0.03298824252039719,0.04515794708678335,74.5365383889578,64.70779355214603,0.9670920360313652,0.0004981015452538633,0.031074392935982336,2265,0,4,daily_me_op,daily size characteristic,market_state_mixed,27,calibration,iid,low_vol_12,0.036884644591611476
0.0004426814433409778,-0.0012700119669342047,0.002748601671764034,0.03154210612373493,0.03558013166216939,267.8061171143953,19.780276494987625,0.8817633037022538,0.0005762030905077263,0.03806313465783665,2265,0,4,daily_me_op,daily size characteristic,market_state_mixed,27,calibration,iid,risk_adjusted_12,0.036884644591611476
-0.0030622549820883103,-0.009551097799917821,0.002329731502835136,0.05702308389158007,0.0729,66.19317433875968,63.83647182576932,0.9707756404685388,0.000573289183222958,0.0394,2265,0,4,daily_me_op,daily size characteristic,market_state_mixed,27,calibration,iid,ridge_return_train_only,0.036884644591611476
0.0013967433410405667,-0.0020636890568254567,0.005022570628356222,0.022842579078538507,0.027539950449897092,68.65086655948878,64.8117219657368,0.9696905666404023,0.00030348785871964673,0.0393766004415011,2265,0,4,daily_me_op,daily size characteristic,market_state_mixed,27,calibration,block,constant_a000,0.036884644591611476
0.0029515403290350313,-0.0017808117201186142,0.007626795361246826,0.03681037044089994,0.04414999765645173,72.55251463913802,63.09875948514758,0.9679679847067824,0.00045673289183222954,0.03845033112582781,2265,0,4,daily_me_op,daily size characteristic,market_state_mixed,27,calibration,block,constant_a001,0.036884644591611476
0.0010305378128791522,-0.0015715123106406815,0.004217483948767802,0.021230874180059752,0.023913871300638,60.486407714224484,63.61748346468956,0.9732951842321305,0.00042763796909492266,0.03839094922737307,2265,0,4,daily_me_op,daily size characteristic,market_state_mixed,27,calibration,block,constant_a002,0.036884644591611476
-0.0016830547709876784,-0.005964916817871833,0.002090423477807123,0.04416744299095661,0.0663,65.45147698160733,64.53231818002031,0.9711031006703721,0.00047395143487858726,0.03862604856512141,2265,0,4,daily_me_op,daily size characteristic,market_state_mixed,27,calibration,block,constant_a003,0.036884644591611476
0.0011698563842384416,-0.00174996621184584,0.003959611698531923,0.03687101359128494,0.0509,51.57644235574188,64.98424829029915,0.9772289437722994,0.0004247682119205297,0.04078388520971302,2265,0,4,daily_me_op,daily size characteristic,market_state_mixed,27,calibration,block,constant_a004,0.036884644591611476
0.0009128760045055563,-0.0060250357824091025,0.0071384993789165236,0.036842625144499826,0.05308487120353712,70.06510109259014,64.6529695963922,0.9690661805330728,0.0004983664459161148,0.04207969094922737,2265,0,4,daily_me_op,daily size characteristic,market_state_mixed,27,calibration,block,constant_a005,0.036884644591611476
-0.00020759463429205718,-0.0038362024904141714,0.004191790221393127,0.039057165492163606,0.04829127395921962,62.84442535476898,61.50262356651441,0.9722541168411616,0.0004000000000000001,0.03936004415011037,2265,0,4,daily_me_op,daily size characteristic,market_state_mixed,27,calibration,block,constant_a006,0.036884644591611476
0.002157135586423251,-0.002996550924259361,0.006818792483490875,0.05540376982169364,0.10285471356692379,51.83831105100711,62.89667039885118,0.9771133284543015,0.0005164238410596026,0.03821633554083886,2265,0,4,daily_me_op,daily size characteristic,market_state_mixed,27,calibration,block,constant_a007,0.036884644591611476
-0.0004950643299667459,-0.0047505996547260055,0.003599018503316301,0.04828731064234459,0.06018101665178767,63.44501039058721,54.459052822303676,0.9719889578849504,0.000591523178807947,0.03958874172185431,2265,0,4,daily_me_op,daily size characteristic,market_state_mixed,27,calibration,block,constant_a008,0.036884644591611476
-0.0023584239233398565,-0.0068096318831578125,0.001314563527960023,0.036499864556335776,0.04075907823982561,63.06378798006028,64.26134078181452,0.9721572679999734,0.0006415011037527594,0.04022317880794702,2265,0,4,daily_me_op,daily size characteristic,market_state_mixed,27,calibration,block,constant_a009,0.036884644591611476
-0.0007922898886272497,-0.004067039931856021,0.0030221028148099526,0.03037179497407593,0.033746640624728715,59.36457678365366,63.45494328599778,0.9737904738262014,0.0004702428256070641,0.04091456953642385,2265,0,4,daily_me_op,daily size characteristic,market_state_mixed,27,calibration,block,constant_a010,0.036884644591611476
-0.00033572225243153574,-0.0035289967386713554,0.0026558019112797567,0.039354808962674175,0.058199999999999995,54.363965693267524,53.012655825874404,0.9759982491420452,0.0005049448123620308,0.03691633554083885,2265,0,4,daily_me_op,daily size characteristic,market_state_mixed,27,calibration,block,constant_a011,0.036884644591611476
0.0029206263729467156,-0.0012980769159309546,0.006206267431937399,0.03264917981236916,0.05225010141378491,61.933199409109136,54.67490959349466,0.9726564241019385,0.0005502428256070641,0.03507041942604857,2265,0,4,daily_me_op,daily size characteristic,market_state_mixed,27,calibration,block,constant_a012,0.036884644591611476
-0.000854771567243897,-0.00401276480998061,0.0017087396776170318,0.034400694203262645,0.04089731573442851,52.228454367418514,57.74937488284676,0.9769410797494841,0.0005137748344370861,0.036443487858719655,2265,0,4,daily_me_op,daily size characteristic,market_state_mixed,27,calibration,block,constant_a013,0.036884644591611476
-0.0021929901550187714,-0.007765850311511013,0.0026577537291384507,0.06260207361031386,0.0729,66.2593664820374,64.7031671145039,0.9707464165642219,0.000672671081677704,0.03833708609271524,2265,0,4,daily_me_op,daily size characteristic,market_state_mixed,27,calibration,block,constant_a014,0.036884644591611476
0.003112769317704062,-0.0012276739172177498,0.007059760282041962,0.028353721409539706,0.033262416038045924,69.07479232806541,63.28081444768186,0.9695034029456665,0.0004266225165562914,0.042104856512141284,2265,0,4,daily_me_op,daily size characteristic,market_state_mixed,27,calibration,block,constant_a015,0.036884644591611476
0.003028684545833522,-0.00038645365347849824,0.005746453162391552,0.0257416121908061,0.029118721852660387,67.70448087598002,61.27555319755018,0.9701083969642472,0.0004412362030905077,0.037138410596026496,2265,0,4,daily_me_op,daily size characteristic,market_state_mixed,27,calibration,block,constant_a016,0.036884644591611476
0.00029462653886253547,-0.0032155423378782853,0.0033485717371593404,0.04209560088573577,0.048713305406457644,70.20818869634735,63.028822475033394,0.9690030071980806,0.00043708609271523176,0.03571677704194261,2265,0,4,daily_me_op,daily size characteristic,market_state_mixed,27,calibration,block,constant_a017,0.036884644591611476
-0.0016668056413778859,-0.005563288931947039,0.003202035282611568,0.04383425937654033,0.06585042390340994,88.07091040521506,59.25251951479229,0.9611165958475871,0.0004893156732891833,0.03461456953642384,2265,0,4,daily_me_op,daily size characteristic,market_state_mixed,27,calibration,block,constant_a018,0.036884644591611476
-0.002630419146222838,-0.007164300253614187,0.0011403652448609566,0.0394334044941576,0.04632699264755516,71.92832198612345,64.43269767138537,0.9682435664520426,0.0005333333333333335,0.03605783664459162,2265,0,4,daily_me_op,daily size characteristic,market_state_mixed,27,calibration,block,constant_a019,0.036884644591611476
0.0030884723278612387,-0.0008087140041875853,0.007302159556560359,0.031102154297511724,0.04068259974112237,72.05561365657732,64.76882041040957,0.9681873670390387,0.00028900662251655633,0.046241501103752754,2265,0,4,daily_me_op,daily size characteristic,market_state_mixed,27,calibration,block,constant_a020,0.036884644591611476
0.0019476459399217997,-0.0005442725275693511,0.0047344874608116734,0.017974527018355963,0.0188965219432533,58.98657461202858,64.61185558443489,0.9739573622021949,0.00029668874172185427,0.03527350993377483,2265,0,4,daily_me_op,daily size characteristic,market_state_mixed,27,calibration,block,constant_a021,0.036884644591611476
0.000526294732400893,-0.002449379952691543,0.003853975048722179,0.03163762751716462,0.04050080151892909,79.369974333566,64.21105481394923,0.9649580687269024,0.00039487858719646797,0.03427064017660044,2265,0,4,daily_me_op,daily size characteristic,market_state_mixed,27,calibration,block,constant_a022,0.036884644591611476
0.0007099465708977727,-0.0018844811001916433,0.0025000023950655917,0.029852527027403587,0.043966532122494996,69.64532999102695,62.54450680054704,0.9692515099377365,0.00040044150110375275,0.030308830022075055,2265,0,4,daily_me_op,daily size characteristic,market_state_mixed,27,calibration,block,constant_a023,0.036884644591611476
-0.00017447335297528382,-0.0017290761639820655,0.0013694022582005914,0.03409712638032168,0.043368991904934415,65.19322042582988,64.70779355214603,0.9712171212247992,0.0004770860927152318,0.031186534216335538,2265,0,4,daily_me_op,daily size characteristic,market_state_mixed,27,calibration,block,constant_a024,0.036884644591611476
0.005373068365475768,0.002195618061836948,0.009492850914218802,0.022561179953110456,0.036151801632938296,73.45841559916727,52.61397082706793,0.9675680284330387,0.00046527858719646806,0.036884644591611476,2265,0,4,daily_me_op,daily size characteristic,market_state_mixed,27,calibration,block,constant_equal_weight_public,0.036884644591611476
0.002125259203079446,0.00014744255691591317,0.004249188789264073,0.03487428683423948,0.04274295804683992,198.29750623102714,25.289319925181804,0.9124514321275818,0.0006160706401766005,0.03774635761589404,2265,0,4,daily_me_op,daily size characteristic,market_state_mixed,27,calibration,block,momentum_12,0.036884644591611476
-0.0008589051380087525,-0.003453600754757212,0.0012170536492021942,0.03298824252039719,0.0445995599178472,74.5365383889578,64.70779355214603,0.9670920360313652,0.0004981015452538633,0.031074392935982336,2265,0,4,daily_me_op,daily size characteristic,market_state_mixed,27,calibration,block,low_vol_12,0.036884644591611476
0.0004426814433409778,-0.0013844060849305287,0.002145898766220734,0.03154210612373493,0.037614791347058495,267.8061171143953,19.780276494987625,0.8817633037022538,0.0005762030905077263,0.03806313465783665,2265,0,4,daily_me_op,daily size characteristic,market_state_mixed,27,calibration,block,risk_adjusted_12,0.036884644591611476
-0.0030622549820883103,-0.010202744544763139,0.0022205609665240447,0.05702308389158007,0.0729,66.19317433875968,63.83647182576932,0.9707756404685388,0.000573289183222958,0.0394,2265,0,4,daily_me_op,daily size characteristic,market_state_mixed,27,calibration,block,ridge_return_train_only,0.036884644591611476
0.0017093341209512272,-0.001502917916544821,0.005600594788299644,0.03067411454078263,0.04011547049966686,67.82077102708213,64.43264420838754,0.9761865270270077,0.0003962780898876405,0.03857907303370787,2848,0,4,daily_me_op,daily size characteristic,market_state_mixed,27,test,iid,constant_a000,0.036884644591611476
0.003136542185747218,-0.0005559625961001481,0.00697501301535686,0.020903070728476664,0.027611850137970708,72.98251254393341,64.62211229578108,0.9743741177865403,0.0005180828651685394,0.030657022471910114,2848,0,4,daily_me_op,daily size characteristic,market_state_mixed,27,test,iid,constant_a001,0.036884644591611476
0.0006203989752287419,-0.0023090472783922375,0.003446052807157266,0.027639666507872286,0.0292,81.80708158901821,64.99997241516007,0.9712756033746425,0.0005845505617977528,0.030667977528089887,2848,0,4,daily_me_op,daily size characteristic,market_state_mixed,27,test,iid,constant_a002,0.036884644591611476
-0.002240839684997296,-0.005738875471654049,0.0007415258922210547,0.031810644048600255,0.04104556132678997,70.1816096270487,64.72269603316522,0.975357580889379,0.000689817415730337,0.039128651685393256,2848,0,4,daily_me_op,daily size characteristic,market_state_mixed,27,test,iid,constant_a003,0.036884644591611476
-0.0015961960162708727,-0.006468066287888119,0.003992274468597446,0.035339440490390416,0.04037878040670029,83.84111045506401,64.95561416476006,0.9705614078458342,0.0003732443820224719,0.03620463483146068,2848,0,4,daily_me_op,daily size characteristic,market_state_mixed,27,test,iid,constant_a004,0.036884644591611476
-0.0016098286086221522,-0.005303677116659743,0.0017839020682147693,0.038646232308702164,0.04434923548488265,65.14178170205399,64.67322708376713,0.9771271833911327,0.0004969803370786517,0.04001446629213483,2848,0,4,daily_me_op,daily size characteristic,market_state_mixed,27,test,iid,constant_a005,0.036884644591611476
0.0013821486944194043,-0.002044458141902463,0.004219655227281459,0.03133754134188778,0.038,67.58668673577883,63.992589602672794,0.9762687195450215,0.000506179775280899,0.03197050561797753,2848,0,4,daily_me_op,daily size characteristic,market_state_mixed,27,test,iid,constant_a006,0.036884644591611476
-0.0015830028437924812,-0.004811911790634678,0.0019141480267413562,0.046243965927649136,0.06663145111313361,77.07954297795742,64.76715186372374,0.9729355537296498,0.0005496839887640451,0.03202626404494382,2848,0,4,daily_me_op,daily size characteristic,market_state_mixed,27,test,iid,constant_a007,0.036884644591611476
0.0019067544858879185,-0.0005559379061274406,0.004009341160562174,0.023149784186040075,0.02760866626876356,66.88149699189778,64.67520020951946,0.9765163283034067,0.0004826896067415731,0.03332331460674158,2848,0,4,daily_me_op,daily size characteristic,market_state_mixed,27,test,iid,constant_a008,0.036884644591611476
-0.0004052944604733629,-0.003056057152230393,0.0027677799403775455,0.02710587920049523,0.029213029913053665,67.48948284048265,64.75890178945866,0.9763028501262351,0.0004806179775280899,0.0354438202247191,2848,0,4,daily_me_op,daily size characteristic,market_state_mixed,27,test,iid,constant_a009,0.036884644591611476
0.0027209833495843907,-0.0019145813299961648,0.008537631851022336,0.034031233809535405,0.03703968904300786,56.552012004588306,64.93847835663112,0.9801432542118721,0.0005072331460674157,0.03976390449438202,2848,0,4,daily_me_op,daily size characteristic,market_state_mixed,27,test,iid,constant_a010,0.036884644591611476
-0.0010209589965345558,-0.005869143787293473,0.0032425925670735148,0.04574710674732164,0.07847038560445047,75.81583048508266,64.92070633771438,0.9733792730038333,0.0004511235955056179,0.03151390449438202,2848,0,4,daily_me_op,daily size characteristic,market_state_mixed,27,test,iid,constant_a011,0.036884644591611476
0.0007052063852703696,-0.0023483539331649724,0.004520767493517572,0.031311274445544914,0.03910912032851869,75.10450221886778,64.93256409432723,0.9736290371422515,0.0005087078651685394,0.032783988764044945,2848,0,4,daily_me_op,daily size characteristic,market_state_mixed,27,test,iid,constant_a012,0.036884644591611476
-0.0005296420350668168,-0.004206785318991748,0.0026861760692935316,0.046943372374972134,0.0699853524464712,61.59531265992908,62.34415971740623,0.978372432352553,0.0005538623595505618,0.03227443820224719,2848,0,4,daily_me_op,daily size characteristic,market_state_mixed,27,test,iid,constant_a013,0.036884644591611476
0.0012564556675658952,-0.0020498323437407543,0.003983462570867902,0.026767681946497198,0.030570736453507722,70.32786324878262,64.34824612664018,0.97530622779186,0.000419066011235955,0.03335842696629214,2848,0,4,daily_me_op,daily size characteristic,market_state_mixed,27,test,iid,constant_a014,0.036884644591611476
0.0014216836166760524,-0.0026609804370870665,0.005449073457306943,0.03827920246841706,0.05043353212739102,76.91386177544467,64.0436293316756,0.9729937283091837,0.0005329705056179775,0.03754929775280899,2848,0,4,daily_me_op,daily size characteristic,market_state_mixed,27,test,iid,constant_a015,0.036884644591611476
0.0014391348156188402,-0.0011420268543441618,0.0036150686363239743,0.017921206444439414,0.02183234709380146,69.89217649928644,64.62847498340582,0.9754592076898573,0.0004458216292134831,0.029966853932584265,2848,0,4,daily_me_op,daily size characteristic,market_state_mixed,27,test,iid,constant_a016,0.036884644591611476
-0.001947548485931357,-0.0047470773903034395,0.0008612907461623335,0.026846535812013888,0.03293623138538297,87.02529861176022,64.85393963735882,0.9694433642514887,0.0005253511235955056,0.02912837078651686,2848,0,4,daily_me_op,daily size characteristic,market_state_mixed,27,test,iid,constant_a017,0.036884644591611476
-0.0013406357693246593,-0.004019400328015356,0.0016657022296161102,0.02642852007508853,0.029644679071192916,74.74997005501885,64.47613190026817,0.9737535217503445,0.0005296348314606743,0.0289566011235955,2848,0,4,daily_me_op,daily size characteristic,market_state_mixed,27,test,iid,constant_a018,0.036884644591611476
0.003890102680363247,0.0005161627441868298,0.00795369517648851,0.0173514618571518,0.019282792473741074,74.96024135774334,59.6821497071569,0.9736796905345002,0.00048683286516853927,0.02873441011235955,2848,0,4,daily_me_op,daily size characteristic,market_state_mixed,27,test,iid,constant_a019,0.036884644591611476
-0.00139584778181951,-0.006376677187316453,0.0018868081428476792,0.0265314529876598,0.03184461037746792,74.86627014592892,64.98672588181573,0.9737126860442665,0.0004640800561797754,0.037429634831460674,2848,0,4,daily_me_op,daily size characteristic,market_state_mixed,27,test,iid,constant_a020,0.036884644591611476
-0.000985051948840716,-0.0027619298759253394,0.0008934549597835274,0.0390952821293161,0.0596348422749495,66.95565713547764,64.591312320506,0.9764902889271497,0.0005357092696629213,0.029238483146067418,2848,0,4,daily_me_op,daily size characteristic,market_state_mixed,27,test,iid,constant_a021,0.036884644591611476
-0.0008475369673394609,-0.003754686304825531,0.0018427183022135857,0.026271997078693057,0.03,81.80534357310711,64.29289077061934,0.9712762136330383,0.000558251404494382,0.02764115168539326,2848,0,4,daily_me_op,daily size characteristic,market_state_mixed,27,test,iid,constant_a022,0.036884644591611476
0.00041161762951405593,-0.0024989023744143176,0.003389655702786356,0.030481752614223367,0.04460068882512401,96.50720109882731,64.41733987810858,0.966114044557996,0.0006573033707865169,0.028800421348314606,2848,0,4,daily_me_op,daily size characteristic,market_state_mixed,27,test,iid,constant_a023,0.036884644591611476
0.0006228144112613579,-0.0014675810178775928,0.002998721954466982,0.01956798091023713,0.022880869932955898,89.16929803685983,64.75214049954126,0.9686905554645857,0.0006134831460674157,0.02737092696629214,2848,0,4,daily_me_op,daily size characteristic,market_state_mixed,27,test,iid,constant_a024,0.036884644591611476
-0.00011149306201856694,-0.003138790241876061,0.0027037174796783357,0.03317146914662715,0.049671959585261924,67.41656739313623,64.51584270054238,0.9763284524602752,0.0005147022471910111,0.030364893258426964,2848,0,4,daily_me_op,daily size characteristic,market_state_mixed,27,test,iid,constant_equal_weight_public,0.036884644591611476
0.0021097982947865693,0.0005744163750025012,0.004161060977093133,0.028971351150956434,0.03507828504304521,251.25335663113327,52.69277391001802,0.9117790180368212,0.0005490519662921348,0.039553370786516856,2848,0,4,daily_me_op,daily size characteristic,market_state_mixed,27,test,iid,momentum_12,0.036884644591611476
0.0004130285983075639,-0.0019767834710202716,0.002600981963918853,0.023576466638941276,0.029200000000000004,95.75085742744825,64.76715186372374,0.9663796146673286,0.0004874002808988763,0.026351544943820224,2848,0,4,daily_me_op,daily size characteristic,market_state_mixed,27,test,iid,low_vol_12,0.036884644591611476
0.000873082507962394,-0.0006308191081848909,0.002448003359364388,0.029818751937650042,0.0356477338621269,428.47834142410346,17.656948555225554,0.849551144162885,0.0007221207865168541,0.0337123595505618,2848,0,4,daily_me_op,daily size characteristic,market_state_mixed,27,test,iid,risk_adjusted_12,0.036884644591611476
-0.00038436812778378936,-0.004325462015868754,0.003773116478295395,0.02904395111195661,0.03347052058681558,73.10401667965284,64.67322708376713,0.9743314548175376,0.0006498764044943821,0.03416129213483146,2848,0,4,daily_me_op,daily size characteristic,market_state_mixed,27,test,iid,ridge_return_train_only,0.036884644591611476
0.0017093341209512272,-0.0014595314663070334,0.005200754665215928,0.03067411454078263,0.041337472040881965,67.82077102708213,64.43264420838754,0.9761865270270077,0.0003962780898876405,0.03857907303370787,2848,0,4,daily_me_op,daily size characteristic,market_state_mixed,27,test,block,constant_a000,0.036884644591611476
0.003136542185747218,-0.0008321224833125668,0.0097332666386632,0.020903070728476664,0.02727892101756135,72.98251254393341,64.62211229578108,0.9743741177865403,0.0005180828651685394,0.030657022471910114,2848,0,4,daily_me_op,daily size characteristic,market_state_mixed,27,test,block,constant_a001,0.036884644591611476
0.0006203989752287419,-0.002587413715524802,0.003672607627993235,0.027639666507872286,0.029199999999999997,81.80708158901821,64.99997241516007,0.9712756033746425,0.0005845505617977528,0.030667977528089887,2848,0,4,daily_me_op,daily size characteristic,market_state_mixed,27,test,block,constant_a002,0.036884644591611476
-0.002240839684997296,-0.005502560376254595,0.0007100342838885045,0.031810644048600255,0.03820761631705599,70.1816096270487,64.72269603316522,0.975357580889379,0.000689817415730337,0.039128651685393256,2848,0,4,daily_me_op,daily size characteristic,market_state_mixed,27,test,block,constant_a003,0.036884644591611476
-0.0015961960162708727,-0.007368441608602013,0.0032614883336922,0.035339440490390416,0.040299211982212306,83.84111045506401,64.95561416476006,0.9705614078458342,0.0003732443820224719,0.03620463483146068,2848,0,4,daily_me_op,daily size characteristic,market_state_mixed,27,test,block,constant_a004,0.036884644591611476
-0.0016098286086221522,-0.005260394070829864,0.0016320510743093682,0.038646232308702164,0.04416096054880594,65.14178170205399,64.67322708376713,0.9771271833911327,0.0004969803370786517,0.04001446629213483,2848,0,4,daily_me_op,daily size characteristic,market_state_mixed,27,test,block,constant_a005,0.036884644591611476
0.0013821486944194043,-0.0015412815534161788,0.004665832106977286,0.03133754134188778,0.03799999999999999,67.58668673577883,63.992589602672794,0.9762687195450215,0.000506179775280899,0.03197050561797753,2848,0,4,daily_me_op,daily size characteristic,market_state_mixed,27,test,block,constant_a006,0.036884644591611476
-0.0015830028437924812,-0.005901818752401311,0.002420677153981328,0.046243965927649136,0.06944393804952927,77.07954297795742,64.76715186372374,0.9729355537296498,0.0005496839887640451,0.03202626404494382,2848,0,4,daily_me_op,daily size characteristic,market_state_mixed,27,test,block,constant_a007,0.036884644591611476
0.0019067544858879185,-0.00048289692441067617,0.0038222030250961462,0.023149784186040075,0.02744319403280456,66.88149699189778,64.67520020951946,0.9765163283034067,0.0004826896067415731,0.03332331460674158,2848,0,4,daily_me_op,daily size characteristic,market_state_mixed,27,test,block,constant_a008,0.036884644591611476
-0.0004052944604733629,-0.0035697338826181798,0.002702886575643811,0.02710587920049523,0.02936478421225264,67.48948284048265,64.75890178945866,0.9763028501262351,0.0004806179775280899,0.0354438202247191,2848,0,4,daily_me_op,daily size characteristic,market_state_mixed,27,test,block,constant_a009,0.036884644591611476
0.0027209833495843907,-0.0022470767248673335,0.007398258156863816,0.034031233809535405,0.03726599067741474,56.552012004588306,64.93847835663112,0.9801432542118721,0.0005072331460674157,0.03976390449438202,2848,0,4,daily_me_op,daily size characteristic,market_state_mixed,27,test,block,constant_a010,0.036884644591611476
-0.0010209589965345558,-0.005235856952865619,0.004199385115904648,0.04574710674732164,0.07559388524498305,75.81583048508266,64.92070633771438,0.9733792730038333,0.0004511235955056179,0.03151390449438202,2848,0,4,daily_me_op,daily size characteristic,market_state_mixed,27,test,block,constant_a011,0.036884644591611476
0.0007052063852703696,-0.0028629067026402274,0.004254786530792878,0.031311274445544914,0.042074513141631645,75.10450221886778,64.93256409432723,0.9736290371422515,0.0005087078651685394,0.032783988764044945,2848,0,4,daily_me_op,daily size characteristic,market_state_mixed,27,test,block,constant_a012,0.036884644591611476
-0.0005296420350668168,-0.004550725773305042,0.0032227307078627164,0.046943372374972134,0.07134301280936026,61.59531265992908,62.34415971740623,0.978372432352553,0.0005538623595505618,0.03227443820224719,2848,0,4,daily_me_op,daily size characteristic,market_state_mixed,27,test,block,constant_a013,0.036884644591611476
0.0012564556675658952,-0.0017582649955254122,0.004368346883919767,0.026767681946497198,0.029988012866537486,70.32786324878262,64.34824612664018,0.97530622779186,0.000419066011235955,0.03335842696629214,2848,0,4,daily_me_op,daily size characteristic,market_state_mixed,27,test,block,constant_a014,0.036884644591611476
0.0014216836166760524,-0.0025068228013613303,0.004635753495791991,0.03827920246841706,0.050633224288655874,76.91386177544467,64.0436293316756,0.9729937283091837,0.0005329705056179775,0.03754929775280899,2848,0,4,daily_me_op,daily size characteristic,market_state_mixed,27,test,block,constant_a015,0.036884644591611476
0.0014391348156188402,-0.0008941959221464283,0.004524899342402795,0.017921206444439414,0.021675221122821272,69.89217649928644,64.62847498340582,0.9754592076898573,0.0004458216292134831,0.029966853932584265,2848,0,4,daily_me_op,daily size characteristic,market_state_mixed,27,test,block,constant_a016,0.036884644591611476
-0.001947548485931357,-0.00409866763245275,0.0010710883514955794,0.026846535812013888,0.03297430018971256,87.02529861176022,64.85393963735882,0.9694433642514887,0.0005253511235955056,0.02912837078651686,2848,0,4,daily_me_op,daily size characteristic,market_state_mixed,27,test,block,constant_a017,0.036884644591611476
-0.0013406357693246593,-0.0037554951297969724,0.0011748192088276857,0.02642852007508853,0.02891546158235407,74.74997005501885,64.47613190026817,0.9737535217503445,0.0005296348314606743,0.0289566011235955,2848,0,4,daily_me_op,daily size characteristic,market_state_mixed,27,test,block,constant_a018,0.036884644591611476
0.003890102680363247,-0.00038251131421615373,0.009102055427004756,0.0173514618571518,0.020218356095582483,74.96024135774334,59.6821497071569,0.9736796905345002,0.00048683286516853927,0.02873441011235955,2848,0,4,daily_me_op,daily size characteristic,market_state_mixed,27,test,block,constant_a019,0.036884644591611476
-0.00139584778181951,-0.005568043709174929,0.002429437923208713,0.0265314529876598,0.03216617937997317,74.86627014592892,64.98672588181573,0.9737126860442665,0.0004640800561797754,0.037429634831460674,2848,0,4,daily_me_op,daily size characteristic,market_state_mixed,27,test,block,constant_a020,0.036884644591611476
-0.000985051948840716,-0.003528412497539442,0.0011811706878852566,0.0390952821293161,0.05831852667306683,66.95565713547764,64.591312320506,0.9764902889271497,0.0005357092696629213,0.029238483146067418,2848,0,4,daily_me_op,daily size characteristic,market_state_mixed,27,test,block,constant_a021,0.036884644591611476
-0.0008475369673394609,-0.003905991575235292,0.0016719457132222829,0.026271997078693057,0.03,81.80534357310711,64.29289077061934,0.9712762136330383,0.000558251404494382,0.02764115168539326,2848,0,4,daily_me_op,daily size characteristic,market_state_mixed,27,test,block,constant_a022,0.036884644591611476
0.00041161762951405593,-0.0018432464189833198,0.003259496577267729,0.030481752614223367,0.04213982787350382,96.50720109882731,64.41733987810858,0.966114044557996,0.0006573033707865169,0.028800421348314606,2848,0,4,daily_me_op,daily size characteristic,market_state_mixed,27,test,block,constant_a023,0.036884644591611476
0.0006228144112613579,-0.0015271594191989452,0.0030438067055613234,0.01956798091023713,0.02254683057358035,89.16929803685983,64.75214049954126,0.9686905554645857,0.0006134831460674157,0.02737092696629214,2848,0,4,daily_me_op,daily size characteristic,market_state_mixed,27,test,block,constant_a024,0.036884644591611476
-0.00011149306201856694,-0.0031275881333828266,0.0027354321521675874,0.03317146914662715,0.05530800918807648,67.41656739313623,64.51584270054238,0.9763284524602752,0.0005147022471910111,0.030364893258426964,2848,0,4,daily_me_op,daily size characteristic,market_state_mixed,27,test,block,constant_equal_weight_public,0.036884644591611476
0.0021097982947865693,0.0005859360380856154,0.003596402786319823,0.028971351150956434,0.035061720946731656,251.25335663113327,52.69277391001802,0.9117790180368212,0.0005490519662921348,0.039553370786516856,2848,0,4,daily_me_op,daily size characteristic,market_state_mixed,27,test,block,momentum_12,0.036884644591611476
0.0004130285983075639,-0.001777271549729487,0.0024225424470382035,0.023576466638941276,0.02973281076804355,95.75085742744825,64.76715186372374,0.9663796146673286,0.0004874002808988763,0.026351544943820224,2848,0,4,daily_me_op,daily size characteristic,market_state_mixed,27,test,block,low_vol_12,0.036884644591611476
0.000873082507962394,-0.0002698822407126231,0.0022172437862505823,0.029818751937650042,0.035604696558338714,428.47834142410346,17.656948555225554,0.849551144162885,0.0007221207865168541,0.0337123595505618,2848,0,4,daily_me_op,daily size characteristic,market_state_mixed,27,test,block,risk_adjusted_12,0.036884644591611476
-0.00038436812778378936,-0.00433880018160711,0.003372459696626819,0.02904395111195661,0.0337,73.10401667965284,64.67322708376713,0.9743314548175376,0.0006498764044943821,0.03416129213483146,2848,0,4,daily_me_op,daily size characteristic,market_state_mixed,27,test,block,ridge_return_train_only,0.036884644591611476
-0.0009787866566104393,-0.00693168282239466,0.002183440369828848,0.004141044776119405,0.04292,1.0831989841239182,2600.000000000001,0.9995217664529255,0.00030348785871964673,0.0393766004415011,2265,0,0,daily_me_op,daily size characteristic,low_overlap_concentration,7,calibration,iid,constant_a000,0.036884644591611476
0.0024411722308395464,0.002189810009571503,0.0026931784617263313,0.022634782608695656,0.025099999999999997,45.99999999999999,1.0097087378640779,0.9796909492273731,0.00045673289183222954,0.03845033112582781,2265,0,3,daily_me_op,daily size characteristic,low_overlap_concentration,7,calibration,iid,constant_a001,0.036884644591611476
0.0014303606999306736,0.0011484182011099124,0.0016982770031989418,0.03293188405797101,0.039406849315068486,69.0,1.0097087378640779,0.9695364238410596,0.00042763796909492266,0.03839094922737307,2265,0,4,daily_me_op,daily size characteristic,low_overlap_concentration,7,calibration,iid,constant_a002,0.036884644591611476
0.0036693675870582204,0.0034995980397222377,0.0038637197331115244,0.030066666666666665,0.0379820895522388,131.99999999999952,1.0097087378640779,0.941721854304636,0.00047395143487858726,0.03862604856512141,2265,0,4,daily_me_op,daily size characteristic,low_overlap_concentration,7,calibration,iid,constant_a003,0.036884644591611476
0.0031395636588629366,0.001546286297291537,0.00396478445310807,0.0037002912267928576,0.03764566473988439,1.1380244335635652,2600.000000000001,0.9994975609564841,0.0004247682119205297,0.04078388520971302,2265,0,0,daily_me_op,daily size characteristic,low_overlap_concentration,7,calibration,iid,constant_a004,0.036884644591611476
0.01049477826314376,1.0535134044446915e-05,0.03120955290654083,-0.00044059040590407916,0.026859016393442618,1.1075804281862092,2600.000000000001,0.9995110020184609,0.0004983664459161148,0.04207969094922737,2265,0,0,daily_me_op,daily size characteristic,low_overlap_concentration,7,calibration,iid,constant_a005,0.036884644591611476
0.010221637644160907,0.00974268738755313,0.010745936691851239,0.0662,0.0662,18.999999999999982,1.0097087378640779,0.9916114790286976,0.0004000000000000001,0.03936004415011037,2265,0,3,daily_me_op,daily size characteristic,low_overlap_concentration,7,calibration,iid,constant_a006,0.036884644591611476
0.005509211272534391,-0.008081182976210544,0.035446219242344514,0.0023061425536024718,0.04544137931034483,2.021021731165108,2600.000000000001,0.9991077166749823,0.0005164238410596026,0.03821633554083886,2265,0,1,daily_me_op,daily size characteristic,low_overlap_concentration,7,calibration,iid,constant_a007,0.036884644591611476
-0.004721124806562911,-0.009161790650204647,-0.0023723109594573975,0.0044513899323816684,0.03234651162790698,1.0687003145363558,2600.000000000001,0.9995281676315513,0.000591523178807947,0.03958874172185431,2265,0,0,daily_me_op,daily size characteristic,low_overlap_concentration,7,calibration,iid,constant_a008,0.036884644591611476
-0.025357228816693812,-0.08064127668042295,0.0024682809394312817,0.025988966021191055,0.03705906432748538,1.1297556383578582,2600.000000000001,0.9995012116386941,0.0006415011037527594,0.04022317880794702,2265,0,0,daily_me_op,daily size characteristic,low_overlap_concentration,7,calibration,iid,constant_a009,0.036884644591611476
-0.012331983393632152,-0.04774628767915013,-0.00022602028193501305,0.014709090909090923,0.035862068965517246,1.086434171541188,2600.000000000001,0.9995203381141099,0.0004702428256070641,0.04091456953642385,2265,0,0,daily_me_op,daily size characteristic,low_overlap_concentration,7,calibration,iid,constant_a010,0.036884644591611476
0.005396967600121568,0.005161292776553928,0.0056579113329616034,0.029618181818181814,0.031200000000000002,21.99999999999997,1.0097087378640779,0.9902869757174393,0.0005049448123620308,0.03691633554083885,2265,0,3,daily_me_op,daily size characteristic,low_overlap_concentration,7,calibration,iid,constant_a011,0.036884644591611476
0.005974895978771543,0.005628895991249465,0.006344822994388554,0.04711428571428571,0.056799999999999996,34.99999999999995,1.0097087378640779,0.9845474613686535,0.0005502428256070641,0.03507041942604857,2265,0,3,daily_me_op,daily size characteristic,low_overlap_concentration,7,calibration,iid,constant_a012,0.036884644591611476
-0.008488966739254178,-0.04641866743255537,0.004420551331029344,0.0080295867130166,0.0392,1.0109012117836607,2600.0,0.9995536859992125,0.0005137748344370861,0.036443487858719655,2265,0,0,daily_me_op,daily size characteristic,low_overlap_concentration,7,calibration,iid,constant_a013,0.036884644591611476
0.009034153882439905,0.0025357347651988227,0.028047122769476792,0.0015449023861171323,0.022034078212290493,1.153818172604997,2600.000000000001,0.999490588003265,0.000672671081677704,0.03833708609271524,2265,0,0,daily_me_op,daily size characteristic,low_overlap_concentration,7,calibration,iid,constant_a014,0.036884644591611476
0.0019156707960184844,0.0016615643465023341,0.002113444176435558,0.043469696969696964,0.053788888888888865,131.99999999999952,1.0097087378640779,0.941721854304636,0.0004266225165562914,0.042104856512141284,2265,0,4,daily_me_op,daily size characteristic,low_overlap_concentration,7,calibration,iid,constant_a015,0.036884644591611476
-0.004852735064121046,-0.005076091634959718,-0.004643721255275048,0.019445454545454544,0.0199,21.99999999999999,1.0097087378640777,0.9902869757174393,0.0004412362030905077,0.037138410596026496,2265,0,3,daily_me_op,daily size characteristic,low_overlap_concentration,7,calibration,iid,constant_a016,0.036884644591611476
-0.058767425514419894,-0.1768454266551524,0.00037004698365022314,0.03921074443591714,0.0406,1.0242178149492291,2600.000000000001,0.9995478067042167,0.00043708609271523176,0.03571677704194261,2265,0,0,daily_me_op,daily size characteristic,low_overlap_concentration,7,calibration,iid,constant_a017,0.036884644591611476
-0.0031328914504344216,-0.0033834728800544896,-0.002880277358683804,0.011981818181818182,0.0121,21.99999999999999,1.0097087378640777,0.9902869757174393,0.0004893156732891833,0.03461456953642384,2265,0,3,daily_me_op,daily size characteristic,low_overlap_concentration,7,calibration,iid,constant_a018,0.036884644591611476
-0.004110608183205791,-0.018436981622278997,0.0032038296560302514,0.005205343511450379,0.04959069767441861,1.0352498314649947,2600.000000000001,0.9995429360567484,0.0005333333333333335,0.03605783664459162,2265,0,0,daily_me_op,daily size characteristic,low_overlap_concentration,7,calibration,iid,constant_a019,0.036884644591611476
-0.0027696174800292766,-0.06257184556579756,0.04368353339562642,0.01871968205904619,0.04258974358974358,3.1581156235276837,2600.000000000001,0.9986056884664337,0.00028900662251655633,0.046241501103752754,2265,0,1,daily_me_op,daily size characteristic,low_overlap_concentration,7,calibration,iid,constant_a020,0.036884644591611476
0.0006479263876737723,0.00044960956692477715,0.0008382319744488658,0.02461111111111111,0.0327,36.000000000000014,1.0097087378640777,0.9841059602649006,0.00029668874172185427,0.03527350993377483,2265,0,3,daily_me_op,daily size characteristic,low_overlap_concentration,7,calibration,iid,constant_a021,0.036884644591611476
0.0010911245959679661,0.0009639958454941635,0.0012398748415692192,0.023933333333333334,0.031099999999999996,75.0,1.0097087378640777,0.9668874172185431,0.00039487858719646797,0.03427064017660044,2265,0,4,daily_me_op,daily size characteristic,low_overlap_concentration,7,calibration,iid,constant_a022,0.036884644591611476
0.009149344553899713,-0.0025983375179853448,0.03224703843594513,0.0019446461652463832,0.053321008403361334,1.0986090711622454,2600.000000000001,0.9995149628824891,0.00040044150110375275,0.030308830022075055,2265,0,0,daily_me_op,daily size characteristic,low_overlap_concentration,7,calibration,iid,constant_a023,0.036884644591611476
0.0013972604628897326,0.0011453064067640524,0.001664831139595152,0.04969574468085108,0.06143199999999997,235.00000000000142,1.0097087378640777,0.8962472406181009,0.0004770860927152318,0.031186534216335538,2265,0,4,daily_me_op,daily size characteristic,low_overlap_concentration,7,calibration,iid,constant_a024,0.036884644591611476
0.04221377332984429,0.0008794131578947361,0.124882493673754,-0.036888,inf,1.0,2600.0,0.9995584988962473,0.00046527858719646806,0.036884644591611476,2265,84,0,daily_me_op,daily size characteristic,low_overlap_concentration,7,calibration,iid,constant_equal_weight_public,0.036884644591611476
0.0006256774125526916,-4.1311549985631674e-05,0.0014528765320312544,0.037559786476868355,0.03991886120996457,2247.999999999761,1.0097087378640779,0.007505518763902486,0.0006160706401766005,0.03774635761589404,2265,0,4,daily_me_op,daily size characteristic,low_overlap_concentration,7,calibration,iid,momentum_12,0.036884644591611476
-0.00014588605350089465,-0.00036341380993758557,0.00011693194273768296,0.043899999999999995,0.06076992481203005,119.99999999999953,1.0097087378640779,0.947019867549669,0.0004981015452538633,0.031074392935982336,2265,0,4,daily_me_op,daily size characteristic,low_overlap_concentration,7,calibration,iid,low_vol_12,0.036884644591611476
0.007254334927510504,0.0005093725183381848,0.02591615860980244,0.024668926553672286,0.04228227848101265,2.286393853747857,2600.000000000001,0.9989905545899568,0.0005762030905077263,0.03806313465783665,2265,0,1,daily_me_op,daily size characteristic,low_overlap_concentration,7,calibration,iid,risk_adjusted_12,0.036884644591611476
0.011690174462705474,0.011256855109340413,0.012288484207838178,0.04476382978723405,0.0662,47.000000000000014,1.0097087378640779,0.9792494481236202,0.0003884927152317881,0.03901169977924945,2265,0,3,daily_me_op,daily size characteristic,low_overlap_concentration,7,calibration,iid,ridge_return_train_only,0.036884644591611476
-0.0009787866566104393,-0.006907575216835767,0.0021072320831811977,0.004141044776119405,0.04228253968253968,1.0831989841239182,2600.000000000001,0.9995217664529255,0.00030348785871964673,0.0393766004415011,2265,0,0,daily_me_op,daily size characteristic,low_overlap_concentration,7,calibration,block,constant_a000,0.036884644591611476
0.0024411722308395464,0.0018748813519145165,0.0030181644644742796,0.022634782608695656,0.025099999999999997,45.99999999999999,1.0097087378640779,0.9796909492273731,0.00045673289183222954,0.03845033112582781,2265,0,3,daily_me_op,daily size characteristic,low_overlap_concentration,7,calibration,block,constant_a001,0.036884644591611476
0.0014303606999306736,0.0010450593026666405,0.0017873821525986036,0.03293188405797101,0.040383870967741924,69.0,1.0097087378640779,0.9695364238410596,0.00042763796909492266,0.03839094922737307,2265,0,4,daily_me_op,daily size characteristic,low_overlap_concentration,7,calibration,block,constant_a002,0.036884644591611476
0.0036693675870582204,0.003289216465840886,0.004099810333964924,0.030066666666666665,0.03895833333333333,131.99999999999952,1.0097087378640779,0.941721854304636,0.00047395143487858726,0.03862604856512141,2265,0,4,daily_me_op,daily size characteristic,low_overlap_concentration,7,calibration,block,constant_a003,0.036884644591611476
0.0031395636588629366,0.0017737963558413959,0.0041413376983602595,0.0037002912267928576,0.03852340425531915,1.1380244335635652,2600.000000000001,0.9994975609564841,0.0004247682119205297,0.04078388520971302,2265,0,0,daily_me_op,daily size characteristic,low_overlap_concentration,7,calibration,block,constant_a004,0.036884644591611476
0.01049477826314376,1.850184750771508e-05,0.04131769716911682,-0.00044059040590407916,0.026173333333333333,1.1075804281862092,2600.000000000001,0.9995110020184609,0.0004983664459161148,0.04207969094922737,2265,0,0,daily_me_op,daily size characteristic,low_overlap_concentration,7,calibration,block,constant_a005,0.036884644591611476
0.010221637644160907,0.008690361851145866,0.012132616067211622,0.0662,0.0662,18.999999999999982,1.0097087378640779,0.9916114790286976,0.0004000000000000001,0.03936004415011037,2265,0,3,daily_me_op,daily size characteristic,low_overlap_concentration,7,calibration,block,constant_a006,0.036884644591611476
0.005509211272534391,-0.008500968279729675,0.029902441957226654,0.0023061425536024718,0.04936279069767442,2.021021731165108,2600.000000000001,0.9991077166749823,0.0005164238410596026,0.03821633554083886,2265,0,1,daily_me_op,daily size characteristic,low_overlap_concentration,7,calibration,block,constant_a007,0.036884644591611476
-0.004721124806562911,-0.009309403526137081,-0.0021771119316094595,0.0044513899323816684,0.031474999999999996,1.0687003145363558,2600.000000000001,0.9995281676315513,0.000591523178807947,0.03958874172185431,2265,0,0,daily_me_op,daily size characteristic,low_overlap_concentration,7,calibration,block,constant_a008,0.036884644591611476
-0.025357228816693812,-0.08075848574889086,0.002528558859257283,0.025988966021191055,0.03685268817204302,1.1297556383578582,2600.000000000001,0.9995012116386941,0.0006415011037527594,0.04022317880794702,2265,0,0,daily_me_op,daily size characteristic,low_overlap_concentration,7,calibration,block,constant_a009,0.036884644591611476
-0.012331983393632152,-0.03628531851046602,-0.0001823639436182524,0.014709090909090923,0.03578947368421054,1.086434171541188,2600.000000000001,0.9995203381141099,0.0004702428256070641,0.04091456953642385,2265,0,0,daily_me_op,daily size characteristic,low_overlap_concentration,7,calibration,block,constant_a010,0.036884644591611476
0.005396967600121568,0.00489560685733344,0.0060394847523242284,0.029618181818181814,0.031200000000000002,21.99999999999997,1.0097087378640779,0.9902869757174393,0.0005049448123620308,0.03691633554083885,2265,0,3,daily_me_op,daily size characteristic,low_overlap_concentration,7,calibration,block,constant_a011,0.036884644591611476
0.005974895978771543,0.00498990086829581,0.007316601424512536,0.04711428571428571,0.056799999999999996,34.99999999999995,1.0097087378640779,0.9845474613686535,0.0005502428256070641,0.03507041942604857,2265,0,3,daily_me_op,daily size characteristic,low_overlap_concentration,7,calibration,block,constant_a012,0.036884644591611476
-0.008488966739254178,-0.03402882844163821,0.004642534618218893,0.0080295867130166,0.0392,1.0109012117836607,2600.0,0.9995536859992125,0.0005137748344370861,0.036443487858719655,2265,0,0,daily_me_op,daily size characteristic,low_overlap_concentration,7,calibration,block,constant_a013,0.036884644591611476
0.009034153882439905,0.0023361166556801712,0.021485488995959444,0.0015449023861171323,0.02277327188940092,1.153818172604997,2600.000000000001,0.999490588003265,0.000672671081677704,0.03833708609271524,2265,0,0,daily_me_op,daily size characteristic,low_overlap_concentration,7,calibration,block,constant_a014,0.036884644591611476
0.0019156707960184844,0.001566512751923107,0.002311217923988804,0.043469696969696964,0.05623076923076922,131.99999999999952,1.0097087378640779,0.941721854304636,0.0004266225165562914,0.042104856512141284,2265,0,4,daily_me_op,daily size characteristic,low_overlap_concentration,7,calibration,block,constant_a015,0.036884644591611476
-0.004852735064121046,-0.006015266282989085,-0.003921713248560018,0.019445454545454544,0.0199,21.99999999999999,1.0097087378640777,0.9902869757174393,0.0004412362030905077,0.037138410596026496,2265,0,3,daily_me_op,daily size characteristic,low_overlap_concentration,7,calibration,block,constant_a016,0.036884644591611476
-0.058767425514419894,-0.17668537012736332,0.0004921890652864866,0.03921074443591714,0.0406,1.0242178149492291,2600.000000000001,0.9995478067042167,0.00043708609271523176,0.03571677704194261,2265,0,0,daily_me_op,daily size characteristic,low_overlap_concentration,7,calibration,block,constant_a017,0.036884644591611476
-0.0031328914504344216,-0.003947635951979961,-0.0023398724757442615,0.011981818181818182,0.0121,21.99999999999999,1.0097087378640777,0.9902869757174393,0.0004893156732891833,0.03461456953642384,2265,0,3,daily_me_op,daily size characteristic,low_overlap_concentration,7,calibration,block,constant_a018,0.036884644591611476
-0.004110608183205791,-0.025363044768943417,0.003283416325201113,0.005205343511450379,0.0519,1.0352498314649947,2600.000000000001,0.9995429360567484,0.0005333333333333335,0.03605783664459162,2265,0,0,daily_me_op,daily size characteristic,low_overlap_concentration,7,calibration,block,constant_a019,0.036884644591611476
-0.0027696174800292766,-0.07491150172355215,0.056634348266648114,0.01871968205904619,0.03809246861924686,3.1581156235276837,2600.000000000001,0.9986056884664337,0.00028900662251655633,0.046241501103752754,2265,0,1,daily_me_op,daily size characteristic,low_overlap_concentration,7,calibration,block,constant_a020,0.036884644591611476
0.0006479263876737723,0.00011802839462382013,0.0012148175103929941,0.02461111111111111,0.0327,36.000000000000014,1.0097087378640777,0.9841059602649006,0.00029668874172185427,0.03527350993377483,2265,0,3,daily_me_op,daily size characteristic,low_overlap_concentration,7,calibration,block,constant_a021,0.036884644591611476
0.0010911245959679661,0.0007741694789415105,0.0014649022989732302,0.023933333333333334,0.031160000000000004,75.0,1.0097087378640777,0.9668874172185431,0.00039487858719646797,0.03427064017660044,2265,0,4,daily_me_op,daily size characteristic,low_overlap_concentration,7,calibration,block,constant_a022,0.036884644591611476
0.009149344553899713,-0.002661139808624275,0.032482853081177286,0.0019446461652463832,0.06125886524822694,1.0986090711622454,2600.000000000001,0.9995149628824891,0.00040044150110375275,0.030308830022075055,2265,0,0,daily_me_op,daily size characteristic,low_overlap_concentration,7,calibration,block,constant_a023,0.036884644591611476
0.0013972604628897326,0.0010040011350851712,0.001848798652120026,0.04969574468085108,0.06523958333333331,235.00000000000142,1.0097087378640777,0.8962472406181009,0.0004770860927152318,0.031186534216335538,2265,0,4,daily_me_op,daily size characteristic,low_overlap_concentration,7,calibration,block,constant_a024,0.036884644591611476
0.04221377332984429,0.0008794131578947362,0.124882493673754,-0.036888,inf,1.0,2600.0,0.9995584988962473,0.00046527858719646806,0.036884644591611476,2265,82,0,daily_me_op,daily size characteristic,low_overlap_concentration,7,calibration,block,constant_equal_weight_public,0.036884644591611476
0.0006256774125526916,6.882922171035618e-05,0.001230690422135754,0.037559786476868355,0.04427112394491355,2247.999999999761,1.0097087378640779,0.007505518763902486,0.0006160706401766005,0.03774635761589404,2265,0,4,daily_me_op,daily size characteristic,low_overlap_concentration,7,calibration,block,momentum_12,0.036884644591611476
-0.00014588605350089465,-0.0005938723752271636,0.000295400738012528,0.043899999999999995,0.06535813953488372,119.99999999999953,1.0097087378640779,0.947019867549669,0.0004981015452538633,0.031074392935982336,2265,0,4,daily_me_op,daily size characteristic,low_overlap_concentration,7,calibration,block,low_vol_12,0.036884644591611476
0.007254334927510504,0.00032837086813278487,0.019555052222310382,0.024668926553672286,0.046758475894245706,2.286393853747857,2600.000000000001,0.9989905545899568,0.0005762030905077263,0.03806313465783665,2265,0,1,daily_me_op,daily size characteristic,low_overlap_concentration,7,calibration,block,risk_adjusted_12,0.036884644591611476
0.011690174462705474,0.010077257435019148,0.01354721543551487,0.04476382978723405,0.0662,47.000000000000014,1.0097087378640779,0.9792494481236202,0.0003884927152317881,0.03901169977924945,2265,0,3,daily_me_op,daily size characteristic,low_overlap_concentration,7,calibration,block,ridge_return_train_only,0.036884644591611476
-0.015536648191774562,-0.05738424596757313,0.00253136501654967,0.014654071363220491,0.035173611111111114,2.252089025692017,2600.0,0.9992092384039003,0.0003962780898876405,0.03857907303370787,2848,0,1,daily_me_op,daily size characteristic,low_overlap_concentration,7,test,iid,constant_a000,0.036884644591611476
0.0017859585617668245,0.0014923983249860375,0.0020378739746793966,0.03144915254237289,0.03511818181818182,59.00000000000005,1.0097087378640779,0.9792837078651685,0.0005180828651685394,0.030657022471910114,2848,0,4,daily_me_op,daily size characteristic,low_overlap_concentration,7,test,iid,constant_a001,0.036884644591611476
-0.007194469568126103,-0.024900152590547096,0.0017907905269423682,0.010219402434526018,0.02987737226277372,1.1083978143685147,2600.000000000001,0.9996108153741684,0.0005845505617977528,0.030667977528089887,2848,0,0,daily_me_op,daily size characteristic,low_overlap_concentration,7,test,iid,constant_a002,0.036884644591611476
0.002286834577382873,0.0018086781314409692,0.0028131235159099418,0.12173017751479287,0.17666263736263732,169.0000000000002,1.0097087378640779,0.9406601123595505,0.000689817415730337,0.039128651685393256,2848,0,4,daily_me_op,daily size characteristic,low_overlap_concentration,7,test,iid,constant_a003,0.036884644591611476
-0.0007336011824126363,-0.011299515076471405,0.009284406307618665,0.008117365269461075,0.03627005347593582,2.153486151281897,2600.000000000001,0.9992438601996904,0.0003732443820224719,0.03620463483146068,2848,0,1,daily_me_op,daily size characteristic,low_overlap_concentration,7,test,iid,constant_a004,0.036884644591611476
-0.009755225102987567,-0.039709144665037555,0.000379218288927761,0.011841605839416073,0.03915359116022099,1.1322331124948903,2600.0,0.9996024462385903,0.0004969803370786517,0.04001446629213483,2848,0,0,daily_me_op,daily size characteristic,low_overlap_concentration,7,test,iid,constant_a005,0.036884644591611476
0.00564814678165939,0.005143731756772064,0.0061253958428519354,0.023799999999999998,0.0274,29.999999999999947,1.0097087378640779,0.9894662921348315,0.000506179775280899,0.03197050561797753,2848,0,3,daily_me_op,daily size characteristic,low_overlap_concentration,7,test,iid,constant_a006,0.036884644591611476
0.006434929101080435,-0.0037547309317298517,0.02605247694444634,0.004149435190503541,0.017599999999999998,2.0570895528296824,2600.000000000001,0.9992777073199334,0.0005496839887640451,0.03202626404494382,2848,0,1,daily_me_op,daily size characteristic,low_overlap_concentration,7,test,iid,constant_a007,0.036884644591611476
3.183985435032988e-05,-0.0002348913567262379,0.00039683518893794396,0.015890909090909094,0.0174,55.00000000000003,1.0097087378640779,0.980688202247191,0.0004826896067415731,0.03332331460674158,2848,0,4,daily_me_op,daily size characteristic,low_overlap_concentration,7,test,iid,constant_a008,0.036884644591611476
0.0029283084814325606,0.0027206134418907833,0.0031557173753951795,0.030546666666666663,0.037494594594594595,74.99999999999994,1.0097087378640779,0.9736657303370787,0.0004806179775280899,0.0354438202247191,2848,0,4,daily_me_op,daily size characteristic,low_overlap_concentration,7,test,iid,constant_a009,0.036884644591611476
-0.017667435069601722,-0.04080473603746538,-0.0010082281266559523,0.01622463035747709,0.035477611940298484,2.1526804435988067,2600.000000000001,0.999244143102669,0.0005072331460674157,0.03976390449438202,2848,0,1,daily_me_op,daily size characteristic,low_overlap_concentration,7,test,iid,constant_a010,0.036884644591611476
0.006714836140117611,0.0015925017000086306,0.016268029286913135,-0.006971770150404941,0.03,1.0140266939420504,2600.0,0.9996439513012844,0.0004511235955056179,0.03151390449438202,2848,0,0,daily_me_op,daily size characteristic,low_overlap_concentration,7,test,iid,constant_a011,0.036884644591611476
0.004197752580926326,0.0038286716481473744,0.004640618224978604,0.0317,0.0317,16.999999999999986,1.0097087378640779,0.9940308988764045,0.0005087078651685394,0.032783988764044945,2848,0,3,daily_me_op,daily size characteristic,low_overlap_concentration,7,test,iid,constant_a012,0.036884644591611476
0.017743562617478174,0.0020225911570435967,0.04862696401246956,-0.0003873574328242801,0.026000000000000002,2.0179004685296866,2600.000000000001,0.9992914675321174,0.0005538623595505618,0.03227443820224719,2848,0,1,daily_me_op,daily size characteristic,low_overlap_concentration,7,test,iid,constant_a013,0.036884644591611476
-0.01360342172915649,-0.046479054585789235,0.0029318494714459468,0.01562698170731708,0.04224444444444445,1.038412686251805,2600.000000000001,0.9996353888039846,0.000419066011235955,0.03335842696629214,2848,0,0,daily_me_op,daily size characteristic,low_overlap_concentration,7,test,iid,constant_a014,0.036884644591611476
-0.014935385109315484,-0.04715907916265821,0.0012665566917459418,0.01469593292900465,0.0314103734439834,1.18488662016787,2600.000000000001,0.9995839583496602,0.0005329705056179775,0.03754929775280899,2848,0,0,daily_me_op,daily size characteristic,low_overlap_concentration,7,test,iid,constant_a015,0.036884644591611476
0.005027619350835115,-0.011417269970559706,0.032197585419669945,0.008046956521739134,0.0252,2.019460798452641,2600.000000000001,0.9992909196634646,0.0004458216292134831,0.029966853932584265,2848,0,1,daily_me_op,daily size characteristic,low_overlap_concentration,7,test,iid,constant_a016,0.036884644591611476
0.003219561157429325,0.002899880227014591,0.0035685878726112634,0.020661702127659574,0.023,47.00000000000006,1.0097087378640777,0.9834971910112359,0.0005253511235955056,0.02912837078651686,2848,0,3,daily_me_op,daily size characteristic,low_overlap_concentration,7,test,iid,constant_a017,0.036884644591611476
-0.036902109481393934,-0.10933336738536104,-0.0004834903454331332,0.0387,0.0387,1.0250038570838451,2600.000000000001,0.9996400969602935,0.0005296348314606743,0.0289566011235955,2848,0,0,daily_me_op,daily size characteristic,low_overlap_concentration,7,test,iid,constant_a018,0.036884644591611476
0.007950424268183647,0.0026836103905291454,0.023256534546059755,-0.006109788867562378,0.023,1.0234320742068461,2600.0,0.9996406488503488,0.00048683286516853927,0.02873441011235955,2848,0,0,daily_me_op,daily size characteristic,low_overlap_concentration,7,test,iid,constant_a019,0.036884644591611476
-0.0019699866436934514,-0.002347798001638509,-0.001676761300092512,0.03957037037037038,0.04633050847457627,243.00000000000156,1.0097087378640777,0.9146769662921342,0.0004640800561797754,0.037429634831460674,2848,0,4,daily_me_op,daily size characteristic,low_overlap_concentration,7,test,iid,constant_a020,0.036884644591611476
0.0004881307592140472,-0.0017428727536087985,0.0016724093621978777,0.0006564245810055788,0.027922448979591837,1.0872437218498394,2600.000000000001,0.9996182430751932,0.0005357092696629213,0.029238483146067418,2848,0,0,daily_me_op,daily size characteristic,low_overlap_concentration,7,test,iid,constant_a021,0.036884644591611476
0.0005442274983019043,-0.0016873567837912232,0.0014600220906519302,0.0046145985401459845,0.035321686746987935,1.132233112494891,2600.0,0.9996024462385903,0.000558251404494382,0.02764115168539326,2848,0,0,daily_me_op,daily size characteristic,low_overlap_concentration,7,test,iid,constant_a022,0.036884644591611476
-0.030387397327717752,-0.09747475651923329,0.006857339106605686,0.032042663095465856,0.03212278050623347,4.120481909540335,2600.000000000001,0.9985532015767064,0.0006573033707865169,0.028800421348314606,2848,0,1,daily_me_op,daily size characteristic,low_overlap_concentration,7,test,iid,constant_a023,0.036884644591611476
0.001494154866332504,0.001261541408708278,0.0017512461139312788,0.04933211009174312,0.06854688995215306,218.00000000000114,1.0097087378640777,0.9234550561797749,0.0006134831460674157,0.02737092696629214,2848,0,4,daily_me_op,daily size characteristic,low_overlap_concentration,7,test,iid,constant_a024,0.036884644591611476
0.0008794131578947257,0.0008794131578947359,0.0008794131578947366,,inf,0.0,0.0,1.0,0.0005147022471910111,0.030364893258426964,2848,200,0,daily_me_op,daily size characteristic,low_overlap_concentration,7,test,iid,constant_equal_weight_public,0.036884644591611476
0.0005749696512568485,-0.00012210540543303926,0.0012259257888126312,0.039499716613531716,0.04457517730496497,2822.999999999626,1.0097087378640779,0.008778089887771734,0.0005490519662921348,0.039553370786516856,2848,0,4,daily_me_op,daily size characteristic,low_overlap_concentration,7,test,iid,momentum_12,0.036884644591611476
-0.0004679287395070625,-0.0024170443221218298,0.0006331032199536452,0.0036697147037307917,0.02183333333333334,1.127280876590156,2600.000000000001,0.9996041850854669,0.0004874002808988763,0.026351544943820224,2848,0,0,daily_me_op,daily size characteristic,low_overlap_concentration,7,test,iid,low_vol_12,0.036884644591611476
0.0009425323245240587,0.0004667111041778382,0.0014092315486863968,0.039104041051956376,0.0452504767959314,1558.9999999999222,1.0097087378640779,0.4525983146067689,0.0007221207865168541,0.0337123595505618,2848,0,4,daily_me_op,daily size characteristic,low_overlap_concentration,7,test,iid,risk_adjusted_12,0.036884644591611476
0.010729853326248968,0.010310289806619159,0.011220103394892883,0.021687878787878787,0.028894029850746267,66.00000000000007,1.0097087378640779,0.9768258426966292,0.0005066516853932585,0.03325915730337078,2848,0,4,daily_me_op,daily size characteristic,low_overlap_concentration,7,test,iid,ridge_return_train_only,0.036884644591611476
-0.015536648191774562,-0.04822307001776376,0.0026884473191906458,0.014654071363220491,0.034446017699115046,2.252089025692017,2600.0,0.9992092384039003,0.0003962780898876405,0.03857907303370787,2848,0,1,daily_me_op,daily size characteristic,low_overlap_concentration,7,test,block,constant_a000,0.036884644591611476
0.0017859585617668245,0.0011090121132403862,0.0023545343360818014,0.03144915254237289,0.035050000000000005,59.00000000000005,1.0097087378640779,0.9792837078651685,0.0005180828651685394,0.030657022471910114,2848,0,4,daily_me_op,daily size characteristic,low_overlap_concentration,7,test,block,constant_a001,0.036884644591611476
-0.007194469568126103,-0.024974627412873207,0.0019377584822079092,0.010219402434526018,0.028081081081081084,1.1083978143685147,2600.000000000001,0.9996108153741684,0.0005845505617977528,0.030667977528089887,2848,0,0,daily_me_op,daily size characteristic,low_overlap_concentration,7,test,block,constant_a002,0.036884644591611476
0.002286834577382873,0.0017587145845329316,0.002927697407753506,0.12173017751479287,0.17738876404494375,169.0000000000002,1.0097087378640779,0.9406601123595505,0.000689817415730337,0.039128651685393256,2848,0,4,daily_me_op,daily size characteristic,low_overlap_concentration,7,test,block,constant_a003,0.036884644591611476
-0.0007336011824126363,-0.013300811678314704,0.007171467037130585,0.008117365269461075,0.03502337662337663,2.153486151281897,2600.000000000001,0.9992438601996904,0.0003732443820224719,0.03620463483146068,2848,0,1,daily_me_op,daily size characteristic,low_overlap_concentration,7,test,block,constant_a004,0.036884644591611476
-0.009755225102987567,-0.030198153033207945,0.0005054848307083799,0.011841605839416073,0.04037575757575757,1.1322331124948903,2600.0,0.9996024462385903,0.0004969803370786517,0.04001446629213483,2848,0,0,daily_me_op,daily size characteristic,low_overlap_concentration,7,test,block,constant_a005,0.036884644591611476
0.00564814678165939,0.004444134114920112,0.0074619435826699465,0.023799999999999998,0.027400000000000004,29.999999999999947,1.0097087378640779,0.9894662921348315,0.000506179775280899,0.03197050561797753,2848,0,3,daily_me_op,daily size characteristic,low_overlap_concentration,7,test,block,constant_a006,0.036884644591611476
0.006434929101080435,-0.004448570686803081,0.026068326718191887,0.004149435190503541,0.01713533834586466,2.0570895528296824,2600.000000000001,0.9992777073199334,0.0005496839887640451,0.03202626404494382,2848,0,1,daily_me_op,daily size characteristic,low_overlap_concentration,7,test,block,constant_a007,0.036884644591611476
3.183985435032988e-05,-0.0010095229147950918,0.0011665847648729567,0.015890909090909094,0.0174,55.00000000000003,1.0097087378640779,0.980688202247191,0.0004826896067415731,0.03332331460674158,2848,0,4,daily_me_op,daily size characteristic,low_overlap_concentration,7,test,block,constant_a008,0.036884644591611476
0.0029283084814325606,0.002148425146479593,0.003681250728126981,0.030546666666666663,0.03751971830985915,74.99999999999994,1.0097087378640779,0.9736657303370787,0.0004806179775280899,0.0354438202247191,2848,0,4,daily_me_op,daily size characteristic,low_overlap_concentration,7,test,block,constant_a009,0.036884644591611476
-0.017667435069601722,-0.041821550202781464,-0.0008921489238237493,0.01622463035747709,0.03820629370629371,2.1526804435988067,2600.000000000001,0.999244143102669,0.0005072331460674157,0.03976390449438202,2848,0,1,daily_me_op,daily size characteristic,low_overlap_concentration,7,test,block,constant_a010,0.036884644591611476
0.006714836140117611,0.0011952992742932029,0.016795753329153718,-0.006971770150404941,0.03,1.0140266939420504,2600.0,0.9996439513012844,0.0004511235955056179,0.03151390449438202,2848,0,0,daily_me_op,daily size characteristic,low_overlap_concentration,7,test,block,constant_a011,0.036884644591611476
0.004197752580926326,0.003391631095258658,0.005490399428649266,0.0317,0.0317,16.999999999999986,1.0097087378640779,0.9940308988764045,0.0005087078651685394,0.032783988764044945,2848,0,3,daily_me_op,daily size characteristic,low_overlap_concentration,7,test,block,constant_a012,0.036884644591611476
0.017743562617478174,0.0014427584243862255,0.049330601890125156,-0.0003873574328242801,0.026000000000000002,2.0179004685296866,2600.000000000001,0.9992914675321174,0.0005538623595505618,0.03227443820224719,2848,0,1,daily_me_op,daily size characteristic,low_overlap_concentration,7,test,block,constant_a013,0.036884644591611476
-0.01360342172915649,-0.06258729344603599,0.0033004402764982657,0.01562698170731708,0.0426,1.038412686251805,2600.000000000001,0.9996353888039846,0.000419066011235955,0.03335842696629214,2848,0,0,daily_me_op,daily size characteristic,low_overlap_concentration,7,test,block,constant_a014,0.036884644591611476
-0.014935385109315484,-0.04714974533505928,0.0013988819718406076,0.01469593292900465,0.03274414414414414,1.18488662016787,2600.000000000001,0.9995839583496602,0.0005329705056179775,0.03754929775280899,2848,0,0,daily_me_op,daily size characteristic,low_overlap_concentration,7,test,block,constant_a015,0.036884644591611476
0.005027619350835115,-0.011463189971661947,0.03278874000572745,0.008046956521739134,0.02503658536585366,2.019460798452641,2600.000000000001,0.9992909196634646,0.0004458216292134831,0.029966853932584265,2848,0,1,daily_me_op,daily size characteristic,low_overlap_concentration,7,test,block,constant_a016,0.036884644591611476
0.003219561157429325,0.002024142227068246,0.0048367532685345575,0.020661702127659574,0.023,47.00000000000006,1.0097087378640777,0.9834971910112359,0.0005253511235955056,0.02912837078651686,2848,0,3,daily_me_op,daily size characteristic,low_overlap_concentration,7,test,block,constant_a017,0.036884644591611476
-0.036902109481393934,-0.11094167989452919,1.202490683357993e-05,0.0387,0.0387,1.0250038570838451,2600.000000000001,0.9996400969602935,0.0005296348314606743,0.0289566011235955,2848,0,0,daily_me_op,daily size characteristic,low_overlap_concentration,7,test,block,constant_a018,0.036884644591611476
0.007950424268183647,0.00256543979858947,0.018237942290507264,-0.006109788867562378,0.0179,1.0234320742068461,2600.0,0.9996406488503488,0.00048683286516853927,0.02873441011235955,2848,0,0,daily_me_op,daily size characteristic,low_overlap_concentration,7,test,block,constant_a019,0.036884644591611476
-0.0019699866436934514,-0.0033833928507014588,-0.0010348745929599488,0.03957037037037038,0.04655943775100398,243.00000000000156,1.0097087378640777,0.9146769662921342,0.0004640800561797754,0.037429634831460674,2848,0,4,daily_me_op,daily size characteristic,low_overlap_concentration,7,test,block,constant_a020,0.036884644591611476
0.0004881307592140472,-0.0017454263988109684,0.00197911899511787,0.0006564245810055788,0.026937313432835817,1.0872437218498394,2600.000000000001,0.9996182430751932,0.0005357092696629213,0.029238483146067418,2848,0,0,daily_me_op,daily size characteristic,low_overlap_concentration,7,test,block,constant_a021,0.036884644591611476
0.0005442274983019043,-0.0016617762666380476,0.0017430329017472052,0.0046145985401459845,0.03814999999999999,1.132233112494891,2600.0,0.9996024462385903,0.000558251404494382,0.02764115168539326,2848,0,0,daily_me_op,daily size characteristic,low_overlap_concentration,7,test,block,constant_a022,0.036884644591611476
-0.030387397327717752,-0.09260480172536488,0.008215418290364334,0.032042663095465856,0.03211925925925932,4.120481909540335,2600.000000000001,0.9985532015767064,0.0006573033707865169,0.028800421348314606,2848,0,1,daily_me_op,daily size characteristic,low_overlap_concentration,7,test,block,constant_a023,0.036884644591611476
0.001494154866332504,0.00108657877702267,0.0018464438652545825,0.04933211009174312,0.08365605381165914,218.00000000000114,1.0097087378640777,0.9234550561797749,0.0006134831460674157,0.02737092696629214,2848,0,4,daily_me_op,daily size characteristic,low_overlap_concentration,7,test,block,constant_a024,0.036884644591611476
0.0008794131578947257,0.0008794131578947362,0.000879413157894737,,inf,0.0,0.0,1.0,0.0005147022471910111,0.030364893258426964,2848,200,0,daily_me_op,daily size characteristic,low_overlap_concentration,7,test,block,constant_equal_weight_public,0.036884644591611476
0.0005749696512568485,-0.0001439282330492151,0.0012482680093695905,0.039499716613531716,0.04864039758608503,2822.999999999626,1.0097087378640779,0.008778089887771734,0.0005490519662921348,0.039553370786516856,2848,0,4,daily_me_op,daily size characteristic,low_overlap_concentration,7,test,block,momentum_12,0.036884644591611476
-0.0004679287395070625,-0.002988818974883194,0.000794395565350834,0.0036697147037307917,0.02262732240437158,1.127280876590156,2600.000000000001,0.9996041850854669,0.0004874002808988763,0.026351544943820224,2848,0,0,daily_me_op,daily size characteristic,low_overlap_concentration,7,test,block,low_vol_12,0.036884644591611476
0.0009425323245240587,0.0004384344814721731,0.0013541085539203195,0.039104041051956376,0.04942217768871083,1558.9999999999222,1.0097087378640779,0.4525983146067689,0.0007221207865168541,0.0337123595505618,2848,0,4,daily_me_op,daily size characteristic,low_overlap_concentration,7,test,block,risk_adjusted_12,0.036884644591611476
0.010729853326248968,0.009192664723994028,0.012911054033415137,0.021687878787878787,0.028714285714285713,66.00000000000007,1.0097087378640779,0.9768258426966292,0.0005066516853932585,0.03325915730337078,2848,0,4,daily_me_op,daily size characteristic,low_overlap_concentration,7,test,block,ridge_return_train_only,0.036884644591611476
0.0020019064379391094,0.0017095212597746086,0.002256149717389129,0.036185714285714286,0.0441375,104.99999999999964,1.0097087378640779,0.9536423841059605,0.00030348785871964673,0.0393766004415011,2265,0,4,daily_me_op,daily size characteristic,low_overlap_concentration,17,calibration,iid,constant_a000,0.036884644591611476
0.0021427382450327813,0.0018886529626349323,0.0024054849722875715,0.02247659574468085,0.025099999999999997,47.0,1.0097087378640779,0.9792494481236204,0.00045673289183222954,0.03845033112582781,2265,0,3,daily_me_op,daily size characteristic,low_overlap_concentration,17,calibration,iid,constant_a001,0.036884644591611476
0.019805646825229704,0.0007477551520766212,0.05763156814287043,-0.006231467473524952,0.03782676056338027,1.0542992935581101,2600.000000000001,0.9995345256982083,0.00042763796909492266,0.03839094922737307,2265,0,0,daily_me_op,daily size characteristic,low_overlap_concentration,17,calibration,iid,constant_a002,0.036884644591611476
0.0036875512523914123,0.0035116995626686865,0.003860546298017383,0.030169230769230768,0.03817142857142856,129.9999999999995,1.0097087378640779,0.9426048565121415,0.00047395143487858726,0.03862604856512141,2265,0,4,daily_me_op,daily size characteristic,low_overlap_concentration,17,calibration,iid,constant_a003,0.036884644591611476
0.010182951644112563,0.002823462548612557,0.02478694289654651,0.0033358339402767556,0.03709767441860464,1.1371961978622174,2600.000000000001,0.9994979266234604,0.0004247682119205297,0.04078388520971302,2265,0,0,daily_me_op,daily size characteristic,low_overlap_concentration,17,calibration,iid,constant_a004,0.036884644591611476
0.0003353214103469913,9.470337713465909e-05,0.0005804649112717492,0.02495588235294118,0.02702758620689655,135.9999999999996,1.0097087378640779,0.9399558498896249,0.0004983664459161148,0.04207969094922737,2265,0,4,daily_me_op,daily size characteristic,low_overlap_concentration,17,calibration,iid,constant_a005,0.036884644591611476
0.00846984834452112,0.008023712060800861,0.008840820010247042,0.0662,0.0662,19.99999999999998,1.0097087378640779,0.9911699779249448,0.0004000000000000001,0.03936004415011037,2265,0,3,daily_me_op,daily size characteristic,low_overlap_concentration,17,calibration,iid,constant_a006,0.036884644591611476
-0.0031320034484164563,-0.009122161089624823,0.008475593574430515,0.00040560891279293153,0.050499999999999996,1.021861496899325,2600.000000000001,0.9995488470212365,0.0005164238410596026,0.03821633554083886,2265,0,0,daily_me_op,daily size characteristic,low_overlap_concentration,17,calibration,iid,constant_a007,0.036884644591611476
-0.008281012906625501,-0.019583624040415745,-0.0025626633207649946,0.007888354620586034,0.03220425531914893,1.0687003145363572,2600.0,0.9995281676315513,0.000591523178807947,0.03958874172185431,2265,0,0,daily_me_op,daily size characteristic,low_overlap_concentration,17,calibration,iid,constant_a008,0.036884644591611476
0.025749416475767218,0.0020984068586198425,0.06501820739963413,-0.003352532479758991,0.03531249999999999,2.12697736311772,2600.000000000001,0.9990609371465264,0.0006415011037527594,0.04022317880794702,2265,0,1,daily_me_op,daily size characteristic,low_overlap_concentration,17,calibration,iid,constant_a009,0.036884644591611476
-0.0021069828536853033,-0.005365107117578315,-0.00031899423043084407,0.003946477823332091,0.036637168141592916,1.0856249226141348,2600.000000000001,0.9995206953984044,0.0004702428256070641,0.04091456953642385,2265,0,0,daily_me_op,daily size characteristic,low_overlap_concentration,17,calibration,iid,constant_a010,0.036884644591611476
0.013289732992685994,0.005651597574343306,0.02818507197478369,-0.003050558336542166,0.031200000000000002,1.0171569984045297,2600.0,0.9995509240625146,0.0005049448123620308,0.03691633554083885,2265,0,0,daily_me_op,daily size characteristic,low_overlap_concentration,17,calibration,iid,constant_a011,0.036884644591611476
0.05133579345783896,0.003271218492062893,0.12447574291626196,-0.015388524590163948,0.05679999999999999,2.0272714899046402,2600.000000000001,0.9991049573996006,0.0005502428256070641,0.03507041942604857,2265,0,1,daily_me_op,daily size characteristic,low_overlap_concentration,17,calibration,iid,constant_a012,0.036884644591611476
0.004679782833421384,-0.05591055612632396,0.06960278902962402,0.01450875290472501,0.0392,2.0108864434038867,2600.000000000001,0.9991121914157157,0.0005137748344370861,0.036443487858719655,2265,0,1,daily_me_op,daily size characteristic,low_overlap_concentration,17,calibration,iid,constant_a013,0.036884644591611476
0.031403527732199635,0.002829843085316189,0.08843156159203716,0.0013729279768367687,0.02255343915343915,1.1513171914213212,2600.000000000001,0.999491692189218,0.000672671081677704,0.03833708609271524,2265,0,0,daily_me_op,daily size characteristic,low_overlap_concentration,17,calibration,iid,constant_a014,0.036884644591611476
-0.022904211596788716,-0.07947639685481611,0.0016684578628394157,0.019061253075903842,0.04516241134751773,2.104613749561414,2600.000000000001,0.9990708107065954,0.0004266225165562914,0.042104856512141284,2265,0,1,daily_me_op,daily size characteristic,low_overlap_concentration,17,calibration,iid,constant_a015,0.036884644591611476
-0.003568319268085813,-0.0037829984855750768,-0.003350266981138157,0.019445454545454544,0.0199,21.99999999999999,1.0097087378640777,0.9902869757174393,0.0004412362030905077,0.037138410596026496,2265,0,3,daily_me_op,daily size characteristic,low_overlap_concentration,17,calibration,iid,constant_a016,0.036884644591611476
-0.0015272984604598962,-0.001782942196969234,-0.001300306101117024,0.037264516129032255,0.0406,30.999999999999993,1.0097087378640777,0.9863134657836644,0.00043708609271523176,0.03571677704194261,2265,0,3,daily_me_op,daily size characteristic,low_overlap_concentration,17,calibration,iid,constant_a017,0.036884644591611476
0.0027681119711062815,-0.003938133318167166,0.015713899738120856,-0.0035646515209857505,0.0121,1.0171569984045297,2600.000000000001,0.9995509240625146,0.0004893156732891833,0.03461456953642384,2265,0,0,daily_me_op,daily size characteristic,low_overlap_concentration,17,calibration,iid,constant_a018,0.036884644591611476
0.0032584303385691563,0.00301927871412543,0.0034619940515527707,0.038163636363636365,0.0519,44.00000000000004,1.0097087378640777,0.9805739514348786,0.0005333333333333335,0.03605783664459162,2265,0,3,daily_me_op,daily size characteristic,low_overlap_concentration,17,calibration,iid,constant_a019,0.036884644591611476
0.0016261791271361817,0.0013274271909542443,0.0019192689352827733,0.05156119402985076,0.06757564766839375,201.00000000000082,1.0097087378640777,0.911258278145695,0.00028900662251655633,0.046241501103752754,2265,0,4,daily_me_op,daily size characteristic,low_overlap_concentration,17,calibration,iid,constant_a020,0.036884644591611476
0.011454470100832915,0.000762255800470545,0.03261504670324888,-0.008715128303332076,0.0327,1.0281510395419098,2600.000000000001,0.9995460701812177,0.00029668874172185427,0.03527350993377483,2265,0,0,daily_me_op,daily size characteristic,low_overlap_concentration,17,calibration,iid,constant_a021,0.036884644591611476
0.0011081950368873968,0.0009605105198302043,0.0012309605852277026,0.02382105263157895,0.031105660377358492,75.99999999999999,1.0097087378640777,0.9664459161147902,0.00039487858719646797,0.03427064017660044,2265,0,4,daily_me_op,daily size characteristic,low_overlap_concentration,17,calibration,iid,constant_a022,0.036884644591611476
-0.0013355437493551316,-0.0021218060427188497,0.00016200657373274035,0.004688888888888888,0.057815624999999995,1.0994231421784857,2600.000000000001,0.9995146034692368,0.00040044150110375275,0.030308830022075055,2265,0,0,daily_me_op,daily size characteristic,low_overlap_concentration,17,calibration,iid,constant_a023,0.036884644591611476
-0.004325474515706528,-0.01553785821177015,0.0014056317016711845,0.011935231316725973,0.05662186234817811,1.1908108450487565,2600.000000000001,0.9994742556975502,0.0004770860927152318,0.031186534216335538,2265,0,0,daily_me_op,daily size characteristic,low_overlap_concentration,17,calibration,iid,constant_a024,0.036884644591611476
0.0008721172932331065,0.0008721172932330822,0.0008721172932330826,,inf,0.0,0.0,1.0,0.00046527858719646806,0.036884644591611476,2265,200,0,daily_me_op,daily size characteristic,low_overlap_concentration,17,calibration,iid,constant_equal_weight_public,0.036884644591611476
0.0005604891841236914,-0.00015472512842747979,0.0010734348563553463,0.03786349065004455,0.04089888839484234,2245.9999999997613,1.0097087378640779,0.008388520971407853,0.0006160706401766005,0.03774635761589404,2265,0,4,daily_me_op,daily size characteristic,low_overlap_concentration,17,calibration,iid,momentum_12,0.036884644591611476
-0.00015001530841004035,-0.00039622497507745333,0.0001097714834602021,0.0437198347107438,0.06066496350364962,120.99999999999953,1.0097087378640779,0.9465783664459163,0.0004981015452538633,0.031074392935982336,2265,0,4,daily_me_op,daily size characteristic,low_overlap_concentration,17,calibration,iid,low_vol_12,0.036884644591611476
0.0007864412012860523,0.00024842268431984866,0.0012139062536662996,0.039712566237698685,0.043982225656877885,1320.9999999999782,1.0097087378640779,0.41677704194261445,0.0005762030905077263,0.03806313465783665,2265,0,4,daily_me_op,daily size characteristic,low_overlap_concentration,17,calibration,iid,risk_adjusted_12,0.036884644591611476
0.010411198904232175,0.009976099409106227,0.010793709956400032,0.032498245614035096,0.0347,57.00000000000005,1.0097087378640779,0.9748344370860927,0.0005554772626931568,0.03888520971302429,2265,0,4,daily_me_op,daily size characteristic,low_overlap_concentration,17,calibration,iid,ridge_return_train_only,0.036884644591611476
0.0020019064379391094,0.001665548369485765,0.002370735310975686,0.036185714285714286,0.043575,104.99999999999964,1.0097087378640779,0.9536423841059605,0.00030348785871964673,0.0393766004415011,2265,0,4,daily_me_op,daily size characteristic,low_overlap_concentration,17,calibration,block,constant_a000,0.036884644591611476
0.0021427382450327813,0.0014578837678143506,0.0028108803267275825,0.02247659574468085,0.025099999999999997,47.0,1.0097087378640779,0.9792494481236204,0.00045673289183222954,0.03845033112582781,2265,0,3,daily_me_op,daily size characteristic,low_overlap_concentration,17,calibration,block,constant_a001,0.036884644591611476
0.019805646825229704,0.0005985449370432817,0.05780905834339273,-0.006231467473524952,0.03877272727272727,1.0542992935581101,2600.000000000001,0.9995345256982083,0.00042763796909492266,0.03839094922737307,2265,0,0,daily_me_op,daily size characteristic,low_overlap_concentration,17,calibration,block,constant_a002,0.036884644591611476
0.0036875512523914123,0.003305146590022096,0.004151813743176582,0.030169230769230768,0.03899208633093523,129.9999999999995,1.0097087378640779,0.9426048565121415,0.00047395143487858726,0.03862604856512141,2265,0,4,daily_me_op,daily size characteristic,low_overlap_concentration,17,calibration,block,constant_a003,0.036884644591611476
0.010182951644112563,0.002761184230963241,0.02441496015245611,0.0033358339402767556,0.03803858267716535,1.1371961978622174,2600.000000000001,0.9994979266234604,0.0004247682119205297,0.04078388520971302,2265,0,0,daily_me_op,daily size characteristic,low_overlap_concentration,17,calibration,block,constant_a004,0.036884644591611476
0.0003353214103469913,0.00010302300067155517,0.0006144674643020791,0.02495588235294118,0.026854929577464787,135.9999999999996,1.0097087378640779,0.9399558498896249,0.0004983664459161148,0.04207969094922737,2265,0,4,daily_me_op,daily size characteristic,low_overlap_concentration,17,calibration,block,constant_a005,0.036884644591611476
0.00846984834452112,0.007059321859498587,0.010115770091394154,0.0662,0.0662,19.99999999999998,1.0097087378640779,0.9911699779249448,0.0004000000000000001,0.03936004415011037,2265,0,3,daily_me_op,daily size characteristic,low_overlap_concentration,17,calibration,block,constant_a006,0.036884644591611476
-0.0031320034484164563,-0.01010729189088927,0.012736231828328955,0.00040560891279293153,0.050499999999999996,1.021861496899325,2600.000000000001,0.9995488470212365,0.0005164238410596026,0.03821633554083886,2265,0,0,daily_me_op,daily size characteristic,low_overlap_concentration,17,calibration,block,constant_a007,0.036884644591611476
-0.008281012906625501,-0.019296795961029255,-0.0023903223419804048,0.007888354620586034,0.03162926829268292,1.0687003145363572,2600.0,0.9995281676315513,0.000591523178807947,0.03958874172185431,2265,0,0,daily_me_op,daily size characteristic,low_overlap_concentration,17,calibration,block,constant_a008,0.036884644591611476
0.025749416475767218,0.002018514101642619,0.07338328850320341,-0.003352532479758991,0.03552970297029702,2.12697736311772,2600.000000000001,0.9990609371465264,0.0006415011037527594,0.04022317880794702,2265,0,1,daily_me_op,daily size characteristic,low_overlap_concentration,17,calibration,block,constant_a009,0.036884644591611476
-0.0021069828536853033,-0.0056450896226275206,-0.00033381100653757923,0.003946477823332091,0.036283486238532114,1.0856249226141348,2600.000000000001,0.9995206953984044,0.0004702428256070641,0.04091456953642385,2265,0,0,daily_me_op,daily size characteristic,low_overlap_concentration,17,calibration,block,constant_a010,0.036884644591611476
0.013289732992685994,0.005509986753496107,0.035461307593467044,-0.003050558336542166,0.031200000000000002,1.0171569984045297,2600.0,0.9995509240625146,0.0005049448123620308,0.03691633554083885,2265,0,0,daily_me_op,daily size characteristic,low_overlap_concentration,17,calibration,block,constant_a011,0.036884644591611476
0.05133579345783896,0.0031722427586332214,0.11849503812474009,-0.015388524590163948,0.05034285714285715,2.0272714899046402,2600.000000000001,0.9991049573996006,0.0005502428256070641,0.03507041942604857,2265,0,1,daily_me_op,daily size characteristic,low_overlap_concentration,17,calibration,block,constant_a012,0.036884644591611476
0.004679782833421384,-0.05641460771285356,0.06741792281753009,0.01450875290472501,0.0392,2.0108864434038867,2600.000000000001,0.9991121914157157,0.0005137748344370861,0.036443487858719655,2265,0,1,daily_me_op,daily size characteristic,low_overlap_concentration,17,calibration,block,constant_a013,0.036884644591611476
0.031403527732199635,0.002590227382275459,0.0885509119386177,0.0013729279768367687,0.020622077922077917,1.1513171914213212,2600.000000000001,0.999491692189218,0.000672671081677704,0.03833708609271524,2265,0,0,daily_me_op,daily size characteristic,low_overlap_concentration,17,calibration,block,constant_a014,0.036884644591611476
-0.022904211596788716,-0.06642766167489957,0.0017712559894873206,0.019061253075903842,0.04663916083916083,2.104613749561414,2600.000000000001,0.9990708107065954,0.0004266225165562914,0.042104856512141284,2265,0,1,daily_me_op,daily size characteristic,low_overlap_concentration,17,calibration,block,constant_a015,0.036884644591611476
-0.003568319268085813,-0.004374548470704695,-0.002834098876451391,0.019445454545454544,0.0199,21.99999999999999,1.0097087378640777,0.9902869757174393,0.0004412362030905077,0.037138410596026496,2265,0,3,daily_me_op,daily size characteristic,low_overlap_concentration,17,calibration,block,constant_a016,0.036884644591611476
-0.0015272984604598962,-0.002046048763297555,-0.0010257963224733243,0.037264516129032255,0.0406,30.999999999999993,1.0097087378640777,0.9863134657836644,0.00043708609271523176,0.03571677704194261,2265,0,3,daily_me_op,daily size characteristic,low_overlap_concentration,17,calibration,block,constant_a017,0.036884644591611476
0.0027681119711062815,-0.004286995196834966,0.01610052953538347,-0.0035646515209857505,0.0121,1.0171569984045297,2600.000000000001,0.9995509240625146,0.0004893156732891833,0.03461456953642384,2265,0,0,daily_me_op,daily size characteristic,low_overlap_concentration,17,calibration,block,constant_a018,0.036884644591611476
0.0032584303385691563,0.0028216001717656105,0.003768339470287935,0.038163636363636365,0.0519,44.00000000000004,1.0097087378640777,0.9805739514348786,0.0005333333333333335,0.03605783664459162,2265,0,3,daily_me_op,daily size characteristic,low_overlap_concentration,17,calibration,block,constant_a019,0.036884644591611476
0.0016261791271361817,0.001155627137338413,0.001999350843769182,0.05156119402985076,0.06906153846153842,201.00000000000082,1.0097087378640777,0.911258278145695,0.00028900662251655633,0.046241501103752754,2265,0,4,daily_me_op,daily size characteristic,low_overlap_concentration,17,calibration,block,constant_a020,0.036884644591611476
0.011454470100832915,0.0004655226143439767,0.03293959027629875,-0.008715128303332076,0.0327,1.0281510395419098,2600.000000000001,0.9995460701812177,0.00029668874172185427,0.03527350993377483,2265,0,0,daily_me_op,daily size characteristic,low_overlap_concentration,17,calibration,block,constant_a021,0.036884644591611476
0.0011081950368873968,0.0007264238260602608,0.001543149515652422,0.02382105263157895,0.0311795918367347,75.99999999999999,1.0097087378640777,0.9664459161147902,0.00039487858719646797,0.03427064017660044,2265,0,4,daily_me_op,daily size characteristic,low_overlap_concentration,17,calibration,block,constant_a022,0.036884644591611476
-0.0013355437493551316,-0.0022589454832601745,0.00013113508819172787,0.004688888888888888,0.0633824427480916,1.0994231421784857,2600.000000000001,0.9995146034692368,0.00040044150110375275,0.030308830022075055,2265,0,0,daily_me_op,daily size characteristic,low_overlap_concentration,17,calibration,block,constant_a023,0.036884644591611476
-0.004325474515706528,-0.01600195582402271,0.0014591824404632976,0.011935231316725973,0.062203921568627425,1.1908108450487565,2600.000000000001,0.9994742556975502,0.0004770860927152318,0.031186534216335538,2265,0,0,daily_me_op,daily size characteristic,low_overlap_concentration,17,calibration,block,constant_a024,0.036884644591611476
0.0008721172932331065,0.0008721172932330823,0.0008721172932330826,,inf,0.0,0.0,1.0,0.00046527858719646806,0.036884644591611476,2265,200,0,daily_me_op,daily size characteristic,low_overlap_concentration,17,calibration,block,constant_equal_weight_public,0.036884644591611476
0.0005604891841236914,-0.00012448374746328798,0.0011548928591130555,0.03786349065004455,0.044957040998217644,2245.9999999997613,1.0097087378640779,0.008388520971407853,0.0006160706401766005,0.03774635761589404,2265,0,4,daily_me_op,daily size characteristic,low_overlap_concentration,17,calibration,block,momentum_12,0.036884644591611476
-0.00015001530841004035,-0.0005669441591618363,0.00020681344931691714,0.0437198347107438,0.06431304347826089,120.99999999999953,1.0097087378640779,0.9465783664459163,0.0004981015452538633,0.031074392935982336,2265,0,4,daily_me_op,daily size characteristic,low_overlap_concentration,17,calibration,block,low_vol_12,0.036884644591611476
0.0007864412012860523,3.698625153971407e-05,0.0013752563743720998,0.039712566237698685,0.04927596371882084,1320.9999999999782,1.0097087378640779,0.41677704194261445,0.0005762030905077263,0.03806313465783665,2265,0,4,daily_me_op,daily size characteristic,low_overlap_concentration,17,calibration,block,risk_adjusted_12,0.036884644591611476
0.010411198904232175,0.009024695352665943,0.012112469084250281,0.032498245614035096,0.0347,57.00000000000005,1.0097087378640779,0.9748344370860927,0.0005554772626931568,0.03888520971302429,2265,0,4,daily_me_op,daily size characteristic,low_overlap_concentration,17,calibration,block,ridge_return_train_only,0.036884644591611476
0.012449732409615829,0.0023706283968815897,0.03174102575259064,0.007528545288197623,0.035274850299401195,2.2520890256919337,2600.0,0.9992092384039003,0.0003962780898876405,0.03857907303370787,2848,0,1,daily_me_op,daily size characteristic,low_overlap_concentration,17,test,iid,constant_a000,0.036884644591611476
0.001576453327024211,0.0013194890762741563,0.0018530318522641922,0.03144915254237289,0.0352,59.00000000000005,1.0097087378640779,0.9792837078651685,0.0005180828651685394,0.030657022471910114,2848,0,4,daily_me_op,daily size characteristic,low_overlap_concentration,17,test,iid,constant_a001,0.036884644591611476
-0.01188010182488058,-0.030165472500078606,0.001034822562044749,0.012531328036322361,0.0251412213740458,2.107004200013522,2600.0,0.9992601811095458,0.0005845505617977528,0.030667977528089887,2848,0,1,daily_me_op,daily size characteristic,low_overlap_concentration,17,test,iid,constant_a002,0.036884644591611476
0.0056119466457979755,0.0018678900690930784,0.012965514034952717,0.011567685589519643,0.13797362637362637,1.1388529706379225,2600.0,0.9996001218501973,0.000689817415730337,0.039128651685393256,2848,0,0,daily_me_op,daily size characteristic,low_overlap_concentration,17,test,iid,constant_a003,0.036884644591611476
0.009445181225040882,0.001216120626638541,0.03351913098764567,0.006846187206360684,0.03878888888888889,1.1546524357405696,2600.0,0.9995945742852035,0.0003732443820224719,0.03620463483146068,2848,0,0,daily_me_op,daily size characteristic,low_overlap_concentration,17,test,iid,constant_a004,0.036884644591611476
0.011449415083890975,0.0004050473918141496,0.0332154539184577,0.00487153284671533,0.039868965517241374,1.1322331124948903,2600.0,0.9996024462385903,0.0004969803370786517,0.04001446629213483,2848,0,0,daily_me_op,daily size characteristic,low_overlap_concentration,17,test,iid,constant_a005,0.036884644591611476
0.017145116992569265,0.004426124094278874,0.04221377507393266,-0.010191554702495222,0.0274,1.0234320742068468,2600.0,0.9996406488503488,0.000506179775280899,0.03197050561797753,2848,0,0,daily_me_op,daily size characteristic,low_overlap_concentration,17,test,iid,constant_a006,0.036884644591611476
-0.004349300968413776,-0.004720582345255404,-0.0039882320295999375,0.017435616438356165,0.019039999999999998,72.99999999999996,1.0097087378640779,0.9743679775280899,0.0005496839887640451,0.03202626404494382,2848,0,4,daily_me_op,daily size characteristic,low_overlap_concentration,17,test,iid,constant_a007,0.036884644591611476
-4.927170889874983e-05,-0.00029322311362768274,0.00018789096432152958,0.015857142857142858,0.0174,56.000000000000036,1.0097087378640779,0.9803370786516854,0.0004826896067415731,0.03332331460674158,2848,0,4,daily_me_op,daily size characteristic,low_overlap_concentration,17,test,iid,constant_a008,0.036884644591611476
0.0026429262109179622,0.0024329061659523797,0.002860844532175289,0.03065945945945946,0.03778,73.99999999999994,1.0097087378640779,0.9740168539325843,0.0004806179775280899,0.0354438202247191,2848,0,4,daily_me_op,daily size characteristic,low_overlap_concentration,17,test,iid,constant_a009,0.036884644591611476
0.024888628150426268,-0.0012517949664688744,0.06282010106138829,0.0036805621724630786,0.00900582314881382,4.152859466204345,2600.000000000001,0.9985418330525968,0.0005072331460674157,0.03976390449438202,2848,0,1,daily_me_op,daily size characteristic,low_overlap_concentration,17,test,iid,constant_a010,0.036884644591611476
0.0022834834476712566,0.0018800505473724764,0.002657049645660766,0.03,0.030000000000000002,17.999999999999986,1.0097087378640779,0.9936797752808989,0.0004511235955056179,0.03151390449438202,2848,0,3,daily_me_op,daily size characteristic,low_overlap_concentration,17,test,iid,constant_a011,0.036884644591611476
-0.02248012562623538,-0.06712107526971933,0.002856376646630148,0.01976580220630928,0.0317,2.0132230955006074,2600.000000000001,0.9992931098681529,0.0005087078651685394,0.032783988764044945,2848,0,1,daily_me_op,daily size characteristic,low_overlap_concentration,17,test,iid,constant_a012,0.036884644591611476
-0.0012000780378327862,-0.0065579123615189935,0.0016434015461157052,0.0033418174817096626,0.026000000000000002,1.0171569984045294,2600.000000000001,0.9996428521775265,0.0005538623595505618,0.03227443820224719,2848,0,0,daily_me_op,daily size characteristic,low_overlap_concentration,17,test,iid,constant_a013,0.036884644591611476
0.00045394348502960237,-0.013864591291231599,0.012658806898752623,0.008102193151212002,0.0395404255319149,2.0374479179941622,2600.000000000001,0.9992846039613784,0.000419066011235955,0.03335842696629214,2848,0,1,daily_me_op,daily size characteristic,low_overlap_concentration,17,test,iid,constant_a014,0.036884644591611476
0.003479127666502421,-0.0064420006528556105,0.01903651309575876,0.008037797619047613,0.030086666666666664,2.17934836212807,2600.000000000001,0.9992347793672303,0.0005329705056179775,0.03754929775280899,2848,0,1,daily_me_op,daily size characteristic,low_overlap_concentration,17,test,iid,constant_a015,0.036884644591611476
-0.004772202245529992,-0.004988024137366249,-0.00455972804528773,0.018292307692307695,0.018500000000000003,25.999999999999993,1.0097087378640777,0.9908707865168539,0.0004458216292134831,0.029966853932584265,2848,0,3,daily_me_op,daily size characteristic,low_overlap_concentration,17,test,iid,constant_a016,0.036884644591611476
0.0067262186897184,0.002619613464322168,0.014510976311265656,-0.006768802440884811,0.02293170731707317,1.036830656078298,2600.0,0.9996359442921073,0.0005253511235955056,0.02912837078651686,2848,0,0,daily_me_op,daily size characteristic,low_overlap_concentration,17,test,iid,constant_a017,0.036884644591611476
0.01637361481115727,-0.0011550530638200665,0.04194337013356416,-0.005482049797336425,0.02485714285714286,2.0241454049574874,2600.000000000001,0.9992892747875851,0.0005296348314606743,0.0289566011235955,2848,0,1,daily_me_op,daily size characteristic,low_overlap_concentration,17,test,iid,constant_a018,0.036884644591611476
0.0035439765452309696,0.0033493258503282212,0.0037591309993148065,0.0213,0.023,29.99999999999999,1.0097087378640777,0.9894662921348315,0.00048683286516853927,0.02873441011235955,2848,0,3,daily_me_op,daily size characteristic,low_overlap_concentration,17,test,iid,constant_a019,0.036884644591611476
-0.0010794202771628758,-0.0013544683859238412,-0.0007861051367469069,0.039613223140495875,0.044982608695652154,242.00000000000153,1.0097087378640777,0.91502808988764,0.0004640800561797754,0.037429634831460674,2848,0,4,daily_me_op,daily size characteristic,low_overlap_concentration,17,test,iid,constant_a020,0.036884644591611476
-0.010719235579242856,-0.03538781983052895,0.0017546125180087715,0.01685889798957559,0.028360194174757287,1.0880535735399504,2600.000000000001,0.9996179587171559,0.0005357092696629213,0.029238483146067418,2848,0,0,daily_me_op,daily size characteristic,low_overlap_concentration,17,test,iid,constant_a021,0.036884644591611476
0.0015813147047701289,0.001387532133642515,0.001748784563100858,0.02943950617283951,0.04282307692307691,162.0000000000001,1.0097087378640777,0.9431179775280898,0.000558251404494382,0.02764115168539326,2848,0,4,daily_me_op,daily size characteristic,low_overlap_concentration,17,test,iid,constant_a022,0.036884644591611476
-0.013169267534039852,-0.05022744626851319,0.007636068376617837,0.014792458521870293,0.0309,2.121375383782892,2600.000000000001,0.999255135047829,0.0006573033707865169,0.028800421348314606,2848,0,1,daily_me_op,daily size characteristic,low_overlap_concentration,17,test,iid,constant_a023,0.036884644591611476
-0.009552663530282082,-0.02363678799641601,0.001570715585287976,0.008061922503725782,0.05244406779661014,2.172868343082396,2600.000000000001,0.9992370546548166,0.0006134831460674157,0.02737092696629214,2848,0,1,daily_me_op,daily size characteristic,low_overlap_concentration,17,test,iid,constant_a024,0.036884644591611476
-0.0026701246177245237,-0.009754608439638433,0.0008721172932330826,0.0030080000000000007,inf,1.0,2600.000000000001,0.9996488764044944,0.0005147022471910111,0.030364893258426964,2848,78,0,daily_me_op,daily size characteristic,low_overlap_concentration,17,test,iid,constant_equal_weight_public,0.036884644591611476
0.0005710665626907425,-0.0001327960896454104,0.0012357769935709554,0.03969929078014185,0.04426808510638343,2819.9999999996267,1.0097087378640779,0.009831460674288417,0.0005490519662921348,0.039553370786516856,2848,0,4,daily_me_op,daily size characteristic,low_overlap_concentration,17,test,iid,momentum_12,0.036884644591611476
0.0003477221238785864,0.00010966714748561257,0.0005512816622409402,0.020062500000000007,0.023079999999999996,160.00000000000009,1.0097087378640779,0.9438202247191011,0.0004874002808988763,0.026351544943820224,2848,0,4,daily_me_op,daily size characteristic,low_overlap_concentration,17,test,iid,low_vol_12,0.036884644591611476
0.0009853602066589287,0.0004897856701207605,0.0014268190473050472,0.039354527938342966,0.0453489576753001,1556.9999999999225,1.0097087378640779,0.45330056179778,0.0007221207865168541,0.0337123595505618,2848,0,4,daily_me_op,daily size characteristic,low_overlap_concentration,17,test,iid,risk_adjusted_12,0.036884644591611476
0.0038915372875068426,-0.017285044225076433,0.018189790200391846,0.0049092738072427635,0.024037974683544308,2.0539405620210203,2600.000000000001,0.9992788130049084,0.0004872780898876406,0.03358581460674157,2848,0,1,daily_me_op,daily size characteristic,low_overlap_concentration,17,test,iid,ridge_return_train_only,0.036884644591611476
0.012449732409615829,0.0023128170061874503,0.02749556475059365,0.007528545288197623,0.03521967213114754,2.2520890256919337,2600.0,0.9992092384039003,0.0003962780898876405,0.03857907303370787,2848,0,1,daily_me_op,daily size characteristic,low_overlap_concentration,17,test,block,constant_a000,0.036884644591611476
0.001576453327024211,0.0009779620796384403,0.0021400653516952073,0.03144915254237289,0.035057894736842114,59.00000000000005,1.0097087378640779,0.9792837078651685,0.0005180828651685394,0.030657022471910114,2848,0,4,daily_me_op,daily size characteristic,low_overlap_concentration,17,test,block,constant_a001,0.036884644591611476
-0.01188010182488058,-0.03485752002683703,0.0011377370917567155,0.012531328036322361,0.02650236220472441,2.107004200013522,2600.0,0.9992601811095458,0.0005845505617977528,0.030667977528089887,2848,0,1,daily_me_op,daily size characteristic,low_overlap_concentration,17,test,block,constant_a002,0.036884644591611476
0.0056119466457979755,0.0017413344513100434,0.012970350445231727,0.011567685589519643,0.15251296296296296,1.1388529706379225,2600.0,0.9996001218501973,0.000689817415730337,0.039128651685393256,2848,0,0,daily_me_op,daily size characteristic,low_overlap_concentration,17,test,block,constant_a003,0.036884644591611476
0.009445181225040882,0.0010495899176543343,0.025757432991512473,0.006846187206360684,0.03908504672897196,1.1546524357405696,2600.0,0.9995945742852035,0.0003732443820224719,0.03620463483146068,2848,0,0,daily_me_op,daily size characteristic,low_overlap_concentration,17,test,block,constant_a004,0.036884644591611476
0.011449415083890975,0.00028693831347065377,0.033250411205853384,0.00487153284671533,0.04123333333333333,1.1322331124948903,2600.0,0.9996024462385903,0.0004969803370786517,0.04001446629213483,2848,0,0,daily_me_op,daily size characteristic,low_overlap_concentration,17,test,block,constant_a005,0.036884644591611476
0.017145116992569265,0.0038859372721301217,0.04277429014202871,-0.010191554702495222,0.0274,1.0234320742068468,2600.0,0.9996406488503488,0.000506179775280899,0.03197050561797753,2848,0,0,daily_me_op,daily size characteristic,low_overlap_concentration,17,test,block,constant_a006,0.036884644591611476
-0.004349300968413776,-0.005556706479462017,-0.002848608874374467,0.017435616438356165,0.019227659574468082,72.99999999999996,1.0097087378640779,0.9743679775280899,0.0005496839887640451,0.03202626404494382,2848,0,4,daily_me_op,daily size characteristic,low_overlap_concentration,17,test,block,constant_a007,0.036884644591611476
-4.927170889874983e-05,-0.0008410059208408384,0.0009045291832325754,0.015857142857142858,0.0174,56.000000000000036,1.0097087378640779,0.9803370786516854,0.0004826896067415731,0.03332331460674158,2848,0,4,daily_me_op,daily size characteristic,low_overlap_concentration,17,test,block,constant_a008,0.036884644591611476
0.0026429262109179622,0.0020899019300849296,0.003279879663637269,0.03065945945945946,0.03754705882352941,73.99999999999994,1.0097087378640779,0.9740168539325843,0.0004806179775280899,0.0354438202247191,2848,0,4,daily_me_op,daily size characteristic,low_overlap_concentration,17,test,block,constant_a009,0.036884644591611476
0.024888628150426268,0.0010062039551384622,0.06359601373483036,0.0036805621724630786,0.006048013367991094,4.152859466204345,2600.000000000001,0.9985418330525968,0.0005072331460674157,0.03976390449438202,2848,0,1,daily_me_op,daily size characteristic,low_overlap_concentration,17,test,block,constant_a010,0.036884644591611476
0.0022834834476712566,0.0007574124446607094,0.003370025680058095,0.03,0.03,17.999999999999986,1.0097087378640779,0.9936797752808989,0.0004511235955056179,0.03151390449438202,2848,0,3,daily_me_op,daily size characteristic,low_overlap_concentration,17,test,block,constant_a011,0.036884644591611476
-0.02248012562623538,-0.0701047783555443,0.0030850235784249864,0.01976580220630928,0.0317,2.0132230955006074,2600.000000000001,0.9992931098681529,0.0005087078651685394,0.032783988764044945,2848,0,1,daily_me_op,daily size characteristic,low_overlap_concentration,17,test,block,constant_a012,0.036884644591611476
-0.0012000780378327862,-0.007376029269306217,0.0020955771554684896,0.0033418174817096626,0.026000000000000002,1.0171569984045294,2600.000000000001,0.9996428521775265,0.0005538623595505618,0.03227443820224719,2848,0,0,daily_me_op,daily size characteristic,low_overlap_concentration,17,test,block,constant_a013,0.036884644591611476
0.00045394348502960237,-0.013831393910524929,0.0125885423903557,0.008102193151212002,0.04073333333333334,2.0374479179941622,2600.000000000001,0.9992846039613784,0.000419066011235955,0.03335842696629214,2848,0,1,daily_me_op,daily size characteristic,low_overlap_concentration,17,test,block,constant_a014,0.036884644591611476
0.003479127666502421,-0.009673644091997061,0.019267259846350183,0.008037797619047613,0.030870386266094417,2.17934836212807,2600.000000000001,0.9992347793672303,0.0005329705056179775,0.03754929775280899,2848,0,1,daily_me_op,daily size characteristic,low_overlap_concentration,17,test,block,constant_a015,0.036884644591611476
-0.004772202245529992,-0.005497396053149563,-0.004169289530916114,0.018292307692307695,0.018500000000000003,25.999999999999993,1.0097087378640777,0.9908707865168539,0.0004458216292134831,0.029966853932584265,2848,0,3,daily_me_op,daily size characteristic,low_overlap_concentration,17,test,block,constant_a016,0.036884644591611476
0.0067262186897184,0.0017552749765264782,0.017293414574807296,-0.006768802440884811,0.022634782608695652,1.036830656078298,2600.0,0.9996359442921073,0.0005253511235955056,0.02912837078651686,2848,0,0,daily_me_op,daily size characteristic,low_overlap_concentration,17,test,block,constant_a017,0.036884644591611476
0.01637361481115727,-0.0014311511861186338,0.0438083985520941,-0.005482049797336425,0.02629130434782609,2.0241454049574874,2600.000000000001,0.9992892747875851,0.0005296348314606743,0.0289566011235955,2848,0,1,daily_me_op,daily size characteristic,low_overlap_concentration,17,test,block,constant_a018,0.036884644591611476
0.0035439765452309696,0.003015792310812518,0.004017278224182051,0.0213,0.023,29.99999999999999,1.0097087378640777,0.9894662921348315,0.00048683286516853927,0.02873441011235955,2848,0,3,daily_me_op,daily size characteristic,low_overlap_concentration,17,test,block,constant_a019,0.036884644591611476
-0.0010794202771628758,-0.0020669153083549456,-0.0003651192168433809,0.039613223140495875,0.04630185185185184,242.00000000000153,1.0097087378640777,0.91502808988764,0.0004640800561797754,0.037429634831460674,2848,0,4,daily_me_op,daily size characteristic,low_overlap_concentration,17,test,block,constant_a020,0.036884644591611476
-0.010719235579242856,-0.035546929029591015,0.001997335358868507,0.01685889798957559,0.026777777777777782,1.0880535735399504,2600.000000000001,0.9996179587171559,0.0005357092696629213,0.029238483146067418,2848,0,0,daily_me_op,daily size characteristic,low_overlap_concentration,17,test,block,constant_a021,0.036884644591611476
0.0015813147047701289,0.0011734486055042731,0.0020115567715774003,0.02943950617283951,0.04498433734939757,162.0000000000001,1.0097087378640777,0.9431179775280898,0.000558251404494382,0.02764115168539326,2848,0,4,daily_me_op,daily size characteristic,low_overlap_concentration,17,test,block,constant_a022,0.036884644591611476
-0.013169267534039852,-0.04980022692384334,0.012146143947416477,0.014792458521870293,0.03399999999999998,2.121375383782892,2600.000000000001,0.999255135047829,0.0006573033707865169,0.028800421348314606,2848,0,1,daily_me_op,daily size characteristic,low_overlap_concentration,17,test,block,constant_a023,0.036884644591611476
-0.009552663530282082,-0.02661700535620015,0.0016514250254058935,0.008061922503725782,0.057099999999999984,2.172868343082396,2600.000000000001,0.9992370546548166,0.0006134831460674157,0.02737092696629214,2848,0,1,daily_me_op,daily size characteristic,low_overlap_concentration,17,test,block,constant_a024,0.036884644591611476
-0.0026701246177245237,-0.00975460843963844,0.0008721172932330826,0.0030080000000000007,inf,1.0,2600.000000000001,0.9996488764044944,0.0005147022471910111,0.030364893258426964,2848,72,0,daily_me_op,daily size characteristic,low_overlap_concentration,17,test,block,constant_equal_weight_public,0.036884644591611476
0.0005710665626907425,2.287316007029099e-05,0.0010970701104274924,0.03969929078014185,0.04712668082094882,2819.9999999996267,1.0097087378640779,0.009831460674288417,0.0005490519662921348,0.039553370786516856,2848,0,4,daily_me_op,daily size characteristic,low_overlap_concentration,17,test,block,momentum_12,0.036884644591611476
0.0003477221238785864,-0.000133439863265171,0.0007527671202251369,0.020062500000000007,0.02324146341463415,160.00000000000009,1.0097087378640779,0.9438202247191011,0.0004874002808988763,0.026351544943820224,2848,0,4,daily_me_op,daily size characteristic,low_overlap_concentration,17,test,block,low_vol_12,0.036884644591611476
0.0009853602066589287,0.000548008917058957,0.001437133203786233,0.039354527938342966,0.04941817065684475,1556.9999999999225,1.0097087378640779,0.45330056179778,0.0007221207865168541,0.0337123595505618,2848,0,4,daily_me_op,daily size characteristic,low_overlap_concentration,17,test,block,risk_adjusted_12,0.036884644591611476
0.0038915372875068426,-0.02155278349428369,0.021834262451174348,0.0049092738072427635,0.021949152542372882,2.0539405620210203,2600.000000000001,0.9992788130049084,0.0004872780898876406,0.03358581460674157,2848,0,1,daily_me_op,daily size characteristic,low_overlap_concentration,17,test,block,ridge_return_train_only,0.036884644591611476
0.0017880600919376213,0.0015508517558406082,0.002102576053847287,0.03650970873786408,0.043522033898305085,102.99999999999966,1.0097087378640779,0.954525386313466,0.00030348785871964673,0.0393766004415011,2265,0,4,daily_me_op,daily size characteristic,low_overlap_concentration,27,calibration,iid,constant_a000,0.036884644591611476
-0.04678341234874389,-0.144780687722827,0.002366047954407893,0.0326,0.0326,1.0368306560782976,2600.0,0.9995422381209368,0.00045673289183222954,0.03845033112582781,2265,0,0,daily_me_op,daily size characteristic,low_overlap_concentration,27,calibration,iid,constant_a001,0.036884644591611476
-0.011924294585099143,-0.03616799498286803,0.00024307121474039244,0.007787443267776104,0.0359,1.054299293558109,2600.000000000001,0.9995345256982083,0.00042763796909492266,0.03839094922737307,2265,0,0,daily_me_op,daily size characteristic,low_overlap_concentration,27,calibration,iid,constant_a002,0.036884644591611476
0.0032689308304138117,0.003100549609316374,0.0034286456454526515,0.030169230769230764,0.039316,129.9999999999995,1.0097087378640779,0.9426048565121415,0.00047395143487858726,0.03862604856512141,2265,0,4,daily_me_op,daily size characteristic,low_overlap_concentration,27,calibration,iid,constant_a003,0.036884644591611476
-0.0668051301734817,-0.16153572657088142,-0.0003510274102704388,0.023962750716332384,0.024381302291742426,4.133101984076297,2600.000000000001,0.9981752309121076,0.0004247682119205297,0.04078388520971302,2265,0,1,daily_me_op,daily size characteristic,low_overlap_concentration,27,calibration,iid,constant_a004,0.036884644591611476
0.000671223583055762,0.0004359039682481542,0.0008937349223249308,0.02495588235294118,0.027286524822695033,135.9999999999996,1.0097087378640779,0.9399558498896249,0.0004983664459161148,0.04207969094922737,2265,0,4,daily_me_op,daily size characteristic,low_overlap_concentration,27,calibration,iid,constant_a005,0.036884644591611476
-0.05198523521544664,-0.23708830995690489,0.010085450635536551,0.020356069364161865,0.0662,1.0155912433858243,2600.000000000001,0.9995516153450835,0.0004000000000000001,0.03936004415011037,2265,0,0,daily_me_op,daily size characteristic,low_overlap_concentration,27,calibration,iid,constant_a006,0.036884644591611476
-0.00860753953524926,-0.008987627842947448,-0.008264216517217395,0.04701428571428571,0.050499999999999996,27.999999999999954,1.0097087378640779,0.9876379690949227,0.0005164238410596026,0.03821633554083886,2265,0,3,daily_me_op,daily size characteristic,low_overlap_concentration,27,calibration,iid,constant_a007,0.036884644591611476
-0.002470255350556001,-0.03985063380687806,0.03556124274707159,0.012206951871657759,0.029473684210526308,2.0673404248259772,2600.000000000001,0.9990872669206067,0.000591523178807947,0.03958874172185431,2265,0,1,daily_me_op,daily size characteristic,low_overlap_concentration,27,calibration,iid,constant_a008,0.036884644591611476
-0.004124597478719368,-0.018380116702324523,0.003068999171034118,0.004612194203989462,0.03501612903225806,2.1293804717958427,2600.000000000001,0.9990598761713926,0.0006415011037527594,0.04022317880794702,2265,0,1,daily_me_op,daily size characteristic,low_overlap_concentration,27,calibration,iid,constant_a009,0.036884644591611476
-0.02868618508526524,-0.11787626717918338,0.0012989862214930685,0.01947541899441342,0.0354406779661017,1.08724372184984,2600.0,0.9995199806967551,0.0004702428256070641,0.04091456953642385,2265,0,0,daily_me_op,daily size characteristic,low_overlap_concentration,27,calibration,iid,constant_a010,0.036884644591611476
-0.009540133158909368,-0.05231131013679499,0.004971978991576864,0.007041817481709674,0.031200000000000002,1.0171569984045292,2600.000000000001,0.9995509240625146,0.0005049448123620308,0.03691633554083885,2265,0,0,daily_me_op,daily size characteristic,low_overlap_concentration,27,calibration,iid,constant_a011,0.036884644591611476
0.006154017693554114,0.005811293418914129,0.0064499315815282985,0.04711428571428571,0.056799999999999996,34.99999999999995,1.0097087378640779,0.9845474613686535,0.0005502428256070641,0.03507041942604857,2265,0,3,daily_me_op,daily size characteristic,low_overlap_concentration,27,calibration,iid,constant_a012,0.036884644591611476
-0.010165756561043753,-0.049047678957910824,0.002934230091438292,0.010161823802163822,0.0392,1.0101205947300997,2600.0,0.9995540306425033,0.0005137748344370861,0.036443487858719655,2265,0,0,daily_me_op,daily size characteristic,low_overlap_concentration,27,calibration,iid,constant_a013,0.036884644591611476
0.0026249825465029814,0.00246710014814075,0.002798109743965623,0.020131578947368424,0.02324343434343434,190.00000000000057,1.0097087378640779,0.9161147902869755,0.000672671081677704,0.03833708609271524,2265,0,4,daily_me_op,daily size characteristic,low_overlap_concentration,27,calibration,iid,constant_a014,0.036884644591611476
0.0018227867243577574,0.0015632509430764854,0.002055544528201319,0.04488787878787878,0.05336666666666665,131.99999999999952,1.0097087378640779,0.941721854304636,0.0004266225165562914,0.042104856512141284,2265,0,4,daily_me_op,daily size characteristic,low_overlap_concentration,27,calibration,iid,constant_a015,0.036884644591611476
-0.005056997731632005,-0.008728049762409207,-0.003648217760754403,-0.000161802079322295,0.0199,1.0171569984045294,2600.000000000001,0.9995509240625146,0.0004412362030905077,0.037138410596026496,2265,0,0,daily_me_op,daily size characteristic,low_overlap_concentration,27,calibration,iid,constant_a016,0.036884644591611476
0.0014209075422757875,0.001167216507616892,0.0016818455070475372,0.037264516129032255,0.0406,30.999999999999993,1.0097087378640777,0.9863134657836644,0.00043708609271523176,0.03571677704194261,2265,0,3,daily_me_op,daily size characteristic,low_overlap_concentration,27,calibration,iid,constant_a017,0.036884644591611476
0.0008314441929381795,-0.0155429005628815,0.021008553870257185,0.0037673809216470875,0.004085088393543432,3.017108373324073,2600.000000000001,0.9986679433230358,0.0004893156732891833,0.03461456953642384,2265,0,1,daily_me_op,daily size characteristic,low_overlap_concentration,27,calibration,iid,constant_a018,0.036884644591611476
0.0028662758548646094,-0.00830219443486691,0.01345020957151155,0.0002891241578440808,0.03692765957446808,2.0350972510603245,2600.000000000001,0.9991015023174127,0.0005333333333333335,0.03605783664459162,2265,0,1,daily_me_op,daily size characteristic,low_overlap_concentration,27,calibration,iid,constant_a019,0.036884644591611476
0.0018703790783623513,0.0015641230057886076,0.0021326423179708082,0.05096582914572864,0.06408037383177569,199.00000000000077,1.0097087378640777,0.9121412803532005,0.00028900662251655633,0.046241501103752754,2265,0,4,daily_me_op,daily size characteristic,low_overlap_concentration,27,calibration,iid,constant_a020,0.036884644591611476
0.0010175720532956053,0.0008350702279215197,0.0012229644507454833,0.02433783783783784,0.0327,37.000000000000014,1.0097087378640777,0.9836644591611479,0.00029668874172185427,0.03527350993377483,2265,0,3,daily_me_op,daily size characteristic,low_overlap_concentration,27,calibration,iid,constant_a021,0.036884644591611476
-0.021522555695411248,-0.0672753217550451,0.001413790430635831,0.010000995405819295,0.026112345679012335,2.057877177271289,2600.0,0.9990914449548471,0.00039487858719646797,0.03427064017660044,2265,0,1,daily_me_op,daily size characteristic,low_overlap_concentration,27,calibration,iid,constant_a022,0.036884644591611476
-0.0021951162661074312,-0.002493823633279711,-0.0018559331455240608,0.046127999999999995,0.06454931506849315,124.99999999999947,1.0097087378640777,0.9448123620309054,0.00040044150110375275,0.030308830022075055,2265,0,4,daily_me_op,daily size characteristic,low_overlap_concentration,27,calibration,iid,constant_a023,0.036884644591611476
-0.001191618029696565,-0.006455570247689401,0.0014842567733255884,0.009956964731029569,0.06204137931034479,1.1882700833391493,2600.0,0.9994753774466494,0.0004770860927152318,0.031186534216335538,2265,0,0,daily_me_op,daily size characteristic,low_overlap_concentration,27,calibration,iid,constant_a024,0.036884644591611476
0.0008716593984962711,0.0008716593984962411,0.0008716593984962415,,inf,0.0,0.0,1.0,0.00046527858719646806,0.036884644591611476,2265,200,0,daily_me_op,daily size characteristic,low_overlap_concentration,27,calibration,iid,constant_equal_weight_public,0.036884644591611476
0.0007010545378948087,7.347031975597902e-05,0.0012748573431007903,0.037747457627118675,0.040976181980374816,2241.999999999762,1.0097087378640779,0.010154525386418478,0.0006160706401766005,0.03774635761589404,2265,0,4,daily_me_op,daily size characteristic,low_overlap_concentration,27,calibration,iid,momentum_12,0.036884644591611476
-0.002601448629549897,-0.007885302358156501,9.69929555935799e-05,0.004699814471243043,0.05927619047619047,1.095355800894166,2600.0,0.9995163992049032,0.0004981015452538633,0.031074392935982336,2265,0,0,daily_me_op,daily size characteristic,low_overlap_concentration,27,calibration,iid,low_vol_12,0.036884644591611476
-0.0036043927064009903,-0.017260073735276136,0.0012445668778388547,0.024964267352185057,0.04302505729564554,2.2817003772651807,2600.000000000001,0.9989926267650043,0.0005762030905077263,0.03806313465783665,2265,0,1,daily_me_op,daily size characteristic,low_overlap_concentration,27,calibration,iid,risk_adjusted_12,0.036884644591611476
-0.06360287518837396,-0.23575001960235295,0.01134639740514417,0.02029060816012317,0.050449999999999995,2.0358806560082865,2600.000000000001,0.9991011564432635,0.00046821015452538624,0.03910684326710817,2265,0,1,daily_me_op,daily size characteristic,low_overlap_concentration,27,calibration,iid,ridge_return_train_only,0.036884644591611476
0.0017880600919376213,0.001402349309517009,0.0021415825810994172,0.03650970873786408,0.044321951219512185,102.99999999999966,1.0097087378640779,0.954525386313466,0.00030348785871964673,0.0393766004415011,2265,0,4,daily_me_op,daily size characteristic,low_overlap_concentration,27,calibration,block,constant_a000,0.036884644591611476
-0.04678341234874389,-0.1449815288262721,0.0027206590440835756,0.0326,0.0326,1.0368306560782976,2600.0,0.9995422381209368,0.00045673289183222954,0.03845033112582781,2265,0,0,daily_me_op,daily size characteristic,low_overlap_concentration,27,calibration,block,constant_a001,0.036884644591611476
-0.011924294585099143,-0.0484813617902755,0.0003710149243310781,0.007787443267776104,0.03886296296296297,1.054299293558109,2600.000000000001,0.9995345256982083,0.00042763796909492266,0.03839094922737307,2265,0,0,daily_me_op,daily size characteristic,low_overlap_concentration,27,calibration,block,constant_a002,0.036884644591611476
0.0032689308304138117,0.002839570569661183,0.003686198981820504,0.030169230769230764,0.03997692307692307,129.9999999999995,1.0097087378640779,0.9426048565121415,0.00047395143487858726,0.03862604856512141,2265,0,4,daily_me_op,daily size characteristic,low_overlap_concentration,27,calibration,block,constant_a003,0.036884644591611476
-0.0668051301734817,-0.1491928340036503,-0.0003900099104954736,0.023962750716332384,0.024225018288222395,4.133101984076297,2600.000000000001,0.9981752309121076,0.0004247682119205297,0.04078388520971302,2265,0,1,daily_me_op,daily size characteristic,low_overlap_concentration,27,calibration,block,constant_a004,0.036884644591611476
0.000671223583055762,0.0003934642254388338,0.0009085150116986194,0.02495588235294118,0.026878807947019866,135.9999999999996,1.0097087378640779,0.9399558498896249,0.0004983664459161148,0.04207969094922737,2265,0,4,daily_me_op,daily size characteristic,low_overlap_concentration,27,calibration,block,constant_a005,0.036884644591611476
-0.05198523521544664,-0.17586628380135028,0.01088599149647349,0.020356069364161865,0.0662,1.0155912433858243,2600.000000000001,0.9995516153450835,0.0004000000000000001,0.03936004415011037,2265,0,0,daily_me_op,daily size characteristic,low_overlap_concentration,27,calibration,block,constant_a006,0.036884644591611476
-0.00860753953524926,-0.009788059188187617,-0.007437754120048715,0.04701428571428571,0.050499999999999996,27.999999999999954,1.0097087378640779,0.9876379690949227,0.0005164238410596026,0.03821633554083886,2265,0,3,daily_me_op,daily size characteristic,low_overlap_concentration,27,calibration,block,constant_a007,0.036884644591611476
-0.002470255350556001,-0.03949665351063779,0.03551460917249491,0.012206951871657759,0.03063999999999999,2.0673404248259772,2600.000000000001,0.9990872669206067,0.000591523178807947,0.03958874172185431,2265,0,1,daily_me_op,daily size characteristic,low_overlap_concentration,27,calibration,block,constant_a008,0.036884644591611476
-0.004124597478719368,-0.018108000461884655,0.0034060586566334035,0.004612194203989462,0.03650319634703196,2.1293804717958427,2600.000000000001,0.9990598761713926,0.0006415011037527594,0.04022317880794702,2265,0,1,daily_me_op,daily size characteristic,low_overlap_concentration,27,calibration,block,constant_a009,0.036884644591611476
-0.02868618508526524,-0.08842845287713876,0.001331266486380283,0.01947541899441342,0.03558878504672898,1.08724372184984,2600.0,0.9995199806967551,0.0004702428256070641,0.04091456953642385,2265,0,0,daily_me_op,daily size characteristic,low_overlap_concentration,27,calibration,block,constant_a010,0.036884644591611476
-0.009540133158909368,-0.03822782215325453,0.0051535184302172726,0.007041817481709674,0.031200000000000002,1.0171569984045292,2600.000000000001,0.9995509240625146,0.0005049448123620308,0.03691633554083885,2265,0,0,daily_me_op,daily size characteristic,low_overlap_concentration,27,calibration,block,constant_a011,0.036884644591611476
0.006154017693554114,0.005244223759134649,0.007245825904651827,0.04711428571428571,0.056799999999999996,34.99999999999995,1.0097087378640779,0.9845474613686535,0.0005502428256070641,0.03507041942604857,2265,0,3,daily_me_op,daily size characteristic,low_overlap_concentration,27,calibration,block,constant_a012,0.036884644591611476
-0.010165756561043753,-0.036524247048511344,0.0033398451036171515,0.010161823802163822,0.0392,1.0101205947300997,2600.0,0.9995540306425033,0.0005137748344370861,0.036443487858719655,2265,0,0,daily_me_op,daily size characteristic,low_overlap_concentration,27,calibration,block,constant_a013,0.036884644591611476
0.0026249825465029814,0.0022314809316911145,0.0030719644973999523,0.020131578947368424,0.023409090909090897,190.00000000000057,1.0097087378640779,0.9161147902869755,0.000672671081677704,0.03833708609271524,2265,0,4,daily_me_op,daily size characteristic,low_overlap_concentration,27,calibration,block,constant_a014,0.036884644591611476
0.0018227867243577574,0.001467028456703528,0.0021881592176996043,0.04488787878787878,0.05678823529411765,131.99999999999952,1.0097087378640779,0.941721854304636,0.0004266225165562914,0.042104856512141284,2265,0,4,daily_me_op,daily size characteristic,low_overlap_concentration,27,calibration,block,constant_a015,0.036884644591611476
-0.005056997731632005,-0.00812636980246143,-0.003185793300385798,-0.000161802079322295,0.0199,1.0171569984045294,2600.000000000001,0.9995509240625146,0.0004412362030905077,0.037138410596026496,2265,0,0,daily_me_op,daily size characteristic,low_overlap_concentration,27,calibration,block,constant_a016,0.036884644591611476
0.0014209075422757875,0.0012180434557265178,0.0016881931137310222,0.037264516129032255,0.0406,30.999999999999993,1.0097087378640777,0.9863134657836644,0.00043708609271523176,0.03571677704194261,2265,0,3,daily_me_op,daily size characteristic,low_overlap_concentration,27,calibration,block,constant_a017,0.036884644591611476
0.0008314441929381795,-0.012968349776283724,0.02142683583035656,0.0037673809216470875,0.0108,3.017108373324073,2600.000000000001,0.9986679433230358,0.0004893156732891833,0.03461456953642384,2265,0,1,daily_me_op,daily size characteristic,low_overlap_concentration,27,calibration,block,constant_a018,0.036884644591611476
0.0028662758548646094,-0.008367324847533967,0.01363382511814507,0.0002891241578440808,0.037733333333333334,2.0350972510603245,2600.000000000001,0.9991015023174127,0.0005333333333333335,0.03605783664459162,2265,0,1,daily_me_op,daily size characteristic,low_overlap_concentration,27,calibration,block,constant_a019,0.036884644591611476
0.0018703790783623513,0.0014229879515192756,0.0023801639455857237,0.05096582914572864,0.06720979020979022,199.00000000000077,1.0097087378640777,0.9121412803532005,0.00028900662251655633,0.046241501103752754,2265,0,4,daily_me_op,daily size characteristic,low_overlap_concentration,27,calibration,block,constant_a020,0.036884644591611476
0.0010175720532956053,0.0005637281139941587,0.0015822247268289632,0.02433783783783784,0.0327,37.000000000000014,1.0097087378640777,0.9836644591611479,0.00029668874172185427,0.03527350993377483,2265,0,3,daily_me_op,daily size characteristic,low_overlap_concentration,27,calibration,block,constant_a021,0.036884644591611476
-0.021522555695411248,-0.06177619249589345,0.0014699113210153794,0.010000995405819295,0.02393333333333333,2.057877177271289,2600.0,0.9990914449548471,0.00039487858719646797,0.03427064017660044,2265,0,1,daily_me_op,daily size characteristic,low_overlap_concentration,27,calibration,block,constant_a022,0.036884644591611476
-0.0021951162661074312,-0.002703953896633034,-0.0018544025621670859,0.046127999999999995,0.06813283582089552,124.99999999999947,1.0097087378640777,0.9448123620309054,0.00040044150110375275,0.030308830022075055,2265,0,4,daily_me_op,daily size characteristic,low_overlap_concentration,27,calibration,block,constant_a023,0.036884644591611476
-0.001191618029696565,-0.006422941660796508,0.0016056399242868663,0.009956964731029569,0.058447999999999986,1.1882700833391493,2600.0,0.9994753774466494,0.0004770860927152318,0.031186534216335538,2265,0,0,daily_me_op,daily size characteristic,low_overlap_concentration,27,calibration,block,constant_a024,0.036884644591611476
0.0008716593984962711,0.0008716593984962407,0.0008716593984962414,,inf,0.0,0.0,1.0,0.00046527858719646806,0.036884644591611476,2265,200,0,daily_me_op,daily size characteristic,low_overlap_concentration,27,calibration,block,constant_equal_weight_public,0.036884644591611476
0.0007010545378948087,0.000223021540597142,0.0013105242394375854,0.037747457627118675,0.04264017857142878,2241.999999999762,1.0097087378640779,0.010154525386418478,0.0006160706401766005,0.03774635761589404,2265,0,4,daily_me_op,daily size characteristic,low_overlap_concentration,27,calibration,block,momentum_12,0.036884644591611476
-0.002601448629549897,-0.007896215859316822,0.00024497006837944166,0.004699814471243043,0.05404647887323943,1.095355800894166,2600.0,0.9995163992049032,0.0004981015452538633,0.031074392935982336,2265,0,0,daily_me_op,daily size characteristic,low_overlap_concentration,27,calibration,block,low_vol_12,0.036884644591611476
-0.0036043927064009903,-0.013126045391367467,0.0014028098061111237,0.024964267352185057,0.04498191072826936,2.2817003772651807,2600.000000000001,0.9989926267650043,0.0005762030905077263,0.03806313465783665,2265,0,1,daily_me_op,daily size characteristic,low_overlap_concentration,27,calibration,block,risk_adjusted_12,0.036884644591611476
-0.06360287518837396,-0.19932375822408965,0.011616426103810851,0.02029060816012317,0.050449999999999995,2.0358806560082865,2600.000000000001,0.9991011564432635,0.00046821015452538624,0.03910684326710817,2265,0,1,daily_me_op,daily size characteristic,low_overlap_concentration,27,calibration,block,ridge_return_train_only,0.036884644591611476
-0.009158588145648695,-0.03198466536650788,0.002384316590158281,0.018614122533748695,0.03638528428093646,1.2586936782256624,2600.0,0.9995580429500612,0.0003962780898876405,0.03857907303370787,2848,0,0,daily_me_op,daily size characteristic,low_overlap_concentration,27,test,iid,constant_a000,0.036884644591611476
0.0014825335967641837,0.0012581436538180203,0.0016886143948190082,0.03144915254237289,0.03514375,59.00000000000005,1.0097087378640779,0.9792837078651685,0.0005180828651685394,0.030657022471910114,2848,0,4,daily_me_op,daily size characteristic,low_overlap_concentration,27,test,iid,constant_a001,0.036884644591611476
-0.0036245739271857317,-0.012162245687311496,0.0007758893770234932,0.00873327185540392,0.029695890410958894,1.108397814368516,2600.0,0.9996108153741684,0.0005845505617977528,0.030667977528089887,2848,0,0,daily_me_op,daily size characteristic,low_overlap_concentration,27,test,iid,constant_a002,0.036884644591611476
0.0023748431743738814,0.0019520214402742714,0.002880466507961493,0.12088654970760235,0.16743953488372076,171.00000000000023,1.0097087378640779,0.9399578651685393,0.000689817415730337,0.039128651685393256,2848,0,4,daily_me_op,daily size characteristic,low_overlap_concentration,27,test,iid,constant_a003,0.036884644591611476
-0.0009819178376001228,-0.006167239407465073,0.0017431377025861907,0.007207331166486094,0.039499999999999987,1.1563218661224202,2600.000000000001,0.9995939881088053,0.0003732443820224719,0.03620463483146068,2848,0,0,daily_me_op,daily size characteristic,low_overlap_concentration,27,test,iid,constant_a004,0.036884644591611476
-0.014386789805218807,-0.04515267652387217,0.0011278165975316418,0.015254014598540162,0.038779432624113465,1.1322331124948897,2600.0,0.9996024462385903,0.0004969803370786517,0.04001446629213483,2848,0,0,daily_me_op,daily size characteristic,low_overlap_concentration,27,test,iid,constant_a005,0.036884644591611476
-0.019133825343376886,-0.04445306115041223,0.006023013495725865,0.009300386100386103,0.0274,2.0233642604635453,2600.000000000001,0.9992895490658484,0.000506179775280899,0.03197050561797753,2848,0,1,daily_me_op,daily size characteristic,low_overlap_concentration,27,test,iid,constant_a006,0.036884644591611476
-0.004277822529120618,-0.004602815394704783,-0.0039042332445079807,0.017435616438356165,0.01898181818181818,72.99999999999996,1.0097087378640779,0.9743679775280899,0.0005496839887640451,0.03202626404494382,2848,0,4,daily_me_op,daily size characteristic,low_overlap_concentration,27,test,iid,constant_a007,0.036884644591611476
-0.021835823927335192,-0.11373948110698728,0.0181568454465447,0.0355,0.0355,2.0429380818856084,2600.0,0.999282676235293,0.0004826896067415731,0.03332331460674158,2848,0,1,daily_me_op,daily size characteristic,low_overlap_concentration,27,test,iid,constant_a008,0.036884644591611476
-0.008884344057912268,-0.03288950344146649,0.00304325825977764,0.00887169811320755,0.03634117647058823,1.0590887839896235,2600.000000000001,0.9996281289382059,0.0004806179775280899,0.0354438202247191,2848,0,0,daily_me_op,daily size characteristic,low_overlap_concentration,27,test,iid,constant_a009,0.036884644591611476
-0.006839954997743581,-0.030511564381996634,0.007312528219520015,0.010327646838757951,0.034120512820512816,2.1550980187228452,2600.000000000001,0.999243294234999,0.0005072331460674157,0.03976390449438202,2848,0,1,daily_me_op,daily size characteristic,low_overlap_concentration,27,test,iid,constant_a010,0.036884644591611476
0.009538143243910654,0.0017946057811028002,0.020223845107874023,-0.004259783239790978,0.03,2.013223095500606,2600.000000000001,0.9992931098681529,0.0004511235955056179,0.03151390449438202,2848,0,1,daily_me_op,daily size characteristic,low_overlap_concentration,27,test,iid,constant_a011,0.036884644591611476
-0.0033288399404697118,-0.027534363875615274,0.00494528352937518,-0.004308333333333334,0.0317,1.0132448713111037,2600.0,0.9996442258176577,0.0005087078651685394,0.032783988764044945,2848,0,0,daily_me_op,daily size characteristic,low_overlap_concentration,27,test,iid,constant_a012,0.036884644591611476
-0.019441154022404688,-0.05949366485741093,0.000694525948238988,0.013847167987628072,0.026,2.0179004685296813,2600.000000000001,0.9992914675321174,0.0005538623595505618,0.03227443820224719,2848,0,1,daily_me_op,daily size characteristic,low_overlap_concentration,27,test,iid,constant_a013,0.036884644591611476
-0.008259746245788412,-0.030575290128747854,0.0027981792072477823,0.007790853658536585,0.04181509433962263,1.038412686251805,2600.000000000001,0.9996353888039846,0.000419066011235955,0.03335842696629214,2848,0,0,daily_me_op,daily size characteristic,low_overlap_concentration,27,test,iid,constant_a014,0.036884644591611476
-0.010703949787171303,-0.034431655076404145,0.0012967798548855476,0.009816797712651884,0.03242745098039215,1.1806640719256405,2600.000000000001,0.9995854409859811,0.0005329705056179775,0.03754929775280899,2848,0,0,daily_me_op,daily size characteristic,low_overlap_concentration,27,test,iid,constant_a015,0.036884644591611476
-0.0227850756290903,-0.07350423588861324,-0.004928845295618467,0.02221158972377826,0.024083333333333335,2.021021731165107,2600.000000000001,0.9992903715831584,0.0004458216292134831,0.029966853932584265,2848,0,1,daily_me_op,daily size characteristic,low_overlap_concentration,27,test,iid,constant_a016,0.036884644591611476
0.0031026132434903452,0.0028621492069730568,0.003327167879993301,0.020661702127659578,0.023,47.00000000000006,1.0097087378640777,0.9834971910112359,0.0005253511235955056,0.02912837078651686,2848,0,3,daily_me_op,daily size characteristic,low_overlap_concentration,27,test,iid,constant_a017,0.036884644591611476
0.002408415824540017,-0.0010726167256723796,0.009173359978571277,-0.0008820099731492157,0.0274,1.0250038570838451,2600.0,0.9996400969602935,0.0005296348314606743,0.0289566011235955,2848,0,0,daily_me_op,daily size characteristic,low_overlap_concentration,27,test,iid,constant_a018,0.036884644591611476
0.0030449466849344236,0.0028679796500530293,0.003224801667964098,0.02119032258064516,0.023,30.999999999999993,1.0097087378640777,0.9891151685393258,0.00048683286516853927,0.02873441011235955,2848,0,3,daily_me_op,daily size characteristic,low_overlap_concentration,27,test,iid,constant_a019,0.036884644591611476
0.01572536594409535,-0.002534188453908229,0.05154653748699141,0.004509792284866468,0.03947131782945735,2.1923373327828477,2600.000000000001,0.9992302186331521,0.0004640800561797754,0.037429634831460674,2848,0,1,daily_me_op,daily size characteristic,low_overlap_concentration,27,test,iid,constant_a020,0.036884644591611476
-0.004311512623789105,-0.04595352154698533,0.022008447869494047,0.009345143508838626,0.02530322580645161,2.0871252204053685,2600.000000000001,0.9992671610883408,0.0005357092696629213,0.029238483146067418,2848,0,1,daily_me_op,daily size characteristic,low_overlap_concentration,27,test,iid,constant_a021,0.036884644591611476
0.004864731273137191,0.0015006778190064303,0.011199907152887288,0.0030535479151426437,0.039733333333333315,1.1272808765901576,2600.000000000001,0.9996041850854669,0.000558251404494382,0.02764115168539326,2848,0,0,daily_me_op,daily size characteristic,low_overlap_concentration,27,test,iid,constant_a022,0.036884644591611476
-0.004656599458331619,-0.03368693365232113,0.019395784255343693,0.012301846965699205,0.032311764705882345,2.1229751958427565,2600.000000000001,0.9992545733160665,0.0006573033707865169,0.028800421348314606,2848,0,1,daily_me_op,daily size characteristic,low_overlap_concentration,27,test,iid,constant_a023,0.036884644591611476
0.003780557248758965,0.0012622588367109321,0.010450608984935147,0.004606187103988072,0.05446999999999996,2.1712498452282754,2600.000000000001,0.9992376229476024,0.0006134831460674157,0.02737092696629214,2848,0,1,daily_me_op,daily size characteristic,low_overlap_concentration,27,test,iid,constant_a024,0.036884644591611476
0.0008716593984962802,0.000871659398496241,0.0008716593984962416,,inf,0.0,0.0,1.0,0.0005147022471910111,0.030364893258426964,2848,200,0,daily_me_op,daily size characteristic,low_overlap_concentration,27,test,iid,constant_equal_weight_public,0.036884644591611476
0.0005603393959320002,-7.654281933969182e-05,0.0012872081073267553,0.03960468417317247,0.04477506199079038,2817.999999999627,1.0097087378640779,0.010533707865299502,0.0005490519662921348,0.039553370786516856,2848,0,4,daily_me_op,daily size characteristic,low_overlap_concentration,27,test,iid,momentum_12,0.036884644591611476
0.003340273002121725,-3.9043328526266784e-05,0.009825383153680608,0.003832456140350879,0.021946625766871158,1.1289304163940728,2600.000000000001,0.99960360589312,0.0004874002808988763,0.026351544943820224,2848,0,0,daily_me_op,daily size characteristic,low_overlap_concentration,27,test,iid,low_vol_12,0.036884644591611476
0.0009668388548539837,0.00043089796429794143,0.001507815589711847,0.039412097812097806,0.04559829619921364,1553.9999999999236,1.0097087378640779,0.45435393258429646,0.0007221207865168541,0.0337123595505618,2848,0,4,daily_me_op,daily size characteristic,low_overlap_concentration,27,test,iid,risk_adjusted_12,0.036884644591611476
-0.02127865877055314,-0.07198082796803223,0.01041399577605082,0.013894799462675122,0.021227272727272727,2.047649813808002,2600.000000000001,0.9992810218350393,0.0005150140449438202,0.032959691011235956,2848,0,1,daily_me_op,daily size characteristic,low_overlap_concentration,27,test,iid,ridge_return_train_only,0.036884644591611476
-0.009158588145648695,-0.042767690941656236,0.0025348606401068667,0.018614122533748695,0.03647520891364902,1.2586936782256624,2600.0,0.9995580429500612,0.0003962780898876405,0.03857907303370787,2848,0,0,daily_me_op,daily size characteristic,low_overlap_concentration,27,test,block,constant_a000,0.036884644591611476
0.0014825335967641837,0.0009267290457399411,0.0020307693138435405,0.03144915254237289,0.0352,59.00000000000005,1.0097087378640779,0.9792837078651685,0.0005180828651685394,0.030657022471910114,2848,0,4,daily_me_op,daily size characteristic,low_overlap_concentration,27,test,block,constant_a001,0.036884644591611476
-0.0036245739271857317,-0.012117811787555288,0.0008780207124918627,0.00873327185540392,0.029732142857142856,1.108397814368516,2600.0,0.9996108153741684,0.0005845505617977528,0.030667977528089887,2848,0,0,daily_me_op,daily size characteristic,low_overlap_concentration,27,test,block,constant_a002,0.036884644591611476
0.0023748431743738814,0.0018783615602163811,0.002917589638627289,0.12088654970760235,0.18667142857142854,171.00000000000023,1.0097087378640779,0.9399578651685393,0.000689817415730337,0.039128651685393256,2848,0,4,daily_me_op,daily size characteristic,low_overlap_concentration,27,test,block,constant_a003,0.036884644591611476
-0.0009819178376001228,-0.00828639405921102,0.0018819144423920945,0.007207331166486094,0.03933623188405797,1.1563218661224202,2600.000000000001,0.9995939881088053,0.0003732443820224719,0.03620463483146068,2848,0,0,daily_me_op,daily size characteristic,low_overlap_concentration,27,test,block,constant_a004,0.036884644591611476
-0.014386789805218807,-0.04513427346378514,0.0012564647630669288,0.015254014598540162,0.04049230769230768,1.1322331124948897,2600.0,0.9996024462385903,0.0004969803370786517,0.04001446629213483,2848,0,0,daily_me_op,daily size characteristic,low_overlap_concentration,27,test,block,constant_a005,0.036884644591611476
-0.019133825343376886,-0.05694628476383512,0.0063837500972545565,0.009300386100386103,0.027399999999999997,2.0233642604635453,2600.000000000001,0.9992895490658484,0.000506179775280899,0.03197050561797753,2848,0,1,daily_me_op,daily size characteristic,low_overlap_concentration,27,test,block,constant_a006,0.036884644591611476
-0.004277822529120618,-0.00551846002298309,-0.003002641841365749,0.017435616438356165,0.019073684210526316,72.99999999999996,1.0097087378640779,0.9743679775280899,0.0005496839887640451,0.03202626404494382,2848,0,4,daily_me_op,daily size characteristic,low_overlap_concentration,27,test,block,constant_a007,0.036884644591611476
-0.021835823927335192,-0.09348613662931822,0.027296676698126434,0.0355,0.0355,2.0429380818856084,2600.0,0.999282676235293,0.0004826896067415731,0.03332331460674158,2848,0,1,daily_me_op,daily size characteristic,low_overlap_concentration,27,test,block,constant_a008,0.036884644591611476
-0.008884344057912268,-0.03267294683936489,0.0035345839152300823,0.00887169811320755,0.037161290322580635,1.0590887839896235,2600.000000000001,0.9996281289382059,0.0004806179775280899,0.0354438202247191,2848,0,0,daily_me_op,daily size characteristic,low_overlap_concentration,27,test,block,constant_a009,0.036884644591611476
-0.006839954997743581,-0.03125479993556601,0.010284607891733417,0.010327646838757951,0.034177049180327865,2.1550980187228452,2600.000000000001,0.999243294234999,0.0005072331460674157,0.03976390449438202,2848,0,1,daily_me_op,daily size characteristic,low_overlap_concentration,27,test,block,constant_a010,0.036884644591611476
0.009538143243910654,0.0010948888631425442,0.027582747243691894,-0.004259783239790978,0.03,2.013223095500606,2600.000000000001,0.9992931098681529,0.0004511235955056179,0.03151390449438202,2848,0,1,daily_me_op,daily size characteristic,low_overlap_concentration,27,test,block,constant_a011,0.036884644591611476
-0.0033288399404697118,-0.019968562653479405,0.005345524359566868,-0.004308333333333334,0.0317,1.0132448713111037,2600.0,0.9996442258176577,0.0005087078651685394,0.032783988764044945,2848,0,0,daily_me_op,daily size characteristic,low_overlap_concentration,27,test,block,constant_a012,0.036884644591611476
-0.019441154022404688,-0.05913944739836892,0.000894306897606674,0.013847167987628072,0.026000000000000002,2.0179004685296813,2600.000000000001,0.9992914675321174,0.0005538623595505618,0.03227443820224719,2848,0,1,daily_me_op,daily size characteristic,low_overlap_concentration,27,test,block,constant_a013,0.036884644591611476
-0.008259746245788412,-0.030411500981934857,0.0030029910787991105,0.007790853658536585,0.04129032258064517,1.038412686251805,2600.000000000001,0.9996353888039846,0.000419066011235955,0.03335842696629214,2848,0,0,daily_me_op,daily size characteristic,low_overlap_concentration,27,test,block,constant_a014,0.036884644591611476
-0.010703949787171303,-0.03466104637473349,0.0013662368421612277,0.009816797712651884,0.03210289855072464,1.1806640719256405,2600.000000000001,0.9995854409859811,0.0005329705056179775,0.03754929775280899,2848,0,0,daily_me_op,daily size characteristic,low_overlap_concentration,27,test,block,constant_a015,0.036884644591611476
-0.0227850756290903,-0.07355826717627204,-0.004804447431657248,0.02221158972377826,0.023120689655172423,2.021021731165107,2600.000000000001,0.9992903715831584,0.0004458216292134831,0.029966853932584265,2848,0,1,daily_me_op,daily size characteristic,low_overlap_concentration,27,test,block,constant_a016,0.036884644591611476
0.0031026132434903452,0.00276001461231291,0.0035978895254519215,0.020661702127659578,0.023,47.00000000000006,1.0097087378640777,0.9834971910112359,0.0005253511235955056,0.02912837078651686,2848,0,3,daily_me_op,daily size characteristic,low_overlap_concentration,27,test,block,constant_a017,0.036884644591611476
0.002408415824540017,-0.001566074714934293,0.00996310005243379,-0.0008820099731492157,0.0274,1.0250038570838451,2600.0,0.9996400969602935,0.0005296348314606743,0.0289566011235955,2848,0,0,daily_me_op,daily size characteristic,low_overlap_concentration,27,test,block,constant_a018,0.036884644591611476
0.0030449466849344236,0.002663892891759226,0.0035303602519332284,0.02119032258064516,0.023,30.999999999999993,1.0097087378640777,0.9891151685393258,0.00048683286516853927,0.02873441011235955,2848,0,3,daily_me_op,daily size characteristic,low_overlap_concentration,27,test,block,constant_a019,0.036884644591611476
0.01572536594409535,-0.003097878630527048,0.05161191054198395,0.004509792284866468,0.04041724137931033,2.1923373327828477,2600.000000000001,0.9992302186331521,0.0004640800561797754,0.037429634831460674,2848,0,1,daily_me_op,daily size characteristic,low_overlap_concentration,27,test,block,constant_a020,0.036884644591611476
-0.004311512623789105,-0.04251359089172672,0.02809982367209211,0.009345143508838626,0.024279411764705883,2.0871252204053685,2600.000000000001,0.9992671610883408,0.0005357092696629213,0.029238483146067418,2848,0,1,daily_me_op,daily size characteristic,low_overlap_concentration,27,test,block,constant_a021,0.036884644591611476
0.004864731273137191,0.0014006159147655992,0.014381461850059521,0.0030535479151426437,0.037755865921787694,1.1272808765901576,2600.000000000001,0.9996041850854669,0.000558251404494382,0.02764115168539326,2848,0,0,daily_me_op,daily size characteristic,low_overlap_concentration,27,test,block,constant_a022,0.036884644591611476
-0.004656599458331619,-0.03359615129476512,0.014677545574524147,0.012301846965699205,0.030251063829787223,2.1229751958427565,2600.000000000001,0.9992545733160665,0.0006573033707865169,0.028800421348314606,2848,0,1,daily_me_op,daily size characteristic,low_overlap_concentration,27,test,block,constant_a023,0.036884644591611476
0.003780557248758965,0.0012336558731633896,0.010198071741442234,0.004606187103988072,0.0565350785340314,2.1712498452282754,2600.000000000001,0.9992376229476024,0.0006134831460674157,0.02737092696629214,2848,0,1,daily_me_op,daily size characteristic,low_overlap_concentration,27,test,block,constant_a024,0.036884644591611476
0.0008716593984962802,0.0008716593984962407,0.0008716593984962414,,inf,0.0,0.0,1.0,0.0005147022471910111,0.030364893258426964,2848,200,0,daily_me_op,daily size characteristic,low_overlap_concentration,27,test,block,constant_equal_weight_public,0.036884644591611476
0.0005603393959320002,7.391337977344809e-05,0.0011989502602592248,0.03960468417317247,0.04775058531394165,2817.999999999627,1.0097087378640779,0.010533707865299502,0.0005490519662921348,0.039553370786516856,2848,0,4,daily_me_op,daily size characteristic,low_overlap_concentration,27,test,block,momentum_12,0.036884644591611476
0.003340273002121725,-0.0002868858847156032,0.012953327887102524,0.003832456140350879,0.022036842105263153,1.1289304163940728,2600.000000000001,0.99960360589312,0.0004874002808988763,0.026351544943820224,2848,0,0,daily_me_op,daily size characteristic,low_overlap_concentration,27,test,block,low_vol_12,0.036884644591611476
0.0009668388548539837,0.0005513976611350167,0.0014681831846246596,0.039412097812097806,0.04874351978171906,1553.9999999999236,1.0097087378640779,0.45435393258429646,0.0007221207865168541,0.0337123595505618,2848,0,4,daily_me_op,daily size characteristic,low_overlap_concentration,27,test,block,risk_adjusted_12,0.036884644591611476
-0.02127865877055314,-0.07138255239721755,0.010952321838515248,0.013894799462675122,0.023967123287671234,2.047649813808002,2600.000000000001,0.9992810218350393,0.0005150140449438202,0.032959691011235956,2848,0,1,daily_me_op,daily size characteristic,low_overlap_concentration,27,test,block,ridge_return_train_only,0.036884644591611476
-0.00044530011582492467,-0.0007144734521885928,-0.00012380214321412253,0.04738620689655172,0.07010526315789475,145.00000000000023,1.0048309178743962,0.9359823399558498,0.00030348785871964673,0.0393766004415011,2265,0,4,daily_me_op,daily size characteristic,adversarial_support_mismatch,7,calibration,iid,constant_a000,0.036884644591611476
0.0008543540779612306,0.000663205103288324,0.0010332674455763257,0.06157619047619048,0.0725,41.999999999999964,1.0048309178743962,0.9814569536423842,0.00045673289183222954,0.03845033112582781,2265,0,3,daily_me_op,daily size characteristic,adversarial_support_mismatch,7,calibration,iid,constant_a001,0.036884644591611476
-0.000425825054124358,-0.0005999791131257382,-0.00023325945733400943,0.04197435897435897,0.04787654320987655,77.99999999999994,1.0048309178743962,0.9655629139072848,0.00042763796909492266,0.03839094922737307,2265,0,4,daily_me_op,daily size characteristic,adversarial_support_mismatch,7,calibration,iid,constant_a002,0.036884644591611476
0.0017448199052726204,0.0015244581470850408,0.0019821427257878613,0.03767464788732394,0.0454798561151079,142.00000000000026,1.0048309178743962,0.9373068432671081,0.00047395143487858726,0.03862604856512141,2265,0,4,daily_me_op,daily size characteristic,adversarial_support_mismatch,7,calibration,iid,constant_a003,0.036884644591611476
-0.0011203961277367492,-0.001429033500385287,-0.0008266386553474521,0.052575862068965515,0.07118041958041957,145.00000000000023,1.0048309178743962,0.9359823399558498,0.0004247682119205297,0.04078388520971302,2265,0,4,daily_me_op,daily size characteristic,adversarial_support_mismatch,7,calibration,iid,constant_a004,0.036884644591611476
0.0005755886207040823,0.0003151306662127577,0.0008199958761099447,0.0535909090909091,0.07490684931506848,132.0000000000003,1.0048309178743962,0.9417218543046356,0.0004983664459161148,0.04207969094922737,2265,0,4,daily_me_op,daily size characteristic,adversarial_support_mismatch,7,calibration,iid,constant_a005,0.036884644591611476
0.004540980855789334,0.0042625317262075125,0.004801067272557715,0.03193962264150943,0.037200000000000004,52.99999999999989,1.0048309178743962,0.9766004415011038,0.0004000000000000001,0.03936004415011037,2265,0,4,daily_me_op,daily size characteristic,adversarial_support_mismatch,7,calibration,iid,constant_a006,0.036884644591611476
-0.0007754872103649735,-0.0009573661182503267,-0.0005989739839834011,0.027200000000000002,0.027200000000000002,20.000000000000018,1.0048309178743962,0.9911699779249448,0.0005164238410596026,0.03821633554083886,2265,0,3,daily_me_op,daily size characteristic,adversarial_support_mismatch,7,calibration,iid,constant_a007,0.036884644591611476
0.0030914856665594202,0.0027861363436360452,0.0034165772740582826,0.030074999999999998,0.04029999999999998,79.99999999999994,1.0048309178743962,0.9646799116997793,0.000591523178807947,0.03958874172185431,2265,0,4,daily_me_op,daily size characteristic,adversarial_support_mismatch,7,calibration,iid,constant_a008,0.036884644591611476
0.0002128086430968398,-0.00010543713094636584,0.0005497990438872676,0.035069696969696966,0.04417391304347826,65.99999999999984,1.0048309178743962,0.970860927152318,0.0006415011037527594,0.04022317880794702,2265,0,4,daily_me_op,daily size characteristic,adversarial_support_mismatch,7,calibration,iid,constant_a009,0.036884644591611476
-0.002855100991032422,-0.0031531475303280703,-0.0025986189113390416,0.042954545454545454,0.048666666666666664,110.00000000000017,1.0048309178743962,0.9514348785871964,0.0004702428256070641,0.04091456953642385,2265,0,4,daily_me_op,daily size characteristic,adversarial_support_mismatch,7,calibration,iid,constant_a010,0.036884644591611476
0.00028017805801852446,7.517755397006799e-06,0.0005449601487340355,0.01445,0.0165,24.00000000000002,1.0048309178743962,0.9894039735099338,0.0005049448123620308,0.03691633554083885,2265,0,3,daily_me_op,daily size characteristic,adversarial_support_mismatch,7,calibration,iid,constant_a011,0.036884644591611476
0.000847394731250027,0.0007247542330262883,0.0009706524511512321,0.009899999999999997,0.009899999999999999,16.000000000000018,1.0048309178743962,0.9929359823399558,0.0005502428256070641,0.03507041942604857,2265,0,3,daily_me_op,daily size characteristic,adversarial_support_mismatch,7,calibration,iid,constant_a012,0.036884644591611476
0.0016675521578753535,0.00141998352093644,0.0019145519081626885,0.0222,0.0245,30.00000000000002,1.0048309178743962,0.9867549668874173,0.0005137748344370861,0.036443487858719655,2265,0,3,daily_me_op,daily size characteristic,adversarial_support_mismatch,7,calibration,iid,constant_a013,0.036884644591611476
-0.0006315319765512914,-0.0008137145591031778,-0.00038177504499451,0.03211851851851852,0.0359,53.99999999999988,1.0048309178743962,0.9761589403973511,0.000672671081677704,0.03833708609271524,2265,0,4,daily_me_op,daily size characteristic,adversarial_support_mismatch,7,calibration,iid,constant_a014,0.036884644591611476
-0.0014144012410545626,-0.0016317356392018757,-0.0011932067607721489,0.028435042735042736,0.034236363636363634,117.00000000000023,1.0048309178743962,0.948344370860927,0.0004266225165562914,0.042104856512141284,2265,0,4,daily_me_op,daily size characteristic,adversarial_support_mismatch,7,calibration,iid,constant_a015,0.036884644591611476
-0.032557947051629024,-0.09792927489451884,0.0012377767317043257,0.009880015424660169,0.0252,2.0088979027813627,5200.0,0.9991130693585955,0.0004412362030905077,0.037138410596026496,2265,0,1,daily_me_op,daily size characteristic,adversarial_support_mismatch,7,calibration,iid,constant_a016,0.036884644591611476
-0.001974895399499806,-0.0021724786704803893,-0.0017708543206352235,0.01963939393939394,0.0209,33.00000000000002,1.0048309178743962,0.9854304635761589,0.00043708609271523176,0.03571677704194261,2265,0,3,daily_me_op,daily size characteristic,adversarial_support_mismatch,7,calibration,iid,constant_a017,0.036884644591611476
0.0032281646633341484,0.003064008023471437,0.003414049757140031,0.016741025641025642,0.0183,38.999999999999986,1.0048309178743962,0.9827814569536424,0.0004893156732891833,0.03461456953642384,2265,0,3,daily_me_op,daily size characteristic,adversarial_support_mismatch,7,calibration,iid,constant_a018,0.036884644591611476
-0.019380623550248045,-0.054986251926970355,-0.0013800037236167424,0.008380965147453097,0.057219512195121947,1.018244949193209,5200.0,0.9995504437310405,0.0005333333333333335,0.03605783664459162,2265,0,0,daily_me_op,daily size characteristic,adversarial_support_mismatch,7,calibration,iid,constant_a019,0.036884644591611476
0.004088388350615617,0.003661928451618325,0.004484748633644781,0.06812398523985239,0.09024117647058827,271.00000000000034,1.0048309178743962,0.8803532008830021,0.00028900662251655633,0.046241501103752754,2265,0,4,daily_me_op,daily size characteristic,adversarial_support_mismatch,7,calibration,iid,constant_a020,0.036884644591611476
0.0022977017324177697,0.002146830267558962,0.0024221648496320874,0.018822330097087378,0.01922897196261682,103.00000000000013,1.0048309178743962,0.9545253863134657,0.00029668874172185427,0.03527350993377483,2265,0,4,daily_me_op,daily size characteristic,adversarial_support_mismatch,7,calibration,iid,constant_a021,0.036884644591611476
0.0018088985497717153,0.0016944764227513438,0.001926018624763509,0.019285714285714285,0.026573076923076925,105.00000000000014,1.0048309178743962,0.9536423841059603,0.00039487858719646797,0.03427064017660044,2265,0,4,daily_me_op,daily size characteristic,adversarial_support_mismatch,7,calibration,iid,constant_a022,0.036884644591611476
0.0017648319044491346,0.0016260750507548687,0.0019033253354490058,0.01604444444444444,0.020188435374149657,162.0000000000001,1.0048309178743962,0.9284768211920529,0.00040044150110375275,0.030308830022075055,2265,0,4,daily_me_op,daily size characteristic,adversarial_support_mismatch,7,calibration,iid,constant_a023,0.036884644591611476
-0.0006722829565495417,-0.0008110540270040531,-0.0005347271232556789,0.026571111111111104,0.029608163265306128,224.99999999999966,1.0048309178743962,0.9006622516556293,0.0004770860927152318,0.031186534216335538,2265,0,4,daily_me_op,daily size characteristic,adversarial_support_mismatch,7,calibration,iid,constant_a024,0.036884644591611476
0.00017323120300751242,0.00017323120300751876,0.00017323120300751882,,inf,0.0,0.0,1.0,0.00046527858719646806,0.036884644591611476,2265,200,0,daily_me_op,daily size characteristic,adversarial_support_mismatch,7,calibration,iid,constant_equal_weight_public,0.036884644591611476
0.0007316574488230747,0.0005291724486844593,0.0009432404391112415,,inf,0.0,0.0,1.0,0.0006160706401766005,0.03774635761589404,2265,200,0,daily_me_op,daily size characteristic,adversarial_support_mismatch,7,calibration,iid,momentum_12,0.036884644591611476
0.0007218511055931917,0.000564353257766868,0.0009022821125330971,0.02786144578313253,0.03139756097560976,166.00000000000009,1.0048309178743962,0.9267108167770419,0.0004981015452538633,0.031074392935982336,2265,0,4,daily_me_op,daily size characteristic,adversarial_support_mismatch,7,calibration,iid,low_vol_12,0.036884644591611476
0.0007248220926633199,0.0005157142638192039,0.0009586024219129797,-0.15410000000000001,inf,1.0,1.0048309178743962,0.9995584988962473,0.0005762030905077263,0.03806313465783665,2265,86,0,daily_me_op,daily size characteristic,adversarial_support_mismatch,7,calibration,iid,risk_adjusted_12,0.036884644591611476
0.008463612469187934,0.008053940098122308,0.008871266390701174,0.07554210526315788,0.10300645161290323,114.0000000000002,1.0048309178743962,0.9496688741721854,0.0003906843267108168,0.040270419426048566,2265,0,4,daily_me_op,daily size characteristic,adversarial_support_mismatch,7,calibration,iid,ridge_return_train_only,0.036884644591611476
-0.00044530011582492467,-0.0008393953951884886,-8.03803184826703e-05,0.04738620689655172,0.06840746268656717,145.00000000000023,1.0048309178743962,0.9359823399558498,0.00030348785871964673,0.0393766004415011,2265,0,4,daily_me_op,daily size characteristic,adversarial_support_mismatch,7,calibration,block,constant_a000,0.036884644591611476
0.0008543540779612306,0.0006374808109853709,0.0010879737974138588,0.06157619047619048,0.0725,41.999999999999964,1.0048309178743962,0.9814569536423842,0.00045673289183222954,0.03845033112582781,2265,0,3,daily_me_op,daily size characteristic,adversarial_support_mismatch,7,calibration,block,constant_a001,0.036884644591611476
-0.000425825054124358,-0.000901158949297208,-2.4552479314621313e-05,0.04197435897435897,0.046669230769230775,77.99999999999994,1.0048309178743962,0.9655629139072848,0.00042763796909492266,0.03839094922737307,2265,0,4,daily_me_op,daily size characteristic,adversarial_support_mismatch,7,calibration,block,constant_a002,0.036884644591611476
0.0017448199052726204,0.0014471167844750704,0.0020292556677171565,0.03767464788732394,0.04707894736842105,142.00000000000026,1.0048309178743962,0.9373068432671081,0.00047395143487858726,0.03862604856512141,2265,0,4,daily_me_op,daily size characteristic,adversarial_support_mismatch,7,calibration,block,constant_a003,0.036884644591611476
-0.0011203961277367492,-0.0014415728356734357,-0.0008250759744838133,0.052575862068965515,0.07966562499999998,145.00000000000023,1.0048309178743962,0.9359823399558498,0.0004247682119205297,0.04078388520971302,2265,0,4,daily_me_op,daily size characteristic,adversarial_support_mismatch,7,calibration,block,constant_a004,0.036884644591611476
0.0005755886207040823,0.0001935807123906522,0.0009443285959318142,0.0535909090909091,0.07583258426966293,132.0000000000003,1.0048309178743962,0.9417218543046356,0.0004983664459161148,0.04207969094922737,2265,0,4,daily_me_op,daily size characteristic,adversarial_support_mismatch,7,calibration,block,constant_a005,0.036884644591611476
0.004540980855789334,0.003747415858175354,0.0053391554837607545,0.03193962264150943,0.035539215686274515,52.99999999999989,1.0048309178743962,0.9766004415011038,0.0004000000000000001,0.03936004415011037,2265,0,4,daily_me_op,daily size characteristic,adversarial_support_mismatch,7,calibration,block,constant_a006,0.036884644591611476
-0.0007754872103649735,-0.0011481656036877513,-0.00036948612249912817,0.027200000000000002,0.027200000000000002,20.000000000000018,1.0048309178743962,0.9911699779249448,0.0005164238410596026,0.03821633554083886,2265,0,3,daily_me_op,daily size characteristic,adversarial_support_mismatch,7,calibration,block,constant_a007,0.036884644591611476
0.0030914856665594202,0.0023568862658258213,0.003988755044698722,0.030074999999999998,0.03993333333333333,79.99999999999994,1.0048309178743962,0.9646799116997793,0.000591523178807947,0.03958874172185431,2265,0,4,daily_me_op,daily size characteristic,adversarial_support_mismatch,7,calibration,block,constant_a008,0.036884644591611476
0.0002128086430968398,-0.0001401084113771201,0.00051879223268537,0.035069696969696966,0.04456666666666667,65.99999999999984,1.0048309178743962,0.970860927152318,0.0006415011037527594,0.04022317880794702,2265,0,4,daily_me_op,daily size characteristic,adversarial_support_mismatch,7,calibration,block,constant_a009,0.036884644591611476
-0.002855100991032422,-0.003241685165989259,-0.002529574861877871,0.042954545454545454,0.048476712328767116,110.00000000000017,1.0048309178743962,0.9514348785871964,0.0004702428256070641,0.04091456953642385,2265,0,4,daily_me_op,daily size characteristic,adversarial_support_mismatch,7,calibration,block,constant_a010,0.036884644591611476
0.00028017805801852446,-0.00023900614696793993,0.0007239650032001065,0.01445,0.0165,24.00000000000002,1.0048309178743962,0.9894039735099338,0.0005049448123620308,0.03691633554083885,2265,0,3,daily_me_op,daily size characteristic,adversarial_support_mismatch,7,calibration,block,constant_a011,0.036884644591611476
0.000847394731250027,0.0007060125193388955,0.0009939807612277187,0.009899999999999997,0.009899999999999999,16.000000000000018,1.0048309178743962,0.9929359823399558,0.0005502428256070641,0.03507041942604857,2265,0,3,daily_me_op,daily size characteristic,adversarial_support_mismatch,7,calibration,block,constant_a012,0.036884644591611476
0.0016675521578753535,0.001168150495916124,0.0023386364057470287,0.0222,0.0245,30.00000000000002,1.0048309178743962,0.9867549668874173,0.0005137748344370861,0.036443487858719655,2265,0,3,daily_me_op,daily size characteristic,adversarial_support_mismatch,7,calibration,block,constant_a013,0.036884644591611476
-0.0006315319765512914,-0.0008889822381717067,-0.0003478804746611398,0.03211851851851852,0.03506341463414635,53.99999999999988,1.0048309178743962,0.9761589403973511,0.000672671081677704,0.03833708609271524,2265,0,4,daily_me_op,daily size characteristic,adversarial_support_mismatch,7,calibration,block,constant_a014,0.036884644591611476
-0.0014144012410545626,-0.0019658505448157983,-0.0009728759993618174,0.028435042735042736,0.033848717948717945,117.00000000000023,1.0048309178743962,0.948344370860927,0.0004266225165562914,0.042104856512141284,2265,0,4,daily_me_op,daily size characteristic,adversarial_support_mismatch,7,calibration,block,constant_a015,0.036884644591611476
-0.032557947051629024,-0.10030539559829191,0.0013731530107541127,0.009880015424660169,0.024346153846153847,2.0088979027813627,5200.0,0.9991130693585955,0.0004412362030905077,0.037138410596026496,2265,0,1,daily_me_op,daily size characteristic,adversarial_support_mismatch,7,calibration,block,constant_a016,0.036884644591611476
-0.001974895399499806,-0.002418099381931815,-0.0016294213352372627,0.01963939393939394,0.0209,33.00000000000002,1.0048309178743962,0.9854304635761589,0.00043708609271523176,0.03571677704194261,2265,0,3,daily_me_op,daily size characteristic,adversarial_support_mismatch,7,calibration,block,constant_a017,0.036884644591611476
0.0032281646633341484,0.0027848098468357943,0.0038834980885771274,0.016741025641025642,0.0183,38.999999999999986,1.0048309178743962,0.9827814569536424,0.0004893156732891833,0.03461456953642384,2265,0,3,daily_me_op,daily size characteristic,adversarial_support_mismatch,7,calibration,block,constant_a018,0.036884644591611476
-0.019380623550248045,-0.05604603692598173,-0.0012152099332816693,0.008380965147453097,0.0581,1.018244949193209,5200.0,0.9995504437310405,0.0005333333333333335,0.03605783664459162,2265,0,0,daily_me_op,daily size characteristic,adversarial_support_mismatch,7,calibration,block,constant_a019,0.036884644591611476
0.004088388350615617,0.003316421431254889,0.00511075190461479,0.06812398523985239,0.09574175824175825,271.00000000000034,1.0048309178743962,0.8803532008830021,0.00028900662251655633,0.046241501103752754,2265,0,4,daily_me_op,daily size characteristic,adversarial_support_mismatch,7,calibration,block,constant_a020,0.036884644591611476
0.0022977017324177697,0.0020487772161166934,0.0026746097904933627,0.018822330097087378,0.019226315789473685,103.00000000000013,1.0048309178743962,0.9545253863134657,0.00029668874172185427,0.03527350993377483,2265,0,4,daily_me_op,daily size characteristic,adversarial_support_mismatch,7,calibration,block,constant_a021,0.036884644591611476
0.0018088985497717153,0.0016099694107857528,0.0020881144277259634,0.019285714285714285,0.026359999999999995,105.00000000000014,1.0048309178743962,0.9536423841059603,0.00039487858719646797,0.03427064017660044,2265,0,4,daily_me_op,daily size characteristic,adversarial_support_mismatch,7,calibration,block,constant_a022,0.036884644591611476
0.0017648319044491346,0.0014984697204450793,0.0021007253040984304,0.01604444444444444,0.02175714285714286,162.0000000000001,1.0048309178743962,0.9284768211920529,0.00040044150110375275,0.030308830022075055,2265,0,4,daily_me_op,daily size characteristic,adversarial_support_mismatch,7,calibration,block,constant_a023,0.036884644591611476
-0.0006722829565495417,-0.0008812683971970815,-0.0005165857236832289,0.026571111111111104,0.030143873517786565,224.99999999999966,1.0048309178743962,0.9006622516556293,0.0004770860927152318,0.031186534216335538,2265,0,4,daily_me_op,daily size characteristic,adversarial_support_mismatch,7,calibration,block,constant_a024,0.036884644591611476
0.00017323120300751242,0.00017323120300751868,0.00017323120300751882,,inf,0.0,0.0,1.0,0.00046527858719646806,0.036884644591611476,2265,200,0,daily_me_op,daily size characteristic,adversarial_support_mismatch,7,calibration,block,constant_equal_weight_public,0.036884644591611476
0.0007316574488230747,0.0003578319473350363,0.0010925879284439711,,inf,0.0,0.0,1.0,0.0006160706401766005,0.03774635761589404,2265,200,0,daily_me_op,daily size characteristic,adversarial_support_mismatch,7,calibration,block,momentum_12,0.036884644591611476
0.0007218511055931917,0.0004438073061025326,0.0010110657584240733,0.02786144578313253,0.031181081081081082,166.00000000000009,1.0048309178743962,0.9267108167770419,0.0004981015452538633,0.031074392935982336,2265,0,4,daily_me_op,daily size characteristic,adversarial_support_mismatch,7,calibration,block,low_vol_12,0.036884644591611476
0.0007248220926633199,0.0002987274482198588,0.001167796099674305,-0.15410000000000001,inf,1.0,1.0048309178743962,0.9995584988962473,0.0005762030905077263,0.03806313465783665,2265,71,0,daily_me_op,daily size characteristic,adversarial_support_mismatch,7,calibration,block,risk_adjusted_12,0.036884644591611476
0.008463612469187934,0.0076862086310404976,0.009514068803471649,0.07554210526315788,0.10569999999999999,114.0000000000002,1.0048309178743962,0.9496688741721854,0.0003906843267108168,0.040270419426048566,2265,0,4,daily_me_op,daily size characteristic,adversarial_support_mismatch,7,calibration,block,ridge_return_train_only,0.036884644591611476
-0.00039124692158103164,-0.0006850590928758694,-5.21052107998796e-05,0.0355190476190476,0.039898349834983506,336.0000000000036,1.0048309178743962,0.8820224719101111,0.0003962780898876405,0.03857907303370787,2848,0,4,daily_me_op,daily size characteristic,adversarial_support_mismatch,7,test,iid,constant_a000,0.036884644591611476
-0.013782775695610228,-0.04743850912928447,0.002852213593065249,0.007958396946564897,0.041800000000000004,1.0252760477792022,5200.0,0.999640001387718,0.0005180828651685394,0.030657022471910114,2848,0,0,daily_me_op,daily size characteristic,adversarial_support_mismatch,7,test,iid,constant_a001,0.036884644591611476
-0.0013615183993557433,-0.0015564219211913716,-0.0011554000429627026,0.029380645161290325,0.03754113475177306,124.00000000000028,1.0048309178743962,0.9564606741573033,0.0005845505617977528,0.030667977528089887,2848,0,4,daily_me_op,daily size characteristic,adversarial_support_mismatch,7,test,iid,constant_a002,0.036884644591611476
-0.034275715456187975,-0.10579200814954982,0.0016349221791128825,0.01454665166010131,0.03209090909090909,1.0611923901696532,5200.0,0.9996273903124404,0.000689817415730337,0.039128651685393256,2848,0,0,daily_me_op,daily size characteristic,adversarial_support_mismatch,7,test,iid,constant_a003,0.036884644591611476
0.00018501277341949988,-9.750200817626849e-05,0.0004465941065571326,0.03402560975609755,0.04026496815286623,328.0000000000032,1.0048309178743962,0.8848314606741562,0.0003732443820224719,0.03620463483146068,2848,0,4,daily_me_op,daily size characteristic,adversarial_support_mismatch,7,test,iid,constant_a004,0.036884644591611476
-0.0030547871683234934,-0.010383506502733461,0.0007095379952899099,0.0025976320240556306,0.04057272727272727,1.0572153057132,5200.0,0.9996287867606344,0.0004969803370786517,0.04001446629213483,2848,0,0,daily_me_op,daily size characteristic,adversarial_support_mismatch,7,test,iid,constant_a005,0.036884644591611476
0.00293142736180651,0.002562253045789686,0.0033452973364249744,0.013081818181818182,0.0131,22.000000000000018,1.0048309178743962,0.9922752808988764,0.000506179775280899,0.03197050561797753,2848,0,3,daily_me_op,daily size characteristic,adversarial_support_mismatch,7,test,iid,constant_a006,0.036884644591611476
-0.00019012321225085363,-0.000381966699714005,2.3968694006336037e-05,0.03482857142857143,0.0352,28.00000000000002,1.0048309178743962,0.9901685393258427,0.0005496839887640451,0.03202626404494382,2848,0,3,daily_me_op,daily size characteristic,adversarial_support_mismatch,7,test,iid,constant_a007,0.036884644591611476
-0.02997565219639918,-0.13035813185731784,0.003825504747916713,0.013051468904998097,0.028214285714285713,1.026058773985381,5200.0,0.9996397265540782,0.0004826896067415731,0.03332331460674158,2848,0,0,daily_me_op,daily size characteristic,adversarial_support_mismatch,7,test,iid,constant_a008,0.036884644591611476
-6.725357591120885e-05,-0.0004630663468469465,0.0003351470855246496,0.10726666666666665,0.1344834862385321,120.00000000000024,1.0048309178743962,0.9578651685393258,0.0004806179775280899,0.0354438202247191,2848,0,4,daily_me_op,daily size characteristic,adversarial_support_mismatch,7,test,iid,constant_a009,0.036884644591611476
-0.0004315558153776706,-0.0007847858705266272,-7.078712096789688e-05,0.05046774193548386,0.06350322580645161,155.00000000000014,1.0048309178743962,0.9455758426966292,0.0005072331460674157,0.03976390449438202,2848,0,4,daily_me_op,daily size characteristic,adversarial_support_mismatch,7,test,iid,constant_a010,0.036884644591611476
-0.0008037807679254718,-0.0010996344094071806,-0.0005157341099533544,0.03877037037037037,0.038900000000000004,27.00000000000002,1.0048309178743962,0.9905196629213483,0.0004511235955056179,0.03151390449438202,2848,0,3,daily_me_op,daily size characteristic,adversarial_support_mismatch,7,test,iid,constant_a011,0.036884644591611476
0.020544284940018573,-0.0008413709467554936,0.08423163448112972,-0.010839230769230775,0.0374,1.00968423096527,5200.0,0.9996454760424982,0.0005087078651685394,0.032783988764044945,2848,0,0,daily_me_op,daily size characteristic,adversarial_support_mismatch,7,test,iid,constant_a012,0.036884644591611476
0.0014172406380052098,0.0008693038949801964,0.0017828440196040153,-0.002555300420972068,0.02346666666666667,1.0198053253024693,5200.0,0.9996419222874641,0.0005538623595505618,0.03227443820224719,2848,0,0,daily_me_op,daily size characteristic,adversarial_support_mismatch,7,test,iid,constant_a013,0.036884644591611476
0.000130694508723015,-4.614428590007587e-05,0.00034598175246650727,0.025994444444444445,0.033081818181818184,71.99999999999989,1.0048309178743962,0.9747191011235955,0.000419066011235955,0.03335842696629214,2848,0,4,daily_me_op,daily size characteristic,adversarial_support_mismatch,7,test,iid,constant_a014,0.036884644591611476
-0.015303784746634203,-0.0441695837744463,-0.0007657964384570669,0.009512453113278327,0.04744306569343065,1.0615905091942532,5200.0,0.999627250523457,0.0005329705056179775,0.03754929775280899,2848,0,0,daily_me_op,daily size characteristic,adversarial_support_mismatch,7,test,iid,constant_a015,0.036884644591611476
-0.039829899342470505,-0.12677411593723012,0.003728816503119164,0.0262,0.0262,1.0108494740587564,5200.0,0.9996450668981536,0.0004458216292134831,0.029966853932584265,2848,0,0,daily_me_op,daily size characteristic,adversarial_support_mismatch,7,test,iid,constant_a016,0.036884644591611476
-0.0013050365913064097,-0.0014767499511572036,-0.0011020478433114462,0.013253846153846154,0.014199999999999999,26.00000000000002,1.0048309178743962,0.9908707865168539,0.0005253511235955056,0.02912837078651686,2848,0,3,daily_me_op,daily size characteristic,adversarial_support_mismatch,7,test,iid,constant_a017,0.036884644591611476
0.0018394098535970632,0.0016896129963070244,0.0019909973143915696,0.0151,0.015100000000000002,13.000000000000014,1.0048309178743962,0.995435393258427,0.0005296348314606743,0.0289566011235955,2848,0,3,daily_me_op,daily size characteristic,adversarial_support_mismatch,7,test,iid,constant_a018,0.036884644591611476
-0.0005067722630901574,-0.0008329656807675831,-0.00016637718997547206,0.01095151515151515,0.011699999999999999,33.00000000000002,1.0048309178743962,0.9884129213483146,0.00048683286516853927,0.02873441011235955,2848,0,3,daily_me_op,daily size characteristic,adversarial_support_mismatch,7,test,iid,constant_a019,0.036884644591611476
0.020758570619346,0.00010182739827802373,0.06022090207232236,0.0021180650604668595,0.040256105610561047,2.124375655402336,5200.0,0.9992540815816705,0.0004640800561797754,0.037429634831460674,2848,0,1,daily_me_op,daily size characteristic,adversarial_support_mismatch,7,test,iid,constant_a020,0.036884644591611476
0.0016889382393055089,0.0015777618781186269,0.0018272234557887967,0.022861702127659575,0.03348095238095238,94.00000000000006,1.0048309178743962,0.9669943820224719,0.0005357092696629213,0.029238483146067418,2848,0,4,daily_me_op,daily size characteristic,adversarial_support_mismatch,7,test,iid,constant_a021,0.036884644591611476
0.001804260569774599,0.0016206774901732495,0.0019538624272257745,0.01864109589041096,0.02280569105691057,146.00000000000023,1.0048309178743962,0.9487359550561797,0.000558251404494382,0.02764115168539326,2848,0,4,daily_me_op,daily size characteristic,adversarial_support_mismatch,7,test,iid,constant_a022,0.036884644591611476
-0.0008111678974526964,-0.0009848887153727666,-0.0006403549603773453,0.02727058823529412,0.028984,136.00000000000028,1.0048309178743962,0.9522471910112359,0.0006573033707865169,0.028800421348314606,2848,0,4,daily_me_op,daily size characteristic,adversarial_support_mismatch,7,test,iid,constant_a023,0.036884644591611476
0.002613588480082165,-0.008206911004414652,0.015520160348794497,0.0021988776868936645,0.019735502958579888,2.0638774771704247,5200.0,0.9992753239195329,0.0006134831460674157,0.02737092696629214,2848,0,1,daily_me_op,daily size characteristic,adversarial_support_mismatch,7,test,iid,constant_a024,0.036884644591611476
0.00017323120300750898,0.00017323120300751874,0.00017323120300751882,,inf,0.0,0.0,1.0,0.0005147022471910111,0.030364893258426964,2848,200,0,daily_me_op,daily size characteristic,adversarial_support_mismatch,7,test,iid,constant_equal_weight_public,0.036884644591611476
0.0003737647068271912,0.00015440645781041065,0.000524249588531523,,inf,0.0,0.0,1.0,0.0005490519662921348,0.039553370786516856,2848,200,0,daily_me_op,daily size characteristic,adversarial_support_mismatch,7,test,iid,momentum_12,0.036884644591611476
0.005127341972480396,-1.7934053910986343e-05,0.015237746969918116,0.001457775683317625,0.019279999999999995,1.0508674979476933,5200.0,0.9996310156257207,0.0004874002808988763,0.026351544943820224,2848,0,0,daily_me_op,daily size characteristic,adversarial_support_mismatch,7,test,iid,low_vol_12,0.036884644591611476
0.0005275472971513565,0.0003381827121965756,0.0006823608515418535,,inf,0.0,0.0,1.0,0.0007221207865168541,0.0337123595505618,2848,200,0,daily_me_op,daily size characteristic,adversarial_support_mismatch,7,test,iid,risk_adjusted_12,0.036884644591611476
0.010400859663566435,0.009980718781455204,0.01086356273995749,0.042547887323943656,0.05613684210526316,70.99999999999987,1.0048309178743962,0.9750702247191012,0.0004549508426966291,0.033983988764044945,2848,0,4,daily_me_op,daily size characteristic,adversarial_support_mismatch,7,test,iid,ridge_return_train_only,0.036884644591611476
-0.00039124692158103164,-0.0008440687535915054,0.00017651582345419407,0.0355190476190476,0.04216240208877283,336.0000000000036,1.0048309178743962,0.8820224719101111,0.0003962780898876405,0.03857907303370787,2848,0,4,daily_me_op,daily size characteristic,adversarial_support_mismatch,7,test,block,constant_a000,0.036884644591611476
-0.013782775695610228,-0.047041405360058186,0.0030068590996010273,0.007958396946564897,0.04328275862068966,1.0252760477792022,5200.0,0.999640001387718,0.0005180828651685394,0.030657022471910114,2848,0,0,daily_me_op,daily size characteristic,adversarial_support_mismatch,7,test,block,constant_a001,0.036884644591611476
-0.0013615183993557433,-0.001799724132383538,-0.0008396720462157012,0.029380645161290325,0.03612564102564103,124.00000000000028,1.0048309178743962,0.9564606741573033,0.0005845505617977528,0.030667977528089887,2848,0,4,daily_me_op,daily size characteristic,adversarial_support_mismatch,7,test,block,constant_a002,0.036884644591611476
-0.034275715456187975,-0.14143864377350768,0.0016976935497712928,0.01454665166010131,0.03164252873563219,1.0611923901696532,5200.0,0.9996273903124404,0.000689817415730337,0.039128651685393256,2848,0,0,daily_me_op,daily size characteristic,adversarial_support_mismatch,7,test,block,constant_a003,0.036884644591611476
0.00018501277341949988,-0.0002464239087081058,0.0006467931701818756,0.03402560975609755,0.04200246913580245,328.0000000000032,1.0048309178743962,0.8848314606741562,0.0003732443820224719,0.03620463483146068,2848,0,4,daily_me_op,daily size characteristic,adversarial_support_mismatch,7,test,block,constant_a004,0.036884644591611476
-0.0030547871683234934,-0.010299930222550912,0.0008638939031955317,0.0025976320240556306,0.04045527950310559,1.0572153057132,5200.0,0.9996287867606344,0.0004969803370786517,0.04001446629213483,2848,0,0,daily_me_op,daily size characteristic,adversarial_support_mismatch,7,test,block,constant_a005,0.036884644591611476
0.00293142736180651,0.0015122796846632827,0.004084051952922654,0.013081818181818182,0.0131,22.000000000000018,1.0048309178743962,0.9922752808988764,0.000506179775280899,0.03197050561797753,2848,0,3,daily_me_op,daily size characteristic,adversarial_support_mismatch,7,test,block,constant_a006,0.036884644591611476
-0.00019012321225085363,-0.0005584225901702355,0.00026818596261499704,0.03482857142857143,0.0352,28.00000000000002,1.0048309178743962,0.9901685393258427,0.0005496839887640451,0.03202626404494382,2848,0,3,daily_me_op,daily size characteristic,adversarial_support_mismatch,7,test,block,constant_a007,0.036884644591611476
-0.02997565219639918,-0.13025577940668961,0.004300847279684219,0.013051468904998097,0.02843846153846154,1.026058773985381,5200.0,0.9996397265540782,0.0004826896067415731,0.03332331460674158,2848,0,0,daily_me_op,daily size characteristic,adversarial_support_mismatch,7,test,block,constant_a008,0.036884644591611476
-6.725357591120885e-05,-0.0005407723641552291,0.0003509197208351371,0.10726666666666665,0.13825555555555555,120.00000000000024,1.0048309178743962,0.9578651685393258,0.0004806179775280899,0.0354438202247191,2848,0,4,daily_me_op,daily size characteristic,adversarial_support_mismatch,7,test,block,constant_a009,0.036884644591611476
-0.0004315558153776706,-0.0009290973834348677,0.0001816691030757972,0.05046774193548386,0.06291764705882354,155.00000000000014,1.0048309178743962,0.9455758426966292,0.0005072331460674157,0.03976390449438202,2848,0,4,daily_me_op,daily size characteristic,adversarial_support_mismatch,7,test,block,constant_a010,0.036884644591611476
-0.0008037807679254718,-0.0013656715649576795,-0.00039879298678639443,0.03877037037037037,0.038900000000000004,27.00000000000002,1.0048309178743962,0.9905196629213483,0.0004511235955056179,0.03151390449438202,2848,0,3,daily_me_op,daily size characteristic,adversarial_support_mismatch,7,test,block,constant_a011,0.036884644591611476
0.020544284940018573,-0.0009875853314456964,0.06324679124794137,-0.010839230769230775,0.0374,1.00968423096527,5200.0,0.9996454760424982,0.0005087078651685394,0.032783988764044945,2848,0,0,daily_me_op,daily size characteristic,adversarial_support_mismatch,7,test,block,constant_a012,0.036884644591611476
0.0014172406380052098,0.0005153010415909297,0.002180550718934985,-0.002555300420972068,0.024281818181818186,1.0198053253024693,5200.0,0.9996419222874641,0.0005538623595505618,0.03227443820224719,2848,0,0,daily_me_op,daily size characteristic,adversarial_support_mismatch,7,test,block,constant_a013,0.036884644591611476
0.000130694508723015,-0.000267220645767796,0.0005879734799458858,0.025994444444444445,0.033580952380952385,71.99999999999989,1.0048309178743962,0.9747191011235955,0.000419066011235955,0.03335842696629214,2848,0,4,daily_me_op,daily size characteristic,adversarial_support_mismatch,7,test,block,constant_a014,0.036884644591611476
-0.015303784746634203,-0.04416208649884878,-0.0006061268673163699,0.009512453113278327,0.04668409090909092,1.0615905091942532,5200.0,0.999627250523457,0.0005329705056179775,0.03754929775280899,2848,0,0,daily_me_op,daily size characteristic,adversarial_support_mismatch,7,test,block,constant_a015,0.036884644591611476
-0.039829899342470505,-0.16942093692432944,0.004507124810830927,0.0262,0.0262,1.0108494740587564,5200.0,0.9996450668981536,0.0004458216292134831,0.029966853932584265,2848,0,0,daily_me_op,daily size characteristic,adversarial_support_mismatch,7,test,block,constant_a016,0.036884644591611476
-0.0013050365913064097,-0.0016195115806315725,-0.0010690155091156938,0.013253846153846154,0.014199999999999999,26.00000000000002,1.0048309178743962,0.9908707865168539,0.0005253511235955056,0.02912837078651686,2848,0,3,daily_me_op,daily size characteristic,adversarial_support_mismatch,7,test,block,constant_a017,0.036884644591611476
0.0018394098535970632,0.0014837570007457004,0.0022450619838610825,0.0151,0.015100000000000002,13.000000000000014,1.0048309178743962,0.995435393258427,0.0005296348314606743,0.0289566011235955,2848,0,3,daily_me_op,daily size characteristic,adversarial_support_mismatch,7,test,block,constant_a018,0.036884644591611476
-0.0005067722630901574,-0.0016517875677956953,0.0006715319706110922,0.01095151515151515,0.011699999999999999,33.00000000000002,1.0048309178743962,0.9884129213483146,0.00048683286516853927,0.02873441011235955,2848,0,3,daily_me_op,daily size characteristic,adversarial_support_mismatch,7,test,block,constant_a019,0.036884644591611476
0.020758570619346,9.214972706479746e-05,0.060223857179653235,0.0021180650604668595,0.04231340206185567,2.124375655402336,5200.0,0.9992540815816705,0.0004640800561797754,0.037429634831460674,2848,0,1,daily_me_op,daily size characteristic,adversarial_support_mismatch,7,test,block,constant_a020,0.036884644591611476
0.0016889382393055089,0.0013428178183516955,0.0021436651970570472,0.022861702127659575,0.034800000000000005,94.00000000000006,1.0048309178743962,0.9669943820224719,0.0005357092696629213,0.029238483146067418,2848,0,4,daily_me_op,daily size characteristic,adversarial_support_mismatch,7,test,block,constant_a021,0.036884644591611476
0.001804260569774599,0.001419535788588647,0.002106521627507751,0.01864109589041096,0.024685714285714283,146.00000000000023,1.0048309178743962,0.9487359550561797,0.000558251404494382,0.02764115168539326,2848,0,4,daily_me_op,daily size characteristic,adversarial_support_mismatch,7,test,block,constant_a022,0.036884644591611476
-0.0008111678974526964,-0.0013899885942460235,-0.00035018777039388634,0.02727058823529412,0.02941958041958042,136.00000000000028,1.0048309178743962,0.9522471910112359,0.0006573033707865169,0.028800421348314606,2848,0,4,daily_me_op,daily size characteristic,adversarial_support_mismatch,7,test,block,constant_a023,0.036884644591611476
0.002613588480082165,-0.0055335721566184,0.015653680902881845,0.0021988776868936645,0.01774609929078014,2.0638774771704247,5200.0,0.9992753239195329,0.0006134831460674157,0.02737092696629214,2848,0,1,daily_me_op,daily size characteristic,adversarial_support_mismatch,7,test,block,constant_a024,0.036884644591611476
0.00017323120300750898,0.00017323120300751868,0.00017323120300751884,,inf,0.0,0.0,1.0,0.0005147022471910111,0.030364893258426964,2848,200,0,daily_me_op,daily size characteristic,adversarial_support_mismatch,7,test,block,constant_equal_weight_public,0.036884644591611476
0.0003737647068271912,0.00012046884438189425,0.0006677329868019533,,inf,0.0,0.0,1.0,0.0005490519662921348,0.039553370786516856,2848,200,0,daily_me_op,daily size characteristic,adversarial_support_mismatch,7,test,block,momentum_12,0.036884644591611476
0.005127341972480396,-0.00013598463984587902,0.01536863710633493,0.001457775683317625,0.01902409638554217,1.0508674979476933,5200.0,0.9996310156257207,0.0004874002808988763,0.026351544943820224,2848,0,0,daily_me_op,daily size characteristic,adversarial_support_mismatch,7,test,block,low_vol_12,0.036884644591611476
0.0005275472971513565,0.0002594903423442008,0.0007950638678132035,,inf,0.0,0.0,1.0,0.0007221207865168541,0.0337123595505618,2848,200,0,daily_me_op,daily size characteristic,adversarial_support_mismatch,7,test,block,risk_adjusted_12,0.036884644591611476
0.010400859663566435,0.00926992028893898,0.011807894556151968,0.042547887323943656,0.05623999999999999,70.99999999999987,1.0048309178743962,0.9750702247191012,0.0004549508426966291,0.033983988764044945,2848,0,4,daily_me_op,daily size characteristic,adversarial_support_mismatch,7,test,block,ridge_return_train_only,0.036884644591611476
-0.00046873525104085544,-0.0007558243777481505,-0.0001321073871410724,0.04738620689655172,0.07039489051094891,145.00000000000023,1.0048309178743962,0.9359823399558498,0.00030348785871964673,0.0393766004415011,2265,0,4,daily_me_op,daily size characteristic,adversarial_support_mismatch,17,calibration,iid,constant_a000,0.036884644591611476
-0.006914203638611104,-0.07699711843178252,0.07459606247388721,0.015948036951501147,0.06119565217391304,2.0162632372647056,5200.0,0.9991098175552915,0.00045673289183222954,0.03845033112582781,2265,0,1,daily_me_op,daily size characteristic,adversarial_support_mismatch,17,calibration,iid,constant_a001,0.036884644591611476
-0.0005836168758125781,-0.0007877945477353696,-0.0003824667968104676,0.04197435897435897,0.04731269841269842,77.99999999999994,1.0048309178743962,0.9655629139072848,0.00042763796909492266,0.03839094922737307,2265,0,4,daily_me_op,daily size characteristic,adversarial_support_mismatch,17,calibration,iid,constant_a002,0.036884644591611476
0.0018486005245378692,0.001594966556137976,0.0020210653520727293,0.03767464788732394,0.04633287671232877,142.00000000000026,1.0048309178743962,0.9373068432671081,0.00047395143487858726,0.03862604856512141,2265,0,4,daily_me_op,daily size characteristic,adversarial_support_mismatch,17,calibration,iid,constant_a003,0.036884644591611476
-0.0012267697198442098,-0.0015302493378705556,-0.0009798197280536955,0.052575862068965515,0.07136913580246913,145.00000000000023,1.0048309178743962,0.9359823399558498,0.0004247682119205297,0.04078388520971302,2265,0,4,daily_me_op,daily size characteristic,adversarial_support_mismatch,17,calibration,iid,constant_a004,0.036884644591611476
0.0005938302954828932,0.00033341210196378865,0.0008794829776179184,0.0535909090909091,0.0748705882352941,132.0000000000003,1.0048309178743962,0.9417218543046356,0.0004983664459161148,0.04207969094922737,2265,0,4,daily_me_op,daily size characteristic,adversarial_support_mismatch,17,calibration,iid,constant_a005,0.036884644591611476
0.0038408680407411005,0.003590602137533603,0.004038430701066034,0.03086923076923077,0.037200000000000004,51.99999999999989,1.0048309178743962,0.9770419426048566,0.0004000000000000001,0.03936004415011037,2265,0,4,daily_me_op,daily size characteristic,adversarial_support_mismatch,17,calibration,iid,constant_a006,0.036884644591611476
3.191014298359351e-05,-0.00016012202103445636,0.00018975578005960984,0.027200000000000002,0.027200000000000002,20.000000000000018,1.0048309178743962,0.9911699779249448,0.0005164238410596026,0.03821633554083886,2265,0,3,daily_me_op,daily size characteristic,adversarial_support_mismatch,17,calibration,iid,constant_a007,0.036884644591611476
0.00299901114947066,0.0026589270359174224,0.0032650228517154215,0.030074999999999998,0.03938688524590165,79.99999999999994,1.0048309178743962,0.9646799116997793,0.000591523178807947,0.03958874172185431,2265,0,4,daily_me_op,daily size characteristic,adversarial_support_mismatch,17,calibration,iid,constant_a008,0.036884644591611476
0.0032185003963987662,-0.00043223441310621984,0.009957081687277753,0.010526960503720659,0.03919411764705882,1.0256673735565713,5200.0,0.9995471667224916,0.0006415011037527594,0.04022317880794702,2265,0,0,daily_me_op,daily size characteristic,adversarial_support_mismatch,17,calibration,iid,constant_a009,0.036884644591611476
0.012898549013451345,-0.002932479148135723,0.04439940180663958,0.0010471144749290393,0.046621739130434776,1.042959612572255,5200.0,0.9995395321798798,0.0004702428256070641,0.04091456953642385,2265,0,0,daily_me_op,daily size characteristic,adversarial_support_mismatch,17,calibration,iid,constant_a010,0.036884644591611476
0.0005721328179778873,0.00026498405392271325,0.0008130311563197115,0.014895652173913044,0.0165,23.00000000000002,1.0048309178743962,0.9898454746136865,0.0005049448123620308,0.03691633554083885,2265,0,3,daily_me_op,daily size characteristic,adversarial_support_mismatch,17,calibration,iid,constant_a011,0.036884644591611476
-0.0016964791015776175,-0.007161558798387646,0.0011386107395490934,0.0005090348680408402,0.009899999999999999,1.006192532882242,5200.0,0.9995557648861447,0.0005502428256070641,0.03507041942604857,2265,0,0,daily_me_op,daily size characteristic,adversarial_support_mismatch,17,calibration,iid,constant_a012,0.036884644591611476
0.016220599514890154,0.002353629964781028,0.04421032911289199,-0.002107396733909704,0.0245,1.0116266760465744,5200.0,0.9995533657059397,0.0005137748344370861,0.036443487858719655,2265,0,0,daily_me_op,daily size characteristic,adversarial_support_mismatch,17,calibration,iid,constant_a013,0.036884644591611476
0.003679804490823564,-0.0011374638119683751,0.013395239299056944,-0.001271843917368018,0.03533584905660377,1.0205859612665564,5200.0,0.9995494101716262,0.000672671081677704,0.03833708609271524,2265,0,0,daily_me_op,daily size characteristic,adversarial_support_mismatch,17,calibration,iid,constant_a014,0.036884644591611476
-0.0018880375565145744,-0.002094057819688203,-0.0016664248020206833,0.02851034482758621,0.03434074074074074,116.00000000000023,1.0048309178743962,0.9487858719646798,0.0004266225165562914,0.042104856512141284,2265,0,4,daily_me_op,daily size characteristic,adversarial_support_mismatch,17,calibration,iid,constant_a015,0.036884644591611476
0.06590549912990439,0.0014525898056215445,0.19463630986929262,-0.02647545209696035,0.0252,1.0089077754952025,5200.0,0.9995545661035341,0.0004412362030905077,0.037138410596026496,2265,0,0,daily_me_op,daily size characteristic,adversarial_support_mismatch,17,calibration,iid,constant_a016,0.036884644591611476
-0.0020726598876294037,-0.002285091469013404,-0.0018923362581969635,0.01963939393939394,0.0209,33.00000000000002,1.0048309178743962,0.9854304635761589,0.00043708609271523176,0.03571677704194261,2265,0,3,daily_me_op,daily size characteristic,adversarial_support_mismatch,17,calibration,iid,constant_a017,0.036884644591611476
0.0037202148039631815,0.0035139491264597777,0.00390652017136135,0.01678421052631579,0.0183,37.999999999999986,1.0048309178743962,0.9832229580573951,0.0004893156732891833,0.03461456953642384,2265,0,3,daily_me_op,daily size characteristic,adversarial_support_mismatch,17,calibration,iid,constant_a018,0.036884644591611476
-0.0005429362640499826,-0.0007611273877069309,-0.00031953979251265184,0.04589361702127659,0.0581,46.99999999999993,1.0048309178743962,0.9792494481236204,0.0005333333333333335,0.03605783664459162,2265,0,3,daily_me_op,daily size characteristic,adversarial_support_mismatch,17,calibration,iid,constant_a019,0.036884644591611476
0.0037951279266017677,0.003350937957804085,0.004254979855554492,0.06851044776119401,0.08838698884758366,268.0000000000002,1.0048309178743962,0.8816777041942604,0.00028900662251655633,0.046241501103752754,2265,0,4,daily_me_op,daily size characteristic,adversarial_support_mismatch,17,calibration,iid,constant_a020,0.036884644591611476
-0.05748051806643925,-0.17565494313185717,0.001714989564857949,0.017612245288433935,0.018814851485148512,2.040000912598312,5200.0,0.9990993373454312,0.00029668874172185427,0.03527350993377483,2265,0,1,daily_me_op,daily size characteristic,adversarial_support_mismatch,17,calibration,iid,constant_a021,0.036884644591611476
-0.05966183902581881,-0.18278736696488904,0.001991995968858636,0.018659090909090938,0.022637037037037032,1.0409873069180773,5200.0,0.999540402955003,0.00039487858719646797,0.03427064017660044,2265,0,0,daily_me_op,daily size characteristic,adversarial_support_mismatch,17,calibration,iid,constant_a022,0.036884644591611476
0.0023724176266509273,0.0022125440440290585,0.0025494338929684685,0.016084472049689442,0.02050987654320988,161.0000000000001,1.0048309178743962,0.9289183222958057,0.00040044150110375275,0.030308830022075055,2265,0,4,daily_me_op,daily size characteristic,adversarial_support_mismatch,17,calibration,iid,constant_a023,0.036884644591611476
-0.00112919920710193,-0.0012895509806207083,-0.0009745419755377707,0.026134513274336277,0.02935217391304348,225.9999999999997,1.0048309178743962,0.9002207505518766,0.0004770860927152318,0.031186534216335538,2265,0,4,daily_me_op,daily size characteristic,adversarial_support_mismatch,17,calibration,iid,constant_a024,0.036884644591611476
0.00017060300751880583,0.0001706030075187968,0.00017060300751879688,,inf,0.0,0.0,1.0,0.00046527858719646806,0.036884644591611476,2265,200,0,daily_me_op,daily size characteristic,adversarial_support_mismatch,17,calibration,iid,constant_equal_weight_public,0.036884644591611476
0.025525529266895084,0.00042694145970683056,0.07556468465263722,-0.0204,inf,1.0,5200.0,0.9995584988962473,0.0006160706401766005,0.03774635761589404,2265,70,0,daily_me_op,daily size characteristic,adversarial_support_mismatch,17,calibration,iid,momentum_12,0.036884644591611476
0.0007435750986194538,0.0005277569688269262,0.0009307811550804877,0.027612121212121213,0.03161933701657459,165.00000000000009,1.0048309178743962,0.9271523178807947,0.0004981015452538633,0.031074392935982336,2265,0,4,daily_me_op,daily size characteristic,adversarial_support_mismatch,17,calibration,iid,low_vol_12,0.036884644591611476
0.0255631724029883,0.000413727549669295,0.07565941017718195,-0.0204,inf,1.0003864734155208,5200.0,0.9995583282678078,0.0005762030905077263,0.03806313465783665,2265,27,0,daily_me_op,daily size characteristic,adversarial_support_mismatch,17,calibration,iid,risk_adjusted_12,0.036884644591611476
0.008402133090264585,0.008031639897003869,0.008734618877677076,0.07751632653061225,0.10436326530612247,98.00000000000007,1.0048309178743962,0.9567328918322295,0.00040445916114790294,0.04006666666666666,2265,0,4,daily_me_op,daily size characteristic,adversarial_support_mismatch,17,calibration,iid,ridge_return_train_only,0.036884644591611476
-0.00046873525104085544,-0.0008845098592683035,-1.0641685749194205e-05,0.04738620689655172,0.07069354838709678,145.00000000000023,1.0048309178743962,0.9359823399558498,0.00030348785871964673,0.0393766004415011,2265,0,4,daily_me_op,daily size characteristic,adversarial_support_mismatch,17,calibration,block,constant_a000,0.036884644591611476
-0.006914203638611104,-0.09523278840703052,0.09962121801864955,0.015948036951501147,0.06202682926829268,2.0162632372647056,5200.0,0.9991098175552915,0.00045673289183222954,0.03845033112582781,2265,0,1,daily_me_op,daily size characteristic,adversarial_support_mismatch,17,calibration,block,constant_a001,0.036884644591611476
-0.0005836168758125781,-0.0010243563596054528,-0.00015013493139752387,0.04197435897435897,0.04681044776119403,77.99999999999994,1.0048309178743962,0.9655629139072848,0.00042763796909492266,0.03839094922737307,2265,0,4,daily_me_op,daily size characteristic,adversarial_support_mismatch,17,calibration,block,constant_a002,0.036884644591611476
0.0018486005245378692,0.0015672720694960278,0.0021296093638862685,0.03767464788732394,0.04663103448275861,142.00000000000026,1.0048309178743962,0.9373068432671081,0.00047395143487858726,0.03862604856512141,2265,0,4,daily_me_op,daily size characteristic,adversarial_support_mismatch,17,calibration,block,constant_a003,0.036884644591611476
-0.0012267697198442098,-0.001550507276406113,-0.000944648819855333,0.052575862068965515,0.07913184357541898,145.00000000000023,1.0048309178743962,0.9359823399558498,0.0004247682119205297,0.04078388520971302,2265,0,4,daily_me_op,daily size characteristic,adversarial_support_mismatch,17,calibration,block,constant_a004,0.036884644591611476
0.0005938302954828932,0.00022134185027838018,0.0009405888934438491,0.0535909090909091,0.07778785046728973,132.0000000000003,1.0048309178743962,0.9417218543046356,0.0004983664459161148,0.04207969094922737,2265,0,4,daily_me_op,daily size characteristic,adversarial_support_mismatch,17,calibration,block,constant_a005,0.036884644591611476
0.0038408680407411005,0.0032589404443500716,0.004371942925601972,0.03086923076923077,0.03683333333333333,51.99999999999989,1.0048309178743962,0.9770419426048566,0.0004000000000000001,0.03936004415011037,2265,0,4,daily_me_op,daily size characteristic,adversarial_support_mismatch,17,calibration,block,constant_a006,0.036884644591611476
3.191014298359351e-05,-0.00032165767254105663,0.00036263270869766706,0.027200000000000002,0.027200000000000002,20.000000000000018,1.0048309178743962,0.9911699779249448,0.0005164238410596026,0.03821633554083886,2265,0,3,daily_me_op,daily size characteristic,adversarial_support_mismatch,17,calibration,block,constant_a007,0.036884644591611476
0.00299901114947066,0.00222863870940809,0.003750809754578501,0.030074999999999998,0.040679999999999994,79.99999999999994,1.0048309178743962,0.9646799116997793,0.000591523178807947,0.03958874172185431,2265,0,4,daily_me_op,daily size characteristic,adversarial_support_mismatch,17,calibration,block,constant_a008,0.036884644591611476
0.0032185003963987662,-0.0004923983891077344,0.010089939059325816,0.010526960503720659,0.04056666666666667,1.0256673735565713,5200.0,0.9995471667224916,0.0006415011037527594,0.04022317880794702,2265,0,0,daily_me_op,daily size characteristic,adversarial_support_mismatch,17,calibration,block,constant_a009,0.036884644591611476
0.012898549013451345,-0.0030680928280329006,0.059915692856192526,0.0010471144749290393,0.04733888888888889,1.042959612572255,5200.0,0.9995395321798798,0.0004702428256070641,0.04091456953642385,2265,0,0,daily_me_op,daily size characteristic,adversarial_support_mismatch,17,calibration,block,constant_a010,0.036884644591611476
0.0005721328179778873,0.00014651476263186582,0.0009119534778822407,0.014895652173913044,0.0165,23.00000000000002,1.0048309178743962,0.9898454746136865,0.0005049448123620308,0.03691633554083885,2265,0,3,daily_me_op,daily size characteristic,adversarial_support_mismatch,17,calibration,block,constant_a011,0.036884644591611476
-0.0016964791015776175,-0.007308223305085722,0.0011642627348905285,0.0005090348680408402,0.009899999999999999,1.006192532882242,5200.0,0.9995557648861447,0.0005502428256070641,0.03507041942604857,2265,0,0,daily_me_op,daily size characteristic,adversarial_support_mismatch,17,calibration,block,constant_a012,0.036884644591611476
0.016220599514890154,0.0019772210717624284,0.04450733622457139,-0.002107396733909704,0.0245,1.0116266760465744,5200.0,0.9995533657059397,0.0005137748344370861,0.036443487858719655,2265,0,0,daily_me_op,daily size characteristic,adversarial_support_mismatch,17,calibration,block,constant_a013,0.036884644591611476
0.003679804490823564,-0.00119644778135343,0.017573451861184437,-0.001271843917368018,0.03510819672131148,1.0205859612665564,5200.0,0.9995494101716262,0.000672671081677704,0.03833708609271524,2265,0,0,daily_me_op,daily size characteristic,adversarial_support_mismatch,17,calibration,block,constant_a014,0.036884644591611476
-0.0018880375565145744,-0.002387320264934249,-0.0014300944740487616,0.02851034482758621,0.03407391304347825,116.00000000000023,1.0048309178743962,0.9487858719646798,0.0004266225165562914,0.042104856512141284,2265,0,4,daily_me_op,daily size characteristic,adversarial_support_mismatch,17,calibration,block,constant_a015,0.036884644591611476
0.06590549912990439,0.001185526448727856,0.19646226187677385,-0.02647545209696035,0.0252,1.0089077754952025,5200.0,0.9995545661035341,0.0004412362030905077,0.037138410596026496,2265,0,0,daily_me_op,daily size characteristic,adversarial_support_mismatch,17,calibration,block,constant_a016,0.036884644591611476
-0.0020726598876294037,-0.0024643742273122013,-0.0017237648872507976,0.01963939393939394,0.0209,33.00000000000002,1.0048309178743962,0.9854304635761589,0.00043708609271523176,0.03571677704194261,2265,0,3,daily_me_op,daily size characteristic,adversarial_support_mismatch,17,calibration,block,constant_a017,0.036884644591611476
0.0037202148039631815,0.0032402037884241533,0.004214599208034734,0.01678421052631579,0.0183,37.999999999999986,1.0048309178743962,0.9832229580573951,0.0004893156732891833,0.03461456953642384,2265,0,3,daily_me_op,daily size characteristic,adversarial_support_mismatch,17,calibration,block,constant_a018,0.036884644591611476
-0.0005429362640499826,-0.0009272647533497001,-9.093688715901343e-05,0.04589361702127659,0.0581,46.99999999999993,1.0048309178743962,0.9792494481236204,0.0005333333333333335,0.03605783664459162,2265,0,3,daily_me_op,daily size characteristic,adversarial_support_mismatch,17,calibration,block,constant_a019,0.036884644591611476
0.0037951279266017677,0.003104900707504407,0.004471567353042874,0.06851044776119401,0.09297204968944099,268.0000000000002,1.0048309178743962,0.8816777041942604,0.00028900662251655633,0.046241501103752754,2265,0,4,daily_me_op,daily size characteristic,adversarial_support_mismatch,17,calibration,block,constant_a020,0.036884644591611476
-0.05748051806643925,-0.18242792045452072,0.0016891408030837705,0.017612245288433935,0.01901818181818182,2.040000912598312,5200.0,0.9990993373454312,0.00029668874172185427,0.03527350993377483,2265,0,1,daily_me_op,daily size characteristic,adversarial_support_mismatch,17,calibration,block,constant_a021,0.036884644591611476
-0.05966183902581881,-0.18274131303576321,0.0020854193505771084,0.018659090909090938,0.02235098039215687,1.0409873069180773,5200.0,0.999540402955003,0.00039487858719646797,0.03427064017660044,2265,0,0,daily_me_op,daily size characteristic,adversarial_support_mismatch,17,calibration,block,constant_a022,0.036884644591611476
0.0023724176266509273,0.002015251369194777,0.002741466467967036,0.016084472049689442,0.02119029126213592,161.0000000000001,1.0048309178743962,0.9289183222958057,0.00040044150110375275,0.030308830022075055,2265,0,4,daily_me_op,daily size characteristic,adversarial_support_mismatch,17,calibration,block,constant_a023,0.036884644591611476
-0.00112919920710193,-0.0013611020423140055,-0.00092048564203259,0.026134513274336277,0.030215204678362577,225.9999999999997,1.0048309178743962,0.9002207505518766,0.0004770860927152318,0.031186534216335538,2265,0,4,daily_me_op,daily size characteristic,adversarial_support_mismatch,17,calibration,block,constant_a024,0.036884644591611476
0.00017060300751880583,0.00017060300751879678,0.00017060300751879688,,inf,0.0,0.0,1.0,0.00046527858719646806,0.036884644591611476,2265,200,0,daily_me_op,daily size characteristic,adversarial_support_mismatch,17,calibration,block,constant_equal_weight_public,0.036884644591611476
0.025525529266895084,0.00019705456933514378,0.10052933305120243,-0.0204,inf,1.0,5200.0,0.9995584988962473,0.0006160706401766005,0.03774635761589404,2265,75,0,daily_me_op,daily size characteristic,adversarial_support_mismatch,17,calibration,block,momentum_12,0.036884644591611476
0.0007435750986194538,0.00043334132063358805,0.0010754571272752601,0.027612121212121213,0.031145454545454542,165.00000000000009,1.0048309178743962,0.9271523178807947,0.0004981015452538633,0.031074392935982336,2265,0,4,daily_me_op,daily size characteristic,adversarial_support_mismatch,17,calibration,block,low_vol_12,0.036884644591611476
0.0255631724029883,0.00024007381859905637,0.10067131150576243,-0.0204,inf,1.0003864734155208,5200.0,0.9995583282678078,0.0005762030905077263,0.03806313465783665,2265,41,0,daily_me_op,daily size characteristic,adversarial_support_mismatch,17,calibration,block,risk_adjusted_12,0.036884644591611476
0.008402133090264585,0.007548083374574312,0.00939554290030532,0.07751632653061225,0.10480869565217392,98.00000000000007,1.0048309178743962,0.9567328918322295,0.00040445916114790294,0.04006666666666666,2265,0,4,daily_me_op,daily size characteristic,adversarial_support_mismatch,17,calibration,block,ridge_return_train_only,0.036884644591611476
-0.00038263095794175214,-0.0007081557224913016,-6.0250083012403416e-05,0.03549495548961423,0.040176470588235286,337.00000000000364,1.0048309178743962,0.8816713483146055,0.0003962780898876405,0.03857907303370787,2848,0,4,daily_me_op,daily size characteristic,adversarial_support_mismatch,17,test,iid,constant_a000,0.036884644591611476
0.006115858939854431,0.0017231590956312227,0.018801637095066947,-0.002919083969465654,0.04313333333333333,1.0252760477792078,5200.0,0.999640001387718,0.0005180828651685394,0.030657022471910114,2848,0,0,daily_me_op,daily size characteristic,adversarial_support_mismatch,17,test,iid,constant_a001,0.036884644591611476
0.021055969858331934,-0.0015248327830764596,0.06600215742926903,-0.0053694281939988585,0.0343,1.0484919969938222,5200.0,0.9996318497201566,0.0005845505617977528,0.030667977528089887,2848,0,0,daily_me_op,daily size characteristic,adversarial_support_mismatch,17,test,iid,constant_a002,0.036884644591611476
-0.0014639373018506263,-0.007354870484001548,0.0016131015253992439,-0.0015780487804878036,0.02865652173913044,1.0607943457957583,5200.0,0.9996275300752122,0.000689817415730337,0.039128651685393256,2848,0,0,daily_me_op,daily size characteristic,adversarial_support_mismatch,17,test,iid,constant_a003,0.036884644591611476
7.493913971679108e-05,-0.0001967408945104731,0.0003299004685265719,0.03395757575757575,0.04100487804878048,330.0000000000033,1.0048309178743962,0.8841292134831449,0.0003732443820224719,0.03620463483146068,2848,0,4,daily_me_op,daily size characteristic,adversarial_support_mismatch,17,test,iid,constant_a004,0.036884644591611476
0.000551142048451698,0.0003364362425342896,0.0007909120213734695,0.038197260273972605,0.04087605633802817,146.00000000000023,1.0048309178743962,0.9487359550561797,0.0004969803370786517,0.04001446629213483,2848,0,4,daily_me_op,daily size characteristic,adversarial_support_mismatch,17,test,iid,constant_a005,0.036884644591611476
0.004055142587189055,0.0037774692116015786,0.004387761077027574,0.013081818181818182,0.0131,22.000000000000018,1.0048309178743962,0.9922752808988764,0.000506179775280899,0.03197050561797753,2848,0,3,daily_me_op,daily size characteristic,adversarial_support_mismatch,17,test,iid,constant_a006,0.036884644591611476
0.007945429042793105,0.0001320774285004909,0.023222684195229843,-0.0038038247165097087,0.0352,1.0108494740587557,5200.0,0.9996450668981536,0.0005496839887640451,0.03202626404494382,2848,0,0,daily_me_op,daily size characteristic,adversarial_support_mismatch,17,test,iid,constant_a007,0.036884644591611476
0.0034197762685149948,0.0031265206569363775,0.0037573937910308744,0.004246461949265692,0.02897142857142857,1.026450249065629,5200.0,0.9996395890979405,0.0004826896067415731,0.03332331460674158,2848,0,0,daily_me_op,daily size characteristic,adversarial_support_mismatch,17,test,iid,constant_a008,0.036884644591611476
-0.0005507451396832106,-0.0009722051813077241,-7.860166283463003e-05,0.10767899159663866,0.13636779661016948,119.00000000000024,1.0048309178743962,0.9582162921348314,0.0004806179775280899,0.0354438202247191,2848,0,4,daily_me_op,daily size characteristic,adversarial_support_mismatch,17,test,iid,constant_a009,0.036884644591611476
-0.0003879317025062063,-0.0007576309786141809,-3.885256994455591e-05,0.05053896103896103,0.06422972972972972,154.00000000000017,1.0048309178743962,0.9459269662921348,0.0005072331460674157,0.03976390449438202,2848,0,4,daily_me_op,daily size characteristic,adversarial_support_mismatch,17,test,iid,constant_a010,0.036884644591611476
-0.0007138002023410871,-0.001026003333026429,-0.000447590292984321,0.03877037037037037,0.038900000000000004,27.00000000000002,1.0048309178743962,0.9905196629213483,0.0004511235955056179,0.03151390449438202,2848,0,3,daily_me_op,daily size characteristic,adversarial_support_mismatch,17,test,iid,constant_a011,0.036884644591611476
-0.0033909169143252083,-0.008736045407714032,-0.0005906453895411778,0.000425,0.0374,1.0096842309652687,5200.0,0.9996454760424982,0.0005087078651685394,0.032783988764044945,2848,0,0,daily_me_op,daily size characteristic,adversarial_support_mismatch,17,test,iid,constant_a012,0.036884644591611476
0.0019669602952223724,0.0016913711565774247,0.002177927851222702,0.022609803921568628,0.0248,50.9999999999999,1.0048309178743962,0.9820926966292135,0.0005538623595505618,0.03227443820224719,2848,0,4,daily_me_op,daily size characteristic,adversarial_support_mismatch,17,test,iid,constant_a013,0.036884644591611476
-0.0002210995354409454,-0.00043682986444460223,-1.6474200655966362e-05,0.025943835616438357,0.03254285714285714,72.9999999999999,1.0048309178743962,0.9743679775280899,0.000419066011235955,0.03335842696629214,2848,0,4,daily_me_op,daily size characteristic,adversarial_support_mismatch,17,test,iid,constant_a014,0.036884644591611476
-0.0010179635926414025,-0.0013387881915044985,-0.0007767236206810633,0.04397707006369427,0.04859079754601228,157.00000000000014,1.0048309178743962,0.9448735955056179,0.0005329705056179775,0.03754929775280899,2848,0,4,daily_me_op,daily size characteristic,adversarial_support_mismatch,17,test,iid,constant_a015,0.036884644591611476
0.03592382466211521,0.003956800955839021,0.09958337579450414,-0.017370574668460537,0.02,1.0108494740587555,5200.0,0.9996450668981536,0.0004458216292134831,0.029966853932584265,2848,0,0,daily_me_op,daily size characteristic,adversarial_support_mismatch,17,test,iid,constant_a016,0.036884644591611476
-0.001288716316570171,-0.0014704440646769318,-0.001120607733091001,0.013253846153846154,0.014199999999999999,26.00000000000002,1.0048309178743962,0.9908707865168539,0.0005253511235955056,0.02912837078651686,2848,0,3,daily_me_op,daily size characteristic,adversarial_support_mismatch,17,test,iid,constant_a017,0.036884644591611476
-0.01050776426930507,-0.03427912380181782,0.0015007080428101384,0.0024607555898226684,0.0151,1.0050299772544629,5200.0,0.9996471102607954,0.0005296348314606743,0.0289566011235955,2848,0,0,daily_me_op,daily size characteristic,adversarial_support_mismatch,17,test,iid,constant_a018,0.036884644591611476
0.001147150765606119,0.0008281841082570784,0.0014918797180524998,0.0003638248847926269,0.011699999999999999,1.0127930389163728,5200.0,0.9996443844666726,0.00048683286516853927,0.02873441011235955,2848,0,0,daily_me_op,daily size characteristic,adversarial_support_mismatch,17,test,iid,constant_a019,0.036884644591611476
0.0014926072096500677,0.0011850937395485794,0.0018085168722575104,0.04099242902208201,0.04577283950617285,317.0000000000026,1.0048309178743962,0.8886938202247182,0.0004640800561797754,0.037429634831460674,2848,0,4,daily_me_op,daily size characteristic,adversarial_support_mismatch,17,test,iid,constant_a020,0.036884644591611476
0.005230175478055727,0.0011965002517260047,0.013181830046627202,-0.0021698292220113822,0.03173829787234043,1.0370482944446688,5200.0,0.9996358678741416,0.0005357092696629213,0.029238483146067418,2848,0,0,daily_me_op,daily size characteristic,adversarial_support_mismatch,17,test,iid,constant_a021,0.036884644591611476
0.0017177625626470451,0.0015435361069710979,0.0018567215137012647,0.018675862068965515,0.022963999999999995,145.00000000000023,1.0048309178743962,0.9490870786516853,0.000558251404494382,0.02764115168539326,2848,0,4,daily_me_op,daily size characteristic,adversarial_support_mismatch,17,test,iid,constant_a022,0.036884644591611476
0.01590570483095035,-0.0004069242442224533,0.06425672740318386,-0.0029651346769636387,0.028667647058823527,1.0524526582685771,5200.0,0.9996304590385293,0.0006573033707865169,0.028800421348314606,2848,0,0,daily_me_op,daily size characteristic,adversarial_support_mismatch,17,test,iid,constant_a023,0.036884644591611476
-0.01203409327517497,-0.037140463655954074,0.0004425303797882739,0.006230099269526131,0.020570165745856354,1.0643794325850626,5200.0,0.9996262712666485,0.0006134831460674157,0.02737092696629214,2848,0,0,daily_me_op,daily size characteristic,adversarial_support_mismatch,17,test,iid,constant_a024,0.036884644591611476
0.00017060300751880672,0.0001706030075187968,0.00017060300751879688,,inf,0.0,0.0,1.0,0.0005147022471910111,0.030364893258426964,2848,200,0,daily_me_op,daily size characteristic,adversarial_support_mismatch,17,test,iid,constant_equal_weight_public,0.036884644591611476
0.00027431146291702753,1.687582793653937e-05,0.0004830564386897046,,inf,0.0,0.0,1.0,0.0005490519662921348,0.039553370786516856,2848,200,0,daily_me_op,daily size characteristic,adversarial_support_mismatch,17,test,iid,momentum_12,0.036884644591611476
-0.012324822775766454,-0.03747247726821752,0.0001461325697109987,0.006067226098434846,0.019391366906474826,1.0500753656926765,5200.0,0.9996312937620461,0.0004874002808988763,0.026351544943820224,2848,0,0,daily_me_op,daily size characteristic,adversarial_support_mismatch,17,test,iid,low_vol_12,0.036884644591611476
0.0004978145657499259,0.00028333873172409733,0.0006951090361117583,,inf,0.0,0.0,1.0,0.0007221207865168541,0.0337123595505618,2848,200,0,daily_me_op,daily size characteristic,adversarial_support_mismatch,17,test,iid,risk_adjusted_12,0.036884644591611476
-0.0011874695422758102,-0.02496541082161838,0.011089468247843702,0.003366259308764556,0.05241475409836067,1.0241025183558583,5200.0,0.9996404134415885,0.0005209620786516853,0.03368623595505618,2848,0,0,daily_me_op,daily size characteristic,adversarial_support_mismatch,17,test,iid,ridge_return_train_only,0.036884644591611476
-0.00038263095794175214,-0.0008989676306040173,0.0001338230503068081,0.03549495548961423,0.042894701986754956,337.00000000000364,1.0048309178743962,0.8816713483146055,0.0003962780898876405,0.03857907303370787,2848,0,4,daily_me_op,daily size characteristic,adversarial_support_mismatch,17,test,block,constant_a000,0.036884644591611476
0.006115858939854431,0.0014534585803570605,0.014709799822176288,-0.002919083969465654,0.04299354838709678,1.0252760477792078,5200.0,0.999640001387718,0.0005180828651685394,0.030657022471910114,2848,0,0,daily_me_op,daily size characteristic,adversarial_support_mismatch,17,test,block,constant_a001,0.036884644591611476
0.021055969858331934,-0.0017402731604609764,0.06673955232550353,-0.0053694281939988585,0.03369696969696969,1.0484919969938222,5200.0,0.9996318497201566,0.0005845505617977528,0.030667977528089887,2848,0,0,daily_me_op,daily size characteristic,adversarial_support_mismatch,17,test,block,constant_a002,0.036884644591611476
-0.0014639373018506263,-0.009995371297325167,0.0017229020882025806,-0.0015780487804878036,0.03297777777777778,1.0607943457957583,5200.0,0.9996275300752122,0.000689817415730337,0.039128651685393256,2848,0,0,daily_me_op,daily size characteristic,adversarial_support_mismatch,17,test,block,constant_a003,0.036884644591611476
7.493913971679108e-05,-0.00045163232627137937,0.000714178781510627,0.03395757575757575,0.04044385964912284,330.0000000000033,1.0048309178743962,0.8841292134831449,0.0003732443820224719,0.03620463483146068,2848,0,4,daily_me_op,daily size characteristic,adversarial_support_mismatch,17,test,block,constant_a004,0.036884644591611476
0.000551142048451698,0.00014897495525316822,0.0009799864192870718,0.038197260273972605,0.040725641025641024,146.00000000000023,1.0048309178743962,0.9487359550561797,0.0004969803370786517,0.04001446629213483,2848,0,4,daily_me_op,daily size characteristic,adversarial_support_mismatch,17,test,block,constant_a005,0.036884644591611476
0.004055142587189055,0.0033582207714472592,0.00478201912724906,0.013081818181818182,0.013100000000000002,22.000000000000018,1.0048309178743962,0.9922752808988764,0.000506179775280899,0.03197050561797753,2848,0,3,daily_me_op,daily size characteristic,adversarial_support_mismatch,17,test,block,constant_a006,0.036884644591611476
0.007945429042793105,6.999484202797281e-06,0.023732173477563154,-0.0038038247165097087,0.0352,1.0108494740587557,5200.0,0.9996450668981536,0.0005496839887640451,0.03202626404494382,2848,0,0,daily_me_op,daily size characteristic,adversarial_support_mismatch,17,test,block,constant_a007,0.036884644591611476
0.0034197762685149948,0.002600084505583491,0.004412372543658702,0.004246461949265692,0.02838507462686567,1.026450249065629,5200.0,0.9996395890979405,0.0004826896067415731,0.03332331460674158,2848,0,0,daily_me_op,daily size characteristic,adversarial_support_mismatch,17,test,block,constant_a008,0.036884644591611476
-0.0005507451396832106,-0.001143047825554867,-4.3439025978560295e-05,0.10767899159663866,0.13725145631067961,119.00000000000024,1.0048309178743962,0.9582162921348314,0.0004806179775280899,0.0354438202247191,2848,0,4,daily_me_op,daily size characteristic,adversarial_support_mismatch,17,test,block,constant_a009,0.036884644591611476
-0.0003879317025062063,-0.0009805318344152819,0.00027490219426024617,0.05053896103896103,0.05992857142857142,154.00000000000017,1.0048309178743962,0.9459269662921348,0.0005072331460674157,0.03976390449438202,2848,0,4,daily_me_op,daily size characteristic,adversarial_support_mismatch,17,test,block,constant_a010,0.036884644591611476
-0.0007138002023410871,-0.0012065023921795552,-0.0002847393538482019,0.03877037037037037,0.038900000000000004,27.00000000000002,1.0048309178743962,0.9905196629213483,0.0004511235955056179,0.03151390449438202,2848,0,3,daily_me_op,daily size characteristic,adversarial_support_mismatch,17,test,block,constant_a011,0.036884644591611476
-0.0033909169143252083,-0.009101855325757812,-0.00036226775294613106,0.000425,0.0374,1.0096842309652687,5200.0,0.9996454760424982,0.0005087078651685394,0.032783988764044945,2848,0,0,daily_me_op,daily size characteristic,adversarial_support_mismatch,17,test,block,constant_a012,0.036884644591611476
0.0019669602952223724,0.0012186845518032518,0.002766767507850506,0.022609803921568628,0.0248,50.9999999999999,1.0048309178743962,0.9820926966292135,0.0005538623595505618,0.03227443820224719,2848,0,4,daily_me_op,daily size characteristic,adversarial_support_mismatch,17,test,block,constant_a013,0.036884644591611476
-0.0002210995354409454,-0.0007326528752274866,0.00030905126432073047,0.025943835616438357,0.03218969072164948,72.9999999999999,1.0048309178743962,0.9743679775280899,0.000419066011235955,0.03335842696629214,2848,0,4,daily_me_op,daily size characteristic,adversarial_support_mismatch,17,test,block,constant_a014,0.036884644591611476
-0.0010179635926414025,-0.0015556287945945797,-0.00037862062074036826,0.04397707006369427,0.04892222222222222,157.00000000000014,1.0048309178743962,0.9448735955056179,0.0005329705056179775,0.03754929775280899,2848,0,4,daily_me_op,daily size characteristic,adversarial_support_mismatch,17,test,block,constant_a015,0.036884644591611476
0.03592382466211521,0.0030574584582623385,0.10099368264528669,-0.017370574668460537,0.02,1.0108494740587555,5200.0,0.9996450668981536,0.0004458216292134831,0.029966853932584265,2848,0,0,daily_me_op,daily size characteristic,adversarial_support_mismatch,17,test,block,constant_a016,0.036884644591611476
-0.001288716316570171,-0.0015899056451817238,-0.0009573195259339064,0.013253846153846154,0.014199999999999999,26.00000000000002,1.0048309178743962,0.9908707865168539,0.0005253511235955056,0.02912837078651686,2848,0,3,daily_me_op,daily size characteristic,adversarial_support_mismatch,17,test,block,constant_a017,0.036884644591611476
-0.01050776426930507,-0.034604509724079066,0.0018089150050269462,0.0024607555898226684,0.015100000000000002,1.0050299772544629,5200.0,0.9996471102607954,0.0005296348314606743,0.0289566011235955,2848,0,0,daily_me_op,daily size characteristic,adversarial_support_mismatch,17,test,block,constant_a018,0.036884644591611476
0.001147150765606119,2.34718383006156e-05,0.0023784182576757316,0.0003638248847926269,0.011699999999999999,1.0127930389163728,5200.0,0.9996443844666726,0.00048683286516853927,0.02873441011235955,2848,0,0,daily_me_op,daily size characteristic,adversarial_support_mismatch,17,test,block,constant_a019,0.036884644591611476
0.0014926072096500677,0.0006944306300859572,0.002272418351528464,0.04099242902208201,0.04757777777777779,317.0000000000026,1.0048309178743962,0.8886938202247182,0.0004640800561797754,0.037429634831460674,2848,0,4,daily_me_op,daily size characteristic,adversarial_support_mismatch,17,test,block,constant_a020,0.036884644591611476
0.005230175478055727,0.0010948485924021727,0.017046323788610634,-0.0021698292220113822,0.030360194174757275,1.0370482944446688,5200.0,0.9996358678741416,0.0005357092696629213,0.029238483146067418,2848,0,0,daily_me_op,daily size characteristic,adversarial_support_mismatch,17,test,block,constant_a021,0.036884644591611476
0.0017177625626470451,0.0013363362612511052,0.0021453040490254957,0.018675862068965515,0.025006666666666663,145.00000000000023,1.0048309178743962,0.9490870786516853,0.000558251404494382,0.02764115168539326,2848,0,4,daily_me_op,daily size characteristic,adversarial_support_mismatch,17,test,block,constant_a022,0.036884644591611476
0.01590570483095035,-0.0006342643880719599,0.06448394287000744,-0.0029651346769636387,0.028485714285714284,1.0524526582685771,5200.0,0.9996304590385293,0.0006573033707865169,0.028800421348314606,2848,0,0,daily_me_op,daily size characteristic,adversarial_support_mismatch,17,test,block,constant_a023,0.036884644591611476
-0.01203409327517497,-0.036951979551047544,0.0006846950284213131,0.006230099269526131,0.02051006289308176,1.0643794325850626,5200.0,0.9996262712666485,0.0006134831460674157,0.02737092696629214,2848,0,0,daily_me_op,daily size characteristic,adversarial_support_mismatch,17,test,block,constant_a024,0.036884644591611476
0.00017060300751880672,0.00017060300751879678,0.00017060300751879688,,inf,0.0,0.0,1.0,0.0005147022471910111,0.030364893258426964,2848,200,0,daily_me_op,daily size characteristic,adversarial_support_mismatch,17,test,block,constant_equal_weight_public,0.036884644591611476
0.00027431146291702753,3.516657374246562e-05,0.0005182042775403043,,inf,0.0,0.0,1.0,0.0005490519662921348,0.039553370786516856,2848,200,0,daily_me_op,daily size characteristic,adversarial_support_mismatch,17,test,block,momentum_12,0.036884644591611476
-0.012324822775766454,-0.03732315518326222,0.0003571148420038695,0.006067226098434846,0.01892857142857143,1.0500753656926765,5200.0,0.9996312937620461,0.0004874002808988763,0.026351544943820224,2848,0,0,daily_me_op,daily size characteristic,adversarial_support_mismatch,17,test,block,low_vol_12,0.036884644591611476
0.0004978145657499259,0.00025456492202399945,0.000746212192587858,,inf,0.0,0.0,1.0,0.0007221207865168541,0.0337123595505618,2848,200,0,daily_me_op,daily size characteristic,adversarial_support_mismatch,17,test,block,risk_adjusted_12,0.036884644591611476
-0.0011874695422758102,-0.02529599106723585,0.012095823069720811,0.003366259308764556,0.05548333333333333,1.0241025183558583,5200.0,0.9996404134415885,0.0005209620786516853,0.03368623595505618,2848,0,0,daily_me_op,daily size characteristic,adversarial_support_mismatch,17,test,block,ridge_return_train_only,0.036884644591611476
-0.0005466907310295178,-0.0008926579021321629,-0.00027742668368341484,0.04738620689655173,0.07213401360544215,145.00000000000023,1.0048309178743962,0.9359823399558498,0.00030348785871964673,0.0393766004415011,2265,0,4,daily_me_op,daily size characteristic,adversarial_support_mismatch,27,calibration,iid,constant_a000,0.036884644591611476
-0.0004211957956105095,-0.0006120712259343024,-0.00023707085163378162,0.06157619047619048,0.0725,41.999999999999964,1.0048309178743962,0.9814569536423842,0.00045673289183222954,0.03845033112582781,2265,0,3,daily_me_op,daily size characteristic,adversarial_support_mismatch,27,calibration,iid,constant_a001,0.036884644591611476
-0.00089351431516203,-0.0011005714553406513,-0.0006904590827651489,0.04197435897435897,0.04746865671641791,77.99999999999994,1.0048309178743962,0.9655629139072848,0.00042763796909492266,0.03839094922737307,2265,0,4,daily_me_op,daily size characteristic,adversarial_support_mismatch,27,calibration,iid,constant_a002,0.036884644591611476
0.0018128086857658995,0.001621659527651433,0.001983074847481706,0.037758156028368794,0.04587058823529412,141.00000000000026,1.0048309178743962,0.9377483443708609,0.00047395143487858726,0.03862604856512141,2265,0,4,daily_me_op,daily size characteristic,adversarial_support_mismatch,27,calibration,iid,constant_a003,0.036884644591611476
-0.0008264983284112699,-0.0011278647761097287,-0.0005243878548971722,0.05272222222222222,0.07463722627737224,144.00000000000023,1.0048309178743962,0.9364238410596025,0.0004247682119205297,0.04078388520971302,2265,0,4,daily_me_op,daily size characteristic,adversarial_support_mismatch,27,calibration,iid,constant_a004,0.036884644591611476
-0.030800511331985126,-0.09384976304088657,0.0009041333575508509,0.02268552581982663,0.06737777777777777,1.0512636760515741,5200.0,0.9995358659266881,0.0004983664459161148,0.04207969094922737,2265,0,0,daily_me_op,daily size characteristic,adversarial_support_mismatch,27,calibration,iid,constant_a005,0.036884644591611476
-0.07215346910260098,-0.22259940653990465,0.003120304340016286,0.02576579954093345,0.036833333333333336,1.020585961266552,5200.0,0.9995494101716262,0.0004000000000000001,0.03936004415011037,2265,0,0,daily_me_op,daily size characteristic,adversarial_support_mismatch,27,calibration,iid,constant_a006,0.036884644591611476
0.00033093977781504006,-0.0009626030753276178,0.0025037384010683124,-0.0029184793070259835,0.027200000000000002,1.0077436521786538,5200.0,0.9995550800652633,0.0005164238410596026,0.03821633554083886,2265,0,0,daily_me_op,daily size characteristic,adversarial_support_mismatch,27,calibration,iid,constant_a007,0.036884644591611476
0.002314716243693439,0.0016509248006420605,0.002909931353874107,0.0012589914367269264,0.03464705882352941,1.0311537728375715,5200.0,0.9995447444711534,0.000591523178807947,0.03958874172185431,2265,0,0,daily_me_op,daily size characteristic,adversarial_support_mismatch,27,calibration,iid,constant_a008,0.036884644591611476
0.00014685281052802902,-0.0001436791606363423,0.0004563122599808084,0.035069696969696966,0.0438830985915493,65.99999999999984,1.0048309178743962,0.970860927152318,0.0006415011037527594,0.04022317880794702,2265,0,4,daily_me_op,daily size characteristic,adversarial_support_mismatch,27,calibration,iid,constant_a009,0.036884644591611476
-0.0029972330046689945,-0.0033096319185992873,-0.002716649490611811,0.042954545454545454,0.04824406779661017,110.00000000000017,1.0048309178743962,0.9514348785871964,0.0004702428256070641,0.04091456953642385,2265,0,4,daily_me_op,daily size characteristic,adversarial_support_mismatch,27,calibration,iid,constant_a010,0.036884644591611476
0.02621461618699282,0.0002671152201353328,0.07783025694932334,-0.0036830159646085814,0.0165,1.0092959659043375,5200.0,0.99955439471704,0.0005049448123620308,0.03691633554083885,2265,0,0,daily_me_op,daily size characteristic,adversarial_support_mismatch,27,calibration,iid,constant_a011,0.036884644591611476
0.0010025267134903453,0.000883165482998086,0.0011239166750384288,0.009899999999999997,0.009899999999999999,16.000000000000018,1.0048309178743962,0.9929359823399558,0.0005502428256070641,0.03507041942604857,2265,0,3,daily_me_op,daily size characteristic,adversarial_support_mismatch,27,calibration,iid,constant_a012,0.036884644591611476
-0.0004351971071758157,-0.0026975488402064176,0.0008202884009051506,0.0028639769452449577,0.0245,1.0116266760465724,5200.0,0.9995533657059397,0.0005137748344370861,0.036443487858719655,2265,0,0,daily_me_op,daily size characteristic,adversarial_support_mismatch,27,calibration,iid,constant_a013,0.036884644591611476
-0.0003416277201180992,-0.0005458387422787755,-0.00013268182258795188,0.032407692307692304,0.0359,51.99999999999989,1.0048309178743962,0.9770419426048566,0.000672671081677704,0.03833708609271524,2265,0,4,daily_me_op,daily size characteristic,adversarial_support_mismatch,27,calibration,iid,constant_a014,0.036884644591611476
-0.0016677107675293346,-0.0018725279946669234,-0.0014427148623352166,0.02858695652173913,0.034169230769230764,115.00000000000021,1.0048309178743962,0.9492273730684326,0.0004266225165562914,0.042104856512141284,2265,0,4,daily_me_op,daily size characteristic,adversarial_support_mismatch,27,calibration,iid,constant_a015,0.036884644591611476
-0.014863357605224399,-0.048390188250417486,0.0017275035154027413,0.006731287281123734,0.0252,1.0085196597378705,5200.0,0.9995547374570694,0.0004412362030905077,0.037138410596026496,2265,0,0,daily_me_op,daily size characteristic,adversarial_support_mismatch,27,calibration,iid,constant_a016,0.036884644591611476
-0.0018022570041158585,-0.0020374832568514395,-0.00159114284698672,0.0197,0.0209,32.00000000000003,1.0048309178743962,0.9858719646799117,0.00043708609271523176,0.03571677704194261,2265,0,3,daily_me_op,daily size characteristic,adversarial_support_mismatch,27,calibration,iid,constant_a017,0.036884644591611476
0.0536955822615897,0.0037737625218452883,0.16639273344368913,-0.007094638560015407,0.01730689655172414,2.015099393892483,5200.0,0.999110331393425,0.0004893156732891833,0.03461456953642384,2265,0,1,daily_me_op,daily size characteristic,adversarial_support_mismatch,27,calibration,iid,constant_a018,0.036884644591611476
-0.0013602682758014249,-0.001646699111166571,-0.0010883107249640392,0.04589361702127659,0.0581,46.99999999999993,1.0048309178743962,0.9792494481236204,0.0005333333333333335,0.03605783664459162,2265,0,3,daily_me_op,daily size characteristic,adversarial_support_mismatch,27,calibration,iid,constant_a019,0.036884644591611476
-0.024172521912246545,-0.080450228944092,0.004063487309105069,0.006761219243481455,0.07968479087452475,1.107465411164738,5200.0,0.9995110527986028,0.00028900662251655633,0.046241501103752754,2265,0,0,daily_me_op,daily size characteristic,adversarial_support_mismatch,27,calibration,iid,constant_a020,0.036884644591611476
0.005373442890899621,0.0017688018302526626,0.01248263143731892,-0.0010397877984084888,0.01916818181818182,1.0401989072141775,5200.0,0.9995407510343425,0.00029668874172185427,0.03527350993377483,2265,0,0,daily_me_op,daily size characteristic,adversarial_support_mismatch,27,calibration,iid,constant_a021,0.036884644591611476
0.0017854534314265798,0.0016656319192244968,0.0019394498333175343,0.019376699029126216,0.026484905660377353,103.00000000000013,1.0048309178743962,0.9545253863134657,0.00039487858719646797,0.03427064017660044,2265,0,4,daily_me_op,daily size characteristic,adversarial_support_mismatch,27,calibration,iid,constant_a022,0.036884644591611476
0.0023517489250265864,0.0021851140065207468,0.002508529928631922,0.016084472049689442,0.02067785234899329,161.0000000000001,1.0048309178743962,0.9289183222958057,0.00040044150110375275,0.030308830022075055,2265,0,4,daily_me_op,daily size characteristic,adversarial_support_mismatch,27,calibration,iid,constant_a023,0.036884644591611476
0.01830282054059337,-0.0010071606759126152,0.054129134173605084,0.00023435756830859369,0.0262909090909091,2.088682673930004,5200.0,0.9990778442940706,0.0004770860927152318,0.031186534216335538,2265,0,1,daily_me_op,daily size characteristic,adversarial_support_mismatch,27,calibration,iid,constant_a024,0.036884644591611476
0.00017890488721805246,0.00017890488721804504,0.00017890488721804515,,inf,0.0,0.0,1.0,0.00046527858719646806,0.036884644591611476,2265,200,0,daily_me_op,daily size characteristic,adversarial_support_mismatch,27,calibration,iid,constant_equal_weight_public,0.036884644591611476
0.0006571814882071899,0.0004272332824764966,0.0008641356934215925,,inf,0.0,0.0,1.0,0.0006160706401766005,0.03774635761589404,2265,200,0,daily_me_op,daily size characteristic,adversarial_support_mismatch,27,calibration,iid,momentum_12,0.036884644591611476
0.01744206034642611,0.0006754027563190234,0.05074429313158875,0.001544729451413593,0.030392052980132447,1.0651769396953257,5200.0,0.9995297232054325,0.0004981015452538633,0.031074392935982336,2265,0,0,daily_me_op,daily size characteristic,adversarial_support_mismatch,27,calibration,iid,low_vol_12,0.036884644591611476
0.0032218346617363513,0.00042209472286533554,0.008638880739306628,-0.0032,inf,1.0003864734155208,5200.0,0.9995583282678078,0.0005762030905077263,0.03806313465783665,2265,26,0,daily_me_op,daily size characteristic,adversarial_support_mismatch,27,calibration,iid,risk_adjusted_12,0.036884644591611476
-0.010760842085899076,-0.07574215083692047,0.03545950742303188,-0.0004497084408756344,0.08517187500000001,2.043124352273276,5200.0,0.9990979583433672,0.0004131567328918322,0.04050640176600441,2265,0,1,daily_me_op,daily size characteristic,adversarial_support_mismatch,27,calibration,iid,ridge_return_train_only,0.036884644591611476
-0.0005466907310295178,-0.0009107630763048047,-6.144340409705424e-05,0.04738620689655173,0.07146760563380282,145.00000000000023,1.0048309178743962,0.9359823399558498,0.00030348785871964673,0.0393766004415011,2265,0,4,daily_me_op,daily size characteristic,adversarial_support_mismatch,27,calibration,block,constant_a000,0.036884644591611476
-0.0004211957956105095,-0.0007512271149924997,-0.00011408582620104472,0.06157619047619048,0.0725,41.999999999999964,1.0048309178743962,0.9814569536423842,0.00045673289183222954,0.03845033112582781,2265,0,3,daily_me_op,daily size characteristic,adversarial_support_mismatch,27,calibration,block,constant_a001,0.036884644591611476
-0.00089351431516203,-0.0013883081310727447,-0.0004946399274332649,0.04197435897435897,0.047914285714285715,77.99999999999994,1.0048309178743962,0.9655629139072848,0.00042763796909492266,0.03839094922737307,2265,0,4,daily_me_op,daily size characteristic,adversarial_support_mismatch,27,calibration,block,constant_a002,0.036884644591611476
0.0018128086857658995,0.0015301094878548834,0.0021107199807232054,0.037758156028368794,0.047609090909090906,141.00000000000026,1.0048309178743962,0.9377483443708609,0.00047395143487858726,0.03862604856512141,2265,0,4,daily_me_op,daily size characteristic,adversarial_support_mismatch,27,calibration,block,constant_a003,0.036884644591611476
-0.0008264983284112699,-0.0011265999810430181,-0.0005679380029412619,0.05272222222222222,0.08165714285714287,144.00000000000023,1.0048309178743962,0.9364238410596025,0.0004247682119205297,0.04078388520971302,2265,0,4,daily_me_op,daily size characteristic,adversarial_support_mismatch,27,calibration,block,constant_a004,0.036884644591611476
-0.030800511331985126,-0.09390571305715502,0.0010139699536271896,0.02268552581982663,0.07508421052631578,1.0512636760515741,5200.0,0.9995358659266881,0.0004983664459161148,0.04207969094922737,2265,0,0,daily_me_op,daily size characteristic,adversarial_support_mismatch,27,calibration,block,constant_a005,0.036884644591611476
-0.07215346910260098,-0.222459681628802,0.0033545801291613177,0.02576579954093345,0.03520370370370371,1.020585961266552,5200.0,0.9995494101716262,0.0004000000000000001,0.03936004415011037,2265,0,0,daily_me_op,daily size characteristic,adversarial_support_mismatch,27,calibration,block,constant_a006,0.036884644591611476
0.00033093977781504006,-0.0011344161842924414,0.002668354270043268,-0.0029184793070259835,0.027200000000000002,1.0077436521786538,5200.0,0.9995550800652633,0.0005164238410596026,0.03821633554083886,2265,0,0,daily_me_op,daily size characteristic,adversarial_support_mismatch,27,calibration,block,constant_a007,0.036884644591611476
0.002314716243693439,0.0014238841884962438,0.0032363936093511496,0.0012589914367269264,0.038708108108108104,1.0311537728375715,5200.0,0.9995447444711534,0.000591523178807947,0.03958874172185431,2265,0,0,daily_me_op,daily size characteristic,adversarial_support_mismatch,27,calibration,block,constant_a008,0.036884644591611476
0.00014685281052802902,-0.00022074467564520166,0.0004915895072757228,0.035069696969696966,0.04467014925373135,65.99999999999984,1.0048309178743962,0.970860927152318,0.0006415011037527594,0.04022317880794702,2265,0,4,daily_me_op,daily size characteristic,adversarial_support_mismatch,27,calibration,block,constant_a009,0.036884644591611476
-0.0029972330046689945,-0.0034066911225364574,-0.002640984227486479,0.042954545454545454,0.049157692307692305,110.00000000000017,1.0048309178743962,0.9514348785871964,0.0004702428256070641,0.04091456953642385,2265,0,4,daily_me_op,daily size characteristic,adversarial_support_mismatch,27,calibration,block,constant_a010,0.036884644591611476
0.02621461618699282,0.00018721578715526668,0.07787856789976806,-0.0036830159646085814,0.0165,1.0092959659043375,5200.0,0.99955439471704,0.0005049448123620308,0.03691633554083885,2265,0,0,daily_me_op,daily size characteristic,adversarial_support_mismatch,27,calibration,block,constant_a011,0.036884644591611476
0.0010025267134903453,0.0008433615776689833,0.0011709321501167218,0.009899999999999997,0.009899999999999999,16.000000000000018,1.0048309178743962,0.9929359823399558,0.0005502428256070641,0.03507041942604857,2265,0,3,daily_me_op,daily size characteristic,adversarial_support_mismatch,27,calibration,block,constant_a012,0.036884644591611476
-0.0004351971071758157,-0.0027787898503542066,0.001004675734230297,0.0028639769452449577,0.0245,1.0116266760465724,5200.0,0.9995533657059397,0.0005137748344370861,0.036443487858719655,2265,0,0,daily_me_op,daily size characteristic,adversarial_support_mismatch,27,calibration,block,constant_a013,0.036884644591611476
-0.0003416277201180992,-0.0006287094009124365,-3.770936100766087e-05,0.032407692307692304,0.03541578947368421,51.99999999999989,1.0048309178743962,0.9770419426048566,0.000672671081677704,0.03833708609271524,2265,0,4,daily_me_op,daily size characteristic,adversarial_support_mismatch,27,calibration,block,constant_a014,0.036884644591611476
-0.0016677107675293346,-0.002201960409782275,-0.0011673049031778913,0.02858695652173913,0.03382222222222222,115.00000000000021,1.0048309178743962,0.9492273730684326,0.0004266225165562914,0.042104856512141284,2265,0,4,daily_me_op,daily size characteristic,adversarial_support_mismatch,27,calibration,block,constant_a015,0.036884644591611476
-0.014863357605224399,-0.04796757333604833,0.002141268477450631,0.006731287281123734,0.0252,1.0085196597378705,5200.0,0.9995547374570694,0.0004412362030905077,0.037138410596026496,2265,0,0,daily_me_op,daily size characteristic,adversarial_support_mismatch,27,calibration,block,constant_a016,0.036884644591611476
-0.0018022570041158585,-0.002221007037838499,-0.0014860757098023496,0.0197,0.0209,32.00000000000003,1.0048309178743962,0.9858719646799117,0.00043708609271523176,0.03571677704194261,2265,0,3,daily_me_op,daily size characteristic,adversarial_support_mismatch,27,calibration,block,constant_a017,0.036884644591611476
0.0536955822615897,0.0035119097822104138,0.14420320625038335,-0.007094638560015407,0.017863636363636363,2.015099393892483,5200.0,0.999110331393425,0.0004893156732891833,0.03461456953642384,2265,0,1,daily_me_op,daily size characteristic,adversarial_support_mismatch,27,calibration,block,constant_a018,0.036884644591611476
-0.0013602682758014249,-0.001853529056183333,-0.0008711441219261191,0.04589361702127659,0.0581,46.99999999999993,1.0048309178743962,0.9792494481236204,0.0005333333333333335,0.03605783664459162,2265,0,3,daily_me_op,daily size characteristic,adversarial_support_mismatch,27,calibration,block,constant_a019,0.036884644591611476
-0.024172521912246545,-0.10756495067708356,0.004348742701936555,0.006761219243481455,0.08534329501915709,1.107465411164738,5200.0,0.9995110527986028,0.00028900662251655633,0.046241501103752754,2265,0,0,daily_me_op,daily size characteristic,adversarial_support_mismatch,27,calibration,block,constant_a020,0.036884644591611476
0.005373442890899621,0.0016868155894714308,0.012355600803381836,-0.0010397877984084888,0.019134951456310677,1.0401989072141775,5200.0,0.9995407510343425,0.00029668874172185427,0.03527350993377483,2265,0,0,daily_me_op,daily size characteristic,adversarial_support_mismatch,27,calibration,block,constant_a021,0.036884644591611476
0.0017854534314265798,0.0015638982161054285,0.002047739377761685,0.019376699029126216,0.025344444444444447,103.00000000000013,1.0048309178743962,0.9545253863134657,0.00039487858719646797,0.03427064017660044,2265,0,4,daily_me_op,daily size characteristic,adversarial_support_mismatch,27,calibration,block,constant_a022,0.036884644591611476
0.0023517489250265864,0.0020370783830842734,0.0027753008154057027,0.016084472049689442,0.020920430107526884,161.0000000000001,1.0048309178743962,0.9289183222958057,0.00040044150110375275,0.030308830022075055,2265,0,4,daily_me_op,daily size characteristic,adversarial_support_mismatch,27,calibration,block,constant_a023,0.036884644591611476
0.01830282054059337,-0.001083017189486897,0.05433890777678357,0.00023435756830859369,0.028096137339055798,2.088682673930004,5200.0,0.9990778442940706,0.0004770860927152318,0.031186534216335538,2265,0,1,daily_me_op,daily size characteristic,adversarial_support_mismatch,27,calibration,block,constant_a024,0.036884644591611476
0.00017890488721805246,0.00017890488721804498,0.00017890488721804515,,inf,0.0,0.0,1.0,0.00046527858719646806,0.036884644591611476,2265,200,0,daily_me_op,daily size characteristic,adversarial_support_mismatch,27,calibration,block,constant_equal_weight_public,0.036884644591611476
0.0006571814882071899,0.00031748426152088935,0.0009763440680938359,,inf,0.0,0.0,1.0,0.0006160706401766005,0.03774635761589404,2265,200,0,daily_me_op,daily size characteristic,adversarial_support_mismatch,27,calibration,block,momentum_12,0.036884644591611476
0.01744206034642611,0.0006608115245945967,0.050900107447447274,0.001544729451413593,0.030054320987654322,1.0651769396953257,5200.0,0.9995297232054325,0.0004981015452538633,0.031074392935982336,2265,0,0,daily_me_op,daily size characteristic,adversarial_support_mismatch,27,calibration,block,low_vol_12,0.036884644591611476
0.0032218346617363513,0.0002633428981108703,0.00882459293023939,-0.0032,inf,1.0003864734155208,5200.0,0.9995583282678078,0.0005762030905077263,0.03806313465783665,2265,29,0,daily_me_op,daily size characteristic,adversarial_support_mismatch,27,calibration,block,risk_adjusted_12,0.036884644591611476
-0.010760842085899076,-0.08523516762365876,0.026892310977835624,-0.0004497084408756344,0.08226521739130432,2.043124352273276,5200.0,0.9990979583433672,0.0004131567328918322,0.04050640176600441,2265,0,1,daily_me_op,daily size characteristic,adversarial_support_mismatch,27,calibration,block,ridge_return_train_only,0.036884644591611476
0.1002478418344093,-0.05624260766216573,0.48671262906198076,0.01158098044718869,0.03404643962848298,2.133146591300741,5200.0,0.999251001899122,0.0003962780898876405,0.03857907303370787,2848,0,1,daily_me_op,daily size characteristic,adversarial_support_mismatch,27,test,iid,constant_a000,0.036884644591611476
0.0018291615940476881,0.0015868475569397358,0.0020557070641618056,0.03960769230769231,0.04370566037735849,64.99999999999983,1.0048309178743962,0.9771769662921349,0.0005180828651685394,0.030657022471910114,2848,0,4,daily_me_op,daily size characteristic,adversarial_support_mismatch,27,test,iid,constant_a001,0.036884644591611476
-0.0015023060966906274,-0.001677036929675619,-0.0013289357420168172,0.02938064516129032,0.03920542635658914,124.00000000000028,1.0048309178743962,0.9564606741573033,0.0005845505617977528,0.030667977528089887,2848,0,4,daily_me_op,daily size characteristic,adversarial_support_mismatch,27,test,iid,constant_a002,0.036884644591611476
0.001483449360014308,0.00124626954450587,0.0017166134971950031,0.025925806451612902,0.03492413793103449,155.00000000000014,1.0048309178743962,0.9455758426966292,0.000689817415730337,0.039128651685393256,2848,0,4,daily_me_op,daily size characteristic,adversarial_support_mismatch,27,test,iid,constant_a003,0.036884644591611476
0.0428783291617383,0.00019236540822685055,0.12787423991175245,0.004206215921483065,0.0374261398176292,1.1303557842155945,5200.0,0.9996031054128457,0.0003732443820224719,0.03620463483146068,2848,0,0,daily_me_op,daily size characteristic,adversarial_support_mismatch,27,test,iid,constant_a004,0.036884644591611476
0.0006305340316834804,0.0003397953955983124,0.0008567364093568008,0.038197260273972605,0.04069367088607595,146.00000000000023,1.0048309178743962,0.9487359550561797,0.0004969803370786517,0.04001446629213483,2848,0,4,daily_me_op,daily size characteristic,adversarial_support_mismatch,27,test,iid,constant_a005,0.036884644591611476
0.0032802591024958475,0.0029650304137972755,0.0036258544324741775,0.013081818181818182,0.0131,22.000000000000018,1.0048309178743962,0.9922752808988764,0.000506179775280899,0.03197050561797753,2848,0,3,daily_me_op,daily size characteristic,adversarial_support_mismatch,27,test,iid,constant_a006,0.036884644591611476
0.01850196168509714,0.0006769211160418644,0.04766141761487933,0.0008654075929851612,0.0352,2.01083484229036,5200.0,0.999293948440207,0.0005496839887640451,0.03202626404494382,2848,0,1,daily_me_op,daily size characteristic,adversarial_support_mismatch,27,test,iid,constant_a007,0.036884644591611476
0.0034757521808223757,0.0031945211405606613,0.0037771006153762307,0.02586470588235294,0.029945454545454546,67.99999999999987,1.0048309178743962,0.976123595505618,0.0004826896067415731,0.03332331460674158,2848,0,4,daily_me_op,daily size characteristic,adversarial_support_mismatch,27,test,iid,constant_a008,0.036884644591611476
-7.96710704668145e-05,-0.0005168111947123801,0.0002934148855084953,0.10726666666666665,0.1366377049180328,120.00000000000024,1.0048309178743962,0.9578651685393258,0.0004806179775280899,0.0354438202247191,2848,0,4,daily_me_op,daily size characteristic,adversarial_support_mismatch,27,test,iid,constant_a009,0.036884644591611476
-0.0005270958651400126,-0.0008758707423010534,-0.0002097772640976601,0.05046774193548386,0.06397777777777779,155.00000000000014,1.0048309178743962,0.9455758426966292,0.0005072331460674157,0.03976390449438202,2848,0,4,daily_me_op,daily size characteristic,adversarial_support_mismatch,27,test,iid,constant_a010,0.036884644591611476
-0.0006765581921787079,-0.0009527478041020704,-0.00039304079856099873,0.03877037037037037,0.038900000000000004,27.00000000000002,1.0048309178743962,0.9905196629213483,0.0004511235955056179,0.03151390449438202,2848,0,3,daily_me_op,daily size characteristic,adversarial_support_mismatch,27,test,iid,constant_a011,0.036884644591611476
-0.02108258289257631,-0.0619950071065667,-0.000550084410309512,0.008237692307692312,0.0374,1.0096842309652694,5200.0,0.9996454760424982,0.0005087078651685394,0.032783988764044945,2848,0,0,daily_me_op,daily size characteristic,adversarial_support_mismatch,27,test,iid,constant_a012,0.036884644591611476
-0.006908561880925724,-0.02984588507360134,0.0009085046514946286,0.009626382246030222,0.02410769230769231,1.0201956059587312,5200.0,0.9996417852507168,0.0005538623595505618,0.03227443820224719,2848,0,0,daily_me_op,daily size characteristic,adversarial_support_mismatch,27,test,iid,constant_a013,0.036884644591611476
-0.01762639201187151,-0.05384209907205684,0.0006097841459673411,0.00844550304878048,0.028833333333333336,1.0284087442381133,5200.0,0.9996389014240737,0.000419066011235955,0.03335842696629214,2848,0,0,daily_me_op,daily size characteristic,adversarial_support_mismatch,27,test,iid,constant_a014,0.036884644591611476
-0.0010514469938168623,-0.0013237743144837626,-0.0007993046880315249,0.04390886075949368,0.04897534246575342,158.00000000000014,1.0048309178743962,0.9445224719101123,0.0005329705056179775,0.03754929775280899,2848,0,4,daily_me_op,daily size characteristic,adversarial_support_mismatch,27,test,iid,constant_a015,0.036884644591611476
0.0034354813923284993,0.0030423227519738,0.003802951261596032,0.019285714285714285,0.02,28.00000000000002,1.0048309178743962,0.9901685393258427,0.0004458216292134831,0.029966853932584265,2848,0,3,daily_me_op,daily size characteristic,adversarial_support_mismatch,27,test,iid,constant_a016,0.036884644591611476
-0.001042828193029012,-0.0012270745291705998,-0.0008536486581066182,0.013253846153846154,0.014199999999999999,26.00000000000002,1.0048309178743962,0.9908707865168539,0.0005253511235955056,0.02912837078651686,2848,0,3,daily_me_op,daily size characteristic,adversarial_support_mismatch,27,test,iid,constant_a017,0.036884644591611476
0.0022797932602805697,0.002157028000157473,0.002469996848182511,0.0151,0.015100000000000002,13.000000000000014,1.0048309178743962,0.995435393258427,0.0005296348314606743,0.0289566011235955,2848,0,3,daily_me_op,daily size characteristic,adversarial_support_mismatch,27,test,iid,constant_a018,0.036884644591611476
-0.00020470923832135448,-0.000516429771610186,0.00010784917337317689,0.01095151515151515,0.011699999999999999,33.00000000000002,1.0048309178743962,0.9884129213483146,0.00048683286516853927,0.02873441011235955,2848,0,3,daily_me_op,daily size characteristic,adversarial_support_mismatch,27,test,iid,constant_a019,0.036884644591611476
0.001485878126131914,0.0011836673004264177,0.0017977632641837744,0.041063492063492045,0.04590701754385964,315.0000000000025,1.0048309178743962,0.8893960674157295,0.0004640800561797754,0.037429634831460674,2848,0,4,daily_me_op,daily size characteristic,adversarial_support_mismatch,27,test,iid,constant_a020,0.036884644591611476
0.0014195961038135632,0.0013067365023219058,0.0015428149128917728,0.022861702127659575,0.03440103092783506,94.00000000000006,1.0048309178743962,0.9669943820224719,0.0005357092696629213,0.029238483146067418,2848,0,4,daily_me_op,daily size characteristic,adversarial_support_mismatch,27,test,iid,constant_a021,0.036884644591611476
0.013489927928081824,0.0016055605873520594,0.03703264978359588,-0.0028515037593984907,0.021181927710843377,1.0568180078466842,5200.0,0.9996289262612897,0.000558251404494382,0.02764115168539326,2848,0,0,daily_me_op,daily size characteristic,adversarial_support_mismatch,27,test,iid,constant_a022,0.036884644591611476
0.03882561688165901,-0.0005098169322849217,0.11831595980727543,-0.00940218414611186,0.02847878787878788,1.0532456863343131,5200.0,0.9996301805876635,0.0006573033707865169,0.028800421348314606,2848,0,0,daily_me_op,daily size characteristic,adversarial_support_mismatch,27,test,iid,constant_a023,0.036884644591611476
0.00045537109120304727,0.00030049132062347683,0.0006087242450402305,0.01913658536585366,0.021084615384615382,164.0000000000001,1.0048309178743962,0.9424157303370786,0.0006134831460674157,0.02737092696629214,2848,0,4,daily_me_op,daily size characteristic,adversarial_support_mismatch,27,test,iid,constant_a024,0.036884644591611476
0.0001789048872180533,0.00017890488721804504,0.00017890488721804512,,inf,0.0,0.0,1.0,0.0005147022471910111,0.030364893258426964,2848,200,0,daily_me_op,daily size characteristic,adversarial_support_mismatch,27,test,iid,constant_equal_weight_public,0.036884644591611476
0.0003195585773027504,9.284025387261037e-05,0.0005100831611349171,,inf,0.0,0.0,1.0,0.0005490519662921348,0.039553370786516856,2848,200,0,daily_me_op,daily size characteristic,adversarial_support_mismatch,27,test,iid,momentum_12,0.036884644591611476
0.03924387535653921,-5.690054431634427e-05,0.1186894566698099,-0.009473515551366645,0.019366666666666664,1.0508674979476942,5200.0,0.9996310156257207,0.0004874002808988763,0.026351544943820224,2848,0,0,daily_me_op,daily size characteristic,adversarial_support_mismatch,27,test,iid,low_vol_12,0.036884644591611476
0.0005169630136822671,0.0002794032741895578,0.0007067225506310615,,inf,0.0,0.0,1.0,0.0007221207865168541,0.0337123595505618,2848,200,0,daily_me_op,daily size characteristic,adversarial_support_mismatch,27,test,iid,risk_adjusted_12,0.036884644591611476
0.01047775833516743,0.0100403782685089,0.010934887266153928,0.04816567164179104,0.05692173913043478,66.99999999999986,1.0048309178743962,0.9764747191011236,0.00042640028089887627,0.03368707865168539,2848,0,4,daily_me_op,daily size characteristic,adversarial_support_mismatch,27,test,iid,ridge_return_train_only,0.036884644591611476
0.1002478418344093,-0.05617704190461037,0.4861281002455407,0.01158098044718869,0.03670978260869565,2.133146591300741,5200.0,0.999251001899122,0.0003962780898876405,0.03857907303370787,2848,0,1,daily_me_op,daily size characteristic,adversarial_support_mismatch,27,test,block,constant_a000,0.036884644591611476
0.0018291615940476881,0.0013627503044770209,0.002363474331569009,0.03960769230769231,0.044000000000000004,64.99999999999983,1.0048309178743962,0.9771769662921349,0.0005180828651685394,0.030657022471910114,2848,0,4,daily_me_op,daily size characteristic,adversarial_support_mismatch,27,test,block,constant_a001,0.036884644591611476
-0.0015023060966906274,-0.0019622572889428217,-0.001047936140188707,0.02938064516129032,0.0355849710982659,124.00000000000028,1.0048309178743962,0.9564606741573033,0.0005845505617977528,0.030667977528089887,2848,0,4,daily_me_op,daily size characteristic,adversarial_support_mismatch,27,test,block,constant_a002,0.036884644591611476
0.001483449360014308,0.0010798030067461803,0.0018923029471451004,0.025925806451612902,0.03542080924855492,155.00000000000014,1.0048309178743962,0.9455758426966292,0.000689817415730337,0.039128651685393256,2848,0,4,daily_me_op,daily size characteristic,adversarial_support_mismatch,27,test,block,constant_a003,0.036884644591611476
0.0428783291617383,7.277215596900701e-05,0.12804929902522552,0.004206215921483065,0.03931428571428572,1.1303557842155945,5200.0,0.9996031054128457,0.0003732443820224719,0.03620463483146068,2848,0,0,daily_me_op,daily size characteristic,adversarial_support_mismatch,27,test,block,constant_a004,0.036884644591611476
0.0006305340316834804,0.00020065314211180346,0.001110965443872346,0.038197260273972605,0.04091927710843373,146.00000000000023,1.0048309178743962,0.9487359550561797,0.0004969803370786517,0.04001446629213483,2848,0,4,daily_me_op,daily size characteristic,adversarial_support_mismatch,27,test,block,constant_a005,0.036884644591611476
0.0032802591024958475,0.0023204429286036786,0.00415169603197681,0.013081818181818182,0.0131,22.000000000000018,1.0048309178743962,0.9922752808988764,0.000506179775280899,0.03197050561797753,2848,0,3,daily_me_op,daily size characteristic,adversarial_support_mismatch,27,test,block,constant_a006,0.036884644591611476
0.01850196168509714,0.00046532054712334893,0.04705660742132674,0.0008654075929851612,0.03513809523809524,2.01083484229036,5200.0,0.999293948440207,0.0005496839887640451,0.03202626404494382,2848,0,1,daily_me_op,daily size characteristic,adversarial_support_mismatch,27,test,block,constant_a007,0.036884644591611476
0.0034757521808223757,0.002790740517457419,0.004511822520820461,0.02586470588235294,0.030399999999999996,67.99999999999987,1.0048309178743962,0.976123595505618,0.0004826896067415731,0.03332331460674158,2848,0,4,daily_me_op,daily size characteristic,adversarial_support_mismatch,27,test,block,constant_a008,0.036884644591611476
-7.96710704668145e-05,-0.000539401889937605,0.00035049700038989023,0.10726666666666665,0.13786338028169012,120.00000000000024,1.0048309178743962,0.9578651685393258,0.0004806179775280899,0.0354438202247191,2848,0,4,daily_me_op,daily size characteristic,adversarial_support_mismatch,27,test,block,constant_a009,0.036884644591611476
-0.0005270958651400126,-0.0009720498963884278,9.132248558849604e-05,0.05046774193548386,0.061918309859154926,155.00000000000014,1.0048309178743962,0.9455758426966292,0.0005072331460674157,0.03976390449438202,2848,0,4,daily_me_op,daily size characteristic,adversarial_support_mismatch,27,test,block,constant_a010,0.036884644591611476
-0.0006765581921787079,-0.0011195414666654794,-0.00024795293680098906,0.03877037037037037,0.038900000000000004,27.00000000000002,1.0048309178743962,0.9905196629213483,0.0004511235955056179,0.03151390449438202,2848,0,3,daily_me_op,daily size characteristic,adversarial_support_mismatch,27,test,block,constant_a011,0.036884644591611476
-0.02108258289257631,-0.06205848678662016,-0.00031512144871509646,0.008237692307692312,0.0374,1.0096842309652694,5200.0,0.9996454760424982,0.0005087078651685394,0.032783988764044945,2848,0,0,daily_me_op,daily size characteristic,adversarial_support_mismatch,27,test,block,constant_a012,0.036884644591611476
-0.006908561880925724,-0.02311835337161882,0.0012968152329938146,0.009626382246030222,0.024056521739130435,1.0201956059587312,5200.0,0.9996417852507168,0.0005538623595505618,0.03227443820224719,2848,0,0,daily_me_op,daily size characteristic,adversarial_support_mismatch,27,test,block,constant_a013,0.036884644591611476
-0.01762639201187151,-0.05473927905133009,0.0009184867797049445,0.00844550304878048,0.028275409836065572,1.0284087442381133,5200.0,0.9996389014240737,0.000419066011235955,0.03335842696629214,2848,0,0,daily_me_op,daily size characteristic,adversarial_support_mismatch,27,test,block,constant_a014,0.036884644591611476
-0.0010514469938168623,-0.001647079034589383,-0.0005239752294907895,0.04390886075949368,0.04899230769230769,158.00000000000014,1.0048309178743962,0.9445224719101123,0.0005329705056179775,0.03754929775280899,2848,0,4,daily_me_op,daily size characteristic,adversarial_support_mismatch,27,test,block,constant_a015,0.036884644591611476
0.0034354813923284993,0.002206077675745517,0.005027103089202485,0.019285714285714285,0.02,28.00000000000002,1.0048309178743962,0.9901685393258427,0.0004458216292134831,0.029966853932584265,2848,0,3,daily_me_op,daily size characteristic,adversarial_support_mismatch,27,test,block,constant_a016,0.036884644591611476
-0.001042828193029012,-0.0013467030878525925,-0.000817141172107033,0.013253846153846154,0.014199999999999999,26.00000000000002,1.0048309178743962,0.9908707865168539,0.0005253511235955056,0.02912837078651686,2848,0,3,daily_me_op,daily size characteristic,adversarial_support_mismatch,27,test,block,constant_a017,0.036884644591611476
0.0022797932602805697,0.001896690928118195,0.002699189210586279,0.0151,0.015100000000000002,13.000000000000014,1.0048309178743962,0.995435393258427,0.0005296348314606743,0.0289566011235955,2848,0,3,daily_me_op,daily size characteristic,adversarial_support_mismatch,27,test,block,constant_a018,0.036884644591611476
-0.00020470923832135448,-0.0011253652073849598,0.0008166458463603447,0.01095151515151515,0.011699999999999999,33.00000000000002,1.0048309178743962,0.9884129213483146,0.00048683286516853927,0.02873441011235955,2848,0,3,daily_me_op,daily size characteristic,adversarial_support_mismatch,27,test,block,constant_a019,0.036884644591611476
0.001485878126131914,0.0006603836324914063,0.0021501935127774124,0.041063492063492045,0.046795546558704465,315.0000000000025,1.0048309178743962,0.8893960674157295,0.0004640800561797754,0.037429634831460674,2848,0,4,daily_me_op,daily size characteristic,adversarial_support_mismatch,27,test,block,constant_a020,0.036884644591611476
0.0014195961038135632,0.0011794420422745148,0.001683164781487991,0.022861702127659575,0.035254545454545455,94.00000000000006,1.0048309178743962,0.9669943820224719,0.0005357092696629213,0.029238483146067418,2848,0,4,daily_me_op,daily size characteristic,adversarial_support_mismatch,27,test,block,constant_a021,0.036884644591611476
0.013489927928081824,0.001385675878357864,0.036731686344758506,-0.0028515037593984907,0.02359156626506025,1.0568180078466842,5200.0,0.9996289262612897,0.000558251404494382,0.02764115168539326,2848,0,0,daily_me_op,daily size characteristic,adversarial_support_mismatch,27,test,block,constant_a022,0.036884644591611476
0.03882561688165901,-0.0007923257563084074,0.11734259818954262,-0.00940218414611186,0.02875925925925926,1.0532456863343131,5200.0,0.9996301805876635,0.0006573033707865169,0.028800421348314606,2848,0,0,daily_me_op,daily size characteristic,adversarial_support_mismatch,27,test,block,constant_a023,0.036884644591611476
0.00045537109120304727,3.785275409825448e-05,0.0009119252792785706,0.01913658536585366,0.021311888111888114,164.0000000000001,1.0048309178743962,0.9424157303370786,0.0006134831460674157,0.02737092696629214,2848,0,4,daily_me_op,daily size characteristic,adversarial_support_mismatch,27,test,block,constant_a024,0.036884644591611476
0.0001789048872180533,0.00017890488721804498,0.00017890488721804515,,inf,0.0,0.0,1.0,0.0005147022471910111,0.030364893258426964,2848,200,0,daily_me_op,daily size characteristic,adversarial_support_mismatch,27,test,block,constant_equal_weight_public,0.036884644591611476
0.0003195585773027504,2.282507539489457e-05,0.0005962796721177903,,inf,0.0,0.0,1.0,0.0005490519662921348,0.039553370786516856,2848,200,0,daily_me_op,daily size characteristic,adversarial_support_mismatch,27,test,block,momentum_12,0.036884644591611476
0.03924387535653921,-0.00024201140614484671,0.1179545871390879,-0.009473515551366645,0.018984374999999998,1.0508674979476942,5200.0,0.9996310156257207,0.0004874002808988763,0.026351544943820224,2848,0,0,daily_me_op,daily size characteristic,adversarial_support_mismatch,27,test,block,low_vol_12,0.036884644591611476
0.0005169630136822671,0.00023060537648452882,0.000803703287106054,,inf,0.0,0.0,1.0,0.0007221207865168541,0.0337123595505618,2848,200,0,daily_me_op,daily size characteristic,adversarial_support_mismatch,27,test,block,risk_adjusted_12,0.036884644591611476
0.01047775833516743,0.009187907064095365,0.012158611407626979,0.04816567164179104,0.056681690140845065,66.99999999999986,1.0048309178743962,0.9764747191011236,0.00042640028089887627,0.03368707865168539,2848,0,4,daily_me_op,daily size characteristic,adversarial_support_mismatch,27,test,block,ridge_return_train_only,0.036884644591611476
