DR,return_lcb,return_ucb,risk_hat,risk_ucb,ESS,max_weight,support_gap,truth_return,truth_cvar,eval_n,unsupported_bootstrap_draws,ess_bin,task,family,behavior,seed,split,scheme,policy,baseline_tau
-0.00033273152353678994,-0.0022444567272805064,0.0013058047297717574,0.03363657817109145,0.0428235294117647,338.99999999999994,6.999999999999999,0.8503311258278146,0.00041139072847682127,0.03324061810154525,2265,0,4,daily_factor_momentum,daily industry/factor,uniform_high_overlap,7,calibration,iid,constant_market_total,0.0
6.169398325493524e-05,-0.0006002130314328673,0.0008047832836797445,0.012407418397626114,0.01425459940652819,336.99999999999994,6.999999999999999,0.8512141280353202,7.015452538631345e-05,0.013065783664459159,2265,0,4,daily_factor_momentum,daily industry/factor,uniform_high_overlap,7,calibration,iid,constant_SMB,0.0
-0.0004704430013893939,-0.001238993757720528,0.0003269500687044089,0.019798795180722892,0.02465421686746988,331.99999999999994,6.999999999999999,0.8534216335540838,-1.0154525386313429e-05,0.0170317880794702,2265,0,4,daily_factor_momentum,daily industry/factor,uniform_high_overlap,7,calibration,iid,constant_HML,0.0
0.0002388195180910733,-0.00031276883455968844,0.0007098893238547758,0.009484905660377359,0.01250428134556575,317.99999999999994,6.999999999999999,0.8596026490066225,0.00014984547461368655,0.008575717439293598,2265,0,4,daily_factor_momentum,daily industry/factor,uniform_high_overlap,7,calibration,iid,constant_RMW,0.0
0.00012137037211880434,-0.00018439443453406018,0.0004262893893691025,0.0059268138801261815,0.006660317460317461,316.99999999999994,6.999999999999999,0.8600441501103753,7.682119205298012e-05,0.005985209713024283,2265,0,4,daily_factor_momentum,daily industry/factor,uniform_high_overlap,7,calibration,iid,constant_CMA,0.0
-0.0005696637847391061,-0.0018175802903960979,0.0006470849390052037,0.029881967213114754,0.0362655737704918,304.9999999999999,6.999999999999999,0.8653421633554085,-9.006622516556304e-06,0.02774150110375276,2265,0,4,daily_factor_momentum,daily industry/factor,uniform_high_overlap,7,calibration,iid,constant_momentum,0.0
5.8296260750867335e-05,4.302659625295802e-05,7.23869002978341e-05,0.0,0.0,316.99999999999994,6.999999999999999,0.8600441501103753,5.077262693156734e-05,0.0,2265,0,4,daily_factor_momentum,daily industry/factor,uniform_high_overlap,7,calibration,iid,constant_cash_RF,0.0
-0.00043458677172564085,-0.0014658618833672075,0.00029946988001012707,0.024741141141141145,0.030831085043988272,332.99999999999994,6.999999999999999,0.8529801324503312,0.0001739514348785872,0.023893598233995585,2265,0,4,daily_factor_momentum,daily industry/factor,uniform_high_overlap,7,calibration,iid,momentum_12,0.0
5.8296260750867335e-05,4.302659625295802e-05,7.23869002978341e-05,0.0,0.0,316.99999999999994,6.999999999999999,0.8600441501103753,5.077262693156734e-05,0.0,2265,0,4,daily_factor_momentum,daily industry/factor,uniform_high_overlap,7,calibration,iid,low_vol_12,0.0
-0.0003223120646930639,-0.0009270389741912476,0.00016294126180508133,0.015040476190476194,0.019465916398713826,335.99999999999994,6.999999999999999,0.8516556291390729,0.0001938189845474614,0.015237748344370862,2265,0,4,daily_factor_momentum,daily industry/factor,uniform_high_overlap,7,calibration,iid,risk_adjusted_12,0.0
-0.0010735969767258478,-0.002495523380038406,0.0002653871982945799,0.03128888888888889,0.04037252396166135,332.99999999999994,6.999999999999999,0.8529801324503312,0.00026326710816777045,0.031541280353200876,2265,0,4,daily_factor_momentum,daily industry/factor,uniform_high_overlap,7,calibration,iid,ridge_return_train_only,0.0
-0.00033273152353678994,-0.0018310368729827155,0.0011404817549102002,0.03363657817109145,0.04644561403508773,338.99999999999994,6.999999999999999,0.8503311258278146,0.00041139072847682127,0.03324061810154525,2265,0,4,daily_factor_momentum,daily industry/factor,uniform_high_overlap,7,calibration,block,constant_market_total,0.0
6.169398325493524e-05,-0.0005635005348596316,0.000812935865150578,0.012407418397626114,0.015163976945244958,336.99999999999994,6.999999999999999,0.8512141280353202,7.015452538631345e-05,0.013065783664459159,2265,0,4,daily_factor_momentum,daily industry/factor,uniform_high_overlap,7,calibration,block,constant_SMB,0.0
-0.0004704430013893939,-0.0012707720338226158,0.0001622936827446512,0.019798795180722892,0.02523952095808383,331.99999999999994,6.999999999999999,0.8534216335540838,-1.0154525386313429e-05,0.0170317880794702,2265,0,4,daily_factor_momentum,daily industry/factor,uniform_high_overlap,7,calibration,block,constant_HML,0.0
0.0002388195180910733,-0.00024438501283299835,0.0006609931519372669,0.009484905660377359,0.0119,317.99999999999994,6.999999999999999,0.8596026490066225,0.00014984547461368655,0.008575717439293598,2265,0,4,daily_factor_momentum,daily industry/factor,uniform_high_overlap,7,calibration,block,constant_RMW,0.0
0.00012137037211880434,-0.0002526264962587505,0.0004396212700987032,0.0059268138801261815,0.0067125,316.99999999999994,6.999999999999999,0.8600441501103753,7.682119205298012e-05,0.005985209713024283,2265,0,4,daily_factor_momentum,daily industry/factor,uniform_high_overlap,7,calibration,block,constant_CMA,0.0
-0.0005696637847391061,-0.0016025084007366222,0.0003462901517320372,0.029881967213114754,0.03704363636363637,304.9999999999999,6.999999999999999,0.8653421633554085,-9.006622516556304e-06,0.02774150110375276,2265,0,4,daily_factor_momentum,daily industry/factor,uniform_high_overlap,7,calibration,block,constant_momentum,0.0
5.8296260750867335e-05,3.8997628771988414e-05,7.656153838244988e-05,0.0,0.0,316.99999999999994,6.999999999999999,0.8600441501103753,5.077262693156734e-05,0.0,2265,0,4,daily_factor_momentum,daily industry/factor,uniform_high_overlap,7,calibration,block,constant_cash_RF,0.0
-0.00043458677172564085,-0.0015889169141082083,0.0007074407182532447,0.024741141141141145,0.03139876543209876,332.99999999999994,6.999999999999999,0.8529801324503312,0.0001739514348785872,0.023893598233995585,2265,0,4,daily_factor_momentum,daily industry/factor,uniform_high_overlap,7,calibration,block,momentum_12,0.0
5.8296260750867335e-05,3.8997628771988414e-05,7.656153838244988e-05,0.0,0.0,316.99999999999994,6.999999999999999,0.8600441501103753,5.077262693156734e-05,0.0,2265,0,4,daily_factor_momentum,daily industry/factor,uniform_high_overlap,7,calibration,block,low_vol_12,0.0
-0.0003223120646930639,-0.0012476961938580312,0.0003662377109645853,0.015040476190476194,0.02057325227963526,335.99999999999994,6.999999999999999,0.8516556291390729,0.0001938189845474614,0.015237748344370862,2265,0,4,daily_factor_momentum,daily industry/factor,uniform_high_overlap,7,calibration,block,risk_adjusted_12,0.0
-0.0010735969767258478,-0.0026180445746520234,-0.00010177976298640907,0.03128888888888889,0.044570786516853936,332.99999999999994,6.999999999999999,0.8529801324503312,0.00026326710816777045,0.031541280353200876,2265,0,4,daily_factor_momentum,daily industry/factor,uniform_high_overlap,7,calibration,block,ridge_return_train_only,0.0
0.0006520451226226098,-0.0006092086029563236,0.0017369721839540528,0.028376381909547742,0.037525742574257434,397.99999999999994,6.999999999999999,0.8602528089887641,0.0005706460674157303,0.027760112359550563,2848,0,4,daily_factor_momentum,daily industry/factor,uniform_high_overlap,7,test,iid,constant_market_total,0.0
-0.0002836866467875023,-0.0009771033340334634,0.0004218900284326732,0.013196897374701672,0.014707655502392345,419.0,6.999999999999999,0.8528792134831461,-7.784410112359552e-05,0.014024719101123597,2848,0,4,daily_factor_momentum,daily industry/factor,uniform_high_overlap,7,test,iid,constant_SMB,0.0
-4.480462380345177e-05,-0.0008127650374136634,0.0010291322403073418,0.019767469879518072,0.02265875299760192,415.0,6.999999999999999,0.8542837078651686,-3.0547752808988755e-05,0.019923314606741575,2848,0,4,daily_factor_momentum,daily industry/factor,uniform_high_overlap,7,test,iid,constant_HML,0.0
-3.3851445113944345e-05,-0.0005760627455187595,0.0005220342087300057,0.011261111111111112,0.012443119266055045,432.0,6.999999999999999,0.848314606741573,0.00010066713483146068,0.011674859550561799,2848,0,4,daily_factor_momentum,daily industry/factor,uniform_high_overlap,7,test,iid,constant_RMW,0.0
-0.00010032568101955509,-0.0005816701158020142,0.0003227853498255177,0.012301995012468828,0.014985000000000004,400.99999999999994,6.999999999999999,0.8591994382022472,-4.93328651685393e-05,0.011041151685393259,2848,0,4,daily_factor_momentum,daily industry/factor,uniform_high_overlap,7,test,iid,constant_CMA,0.0
0.00037354375186577927,-0.00045245864665706994,0.001540058946002073,0.023179069767441864,0.027989473684210526,386.99999999999994,6.999999999999999,0.8641151685393258,0.0001740168539325843,0.02775182584269663,2848,0,4,daily_factor_momentum,daily industry/factor,uniform_high_overlap,7,test,iid,constant_momentum,0.0
8.45151926064617e-05,7.236737818620823e-05,9.474242727582905e-05,0.0,0.0,395.99999999999994,6.999999999999999,0.8609550561797753,8.072331460674158e-05,0.0,2848,0,4,daily_factor_momentum,daily industry/factor,uniform_high_overlap,7,test,iid,constant_cash_RF,0.0
-0.00022073778125085905,-0.0010226020193615638,0.0006606245973016015,0.021311735941320298,0.024923469387755103,408.99999999999994,6.999999999999999,0.8563904494382023,0.00021348314606741572,0.020687078651685394,2848,0,4,daily_factor_momentum,daily industry/factor,uniform_high_overlap,7,test,iid,momentum_12,0.0
8.45151926064617e-05,7.236737818620823e-05,9.474242727582905e-05,0.0,0.0,395.99999999999994,6.999999999999999,0.8609550561797753,8.072331460674158e-05,0.0,2848,0,4,daily_factor_momentum,daily industry/factor,uniform_high_overlap,7,test,iid,low_vol_12,0.0
-5.265256200034248e-05,-0.0005689203817913748,0.000454879596232536,0.014658536585365856,0.01833684210526316,409.99999999999994,6.999999999999999,0.8560393258426966,0.00022521067415730343,0.013886657303370785,2848,0,4,daily_factor_momentum,daily industry/factor,uniform_high_overlap,7,test,iid,risk_adjusted_12,0.0
0.0008299711865788071,-0.00022206102736465035,0.001967299596709406,0.02347916666666667,0.029007960199004975,383.99999999999994,6.999999999999999,0.8651685393258427,0.0005594803370786517,0.023268539325842694,2848,0,4,daily_factor_momentum,daily industry/factor,uniform_high_overlap,7,test,iid,ridge_return_train_only,0.0
0.0006520451226226098,-0.00017469124366183925,0.0017088705357253898,0.028376381909547742,0.03705866983372921,397.99999999999994,6.999999999999999,0.8602528089887641,0.0005706460674157303,0.027760112359550563,2848,0,4,daily_factor_momentum,daily industry/factor,uniform_high_overlap,7,test,block,constant_market_total,0.0
-0.0002836866467875023,-0.0008953866226527361,0.0005494640209951537,0.013196897374701672,0.01452857142857143,419.0,6.999999999999999,0.8528792134831461,-7.784410112359552e-05,0.014024719101123597,2848,0,4,daily_factor_momentum,daily industry/factor,uniform_high_overlap,7,test,block,constant_SMB,0.0
-4.480462380345177e-05,-0.0008999550930907837,0.000830986800766765,0.019767469879518072,0.02334801864801865,415.0,6.999999999999999,0.8542837078651686,-3.0547752808988755e-05,0.019923314606741575,2848,0,4,daily_factor_momentum,daily industry/factor,uniform_high_overlap,7,test,block,constant_HML,0.0
-3.3851445113944345e-05,-0.0005590607502680071,0.00045972096034427074,0.011261111111111112,0.012359102244389028,432.0,6.999999999999999,0.848314606741573,0.00010066713483146068,0.011674859550561799,2848,0,4,daily_factor_momentum,daily industry/factor,uniform_high_overlap,7,test,block,constant_RMW,0.0
-0.00010032568101955509,-0.0005382589838296913,0.00034973321190433183,0.012301995012468828,0.014953488372093024,400.99999999999994,6.999999999999999,0.8591994382022472,-4.93328651685393e-05,0.011041151685393259,2848,0,4,daily_factor_momentum,daily industry/factor,uniform_high_overlap,7,test,block,constant_CMA,0.0
0.00037354375186577927,-0.0006981341603980192,0.001422108352673309,0.023179069767441864,0.026636619718309863,386.99999999999994,6.999999999999999,0.8641151685393258,0.0001740168539325843,0.02775182584269663,2848,0,4,daily_factor_momentum,daily industry/factor,uniform_high_overlap,7,test,block,constant_momentum,0.0
8.45151926064617e-05,6.87014722941046e-05,0.00010001916643643499,0.0,0.0,395.99999999999994,6.999999999999999,0.8609550561797753,8.072331460674158e-05,0.0,2848,0,4,daily_factor_momentum,daily industry/factor,uniform_high_overlap,7,test,block,constant_cash_RF,0.0
-0.00022073778125085905,-0.0010343090792798483,0.000591842332349034,0.021311735941320298,0.024364705882352945,408.99999999999994,6.999999999999999,0.8563904494382023,0.00021348314606741572,0.020687078651685394,2848,0,4,daily_factor_momentum,daily industry/factor,uniform_high_overlap,7,test,block,momentum_12,0.0
8.45151926064617e-05,6.87014722941046e-05,0.00010001916643643499,0.0,0.0,395.99999999999994,6.999999999999999,0.8609550561797753,8.072331460674158e-05,0.0,2848,0,4,daily_factor_momentum,daily industry/factor,uniform_high_overlap,7,test,block,low_vol_12,0.0
-5.265256200034248e-05,-0.0005547288233269068,0.000478240800143446,0.014658536585365856,0.019123456790123453,409.99999999999994,6.999999999999999,0.8560393258426966,0.00022521067415730343,0.013886657303370785,2848,0,4,daily_factor_momentum,daily industry/factor,uniform_high_overlap,7,test,block,risk_adjusted_12,0.0
0.0008299711865788071,-0.00010277440550944165,0.0018956699435704251,0.02347916666666667,0.028193617021276592,383.99999999999994,6.999999999999999,0.8651685393258427,0.0005594803370786517,0.023268539325842694,2848,0,4,daily_factor_momentum,daily industry/factor,uniform_high_overlap,7,test,block,ridge_return_train_only,0.0
6.051927396058068e-05,-0.001562075580525857,0.0013352055165097244,0.03464385964912281,0.04549907120743033,284.99999999999994,6.999999999999999,0.8741721854304636,0.00041139072847682127,0.03324061810154525,2265,0,4,daily_factor_momentum,daily industry/factor,uniform_high_overlap,17,calibration,iid,constant_market_total,0.0
-5.0079031126304855e-05,-0.0007212154666157084,0.0008140866396786491,0.011868882175226586,0.013914606741573033,330.99999999999994,6.999999999999999,0.8538631346578367,7.015452538631345e-05,0.013065783664459159,2265,0,4,daily_factor_momentum,daily industry/factor,uniform_high_overlap,17,calibration,iid,constant_SMB,0.0
-0.0001296612120302448,-0.0010092723054829869,0.0008868777540216726,0.02149884726224784,0.026062390670553937,346.99999999999994,6.999999999999999,0.8467991169977925,-1.0154525386313429e-05,0.0170317880794702,2265,0,4,daily_factor_momentum,daily industry/factor,uniform_high_overlap,17,calibration,iid,constant_HML,0.0
4.1988433958524624e-05,-0.00028443629863510986,0.0003560923000560567,0.0073801242236024855,0.008381873111782477,321.99999999999994,6.999999999999999,0.8578366445916115,0.00014984547461368655,0.008575717439293598,2265,0,4,daily_factor_momentum,daily industry/factor,uniform_high_overlap,17,calibration,iid,constant_RMW,0.0
0.00022822018493464603,-4.286588799561428e-05,0.0005294109163414438,0.006004733727810651,0.007015068493150685,337.99999999999994,6.999999999999999,0.8507726269315674,7.682119205298012e-05,0.005985209713024283,2265,0,4,daily_factor_momentum,daily industry/factor,uniform_high_overlap,17,calibration,iid,constant_CMA,0.0
-0.00015301994951640567,-0.0013804935843168208,0.0009698566644274211,0.03001207430340558,0.04128862275449102,322.99999999999994,6.999999999999999,0.8573951434878587,-9.006622516556304e-06,0.02774150110375276,2265,0,4,daily_factor_momentum,daily industry/factor,uniform_high_overlap,17,calibration,iid,constant_momentum,0.0
5.772010563417161e-05,4.2819602580092856e-05,6.985881281699249e-05,0.0,0.0,318.99999999999994,6.999999999999999,0.8591611479028698,5.077262693156734e-05,0.0,2265,0,4,daily_factor_momentum,daily industry/factor,uniform_high_overlap,17,calibration,iid,constant_cash_RF,0.0
0.0003359509236414657,-0.0006559284717461558,0.0012702035467882194,0.02361963746223565,0.031916246498599435,330.99999999999994,6.999999999999999,0.8538631346578367,0.0001739514348785872,0.023893598233995585,2265,0,4,daily_factor_momentum,daily industry/factor,uniform_high_overlap,17,calibration,iid,momentum_12,0.0
5.772010563417161e-05,4.2819602580092856e-05,6.985881281699249e-05,0.0,0.0,318.99999999999994,6.999999999999999,0.8591611479028698,5.077262693156734e-05,0.0,2265,0,4,daily_factor_momentum,daily industry/factor,uniform_high_overlap,17,calibration,iid,low_vol_12,0.0
0.00014376686361687797,-0.0003801121865779825,0.0007420342304616461,0.01354,0.016887240356083084,349.99999999999994,6.999999999999999,0.8454746136865342,0.0001938189845474614,0.015237748344370862,2265,0,4,daily_factor_momentum,daily industry/factor,uniform_high_overlap,17,calibration,iid,risk_adjusted_12,0.0
0.0008932972646333751,-0.0002970528201171057,0.0021539989643602248,0.028969620253164557,0.040587375415282394,315.99999999999994,6.999999999999999,0.8604856512141281,0.0005053421633554084,0.027907726269315675,2265,0,4,daily_factor_momentum,daily industry/factor,uniform_high_overlap,17,calibration,iid,ridge_return_train_only,0.0
6.051927396058068e-05,-0.0015060392146104926,0.0013219979912670926,0.03464385964912281,0.049282417582417574,284.99999999999994,6.999999999999999,0.8741721854304636,0.00041139072847682127,0.03324061810154525,2265,0,4,daily_factor_momentum,daily industry/factor,uniform_high_overlap,17,calibration,block,constant_market_total,0.0
-5.0079031126304855e-05,-0.0006964666140315119,0.0006497272685554306,0.011868882175226586,0.013662499999999998,330.99999999999994,6.999999999999999,0.8538631346578367,7.015452538631345e-05,0.013065783664459159,2265,0,4,daily_factor_momentum,daily industry/factor,uniform_high_overlap,17,calibration,block,constant_SMB,0.0
-0.0001296612120302448,-0.000974957666659456,0.0006572801792287642,0.02149884726224784,0.02599279778393352,346.99999999999994,6.999999999999999,0.8467991169977925,-1.0154525386313429e-05,0.0170317880794702,2265,0,4,daily_factor_momentum,daily industry/factor,uniform_high_overlap,17,calibration,block,constant_HML,0.0
4.1988433958524624e-05,-0.0003203186386647979,0.0003404101904774721,0.0073801242236024855,0.008601223241590213,321.99999999999994,6.999999999999999,0.8578366445916115,0.00014984547461368655,0.008575717439293598,2265,0,4,daily_factor_momentum,daily industry/factor,uniform_high_overlap,17,calibration,block,constant_RMW,0.0
0.00022822018493464603,-8.46083463472267e-05,0.0006226605937683634,0.006004733727810651,0.006894985250737463,337.99999999999994,6.999999999999999,0.8507726269315674,7.682119205298012e-05,0.005985209713024283,2265,0,4,daily_factor_momentum,daily industry/factor,uniform_high_overlap,17,calibration,block,constant_CMA,0.0
-0.00015301994951640567,-0.001442415801346164,0.0008692711162300102,0.03001207430340558,0.043757142857142856,322.99999999999994,6.999999999999999,0.8573951434878587,-9.006622516556304e-06,0.02774150110375276,2265,0,4,daily_factor_momentum,daily industry/factor,uniform_high_overlap,17,calibration,block,constant_momentum,0.0
5.772010563417161e-05,4.321744846393152e-05,7.747467195261098e-05,0.0,0.0,318.99999999999994,6.999999999999999,0.8591611479028698,5.077262693156734e-05,0.0,2265,0,4,daily_factor_momentum,daily industry/factor,uniform_high_overlap,17,calibration,block,constant_cash_RF,0.0
0.0003359509236414657,-0.0005838890815686406,0.0010216220980549652,0.02361963746223565,0.03217012987012987,330.99999999999994,6.999999999999999,0.8538631346578367,0.0001739514348785872,0.023893598233995585,2265,0,4,daily_factor_momentum,daily industry/factor,uniform_high_overlap,17,calibration,block,momentum_12,0.0
5.772010563417161e-05,4.321744846393152e-05,7.747467195261098e-05,0.0,0.0,318.99999999999994,6.999999999999999,0.8591611479028698,5.077262693156734e-05,0.0,2265,0,4,daily_factor_momentum,daily industry/factor,uniform_high_overlap,17,calibration,block,low_vol_12,0.0
0.00014376686361687797,-0.00041127908252567273,0.0007245366258607997,0.01354,0.017047058823529408,349.99999999999994,6.999999999999999,0.8454746136865342,0.0001938189845474614,0.015237748344370862,2265,0,4,daily_factor_momentum,daily industry/factor,uniform_high_overlap,17,calibration,block,risk_adjusted_12,0.0
0.0008932972646333751,-0.0002456619616949012,0.0019812946354151946,0.028969620253164557,0.04437250859106529,315.99999999999994,6.999999999999999,0.8604856512141281,0.0005053421633554084,0.027907726269315675,2265,0,4,daily_factor_momentum,daily industry/factor,uniform_high_overlap,17,calibration,block,ridge_return_train_only,0.0
0.0008476394199648551,-0.00026430757640409197,0.002152534297641839,0.027997590361445782,0.03602439024390244,415.0,6.999999999999999,0.8542837078651686,0.0005706460674157303,0.027760112359550563,2848,0,4,daily_factor_momentum,daily industry/factor,uniform_high_overlap,17,test,iid,constant_market_total,0.0
7.808564285372232e-05,-0.0006780094156328996,0.0007206601148092948,0.014456777493606139,0.017202857142857145,390.99999999999994,6.999999999999999,0.8627106741573034,-7.784410112359552e-05,0.014024719101123597,2848,0,4,daily_factor_momentum,daily industry/factor,uniform_high_overlap,17,test,iid,constant_SMB,0.0
-4.667054445545496e-05,-0.0008806504676527793,0.0007194600015962943,0.02152098765432099,0.02564825986078886,404.99999999999994,6.999999999999999,0.8577949438202247,-3.0547752808988755e-05,0.019923314606741575,2848,0,4,daily_factor_momentum,daily industry/factor,uniform_high_overlap,17,test,iid,constant_HML,0.0
5.7314366764157445e-06,-0.0004172401962642393,0.0005243990831627644,0.012254404145077722,0.012987962962962965,385.99999999999994,6.999999999999999,0.8644662921348315,0.00010066713483146068,0.011674859550561799,2848,0,4,daily_factor_momentum,daily industry/factor,uniform_high_overlap,17,test,iid,constant_RMW,0.0
-0.000693676820087976,-0.001132905740062429,-0.00027152253219715576,0.012667816091954023,0.014477878103837473,435.0,6.999999999999999,0.8472612359550562,-4.93328651685393e-05,0.011041151685393259,2848,0,4,daily_factor_momentum,daily industry/factor,uniform_high_overlap,17,test,iid,constant_CMA,0.0
5.508776105157904e-05,-0.0012253035178699256,0.001211429261345632,0.028852884615384617,0.0344322033898305,416.0,6.999999999999999,0.8539325842696629,0.0001740168539325843,0.02775182584269663,2848,0,4,daily_factor_momentum,daily industry/factor,uniform_high_overlap,17,test,iid,constant_momentum,0.0
8.971927421818024e-05,8.064469793122488e-05,0.00010043612728002156,0.0,0.0,399.99999999999994,6.999999999999999,0.8595505617977528,8.072331460674158e-05,0.0,2848,0,4,daily_factor_momentum,daily industry/factor,uniform_high_overlap,17,test,iid,constant_cash_RF,0.0
7.641417666899578e-06,-0.0009354460238494137,0.0007624128888122437,0.020895121951219512,0.023984042553191493,409.99999999999994,6.999999999999999,0.8560393258426966,0.00021348314606741572,0.020687078651685394,2848,0,4,daily_factor_momentum,daily industry/factor,uniform_high_overlap,17,test,iid,momentum_12,0.0
8.971927421818024e-05,8.064469793122488e-05,0.00010043612728002156,0.0,0.0,399.99999999999994,6.999999999999999,0.8595505617977528,8.072331460674158e-05,0.0,2848,0,4,daily_factor_momentum,daily industry/factor,uniform_high_overlap,17,test,iid,low_vol_12,0.0
0.00043314272886708173,-0.00012537715133883508,0.0010389025558698028,0.012333014354066987,0.015460406091370558,418.0,6.999999999999999,0.8532303370786517,0.00022521067415730343,0.013886657303370785,2848,0,4,daily_factor_momentum,daily industry/factor,uniform_high_overlap,17,test,iid,risk_adjusted_12,0.0
0.00012625825923978033,-0.0011325090840676514,0.0012678701091074292,0.026471568627450984,0.035646534653465345,407.99999999999994,6.999999999999999,0.8567415730337079,0.00028893960674157305,0.022909831460674157,2848,0,4,daily_factor_momentum,daily industry/factor,uniform_high_overlap,17,test,iid,ridge_return_train_only,0.0
0.0008476394199648551,-0.0002623704140390178,0.001938263120148823,0.027997590361445782,0.03659770114942529,415.0,6.999999999999999,0.8542837078651686,0.0005706460674157303,0.027760112359550563,2848,0,4,daily_factor_momentum,daily industry/factor,uniform_high_overlap,17,test,block,constant_market_total,0.0
7.808564285372232e-05,-0.000534341534073362,0.0007756213266997119,0.014456777493606139,0.016722137404580152,390.99999999999994,6.999999999999999,0.8627106741573034,-7.784410112359552e-05,0.014024719101123597,2848,0,4,daily_factor_momentum,daily industry/factor,uniform_high_overlap,17,test,block,constant_SMB,0.0
-4.667054445545496e-05,-0.0009341897292319913,0.0009247180969055846,0.02152098765432099,0.02572355889724311,404.99999999999994,6.999999999999999,0.8577949438202247,-3.0547752808988755e-05,0.019923314606741575,2848,0,4,daily_factor_momentum,daily industry/factor,uniform_high_overlap,17,test,block,constant_HML,0.0
5.7314366764157445e-06,-0.0005358560088057303,0.0005676879550842365,0.012254404145077722,0.013278238341968913,385.99999999999994,6.999999999999999,0.8644662921348315,0.00010066713483146068,0.011674859550561799,2848,0,4,daily_factor_momentum,daily industry/factor,uniform_high_overlap,17,test,block,constant_RMW,0.0
-0.000693676820087976,-0.0011848211729136213,-0.00020159067343346424,0.012667816091954023,0.014855760368663597,435.0,6.999999999999999,0.8472612359550562,-4.93328651685393e-05,0.011041151685393259,2848,0,4,daily_factor_momentum,daily industry/factor,uniform_high_overlap,17,test,block,constant_CMA,0.0
5.508776105157904e-05,-0.0010913303867537488,0.0010091936314848317,0.028852884615384617,0.03493074935400516,416.0,6.999999999999999,0.8539325842696629,0.0001740168539325843,0.02775182584269663,2848,0,4,daily_factor_momentum,daily industry/factor,uniform_high_overlap,17,test,block,constant_momentum,0.0
8.971927421818024e-05,7.647948837671572e-05,0.00010752154330590993,0.0,0.0,399.99999999999994,6.999999999999999,0.8595505617977528,8.072331460674158e-05,0.0,2848,0,4,daily_factor_momentum,daily industry/factor,uniform_high_overlap,17,test,block,constant_cash_RF,0.0
7.641417666899578e-06,-0.0007331258364439689,0.0006467919521234779,0.020895121951219512,0.024261072261072263,409.99999999999994,6.999999999999999,0.8560393258426966,0.00021348314606741572,0.020687078651685394,2848,0,4,daily_factor_momentum,daily industry/factor,uniform_high_overlap,17,test,block,momentum_12,0.0
8.971927421818024e-05,7.647948837671572e-05,0.00010752154330590993,0.0,0.0,399.99999999999994,6.999999999999999,0.8595505617977528,8.072331460674158e-05,0.0,2848,0,4,daily_factor_momentum,daily industry/factor,uniform_high_overlap,17,test,block,low_vol_12,0.0
0.00043314272886708173,-6.80764775409786e-05,0.0008655875636772166,0.012333014354066987,0.01549767441860465,418.0,6.999999999999999,0.8532303370786517,0.00022521067415730343,0.013886657303370785,2848,0,4,daily_factor_momentum,daily industry/factor,uniform_high_overlap,17,test,block,risk_adjusted_12,0.0
0.00012625825923978033,-0.0008871063786871366,0.001079842694419342,0.026471568627450984,0.034529032258064515,407.99999999999994,6.999999999999999,0.8567415730337079,0.00028893960674157305,0.022909831460674157,2848,0,4,daily_factor_momentum,daily industry/factor,uniform_high_overlap,17,test,block,ridge_return_train_only,0.0
0.0005432821737119749,-0.0007797604858606114,0.0016636423178182284,0.028914199395770394,0.033724324324324324,330.99999999999994,6.999999999999999,0.8538631346578367,0.00041139072847682127,0.03324061810154525,2265,0,4,daily_factor_momentum,daily industry/factor,uniform_high_overlap,27,calibration,iid,constant_market_total,0.0
-0.0003262663178958151,-0.001164046345982479,0.0005128657110153236,0.016141269841269842,0.019296491228070176,314.99999999999994,6.999999999999999,0.8609271523178808,7.015452538631345e-05,0.013065783664459159,2265,0,4,daily_factor_momentum,daily industry/factor,uniform_high_overlap,27,calibration,iid,constant_SMB,0.0
-0.0003059978910327738,-0.0010235991398536393,0.00033051177178206054,0.01926060606060606,0.024266666666666666,329.99999999999994,6.999999999999999,0.8543046357615894,-1.0154525386313429e-05,0.0170317880794702,2265,0,4,daily_factor_momentum,daily industry/factor,uniform_high_overlap,27,calibration,iid,constant_HML,0.0
0.0002314476991689589,-0.00011735939326094178,0.0005811221857012585,0.0069940119760479045,0.007922291021671826,333.99999999999994,6.999999999999999,0.8525386313465784,0.00014984547461368655,0.008575717439293598,2265,0,4,daily_factor_momentum,daily industry/factor,uniform_high_overlap,27,calibration,iid,constant_RMW,0.0
0.00010542280683406667,-0.00019747339405348937,0.000383626697770405,0.005989969604863222,0.007057575757575757,328.99999999999994,6.999999999999999,0.8547461368653422,7.682119205298012e-05,0.005985209713024283,2265,0,4,daily_factor_momentum,daily industry/factor,uniform_high_overlap,27,calibration,iid,constant_CMA,0.0
-0.000595237849220346,-0.0016526861665604035,0.0006445944317480226,0.028976205787781355,0.03663709198813057,310.99999999999994,6.999999999999999,0.8626931567328918,-9.006622516556304e-06,0.02774150110375276,2265,0,4,daily_factor_momentum,daily industry/factor,uniform_high_overlap,27,calibration,iid,constant_momentum,0.0
5.639174947404063e-05,3.9804203224839924e-05,6.970853645091504e-05,0.0,0.0,314.99999999999994,6.999999999999999,0.8609271523178808,5.077262693156734e-05,0.0,2265,0,4,daily_factor_momentum,daily industry/factor,uniform_high_overlap,27,calibration,iid,constant_cash_RF,0.0
-0.0003585794675333152,-0.0012455282943648802,0.000586232883487233,0.021848387096774197,0.02843333333333333,309.9999999999999,6.999999999999999,0.8631346578366447,0.0001739514348785872,0.023893598233995585,2265,0,4,daily_factor_momentum,daily industry/factor,uniform_high_overlap,27,calibration,iid,momentum_12,0.0
5.639174947404063e-05,3.9804203224839924e-05,6.970853645091504e-05,0.0,0.0,314.99999999999994,6.999999999999999,0.8609271523178808,5.077262693156734e-05,0.0,2265,0,4,daily_factor_momentum,daily industry/factor,uniform_high_overlap,27,calibration,iid,low_vol_12,0.0
-0.00044336103781334406,-0.0009183885542345682,6.397135172136952e-05,0.013185074626865674,0.01636451612903226,334.99999999999994,6.999999999999999,0.8520971302428256,0.0001938189845474614,0.015237748344370862,2265,0,4,daily_factor_momentum,daily industry/factor,uniform_high_overlap,27,calibration,iid,risk_adjusted_12,0.0
0.0005416012866396638,-0.0003787445276841039,0.0015696595472249996,0.0203968253968254,0.023362091503267974,314.99999999999994,6.999999999999999,0.8609271523178808,0.0003083885209713024,0.022749889624724063,2265,0,4,daily_factor_momentum,daily industry/factor,uniform_high_overlap,27,calibration,iid,ridge_return_train_only,0.0
0.0005432821737119749,-0.0008880711995051042,0.0016927000639152489,0.028914199395770394,0.03486341463414634,330.99999999999994,6.999999999999999,0.8538631346578367,0.00041139072847682127,0.03324061810154525,2265,0,4,daily_factor_momentum,daily industry/factor,uniform_high_overlap,27,calibration,block,constant_market_total,0.0
-0.0003262663178958151,-0.0011510590735962134,0.0003676227343417929,0.016141269841269842,0.01976666666666667,314.99999999999994,6.999999999999999,0.8609271523178808,7.015452538631345e-05,0.013065783664459159,2265,0,4,daily_factor_momentum,daily industry/factor,uniform_high_overlap,27,calibration,block,constant_SMB,0.0
-0.0003059978910327738,-0.0013087795418924464,0.0004141561918077569,0.01926060606060606,0.024933962264150938,329.99999999999994,6.999999999999999,0.8543046357615894,-1.0154525386313429e-05,0.0170317880794702,2265,0,4,daily_factor_momentum,daily industry/factor,uniform_high_overlap,27,calibration,block,constant_HML,0.0
0.0002314476991689589,-0.00020783393136397378,0.0005971634051686145,0.0069940119760479045,0.008339393939393938,333.99999999999994,6.999999999999999,0.8525386313465784,0.00014984547461368655,0.008575717439293598,2265,0,4,daily_factor_momentum,daily industry/factor,uniform_high_overlap,27,calibration,block,constant_RMW,0.0
0.00010542280683406667,-0.0002136721108288399,0.00036441174200397663,0.005989969604863222,0.007071698113207548,328.99999999999994,6.999999999999999,0.8547461368653422,7.682119205298012e-05,0.005985209713024283,2265,0,4,daily_factor_momentum,daily industry/factor,uniform_high_overlap,27,calibration,block,constant_CMA,0.0
-0.000595237849220346,-0.001614619039783884,0.0004081566804494113,0.028976205787781355,0.03678942598187311,310.99999999999994,6.999999999999999,0.8626931567328918,-9.006622516556304e-06,0.02774150110375276,2265,0,4,daily_factor_momentum,daily industry/factor,uniform_high_overlap,27,calibration,block,constant_momentum,0.0
5.639174947404063e-05,3.741581308004009e-05,7.475389481057907e-05,0.0,0.0,314.99999999999994,6.999999999999999,0.8609271523178808,5.077262693156734e-05,0.0,2265,0,4,daily_factor_momentum,daily industry/factor,uniform_high_overlap,27,calibration,block,constant_cash_RF,0.0
-0.0003585794675333152,-0.0011252022984988182,0.0003710330083289782,0.021848387096774197,0.029125705329153605,309.9999999999999,6.999999999999999,0.8631346578366447,0.0001739514348785872,0.023893598233995585,2265,0,4,daily_factor_momentum,daily industry/factor,uniform_high_overlap,27,calibration,block,momentum_12,0.0
5.639174947404063e-05,3.741581308004009e-05,7.475389481057907e-05,0.0,0.0,314.99999999999994,6.999999999999999,0.8609271523178808,5.077262693156734e-05,0.0,2265,0,4,daily_factor_momentum,daily industry/factor,uniform_high_overlap,27,calibration,block,low_vol_12,0.0
-0.00044336103781334406,-0.0010386483329557518,0.00013461400115450433,0.013185074626865674,0.01661208053691275,334.99999999999994,6.999999999999999,0.8520971302428256,0.0001938189845474614,0.015237748344370862,2265,0,4,daily_factor_momentum,daily industry/factor,uniform_high_overlap,27,calibration,block,risk_adjusted_12,0.0
0.0005416012866396638,-0.0003500189173161976,0.0014349400131632773,0.0203968253968254,0.023375241157556268,314.99999999999994,6.999999999999999,0.8609271523178808,0.0003083885209713024,0.022749889624724063,2265,0,4,daily_factor_momentum,daily industry/factor,uniform_high_overlap,27,calibration,block,ridge_return_train_only,0.0
0.0005382328772990556,-0.000557864247961927,0.0016548135241878836,0.026607052896725446,0.03149150943396227,396.99999999999994,6.999999999999999,0.8606039325842697,0.0005706460674157303,0.027760112359550563,2848,0,4,daily_factor_momentum,daily industry/factor,uniform_high_overlap,27,test,iid,constant_market_total,0.0
0.0002670797763089628,-0.0003506937124066937,0.0008665691507846516,0.012309424083769635,0.01341015228426396,381.99999999999994,6.999999999999999,0.865870786516854,-7.784410112359552e-05,0.014024719101123597,2848,0,4,daily_factor_momentum,daily industry/factor,uniform_high_overlap,27,test,iid,constant_SMB,0.0
-8.768525938586394e-05,-0.0008821477894491666,0.0008048297209396178,0.021730071599045348,0.026710000000000005,419.0,6.999999999999999,0.8528792134831461,-3.0547752808988755e-05,0.019923314606741575,2848,0,4,daily_factor_momentum,daily industry/factor,uniform_high_overlap,27,test,iid,constant_HML,0.0
0.0005276071794141121,-3.0921018459004234e-05,0.0010901851855708643,0.011130516431924885,0.012319266055045871,426.0,6.999999999999999,0.8504213483146068,0.00010066713483146068,0.011674859550561799,2848,0,4,daily_factor_momentum,daily industry/factor,uniform_high_overlap,27,test,iid,constant_RMW,0.0
-0.0001509790189208894,-0.000537087430106837,0.000304352518817019,0.01121588785046729,0.012121951219512195,428.0,6.999999999999999,0.8497191011235955,-4.93328651685393e-05,0.011041151685393259,2848,0,4,daily_factor_momentum,daily industry/factor,uniform_high_overlap,27,test,iid,constant_CMA,0.0
-0.000651059807800914,-0.0016089986556095334,0.0002759542182160791,0.02578080808080808,0.031643243243243246,395.99999999999994,6.999999999999999,0.8609550561797753,0.0001740168539325843,0.02775182584269663,2848,0,4,daily_factor_momentum,daily industry/factor,uniform_high_overlap,27,test,iid,constant_momentum,0.0
7.791357642651473e-05,6.700531125195344e-05,8.900222023756961e-05,0.0,0.0,399.99999999999994,6.999999999999999,0.8595505617977528,8.072331460674158e-05,0.0,2848,0,4,daily_factor_momentum,daily industry/factor,uniform_high_overlap,27,test,iid,constant_cash_RF,0.0
-2.3431259061205928e-05,-0.0007896593937394828,0.0008855524633637523,0.020807398568019095,0.025269483568075117,419.0,6.999999999999999,0.8528792134831461,0.00021348314606741572,0.020687078651685394,2848,0,4,daily_factor_momentum,daily industry/factor,uniform_high_overlap,27,test,iid,momentum_12,0.0
7.791357642651473e-05,6.700531125195344e-05,8.900222023756961e-05,0.0,0.0,399.99999999999994,6.999999999999999,0.8595505617977528,8.072331460674158e-05,0.0,2848,0,4,daily_factor_momentum,daily industry/factor,uniform_high_overlap,27,test,iid,low_vol_12,0.0
0.0002858334048349746,-0.00022144697793610558,0.0009410906561917984,0.014287192118226603,0.019232265446224257,405.99999999999994,6.999999999999999,0.8574438202247191,0.00022521067415730343,0.013886657303370785,2848,0,4,daily_factor_momentum,daily industry/factor,uniform_high_overlap,27,test,iid,risk_adjusted_12,0.0
0.0005907220468525295,-0.0002992434381485751,0.0012859487165281563,0.023359846547314583,0.030056423173803526,390.99999999999994,6.999999999999999,0.8627106741573034,0.00031376404494382027,0.02301558988764045,2848,0,4,daily_factor_momentum,daily industry/factor,uniform_high_overlap,27,test,iid,ridge_return_train_only,0.0
0.0005382328772990556,-0.0004427195997407691,0.0015306962856988188,0.026607052896725446,0.03125286783042395,396.99999999999994,6.999999999999999,0.8606039325842697,0.0005706460674157303,0.027760112359550563,2848,0,4,daily_factor_momentum,daily industry/factor,uniform_high_overlap,27,test,block,constant_market_total,0.0
0.0002670797763089628,-0.0003297112139783939,0.0009049747304872322,0.012309424083769635,0.013774045801526719,381.99999999999994,6.999999999999999,0.865870786516854,-7.784410112359552e-05,0.014024719101123597,2848,0,4,daily_factor_momentum,daily industry/factor,uniform_high_overlap,27,test,block,constant_SMB,0.0
-8.768525938586394e-05,-0.0008358720854080135,0.000820084625888798,0.021730071599045348,0.0261887323943662,419.0,6.999999999999999,0.8528792134831461,-3.0547752808988755e-05,0.019923314606741575,2848,0,4,daily_factor_momentum,daily industry/factor,uniform_high_overlap,27,test,block,constant_HML,0.0
0.0005276071794141121,1.650603807242866e-05,0.001043859772876289,0.011130516431924885,0.012064628820960698,426.0,6.999999999999999,0.8504213483146068,0.00010066713483146068,0.011674859550561799,2848,0,4,daily_factor_momentum,daily industry/factor,uniform_high_overlap,27,test,block,constant_RMW,0.0
-0.0001509790189208894,-0.0005763990416694425,0.00029882038973375985,0.01121588785046729,0.012287104622871046,428.0,6.999999999999999,0.8497191011235955,-4.93328651685393e-05,0.011041151685393259,2848,0,4,daily_factor_momentum,daily industry/factor,uniform_high_overlap,27,test,block,constant_CMA,0.0
-0.000651059807800914,-0.0016451198301878798,0.0001240117398814092,0.02578080808080808,0.030735849056603776,395.99999999999994,6.999999999999999,0.8609550561797753,0.0001740168539325843,0.02775182584269663,2848,0,4,daily_factor_momentum,daily industry/factor,uniform_high_overlap,27,test,block,constant_momentum,0.0
7.791357642651473e-05,6.029245434017417e-05,9.443050387244891e-05,0.0,0.0,399.99999999999994,6.999999999999999,0.8595505617977528,8.072331460674158e-05,0.0,2848,0,4,daily_factor_momentum,daily industry/factor,uniform_high_overlap,27,test,block,constant_cash_RF,0.0
-2.3431259061205928e-05,-0.0009245394471537334,0.0009187088290644349,0.020807398568019095,0.02471751824817518,419.0,6.999999999999999,0.8528792134831461,0.00021348314606741572,0.020687078651685394,2848,0,4,daily_factor_momentum,daily industry/factor,uniform_high_overlap,27,test,block,momentum_12,0.0
7.791357642651473e-05,6.029245434017417e-05,9.443050387244891e-05,0.0,0.0,399.99999999999994,6.999999999999999,0.8595505617977528,8.072331460674158e-05,0.0,2848,0,4,daily_factor_momentum,daily industry/factor,uniform_high_overlap,27,test,block,low_vol_12,0.0
0.0002858334048349746,-0.0002763396673525838,0.0008462207846238353,0.014287192118226603,0.018277777777777778,405.99999999999994,6.999999999999999,0.8574438202247191,0.00022521067415730343,0.013886657303370785,2848,0,4,daily_factor_momentum,daily industry/factor,uniform_high_overlap,27,test,block,risk_adjusted_12,0.0
0.0005907220468525295,-0.0003528241718655033,0.00140792951637251,0.023359846547314583,0.0295531914893617,390.99999999999994,6.999999999999999,0.8627106741573034,0.00031376404494382027,0.02301558988764045,2848,0,4,daily_factor_momentum,daily industry/factor,uniform_high_overlap,27,test,block,ridge_return_train_only,0.0
0.00019081537322287925,-0.0012715836962559736,0.0018519431746590231,0.039199186963857345,0.04964465920493224,311.4660541717292,8.651258236838075,0.8624873933016648,0.00041139072847682127,0.03324061810154525,2265,0,4,daily_factor_momentum,daily industry/factor,softmax_high_entropy,7,calibration,iid,constant_market_total,0.0
-0.00010112123210438508,-0.0007373502697521113,0.0005096032623374527,0.01236910695464165,0.01375098568669487,347.8918915422966,7.378198455753912,0.8464053458974408,7.015452538631345e-05,0.013065783664459159,2265,0,4,daily_factor_momentum,daily industry/factor,softmax_high_entropy,7,calibration,iid,constant_SMB,0.0
-0.00011088515085946098,-0.0008689630218703179,0.0006835995597716387,0.016563638845891005,0.020644684410014873,331.7686614229826,7.807386522888045,0.8535237697911777,-1.0154525386313429e-05,0.0170317880794702,2265,0,4,daily_factor_momentum,daily industry/factor,softmax_high_entropy,7,calibration,iid,constant_HML,0.0
4.335280719522177e-06,-0.0003631353479022372,0.00037332638694376885,0.009918555195640244,0.013159388178998355,316.85225567429,7.376439703573102,0.8601093793932495,0.00014984547461368655,0.008575717439293598,2265,0,4,daily_factor_momentum,daily industry/factor,softmax_high_entropy,7,calibration,iid,constant_RMW,0.0
0.00021886290874170863,-5.1475747340868366e-05,0.0005137787914916246,0.005896582615724368,0.0068432630472850964,329.9438660743856,7.265856624063695,0.8543294189517061,7.682119205298012e-05,0.005985209713024283,2265,0,4,daily_factor_momentum,daily industry/factor,softmax_high_entropy,7,calibration,iid,constant_CMA,0.0
-0.0019688503479717515,-0.0031414421331312464,-0.0005762531983857525,0.03887249687512877,0.047406859158060914,325.19065913258197,9.491313526972146,0.8564279650628777,-9.006622516556304e-06,0.02774150110375276,2265,0,4,daily_factor_momentum,daily industry/factor,softmax_high_entropy,7,calibration,iid,constant_momentum,0.0
6.797288178645477e-05,5.41727589560924e-05,8.177759607105994e-05,0.0,0.0,299.9783961558841,7.18622252736397,0.8675592069951946,5.077262693156734e-05,0.0,2265,0,4,daily_factor_momentum,daily industry/factor,softmax_high_entropy,7,calibration,iid,constant_cash_RF,0.0
-0.0007911845438676917,-0.001776345895498788,0.000138917339028407,0.028303531115117204,0.036103478770556516,320.7797903350873,6.972475121613222,0.8583753685054802,0.0001739514348785872,0.023893598233995585,2265,0,4,daily_factor_momentum,daily industry/factor,softmax_high_entropy,7,calibration,iid,momentum_12,0.0
6.797288178645477e-05,5.41727589560924e-05,8.177759607105994e-05,0.0,0.0,299.9783961558841,7.18622252736397,0.8675592069951946,5.077262693156734e-05,0.0,2265,0,4,daily_factor_momentum,daily industry/factor,softmax_high_entropy,7,calibration,iid,low_vol_12,0.0
-0.0002971102401885195,-0.001004395740991112,0.00031524199162492097,0.018022304393518287,0.0254889831104796,314.7959873567044,7.126332049468482,0.8610172241250753,0.0001938189845474614,0.015237748344370862,2265,0,4,daily_factor_momentum,daily industry/factor,softmax_high_entropy,7,calibration,iid,risk_adjusted_12,0.0
-0.0011442977998502339,-0.002145003980976758,-0.00022799149854157275,0.025418554795614497,0.034719159310318895,329.73951211875186,8.211720770660236,0.8544196414486747,8.856512141280353e-05,0.022443046357615896,2265,0,4,daily_factor_momentum,daily industry/factor,softmax_high_entropy,7,calibration,iid,ridge_return_train_only,0.0
0.00019081537322287925,-0.0011110583313296816,0.0014980962867636686,0.039199186963857345,0.052987896993961635,311.4660541717292,8.651258236838075,0.8624873933016648,0.00041139072847682127,0.03324061810154525,2265,0,4,daily_factor_momentum,daily industry/factor,softmax_high_entropy,7,calibration,block,constant_market_total,0.0
-0.00010112123210438508,-0.0009000914277986941,0.0006712158925067676,0.01236910695464165,0.013877850313126204,347.8918915422966,7.378198455753912,0.8464053458974408,7.015452538631345e-05,0.013065783664459159,2265,0,4,daily_factor_momentum,daily industry/factor,softmax_high_entropy,7,calibration,block,constant_SMB,0.0
-0.00011088515085946098,-0.0009482742177867066,0.0006933669275400798,0.016563638845891005,0.021878614918150574,331.7686614229826,7.807386522888045,0.8535237697911777,-1.0154525386313429e-05,0.0170317880794702,2265,0,4,daily_factor_momentum,daily industry/factor,softmax_high_entropy,7,calibration,block,constant_HML,0.0
4.335280719522177e-06,-0.0004533889794489083,0.00037510435992689874,0.009918555195640244,0.013015568135825982,316.85225567429,7.376439703573102,0.8601093793932495,0.00014984547461368655,0.008575717439293598,2265,0,4,daily_factor_momentum,daily industry/factor,softmax_high_entropy,7,calibration,block,constant_RMW,0.0
0.00021886290874170863,-4.7207819176961924e-05,0.0005025590181490871,0.005896582615724368,0.007064991006895692,329.9438660743856,7.265856624063695,0.8543294189517061,7.682119205298012e-05,0.005985209713024283,2265,0,4,daily_factor_momentum,daily industry/factor,softmax_high_entropy,7,calibration,block,constant_CMA,0.0
-0.0019688503479717515,-0.003173996782592145,-0.0008120632366685275,0.03887249687512877,0.05320189932466127,325.19065913258197,9.491313526972146,0.8564279650628777,-9.006622516556304e-06,0.02774150110375276,2265,0,4,daily_factor_momentum,daily industry/factor,softmax_high_entropy,7,calibration,block,constant_momentum,0.0
6.797288178645477e-05,4.7191553257508847e-05,8.611758943896277e-05,0.0,0.0,299.9783961558841,7.18622252736397,0.8675592069951946,5.077262693156734e-05,0.0,2265,0,4,daily_factor_momentum,daily industry/factor,softmax_high_entropy,7,calibration,block,constant_cash_RF,0.0
-0.0007911845438676917,-0.0017617431132730152,0.00018429737901126423,0.028303531115117204,0.03980101718977421,320.7797903350873,6.972475121613222,0.8583753685054802,0.0001739514348785872,0.023893598233995585,2265,0,4,daily_factor_momentum,daily industry/factor,softmax_high_entropy,7,calibration,block,momentum_12,0.0
6.797288178645477e-05,4.7191553257508847e-05,8.611758943896277e-05,0.0,0.0,299.9783961558841,7.18622252736397,0.8675592069951946,5.077262693156734e-05,0.0,2265,0,4,daily_factor_momentum,daily industry/factor,softmax_high_entropy,7,calibration,block,low_vol_12,0.0
-0.0002971102401885195,-0.0009174978069936465,0.00039579359315001036,0.018022304393518287,0.02493766164326212,314.7959873567044,7.126332049468482,0.8610172241250753,0.0001938189845474614,0.015237748344370862,2265,0,4,daily_factor_momentum,daily industry/factor,softmax_high_entropy,7,calibration,block,risk_adjusted_12,0.0
-0.0011442977998502339,-0.002176038075642818,-0.0001252672301329655,0.025418554795614497,0.034657705203938835,329.73951211875186,8.211720770660236,0.8544196414486747,8.856512141280353e-05,0.022443046357615896,2265,0,4,daily_factor_momentum,daily industry/factor,softmax_high_entropy,7,calibration,block,ridge_return_train_only,0.0
0.00036482014503375196,-0.000794994609596306,0.0014471485048563673,0.025835010970948744,0.02903575330813266,385.3919077909362,8.123323768690847,0.8646798076576769,0.0005706460674157303,0.027760112359550563,2848,0,4,daily_factor_momentum,daily industry/factor,softmax_high_entropy,7,test,iid,constant_market_total,0.0
-3.988312489661409e-06,-0.0006536459656426306,0.0007342734787602958,0.012437229638860904,0.01420644172787606,417.7448162468428,7.432877934013346,0.8533199381155748,-7.784410112359552e-05,0.014024719101123597,2848,0,4,daily_factor_momentum,daily industry/factor,softmax_high_entropy,7,test,iid,constant_SMB,0.0
5.886439946744497e-05,-0.0008496810349809951,0.0010102002602480325,0.01936783662296182,0.023189766953148474,433.52123887303975,8.25340256825536,0.8477804638788484,-3.0547752808988755e-05,0.019923314606741575,2848,0,4,daily_factor_momentum,daily industry/factor,softmax_high_entropy,7,test,iid,constant_HML,0.0
0.0004088515962649498,-0.00017845590229884222,0.0008851801015561221,0.010559024417427816,0.011608128820588063,405.80889673774294,7.500159493243998,0.8575109210892756,0.00010066713483146068,0.011674859550561799,2848,0,4,daily_factor_momentum,daily industry/factor,softmax_high_entropy,7,test,iid,constant_RMW,0.0
-0.0003584452265541916,-0.0007832901130836765,0.00013135089434512361,0.011923333253071862,0.014036427594846015,430.86070382191366,7.503052055948581,0.8487146405119685,-4.93328651685393e-05,0.011041151685393259,2848,0,4,daily_factor_momentum,daily industry/factor,softmax_high_entropy,7,test,iid,constant_CMA,0.0
0.0014339697803016239,0.0005692878500161683,0.002547610769801023,0.022452326571407808,0.0256093074874753,407.310559373469,8.304997509645332,0.8569836519053831,0.0001740168539325843,0.02775182584269663,2848,0,4,daily_factor_momentum,daily industry/factor,softmax_high_entropy,7,test,iid,constant_momentum,0.0
8.965216918945258e-05,7.877610810053218e-05,0.00010101123419058473,0.0,0.0,364.9528215054499,7.279950336052711,0.8718564531230864,8.072331460674158e-05,0.0,2848,0,4,daily_factor_momentum,daily industry/factor,softmax_high_entropy,7,test,iid,constant_cash_RF,0.0
0.000787349355976027,3.739501410764484e-05,0.0013946068994529625,0.020059508144125684,0.024396973598775393,381.775560572971,6.958050073340665,0.8659495924954456,0.00021348314606741572,0.020687078651685394,2848,0,4,daily_factor_momentum,daily industry/factor,softmax_high_entropy,7,test,iid,momentum_12,0.0
8.965216918945258e-05,7.877610810053218e-05,0.00010101123419058473,0.0,0.0,364.9528215054499,7.279950336052711,0.8718564531230864,8.072331460674158e-05,0.0,2848,0,4,daily_factor_momentum,daily industry/factor,softmax_high_entropy,7,test,iid,low_vol_12,0.0
0.0003130316355674065,-0.00024235899271995116,0.0008558779320873939,0.013412402382925822,0.018486469752245868,404.7702965205903,7.279950336052711,0.8578755981318152,0.00022521067415730343,0.013886657303370785,2848,0,4,daily_factor_momentum,daily industry/factor,softmax_high_entropy,7,test,iid,risk_adjusted_12,0.0
0.00039509372025724545,-0.0005185267911065023,0.0012477245973971105,0.02088764540699271,0.02409903606191861,414.5372738796194,8.244565536023309,0.8544461819242909,0.000355372191011236,0.021679073033707866,2848,0,4,daily_factor_momentum,daily industry/factor,softmax_high_entropy,7,test,iid,ridge_return_train_only,0.0
0.00036482014503375196,-0.0007420263860995112,0.001521378249264229,0.025835010970948744,0.029435666113670145,385.3919077909362,8.123323768690847,0.8646798076576769,0.0005706460674157303,0.027760112359550563,2848,0,4,daily_factor_momentum,daily industry/factor,softmax_high_entropy,7,test,block,constant_market_total,0.0
-3.988312489661409e-06,-0.0005831403230962068,0.0006792626090762082,0.012437229638860904,0.014008404512518483,417.7448162468428,7.432877934013346,0.8533199381155748,-7.784410112359552e-05,0.014024719101123597,2848,0,4,daily_factor_momentum,daily industry/factor,softmax_high_entropy,7,test,block,constant_SMB,0.0
5.886439946744497e-05,-0.0008839612501223943,0.0009270680156790722,0.01936783662296182,0.023446133813894876,433.52123887303975,8.25340256825536,0.8477804638788484,-3.0547752808988755e-05,0.019923314606741575,2848,0,4,daily_factor_momentum,daily industry/factor,softmax_high_entropy,7,test,block,constant_HML,0.0
0.0004088515962649498,-5.461158841250065e-05,0.0009259452211608692,0.010559024417427816,0.011585546480985183,405.80889673774294,7.500159493243998,0.8575109210892756,0.00010066713483146068,0.011674859550561799,2848,0,4,daily_factor_momentum,daily industry/factor,softmax_high_entropy,7,test,block,constant_RMW,0.0
-0.0003584452265541916,-0.0008122263629765668,0.00015753642601956422,0.011923333253071862,0.014251278156221844,430.86070382191366,7.503052055948581,0.8487146405119685,-4.93328651685393e-05,0.011041151685393259,2848,0,4,daily_factor_momentum,daily industry/factor,softmax_high_entropy,7,test,block,constant_CMA,0.0
0.0014339697803016239,0.0003245309890975329,0.002450531581928309,0.022452326571407808,0.025875102607523657,407.310559373469,8.304997509645332,0.8569836519053831,0.0001740168539325843,0.02775182584269663,2848,0,4,daily_factor_momentum,daily industry/factor,softmax_high_entropy,7,test,block,constant_momentum,0.0
8.965216918945258e-05,7.546020724708614e-05,0.00010147124478106459,0.0,0.0,364.9528215054499,7.279950336052711,0.8718564531230864,8.072331460674158e-05,0.0,2848,0,4,daily_factor_momentum,daily industry/factor,softmax_high_entropy,7,test,block,constant_cash_RF,0.0
0.000787349355976027,-0.00016145397674285957,0.0014588529568517392,0.020059508144125684,0.02460413206207107,381.775560572971,6.958050073340665,0.8659495924954456,0.00021348314606741572,0.020687078651685394,2848,0,4,daily_factor_momentum,daily industry/factor,softmax_high_entropy,7,test,block,momentum_12,0.0
8.965216918945258e-05,7.546020724708614e-05,0.00010147124478106459,0.0,0.0,364.9528215054499,7.279950336052711,0.8718564531230864,8.072331460674158e-05,0.0,2848,0,4,daily_factor_momentum,daily industry/factor,softmax_high_entropy,7,test,block,low_vol_12,0.0
0.0003130316355674065,-0.0002889255581791032,0.0008596132725472596,0.013412402382925822,0.018454015374503037,404.7702965205903,7.279950336052711,0.8578755981318152,0.00022521067415730343,0.013886657303370785,2848,0,4,daily_factor_momentum,daily industry/factor,softmax_high_entropy,7,test,block,risk_adjusted_12,0.0
0.00039509372025724545,-0.0006159373912871969,0.0013209774050941957,0.02088764540699271,0.024140409854147303,414.5372738796194,8.244565536023309,0.8544461819242909,0.000355372191011236,0.021679073033707866,2848,0,4,daily_factor_momentum,daily industry/factor,softmax_high_entropy,7,test,block,ridge_return_train_only,0.0
0.0013795954790305723,-6.970725242935749e-05,0.003209303234675548,0.03674950248527241,0.04477593271848505,317.3210195925811,9.815105402504274,0.8599024196059245,0.00041139072847682127,0.03324061810154525,2265,0,4,daily_factor_momentum,daily industry/factor,softmax_high_entropy,17,calibration,iid,constant_market_total,0.0
0.0001967979528764393,-0.0005537133406782007,0.0007352441570182746,0.012765564694687872,0.015195950735589566,350.88498935817,7.46929242368088,0.8450838899080927,7.015452538631345e-05,0.013065783664459159,2265,0,4,daily_factor_momentum,daily industry/factor,softmax_high_entropy,17,calibration,iid,constant_SMB,0.0
-0.0001687242918739003,-0.0009946246839648075,0.0006367532887629866,0.01949524295118743,0.025148179130625403,313.78962943295494,7.969756947588013,0.861461532259181,-1.0154525386313429e-05,0.0170317880794702,2265,0,4,daily_factor_momentum,daily industry/factor,softmax_high_entropy,17,calibration,iid,constant_HML,0.0
0.0003334029647118836,-0.00012593378400310747,0.000756514972081498,0.008496060152574158,0.009927369098073657,326.86934982357104,7.475752733697224,0.8556868212699466,0.00014984547461368655,0.008575717439293598,2265,0,4,daily_factor_momentum,daily industry/factor,softmax_high_entropy,17,calibration,iid,constant_RMW,0.0
0.00014539826836200277,-0.00015713348280088142,0.00044548407952564064,0.0051977087178030545,0.006234249552540405,305.951698982664,7.32967272223768,0.8649219872041218,7.682119205298012e-05,0.005985209713024283,2265,0,4,daily_factor_momentum,daily industry/factor,softmax_high_entropy,17,calibration,iid,constant_CMA,0.0
0.00037586429988235403,-0.0006880629162137657,0.0015199819749803964,0.023871043834642103,0.03015908758765413,311.50714800031074,8.411165890067782,0.8624692503309886,-9.006622516556304e-06,0.02774150110375276,2265,0,4,daily_factor_momentum,daily industry/factor,softmax_high_entropy,17,calibration,iid,constant_momentum,0.0
4.4149503615610525e-05,3.0469862087234152e-05,5.950397593218916e-05,0.0,0.0,336.97131003183387,7.19128490919271,0.851226794687932,5.077262693156734e-05,0.0,2265,0,4,daily_factor_momentum,daily industry/factor,softmax_high_entropy,17,calibration,iid,constant_cash_RF,0.0
0.000534672781714355,-0.0003776807165456648,0.0014658764818480231,0.02474378687904703,0.033188244366698774,290.81024547953257,6.961816606941811,0.8716069556381755,0.0001739514348785872,0.023893598233995585,2265,0,4,daily_factor_momentum,daily industry/factor,softmax_high_entropy,17,calibration,iid,momentum_12,0.0
4.4149503615610525e-05,3.0469862087234152e-05,5.950397593218916e-05,0.0,0.0,336.97131003183387,7.19128490919271,0.851226794687932,5.077262693156734e-05,0.0,2265,0,4,daily_factor_momentum,daily industry/factor,softmax_high_entropy,17,calibration,iid,low_vol_12,0.0
0.0005511469092944182,-7.924448889015461e-05,0.0011882064084651279,0.012074647889935413,0.014896603941454818,333.8253738865186,7.126332049468482,0.8526157289684244,0.0001938189845474614,0.015237748344370862,2265,0,4,daily_factor_momentum,daily industry/factor,softmax_high_entropy,17,calibration,iid,risk_adjusted_12,0.0
0.0005375401941813355,-0.00027997850224013664,0.0013935407520985815,0.02114371539606199,0.02606276052256605,312.61358041882283,9.815105402504274,0.8619807591969877,0.00025774834437086096,0.020681898454746137,2265,0,4,daily_factor_momentum,daily industry/factor,softmax_high_entropy,17,calibration,iid,ridge_return_train_only,0.0
0.0013795954790305723,8.829735741606769e-05,0.002972956512227624,0.03674950248527241,0.045929302058596376,317.3210195925811,9.815105402504274,0.8599024196059245,0.00041139072847682127,0.03324061810154525,2265,0,4,daily_factor_momentum,daily industry/factor,softmax_high_entropy,17,calibration,block,constant_market_total,0.0
0.0001967979528764393,-0.0004941035553211051,0.0008404487220020955,0.012765564694687872,0.015666844280837384,350.88498935817,7.46929242368088,0.8450838899080927,7.015452538631345e-05,0.013065783664459159,2265,0,4,daily_factor_momentum,daily industry/factor,softmax_high_entropy,17,calibration,block,constant_SMB,0.0
-0.0001687242918739003,-0.0009702577193702564,0.0004588212874246939,0.01949524295118743,0.026726023391504136,313.78962943295494,7.969756947588013,0.861461532259181,-1.0154525386313429e-05,0.0170317880794702,2265,0,4,daily_factor_momentum,daily industry/factor,softmax_high_entropy,17,calibration,block,constant_HML,0.0
0.0003334029647118836,-0.00010021506418427732,0.0006864272097582174,0.008496060152574158,0.009782718449833217,326.86934982357104,7.475752733697224,0.8556868212699466,0.00014984547461368655,0.008575717439293598,2265,0,4,daily_factor_momentum,daily industry/factor,softmax_high_entropy,17,calibration,block,constant_RMW,0.0
0.00014539826836200277,-0.0001249175050060731,0.00040104894758690455,0.0051977087178030545,0.0062523221275835985,305.951698982664,7.32967272223768,0.8649219872041218,7.682119205298012e-05,0.005985209713024283,2265,0,4,daily_factor_momentum,daily industry/factor,softmax_high_entropy,17,calibration,block,constant_CMA,0.0
0.00037586429988235403,-0.0006111033794205847,0.0015347005503150086,0.023871043834642103,0.030926158517708618,311.50714800031074,8.411165890067782,0.8624692503309886,-9.006622516556304e-06,0.02774150110375276,2265,0,4,daily_factor_momentum,daily industry/factor,softmax_high_entropy,17,calibration,block,constant_momentum,0.0
4.4149503615610525e-05,2.5113799431747317e-05,6.466778465197775e-05,0.0,0.0,336.97131003183387,7.19128490919271,0.851226794687932,5.077262693156734e-05,0.0,2265,0,4,daily_factor_momentum,daily industry/factor,softmax_high_entropy,17,calibration,block,constant_cash_RF,0.0
0.000534672781714355,-0.000299584891690083,0.0013949915756295854,0.02474378687904703,0.03255150446911308,290.81024547953257,6.961816606941811,0.8716069556381755,0.0001739514348785872,0.023893598233995585,2265,0,4,daily_factor_momentum,daily industry/factor,softmax_high_entropy,17,calibration,block,momentum_12,0.0
4.4149503615610525e-05,2.5113799431747317e-05,6.466778465197775e-05,0.0,0.0,336.97131003183387,7.19128490919271,0.851226794687932,5.077262693156734e-05,0.0,2265,0,4,daily_factor_momentum,daily industry/factor,softmax_high_entropy,17,calibration,block,low_vol_12,0.0
0.0005511469092944182,-8.661625923163254e-05,0.0012956190947428408,0.012074647889935413,0.014728807908111798,333.8253738865186,7.126332049468482,0.8526157289684244,0.0001938189845474614,0.015237748344370862,2265,0,4,daily_factor_momentum,daily industry/factor,softmax_high_entropy,17,calibration,block,risk_adjusted_12,0.0
0.0005375401941813355,-0.00026518706772710773,0.0015519939687151608,0.02114371539606199,0.02590002156845485,312.61358041882283,9.815105402504274,0.8619807591969877,0.00025774834437086096,0.020681898454746137,2265,0,4,daily_factor_momentum,daily industry/factor,softmax_high_entropy,17,calibration,block,ridge_return_train_only,0.0
0.0006180038252857149,-0.00030355691731404066,0.0017415275430924847,0.025412449520553243,0.028659937627840658,426.4723602136107,7.862786524630416,0.8502554914980299,0.0005706460674157303,0.027760112359550563,2848,0,4,daily_factor_momentum,daily industry/factor,softmax_high_entropy,17,test,iid,constant_market_total,0.0
2.718887325152666e-05,-0.0007115515144790001,0.0006705945965686655,0.014890121408922164,0.017252017857922578,384.8016277523989,7.542635388224858,0.8648870689071633,-7.784410112359552e-05,0.014024719101123597,2848,0,4,daily_factor_momentum,daily industry/factor,softmax_high_entropy,17,test,iid,constant_SMB,0.0
0.000501799732717774,-0.0003410309823347842,0.0016268954776092151,0.020764869826507437,0.0249300358243531,410.50401798594163,8.25340256825536,0.8558623532352733,-3.0547752808988755e-05,0.019923314606741575,2848,0,4,daily_factor_momentum,daily industry/factor,softmax_high_entropy,17,test,iid,constant_HML,0.0
-0.0006967271781786345,-0.0012786492296695284,-0.00024396754544078574,0.013272830609496265,0.015052398446844162,424.8071931297256,7.455881484706557,0.8508401709516413,0.00010066713483146068,0.011674859550561799,2848,0,4,daily_factor_momentum,daily industry/factor,softmax_high_entropy,17,test,iid,constant_RMW,0.0
0.00014314567133738164,-0.00029692000351185264,0.0005649575782561689,0.00998329149391849,0.011174438355875867,405.85221622215437,7.394934991011767,0.8574957105961537,-4.93328651685393e-05,0.011041151685393259,2848,0,4,daily_factor_momentum,daily industry/factor,softmax_high_entropy,17,test,iid,constant_CMA,0.0
-0.0005614825862532217,-0.0019740716267132286,0.0008394289014704899,0.035991249765439735,0.05094001352087327,393.14473162674943,9.612186112083187,0.8619576082771245,0.0001740168539325843,0.02775182584269663,2848,0,4,daily_factor_momentum,daily industry/factor,softmax_high_entropy,17,test,iid,constant_momentum,0.0
7.782133761418952e-05,6.782378543920471e-05,8.782301158549153e-05,0.0,0.0,399.9616611959794,7.299727835258046,0.8595640234564679,8.072331460674158e-05,0.0,2848,0,4,daily_factor_momentum,daily industry/factor,softmax_high_entropy,17,test,iid,constant_cash_RF,0.0
-6.980824689473429e-05,-0.0010338712875733636,0.0007813784587262335,0.02434245172331703,0.028716246060918108,418.7511109510254,6.961735473485353,0.852966604300904,0.00021348314606741572,0.020687078651685394,2848,0,4,daily_factor_momentum,daily industry/factor,softmax_high_entropy,17,test,iid,momentum_12,0.0
7.782133761418952e-05,6.782378543920471e-05,8.782301158549153e-05,0.0,0.0,399.9616611959794,7.299727835258046,0.8595640234564679,8.072331460674158e-05,0.0,2848,0,4,daily_factor_momentum,daily industry/factor,softmax_high_entropy,17,test,iid,low_vol_12,0.0
3.725467678778274e-05,-0.000550763318757172,0.0006226827627938363,0.01884507503976584,0.023397434598097414,383.7151242066635,7.198485373722163,0.8652685659386715,0.00022521067415730343,0.013886657303370785,2848,0,4,daily_factor_momentum,daily industry/factor,softmax_high_entropy,17,test,iid,risk_adjusted_12,0.0
0.0004979764359291338,-0.00019930828163009092,0.0011742809697230293,0.016354052389897566,0.0199593012905815,391.48042300522934,9.612186112083187,0.8625419863043436,7.236657303370785e-05,0.018971488764044944,2848,0,4,daily_factor_momentum,daily industry/factor,softmax_high_entropy,17,test,iid,ridge_return_train_only,0.0
0.0006180038252857149,-0.0002979952129892816,0.0014777554341085125,0.025412449520553243,0.028631173908644853,426.4723602136107,7.862786524630416,0.8502554914980299,0.0005706460674157303,0.027760112359550563,2848,0,4,daily_factor_momentum,daily industry/factor,softmax_high_entropy,17,test,block,constant_market_total,0.0
2.718887325152666e-05,-0.0006534162001572552,0.0006641675187645852,0.014890121408922164,0.01706275327476907,384.8016277523989,7.542635388224858,0.8648870689071633,-7.784410112359552e-05,0.014024719101123597,2848,0,4,daily_factor_momentum,daily industry/factor,softmax_high_entropy,17,test,block,constant_SMB,0.0
0.000501799732717774,-0.0003280710017111914,0.001306517239353052,0.020764869826507437,0.024974187339969808,410.50401798594163,8.25340256825536,0.8558623532352733,-3.0547752808988755e-05,0.019923314606741575,2848,0,4,daily_factor_momentum,daily industry/factor,softmax_high_entropy,17,test,block,constant_HML,0.0
-0.0006967271781786345,-0.0012423517977005437,-0.00013156179860638738,0.013272830609496265,0.01515837852419863,424.8071931297256,7.455881484706557,0.8508401709516413,0.00010066713483146068,0.011674859550561799,2848,0,4,daily_factor_momentum,daily industry/factor,softmax_high_entropy,17,test,block,constant_RMW,0.0
0.00014314567133738164,-0.0002582309979664567,0.0005741344259212842,0.00998329149391849,0.011153262236304627,405.85221622215437,7.394934991011767,0.8574957105961537,-4.93328651685393e-05,0.011041151685393259,2848,0,4,daily_factor_momentum,daily industry/factor,softmax_high_entropy,17,test,block,constant_CMA,0.0
-0.0005614825862532217,-0.0018678454359555782,0.0005546532922348467,0.035991249765439735,0.04942691609524177,393.14473162674943,9.612186112083187,0.8619576082771245,0.0001740168539325843,0.02775182584269663,2848,0,4,daily_factor_momentum,daily industry/factor,softmax_high_entropy,17,test,block,constant_momentum,0.0
7.782133761418952e-05,6.311860096515293e-05,9.447584797308653e-05,0.0,0.0,399.9616611959794,7.299727835258046,0.8595640234564679,8.072331460674158e-05,0.0,2848,0,4,daily_factor_momentum,daily industry/factor,softmax_high_entropy,17,test,block,constant_cash_RF,0.0
-6.980824689473429e-05,-0.0009944853463966122,0.0007413023635818327,0.02434245172331703,0.028483167365799637,418.7511109510254,6.961735473485353,0.852966604300904,0.00021348314606741572,0.020687078651685394,2848,0,4,daily_factor_momentum,daily industry/factor,softmax_high_entropy,17,test,block,momentum_12,0.0
7.782133761418952e-05,6.311860096515293e-05,9.447584797308653e-05,0.0,0.0,399.9616611959794,7.299727835258046,0.8595640234564679,8.072331460674158e-05,0.0,2848,0,4,daily_factor_momentum,daily industry/factor,softmax_high_entropy,17,test,block,low_vol_12,0.0
3.725467678778274e-05,-0.0005539203180645912,0.0007383033749422676,0.01884507503976584,0.024497113723463988,383.7151242066635,7.198485373722163,0.8652685659386715,0.00022521067415730343,0.013886657303370785,2848,0,4,daily_factor_momentum,daily industry/factor,softmax_high_entropy,17,test,block,risk_adjusted_12,0.0
0.0004979764359291338,-0.00013779404117882793,0.00105282724604386,0.016354052389897566,0.01964592586257027,391.48042300522934,9.612186112083187,0.8625419863043436,7.236657303370785e-05,0.018971488764044944,2848,0,4,daily_factor_momentum,daily industry/factor,softmax_high_entropy,17,test,block,ridge_return_train_only,0.0
0.00015321136108713667,-0.0017765742911963877,0.00222831813525357,0.03737733382972191,0.050437757436160295,318.1341654179092,9.44354914141477,0.8595434148265302,0.00041139072847682127,0.03324061810154525,2265,0,4,daily_factor_momentum,daily industry/factor,softmax_high_entropy,27,calibration,iid,constant_market_total,0.0
-0.00021017389169984224,-0.0009011093053665372,0.00040283722789588117,0.009930308004561935,0.010992142260197438,344.8583547755925,7.49728195549727,0.8477446557282152,7.015452538631345e-05,0.013065783664459159,2265,0,4,daily_factor_momentum,daily industry/factor,softmax_high_entropy,27,calibration,iid,constant_SMB,0.0
-0.0003340178024489678,-0.001042558500209373,0.00037830020836644674,0.01625825374734095,0.019650601490522366,315.788770903407,8.338170249314969,0.8605789090934186,-1.0154525386313429e-05,0.0170317880794702,2265,0,4,daily_factor_momentum,daily industry/factor,softmax_high_entropy,27,calibration,iid,constant_HML,0.0
-0.00013364293483600278,-0.0005171668672515809,0.00022598168620046973,0.008264191558048256,0.011024336315545677,324.8830262467001,7.415144721432003,0.8565637853215452,0.00014984547461368655,0.008575717439293598,2265,0,4,daily_factor_momentum,daily industry/factor,softmax_high_entropy,27,calibration,iid,constant_RMW,0.0
0.0003824981434615416,4.402988462837945e-05,0.0006921076670782149,0.004896439438319446,0.005405028306187741,327.9445210723238,7.325842299524562,0.8552121319768989,7.682119205298012e-05,0.005985209713024283,2265,0,4,daily_factor_momentum,daily industry/factor,softmax_high_entropy,27,calibration,iid,constant_CMA,0.0
-0.0009102801453629737,-0.0022042424196211763,0.000434125645928415,0.035162348935113816,0.04237805428385664,298.40913139802035,8.863007106687274,0.8682520391178719,-9.006622516556304e-06,0.02774150110375276,2265,0,4,daily_factor_momentum,daily industry/factor,softmax_high_entropy,27,calibration,iid,constant_momentum,0.0
4.815746780310513e-05,2.936482488483357e-05,6.31775878301133e-05,0.0,0.0,332.96950580596405,7.19128490919271,0.852993595670656,5.077262693156734e-05,0.0,2265,0,4,daily_factor_momentum,daily industry/factor,softmax_high_entropy,27,calibration,iid,constant_cash_RF,0.0
0.0006033587843146369,-0.0004824605462796593,0.001636738459361459,0.02510139116153585,0.03063239309778169,321.73827892834856,6.979050405309731,0.8579521947336209,0.0001739514348785872,0.023893598233995585,2265,0,4,daily_factor_momentum,daily industry/factor,softmax_high_entropy,27,calibration,iid,momentum_12,0.0
4.815746780310513e-05,2.936482488483357e-05,6.31775878301133e-05,0.0,0.0,332.96950580596405,7.19128490919271,0.852993595670656,5.077262693156734e-05,0.0,2265,0,4,daily_factor_momentum,daily industry/factor,softmax_high_entropy,27,calibration,iid,low_vol_12,0.0
0.0004900734936131358,-0.00020556170287581465,0.0013248509548234126,0.015119424795100566,0.020969285949181713,325.777254279453,7.120404458629969,0.8561689826580782,0.0001938189845474614,0.015237748344370862,2265,0,4,daily_factor_momentum,daily industry/factor,softmax_high_entropy,27,calibration,iid,risk_adjusted_12,0.0
0.0005504401314143701,-0.0007043116369765423,0.001903379549690809,0.020313917160339298,0.03017767851119197,352.6131853224969,9.44354914141477,0.8443208894823413,0.0002742163355408389,0.017569757174392936,2265,0,4,daily_factor_momentum,daily industry/factor,softmax_high_entropy,27,calibration,iid,ridge_return_train_only,0.0
0.00015321136108713667,-0.0012700456973694547,0.001311940501646744,0.03737733382972191,0.05284304093274967,318.1341654179092,9.44354914141477,0.8595434148265302,0.00041139072847682127,0.03324061810154525,2265,0,4,daily_factor_momentum,daily industry/factor,softmax_high_entropy,27,calibration,block,constant_market_total,0.0
-0.00021017389169984224,-0.0007485765453575233,0.0004281414298799466,0.009930308004561935,0.01096056336736869,344.8583547755925,7.49728195549727,0.8477446557282152,7.015452538631345e-05,0.013065783664459159,2265,0,4,daily_factor_momentum,daily industry/factor,softmax_high_entropy,27,calibration,block,constant_SMB,0.0
-0.0003340178024489678,-0.0010089103634037754,0.00036799516215589416,0.01625825374734095,0.020600264042629827,315.788770903407,8.338170249314969,0.8605789090934186,-1.0154525386313429e-05,0.0170317880794702,2265,0,4,daily_factor_momentum,daily industry/factor,softmax_high_entropy,27,calibration,block,constant_HML,0.0
-0.00013364293483600278,-0.0005085752342854432,0.0002763293834301236,0.008264191558048256,0.010659883447436295,324.8830262467001,7.415144721432003,0.8565637853215452,0.00014984547461368655,0.008575717439293598,2265,0,4,daily_factor_momentum,daily industry/factor,softmax_high_entropy,27,calibration,block,constant_RMW,0.0
0.0003824981434615416,3.362382906638362e-05,0.0007039138886898644,0.004896439438319446,0.005424651545380211,327.9445210723238,7.325842299524562,0.8552121319768989,7.682119205298012e-05,0.005985209713024283,2265,0,4,daily_factor_momentum,daily industry/factor,softmax_high_entropy,27,calibration,block,constant_CMA,0.0
-0.0009102801453629737,-0.002220132182189582,0.00025525204412608134,0.035162348935113816,0.04345386434809508,298.40913139802035,8.863007106687274,0.8682520391178719,-9.006622516556304e-06,0.02774150110375276,2265,0,4,daily_factor_momentum,daily industry/factor,softmax_high_entropy,27,calibration,block,constant_momentum,0.0
4.815746780310513e-05,2.5076089827767957e-05,7.248906451642133e-05,0.0,0.0,332.96950580596405,7.19128490919271,0.852993595670656,5.077262693156734e-05,0.0,2265,0,4,daily_factor_momentum,daily industry/factor,softmax_high_entropy,27,calibration,block,constant_cash_RF,0.0
0.0006033587843146369,-0.00030326072806089165,0.0015150432688030456,0.02510139116153585,0.032327049689866424,321.73827892834856,6.979050405309731,0.8579521947336209,0.0001739514348785872,0.023893598233995585,2265,0,4,daily_factor_momentum,daily industry/factor,softmax_high_entropy,27,calibration,block,momentum_12,0.0
4.815746780310513e-05,2.5076089827767957e-05,7.248906451642133e-05,0.0,0.0,332.96950580596405,7.19128490919271,0.852993595670656,5.077262693156734e-05,0.0,2265,0,4,daily_factor_momentum,daily industry/factor,softmax_high_entropy,27,calibration,block,low_vol_12,0.0
0.0004900734936131358,-8.359515153039481e-05,0.0011724968770211253,0.015119424795100566,0.019988174837092056,325.777254279453,7.120404458629969,0.8561689826580782,0.0001938189845474614,0.015237748344370862,2265,0,4,daily_factor_momentum,daily industry/factor,softmax_high_entropy,27,calibration,block,risk_adjusted_12,0.0
0.0005504401314143701,-0.0005630386696045627,0.0015221357370716667,0.020313917160339298,0.030792143841996675,352.6131853224969,9.44354914141477,0.8443208894823413,0.0002742163355408389,0.017569757174392936,2265,0,4,daily_factor_momentum,daily industry/factor,softmax_high_entropy,27,calibration,block,ridge_return_train_only,0.0
0.0006361000935238082,-0.000583870329702615,0.002267030326756762,0.032644137672106104,0.041078993596954494,392.24547603106765,8.751075268835875,0.8622733581351588,0.0005706460674157303,0.027760112359550563,2848,0,4,daily_factor_momentum,daily industry/factor,softmax_high_entropy,27,test,iid,constant_market_total,0.0
-0.0007341346140896623,-0.0014633686126366333,8.335295571908925e-05,0.016749607690137957,0.020676706529937063,404.7439101914892,7.742832636516091,0.8578848629945613,-7.784410112359552e-05,0.014024719101123597,2848,0,4,daily_factor_momentum,daily industry/factor,softmax_high_entropy,27,test,iid,constant_SMB,0.0
0.00023644340138474283,-0.0005400867037040657,0.0009184727979301262,0.018022335096725677,0.021334841649022076,393.6212123010297,7.750678171877877,0.8617903046695823,-3.0547752808988755e-05,0.019923314606741575,2848,0,4,daily_factor_momentum,daily industry/factor,softmax_high_entropy,27,test,iid,constant_HML,0.0
0.0003595790396657886,-0.0001441365958733477,0.0009179173059370302,0.012701379300027427,0.014412481861518488,412.7729485526684,7.500159493243998,0.8550656781767316,0.00010066713483146068,0.011674859550561799,2848,0,4,daily_factor_momentum,daily industry/factor,softmax_high_entropy,27,test,iid,constant_RMW,0.0
0.00018235953255453998,-0.00026142368540286315,0.0006164553665674506,0.01271856620421186,0.014811646052869654,388.8894112828208,7.390542682247491,0.8634517516563129,-4.93328651685393e-05,0.011041151685393259,2848,0,4,daily_factor_momentum,daily industry/factor,softmax_high_entropy,27,test,iid,constant_CMA,0.0
0.00039903034720578217,-0.0005690689114570159,0.0016002847498363404,0.028349212312035247,0.033523999409267376,431.1961849507208,8.293300027204602,0.8485968451717975,0.0001740168539325843,0.02775182584269663,2848,0,4,daily_factor_momentum,daily industry/factor,softmax_high_entropy,27,test,iid,constant_momentum,0.0
8.045198294712352e-05,7.006618793828656e-05,9.149855934128935e-05,0.0,0.0,421.9551099536217,7.279950336052711,0.851841604651116,8.072331460674158e-05,0.0,2848,0,4,daily_factor_momentum,daily industry/factor,softmax_high_entropy,27,test,iid,constant_cash_RF,0.0
0.0002937393364607891,-0.0005889340760131347,0.0011612795082256168,0.0234852814429266,0.0291185812458393,405.7713606271152,6.958050073340665,0.8575241009034006,0.00021348314606741572,0.020687078651685394,2848,0,4,daily_factor_momentum,daily industry/factor,softmax_high_entropy,27,test,iid,momentum_12,0.0
8.045198294712352e-05,7.006618793828656e-05,9.149855934128935e-05,0.0,0.0,421.9551099536217,7.279950336052711,0.851841604651116,8.072331460674158e-05,0.0,2848,0,4,daily_factor_momentum,daily industry/factor,softmax_high_entropy,27,test,iid,low_vol_12,0.0
-0.00020491025595619045,-0.0009168736248385739,0.0003377511966127925,0.017182505817226856,0.02384170910429665,415.723740318896,7.279950336052711,0.8540295855621853,0.00022521067415730343,0.013886657303370785,2848,0,4,daily_factor_momentum,daily industry/factor,softmax_high_entropy,27,test,iid,risk_adjusted_12,0.0
0.0003224736654252734,-0.0005301739216753775,0.0011775935354486706,0.021075291470351313,0.02499736902729519,425.5845215037196,7.750678171877877,0.850567232618076,4.3117977528089894e-05,0.020534129213483146,2848,0,4,daily_factor_momentum,daily industry/factor,softmax_high_entropy,27,test,iid,ridge_return_train_only,0.0
0.0006361000935238082,-0.0005520065272151204,0.0019435783853488334,0.032644137672106104,0.04175001348416279,392.24547603106765,8.751075268835875,0.8622733581351588,0.0005706460674157303,0.027760112359550563,2848,0,4,daily_factor_momentum,daily industry/factor,softmax_high_entropy,27,test,block,constant_market_total,0.0
-0.0007341346140896623,-0.0014329552288888318,-0.00010022997500845285,0.016749607690137957,0.021175850395882427,404.7439101914892,7.742832636516091,0.8578848629945613,-7.784410112359552e-05,0.014024719101123597,2848,0,4,daily_factor_momentum,daily industry/factor,softmax_high_entropy,27,test,block,constant_SMB,0.0
0.00023644340138474283,-0.0005545624637432425,0.0009384277842638147,0.018022335096725677,0.022521330555459868,393.6212123010297,7.750678171877877,0.8617903046695823,-3.0547752808988755e-05,0.019923314606741575,2848,0,4,daily_factor_momentum,daily industry/factor,softmax_high_entropy,27,test,block,constant_HML,0.0
0.0003595790396657886,-0.0002186939453895783,0.0008553644981109061,0.012701379300027427,0.014385268152232861,412.7729485526684,7.500159493243998,0.8550656781767316,0.00010066713483146068,0.011674859550561799,2848,0,4,daily_factor_momentum,daily industry/factor,softmax_high_entropy,27,test,block,constant_RMW,0.0
0.00018235953255453998,-0.0002833233970703011,0.0007060273499301436,0.01271856620421186,0.015201427247488157,388.8894112828208,7.390542682247491,0.8634517516563129,-4.93328651685393e-05,0.011041151685393259,2848,0,4,daily_factor_momentum,daily industry/factor,softmax_high_entropy,27,test,block,constant_CMA,0.0
0.00039903034720578217,-0.0005945045296932775,0.0014374572306678553,0.028349212312035247,0.03442188416632972,431.1961849507208,8.293300027204602,0.8485968451717975,0.0001740168539325843,0.02775182584269663,2848,0,4,daily_factor_momentum,daily industry/factor,softmax_high_entropy,27,test,block,constant_momentum,0.0
8.045198294712352e-05,6.316235082930785e-05,9.929148919056084e-05,0.0,0.0,421.9551099536217,7.279950336052711,0.851841604651116,8.072331460674158e-05,0.0,2848,0,4,daily_factor_momentum,daily industry/factor,softmax_high_entropy,27,test,block,constant_cash_RF,0.0
0.0002937393364607891,-0.0005640540089370171,0.0012018844025893417,0.0234852814429266,0.02891777826233243,405.7713606271152,6.958050073340665,0.8575241009034006,0.00021348314606741572,0.020687078651685394,2848,0,4,daily_factor_momentum,daily industry/factor,softmax_high_entropy,27,test,block,momentum_12,0.0
8.045198294712352e-05,6.316235082930785e-05,9.929148919056084e-05,0.0,0.0,421.9551099536217,7.279950336052711,0.851841604651116,8.072331460674158e-05,0.0,2848,0,4,daily_factor_momentum,daily industry/factor,softmax_high_entropy,27,test,block,low_vol_12,0.0
-0.00020491025595619045,-0.0007379274732183932,0.00031239029096597577,0.017182505817226856,0.022538507439007798,415.723740318896,7.279950336052711,0.8540295855621853,0.00022521067415730343,0.013886657303370785,2848,0,4,daily_factor_momentum,daily industry/factor,softmax_high_entropy,27,test,block,risk_adjusted_12,0.0
0.0003224736654252734,-0.000518339471142108,0.0011661166864042865,0.021075291470351313,0.024655189613073718,425.5845215037196,7.750678171877877,0.850567232618076,4.3117977528089894e-05,0.020534129213483146,2848,0,4,daily_factor_momentum,daily industry/factor,softmax_high_entropy,27,test,block,ridge_return_train_only,0.0
0.00013646847022237855,-0.0019307872626742057,0.002215153551790968,0.0200870159453303,0.021397160243407706,53.00415846158923,69.99999999999999,0.9765986055357222,0.00041139072847682127,0.03324061810154525,2265,0,4,daily_factor_momentum,daily industry/factor,epsilon_greedy_momentum,7,calibration,iid,constant_market_total,0.0
0.0029615703352015277,0.0006136830411958891,0.005042088188079551,0.006369431920649233,0.006914929577464787,38.67246285669365,70.0,0.9829260649639322,7.015452538631345e-05,0.013065783664459159,2265,0,3,daily_factor_momentum,daily industry/factor,epsilon_greedy_momentum,7,calibration,iid,constant_SMB,0.0
-0.0018998163448468736,-0.0039123118357142946,5.488638455967714e-05,0.026574770642201838,0.030109347300564058,30.874776676953058,69.99999999999999,0.9863687520190053,-1.0154525386313429e-05,0.0170317880794702,2265,0,3,daily_factor_momentum,daily industry/factor,epsilon_greedy_momentum,7,calibration,iid,constant_HML,0.0
-0.0009079064847917045,-0.0017088020632021563,-0.0001631977966252273,0.009037917289486797,0.010498963945296312,35.05608208662959,69.99999999999999,0.9845227010655057,0.00014984547461368655,0.008575717439293598,2265,0,3,daily_factor_momentum,daily industry/factor,epsilon_greedy_momentum,7,calibration,iid,constant_RMW,0.0
-0.00037659837635596724,-0.0011117634390936048,0.00041808485983901763,0.003976330840299165,0.004308508648901355,37.072990291401474,69.99999999999999,0.9836322338669309,7.682119205298012e-05,0.005985209713024283,2265,0,3,daily_factor_momentum,daily industry/factor,epsilon_greedy_momentum,7,calibration,iid,constant_CMA,0.0
-0.0005455263282540628,-0.0020463040243844477,0.0009877581616990544,0.01900677966101695,0.02216486013986014,46.69036281939507,70.0,0.9793861532806203,-9.006622516556304e-06,0.02774150110375276,2265,0,3,daily_factor_momentum,daily industry/factor,epsilon_greedy_momentum,7,calibration,iid,constant_momentum,0.0
9.719634757276612e-05,2.3565798621288972e-05,0.00016167041498171445,0.0,0.0,23.907817523902494,69.99999999999999,0.9894446721748775,5.077262693156734e-05,0.0,2265,0,3,daily_factor_momentum,daily industry/factor,epsilon_greedy_momentum,7,calibration,iid,constant_cash_RF,0.0
4.129531857686028e-05,-0.00036037041939316754,0.0003974998673871278,0.024261427193828348,0.027330592734225626,2074.0,1.09375,0.084326710816777,0.0001739514348785872,0.023893598233995585,2265,0,4,daily_factor_momentum,daily industry/factor,epsilon_greedy_momentum,7,calibration,iid,momentum_12,0.0
9.719634757276612e-05,2.3565798621288972e-05,0.00016167041498171445,0.0,0.0,23.907817523902494,69.99999999999999,0.9894446721748775,5.077262693156734e-05,0.0,2265,0,3,daily_factor_momentum,daily industry/factor,epsilon_greedy_momentum,7,calibration,iid,low_vol_12,0.0
0.0003888199722159612,-0.0001938916226031837,0.0010840210427989197,0.014656174334140435,0.017981809995497516,60.39208882720334,69.99999999999999,0.9733368261248551,0.0001938189845474614,0.015237748344370862,2265,0,4,daily_factor_momentum,daily industry/factor,epsilon_greedy_momentum,7,calibration,iid,risk_adjusted_12,0.0
0.000549219787752533,-0.001247517469435115,0.0021635779647379534,0.010739430704619694,0.012252492906364005,39.92080077191213,70.0,0.9823749223965068,0.00020379690949227377,0.02306048565121413,2265,0,3,daily_factor_momentum,daily industry/factor,epsilon_greedy_momentum,7,calibration,iid,ridge_return_train_only,0.0
0.00013646847022237855,-0.001939807261359135,0.0018396341674094877,0.0200870159453303,0.02178322399250234,53.00415846158923,69.99999999999999,0.9765986055357222,0.00041139072847682127,0.03324061810154525,2265,0,4,daily_factor_momentum,daily industry/factor,epsilon_greedy_momentum,7,calibration,block,constant_market_total,0.0
0.0029615703352015277,0.0010795798490630128,0.00500242057705653,0.006369431920649233,0.00682108660570199,38.67246285669365,70.0,0.9829260649639322,7.015452538631345e-05,0.013065783664459159,2265,0,3,daily_factor_momentum,daily industry/factor,epsilon_greedy_momentum,7,calibration,block,constant_SMB,0.0
-0.0018998163448468736,-0.003964372737251237,-0.00013545882427202472,0.026574770642201838,0.03012928039702233,30.874776676953058,69.99999999999999,0.9863687520190053,-1.0154525386313429e-05,0.0170317880794702,2265,0,3,daily_factor_momentum,daily industry/factor,epsilon_greedy_momentum,7,calibration,block,constant_HML,0.0
-0.0009079064847917045,-0.0017621909942858135,-8.032243851551445e-05,0.009037917289486797,0.010455448098001289,35.05608208662959,69.99999999999999,0.9845227010655057,0.00014984547461368655,0.008575717439293598,2265,0,3,daily_factor_momentum,daily industry/factor,epsilon_greedy_momentum,7,calibration,block,constant_RMW,0.0
-0.00037659837635596724,-0.0009734932581509547,0.0002158564433320343,0.003976330840299165,0.004293518083607327,37.072990291401474,69.99999999999999,0.9836322338669309,7.682119205298012e-05,0.005985209713024283,2265,0,3,daily_factor_momentum,daily industry/factor,epsilon_greedy_momentum,7,calibration,block,constant_CMA,0.0
-0.0005455263282540628,-0.0020563328299883716,0.0008909421751589595,0.01900677966101695,0.02216455276857548,46.69036281939507,70.0,0.9793861532806203,-9.006622516556304e-06,0.02774150110375276,2265,0,3,daily_factor_momentum,daily industry/factor,epsilon_greedy_momentum,7,calibration,block,constant_momentum,0.0
9.719634757276612e-05,2.5093721573245215e-05,0.00016647932089224878,0.0,0.0,23.907817523902494,69.99999999999999,0.9894446721748775,5.077262693156734e-05,0.0,2265,0,3,daily_factor_momentum,daily industry/factor,epsilon_greedy_momentum,7,calibration,block,constant_cash_RF,0.0
4.129531857686028e-05,-0.0004045342702634391,0.000448456756596466,0.024261427193828348,0.029042857142857138,2074.0,1.09375,0.084326710816777,0.0001739514348785872,0.023893598233995585,2265,0,4,daily_factor_momentum,daily industry/factor,epsilon_greedy_momentum,7,calibration,block,momentum_12,0.0
9.719634757276612e-05,2.5093721573245215e-05,0.00016647932089224878,0.0,0.0,23.907817523902494,69.99999999999999,0.9894446721748775,5.077262693156734e-05,0.0,2265,0,3,daily_factor_momentum,daily industry/factor,epsilon_greedy_momentum,7,calibration,block,low_vol_12,0.0
0.0003888199722159612,-0.0001786297233657206,0.0010215389648243092,0.014656174334140435,0.0175285134449518,60.39208882720334,69.99999999999999,0.9733368261248551,0.0001938189845474614,0.015237748344370862,2265,0,4,daily_factor_momentum,daily industry/factor,epsilon_greedy_momentum,7,calibration,block,risk_adjusted_12,0.0
0.000549219787752533,-0.0013794056914407467,0.002401999808389179,0.010739430704619694,0.012314232209737827,39.92080077191213,70.0,0.9823749223965068,0.00020379690949227377,0.02306048565121413,2265,0,3,daily_factor_momentum,daily industry/factor,epsilon_greedy_momentum,7,calibration,block,ridge_return_train_only,0.0
0.002085691892673715,-0.000773847970867056,0.00401579337743646,0.022476569037656904,0.023553883029721952,57.6060428810585,69.99999999999999,0.9797731591007519,0.0005706460674157303,0.027760112359550563,2848,0,4,daily_factor_momentum,daily industry/factor,epsilon_greedy_momentum,7,test,iid,constant_market_total,0.0
0.00222118434818028,0.00033366772098755346,0.004302198997865986,0.01039186046511628,0.011132432432432431,37.0572025052192,70.0,0.9869883418169877,-7.784410112359552e-05,0.014024719101123597,2848,0,3,daily_factor_momentum,daily industry/factor,epsilon_greedy_momentum,7,test,iid,constant_SMB,0.0
0.0004705890495155214,-0.0014074272982099233,0.0020584899163543207,0.017108588957055214,0.018424556771029804,45.47098555553019,69.99999999999999,0.9840340640605583,-3.0547752808988755e-05,0.019923314606741575,2848,0,3,daily_factor_momentum,daily industry/factor,epsilon_greedy_momentum,7,test,iid,constant_HML,0.0
-0.001382740536621737,-0.0035942620731087183,0.0005058160868184129,0.012623996322402698,0.014113777900248,55.23335944430322,69.99999999999999,0.980606264240062,0.00010066713483146068,0.011674859550561799,2848,0,4,daily_factor_momentum,daily industry/factor,epsilon_greedy_momentum,7,test,iid,constant_RMW,0.0
-4.029132371663649e-05,-0.0015258005462053972,0.0016661807690746065,0.012719195612431445,0.014215362106803216,44.51269585294591,70.0,0.9843705421864656,-4.93328651685393e-05,0.011041151685393259,2848,0,3,daily_factor_momentum,daily industry/factor,epsilon_greedy_momentum,7,test,iid,constant_CMA,0.0
-1.5030037522359846e-05,-0.0023000885180413204,0.0018350869061775446,0.02623333333333333,0.029297025171624712,49.16540212443097,70.0,0.9827368672315903,0.0001740168539325843,0.02775182584269663,2848,0,3,daily_factor_momentum,daily industry/factor,epsilon_greedy_momentum,7,test,iid,constant_momentum,0.0
6.86754657232185e-05,1.550188997679716e-05,0.0001227408153757992,0.0,0.0,46.93480360421552,69.99999999999999,0.9835200830041378,8.072331460674158e-05,0.0,2848,0,3,daily_factor_momentum,daily industry/factor,epsilon_greedy_momentum,7,test,iid,constant_cash_RF,0.0
0.0002149488689151641,-0.00016209003061401996,0.00053515807456523,0.020787571921749133,0.02224386302424009,2607.0,1.09375,0.0846207865168539,0.00021348314606741572,0.020687078651685394,2848,0,4,daily_factor_momentum,daily industry/factor,epsilon_greedy_momentum,7,test,iid,momentum_12,0.0
6.86754657232185e-05,1.550188997679716e-05,0.0001227408153757992,0.0,0.0,46.93480360421552,69.99999999999999,0.9835200830041378,8.072331460674158e-05,0.0,2848,0,3,daily_factor_momentum,daily industry/factor,epsilon_greedy_momentum,7,test,iid,low_vol_12,0.0
0.00018208784058797007,-0.0002625932079815094,0.0006355091455502265,0.012944287949921751,0.015193562231759656,60.83674153536709,69.99999999999999,0.9786387845732559,0.00022521067415730343,0.013886657303370785,2848,0,4,daily_factor_momentum,daily industry/factor,epsilon_greedy_momentum,7,test,iid,risk_adjusted_12,0.0
-0.0004704870647741969,-0.0031121349326062703,0.0017955467297975185,0.027238461538461538,0.029154148195060164,40.15905202458652,69.99999999999999,0.98589920926103,0.00016555477528089894,0.024035252808988765,2848,0,3,daily_factor_momentum,daily industry/factor,epsilon_greedy_momentum,7,test,iid,ridge_return_train_only,0.0
0.002085691892673715,-0.0011674914291586098,0.004958050845397455,0.022476569037656904,0.0235027397260274,57.6060428810585,69.99999999999999,0.9797731591007519,0.0005706460674157303,0.027760112359550563,2848,0,4,daily_factor_momentum,daily industry/factor,epsilon_greedy_momentum,7,test,block,constant_market_total,0.0
0.00222118434818028,5.701667292265914e-05,0.004387448828724458,0.01039186046511628,0.010935710005991611,37.0572025052192,70.0,0.9869883418169877,-7.784410112359552e-05,0.014024719101123597,2848,0,3,daily_factor_momentum,daily industry/factor,epsilon_greedy_momentum,7,test,block,constant_SMB,0.0
0.0004705890495155214,-0.0012154112936403028,0.0023419012216528857,0.017108588957055214,0.018626490066225163,45.47098555553019,69.99999999999999,0.9840340640605583,-3.0547752808988755e-05,0.019923314606741575,2848,0,3,daily_factor_momentum,daily industry/factor,epsilon_greedy_momentum,7,test,block,constant_HML,0.0
-0.001382740536621737,-0.0034081206665364096,0.0005344172428847917,0.012623996322402698,0.01397659574468085,55.23335944430322,69.99999999999999,0.980606264240062,0.00010066713483146068,0.011674859550561799,2848,0,4,daily_factor_momentum,daily industry/factor,epsilon_greedy_momentum,7,test,block,constant_RMW,0.0
-4.029132371663649e-05,-0.0015622374629019953,0.0013843258693199173,0.012719195612431445,0.014159429000751313,44.51269585294591,70.0,0.9843705421864656,-4.93328651685393e-05,0.011041151685393259,2848,0,3,daily_factor_momentum,daily industry/factor,epsilon_greedy_momentum,7,test,block,constant_CMA,0.0
-1.5030037522359846e-05,-0.0020282718135956565,0.0018320811905200415,0.02623333333333333,0.029362135922330095,49.16540212443097,70.0,0.9827368672315903,0.0001740168539325843,0.02775182584269663,2848,0,3,daily_factor_momentum,daily industry/factor,epsilon_greedy_momentum,7,test,block,constant_momentum,0.0
6.86754657232185e-05,8.079541207739296e-06,0.00011869389025694201,0.0,0.0,46.93480360421552,69.99999999999999,0.9835200830041378,8.072331460674158e-05,0.0,2848,0,3,daily_factor_momentum,daily industry/factor,epsilon_greedy_momentum,7,test,block,constant_cash_RF,0.0
0.0002149488689151641,-0.00010260149997145867,0.0005428052802735422,0.020787571921749133,0.022884135541008852,2607.0,1.09375,0.0846207865168539,0.00021348314606741572,0.020687078651685394,2848,0,4,daily_factor_momentum,daily industry/factor,epsilon_greedy_momentum,7,test,block,momentum_12,0.0
6.86754657232185e-05,8.079541207739296e-06,0.00011869389025694201,0.0,0.0,46.93480360421552,69.99999999999999,0.9835200830041378,8.072331460674158e-05,0.0,2848,0,3,daily_factor_momentum,daily industry/factor,epsilon_greedy_momentum,7,test,block,low_vol_12,0.0
0.00018208784058797007,-0.0003181339393563595,0.0005523339532348053,0.012944287949921751,0.015550149850149847,60.83674153536709,69.99999999999999,0.9786387845732559,0.00022521067415730343,0.013886657303370785,2848,0,4,daily_factor_momentum,daily industry/factor,epsilon_greedy_momentum,7,test,block,risk_adjusted_12,0.0
-0.0004704870647741969,-0.0034171674234917274,0.001752387247605328,0.027238461538461538,0.02909635627530364,40.15905202458652,69.99999999999999,0.98589920926103,0.00016555477528089894,0.024035252808988765,2848,0,3,daily_factor_momentum,daily industry/factor,epsilon_greedy_momentum,7,test,block,ridge_return_train_only,0.0
-0.0015820498605779122,-0.006361501762058609,0.002359411086495483,0.041378861788617896,0.04835561385099686,56.403086903030974,70.0,0.975097974877249,0.00041139072847682127,0.03324061810154525,2265,0,4,daily_factor_momentum,daily industry/factor,epsilon_greedy_momentum,17,calibration,iid,constant_market_total,0.0
0.0003803312635394145,-0.0016369504073652055,0.0032192602263683276,0.011724571428571428,0.012427680311890838,31.085689924683813,70.0,0.986275633587336,7.015452538631345e-05,0.013065783664459159,2265,0,3,daily_factor_momentum,daily industry/factor,epsilon_greedy_momentum,17,calibration,iid,constant_SMB,0.0
0.0016327271381661125,-0.0006633168096146306,0.003862139600896859,0.013068040370058872,0.017527615062761504,40.54668521360044,69.99999999999999,0.9820985937246797,-1.0154525386313429e-05,0.0170317880794702,2265,0,3,daily_factor_momentum,daily industry/factor,epsilon_greedy_momentum,17,calibration,iid,constant_HML,0.0
0.00011396050871528025,-0.0008845832721616309,0.0011685320577565236,0.005444388819357529,0.0058997963340122195,41.19159049360145,69.99999999999999,0.9818138673317433,0.00014984547461368655,0.008575717439293598,2265,0,3,daily_factor_momentum,daily industry/factor,epsilon_greedy_momentum,17,calibration,iid,constant_RMW,0.0
0.0003779287961650145,-0.00020739563463780338,0.0008983375697263364,0.004323986856516978,0.004568902136115251,30.12264883910019,69.99999999999999,0.9867008172895805,7.682119205298012e-05,0.005985209713024283,2265,0,3,daily_factor_momentum,daily industry/factor,epsilon_greedy_momentum,17,calibration,iid,constant_CMA,0.0
0.0018069121983111938,-0.0007907437630744413,0.005166440248883018,0.016315446825717752,0.01909505617977528,47.97967285137096,70.0,0.9788169214784235,-9.006622516556304e-06,0.02774150110375276,2265,0,3,daily_factor_momentum,daily industry/factor,epsilon_greedy_momentum,17,calibration,iid,constant_momentum,0.0
-2.7271624133735558e-06,-7.321407721008673e-05,6.042595172102268e-05,0.0,0.0,41.87268700435807,69.99999999999999,0.981513162470482,5.077262693156734e-05,0.0,2265,0,3,daily_factor_momentum,daily industry/factor,epsilon_greedy_momentum,17,calibration,iid,constant_cash_RF,0.0
0.00010601477908516971,-0.00028119266737111187,0.000568026774957619,0.024048828124999994,0.027146472019464712,2048.0,1.09375,0.09580573951434879,0.0001739514348785872,0.023893598233995585,2265,0,4,daily_factor_momentum,daily industry/factor,epsilon_greedy_momentum,17,calibration,iid,momentum_12,0.0
-2.7271624133735558e-06,-7.321407721008673e-05,6.042595172102268e-05,0.0,0.0,41.87268700435807,69.99999999999999,0.981513162470482,5.077262693156734e-05,0.0,2265,0,3,daily_factor_momentum,daily industry/factor,epsilon_greedy_momentum,17,calibration,iid,low_vol_12,0.0
0.0002483424805145134,-0.00038738880815744137,0.0008169964535162296,0.01371371700562527,0.01640855513307984,61.3995953232241,69.99999999999999,0.9728920108948238,0.0001938189845474614,0.015237748344370862,2265,0,4,daily_factor_momentum,daily industry/factor,epsilon_greedy_momentum,17,calibration,iid,risk_adjusted_12,0.0
-7.158253626039967e-05,-0.0019717101805995707,0.0017109131226185701,0.01579520153550864,0.01795677143965852,47.215341798573654,70.0,0.9791543744818659,0.00011969094922737307,0.02468675496688742,2265,0,3,daily_factor_momentum,daily industry/factor,epsilon_greedy_momentum,17,calibration,iid,ridge_return_train_only,0.0
-0.0015820498605779122,-0.005926668934403797,0.0020779255826649705,0.041378861788617896,0.048430008176614886,56.403086903030974,70.0,0.975097974877249,0.00041139072847682127,0.03324061810154525,2265,0,4,daily_factor_momentum,daily industry/factor,epsilon_greedy_momentum,17,calibration,block,constant_market_total,0.0
0.0003803312635394145,-0.001786778893736656,0.002642141786765346,0.011724571428571428,0.012419206680584549,31.085689924683813,70.0,0.986275633587336,7.015452538631345e-05,0.013065783664459159,2265,0,3,daily_factor_momentum,daily industry/factor,epsilon_greedy_momentum,17,calibration,block,constant_SMB,0.0
0.0016327271381661125,-0.0004248886919250749,0.0037677823477537996,0.013068040370058872,0.017559173426033213,40.54668521360044,69.99999999999999,0.9820985937246797,-1.0154525386313429e-05,0.0170317880794702,2265,0,3,daily_factor_momentum,daily industry/factor,epsilon_greedy_momentum,17,calibration,block,constant_HML,0.0
0.00011396050871528025,-0.0007570364490894148,0.0010283554465703535,0.005444388819357529,0.006095069033530571,41.19159049360145,69.99999999999999,0.9818138673317433,0.00014984547461368655,0.008575717439293598,2265,0,3,daily_factor_momentum,daily industry/factor,epsilon_greedy_momentum,17,calibration,block,constant_RMW,0.0
0.0003779287961650145,-0.00024490464906326895,0.0010785631191101675,0.004323986856516978,0.004559420289855073,30.12264883910019,69.99999999999999,0.9867008172895805,7.682119205298012e-05,0.005985209713024283,2265,0,3,daily_factor_momentum,daily industry/factor,epsilon_greedy_momentum,17,calibration,block,constant_CMA,0.0
0.0018069121983111938,-0.0008032344488008472,0.00460537696932244,0.016315446825717752,0.0193817472698908,47.97967285137096,70.0,0.9788169214784235,-9.006622516556304e-06,0.02774150110375276,2265,0,3,daily_factor_momentum,daily industry/factor,epsilon_greedy_momentum,17,calibration,block,constant_momentum,0.0
-2.7271624133735558e-06,-6.417182360545155e-05,5.976803200699551e-05,0.0,0.0,41.87268700435807,69.99999999999999,0.981513162470482,5.077262693156734e-05,0.0,2265,0,3,daily_factor_momentum,daily industry/factor,epsilon_greedy_momentum,17,calibration,block,constant_cash_RF,0.0
0.00010601477908516971,-0.00023655018440336972,0.0004061470569634064,0.024048828124999994,0.028298009950248754,2048.0,1.09375,0.09580573951434879,0.0001739514348785872,0.023893598233995585,2265,0,4,daily_factor_momentum,daily industry/factor,epsilon_greedy_momentum,17,calibration,block,momentum_12,0.0
-2.7271624133735558e-06,-6.417182360545155e-05,5.976803200699551e-05,0.0,0.0,41.87268700435807,69.99999999999999,0.981513162470482,5.077262693156734e-05,0.0,2265,0,3,daily_factor_momentum,daily industry/factor,epsilon_greedy_momentum,17,calibration,block,low_vol_12,0.0
0.0002483424805145134,-0.00023042983917902863,0.000626071208101929,0.01371371700562527,0.018313097576948257,61.3995953232241,69.99999999999999,0.9728920108948238,0.0001938189845474614,0.015237748344370862,2265,0,4,daily_factor_momentum,daily industry/factor,epsilon_greedy_momentum,17,calibration,block,risk_adjusted_12,0.0
-7.158253626039967e-05,-0.002175639307073573,0.0019584347157427517,0.01579520153550864,0.017771402214022142,47.215341798573654,70.0,0.9791543744818659,0.00011969094922737307,0.02468675496688742,2265,0,3,daily_factor_momentum,daily industry/factor,epsilon_greedy_momentum,17,calibration,block,ridge_return_train_only,0.0
0.00014586264519082117,-0.0023928272378321764,0.0017266968038774644,0.019501050861706597,0.022652621722846444,57.08333081182486,69.99999999999999,0.9799566956419155,0.0005706460674157303,0.027760112359550563,2848,0,4,daily_factor_momentum,daily industry/factor,epsilon_greedy_momentum,17,test,iid,constant_market_total,0.0
0.0018111080397338103,-0.0005441998534982997,0.004058807837608018,0.01177442167878387,0.014256029449098756,51.90800557816804,70.0,0.981773874445868,-7.784410112359552e-05,0.014024719101123597,2848,0,4,daily_factor_momentum,daily industry/factor,epsilon_greedy_momentum,17,test,iid,constant_SMB,0.0
-0.0006673443816861553,-0.0035604367811872973,0.004155783034217245,0.016649361569604483,0.020348561759729267,57.084365432208116,69.99999999999999,0.9799563323622865,-3.0547752808988755e-05,0.019923314606741575,2848,0,4,daily_factor_momentum,daily industry/factor,epsilon_greedy_momentum,17,test,iid,constant_HML,0.0
9.701143552471972e-06,-0.001582303720809327,0.0013129876746132121,0.01031124694376528,0.011384432088959492,36.384101408548744,70.0,0.9872246834941893,0.00010066713483146068,0.011674859550561799,2848,0,3,daily_factor_momentum,daily industry/factor,epsilon_greedy_momentum,17,test,iid,constant_RMW,0.0
-0.0008922289879940061,-0.002959888182865804,0.001167730591323686,0.011827990501632534,0.01354833869239014,54.30673058980578,70.0,0.9809316254951524,-4.93328651685393e-05,0.011041151685393259,2848,0,4,daily_factor_momentum,daily industry/factor,epsilon_greedy_momentum,17,test,iid,constant_CMA,0.0
-0.0013553722593516596,-0.004431864271875899,0.001573273948632241,0.02989311892296186,0.031044134078212295,56.0076762802939,69.99999999999999,0.9803343833285485,0.0001740168539325843,0.02775182584269663,2848,0,4,daily_factor_momentum,daily industry/factor,epsilon_greedy_momentum,17,test,iid,constant_momentum,0.0
0.00010928626722015046,5.876666522683098e-05,0.00015329715149223756,0.0,0.0,37.93592906809515,69.99999999999999,0.9866798001867644,8.072331460674158e-05,0.0,2848,0,3,daily_factor_momentum,daily industry/factor,epsilon_greedy_momentum,17,test,iid,constant_cash_RF,0.0
0.00027291081718134013,-5.374741628726201e-05,0.0005848065727095681,0.02052393822393822,0.021823106497500955,2590.0,1.09375,0.0905898876404494,0.00021348314606741572,0.020687078651685394,2848,0,4,daily_factor_momentum,daily industry/factor,epsilon_greedy_momentum,17,test,iid,momentum_12,0.0
0.00010928626722015046,5.876666522683098e-05,0.00015329715149223756,0.0,0.0,37.93592906809515,69.99999999999999,0.9866798001867644,8.072331460674158e-05,0.0,2848,0,3,daily_factor_momentum,daily industry/factor,epsilon_greedy_momentum,17,test,iid,low_vol_12,0.0
0.0002629038666050581,6.019351304832551e-05,0.0004899765761302023,0.012607868601986249,0.014384600669536108,61.480095441416566,69.99999999999999,0.9784128878365813,0.00022521067415730343,0.013886657303370785,2848,0,4,daily_factor_momentum,daily industry/factor,epsilon_greedy_momentum,17,test,iid,risk_adjusted_12,0.0
0.0003614474224495693,-0.0024549309963581628,0.002647390142852302,0.024446452702702706,0.030953860094237045,47.004291845493555,69.99999999999999,0.9834956840430149,0.0001432584269662922,0.024458707865168537,2848,0,3,daily_factor_momentum,daily industry/factor,epsilon_greedy_momentum,17,test,iid,ridge_return_train_only,0.0
0.00014586264519082117,-0.00167562608356646,0.0021262578968595874,0.019501050861706597,0.02260656455142232,57.08333081182486,69.99999999999999,0.9799566956419155,0.0005706460674157303,0.027760112359550563,2848,0,4,daily_factor_momentum,daily industry/factor,epsilon_greedy_momentum,17,test,block,constant_market_total,0.0
0.0018111080397338103,-0.00041989583369714956,0.00402159097129484,0.01177442167878387,0.014272562469377753,51.90800557816804,70.0,0.981773874445868,-7.784410112359552e-05,0.014024719101123597,2848,0,4,daily_factor_momentum,daily industry/factor,epsilon_greedy_momentum,17,test,block,constant_SMB,0.0
-0.0006673443816861553,-0.003976695648576831,0.003513047662367313,0.016649361569604483,0.020358705701078582,57.084365432208116,69.99999999999999,0.9799563323622865,-3.0547752808988755e-05,0.019923314606741575,2848,0,4,daily_factor_momentum,daily industry/factor,epsilon_greedy_momentum,17,test,block,constant_HML,0.0
9.701143552471972e-06,-0.0013809624138660882,0.0013782830477542867,0.01031124694376528,0.011421097405359421,36.384101408548744,70.0,0.9872246834941893,0.00010066713483146068,0.011674859550561799,2848,0,3,daily_factor_momentum,daily industry/factor,epsilon_greedy_momentum,17,test,block,constant_RMW,0.0
-0.0008922289879940061,-0.003010686343076567,0.0011380520154284292,0.011827990501632534,0.013586422200198216,54.30673058980578,70.0,0.9809316254951524,-4.93328651685393e-05,0.011041151685393259,2848,0,4,daily_factor_momentum,daily industry/factor,epsilon_greedy_momentum,17,test,block,constant_CMA,0.0
-0.0013553722593516596,-0.004695690046430426,0.0012627395235248104,0.02989311892296186,0.031186790855207456,56.0076762802939,69.99999999999999,0.9803343833285485,0.0001740168539325843,0.02775182584269663,2848,0,4,daily_factor_momentum,daily industry/factor,epsilon_greedy_momentum,17,test,block,constant_momentum,0.0
0.00010928626722015046,5.735999250400598e-05,0.00015188274309873458,0.0,0.0,37.93592906809515,69.99999999999999,0.9866798001867644,8.072331460674158e-05,0.0,2848,0,3,daily_factor_momentum,daily industry/factor,epsilon_greedy_momentum,17,test,block,constant_cash_RF,0.0
0.00027291081718134013,6.4043515305191365e-06,0.0005898300766194599,0.02052393822393822,0.0227757505773672,2590.0,1.09375,0.0905898876404494,0.00021348314606741572,0.020687078651685394,2848,0,4,daily_factor_momentum,daily industry/factor,epsilon_greedy_momentum,17,test,block,momentum_12,0.0
0.00010928626722015046,5.735999250400598e-05,0.00015188274309873458,0.0,0.0,37.93592906809515,69.99999999999999,0.9866798001867644,8.072331460674158e-05,0.0,2848,0,3,daily_factor_momentum,daily industry/factor,epsilon_greedy_momentum,17,test,block,low_vol_12,0.0
0.0002629038666050581,7.016319449243268e-05,0.00047014293802598127,0.012607868601986249,0.014894818652849735,61.480095441416566,69.99999999999999,0.9784128878365813,0.00022521067415730343,0.013886657303370785,2848,0,4,daily_factor_momentum,daily industry/factor,epsilon_greedy_momentum,17,test,block,risk_adjusted_12,0.0
0.0003614474224495693,-0.0018513381461930318,0.0026972982708589562,0.024446452702702706,0.031145531197301863,47.004291845493555,69.99999999999999,0.9834956840430149,0.0001432584269662922,0.024458707865168537,2848,0,3,daily_factor_momentum,daily industry/factor,epsilon_greedy_momentum,17,test,block,ridge_return_train_only,0.0
0.002186523124538805,-0.0015430713556379685,0.005559002933444217,0.02862696245733788,0.030160839160839156,49.657186927600506,69.99999999999999,0.9780762971622072,0.00041139072847682127,0.03324061810154525,2265,0,3,daily_factor_momentum,daily industry/factor,epsilon_greedy_momentum,27,calibration,iid,constant_market_total,0.0
0.0034132985409630777,3.160853153095652e-05,0.00850138747661506,0.009328220858895706,0.010211784095591266,34.52387655657823,70.0,0.9847576703944467,7.015452538631345e-05,0.013065783664459159,2265,0,3,daily_factor_momentum,daily industry/factor,epsilon_greedy_momentum,27,calibration,iid,constant_SMB,0.0
-0.0014087569701734528,-0.0031737021300138175,0.00024250441979660947,0.01629974160206718,0.01855431886549205,33.792949394850126,69.99999999999999,0.9850803755431126,-1.0154525386313429e-05,0.0170317880794702,2265,0,3,daily_factor_momentum,daily industry/factor,epsilon_greedy_momentum,27,calibration,iid,constant_HML,0.0
0.0006127916560515396,-0.0010232642388329832,0.002178138005393159,0.008194262295081968,0.009165238798621368,34.38406006352873,69.99999999999999,0.984819399530451,0.00014984547461368655,0.008575717439293598,2265,0,3,daily_factor_momentum,daily industry/factor,epsilon_greedy_momentum,27,calibration,iid,constant_RMW,0.0
0.0010324361284327645,-0.0002598884139516886,0.002216064842322845,0.003289982321744255,0.0035835309617918316,28.09651989814336,69.99999999999999,0.9875953554533583,7.682119205298012e-05,0.005985209713024283,2265,0,3,daily_factor_momentum,daily industry/factor,epsilon_greedy_momentum,27,calibration,iid,constant_CMA,0.0
0.002717107461079775,-0.002908944785827305,0.010014154341758385,0.03524265863825845,0.04460430820215411,43.56703834902001,69.99999999999999,0.9807651044816689,-9.006622516556304e-06,0.02774150110375276,2265,0,3,daily_factor_momentum,daily industry/factor,epsilon_greedy_momentum,27,calibration,iid,constant_momentum,0.0
3.211724613341522e-06,-0.0001086051550749434,8.21491164505689e-05,0.0,0.0,38.96716320120247,69.99999999999999,0.9827959544365552,5.077262693156734e-05,0.0,2265,0,3,daily_factor_momentum,daily industry/factor,epsilon_greedy_momentum,27,calibration,iid,constant_cash_RF,0.0
0.00022584667882818722,-0.0001346059456726566,0.0006316617013490791,0.0233826923076923,0.02652150072150071,2080.0,1.09375,0.08167770419426046,0.0001739514348785872,0.023893598233995585,2265,0,4,daily_factor_momentum,daily industry/factor,epsilon_greedy_momentum,27,calibration,iid,momentum_12,0.0
3.211724613341522e-06,-0.0001086051550749434,8.21491164505689e-05,0.0,0.0,38.96716320120247,69.99999999999999,0.9827959544365552,5.077262693156734e-05,0.0,2265,0,3,daily_factor_momentum,daily industry/factor,epsilon_greedy_momentum,27,calibration,iid,low_vol_12,0.0
0.001537247015188309,0.00017364493675412306,0.003081146706004235,0.012926881720430106,0.015539397384877767,62.13576330218285,69.99999999999999,0.9725669919195661,0.0001938189845474614,0.015237748344370862,2265,0,4,daily_factor_momentum,daily industry/factor,epsilon_greedy_momentum,27,calibration,iid,risk_adjusted_12,0.0
0.0018387295738555491,-0.0019369826233907848,0.007306955951615493,0.024571622934888245,0.02913374019180471,39.62357563850687,69.99999999999999,0.9825061476209682,0.00030490066225165573,0.02126843267108168,2265,0,3,daily_factor_momentum,daily industry/factor,epsilon_greedy_momentum,27,calibration,iid,ridge_return_train_only,0.0
0.002186523124538805,-0.001235933881011213,0.005428728178835947,0.02862696245733788,0.03016886674968867,49.657186927600506,69.99999999999999,0.9780762971622072,0.00041139072847682127,0.03324061810154525,2265,0,3,daily_factor_momentum,daily industry/factor,epsilon_greedy_momentum,27,calibration,block,constant_market_total,0.0
0.0034132985409630777,-0.00012064980002779235,0.007653312155632429,0.009328220858895706,0.010223463687150838,34.52387655657823,70.0,0.9847576703944467,7.015452538631345e-05,0.013065783664459159,2265,0,3,daily_factor_momentum,daily industry/factor,epsilon_greedy_momentum,27,calibration,block,constant_SMB,0.0
-0.0014087569701734528,-0.002952524033776415,3.642166250976643e-05,0.01629974160206718,0.018762376887721602,33.792949394850126,69.99999999999999,0.9850803755431126,-1.0154525386313429e-05,0.0170317880794702,2265,0,3,daily_factor_momentum,daily industry/factor,epsilon_greedy_momentum,27,calibration,block,constant_HML,0.0
0.0006127916560515396,-0.0007368624009895492,0.002277389542062129,0.008194262295081968,0.009267174409748665,34.38406006352873,69.99999999999999,0.984819399530451,0.00014984547461368655,0.008575717439293598,2265,0,3,daily_factor_momentum,daily industry/factor,epsilon_greedy_momentum,27,calibration,block,constant_RMW,0.0
0.0010324361284327645,-7.94735732330844e-05,0.002049436325420985,0.003289982321744255,0.0035593639575971737,28.09651989814336,69.99999999999999,0.9875953554533583,7.682119205298012e-05,0.005985209713024283,2265,0,3,daily_factor_momentum,daily industry/factor,epsilon_greedy_momentum,27,calibration,block,constant_CMA,0.0
0.002717107461079775,-0.0021799100752689458,0.008316902211824908,0.03524265863825845,0.04463800757985924,43.56703834902001,69.99999999999999,0.9807651044816689,-9.006622516556304e-06,0.02774150110375276,2265,0,3,daily_factor_momentum,daily industry/factor,epsilon_greedy_momentum,27,calibration,block,constant_momentum,0.0
3.211724613341522e-06,-9.952637127367909e-05,0.00010234506405839816,0.0,0.0,38.96716320120247,69.99999999999999,0.9827959544365552,5.077262693156734e-05,0.0,2265,0,3,daily_factor_momentum,daily industry/factor,epsilon_greedy_momentum,27,calibration,block,constant_cash_RF,0.0
0.00022584667882818722,-6.336897273321232e-05,0.0005183017429128965,0.0233826923076923,0.027034937439846002,2080.0,1.09375,0.08167770419426046,0.0001739514348785872,0.023893598233995585,2265,0,4,daily_factor_momentum,daily industry/factor,epsilon_greedy_momentum,27,calibration,block,momentum_12,0.0
3.211724613341522e-06,-9.952637127367909e-05,0.00010234506405839816,0.0,0.0,38.96716320120247,69.99999999999999,0.9827959544365552,5.077262693156734e-05,0.0,2265,0,3,daily_factor_momentum,daily industry/factor,epsilon_greedy_momentum,27,calibration,block,low_vol_12,0.0
0.001537247015188309,0.0002481636614312672,0.0030027824434949823,0.012926881720430106,0.015823508137432184,62.13576330218285,69.99999999999999,0.9725669919195661,0.0001938189845474614,0.015237748344370862,2265,0,4,daily_factor_momentum,daily industry/factor,epsilon_greedy_momentum,27,calibration,block,risk_adjusted_12,0.0
0.0018387295738555491,-0.0017827956622411523,0.006493577010442863,0.024571622934888245,0.0293315092674316,39.62357563850687,69.99999999999999,0.9825061476209682,0.00030490066225165573,0.02126843267108168,2265,0,3,daily_factor_momentum,daily industry/factor,epsilon_greedy_momentum,27,calibration,block,ridge_return_train_only,0.0
0.000974206549783834,-0.0008582445688579323,0.003115675344452998,0.01586772781536012,0.016737857467090327,58.83058363221387,69.99999999999999,0.9793431939493631,0.0005706460674157303,0.027760112359550563,2848,0,4,daily_factor_momentum,daily industry/factor,epsilon_greedy_momentum,27,test,iid,constant_market_total,0.0
-0.002276563886090581,-0.0039936363458821025,-0.000569973351249621,0.01030457719162141,0.010728945506015568,44.988045759155206,70.0,0.9842036356182742,-7.784410112359552e-05,0.014024719101123597,2848,0,3,daily_factor_momentum,daily industry/factor,epsilon_greedy_momentum,27,test,iid,constant_SMB,0.0
1.2346317697715737e-05,-0.002266166182607534,0.00205735958599299,0.016265858279651386,0.0170565965583174,48.444417392998,69.99999999999999,0.9829900219827956,-3.0547752808988755e-05,0.019923314606741575,2848,0,3,daily_factor_momentum,daily industry/factor,epsilon_greedy_momentum,27,test,iid,constant_HML,0.0
-0.0014613561602520005,-0.003816322930779653,-1.4958072655768501e-06,0.01679586681974742,0.0223,44.97960434000671,69.99999999999999,0.9842065995997168,0.00010066713483146068,0.011674859550561799,2848,0,3,daily_factor_momentum,daily industry/factor,epsilon_greedy_momentum,27,test,iid,constant_RMW,0.0
0.0002932773833092816,-0.001258604133407617,0.0017525420102383693,0.016468642447418736,0.017956440281030443,34.43756885209782,69.99999999999999,0.9879081570041791,-4.93328651685393e-05,0.011041151685393259,2848,0,3,daily_factor_momentum,daily industry/factor,epsilon_greedy_momentum,27,test,iid,constant_CMA,0.0
0.0023934607962681183,-0.0011666813710131216,0.005884797820173596,0.017342685771409534,0.01894503042596349,60.78851592610341,69.99999999999999,0.9786557177225761,0.0001740168539325843,0.02775182584269663,2848,0,4,daily_factor_momentum,daily industry/factor,epsilon_greedy_momentum,27,test,iid,constant_momentum,0.0
6.47736460283846e-05,-1.832237364521122e-06,0.00012427809205061764,0.0,0.0,43.99782016348774,69.99999999999999,0.9845513271897867,8.072331460674158e-05,0.0,2848,0,3,daily_factor_momentum,daily industry/factor,epsilon_greedy_momentum,27,test,iid,constant_cash_RF,0.0
0.00022292162154405966,-5.773630486819184e-05,0.0005258075756051641,0.020598771121351764,0.022052484472049688,2604.0,1.09375,0.0856741573033708,0.00021348314606741572,0.020687078651685394,2848,0,4,daily_factor_momentum,daily industry/factor,epsilon_greedy_momentum,27,test,iid,momentum_12,0.0
6.47736460283846e-05,-1.832237364521122e-06,0.00012427809205061764,0.0,0.0,43.99782016348774,69.99999999999999,0.9845513271897867,8.072331460674158e-05,0.0,2848,0,3,daily_factor_momentum,daily industry/factor,epsilon_greedy_momentum,27,test,iid,low_vol_12,0.0
0.0006773345304169941,0.00024570377870379015,0.0011826762285983036,0.013381964878974844,0.015876824720298346,56.39902178746111,69.99999999999999,0.980196972686987,0.00022521067415730343,0.013886657303370785,2848,0,4,daily_factor_momentum,daily industry/factor,epsilon_greedy_momentum,27,test,iid,risk_adjusted_12,0.0
0.00036349169025408123,-0.0021638732232818828,0.0027633992685154353,0.016238088180807703,0.017612879484820605,52.11214919842331,69.99999999999999,0.9817021948039244,0.00015003511235955056,0.022463904494382025,2848,0,4,daily_factor_momentum,daily industry/factor,epsilon_greedy_momentum,27,test,iid,ridge_return_train_only,0.0
0.000974206549783834,-0.0013210722746717625,0.0031181896693590005,0.01586772781536012,0.016764329701563236,58.83058363221387,69.99999999999999,0.9793431939493631,0.0005706460674157303,0.027760112359550563,2848,0,4,daily_factor_momentum,daily industry/factor,epsilon_greedy_momentum,27,test,block,constant_market_total,0.0
-0.002276563886090581,-0.003859432655241405,-0.0006471486453257449,0.01030457719162141,0.010701253918495296,44.988045759155206,70.0,0.9842036356182742,-7.784410112359552e-05,0.014024719101123597,2848,0,3,daily_factor_momentum,daily industry/factor,epsilon_greedy_momentum,27,test,block,constant_SMB,0.0
1.2346317697715737e-05,-0.0025892931183452155,0.0020387332036449685,0.016265858279651386,0.01714822373393802,48.444417392998,69.99999999999999,0.9829900219827956,-3.0547752808988755e-05,0.019923314606741575,2848,0,3,daily_factor_momentum,daily industry/factor,epsilon_greedy_momentum,27,test,block,constant_HML,0.0
-0.0014613561602520005,-0.0038357906745781958,0.00020698941111852343,0.01679586681974742,0.0223,44.97960434000671,69.99999999999999,0.9842065995997168,0.00010066713483146068,0.011674859550561799,2848,0,3,daily_factor_momentum,daily industry/factor,epsilon_greedy_momentum,27,test,block,constant_RMW,0.0
0.0002932773833092816,-0.0012396901657026386,0.001788392525531812,0.016468642447418736,0.01797017543859649,34.43756885209782,69.99999999999999,0.9879081570041791,-4.93328651685393e-05,0.011041151685393259,2848,0,3,daily_factor_momentum,daily industry/factor,epsilon_greedy_momentum,27,test,block,constant_CMA,0.0
0.0023934607962681183,-0.0012853258116386273,0.005853390657353058,0.017342685771409534,0.01847791327913279,60.78851592610341,69.99999999999999,0.9786557177225761,0.0001740168539325843,0.02775182584269663,2848,0,4,daily_factor_momentum,daily industry/factor,epsilon_greedy_momentum,27,test,block,constant_momentum,0.0
6.47736460283846e-05,-9.865789778179458e-06,0.0001323078602989712,0.0,0.0,43.99782016348774,69.99999999999999,0.9845513271897867,8.072331460674158e-05,0.0,2848,0,3,daily_factor_momentum,daily industry/factor,epsilon_greedy_momentum,27,test,block,constant_cash_RF,0.0
0.00022292162154405966,-9.490699490386394e-05,0.0005489240526296321,0.020598771121351764,0.022255103607060626,2604.0,1.09375,0.0856741573033708,0.00021348314606741572,0.020687078651685394,2848,0,4,daily_factor_momentum,daily industry/factor,epsilon_greedy_momentum,27,test,block,momentum_12,0.0
6.47736460283846e-05,-9.865789778179458e-06,0.0001323078602989712,0.0,0.0,43.99782016348774,69.99999999999999,0.9845513271897867,8.072331460674158e-05,0.0,2848,0,3,daily_factor_momentum,daily industry/factor,epsilon_greedy_momentum,27,test,block,low_vol_12,0.0
0.0006773345304169941,0.0003025102759124387,0.0011620970068938502,0.013381964878974844,0.015483878643664479,56.39902178746111,69.99999999999999,0.980196972686987,0.00022521067415730343,0.013886657303370785,2848,0,4,daily_factor_momentum,daily industry/factor,epsilon_greedy_momentum,27,test,block,risk_adjusted_12,0.0
0.00036349169025408123,-0.002106895606018566,0.0026093027481156883,0.016238088180807703,0.017421922428330527,52.11214919842331,69.99999999999999,0.9817021948039244,0.00015003511235955056,0.022463904494382025,2848,0,4,daily_factor_momentum,daily industry/factor,epsilon_greedy_momentum,27,test,block,ridge_return_train_only,0.0
-0.00032222404612715166,-0.0023714029713279893,0.0014721849411123632,0.03969182808249056,0.057523527505808116,277.08990087022323,12.720787076244156,0.8776645029270538,0.00041139072847682127,0.03324061810154525,2265,0,4,daily_factor_momentum,daily industry/factor,risk_averse_low_volatility,7,calibration,iid,constant_market_total,0.0
0.0004937788846900652,-0.0003884749328667335,0.001405171439418316,0.013555953578410407,0.015729734708525327,314.68447337631864,7.752469030458531,0.8610664576704995,7.015452538631345e-05,0.013065783664459159,2265,0,4,daily_factor_momentum,daily industry/factor,risk_averse_low_volatility,7,calibration,iid,constant_SMB,0.0
0.00010949554180992953,-0.0005740568958024253,0.0006683654451043227,0.013136789900064998,0.01622480956691287,335.4616115735229,8.223856764724774,0.8518933282236102,-1.0154525386313429e-05,0.0170317880794702,2265,0,4,daily_factor_momentum,daily industry/factor,risk_averse_low_volatility,7,calibration,iid,constant_HML,0.0
0.0003597272106768394,-7.329852317632364e-05,0.0007596262420454437,0.007960969638415725,0.00915833866623903,322.6974122051554,7.150256827386152,0.8575287363332648,0.00014984547461368655,0.008575717439293598,2265,0,4,daily_factor_momentum,daily industry/factor,risk_averse_low_volatility,7,calibration,iid,constant_RMW,0.0
5.66046931922469e-06,-0.00030471504083866676,0.0003074640114081021,0.0062024132583237915,0.007303151116527294,328.5450109718034,7.007150069376909,0.8549470150234864,7.682119205298012e-05,0.005985209713024283,2265,0,4,daily_factor_momentum,daily industry/factor,risk_averse_low_volatility,7,calibration,iid,constant_CMA,0.0
0.0004648283283201307,-0.0006270643023846108,0.0016693814012951446,0.019395586453952438,0.026879897031132496,303.35510254181855,9.19847035494084,0.8660683873987556,-9.006622516556304e-06,0.02774150110375276,2265,0,4,daily_factor_momentum,daily industry/factor,risk_averse_low_volatility,7,calibration,iid,constant_momentum,0.0
4.033139422568992e-05,2.642515383946507e-05,5.5741559611201895e-05,0.0,0.0,377.27404108800704,6.782981420676292,0.833433094442381,5.077262693156734e-05,0.0,2265,0,4,daily_factor_momentum,daily industry/factor,risk_averse_low_volatility,7,calibration,iid,constant_cash_RF,0.0
-0.00012939201890906535,-0.0014889659947558422,0.0011971904388192055,0.02976682520198354,0.03907184316791489,292.66118877643686,11.516036697523091,0.8707897621296085,0.0001739514348785872,0.023893598233995585,2265,0,4,daily_factor_momentum,daily industry/factor,risk_averse_low_volatility,7,calibration,iid,momentum_12,0.0
4.033139422568992e-05,2.642515383946507e-05,5.5741559611201895e-05,0.0,0.0,377.27404108800704,6.782981420676292,0.833433094442381,5.077262693156734e-05,0.0,2265,0,4,daily_factor_momentum,daily industry/factor,risk_averse_low_volatility,7,calibration,iid,low_vol_12,0.0
-0.00022643718144888704,-0.0009184511204356502,0.000509152833253208,0.01817838010043157,0.02299172283927056,311.9780060829218,11.241334230582673,0.8622613659678049,0.0001938189845474614,0.015237748344370862,2265,0,4,daily_factor_momentum,daily industry/factor,risk_averse_low_volatility,7,calibration,iid,risk_adjusted_12,0.0
-0.00029689060202668145,-0.0021127914061190786,0.001070858403045455,0.03348747539496061,0.05379431782684906,299.925078067514,12.720787076244156,0.8675827469900601,0.00032649006622516557,0.025334437086092718,2265,0,4,daily_factor_momentum,daily industry/factor,risk_averse_low_volatility,7,calibration,iid,ridge_return_train_only,0.0
-0.00032222404612715166,-0.0022945130676844784,0.0015120347304205847,0.03969182808249056,0.05497648843783018,277.08990087022323,12.720787076244156,0.8776645029270538,0.00041139072847682127,0.03324061810154525,2265,0,4,daily_factor_momentum,daily industry/factor,risk_averse_low_volatility,7,calibration,block,constant_market_total,0.0
0.0004937788846900652,-0.0002664306542146857,0.0014922254606176838,0.013555953578410407,0.0160930008206756,314.68447337631864,7.752469030458531,0.8610664576704995,7.015452538631345e-05,0.013065783664459159,2265,0,4,daily_factor_momentum,daily industry/factor,risk_averse_low_volatility,7,calibration,block,constant_SMB,0.0
0.00010949554180992953,-0.00038842185350501884,0.0006529865398293963,0.013136789900064998,0.016491769572203527,335.4616115735229,8.223856764724774,0.8518933282236102,-1.0154525386313429e-05,0.0170317880794702,2265,0,4,daily_factor_momentum,daily industry/factor,risk_averse_low_volatility,7,calibration,block,constant_HML,0.0
0.0003597272106768394,-2.8578129563604704e-05,0.0007873608051415452,0.007960969638415725,0.009058400723810927,322.6974122051554,7.150256827386152,0.8575287363332648,0.00014984547461368655,0.008575717439293598,2265,0,4,daily_factor_momentum,daily industry/factor,risk_averse_low_volatility,7,calibration,block,constant_RMW,0.0
5.66046931922469e-06,-0.0003475542976654707,0.00030757740047388134,0.0062024132583237915,0.007021026909284639,328.5450109718034,7.007150069376909,0.8549470150234864,7.682119205298012e-05,0.005985209713024283,2265,0,4,daily_factor_momentum,daily industry/factor,risk_averse_low_volatility,7,calibration,block,constant_CMA,0.0
0.0004648283283201307,-0.0008706901591871571,0.0018658982726365324,0.019395586453952438,0.027685905239882454,303.35510254181855,9.19847035494084,0.8660683873987556,-9.006622516556304e-06,0.02774150110375276,2265,0,4,daily_factor_momentum,daily industry/factor,risk_averse_low_volatility,7,calibration,block,constant_momentum,0.0
4.033139422568992e-05,1.5291663060913558e-05,5.833386580201848e-05,0.0,0.0,377.27404108800704,6.782981420676292,0.833433094442381,5.077262693156734e-05,0.0,2265,0,4,daily_factor_momentum,daily industry/factor,risk_averse_low_volatility,7,calibration,block,constant_cash_RF,0.0
-0.00012939201890906535,-0.001429861103027386,0.0008873609988474396,0.02976682520198354,0.040120352428942324,292.66118877643686,11.516036697523091,0.8707897621296085,0.0001739514348785872,0.023893598233995585,2265,0,4,daily_factor_momentum,daily industry/factor,risk_averse_low_volatility,7,calibration,block,momentum_12,0.0
4.033139422568992e-05,1.5291663060913558e-05,5.833386580201848e-05,0.0,0.0,377.27404108800704,6.782981420676292,0.833433094442381,5.077262693156734e-05,0.0,2265,0,4,daily_factor_momentum,daily industry/factor,risk_averse_low_volatility,7,calibration,block,low_vol_12,0.0
-0.00022643718144888704,-0.001099787188737844,0.0004130974741505069,0.01817838010043157,0.02704210837256023,311.9780060829218,11.241334230582673,0.8622613659678049,0.0001938189845474614,0.015237748344370862,2265,0,4,daily_factor_momentum,daily industry/factor,risk_averse_low_volatility,7,calibration,block,risk_adjusted_12,0.0
-0.00029689060202668145,-0.001981527271828746,0.0009765040022730566,0.03348747539496061,0.051430670621822855,299.925078067514,12.720787076244156,0.8675827469900601,0.00032649006622516557,0.025334437086092718,2265,0,4,daily_factor_momentum,daily industry/factor,risk_averse_low_volatility,7,calibration,block,ridge_return_train_only,0.0
0.0011161398284258042,2.778586413058515e-05,0.0022806085567272133,0.024774102005288814,0.028282763885156246,376.6460130084505,12.38326173387751,0.8677506976796171,0.0005706460674157303,0.027760112359550563,2848,0,4,daily_factor_momentum,daily industry/factor,risk_averse_low_volatility,7,test,iid,constant_market_total,0.0
-0.00022312973516694945,-0.0008170002187678512,0.0004574291466364691,0.013280766554621654,0.014761719080003888,396.5433059166249,8.01756088271996,0.8607642886528705,-7.784410112359552e-05,0.014024719101123597,2848,0,4,daily_factor_momentum,daily industry/factor,risk_averse_low_volatility,7,test,iid,constant_SMB,0.0
-0.00045908819816383324,-0.0014057738955065163,0.00040471595200921727,0.022724176022656816,0.028386946877635027,416.43682816283126,8.705053012374302,0.8537792035945115,-3.0547752808988755e-05,0.019923314606741575,2848,0,4,daily_factor_momentum,daily industry/factor,risk_averse_low_volatility,7,test,iid,constant_HML,0.0
1.3321185130129051e-05,-0.0005201979599001992,0.0004813546776511616,0.012609364925547038,0.013556605513615138,402.52608379710614,7.526329219642624,0.8586635941723644,0.00010066713483146068,0.011674859550561799,2848,0,4,daily_factor_momentum,daily industry/factor,risk_averse_low_volatility,7,test,iid,constant_RMW,0.0
-6.255090453036474e-05,-0.0005909686078618998,0.0003625028171498614,0.011400269633280872,0.01363631426421877,420.64539569345635,7.683628537856477,0.8523014762312302,-4.93328651685393e-05,0.011041151685393259,2848,0,4,daily_factor_momentum,daily industry/factor,risk_averse_low_volatility,7,test,iid,constant_CMA,0.0
-9.507104090687875e-05,-0.0013582182972798201,0.0010796712075176224,0.03277307286511728,0.046164711491645874,355.2364440214323,12.246611215913058,0.8752681025205645,0.0001740168539325843,0.02775182584269663,2848,0,4,daily_factor_momentum,daily industry/factor,risk_averse_low_volatility,7,test,iid,constant_momentum,0.0
7.994175687287394e-05,6.991820248912317e-05,8.908609084885618e-05,0.0,0.0,473.19815199262416,6.711258548392202,0.8338489634857359,8.072331460674158e-05,0.0,2848,0,4,daily_factor_momentum,daily industry/factor,risk_averse_low_volatility,7,test,iid,constant_cash_RF,0.0
0.0006318144265168573,-0.0003059504035175412,0.0014031773237086996,0.020850751357289934,0.026379136803295605,375.86834755499484,12.38326173387751,0.8680237543697349,0.00021348314606741572,0.020687078651685394,2848,0,4,daily_factor_momentum,daily industry/factor,risk_averse_low_volatility,7,test,iid,momentum_12,0.0
7.994175687287394e-05,6.991820248912317e-05,8.908609084885618e-05,0.0,0.0,473.19815199262416,6.711258548392202,0.8338489634857359,8.072331460674158e-05,0.0,2848,0,4,daily_factor_momentum,daily industry/factor,risk_averse_low_volatility,7,test,iid,low_vol_12,0.0
0.0005003533024585382,-7.918734189354313e-05,0.001046149637004435,0.013606632877173624,0.01831255309958406,443.6402407107277,9.224082996708562,0.8442274435706715,0.00022521067415730343,0.013886657303370785,2848,0,4,daily_factor_momentum,daily industry/factor,risk_averse_low_volatility,7,test,iid,risk_adjusted_12,0.0
-0.00016013376448394535,-0.0010955385575086558,0.0006654249672658794,0.020719955312351525,0.024072446903510552,397.13276812568495,12.38326173387751,0.8605573145626106,0.00031674859550561796,0.021236657303370786,2848,0,4,daily_factor_momentum,daily industry/factor,risk_averse_low_volatility,7,test,iid,ridge_return_train_only,0.0
0.0011161398284258042,0.00011642246706916384,0.0020488080774513895,0.024774102005288814,0.027904455989083032,376.6460130084505,12.38326173387751,0.8677506976796171,0.0005706460674157303,0.027760112359550563,2848,0,4,daily_factor_momentum,daily industry/factor,risk_averse_low_volatility,7,test,block,constant_market_total,0.0
-0.00022312973516694945,-0.0008460170951154613,0.000429250176587639,0.013280766554621654,0.01449679273151109,396.5433059166249,8.01756088271996,0.8607642886528705,-7.784410112359552e-05,0.014024719101123597,2848,0,4,daily_factor_momentum,daily industry/factor,risk_averse_low_volatility,7,test,block,constant_SMB,0.0
-0.00045908819816383324,-0.0012795307488827493,0.0004083656646887766,0.022724176022656816,0.02771333270370531,416.43682816283126,8.705053012374302,0.8537792035945115,-3.0547752808988755e-05,0.019923314606741575,2848,0,4,daily_factor_momentum,daily industry/factor,risk_averse_low_volatility,7,test,block,constant_HML,0.0
1.3321185130129051e-05,-0.00044593805448612015,0.0005127264415143649,0.012609364925547038,0.013683279512012978,402.52608379710614,7.526329219642624,0.8586635941723644,0.00010066713483146068,0.011674859550561799,2848,0,4,daily_factor_momentum,daily industry/factor,risk_averse_low_volatility,7,test,block,constant_RMW,0.0
-6.255090453036474e-05,-0.0005136100648268458,0.00043297771967087164,0.011400269633280872,0.013957421384003504,420.64539569345635,7.683628537856477,0.8523014762312302,-4.93328651685393e-05,0.011041151685393259,2848,0,4,daily_factor_momentum,daily industry/factor,risk_averse_low_volatility,7,test,block,constant_CMA,0.0
-9.507104090687875e-05,-0.001370673334868614,0.0010353923960025894,0.03277307286511728,0.04862095663730256,355.2364440214323,12.246611215913058,0.8752681025205645,0.0001740168539325843,0.02775182584269663,2848,0,4,daily_factor_momentum,daily industry/factor,risk_averse_low_volatility,7,test,block,constant_momentum,0.0
7.994175687287394e-05,6.3600073906096e-05,0.00010030369696542506,0.0,0.0,473.19815199262416,6.711258548392202,0.8338489634857359,8.072331460674158e-05,0.0,2848,0,4,daily_factor_momentum,daily industry/factor,risk_averse_low_volatility,7,test,block,constant_cash_RF,0.0
0.0006318144265168573,-0.00028601603877839623,0.0014831267747928225,0.020850751357289934,0.026308455223444563,375.86834755499484,12.38326173387751,0.8680237543697349,0.00021348314606741572,0.020687078651685394,2848,0,4,daily_factor_momentum,daily industry/factor,risk_averse_low_volatility,7,test,block,momentum_12,0.0
7.994175687287394e-05,6.3600073906096e-05,0.00010030369696542506,0.0,0.0,473.19815199262416,6.711258548392202,0.8338489634857359,8.072331460674158e-05,0.0,2848,0,4,daily_factor_momentum,daily industry/factor,risk_averse_low_volatility,7,test,block,low_vol_12,0.0
0.0005003533024585382,-8.358830474547598e-05,0.0011849450604599471,0.013606632877173624,0.018773968051175254,443.6402407107277,9.224082996708562,0.8442274435706715,0.00022521067415730343,0.013886657303370785,2848,0,4,daily_factor_momentum,daily industry/factor,risk_averse_low_volatility,7,test,block,risk_adjusted_12,0.0
-0.00016013376448394535,-0.0008824475679165223,0.0005240227643311865,0.020719955312351525,0.024009746232544423,397.13276812568495,12.38326173387751,0.8605573145626106,0.00031674859550561796,0.021236657303370786,2848,0,4,daily_factor_momentum,daily industry/factor,risk_averse_low_volatility,7,test,block,ridge_return_train_only,0.0
0.0009356848047475167,-0.0005072850293177833,0.0023124843463971797,0.02778047577125459,0.03443554296942619,274.2321004294211,11.337403154946921,0.8789262249759731,0.00041139072847682127,0.03324061810154525,2265,0,4,daily_factor_momentum,daily industry/factor,risk_averse_low_volatility,17,calibration,iid,constant_market_total,0.0
-5.97958743592173e-05,-0.00077532185617589,0.0006237419955413111,0.014381193784322453,0.017494085179335216,347.6292713400715,7.813160893105414,0.846521293006591,7.015452538631345e-05,0.013065783664459159,2265,0,4,daily_factor_momentum,daily industry/factor,risk_averse_low_volatility,17,calibration,iid,constant_SMB,0.0
8.468287120452242e-05,-0.0007284955779855579,0.0007946509102463584,0.016307244316858854,0.0202710555543554,313.41162922227227,8.752664798673985,0.8616284197694162,-1.0154525386313429e-05,0.0170317880794702,2265,0,4,daily_factor_momentum,daily industry/factor,risk_averse_low_volatility,17,calibration,iid,constant_HML,0.0
0.0001761701179870545,-0.00015711421028379147,0.000511910162589646,0.007267039770785394,0.008651221609826084,321.7093298645065,7.18875143641075,0.8579649757772598,0.00014984547461368655,0.008575717439293598,2265,0,4,daily_factor_momentum,daily industry/factor,risk_averse_low_volatility,17,calibration,iid,constant_RMW,0.0
-1.1158515343177144e-05,-0.0003392212392860582,0.0003091724732409531,0.00545010038939691,0.006186197257699342,336.59289438714933,7.050147503126672,0.8513938656127376,7.682119205298012e-05,0.005985209713024283,2265,0,4,daily_factor_momentum,daily industry/factor,risk_averse_low_volatility,17,calibration,iid,constant_CMA,0.0
-0.00011587646795521994,-0.0011877190178189447,0.0010761139886191833,0.022427143527720773,0.027503031843820205,315.0939218627141,10.406193276956541,0.860885685711826,-9.006622516556304e-06,0.02774150110375276,2265,0,4,daily_factor_momentum,daily industry/factor,risk_averse_low_volatility,17,calibration,iid,constant_momentum,0.0
5.2736405088342534e-05,3.9491046510759e-05,6.562997518397446e-05,0.0,0.0,350.12232601139993,6.776449730139578,0.8454206066174834,5.077262693156734e-05,0.0,2265,0,4,daily_factor_momentum,daily industry/factor,risk_averse_low_volatility,17,calibration,iid,constant_cash_RF,0.0
-9.792951758393276e-05,-0.000991843390570651,0.0007038619393694858,0.020764993385384314,0.026184905223895473,295.19582498377514,10.748201959363302,0.8696707174464569,0.0001739514348785872,0.023893598233995585,2265,0,4,daily_factor_momentum,daily industry/factor,risk_averse_low_volatility,17,calibration,iid,momentum_12,0.0
5.2736405088342534e-05,3.9491046510759e-05,6.562997518397446e-05,0.0,0.0,350.12232601139993,6.776449730139578,0.8454206066174834,5.077262693156734e-05,0.0,2265,0,4,daily_factor_momentum,daily industry/factor,risk_averse_low_volatility,17,calibration,iid,low_vol_12,0.0
0.0002935544898330627,-0.0002755434876939636,0.0007981385277940296,0.010879023085214339,0.013883703634346987,308.548666541671,9.13638786842631,0.8637754231604101,0.0001938189845474614,0.015237748344370862,2265,0,4,daily_factor_momentum,daily industry/factor,risk_averse_low_volatility,17,calibration,iid,risk_adjusted_12,0.0
0.0004876478427896204,-0.000571375287401384,0.0017099448999562947,0.024145728228278027,0.03235091088158235,276.50613296557793,11.337403154946921,0.8779222371012901,0.00010997792494481235,0.028532229580573953,2265,0,4,daily_factor_momentum,daily industry/factor,risk_averse_low_volatility,17,calibration,iid,ridge_return_train_only,0.0
0.0009356848047475167,-0.0003115214524027047,0.00223769557709078,0.02778047577125459,0.034108591370472625,274.2321004294211,11.337403154946921,0.8789262249759731,0.00041139072847682127,0.03324061810154525,2265,0,4,daily_factor_momentum,daily industry/factor,risk_averse_low_volatility,17,calibration,block,constant_market_total,0.0
-5.97958743592173e-05,-0.000779582253141879,0.000689968984181405,0.014381193784322453,0.01800182860256854,347.6292713400715,7.813160893105414,0.846521293006591,7.015452538631345e-05,0.013065783664459159,2265,0,4,daily_factor_momentum,daily industry/factor,risk_averse_low_volatility,17,calibration,block,constant_SMB,0.0
8.468287120452242e-05,-0.0007288484715179686,0.0008127601923349218,0.016307244316858854,0.020823919228645665,313.41162922227227,8.752664798673985,0.8616284197694162,-1.0154525386313429e-05,0.0170317880794702,2265,0,4,daily_factor_momentum,daily industry/factor,risk_averse_low_volatility,17,calibration,block,constant_HML,0.0
0.0001761701179870545,-0.00019034076627068937,0.0004972892220551712,0.007267039770785394,0.008879282105893076,321.7093298645065,7.18875143641075,0.8579649757772598,0.00014984547461368655,0.008575717439293598,2265,0,4,daily_factor_momentum,daily industry/factor,risk_averse_low_volatility,17,calibration,block,constant_RMW,0.0
-1.1158515343177144e-05,-0.0002399159955675407,0.0002508137369958335,0.00545010038939691,0.0060750651926838855,336.59289438714933,7.050147503126672,0.8513938656127376,7.682119205298012e-05,0.005985209713024283,2265,0,4,daily_factor_momentum,daily industry/factor,risk_averse_low_volatility,17,calibration,block,constant_CMA,0.0
-0.00011587646795521994,-0.001439150625491479,0.0011335927045929676,0.022427143527720773,0.02928487034004226,315.0939218627141,10.406193276956541,0.860885685711826,-9.006622516556304e-06,0.02774150110375276,2265,0,4,daily_factor_momentum,daily industry/factor,risk_averse_low_volatility,17,calibration,block,constant_momentum,0.0
5.2736405088342534e-05,3.329364453240026e-05,7.109835884455677e-05,0.0,0.0,350.12232601139993,6.776449730139578,0.8454206066174834,5.077262693156734e-05,0.0,2265,0,4,daily_factor_momentum,daily industry/factor,risk_averse_low_volatility,17,calibration,block,constant_cash_RF,0.0
-9.792951758393276e-05,-0.0010465520103467335,0.0008384164917130272,0.020764993385384314,0.027959558613181695,295.19582498377514,10.748201959363302,0.8696707174464569,0.0001739514348785872,0.023893598233995585,2265,0,4,daily_factor_momentum,daily industry/factor,risk_averse_low_volatility,17,calibration,block,momentum_12,0.0
5.2736405088342534e-05,3.329364453240026e-05,7.109835884455677e-05,0.0,0.0,350.12232601139993,6.776449730139578,0.8454206066174834,5.077262693156734e-05,0.0,2265,0,4,daily_factor_momentum,daily industry/factor,risk_averse_low_volatility,17,calibration,block,low_vol_12,0.0
0.0002935544898330627,-0.00015181324408333058,0.0008411592430262782,0.010879023085214339,0.014003369100655444,308.548666541671,9.13638786842631,0.8637754231604101,0.0001938189845474614,0.015237748344370862,2265,0,4,daily_factor_momentum,daily industry/factor,risk_averse_low_volatility,17,calibration,block,risk_adjusted_12,0.0
0.0004876478427896204,-0.00036460657152566025,0.0016547084981439737,0.024145728228278027,0.03174230638313085,276.50613296557793,11.337403154946921,0.8779222371012901,0.00010997792494481235,0.028532229580573953,2265,0,4,daily_factor_momentum,daily industry/factor,risk_averse_low_volatility,17,calibration,block,ridge_return_train_only,0.0
0.00035523838552538886,-0.0013293010899733512,0.002183017816774976,0.0386459646991858,0.055552849383248254,394.4419785049935,14.2062814483462,0.861502114288977,0.0005706460674157303,0.027760112359550563,2848,0,4,daily_factor_momentum,daily industry/factor,risk_averse_low_volatility,17,test,iid,constant_market_total,0.0
-0.00011741404732574395,-0.0007704605513453039,0.0005866288978986486,0.015470421858906491,0.017642018110656285,389.57134857691256,8.045677347222304,0.8632123073817021,-7.784410112359552e-05,0.014024719101123597,2848,0,4,daily_factor_momentum,daily industry/factor,risk_averse_low_volatility,17,test,iid,constant_SMB,0.0
-0.0004566735842996468,-0.0013065676352638671,0.0006395158502977599,0.02030170096919461,0.02249123799380767,390.4064549477902,8.786447756802346,0.8629190818301298,-3.0547752808988755e-05,0.019923314606741575,2848,0,4,daily_factor_momentum,daily industry/factor,risk_averse_low_volatility,17,test,iid,constant_HML,0.0
0.0005802050006645621,0.00013702936787686929,0.0011149216815330514,0.009871361728828883,0.011405214813497884,391.635706428528,7.502080397859836,0.8624874626304326,0.00010066713483146068,0.011674859550561799,2848,0,4,daily_factor_momentum,daily industry/factor,risk_averse_low_volatility,17,test,iid,constant_RMW,0.0
0.0002724892738447388,-0.0002245495697554029,0.0007909966687330771,0.010247204580647425,0.011419444495114346,417.59779619870903,7.3753253137953845,0.853371560323487,-4.93328651685393e-05,0.011041151685393259,2848,0,4,daily_factor_momentum,daily industry/factor,risk_averse_low_volatility,17,test,iid,constant_CMA,0.0
-7.905231247172295e-06,-0.0009272954659399068,0.0011355490533163776,0.02656001701132705,0.029795799968298863,389.6085340744458,12.01131508733425,0.8631992506761075,0.0001740168539325843,0.02775182584269663,2848,0,4,daily_factor_momentum,daily industry/factor,risk_averse_low_volatility,17,test,iid,constant_momentum,0.0
7.611269072885913e-05,6.51279708325265e-05,8.519125318418127e-05,0.0,0.0,468.2207525764211,6.71695222297353,0.8355966458650207,8.072331460674158e-05,0.0,2848,0,4,daily_factor_momentum,daily industry/factor,risk_averse_low_volatility,17,test,iid,constant_cash_RF,0.0
0.000479760481856451,-0.00037945350277170483,0.0014201381788373742,0.020295572035925323,0.023568432353761503,403.04647211804615,8.445480166573006,0.8584808735540568,0.00021348314606741572,0.020687078651685394,2848,0,4,daily_factor_momentum,daily industry/factor,risk_averse_low_volatility,17,test,iid,momentum_12,0.0
7.611269072885913e-05,6.51279708325265e-05,8.519125318418127e-05,0.0,0.0,468.2207525764211,6.71695222297353,0.8355966458650207,8.072331460674158e-05,0.0,2848,0,4,daily_factor_momentum,daily industry/factor,risk_averse_low_volatility,17,test,iid,low_vol_12,0.0
0.00039143609217964163,-0.0003008000228918069,0.0010831090875608898,0.016720573297918054,0.021696814409944153,425.9797582025093,8.234540504546137,0.8504284556873212,0.00022521067415730343,0.013886657303370785,2848,0,4,daily_factor_momentum,daily industry/factor,risk_averse_low_volatility,17,test,iid,risk_adjusted_12,0.0
-0.0010522834190868687,-0.0026999463651938087,0.0005657560721500477,0.03461992313893406,0.054062016418486555,390.21006946075977,14.2062814483462,0.8629880374084411,0.0001291432584269663,0.022292275280898877,2848,0,4,daily_factor_momentum,daily industry/factor,risk_averse_low_volatility,17,test,iid,ridge_return_train_only,0.0
0.00035523838552538886,-0.0013149599934786011,0.0017837596024677781,0.0386459646991858,0.05597199585728196,394.4419785049935,14.2062814483462,0.861502114288977,0.0005706460674157303,0.027760112359550563,2848,0,4,daily_factor_momentum,daily industry/factor,risk_averse_low_volatility,17,test,block,constant_market_total,0.0
-0.00011741404732574395,-0.000749579375262165,0.0005737929390409292,0.015470421858906491,0.017966768814804808,389.57134857691256,8.045677347222304,0.8632123073817021,-7.784410112359552e-05,0.014024719101123597,2848,0,4,daily_factor_momentum,daily industry/factor,risk_averse_low_volatility,17,test,block,constant_SMB,0.0
-0.0004566735842996468,-0.0012813933901882004,0.00023425874689373544,0.02030170096919461,0.022786653766564184,390.4064549477902,8.786447756802346,0.8629190818301298,-3.0547752808988755e-05,0.019923314606741575,2848,0,4,daily_factor_momentum,daily industry/factor,risk_averse_low_volatility,17,test,block,constant_HML,0.0
0.0005802050006645621,3.4169092478563694e-06,0.0012018196924193619,0.009871361728828883,0.011587556574911631,391.635706428528,7.502080397859836,0.8624874626304326,0.00010066713483146068,0.011674859550561799,2848,0,4,daily_factor_momentum,daily industry/factor,risk_averse_low_volatility,17,test,block,constant_RMW,0.0
0.0002724892738447388,-0.000256625067259511,0.000812069417855506,0.010247204580647425,0.011466370914416645,417.59779619870903,7.3753253137953845,0.853371560323487,-4.93328651685393e-05,0.011041151685393259,2848,0,4,daily_factor_momentum,daily industry/factor,risk_averse_low_volatility,17,test,block,constant_CMA,0.0
-7.905231247172295e-06,-0.0012689403408237224,0.0012471452913625726,0.02656001701132705,0.03071105661308162,389.6085340744458,12.01131508733425,0.8631992506761075,0.0001740168539325843,0.02775182584269663,2848,0,4,daily_factor_momentum,daily industry/factor,risk_averse_low_volatility,17,test,block,constant_momentum,0.0
7.611269072885913e-05,6.012745454359484e-05,9.468843527930869e-05,0.0,0.0,468.2207525764211,6.71695222297353,0.8355966458650207,8.072331460674158e-05,0.0,2848,0,4,daily_factor_momentum,daily industry/factor,risk_averse_low_volatility,17,test,block,constant_cash_RF,0.0
0.000479760481856451,-0.0004225919195193153,0.0011458346633745249,0.020295572035925323,0.023632572943964425,403.04647211804615,8.445480166573006,0.8584808735540568,0.00021348314606741572,0.020687078651685394,2848,0,4,daily_factor_momentum,daily industry/factor,risk_averse_low_volatility,17,test,block,momentum_12,0.0
7.611269072885913e-05,6.012745454359484e-05,9.468843527930869e-05,0.0,0.0,468.2207525764211,6.71695222297353,0.8355966458650207,8.072331460674158e-05,0.0,2848,0,4,daily_factor_momentum,daily industry/factor,risk_averse_low_volatility,17,test,block,low_vol_12,0.0
0.00039143609217964163,-0.00030781136043919104,0.0011043368947801463,0.016720573297918054,0.02258360638350631,425.9797582025093,8.234540504546137,0.8504284556873212,0.00022521067415730343,0.013886657303370785,2848,0,4,daily_factor_momentum,daily industry/factor,risk_averse_low_volatility,17,test,block,risk_adjusted_12,0.0
-0.0010522834190868687,-0.0027216442158548276,0.0003015457866193893,0.03461992313893406,0.05357784939512675,390.21006946075977,14.2062814483462,0.8629880374084411,0.0001291432584269663,0.022292275280898877,2848,0,4,daily_factor_momentum,daily industry/factor,risk_averse_low_volatility,17,test,block,ridge_return_train_only,0.0
0.0008939623695716334,-0.0003891270206695316,0.0022790679006936773,0.030845474779380502,0.039108080723555365,285.3511848259174,13.642202272570191,0.8740171369421998,0.00041139072847682127,0.03324061810154525,2265,0,4,daily_factor_momentum,daily industry/factor,risk_averse_low_volatility,27,calibration,iid,constant_market_total,0.0
0.0004551119562798589,-0.00025420638182115454,0.0011374012323908007,0.012044090444885669,0.013541906906067625,330.6666963527707,7.80789149285487,0.8540102885859732,7.015452538631345e-05,0.013065783664459159,2265,0,4,daily_factor_momentum,daily industry/factor,risk_averse_low_volatility,27,calibration,iid,constant_SMB,0.0
-0.0003558875605866262,-0.0011380995325224112,0.0005090082179777996,0.019312044482481704,0.025670714487218707,321.3566845600163,8.541239312447388,0.8581206690684255,-1.0154525386313429e-05,0.0170317880794702,2265,0,4,daily_factor_momentum,daily industry/factor,risk_averse_low_volatility,27,calibration,iid,constant_HML,0.0
0.0002909947062718154,-0.00017245960637336306,0.0006885751755517917,0.007481203789204792,0.008860172430554291,378.5746623272458,7.112865098913178,0.8328588687296928,0.00014984547461368655,0.008575717439293598,2265,0,4,daily_factor_momentum,daily industry/factor,risk_averse_low_volatility,27,calibration,iid,constant_RMW,0.0
0.00027402562026422123,-3.8013393875740295e-05,0.0006101018027730387,0.006000681698780662,0.007194201564605569,305.6342079846893,7.005698307825042,0.8650621598301592,7.682119205298012e-05,0.005985209713024283,2265,0,4,daily_factor_momentum,daily industry/factor,risk_averse_low_volatility,27,calibration,iid,constant_CMA,0.0
0.0002947639654088296,-0.000826920536373093,0.001455280312948578,0.025207366499733853,0.038932838029036076,292.3610981232405,10.450900410137208,0.8709222524842205,-9.006622516556304e-06,0.02774150110375276,2265,0,4,daily_factor_momentum,daily industry/factor,risk_averse_low_volatility,27,calibration,iid,constant_momentum,0.0
5.478745615755989e-05,3.901134180033961e-05,6.678702424737034e-05,0.0,0.0,344.1224986644384,6.750762050525108,0.848069537013493,5.077262693156734e-05,0.0,2265,0,4,daily_factor_momentum,daily industry/factor,risk_averse_low_volatility,27,calibration,iid,constant_cash_RF,0.0
0.0008084869070253011,2.7132868315804852e-05,0.0017220978513243562,0.017211763099227097,0.021167761608015985,292.65677991091457,9.62089803939497,0.8707917086486028,0.0001739514348785872,0.023893598233995585,2265,0,4,daily_factor_momentum,daily industry/factor,risk_averse_low_volatility,27,calibration,iid,momentum_12,0.0
5.478745615755989e-05,3.901134180033961e-05,6.678702424737034e-05,0.0,0.0,344.1224986644384,6.750762050525108,0.848069537013493,5.077262693156734e-05,0.0,2265,0,4,daily_factor_momentum,daily industry/factor,risk_averse_low_volatility,27,calibration,iid,low_vol_12,0.0
0.0004537809161129066,-5.6931963883892814e-05,0.0011090157263475657,0.012879924393372886,0.015395439172408418,310.2764593120895,9.398212742538089,0.8630126007452144,0.0001938189845474614,0.015237748344370862,2265,0,4,daily_factor_momentum,daily industry/factor,risk_averse_low_volatility,27,calibration,iid,risk_adjusted_12,0.0
0.0015049125531151747,0.00044857579325835207,0.002554951763475278,0.020146739122130324,0.02456065072199788,315.9648178091561,12.802511350905638,0.860501184190218,0.00037046357615894046,0.027301766004415008,2265,0,4,daily_factor_momentum,daily industry/factor,risk_averse_low_volatility,27,calibration,iid,ridge_return_train_only,0.0
0.0008939623695716334,-0.0009116226179445117,0.002364296024974911,0.030845474779380502,0.04089054903906915,285.3511848259174,13.642202272570191,0.8740171369421998,0.00041139072847682127,0.03324061810154525,2265,0,4,daily_factor_momentum,daily industry/factor,risk_averse_low_volatility,27,calibration,block,constant_market_total,0.0
0.0004551119562798589,-4.105242103195124e-05,0.001062560027411642,0.012044090444885669,0.013822924088925829,330.6666963527707,7.80789149285487,0.8540102885859732,7.015452538631345e-05,0.013065783664459159,2265,0,4,daily_factor_momentum,daily industry/factor,risk_averse_low_volatility,27,calibration,block,constant_SMB,0.0
-0.0003558875605866262,-0.0010969597967436418,0.0005516661968868734,0.019312044482481704,0.02434019787354079,321.3566845600163,8.541239312447388,0.8581206690684255,-1.0154525386313429e-05,0.0170317880794702,2265,0,4,daily_factor_momentum,daily industry/factor,risk_averse_low_volatility,27,calibration,block,constant_HML,0.0
0.0002909947062718154,-7.163876055146205e-05,0.0006372595254547282,0.007481203789204792,0.008667993843036455,378.5746623272458,7.112865098913178,0.8328588687296928,0.00014984547461368655,0.008575717439293598,2265,0,4,daily_factor_momentum,daily industry/factor,risk_averse_low_volatility,27,calibration,block,constant_RMW,0.0
0.00027402562026422123,-2.9011111968273338e-05,0.0005285291686125023,0.006000681698780662,0.007368986234865144,305.6342079846893,7.005698307825042,0.8650621598301592,7.682119205298012e-05,0.005985209713024283,2265,0,4,daily_factor_momentum,daily industry/factor,risk_averse_low_volatility,27,calibration,block,constant_CMA,0.0
0.0002947639654088296,-0.0009167240597904664,0.001324741666773316,0.025207366499733853,0.038037428481390155,292.3610981232405,10.450900410137208,0.8709222524842205,-9.006622516556304e-06,0.02774150110375276,2265,0,4,daily_factor_momentum,daily industry/factor,risk_averse_low_volatility,27,calibration,block,constant_momentum,0.0
5.478745615755989e-05,3.501382894570443e-05,7.096030000751339e-05,0.0,0.0,344.1224986644384,6.750762050525108,0.848069537013493,5.077262693156734e-05,0.0,2265,0,4,daily_factor_momentum,daily industry/factor,risk_averse_low_volatility,27,calibration,block,constant_cash_RF,0.0
0.0008084869070253011,-0.00013295367972219772,0.0015941117657760498,0.017211763099227097,0.020987456504971837,292.65677991091457,9.62089803939497,0.8707917086486028,0.0001739514348785872,0.023893598233995585,2265,0,4,daily_factor_momentum,daily industry/factor,risk_averse_low_volatility,27,calibration,block,momentum_12,0.0
5.478745615755989e-05,3.501382894570443e-05,7.096030000751339e-05,0.0,0.0,344.1224986644384,6.750762050525108,0.848069537013493,5.077262693156734e-05,0.0,2265,0,4,daily_factor_momentum,daily industry/factor,risk_averse_low_volatility,27,calibration,block,low_vol_12,0.0
0.0004537809161129066,-0.00015587960075651424,0.0009706526031943969,0.012879924393372886,0.017045046934338618,310.2764593120895,9.398212742538089,0.8630126007452144,0.0001938189845474614,0.015237748344370862,2265,0,4,daily_factor_momentum,daily industry/factor,risk_averse_low_volatility,27,calibration,block,risk_adjusted_12,0.0
0.0015049125531151747,0.0003819790293494107,0.002530743675367623,0.020146739122130324,0.02355152177777837,315.9648178091561,12.802511350905638,0.860501184190218,0.00037046357615894046,0.027301766004415008,2265,0,4,daily_factor_momentum,daily industry/factor,risk_averse_low_volatility,27,calibration,block,ridge_return_train_only,0.0
-8.169795752519127e-05,-0.0015214654274700713,0.001030185807775587,0.030355085293161867,0.046646156802633024,379.7770958956593,11.40895661679368,0.8666513005984342,0.0005706460674157303,0.027760112359550563,2848,0,4,daily_factor_momentum,daily industry/factor,risk_averse_low_volatility,27,test,iid,constant_market_total,0.0
9.38392069722349e-06,-0.0005999062403054066,0.0006589038212440532,0.01443225593254401,0.016058808790620153,391.3923183421874,8.23666052660561,0.8625729219304117,-7.784410112359552e-05,0.014024719101123597,2848,0,4,daily_factor_momentum,daily industry/factor,risk_averse_low_volatility,27,test,iid,constant_SMB,0.0
-9.246736428924712e-06,-0.0008847917241344169,0.0007470195780741952,0.020357274945550216,0.02358204171278278,385.29643464376386,8.774154533856233,0.8647133305323863,-3.0547752808988755e-05,0.019923314606741575,2848,0,4,daily_factor_momentum,daily industry/factor,risk_averse_low_volatility,27,test,iid,constant_HML,0.0
2.0459739572266416e-05,-0.0003552869295713293,0.00047907392903470144,0.010360712300254897,0.01165743894711565,395.5732455999867,7.571932062336109,0.8611048997191058,0.00010066713483146068,0.011674859550561799,2848,0,4,daily_factor_momentum,daily industry/factor,risk_averse_low_volatility,27,test,iid,constant_RMW,0.0
-5.797162782757971e-05,-0.0005230735235628381,0.00045566219550740466,0.01146935032802642,0.013086216792183535,440.5770218707686,7.705393472362442,0.8453030119835785,-4.93328651685393e-05,0.011041151685393259,2848,0,4,daily_factor_momentum,daily industry/factor,risk_averse_low_volatility,27,test,iid,constant_CMA,0.0
0.0006619293069599432,-0.000412892791580899,0.0016736242405511609,0.018349371301967166,0.020178466471790127,370.00916926802995,9.145044995645362,0.8700810501165626,0.0001740168539325843,0.02775182584269663,2848,0,4,daily_factor_momentum,daily industry/factor,risk_averse_low_volatility,27,test,iid,constant_momentum,0.0
7.525217231515732e-05,6.244371879476951e-05,8.545357442151624e-05,0.0,0.0,479.2433511127003,6.773032214966281,0.8317263514351474,8.072331460674158e-05,0.0,2848,0,4,daily_factor_momentum,daily industry/factor,risk_averse_low_volatility,27,test,iid,constant_cash_RF,0.0
-0.0003809375539951696,-0.0013411765337509977,0.0004863467052147042,0.019677173929791368,0.022122347730503613,390.9703105159935,9.352518403070711,0.8627210988356764,0.00021348314606741572,0.020687078651685394,2848,0,4,daily_factor_momentum,daily industry/factor,risk_averse_low_volatility,27,test,iid,momentum_12,0.0
7.525217231515732e-05,6.244371879476951e-05,8.545357442151624e-05,0.0,0.0,479.2433511127003,6.773032214966281,0.8317263514351474,8.072331460674158e-05,0.0,2848,0,4,daily_factor_momentum,daily industry/factor,risk_averse_low_volatility,27,test,iid,low_vol_12,0.0
0.00023964148987655484,-0.0002302291638572081,0.0008010489365677098,0.012593210361471267,0.0155294164362301,438.7092729862426,9.352518403070711,0.8459588226874148,0.00022521067415730343,0.013886657303370785,2848,0,4,daily_factor_momentum,daily industry/factor,risk_averse_low_volatility,27,test,iid,risk_adjusted_12,0.0
0.00037833625302499874,-0.0005491071602981796,0.0012594790318124582,0.01985776618795106,0.02250258883795863,382.53000780538105,9.172440314827702,0.8656846882705825,0.00018423455056179773,0.023464185393258428,2848,0,4,daily_factor_momentum,daily industry/factor,risk_averse_low_volatility,27,test,iid,ridge_return_train_only,0.0
-8.169795752519127e-05,-0.0019427804409815309,0.001237513085604554,0.030355085293161867,0.05165190847148158,379.7770958956593,11.40895661679368,0.8666513005984342,0.0005706460674157303,0.027760112359550563,2848,0,4,daily_factor_momentum,daily industry/factor,risk_averse_low_volatility,27,test,block,constant_market_total,0.0
9.38392069722349e-06,-0.0006764794634954393,0.0005770467569273501,0.01443225593254401,0.016595522243452877,391.3923183421874,8.23666052660561,0.8625729219304117,-7.784410112359552e-05,0.014024719101123597,2848,0,4,daily_factor_momentum,daily industry/factor,risk_averse_low_volatility,27,test,block,constant_SMB,0.0
-9.246736428924712e-06,-0.0009571012548942633,0.0007189055728874533,0.020357274945550216,0.0234665407439119,385.29643464376386,8.774154533856233,0.8647133305323863,-3.0547752808988755e-05,0.019923314606741575,2848,0,4,daily_factor_momentum,daily industry/factor,risk_averse_low_volatility,27,test,block,constant_HML,0.0
2.0459739572266416e-05,-0.0003416681793746005,0.0004851163194841472,0.010360712300254897,0.011651630662130638,395.5732455999867,7.571932062336109,0.8611048997191058,0.00010066713483146068,0.011674859550561799,2848,0,4,daily_factor_momentum,daily industry/factor,risk_averse_low_volatility,27,test,block,constant_RMW,0.0
-5.797162782757971e-05,-0.0005832897004150509,0.0003595836311818148,0.01146935032802642,0.013697679718380464,440.5770218707686,7.705393472362442,0.8453030119835785,-4.93328651685393e-05,0.011041151685393259,2848,0,4,daily_factor_momentum,daily industry/factor,risk_averse_low_volatility,27,test,block,constant_CMA,0.0
0.0006619293069599432,-0.0003598576616178294,0.0017389677721327203,0.018349371301967166,0.020221813735759066,370.00916926802995,9.145044995645362,0.8700810501165626,0.0001740168539325843,0.02775182584269663,2848,0,4,daily_factor_momentum,daily industry/factor,risk_averse_low_volatility,27,test,block,constant_momentum,0.0
7.525217231515732e-05,5.829802885327673e-05,9.410923913678147e-05,0.0,0.0,479.2433511127003,6.773032214966281,0.8317263514351474,8.072331460674158e-05,0.0,2848,0,4,daily_factor_momentum,daily industry/factor,risk_averse_low_volatility,27,test,block,constant_cash_RF,0.0
-0.0003809375539951696,-0.001224425880291078,0.0005171906190486998,0.019677173929791368,0.02207098590570754,390.9703105159935,9.352518403070711,0.8627210988356764,0.00021348314606741572,0.020687078651685394,2848,0,4,daily_factor_momentum,daily industry/factor,risk_averse_low_volatility,27,test,block,momentum_12,0.0
7.525217231515732e-05,5.829802885327673e-05,9.410923913678147e-05,0.0,0.0,479.2433511127003,6.773032214966281,0.8317263514351474,8.072331460674158e-05,0.0,2848,0,4,daily_factor_momentum,daily industry/factor,risk_averse_low_volatility,27,test,block,low_vol_12,0.0
0.00023964148987655484,-0.0002147387898905594,0.0007123842824067228,0.012593210361471267,0.016370477582737242,438.7092729862426,9.352518403070711,0.8459588226874148,0.00022521067415730343,0.013886657303370785,2848,0,4,daily_factor_momentum,daily industry/factor,risk_averse_low_volatility,27,test,block,risk_adjusted_12,0.0
0.00037833625302499874,-0.0004966174530516564,0.0011513611428791946,0.01985776618795106,0.02268977817306758,382.53000780538105,9.172440314827702,0.8656846882705825,0.00018423455056179773,0.023464185393258428,2848,0,4,daily_factor_momentum,daily industry/factor,risk_averse_low_volatility,27,test,block,ridge_return_train_only,0.0
-0.0021730365742616497,-0.008228011101710273,0.001178573083075833,0.01863245103229221,0.024213761467889856,10.02717603585669,350.0,0.995572990712646,0.00041139072847682127,0.03324061810154525,2265,0,3,daily_factor_momentum,daily industry/factor,return_seeking_recent_winner,7,calibration,iid,constant_market_total,0.0
0.0003682931415759658,-0.00659431279718264,0.007952415854561279,0.012055127886764343,0.012101648351648352,12.45582857568605,350.00000000000006,0.9945007379356795,7.015452538631345e-05,0.013065783664459159,2265,0,3,daily_factor_momentum,daily industry/factor,return_seeking_recent_winner,7,calibration,iid,constant_SMB,0.0
-0.002770674774646835,-0.007638059690037169,0.001473217717928716,0.009015209125475288,0.01104491315136475,8.347956851168457,350.00000000000006,0.9963143678361287,-1.0154525386313429e-05,0.0170317880794702,2265,0,2,daily_factor_momentum,daily industry/factor,return_seeking_recent_winner,7,calibration,iid,constant_HML,0.0
-0.0005788334026881607,-0.001753767287767057,7.384876812593345e-05,0.009238428417653387,0.010730508474576265,3.6428604593248313,350.00000000000006,0.9983916730863908,0.00014984547461368655,0.008575717439293598,2265,0,1,daily_factor_momentum,daily industry/factor,return_seeking_recent_winner,7,calibration,iid,constant_RMW,0.0
0.0010981639797940882,-0.0006775862919372015,0.0027267810001576106,0.002541197183098592,0.004573509933774835,3.634053481718456,350.00000000000006,0.9983955613767247,7.682119205298012e-05,0.005985209713024283,2265,0,1,daily_factor_momentum,daily industry/factor,return_seeking_recent_winner,7,calibration,iid,constant_CMA,0.0
-0.0010680747759236162,-0.006271393393458956,0.0019115658959749592,0.020286900958466452,0.028390702087286543,6.888727319774867,350.00000000000006,0.9969586192848676,-9.006622516556304e-06,0.02774150110375276,2265,0,2,daily_factor_momentum,daily industry/factor,return_seeking_recent_winner,7,calibration,iid,constant_momentum,0.0
4.4693258238915536e-05,-0.00014505426985993804,0.00017579302779844092,0.0,0.0,5.181585267132101,350.00000000000006,0.9977123243853722,5.077262693156734e-05,0.0,2265,0,2,daily_factor_momentum,daily industry/factor,return_seeking_recent_winner,7,calibration,iid,constant_cash_RF,0.0
0.00018079315619899946,-0.0001954043894931178,0.0005598235070183537,0.023545943523083833,0.026042576028622238,2231.0000000001432,1.0174418604651165,0.015011037527530524,0.0001739514348785872,0.023893598233995585,2265,0,4,daily_factor_momentum,daily industry/factor,return_seeking_recent_winner,7,calibration,iid,momentum_12,0.0
4.4693258238915536e-05,-0.00014505426985993804,0.00017579302779844092,0.0,0.0,5.181585267132101,350.00000000000006,0.9977123243853722,5.077262693156734e-05,0.0,2265,0,2,daily_factor_momentum,daily industry/factor,return_seeking_recent_winner,7,calibration,iid,low_vol_12,0.0
-4.589544648013723e-06,-0.001247111904321713,0.0007773173104585944,0.015307858169621468,0.02034665718349918,12.232579627763538,350.00000000000006,0.9945993025925989,0.0001938189845474614,0.015237748344370862,2265,0,3,daily_factor_momentum,daily industry/factor,return_seeking_recent_winner,7,calibration,iid,risk_adjusted_12,0.0
0.0021713213174263217,0.001821717886015251,0.0027546087449912583,0.016458241758241756,0.026434366925064633,4.464150943396245,350.00000000000006,0.9980290724311717,0.000256158940397351,0.02051037527593819,2265,0,1,daily_factor_momentum,daily industry/factor,return_seeking_recent_winner,7,calibration,iid,ridge_return_train_only,0.0
-0.0021730365742616497,-0.008094153435302873,0.0011369449784640704,0.01863245103229221,0.02596310372129841,10.02717603585669,350.0,0.995572990712646,0.00041139072847682127,0.03324061810154525,2265,0,3,daily_factor_momentum,daily industry/factor,return_seeking_recent_winner,7,calibration,block,constant_market_total,0.0
0.0003682931415759658,-0.005660079922047595,0.006855543387741112,0.012055127886764343,0.01211173731928449,12.45582857568605,350.00000000000006,0.9945007379356795,7.015452538631345e-05,0.013065783664459159,2265,0,3,daily_factor_momentum,daily industry/factor,return_seeking_recent_winner,7,calibration,block,constant_SMB,0.0
-0.002770674774646835,-0.008079801587239319,0.0010022748483626744,0.009015209125475288,0.01209392265193368,8.347956851168457,350.00000000000006,0.9963143678361287,-1.0154525386313429e-05,0.0170317880794702,2265,0,2,daily_factor_momentum,daily industry/factor,return_seeking_recent_winner,7,calibration,block,constant_HML,0.0
-0.0005788334026881607,-0.0017761709771556577,0.00017887849536873883,0.009238428417653387,0.011491666666666676,3.6428604593248313,350.00000000000006,0.9983916730863908,0.00014984547461368655,0.008575717439293598,2265,0,1,daily_factor_momentum,daily industry/factor,return_seeking_recent_winner,7,calibration,block,constant_RMW,0.0
0.0010981639797940882,-0.0006067594166162652,0.0030208493933974252,0.002541197183098592,0.004205172413793103,3.634053481718456,350.00000000000006,0.9983955613767247,7.682119205298012e-05,0.005985209713024283,2265,0,1,daily_factor_momentum,daily industry/factor,return_seeking_recent_winner,7,calibration,block,constant_CMA,0.0
-0.0010680747759236162,-0.005926258168314207,0.0019276383803992824,0.020286900958466452,0.02590746268656704,6.888727319774867,350.00000000000006,0.9969586192848676,-9.006622516556304e-06,0.02774150110375276,2265,0,2,daily_factor_momentum,daily industry/factor,return_seeking_recent_winner,7,calibration,block,constant_momentum,0.0
4.4693258238915536e-05,-0.00013095025982466096,0.00018906957779177416,0.0,0.0,5.181585267132101,350.00000000000006,0.9977123243853722,5.077262693156734e-05,0.0,2265,0,2,daily_factor_momentum,daily industry/factor,return_seeking_recent_winner,7,calibration,block,constant_cash_RF,0.0
0.00018079315619899946,-0.00013938222411524138,0.0004966644772242423,0.023545943523083833,0.027615955056179496,2231.0000000001432,1.0174418604651165,0.015011037527530524,0.0001739514348785872,0.023893598233995585,2265,0,4,daily_factor_momentum,daily industry/factor,return_seeking_recent_winner,7,calibration,block,momentum_12,0.0
4.4693258238915536e-05,-0.00013095025982466096,0.00018906957779177416,0.0,0.0,5.181585267132101,350.00000000000006,0.9977123243853722,5.077262693156734e-05,0.0,2265,0,2,daily_factor_momentum,daily industry/factor,return_seeking_recent_winner,7,calibration,block,low_vol_12,0.0
-4.589544648013723e-06,-0.0011861251124167104,0.0011494406249801642,0.015307858169621468,0.020561247637050983,12.232579627763538,350.00000000000006,0.9945993025925989,0.0001938189845474614,0.015237748344370862,2265,0,3,daily_factor_momentum,daily industry/factor,return_seeking_recent_winner,7,calibration,block,risk_adjusted_12,0.0
0.0021713213174263217,0.0017956996183342133,0.0027290451891930118,0.016458241758241756,0.028950617283950656,4.464150943396245,350.00000000000006,0.9980290724311717,0.000256158940397351,0.02051037527593819,2265,0,1,daily_factor_momentum,daily industry/factor,return_seeking_recent_winner,7,calibration,block,ridge_return_train_only,0.0
-0.004608829473053865,-0.015129417204329202,0.0008124298939158398,0.0412,0.0412,10.683400482123021,350.00000000000006,0.9962488060104905,0.0005706460674157303,0.027760112359550563,2848,0,3,daily_factor_momentum,daily industry/factor,return_seeking_recent_winner,7,test,iid,constant_market_total,0.0
-0.0017911282118233732,-0.004775326291142136,0.00031044689879527717,0.006943945808636747,0.009687538304392226,7.854334843463668,350.00000000000006,0.997242157709458,-7.784410112359552e-05,0.014024719101123597,2848,0,2,daily_factor_momentum,daily industry/factor,return_seeking_recent_winner,7,test,iid,constant_SMB,0.0
-0.0021499572542841676,-0.005810308098216898,0.000785321115815507,0.013808158508158504,0.01713576158940393,7.770623453610643,350.00000000000006,0.9972715507536479,-3.0547752808988755e-05,0.019923314606741575,2848,0,2,daily_factor_momentum,daily industry/factor,return_seeking_recent_winner,7,test,iid,constant_HML,0.0
0.00198611731352276,0.0002542600476800136,0.004479473698827316,0.007431834750911298,0.01023322203672787,5.72051501855951,350.00000000000006,0.9979913921985395,0.00010066713483146068,0.011674859550561799,2848,0,2,daily_factor_momentum,daily industry/factor,return_seeking_recent_winner,7,test,iid,constant_RMW,0.0
0.0015705165624112568,-0.0032586575387885037,0.007430311829611075,0.010372914195334124,0.010872074468085108,7.720035535255876,350.00000000000006,0.9972893133654298,-4.93328651685393e-05,0.011041151685393259,2848,0,2,daily_factor_momentum,daily industry/factor,return_seeking_recent_winner,7,test,iid,constant_CMA,0.0
-0.004199360912168458,-0.011218146638024529,0.0023036890315713114,0.015862356621480708,0.017431717171717112,13.806899088353825,350.00000000000006,0.995152071949314,0.0001740168539325843,0.02775182584269663,2848,0,3,daily_factor_momentum,daily industry/factor,return_seeking_recent_winner,7,test,iid,constant_momentum,0.0
-4.223388485969012e-05,-0.000338630193330445,0.0001644439356017444,0.0,0.0,9.192598142634635,350.00000000000006,0.9967722618881198,8.072331460674158e-05,0.0,2848,0,2,daily_factor_momentum,daily industry/factor,return_seeking_recent_winner,7,test,iid,constant_cash_RF,0.0
0.00021049430558826274,-4.784741269719678e-05,0.0005822180205616402,0.020698752228164016,0.022158571428571198,2805.00000000028,1.0174418604651165,0.015098314606643237,0.00021348314606741572,0.020687078651685394,2848,0,4,daily_factor_momentum,daily industry/factor,return_seeking_recent_winner,7,test,iid,momentum_12,0.0
-4.223388485969012e-05,-0.000338630193330445,0.0001644439356017444,0.0,0.0,9.192598142634635,350.00000000000006,0.9967722618881198,8.072331460674158e-05,0.0,2848,0,2,daily_factor_momentum,daily industry/factor,return_seeking_recent_winner,7,test,iid,low_vol_12,0.0
0.0002927983708077864,7.006103930471292e-05,0.000523160490381922,0.014948971399899652,0.01953312629399578,11.158412670766491,350.00000000000006,0.996082018022905,0.00022521067415730343,0.013886657303370785,2848,0,3,daily_factor_momentum,daily industry/factor,return_seeking_recent_winner,7,test,iid,risk_adjusted_12,0.0
-0.005366982697700972,-0.012095170871208946,0.0001448163712904245,0.014830091185410336,0.015453700883338398,11.427156771457124,350.00000000000006,0.9959876556279996,6.08497191011236e-05,0.023600421348314606,2848,0,3,daily_factor_momentum,daily industry/factor,return_seeking_recent_winner,7,test,iid,ridge_return_train_only,0.0
-0.004608829473053865,-0.015200469865073132,0.0007987128856898721,0.0412,0.0412,10.683400482123021,350.00000000000006,0.9962488060104905,0.0005706460674157303,0.027760112359550563,2848,0,3,daily_factor_momentum,daily industry/factor,return_seeking_recent_winner,7,test,block,constant_market_total,0.0
-0.0017911282118233732,-0.004702477707157287,0.0003959520057111022,0.006943945808636747,0.010419578313252992,7.854334843463668,350.00000000000006,0.997242157709458,-7.784410112359552e-05,0.014024719101123597,2848,0,2,daily_factor_momentum,daily industry/factor,return_seeking_recent_winner,7,test,block,constant_SMB,0.0
-0.0021499572542841676,-0.006230067401101309,0.000620578447307722,0.013808158508158504,0.019086776859504065,7.770623453610643,350.00000000000006,0.9972715507536479,-3.0547752808988755e-05,0.019923314606741575,2848,0,2,daily_factor_momentum,daily industry/factor,return_seeking_recent_winner,7,test,block,constant_HML,0.0
0.00198611731352276,0.00019674541448234202,0.005180844934099378,0.007431834750911298,0.010710499139414792,5.72051501855951,350.00000000000006,0.9979913921985395,0.00010066713483146068,0.011674859550561799,2848,0,2,daily_factor_momentum,daily industry/factor,return_seeking_recent_winner,7,test,block,constant_RMW,0.0
0.0015705165624112568,-0.00360556687553041,0.007604687607721819,0.010372914195334124,0.01118140703517588,7.720035535255876,350.00000000000006,0.9972893133654298,-4.93328651685393e-05,0.011041151685393259,2848,0,2,daily_factor_momentum,daily industry/factor,return_seeking_recent_winner,7,test,block,constant_CMA,0.0
-0.004199360912168458,-0.009793961136995525,0.0016854901809887563,0.015862356621480708,0.01778056206088986,13.806899088353825,350.00000000000006,0.995152071949314,0.0001740168539325843,0.02775182584269663,2848,0,3,daily_factor_momentum,daily industry/factor,return_seeking_recent_winner,7,test,block,constant_momentum,0.0
-4.223388485969012e-05,-0.00034420098105678514,0.00019767095192891308,0.0,0.0,9.192598142634635,350.00000000000006,0.9967722618881198,8.072331460674158e-05,0.0,2848,0,2,daily_factor_momentum,daily industry/factor,return_seeking_recent_winner,7,test,block,constant_cash_RF,0.0
0.00021049430558826274,-6.601196128433009e-05,0.0004803524674700983,0.020698752228164016,0.02269719161038014,2805.00000000028,1.0174418604651165,0.015098314606643237,0.00021348314606741572,0.020687078651685394,2848,0,4,daily_factor_momentum,daily industry/factor,return_seeking_recent_winner,7,test,block,momentum_12,0.0
-4.223388485969012e-05,-0.00034420098105678514,0.00019767095192891308,0.0,0.0,9.192598142634635,350.00000000000006,0.9967722618881198,8.072331460674158e-05,0.0,2848,0,2,daily_factor_momentum,daily industry/factor,return_seeking_recent_winner,7,test,block,low_vol_12,0.0
0.0002927983708077864,9.180674539277956e-05,0.00045291162523581344,0.014948971399899652,0.020347183846971224,11.158412670766491,350.00000000000006,0.996082018022905,0.00022521067415730343,0.013886657303370785,2848,0,3,daily_factor_momentum,daily industry/factor,return_seeking_recent_winner,7,test,block,risk_adjusted_12,0.0
-0.005366982697700972,-0.011702655642824031,0.0001389252331882311,0.014830091185410336,0.01563726835964309,11.427156771457124,350.00000000000006,0.9959876556279996,6.08497191011236e-05,0.023600421348314606,2848,0,3,daily_factor_momentum,daily industry/factor,return_seeking_recent_winner,7,test,block,ridge_return_train_only,0.0
0.004752383866216373,-0.004370260222080186,0.017892014112776675,0.020020473051570373,0.02221923390383043,11.224984347022314,350.0,0.9950441570211822,0.00041139072847682127,0.03324061810154525,2265,0,3,daily_factor_momentum,daily industry/factor,return_seeking_recent_winner,17,calibration,iid,constant_market_total,0.0
0.0009149464953431266,-0.0045515230231706555,0.007075960026749497,0.022799999999999997,0.022799999999999997,9.485369081022709,350.00000000000006,0.9958121990812262,7.015452538631345e-05,0.013065783664459159,2265,0,2,daily_factor_momentum,daily industry/factor,return_seeking_recent_winner,17,calibration,iid,constant_SMB,0.0
-0.00011397262525958708,-0.0010781378320789364,0.0004786419543855362,0.015391872791519436,0.02989357798165139,2.702103611734365,350.0,0.9988070182729649,-1.0154525386313429e-05,0.0170317880794702,2265,0,1,daily_factor_momentum,daily industry/factor,return_seeking_recent_winner,17,calibration,iid,constant_HML,0.0
0.001214084240165095,-0.0018006989112815286,0.005129737504025512,0.005930141287284143,0.009389621087314648,4.568827586207002,350.00000000000006,0.9979828575778336,0.00014984547461368655,0.008575717439293598,2265,0,1,daily_factor_momentum,daily industry/factor,return_seeking_recent_winner,17,calibration,iid,constant_RMW,0.0
-0.0012963013336726888,-0.004025889510470731,0.00113080010851721,0.0048968188105117565,0.005040495137046863,6.625013201975456,350.00000000000006,0.9970750493589512,7.682119205298012e-05,0.005985209713024283,2265,0,2,daily_factor_momentum,daily industry/factor,return_seeking_recent_winner,17,calibration,iid,constant_CMA,0.0
0.0008881178045903318,0.0005436376807048085,0.0011837380873998037,0.02046639276910435,0.03329029126213596,6.24402510950644,350.00000000000006,0.9972432560222929,-9.006622516556304e-06,0.02774150110375276,2265,0,2,daily_factor_momentum,daily industry/factor,return_seeking_recent_winner,17,calibration,iid,constant_momentum,0.0
8.909149977127079e-05,-0.00015791783368539596,0.00021599915317626025,0.0,0.0,6.187209878768768,350.00000000000006,0.9972683400093736,5.077262693156734e-05,0.0,2265,0,2,daily_factor_momentum,daily industry/factor,return_seeking_recent_winner,17,calibration,iid,constant_cash_RF,0.0
0.00015377436662187828,-0.0002635183952083872,0.0005152830276249412,0.024030438675022397,0.026591700133868502,2234.0000000001437,1.0174418604651165,0.013686534216272084,0.0001739514348785872,0.023893598233995585,2265,0,4,daily_factor_momentum,daily industry/factor,return_seeking_recent_winner,17,calibration,iid,momentum_12,0.0
8.909149977127079e-05,-0.00015791783368539596,0.00021599915317626025,0.0,0.0,6.187209878768768,350.00000000000006,0.9972683400093736,5.077262693156734e-05,0.0,2265,0,2,daily_factor_momentum,daily industry/factor,return_seeking_recent_winner,17,calibration,iid,low_vol_12,0.0
-0.0007741699381097154,-0.003140455954197974,0.000714369955583,0.012217937219730952,0.017452048470859658,13.707270973204624,350.00000000000006,0.993948224735892,0.0001938189845474614,0.015237748344370862,2265,0,3,daily_factor_momentum,daily industry/factor,return_seeking_recent_winner,17,calibration,iid,risk_adjusted_12,0.0
-0.0007959315455517501,-0.007283885333706077,0.00296563868155764,0.020502097902097904,0.028116773367477536,5.753701400651745,350.00000000000006,0.9974597344809485,0.0002044150110375277,0.021982119205298013,2265,0,2,daily_factor_momentum,daily industry/factor,return_seeking_recent_winner,17,calibration,iid,ridge_return_train_only,0.0
0.004752383866216373,-0.005321784378195315,0.016876767269154075,0.020020473051570373,0.023067859600825812,11.224984347022314,350.0,0.9950441570211822,0.00041139072847682127,0.03324061810154525,2265,0,3,daily_factor_momentum,daily industry/factor,return_seeking_recent_winner,17,calibration,block,constant_market_total,0.0
0.0009149464953431266,-0.005754900059276662,0.007296824174681186,0.022799999999999997,0.022799999999999997,9.485369081022709,350.00000000000006,0.9958121990812262,7.015452538631345e-05,0.013065783664459159,2265,0,2,daily_factor_momentum,daily industry/factor,return_seeking_recent_winner,17,calibration,block,constant_SMB,0.0
-0.00011397262525958708,-0.0011125525918649936,0.0004936247322939279,0.015391872791519436,0.030069230769230786,2.702103611734365,350.0,0.9988070182729649,-1.0154525386313429e-05,0.0170317880794702,2265,0,1,daily_factor_momentum,daily industry/factor,return_seeking_recent_winner,17,calibration,block,constant_HML,0.0
0.001214084240165095,-0.0013190802043117492,0.005540546707937936,0.005930141287284143,0.00925819295558959,4.568827586207002,350.00000000000006,0.9979828575778336,0.00014984547461368655,0.008575717439293598,2265,0,1,daily_factor_momentum,daily industry/factor,return_seeking_recent_winner,17,calibration,block,constant_RMW,0.0
-0.0012963013336726888,-0.005023518142592554,0.001432269515331105,0.0048968188105117565,0.004976759410801964,6.625013201975456,350.00000000000006,0.9970750493589512,7.682119205298012e-05,0.005985209713024283,2265,0,2,daily_factor_momentum,daily industry/factor,return_seeking_recent_winner,17,calibration,block,constant_CMA,0.0
0.0008881178045903318,0.0005354709785042886,0.0011837239427063288,0.02046639276910435,0.03474500907441017,6.24402510950644,350.00000000000006,0.9972432560222929,-9.006622516556304e-06,0.02774150110375276,2265,0,2,daily_factor_momentum,daily industry/factor,return_seeking_recent_winner,17,calibration,block,constant_momentum,0.0
8.909149977127079e-05,-6.18364787720734e-05,0.0002243585877974928,0.0,0.0,6.187209878768768,350.00000000000006,0.9972683400093736,5.077262693156734e-05,0.0,2265,0,2,daily_factor_momentum,daily industry/factor,return_seeking_recent_winner,17,calibration,block,constant_cash_RF,0.0
0.00015377436662187828,-0.00013197937186068312,0.00047181947642473815,0.024030438675022397,0.028352803947958347,2234.0000000001437,1.0174418604651165,0.013686534216272084,0.0001739514348785872,0.023893598233995585,2265,0,4,daily_factor_momentum,daily industry/factor,return_seeking_recent_winner,17,calibration,block,momentum_12,0.0
8.909149977127079e-05,-6.18364787720734e-05,0.0002243585877974928,0.0,0.0,6.187209878768768,350.00000000000006,0.9972683400093736,5.077262693156734e-05,0.0,2265,0,2,daily_factor_momentum,daily industry/factor,return_seeking_recent_winner,17,calibration,block,low_vol_12,0.0
-0.0007741699381097154,-0.0033070087365119094,0.0006854820323301815,0.012217937219730952,0.01682288855572203,13.707270973204624,350.00000000000006,0.993948224735892,0.0001938189845474614,0.015237748344370862,2265,0,3,daily_factor_momentum,daily industry/factor,return_seeking_recent_winner,17,calibration,block,risk_adjusted_12,0.0
-0.0007959315455517501,-0.007306026527285447,0.0027861543480946762,0.020502097902097904,0.02810956979806843,5.753701400651745,350.00000000000006,0.9974597344809485,0.0002044150110375277,0.021982119205298013,2265,0,2,daily_factor_momentum,daily industry/factor,return_seeking_recent_winner,17,calibration,block,ridge_return_train_only,0.0
-0.0002564566869318274,-0.00560500241811034,0.0035774166000967916,0.017659582542694504,0.018359306476287588,11.71664458863173,350.0,0.9958860096247781,0.0005706460674157303,0.027760112359550563,2848,0,3,daily_factor_momentum,daily industry/factor,return_seeking_recent_winner,17,test,iid,constant_market_total,0.0
-0.00038983417175179213,-0.004038193251133764,0.004210817103733282,0.00873456425406204,0.009508187134502914,8.849630484208213,350.00000000000006,0.9968926859254887,-7.784410112359552e-05,0.014024719101123597,2848,0,2,daily_factor_momentum,daily industry/factor,return_seeking_recent_winner,17,test,iid,constant_SMB,0.0
0.004176304683972245,-0.0027045211184782906,0.014677222534587002,0.017377265665458313,0.01803644727530077,12.599485378220093,350.00000000000006,0.9955760233924789,-3.0547752808988755e-05,0.019923314606741575,2848,0,3,daily_factor_momentum,daily industry/factor,return_seeking_recent_winner,17,test,iid,constant_HML,0.0
0.0012662855268484098,-0.0011703289374173597,0.003908408943933411,0.006854550025138261,0.009829411764705875,6.6832125740562995,350.00000000000006,0.997653366371469,0.00010066713483146068,0.011674859550561799,2848,0,2,daily_factor_momentum,daily industry/factor,return_seeking_recent_winner,17,test,iid,constant_RMW,0.0
0.0012600423602770637,-0.0015953851731978093,0.004091394727825195,0.00954144385026738,0.010990557939914165,4.726897926769522,350.00000000000006,0.9983402746043646,-4.93328651685393e-05,0.011041151685393259,2848,0,1,daily_factor_momentum,daily industry/factor,return_seeking_recent_winner,17,test,iid,constant_CMA,0.0
0.004104946315044798,0.0003834317079365274,0.010663425195763705,0.01653576470588236,0.02263370165745853,9.52476623784825,350.00000000000006,0.9966556298322162,0.0001740168539325843,0.02775182584269663,2848,0,2,daily_factor_momentum,daily industry/factor,return_seeking_recent_winner,17,test,iid,constant_momentum,0.0
0.0002428449838859064,0.00010644893231411337,0.0003855333128279856,0.0,0.0,5.193411332859018,350.00000000000006,0.9981764707398669,8.072331460674158e-05,0.0,2848,0,2,daily_factor_momentum,daily industry/factor,return_seeking_recent_winner,17,test,iid,constant_cash_RF,0.0
0.00020578303923815512,-0.00010228215941799773,0.0005062922214028067,0.02069501424501427,0.021942867281759877,2808.0000000002806,1.0174418604651165,0.014044943820126221,0.00021348314606741572,0.020687078651685394,2848,0,4,daily_factor_momentum,daily industry/factor,return_seeking_recent_winner,17,test,iid,momentum_12,0.0
0.0002428449838859064,0.00010644893231411337,0.0003855333128279856,0.0,0.0,5.193411332859018,350.00000000000006,0.9981764707398669,8.072331460674158e-05,0.0,2848,0,2,daily_factor_momentum,daily industry/factor,return_seeking_recent_winner,17,test,iid,low_vol_12,0.0
0.0001474303935204063,-0.00041628277357992437,0.000461325947039848,0.014980000000000005,0.01975020080321277,11.236712587365849,350.00000000000006,0.9960545250746609,0.00022521067415730343,0.013886657303370785,2848,0,3,daily_factor_momentum,daily industry/factor,return_seeking_recent_winner,17,test,iid,risk_adjusted_12,0.0
0.0021571175581511764,0.0009299422940405522,0.0032953328373273205,0.01567643260694107,0.02275788497217071,6.471214848476141,350.00000000000006,0.9977278037751137,1.03581460674157e-05,0.02407387640449438,2848,0,2,daily_factor_momentum,daily industry/factor,return_seeking_recent_winner,17,test,iid,ridge_return_train_only,0.0
-0.0002564566869318274,-0.005534957609557747,0.0031997947350108453,0.017659582542694504,0.018406338028168996,11.71664458863173,350.0,0.9958860096247781,0.0005706460674157303,0.027760112359550563,2848,0,3,daily_factor_momentum,daily industry/factor,return_seeking_recent_winner,17,test,block,constant_market_total,0.0
-0.00038983417175179213,-0.004661897595262342,0.00372495893530427,0.00873456425406204,0.009836283185840705,8.849630484208213,350.00000000000006,0.9968926859254887,-7.784410112359552e-05,0.014024719101123597,2848,0,2,daily_factor_momentum,daily industry/factor,return_seeking_recent_winner,17,test,block,constant_SMB,0.0
0.004176304683972245,-0.004309315073475348,0.013151579847662938,0.017377265665458313,0.01799128367670364,12.599485378220093,350.00000000000006,0.9955760233924789,-3.0547752808988755e-05,0.019923314606741575,2848,0,3,daily_factor_momentum,daily industry/factor,return_seeking_recent_winner,17,test,block,constant_HML,0.0
0.0012662855268484098,-0.0008238050429380606,0.003650185160092962,0.006854550025138261,0.009322222222222223,6.6832125740562995,350.00000000000006,0.997653366371469,0.00010066713483146068,0.011674859550561799,2848,0,2,daily_factor_momentum,daily industry/factor,return_seeking_recent_winner,17,test,block,constant_RMW,0.0
0.0012600423602770637,-0.0016542360434476278,0.004748036756079115,0.00954144385026738,0.012094594594594603,4.726897926769522,350.00000000000006,0.9983402746043646,-4.93328651685393e-05,0.011041151685393259,2848,0,1,daily_factor_momentum,daily industry/factor,return_seeking_recent_winner,17,test,block,constant_CMA,0.0
0.004104946315044798,0.0004287786978581983,0.009140443220688148,0.01653576470588236,0.021184507042253498,9.52476623784825,350.00000000000006,0.9966556298322162,0.0001740168539325843,0.02775182584269663,2848,0,2,daily_factor_momentum,daily industry/factor,return_seeking_recent_winner,17,test,block,constant_momentum,0.0
0.0002428449838859064,0.00011644918003227825,0.0004051141364549694,0.0,0.0,5.193411332859018,350.00000000000006,0.9981764707398669,8.072331460674158e-05,0.0,2848,0,2,daily_factor_momentum,daily industry/factor,return_seeking_recent_winner,17,test,block,constant_cash_RF,0.0
0.00020578303923815512,-0.00011615020641434947,0.0004872503904944113,0.02069501424501427,0.022553409090908836,2808.0000000002806,1.0174418604651165,0.014044943820126221,0.00021348314606741572,0.020687078651685394,2848,0,4,daily_factor_momentum,daily industry/factor,return_seeking_recent_winner,17,test,block,momentum_12,0.0
0.0002428449838859064,0.00011644918003227825,0.0004051141364549694,0.0,0.0,5.193411332859018,350.00000000000006,0.9981764707398669,8.072331460674158e-05,0.0,2848,0,2,daily_factor_momentum,daily industry/factor,return_seeking_recent_winner,17,test,block,low_vol_12,0.0
0.0001474303935204063,-0.0003513740975361739,0.0005226193234916335,0.014980000000000005,0.019474601686972768,11.236712587365849,350.00000000000006,0.9960545250746609,0.00022521067415730343,0.013886657303370785,2848,0,3,daily_factor_momentum,daily industry/factor,return_seeking_recent_winner,17,test,block,risk_adjusted_12,0.0
0.0021571175581511764,0.0009073977500127139,0.0037889401813615852,0.01567643260694107,0.021924249699879945,6.471214848476141,350.00000000000006,0.9977278037751137,1.03581460674157e-05,0.02407387640449438,2848,0,2,daily_factor_momentum,daily industry/factor,return_seeking_recent_winner,17,test,block,ridge_return_train_only,0.0
0.005465104900363595,0.0014299469828580056,0.010171417120995162,0.01420205479452056,0.01983911882510008,11.994283077685289,350.0,0.9947045107824789,0.00041139072847682127,0.03324061810154525,2265,0,3,daily_factor_momentum,daily industry/factor,return_seeking_recent_winner,27,calibration,iid,constant_market_total,0.0
0.0009825373919815086,-0.002504420820235229,0.005970330051738552,0.0064477722772277235,0.008862479061976543,5.51424034595772,350.00000000000006,0.9975654568009017,7.015452538631345e-05,0.013065783664459159,2265,0,2,daily_factor_momentum,daily industry/factor,return_seeking_recent_winner,27,calibration,iid,constant_SMB,0.0
0.0007771815697175885,-0.0017560405686451407,0.003515499969672465,0.010018635170603677,0.011727786417833062,7.357809635643331,350.00000000000006,0.9967515189246607,-1.0154525386313429e-05,0.0170317880794702,2265,0,2,daily_factor_momentum,daily industry/factor,return_seeking_recent_winner,27,calibration,iid,constant_HML,0.0
-0.00022551018942728606,-0.0016912509878660212,0.0017583618675806139,0.004506122448979593,0.006696402877697837,6.490066225165668,350.00000000000006,0.9971346285981608,0.00014984547461368655,0.008575717439293598,2265,0,2,daily_factor_momentum,daily industry/factor,return_seeking_recent_winner,27,calibration,iid,constant_RMW,0.0
-0.0008424136186336478,-0.002260527919025769,0.00019161731963546116,0.0037309982486865138,0.0038369895916733378,8.609106972922238,350.00000000000006,0.9961990697691293,7.682119205298012e-05,0.005985209713024283,2265,0,2,daily_factor_momentum,daily industry/factor,return_seeking_recent_winner,27,calibration,iid,constant_CMA,0.0
0.0003587335631628469,-0.0007415791430799867,0.0010495956794932806,0.015862054507337527,0.025316797312429928,7.682313516616465,350.00000000000006,0.9966082501030391,-9.006622516556304e-06,0.02774150110375276,2265,0,2,daily_factor_momentum,daily industry/factor,return_seeking_recent_winner,27,calibration,iid,constant_momentum,0.0
8.09025623734585e-05,-7.021573213220601e-05,0.0002251499535530713,0.0,0.0,7.187005060455062,350.00000000000006,0.9968269293331324,5.077262693156734e-05,0.0,2265,0,2,daily_factor_momentum,daily industry/factor,return_seeking_recent_winner,27,calibration,iid,constant_cash_RF,0.0
0.00014304831255805664,-0.0002121396527181776,0.00043162260305944493,0.02404449438202249,0.026803716972682207,2225.000000000142,1.0174418604651165,0.017660044150047738,0.0001739514348785872,0.023893598233995585,2265,0,4,daily_factor_momentum,daily industry/factor,return_seeking_recent_winner,27,calibration,iid,momentum_12,0.0
8.09025623734585e-05,-7.021573213220601e-05,0.0002251499535530713,0.0,0.0,7.187005060455062,350.00000000000006,0.9968269293331324,5.077262693156734e-05,0.0,2265,0,2,daily_factor_momentum,daily industry/factor,return_seeking_recent_winner,27,calibration,iid,low_vol_12,0.0
-6.383373530215531e-05,-0.0007886438665549924,0.00040049945530940814,0.013908223684210535,0.018782326111744487,12.467588532884513,350.00000000000006,0.9944955459015963,0.0001938189845474614,0.015237748344370862,2265,0,3,daily_factor_momentum,daily industry/factor,return_seeking_recent_winner,27,calibration,iid,risk_adjusted_12,0.0
0.0008546071411629137,-0.000359909007843386,0.0017932889213122085,0.011846878547105562,0.022016339869280966,6.553614928334797,350.00000000000006,0.9971065717755696,0.00023814569536423846,0.023158940397350992,2265,0,2,daily_factor_momentum,daily industry/factor,return_seeking_recent_winner,27,calibration,iid,ridge_return_train_only,0.0
0.005465104900363595,0.0012313744913179014,0.010117876257965246,0.01420205479452056,0.019990355329949184,11.994283077685289,350.0,0.9947045107824789,0.00041139072847682127,0.03324061810154525,2265,0,3,daily_factor_momentum,daily industry/factor,return_seeking_recent_winner,27,calibration,block,constant_market_total,0.0
0.0009825373919815086,-0.001920679124215874,0.006997739943346569,0.0064477722772277235,0.008987606112054328,5.51424034595772,350.00000000000006,0.9975654568009017,7.015452538631345e-05,0.013065783664459159,2265,0,2,daily_factor_momentum,daily industry/factor,return_seeking_recent_winner,27,calibration,block,constant_SMB,0.0
0.0007771815697175885,-0.0012297906672880552,0.0032064251770278053,0.010018635170603677,0.01249970326409494,7.357809635643331,350.00000000000006,0.9967515189246607,-1.0154525386313429e-05,0.0170317880794702,2265,0,2,daily_factor_momentum,daily industry/factor,return_seeking_recent_winner,27,calibration,block,constant_HML,0.0
-0.00022551018942728606,-0.0018449770643099346,0.001511910481284691,0.004506122448979593,0.006475409836065569,6.490066225165668,350.00000000000006,0.9971346285981608,0.00014984547461368655,0.008575717439293598,2265,0,2,daily_factor_momentum,daily industry/factor,return_seeking_recent_winner,27,calibration,block,constant_RMW,0.0
-0.0008424136186336478,-0.0021765150544942723,0.00018228793023342813,0.0037309982486865138,0.003856973022405121,8.609106972922238,350.00000000000006,0.9961990697691293,7.682119205298012e-05,0.005985209713024283,2265,0,2,daily_factor_momentum,daily industry/factor,return_seeking_recent_winner,27,calibration,block,constant_CMA,0.0
0.0003587335631628469,-0.0004379814413414141,0.0010332289574087028,0.015862054507337527,0.028435331905781618,7.682313516616465,350.00000000000006,0.9966082501030391,-9.006622516556304e-06,0.02774150110375276,2265,0,2,daily_factor_momentum,daily industry/factor,return_seeking_recent_winner,27,calibration,block,constant_momentum,0.0
8.09025623734585e-05,-0.00010041972107329118,0.00022494137975279436,0.0,0.0,7.187005060455062,350.00000000000006,0.9968269293331324,5.077262693156734e-05,0.0,2265,0,2,daily_factor_momentum,daily industry/factor,return_seeking_recent_winner,27,calibration,block,constant_cash_RF,0.0
0.00014304831255805664,-0.00017361021984788673,0.00047017181105483307,0.02404449438202249,0.028426126126125804,2225.000000000142,1.0174418604651165,0.017660044150047738,0.0001739514348785872,0.023893598233995585,2265,0,4,daily_factor_momentum,daily industry/factor,return_seeking_recent_winner,27,calibration,block,momentum_12,0.0
8.09025623734585e-05,-0.00010041972107329118,0.00022494137975279436,0.0,0.0,7.187005060455062,350.00000000000006,0.9968269293331324,5.077262693156734e-05,0.0,2265,0,2,daily_factor_momentum,daily industry/factor,return_seeking_recent_winner,27,calibration,block,low_vol_12,0.0
-6.383373530215531e-05,-0.0007527668794252332,0.00035378755495099937,0.013908223684210535,0.019251790633608726,12.467588532884513,350.00000000000006,0.9944955459015963,0.0001938189845474614,0.015237748344370862,2265,0,3,daily_factor_momentum,daily industry/factor,return_seeking_recent_winner,27,calibration,block,risk_adjusted_12,0.0
0.0008546071411629137,-0.0004351629862583489,0.001818679741397063,0.011846878547105562,0.02009691119691115,6.553614928334797,350.00000000000006,0.9971065717755696,0.00023814569536423846,0.023158940397350992,2265,0,2,daily_factor_momentum,daily industry/factor,return_seeking_recent_winner,27,calibration,block,ridge_return_train_only,0.0
0.004517050491935948,0.00017437367464678412,0.010454101154305158,0.010119694072657755,0.013671240105540826,14.144115061571956,350.00000000000006,0.9950336674643356,0.0005706460674157303,0.027760112359550563,2848,0,3,daily_factor_momentum,daily industry/factor,return_seeking_recent_winner,27,test,iid,constant_market_total,0.0
0.0003116882171165047,-0.00382411511616247,0.005001453933170898,0.007196374889478337,0.008353149370125965,10.806554080882748,350.00000000000006,0.9962055638760945,-7.784410112359552e-05,0.014024719101123597,2848,0,3,daily_factor_momentum,daily industry/factor,return_seeking_recent_winner,27,test,iid,constant_SMB,0.0
0.0019100333504010229,-0.0017894661777982733,0.00826007847034257,0.010380819498410458,0.015505903398926615,9.670370124581662,350.00000000000006,0.9966045048719868,-3.0547752808988755e-05,0.019923314606741575,2848,0,2,daily_factor_momentum,daily industry/factor,return_seeking_recent_winner,27,test,iid,constant_HML,0.0
-0.0013966306218265356,-0.006328658109829473,0.0036265370632876715,0.01042994652406417,0.010632692307692307,10.635520335231508,350.00000000000006,0.9962656178598204,0.00010066713483146068,0.011674859550561799,2848,0,3,daily_factor_momentum,daily industry/factor,return_seeking_recent_winner,27,test,iid,constant_RMW,0.0
0.003352733634061524,1.61933408388697e-05,0.007434954634733533,0.005241670937980523,0.005837865748709123,11.695683100658027,350.00000000000006,0.9958933696978026,-4.93328651685393e-05,0.011041151685393259,2848,0,3,daily_factor_momentum,daily industry/factor,return_seeking_recent_winner,27,test,iid,constant_CMA,0.0
-0.0007318233732307557,-0.005893084621969113,0.0036590623846030333,0.01876676176890157,0.02033747927031505,11.062046609525941,350.00000000000006,0.9961158544208125,0.0001740168539325843,0.02775182584269663,2848,0,3,daily_factor_momentum,daily industry/factor,return_seeking_recent_winner,27,test,iid,constant_momentum,0.0
0.00017174244313275422,3.972777661749108e-05,0.0002781370502310691,0.0,0.0,8.192725206264582,350.00000000000006,0.9971233408685869,8.072331460674158e-05,0.0,2848,0,2,daily_factor_momentum,daily industry/factor,return_seeking_recent_winner,27,test,iid,constant_cash_RF,0.0
0.00022646825342346807,-7.218203193970313e-05,0.0005654147230129355,0.020735842293906834,0.022361345740873072,2790.0000000002765,1.0174418604651165,0.020365168539228762,0.00021348314606741572,0.020687078651685394,2848,0,4,daily_factor_momentum,daily industry/factor,return_seeking_recent_winner,27,test,iid,momentum_12,0.0
0.00017174244313275422,3.972777661749108e-05,0.0002781370502310691,0.0,0.0,8.192725206264582,350.00000000000006,0.9971233408685869,8.072331460674158e-05,0.0,2848,0,2,daily_factor_momentum,daily industry/factor,return_seeking_recent_winner,27,test,iid,low_vol_12,0.0
0.0006511366298410701,-0.00017281045315509021,0.0019876484030967494,0.011565243179122192,0.014852898239587738,13.710556651505975,350.00000000000006,0.9951859000521398,0.00022521067415730343,0.013886657303370785,2848,0,3,daily_factor_momentum,daily industry/factor,return_seeking_recent_winner,27,test,iid,risk_adjusted_12,0.0
0.002516800545399576,0.0008455884781601363,0.004470899618808212,0.015717959183673455,0.02270146520146521,6.326172278454994,350.00000000000006,0.9977787316438009,5.5196629213483106e-05,0.023045505617977528,2848,0,2,daily_factor_momentum,daily industry/factor,return_seeking_recent_winner,27,test,iid,ridge_return_train_only,0.0
0.004517050491935948,-0.00035844333585700113,0.010962701366192032,0.010119694072657755,0.01357959183673465,14.144115061571956,350.00000000000006,0.9950336674643356,0.0005706460674157303,0.027760112359550563,2848,0,3,daily_factor_momentum,daily industry/factor,return_seeking_recent_winner,27,test,block,constant_market_total,0.0
0.0003116882171165047,-0.0024794018766500256,0.00431350896414995,0.007196374889478337,0.008346455834242088,10.806554080882748,350.00000000000006,0.9962055638760945,-7.784410112359552e-05,0.014024719101123597,2848,0,3,daily_factor_momentum,daily industry/factor,return_seeking_recent_winner,27,test,block,constant_SMB,0.0
0.0019100333504010229,-0.0017178285831551808,0.008615485520087392,0.010380819498410458,0.015908,9.670370124581662,350.00000000000006,0.9966045048719868,-3.0547752808988755e-05,0.019923314606741575,2848,0,2,daily_factor_momentum,daily industry/factor,return_seeking_recent_winner,27,test,block,constant_HML,0.0
-0.0013966306218265356,-0.005668628191308101,0.0035163371726707245,0.01042994652406417,0.010579259259259259,10.635520335231508,350.00000000000006,0.9962656178598204,0.00010066713483146068,0.011674859550561799,2848,0,3,daily_factor_momentum,daily industry/factor,return_seeking_recent_winner,27,test,block,constant_RMW,0.0
0.003352733634061524,3.2039791141775406e-05,0.007483581191115043,0.005241670937980523,0.005762222222222222,11.695683100658027,350.00000000000006,0.9958933696978026,-4.93328651685393e-05,0.011041151685393259,2848,0,3,daily_factor_momentum,daily industry/factor,return_seeking_recent_winner,27,test,block,constant_CMA,0.0
-0.0007318233732307557,-0.005826804397420903,0.003640095107770704,0.01876676176890157,0.020618505338078238,11.062046609525941,350.00000000000006,0.9961158544208125,0.0001740168539325843,0.02775182584269663,2848,0,3,daily_factor_momentum,daily industry/factor,return_seeking_recent_winner,27,test,block,constant_momentum,0.0
0.00017174244313275422,3.224457326824973e-05,0.0002808684738474496,0.0,0.0,8.192725206264582,350.00000000000006,0.9971233408685869,8.072331460674158e-05,0.0,2848,0,2,daily_factor_momentum,daily industry/factor,return_seeking_recent_winner,27,test,block,constant_cash_RF,0.0
0.00022646825342346807,-9.201901036721861e-05,0.0005767310449743162,0.020735842293906834,0.022577975766215,2790.0000000002765,1.0174418604651165,0.020365168539228762,0.00021348314606741572,0.020687078651685394,2848,0,4,daily_factor_momentum,daily industry/factor,return_seeking_recent_winner,27,test,block,momentum_12,0.0
0.00017174244313275422,3.224457326824973e-05,0.0002808684738474496,0.0,0.0,8.192725206264582,350.00000000000006,0.9971233408685869,8.072331460674158e-05,0.0,2848,0,2,daily_factor_momentum,daily industry/factor,return_seeking_recent_winner,27,test,block,low_vol_12,0.0
0.0006511366298410701,-0.00011429190254926438,0.002299690577200455,0.011565243179122192,0.016030586080586016,13.710556651505975,350.00000000000006,0.9951859000521398,0.00022521067415730343,0.013886657303370785,2848,0,3,daily_factor_momentum,daily industry/factor,return_seeking_recent_winner,27,test,block,risk_adjusted_12,0.0
0.002516800545399576,0.0011064457016345672,0.004155616105998831,0.015717959183673455,0.02300317460317461,6.326172278454994,350.00000000000006,0.9977787316438009,5.5196629213483106e-05,0.023045505617977528,2848,0,2,daily_factor_momentum,daily industry/factor,return_seeking_recent_winner,27,test,block,ridge_return_train_only,0.0
0.0020098367283950492,-0.0006781205025530831,0.00459483744844204,0.028190724473217674,0.03998156683553715,177.19019174543763,17.5,0.9217703347702262,0.00041139072847682127,0.03324061810154525,2265,0,4,daily_factor_momentum,daily industry/factor,market_state_mixed,7,calibration,iid,constant_market_total,0.0
0.0006410522561770677,-0.00030790919156571,0.001522638492749135,0.012113163608567502,0.014699898424441365,151.38111524710612,17.5,0.933165070531079,7.015452538631345e-05,0.013065783664459159,2265,0,4,daily_factor_momentum,daily industry/factor,market_state_mixed,7,calibration,iid,constant_SMB,0.0
-0.0005217939236843832,-0.0012818340796918032,0.00022406552433420725,0.015070623952872916,0.019209853564905177,163.5179223397321,17.5,0.9278066568036503,-1.0154525386313429e-05,0.0170317880794702,2265,0,4,daily_factor_momentum,daily industry/factor,market_state_mixed,7,calibration,iid,constant_HML,0.0
0.00010438264778062561,-0.00037371064956417873,0.000584008142397866,0.0070606178165462715,0.007969541448513192,177.97920133263062,17.5,0.921421986166609,0.00014984547461368655,0.008575717439293598,2265,0,4,daily_factor_momentum,daily industry/factor,market_state_mixed,7,calibration,iid,constant_RMW,0.0
0.00010799546688853602,-0.00036034833981056855,0.0005466604180763573,0.005490120624235141,0.006161663151347548,173.95623829017052,17.5,0.9231981287902117,7.682119205298012e-05,0.005985209713024283,2265,0,4,daily_factor_momentum,daily industry/factor,market_state_mixed,7,calibration,iid,constant_CMA,0.0
0.0007171084482167585,-0.0002252582701674621,0.0018122807658279099,0.015107134424255517,0.016984064294614923,156.30511088012992,17.5,0.9309911210242252,-9.006622516556304e-06,0.02774150110375276,2265,0,4,daily_factor_momentum,daily industry/factor,market_state_mixed,7,calibration,iid,constant_momentum,0.0
3.135008762482988e-05,-8.049838043684558e-07,6.313739645718954e-05,0.0,0.0,230.47867763157004,17.498481767179605,0.8982434094341855,5.077262693156734e-05,0.0,2265,0,4,daily_factor_momentum,daily industry/factor,market_state_mixed,7,calibration,iid,constant_cash_RF,0.0
0.000788169305345578,5.937725872453548e-05,0.0016331574975233358,0.017871629438825795,0.019894171940452735,287.61303617213264,17.5,0.8730185270763211,0.0001739514348785872,0.023893598233995585,2265,0,4,daily_factor_momentum,daily industry/factor,market_state_mixed,7,calibration,iid,momentum_12,0.0
3.135008762482988e-05,-8.049838043684558e-07,6.313739645718954e-05,0.0,0.0,230.47867763157004,17.498481767179605,0.8982434094341855,5.077262693156734e-05,0.0,2265,0,4,daily_factor_momentum,daily industry/factor,market_state_mixed,7,calibration,iid,low_vol_12,0.0
0.00031080429729061647,-5.755835495394695e-05,0.000697648475894959,0.014274698412431779,0.015767496001945606,1101.119599321766,4.849642573470435,0.5138544815356442,0.0001938189845474614,0.015237748344370862,2265,0,4,daily_factor_momentum,daily industry/factor,market_state_mixed,7,calibration,iid,risk_adjusted_12,0.0
0.0009991361027464893,-1.0826866733269653e-05,0.002007059465916617,0.011774164532004574,0.013558267318347087,180.321837927318,17.5,0.9203877095243629,0.0002912582781456954,0.0168037527593819,2265,0,4,daily_factor_momentum,daily industry/factor,market_state_mixed,7,calibration,iid,ridge_return_train_only,0.0
0.0020098367283950492,0.0003398537824554597,0.00396998660044866,0.028190724473217674,0.039429329826659976,177.19019174543763,17.5,0.9217703347702262,0.00041139072847682127,0.03324061810154525,2265,0,4,daily_factor_momentum,daily industry/factor,market_state_mixed,7,calibration,block,constant_market_total,0.0
0.0006410522561770677,-0.00010113851298899585,0.0015422132436658433,0.012113163608567502,0.015188344011700616,151.38111524710612,17.5,0.933165070531079,7.015452538631345e-05,0.013065783664459159,2265,0,4,daily_factor_momentum,daily industry/factor,market_state_mixed,7,calibration,block,constant_SMB,0.0
-0.0005217939236843832,-0.001302286116594658,0.0002954005662069673,0.015070623952872916,0.01825987403128765,163.5179223397321,17.5,0.9278066568036503,-1.0154525386313429e-05,0.0170317880794702,2265,0,4,daily_factor_momentum,daily industry/factor,market_state_mixed,7,calibration,block,constant_HML,0.0
0.00010438264778062561,-0.00042334551054566964,0.0006177870001436552,0.0070606178165462715,0.008152194684368397,177.97920133263062,17.5,0.921421986166609,0.00014984547461368655,0.008575717439293598,2265,0,4,daily_factor_momentum,daily industry/factor,market_state_mixed,7,calibration,block,constant_RMW,0.0
0.00010799546688853602,-0.0002848313030984372,0.0006872584865856667,0.005490120624235141,0.006245917964753622,173.95623829017052,17.5,0.9231981287902117,7.682119205298012e-05,0.005985209713024283,2265,0,4,daily_factor_momentum,daily industry/factor,market_state_mixed,7,calibration,block,constant_CMA,0.0
0.0007171084482167585,-0.00020369899811933584,0.0019830535789879663,0.015107134424255517,0.017392950739815966,156.30511088012992,17.5,0.9309911210242252,-9.006622516556304e-06,0.02774150110375276,2265,0,4,daily_factor_momentum,daily industry/factor,market_state_mixed,7,calibration,block,constant_momentum,0.0
3.135008762482988e-05,-7.412921903292024e-06,6.530230710175881e-05,0.0,0.0,230.47867763157004,17.498481767179605,0.8982434094341855,5.077262693156734e-05,0.0,2265,0,4,daily_factor_momentum,daily industry/factor,market_state_mixed,7,calibration,block,constant_cash_RF,0.0
0.000788169305345578,1.4237865844783837e-05,0.0016737928185960162,0.017871629438825795,0.02113062113447543,287.61303617213264,17.5,0.8730185270763211,0.0001739514348785872,0.023893598233995585,2265,0,4,daily_factor_momentum,daily industry/factor,market_state_mixed,7,calibration,block,momentum_12,0.0
3.135008762482988e-05,-7.412921903292024e-06,6.530230710175881e-05,0.0,0.0,230.47867763157004,17.498481767179605,0.8982434094341855,5.077262693156734e-05,0.0,2265,0,4,daily_factor_momentum,daily industry/factor,market_state_mixed,7,calibration,block,low_vol_12,0.0
0.00031080429729061647,-5.394002374882985e-05,0.0007354202732502492,0.014274698412431779,0.016999229112444746,1101.119599321766,4.849642573470435,0.5138544815356442,0.0001938189845474614,0.015237748344370862,2265,0,4,daily_factor_momentum,daily industry/factor,market_state_mixed,7,calibration,block,risk_adjusted_12,0.0
0.0009991361027464893,1.6762793340401643e-05,0.0019012523653208137,0.011774164532004574,0.013720840345295374,180.321837927318,17.5,0.9203877095243629,0.0002912582781456954,0.0168037527593819,2265,0,4,daily_factor_momentum,daily industry/factor,market_state_mixed,7,calibration,block,ridge_return_train_only,0.0
0.0012950609770265283,-0.00043630276814277574,0.0032027020725497227,0.025188553336769292,0.03213212272898923,212.0748390599582,17.5,0.9255355199929922,0.0005706460674157303,0.027760112359550563,2848,0,4,daily_factor_momentum,daily industry/factor,market_state_mixed,7,test,iid,constant_market_total,0.0
0.00030164388209014993,-0.0009279782520430546,0.0012364112386887764,0.01346894803749832,0.015631858812477722,179.5077664382433,17.5,0.9369705876270213,-7.784410112359552e-05,0.014024719101123597,2848,0,4,daily_factor_momentum,daily industry/factor,market_state_mixed,7,test,iid,constant_SMB,0.0
-0.00064745984813491,-0.0019409739073052068,0.0007168182016050976,0.0262771226322178,0.03474229927814736,181.5104526628344,17.5,0.9362673972391733,-3.0547752808988755e-05,0.019923314606741575,2848,0,4,daily_factor_momentum,daily industry/factor,market_state_mixed,7,test,iid,constant_HML,0.0
-0.0002917295922542959,-0.0010106498331598748,0.00031694699969289284,0.011004382513389041,0.012353840407712037,175.36467241251967,17.5,0.9384253256978512,0.00010066713483146068,0.011674859550561799,2848,0,4,daily_factor_momentum,daily industry/factor,market_state_mixed,7,test,iid,constant_RMW,0.0
-0.00022415923458576434,-0.0009906380844818092,0.0004083822270769532,0.011192525307603734,0.011850171395699608,173.74233658925425,17.5,0.9389949660852338,-4.93328651685393e-05,0.011041151685393259,2848,0,4,daily_factor_momentum,daily industry/factor,market_state_mixed,7,test,iid,constant_CMA,0.0
-0.001360894024353558,-0.0027648548972251203,0.00042049564265789126,0.039814465780617425,0.05190032465595053,193.78268261445916,17.5,0.9319583277336871,0.0001740168539325843,0.02775182584269663,2848,0,4,daily_factor_momentum,daily industry/factor,market_state_mixed,7,test,iid,constant_momentum,0.0
9.131368344818169e-05,6.881406279410871e-05,0.00010764472993806705,0.0,0.0,392.762580812297,17.498894663815772,0.8620917904451204,8.072331460674158e-05,0.0,2848,0,4,daily_factor_momentum,daily industry/factor,market_state_mixed,7,test,iid,constant_cash_RF,0.0
0.001142876262309873,-0.00011772663906935507,0.0024186820650356103,0.016844530921713518,0.019454051890474323,274.0061952072717,17.5,0.9037899595480086,0.00021348314606741572,0.020687078651685394,2848,0,4,daily_factor_momentum,daily industry/factor,market_state_mixed,7,test,iid,momentum_12,0.0
9.131368344818169e-05,6.881406279410871e-05,0.00010764472993806705,0.0,0.0,392.762580812297,17.498894663815772,0.8620917904451204,8.072331460674158e-05,0.0,2848,0,4,daily_factor_momentum,daily industry/factor,market_state_mixed,7,test,iid,low_vol_12,0.0
7.230307036085942e-05,-0.0002310716549144338,0.0003544197412315786,0.014047288666925383,0.016054257770353204,1559.7487246922087,4.59813102994975,0.4523354197007694,0.00022521067415730343,0.013886657303370785,2848,0,4,daily_factor_momentum,daily industry/factor,market_state_mixed,7,test,iid,risk_adjusted_12,0.0
0.00030848033288005525,-0.0007193040467101397,0.0016944285005809105,0.019955778155624822,0.023136868575263213,185.894947541868,17.5,0.9347278976327711,0.00022549157303370783,0.017895926966292133,2848,0,4,daily_factor_momentum,daily industry/factor,market_state_mixed,7,test,iid,ridge_return_train_only,0.0
0.0012950609770265283,-0.0004521340465327644,0.0035720608920955434,0.025188553336769292,0.032079306516470445,212.0748390599582,17.5,0.9255355199929922,0.0005706460674157303,0.027760112359550563,2848,0,4,daily_factor_momentum,daily industry/factor,market_state_mixed,7,test,block,constant_market_total,0.0
0.00030164388209014993,-0.0007071711645789202,0.0013938399032729434,0.01346894803749832,0.01585862447681452,179.5077664382433,17.5,0.9369705876270213,-7.784410112359552e-05,0.014024719101123597,2848,0,4,daily_factor_momentum,daily industry/factor,market_state_mixed,7,test,block,constant_SMB,0.0
-0.00064745984813491,-0.0021817514992534693,0.0007294990166853339,0.0262771226322178,0.033918861667373915,181.5104526628344,17.5,0.9362673972391733,-3.0547752808988755e-05,0.019923314606741575,2848,0,4,daily_factor_momentum,daily industry/factor,market_state_mixed,7,test,block,constant_HML,0.0
-0.0002917295922542959,-0.001040120059685784,0.0003706425673272053,0.011004382513389041,0.012482063389818786,175.36467241251967,17.5,0.9384253256978512,0.00010066713483146068,0.011674859550561799,2848,0,4,daily_factor_momentum,daily industry/factor,market_state_mixed,7,test,block,constant_RMW,0.0
-0.00022415923458576434,-0.000934979494445091,0.0004981457265830707,0.011192525307603734,0.011922066043516848,173.74233658925425,17.5,0.9389949660852338,-4.93328651685393e-05,0.011041151685393259,2848,0,4,daily_factor_momentum,daily industry/factor,market_state_mixed,7,test,block,constant_CMA,0.0
-0.001360894024353558,-0.003221762488824137,0.00022869052142402246,0.039814465780617425,0.0525706566100483,193.78268261445916,17.5,0.9319583277336871,0.0001740168539325843,0.02775182584269663,2848,0,4,daily_factor_momentum,daily industry/factor,market_state_mixed,7,test,block,constant_momentum,0.0
9.131368344818169e-05,6.543010278435331e-05,0.00011112854443029742,0.0,0.0,392.762580812297,17.498894663815772,0.8620917904451204,8.072331460674158e-05,0.0,2848,0,4,daily_factor_momentum,daily industry/factor,market_state_mixed,7,test,block,constant_cash_RF,0.0
0.001142876262309873,-0.00013767317632011464,0.0028235754173783424,0.016844530921713518,0.019373161174999633,274.0061952072717,17.5,0.9037899595480086,0.00021348314606741572,0.020687078651685394,2848,0,4,daily_factor_momentum,daily industry/factor,market_state_mixed,7,test,block,momentum_12,0.0
9.131368344818169e-05,6.543010278435331e-05,0.00011112854443029742,0.0,0.0,392.762580812297,17.498894663815772,0.8620917904451204,8.072331460674158e-05,0.0,2848,0,4,daily_factor_momentum,daily industry/factor,market_state_mixed,7,test,block,low_vol_12,0.0
7.230307036085942e-05,-0.00020927971824523855,0.00034345498173317786,0.014047288666925383,0.016437284343822765,1559.7487246922087,4.59813102994975,0.4523354197007694,0.00022521067415730343,0.013886657303370785,2848,0,4,daily_factor_momentum,daily industry/factor,market_state_mixed,7,test,block,risk_adjusted_12,0.0
0.00030848033288005525,-0.001002510336371889,0.0015158546384273592,0.019955778155624822,0.023571250917048286,185.894947541868,17.5,0.9347278976327711,0.00022549157303370783,0.017895926966292133,2848,0,4,daily_factor_momentum,daily industry/factor,market_state_mixed,7,test,block,ridge_return_train_only,0.0
0.0009993892783752658,-0.0006544529637968039,0.0028320574809194685,0.03729683762906067,0.05710544167627527,162.03837307402407,17.5,0.928459879437517,0.00041139072847682127,0.03324061810154525,2265,0,4,daily_factor_momentum,daily industry/factor,market_state_mixed,17,calibration,iid,constant_market_total,0.0
-3.0248498677021174e-05,-0.0007520977178060689,0.000783286370420407,0.011630417923075646,0.014135698669587832,152.2743352824425,17.5,0.9327707128995839,7.015452538631345e-05,0.013065783664459159,2265,0,4,daily_factor_momentum,daily industry/factor,market_state_mixed,17,calibration,iid,constant_SMB,0.0
0.00021764566997384767,-0.0006719151091364511,0.0011938920977941658,0.013281776921965761,0.020450189212946692,151.07508312521122,17.5,0.9333001840506794,-1.0154525386313429e-05,0.0170317880794702,2265,0,4,daily_factor_momentum,daily industry/factor,market_state_mixed,17,calibration,iid,constant_HML,0.0
-0.00011212165956801212,-0.0008390108263477007,0.0004115143649742962,0.008431113702437192,0.010036918394381504,189.04047048068782,17.5,0.9165384236288354,0.00014984547461368655,0.008575717439293598,2265,0,4,daily_factor_momentum,daily industry/factor,market_state_mixed,17,calibration,iid,constant_RMW,0.0
-0.0002993171229448608,-0.0007498554383051447,0.00011234160283628824,0.005576855870468321,0.006550957099941837,173.49729939738182,17.5,0.9234007508179329,7.682119205298012e-05,0.005985209713024283,2265,0,4,daily_factor_momentum,daily industry/factor,market_state_mixed,17,calibration,iid,constant_CMA,0.0
-0.0011221357769711827,-0.0027910676068136674,0.0002814314031022006,0.027268987092936525,0.04016505050966178,176.34357629960505,17.5,0.9221441164240154,-9.006622516556304e-06,0.02774150110375276,2265,0,4,daily_factor_momentum,daily industry/factor,market_state_mixed,17,calibration,iid,constant_momentum,0.0
3.2844582285495326e-05,1.1295727940676927e-06,6.167030607654598e-05,0.0,0.0,233.58599373429436,17.497892867915784,0.8968715259451239,5.077262693156734e-05,0.0,2265,0,4,daily_factor_momentum,daily industry/factor,market_state_mixed,17,calibration,iid,constant_cash_RF,0.0
0.00028809214438238744,-0.001092028196083251,0.0015391879374152873,0.02679656810730859,0.04222799349366672,276.7635704751863,17.5,0.8778085781566506,0.0001739514348785872,0.023893598233995585,2265,0,4,daily_factor_momentum,daily industry/factor,market_state_mixed,17,calibration,iid,momentum_12,0.0
3.2844582285495326e-05,1.1295727940676927e-06,6.167030607654598e-05,0.0,0.0,233.58599373429436,17.497892867915784,0.8968715259451239,5.077262693156734e-05,0.0,2265,0,4,daily_factor_momentum,daily industry/factor,market_state_mixed,17,calibration,iid,low_vol_12,0.0
0.00018902418318515266,-0.00014966161779772686,0.0006300086939764256,0.013610488044650359,0.015920139558838663,1092.515464740664,4.805864371387734,0.517653216450038,0.0001938189845474614,0.015237748344370862,2265,0,4,daily_factor_momentum,daily industry/factor,market_state_mixed,17,calibration,iid,risk_adjusted_12,0.0
0.001074556230155932,0.00032207250389596186,0.0019348676425137365,0.01311459415254344,0.016214515726058726,154.24911261771905,17.5,0.9318988465263933,0.00042543046357615893,0.019189183222958057,2265,0,4,daily_factor_momentum,daily industry/factor,market_state_mixed,17,calibration,iid,ridge_return_train_only,0.0
0.0009993892783752658,-0.000702576094935514,0.0029799329596226914,0.03729683762906067,0.05757239350744626,162.03837307402407,17.5,0.928459879437517,0.00041139072847682127,0.03324061810154525,2265,0,4,daily_factor_momentum,daily industry/factor,market_state_mixed,17,calibration,block,constant_market_total,0.0
-3.0248498677021174e-05,-0.0007685794994610812,0.0008212107177869762,0.011630417923075646,0.013475168445879374,152.2743352824425,17.5,0.9327707128995839,7.015452538631345e-05,0.013065783664459159,2265,0,4,daily_factor_momentum,daily industry/factor,market_state_mixed,17,calibration,block,constant_SMB,0.0
0.00021764566997384767,-0.000509809025405879,0.0011501968927131528,0.013281776921965761,0.01897687841887135,151.07508312521122,17.5,0.9333001840506794,-1.0154525386313429e-05,0.0170317880794702,2265,0,4,daily_factor_momentum,daily industry/factor,market_state_mixed,17,calibration,block,constant_HML,0.0
-0.00011212165956801212,-0.000840991486649108,0.0005409597835680312,0.008431113702437192,0.010077834271314565,189.04047048068782,17.5,0.9165384236288354,0.00014984547461368655,0.008575717439293598,2265,0,4,daily_factor_momentum,daily industry/factor,market_state_mixed,17,calibration,block,constant_RMW,0.0
-0.0002993171229448608,-0.0007246973508928127,0.00012036192810977048,0.005576855870468321,0.0065897076857316115,173.49729939738182,17.5,0.9234007508179329,7.682119205298012e-05,0.005985209713024283,2265,0,4,daily_factor_momentum,daily industry/factor,market_state_mixed,17,calibration,block,constant_CMA,0.0
-0.0011221357769711827,-0.0028232764424078686,0.00012592291258254725,0.027268987092936525,0.0401682870495085,176.34357629960505,17.5,0.9221441164240154,-9.006622516556304e-06,0.02774150110375276,2265,0,4,daily_factor_momentum,daily industry/factor,market_state_mixed,17,calibration,block,constant_momentum,0.0
3.2844582285495326e-05,-3.7321382083361064e-06,6.612421492150215e-05,0.0,0.0,233.58599373429436,17.497892867915784,0.8968715259451239,5.077262693156734e-05,0.0,2265,0,4,daily_factor_momentum,daily industry/factor,market_state_mixed,17,calibration,block,constant_cash_RF,0.0
0.00028809214438238744,-0.0009623502962256221,0.0012132818383763693,0.02679656810730859,0.04192711011798574,276.7635704751863,17.5,0.8778085781566506,0.0001739514348785872,0.023893598233995585,2265,0,4,daily_factor_momentum,daily industry/factor,market_state_mixed,17,calibration,block,momentum_12,0.0
3.2844582285495326e-05,-3.7321382083361064e-06,6.612421492150215e-05,0.0,0.0,233.58599373429436,17.497892867915784,0.8968715259451239,5.077262693156734e-05,0.0,2265,0,4,daily_factor_momentum,daily industry/factor,market_state_mixed,17,calibration,block,low_vol_12,0.0
0.00018902418318515266,-0.00013015388840379645,0.00047093465086188614,0.013610488044650359,0.01673278993321706,1092.515464740664,4.805864371387734,0.517653216450038,0.0001938189845474614,0.015237748344370862,2265,0,4,daily_factor_momentum,daily industry/factor,market_state_mixed,17,calibration,block,risk_adjusted_12,0.0
0.001074556230155932,0.00020059079132112386,0.0018869838090150126,0.01311459415254344,0.01582845835542009,154.24911261771905,17.5,0.9318988465263933,0.00042543046357615893,0.019189183222958057,2265,0,4,daily_factor_momentum,daily industry/factor,market_state_mixed,17,calibration,block,ridge_return_train_only,0.0
-0.0017793120486577284,-0.0034001073660926483,-3.774648514738777e-05,0.030820337259281037,0.03599014285493536,207.39515554124037,17.5,0.9271786672959128,0.0005706460674157303,0.027760112359550563,2848,0,4,daily_factor_momentum,daily industry/factor,market_state_mixed,17,test,iid,constant_market_total,0.0
0.0006430403282777154,-0.0004343912793481528,0.001760949261444719,0.01371365384306074,0.015195778744619182,192.38895358120868,17.5,0.9324476988830026,-7.784410112359552e-05,0.014024719101123597,2848,0,4,daily_factor_momentum,daily industry/factor,market_state_mixed,17,test,iid,constant_SMB,0.0
-0.00033077973688609507,-0.001620620684089534,0.0007292852482416842,0.021864862077745732,0.02954355959699565,179.95591211805723,17.5,0.9368132331046147,-3.0547752808988755e-05,0.019923314606741575,2848,0,4,daily_factor_momentum,daily industry/factor,market_state_mixed,17,test,iid,constant_HML,0.0
-0.000511485503434774,-0.0012129072382031356,0.0002461687888753883,0.01087229734979714,0.011674416763621713,193.63325081217272,17.5,0.9320107967653888,0.00010066713483146068,0.011674859550561799,2848,0,4,daily_factor_momentum,daily industry/factor,market_state_mixed,17,test,iid,constant_RMW,0.0
2.573394539221004e-05,-0.0005683327039120297,0.0006441168404786004,0.01123107449945368,0.013236763707473825,172.26189491804243,17.5,0.939514784087766,-4.93328651685393e-05,0.011041151685393259,2848,0,4,daily_factor_momentum,daily industry/factor,market_state_mixed,17,test,iid,constant_CMA,0.0
-0.00047437991007203057,-0.0023936551097088633,0.0008772032715492837,0.025355754695225174,0.033352587006720405,202.84688187019663,17.5,0.9287756735006332,0.0001740168539325843,0.02775182584269663,2848,0,4,daily_factor_momentum,daily industry/factor,market_state_mixed,17,test,iid,constant_momentum,0.0
8.061541500596926e-05,6.173829313199387e-05,0.00010065354609325608,0.0,0.0,390.9093130726533,17.496378221584887,0.8627425164772987,8.072331460674158e-05,0.0,2848,0,4,daily_factor_momentum,daily industry/factor,market_state_mixed,17,test,iid,constant_cash_RF,0.0
0.0005163347055446535,-0.0004024638605997378,0.0015031028284740009,0.017981809128368845,0.01979512007550369,256.1863944027835,17.5,0.9100469120776743,0.00021348314606741572,0.020687078651685394,2848,0,4,daily_factor_momentum,daily industry/factor,market_state_mixed,17,test,iid,momentum_12,0.0
8.061541500596926e-05,6.173829313199387e-05,0.00010065354609325608,0.0,0.0,390.9093130726533,17.496378221584887,0.8627425164772987,8.072331460674158e-05,0.0,2848,0,4,daily_factor_momentum,daily industry/factor,market_state_mixed,17,test,iid,low_vol_12,0.0
0.0002537847747876682,-2.9958489566173388e-05,0.0005007234392990749,0.014060397758780872,0.01584632509236932,1515.4690026976962,5.320427858763352,0.4678830748954719,0.00022521067415730343,0.013886657303370785,2848,0,4,daily_factor_momentum,daily industry/factor,market_state_mixed,17,test,iid,risk_adjusted_12,0.0
-0.0006627796046408494,-0.001895578488898286,0.00044339828731377055,0.02304297552684339,0.030749423324764543,215.33048203100537,17.5,0.9243923869273155,0.0004555477528089888,0.020986095505617974,2848,0,4,daily_factor_momentum,daily industry/factor,market_state_mixed,17,test,iid,ridge_return_train_only,0.0
-0.0017793120486577284,-0.0030987476807616886,-0.00022610014861351464,0.030820337259281037,0.036218222054354376,207.39515554124037,17.5,0.9271786672959128,0.0005706460674157303,0.027760112359550563,2848,0,4,daily_factor_momentum,daily industry/factor,market_state_mixed,17,test,block,constant_market_total,0.0
0.0006430403282777154,-0.00030344310044364307,0.001645468921763645,0.01371365384306074,0.015561264196624479,192.38895358120868,17.5,0.9324476988830026,-7.784410112359552e-05,0.014024719101123597,2848,0,4,daily_factor_momentum,daily industry/factor,market_state_mixed,17,test,block,constant_SMB,0.0
-0.00033077973688609507,-0.0013983653598915195,0.0007367269974402241,0.021864862077745732,0.028113383647014847,179.95591211805723,17.5,0.9368132331046147,-3.0547752808988755e-05,0.019923314606741575,2848,0,4,daily_factor_momentum,daily industry/factor,market_state_mixed,17,test,block,constant_HML,0.0
-0.000511485503434774,-0.0012657452089701292,0.0003082522698447414,0.01087229734979714,0.011761215580818602,193.63325081217272,17.5,0.9320107967653888,0.00010066713483146068,0.011674859550561799,2848,0,4,daily_factor_momentum,daily industry/factor,market_state_mixed,17,test,block,constant_RMW,0.0
2.573394539221004e-05,-0.0005397100840713502,0.0006317628488234984,0.01123107449945368,0.013316643994503715,172.26189491804243,17.5,0.939514784087766,-4.93328651685393e-05,0.011041151685393259,2848,0,4,daily_factor_momentum,daily industry/factor,market_state_mixed,17,test,block,constant_CMA,0.0
-0.00047437991007203057,-0.001587063801609265,0.000963522082889902,0.025355754695225174,0.03297698206689955,202.84688187019663,17.5,0.9287756735006332,0.0001740168539325843,0.02775182584269663,2848,0,4,daily_factor_momentum,daily industry/factor,market_state_mixed,17,test,block,constant_momentum,0.0
8.061541500596926e-05,5.935412501277824e-05,0.00010108533465871986,0.0,0.0,390.9093130726533,17.496378221584887,0.8627425164772987,8.072331460674158e-05,0.0,2848,0,4,daily_factor_momentum,daily industry/factor,market_state_mixed,17,test,block,constant_cash_RF,0.0
0.0005163347055446535,-0.0002700277792766053,0.0012809176414021984,0.017981809128368845,0.020454991095944515,256.1863944027835,17.5,0.9100469120776743,0.00021348314606741572,0.020687078651685394,2848,0,4,daily_factor_momentum,daily industry/factor,market_state_mixed,17,test,block,momentum_12,0.0
8.061541500596926e-05,5.935412501277824e-05,0.00010108533465871986,0.0,0.0,390.9093130726533,17.496378221584887,0.8627425164772987,8.072331460674158e-05,0.0,2848,0,4,daily_factor_momentum,daily industry/factor,market_state_mixed,17,test,block,low_vol_12,0.0
0.0002537847747876682,-7.378148593520405e-06,0.0005280414789401442,0.014060397758780872,0.01641987180371164,1515.4690026976962,5.320427858763352,0.4678830748954719,0.00022521067415730343,0.013886657303370785,2848,0,4,daily_factor_momentum,daily industry/factor,market_state_mixed,17,test,block,risk_adjusted_12,0.0
-0.0006627796046408494,-0.002058091169395861,0.0006392410563700097,0.02304297552684339,0.031284137069887946,215.33048203100537,17.5,0.9243923869273155,0.0004555477528089888,0.020986095505617974,2848,0,4,daily_factor_momentum,daily industry/factor,market_state_mixed,17,test,block,ridge_return_train_only,0.0
-6.67631872709431e-05,-0.0017779377753910826,0.0021846986283221735,0.033206789779615914,0.04208005766083961,184.78329617862417,17.5,0.9184179707820643,0.00041139072847682127,0.03324061810154525,2265,0,4,daily_factor_momentum,daily industry/factor,market_state_mixed,27,calibration,iid,constant_market_total,0.0
-8.977799962039888e-05,-0.001009093251596222,0.0008627976439575533,0.012432335143644986,0.013758521368682173,160.1060826287193,17.5,0.92931298780189,7.015452538631345e-05,0.013065783664459159,2265,0,4,daily_factor_momentum,daily industry/factor,market_state_mixed,27,calibration,iid,constant_SMB,0.0
0.00047656876242735516,-0.000810288972515767,0.0016839519845509717,0.01780515579746057,0.022702897722480953,154.23887587312592,17.5,0.9319033660604301,-1.0154525386313429e-05,0.0170317880794702,2265,0,4,daily_factor_momentum,daily industry/factor,market_state_mixed,27,calibration,iid,constant_HML,0.0
0.0009013824785510641,0.000366340073864832,0.001545784578139922,0.0070587056404178075,0.008276585496150648,170.86681511110768,17.5,0.9245621125337273,0.00014984547461368655,0.008575717439293598,2265,0,4,daily_factor_momentum,daily industry/factor,market_state_mixed,27,calibration,iid,constant_RMW,0.0
-8.667160725251335e-05,-0.0005042747190903256,0.00032165169088756146,0.005190640810541902,0.005464214762441398,173.9648253573387,17.5,0.9231943375905789,7.682119205298012e-05,0.005985209713024283,2265,0,4,daily_factor_momentum,daily industry/factor,market_state_mixed,27,calibration,iid,constant_CMA,0.0
-9.276284516761073e-05,-0.0010961300662207544,0.0009185870623360953,0.01970379008985654,0.02413557862542013,160.20927557029725,17.5,0.9292674280042837,-9.006622516556304e-06,0.02774150110375276,2265,0,4,daily_factor_momentum,daily industry/factor,market_state_mixed,27,calibration,iid,constant_momentum,0.0
7.558666262210941e-05,4.261849685162903e-05,9.998435619360271e-05,0.0,0.0,213.99764075981903,17.49553993061498,0.9055198054040534,5.077262693156734e-05,0.0,2265,0,4,daily_factor_momentum,daily industry/factor,market_state_mixed,27,calibration,iid,constant_cash_RF,0.0
0.0007235579475898573,-3.0895501738892866e-05,0.0016253913880305514,0.0175352738115807,0.021240447009735115,302.71419198559255,17.5,0.8663513501167361,0.0001739514348785872,0.023893598233995585,2265,0,4,daily_factor_momentum,daily industry/factor,market_state_mixed,27,calibration,iid,momentum_12,0.0
7.558666262210941e-05,4.261849685162903e-05,9.998435619360271e-05,0.0,0.0,213.99764075981903,17.49553993061498,0.9055198054040534,5.077262693156734e-05,0.0,2265,0,4,daily_factor_momentum,daily industry/factor,market_state_mixed,27,calibration,iid,low_vol_12,0.0
0.0003280506323278423,-7.302001326371779e-05,0.0007672277697811978,0.014198181589303764,0.017245053338241348,1133.0008015985466,4.849642573470435,0.4997788955414806,0.0001938189845474614,0.015237748344370862,2265,0,4,daily_factor_momentum,daily industry/factor,market_state_mixed,27,calibration,iid,risk_adjusted_12,0.0
4.106793708874475e-05,-0.0011856114624897982,0.0012353190436240242,0.02590543357963862,0.03281424594572721,158.6784775746407,17.5,0.9299432770089886,0.0001591169977924945,0.020219426048565126,2265,0,4,daily_factor_momentum,daily industry/factor,market_state_mixed,27,calibration,iid,ridge_return_train_only,0.0
-6.67631872709431e-05,-0.0019041325933442743,0.002382602314109277,0.033206789779615914,0.04288155624539335,184.78329617862417,17.5,0.9184179707820643,0.00041139072847682127,0.03324061810154525,2265,0,4,daily_factor_momentum,daily industry/factor,market_state_mixed,27,calibration,block,constant_market_total,0.0
-8.977799962039888e-05,-0.0010859511094297755,0.0008464689422862161,0.012432335143644986,0.013829754619844724,160.1060826287193,17.5,0.92931298780189,7.015452538631345e-05,0.013065783664459159,2265,0,4,daily_factor_momentum,daily industry/factor,market_state_mixed,27,calibration,block,constant_SMB,0.0
0.00047656876242735516,-0.0009533432679502486,0.001888886981880218,0.01780515579746057,0.02367626293758641,154.23887587312592,17.5,0.9319033660604301,-1.0154525386313429e-05,0.0170317880794702,2265,0,4,daily_factor_momentum,daily industry/factor,market_state_mixed,27,calibration,block,constant_HML,0.0
0.0009013824785510641,0.00025299386105785557,0.0015390570256292885,0.0070587056404178075,0.00867736459948604,170.86681511110768,17.5,0.9245621125337273,0.00014984547461368655,0.008575717439293598,2265,0,4,daily_factor_momentum,daily industry/factor,market_state_mixed,27,calibration,block,constant_RMW,0.0
-8.667160725251335e-05,-0.0005001814104874516,0.000370198955903809,0.005190640810541902,0.0055247277034768056,173.9648253573387,17.5,0.9231943375905789,7.682119205298012e-05,0.005985209713024283,2265,0,4,daily_factor_momentum,daily industry/factor,market_state_mixed,27,calibration,block,constant_CMA,0.0
-9.276284516761073e-05,-0.0011476626208036507,0.000899113391439692,0.01970379008985654,0.024883015858841097,160.20927557029725,17.5,0.9292674280042837,-9.006622516556304e-06,0.02774150110375276,2265,0,4,daily_factor_momentum,daily industry/factor,market_state_mixed,27,calibration,block,constant_momentum,0.0
7.558666262210941e-05,4.8810068133215577e-05,0.00010598543304996084,0.0,0.0,213.99764075981903,17.49553993061498,0.9055198054040534,5.077262693156734e-05,0.0,2265,0,4,daily_factor_momentum,daily industry/factor,market_state_mixed,27,calibration,block,constant_cash_RF,0.0
0.0007235579475898573,1.9279646954444226e-05,0.0015064109139692812,0.0175352738115807,0.02169211902728266,302.71419198559255,17.5,0.8663513501167361,0.0001739514348785872,0.023893598233995585,2265,0,4,daily_factor_momentum,daily industry/factor,market_state_mixed,27,calibration,block,momentum_12,0.0
7.558666262210941e-05,4.8810068133215577e-05,0.00010598543304996084,0.0,0.0,213.99764075981903,17.49553993061498,0.9055198054040534,5.077262693156734e-05,0.0,2265,0,4,daily_factor_momentum,daily industry/factor,market_state_mixed,27,calibration,block,low_vol_12,0.0
0.0003280506323278423,-4.614574247674971e-05,0.0007532823201879651,0.014198181589303764,0.017452777975191184,1133.0008015985466,4.849642573470435,0.4997788955414806,0.0001938189845474614,0.015237748344370862,2265,0,4,daily_factor_momentum,daily industry/factor,market_state_mixed,27,calibration,block,risk_adjusted_12,0.0
4.106793708874475e-05,-0.0011996531516312557,0.0013630058638682387,0.02590543357963862,0.03398736156041178,158.6784775746407,17.5,0.9299432770089886,0.0001591169977924945,0.020219426048565126,2265,0,4,daily_factor_momentum,daily industry/factor,market_state_mixed,27,calibration,block,ridge_return_train_only,0.0
0.0010786909047379733,-0.0007840404637391492,0.0029633296094907563,0.031072967284870936,0.050406749414456456,210.86728364932196,17.5,0.925959521190547,0.0005706460674157303,0.027760112359550563,2848,0,4,daily_factor_momentum,daily industry/factor,market_state_mixed,27,test,iid,constant_market_total,0.0
0.00043901821522946327,-0.0003543714251965669,0.0014355032317138728,0.013519210620210354,0.015849163305019537,207.18024462345846,17.5,0.9272541275900777,-7.784410112359552e-05,0.014024719101123597,2848,0,4,daily_factor_momentum,daily industry/factor,market_state_mixed,27,test,iid,constant_SMB,0.0
0.00046515979180399014,-0.0006679810073857483,0.001432405874948386,0.017231479673216997,0.022915301165825557,199.09110131148984,17.5,0.9300944166743365,-3.0547752808988755e-05,0.019923314606741575,2848,0,4,daily_factor_momentum,daily industry/factor,market_state_mixed,27,test,iid,constant_HML,0.0
1.1492528270753752e-05,-0.000701945825004295,0.000660528120962909,0.011835208873246648,0.013158013750616059,166.31542190383504,17.5,0.9416027310730917,0.00010066713483146068,0.011674859550561799,2848,0,4,daily_factor_momentum,daily industry/factor,market_state_mixed,27,test,iid,constant_RMW,0.0
0.00013853475764657872,-0.0005080490287589583,0.0006313597035466864,0.00988294436683984,0.011127022757123966,172.35192700024945,17.5,0.9394831716993506,-4.93328651685393e-05,0.011041151685393259,2848,0,4,daily_factor_momentum,daily industry/factor,market_state_mixed,27,test,iid,constant_CMA,0.0
-0.00026522098601740963,-0.0014279583893217858,0.000789968640833733,0.02337959789872694,0.030448174256906737,179.74002836233674,17.5,0.9368890349851345,0.0001740168539325843,0.02775182584269663,2848,0,4,daily_factor_momentum,daily industry/factor,market_state_mixed,27,test,iid,constant_momentum,0.0
7.724377869169705e-05,5.876104077897602e-05,9.865890274502037e-05,0.0,0.0,386.2555671941491,17.49998435963582,0.8643765564627286,8.072331460674158e-05,0.0,2848,0,4,daily_factor_momentum,daily industry/factor,market_state_mixed,27,test,iid,constant_cash_RF,0.0
-4.145354177496314e-07,-0.0008911010950788857,0.0009654881893829378,0.022521454290663132,0.027300678223441576,268.94938549405566,17.5,0.9055655247563007,0.00021348314606741572,0.020687078651685394,2848,0,4,daily_factor_momentum,daily industry/factor,market_state_mixed,27,test,iid,momentum_12,0.0
7.724377869169705e-05,5.876104077897602e-05,9.865890274502037e-05,0.0,0.0,386.2555671941491,17.49998435963582,0.8643765564627286,8.072331460674158e-05,0.0,2848,0,4,daily_factor_momentum,daily industry/factor,market_state_mixed,27,test,iid,low_vol_12,0.0
0.00011884159217860468,-0.00022181790721773919,0.0004781930184371312,0.015759856103284738,0.018520071344489752,1527.3122837779085,4.9041359700388725,0.463724619460004,0.00022521067415730343,0.013886657303370785,2848,0,4,daily_factor_momentum,daily industry/factor,market_state_mixed,27,test,iid,risk_adjusted_12,0.0
0.00026769518190755654,-0.0007840992332727989,0.001083584052892396,0.01795089888943276,0.019920618586078746,184.50911487690752,17.5,0.9352144961808612,0.00010856741573033708,0.02345547752808989,2848,0,4,daily_factor_momentum,daily industry/factor,market_state_mixed,27,test,iid,ridge_return_train_only,0.0
0.0010786909047379733,-0.0010411662888964652,0.0026804865936920475,0.031072967284870936,0.05234906632562245,210.86728364932196,17.5,0.925959521190547,0.0005706460674157303,0.027760112359550563,2848,0,4,daily_factor_momentum,daily industry/factor,market_state_mixed,27,test,block,constant_market_total,0.0
0.00043901821522946327,-0.0005361918698632213,0.0014001489715925461,0.013519210620210354,0.016055746733638805,207.18024462345846,17.5,0.9272541275900777,-7.784410112359552e-05,0.014024719101123597,2848,0,4,daily_factor_momentum,daily industry/factor,market_state_mixed,27,test,block,constant_SMB,0.0
0.00046515979180399014,-0.0008417984226085707,0.0014769782524116492,0.017231479673216997,0.02261129363506664,199.09110131148984,17.5,0.9300944166743365,-3.0547752808988755e-05,0.019923314606741575,2848,0,4,daily_factor_momentum,daily industry/factor,market_state_mixed,27,test,block,constant_HML,0.0
1.1492528270753752e-05,-0.0007395011564048018,0.0007734781308565033,0.011835208873246648,0.013284002643816661,166.31542190383504,17.5,0.9416027310730917,0.00010066713483146068,0.011674859550561799,2848,0,4,daily_factor_momentum,daily industry/factor,market_state_mixed,27,test,block,constant_RMW,0.0
0.00013853475764657872,-0.0005191173946564294,0.0007428301480329223,0.00988294436683984,0.010953217683971138,172.35192700024945,17.5,0.9394831716993506,-4.93328651685393e-05,0.011041151685393259,2848,0,4,daily_factor_momentum,daily industry/factor,market_state_mixed,27,test,block,constant_CMA,0.0
-0.00026522098601740963,-0.001536372722437354,0.0008642098650447302,0.02337959789872694,0.03282592011596875,179.74002836233674,17.5,0.9368890349851345,0.0001740168539325843,0.02775182584269663,2848,0,4,daily_factor_momentum,daily industry/factor,market_state_mixed,27,test,block,constant_momentum,0.0
7.724377869169705e-05,5.353032686981873e-05,0.00010156075266726715,0.0,0.0,386.2555671941491,17.49998435963582,0.8643765564627286,8.072331460674158e-05,0.0,2848,0,4,daily_factor_momentum,daily industry/factor,market_state_mixed,27,test,block,constant_cash_RF,0.0
-4.145354177496314e-07,-0.0011160957174702012,0.0010064989564117267,0.022521454290663132,0.027913555020002492,268.94938549405566,17.5,0.9055655247563007,0.00021348314606741572,0.020687078651685394,2848,0,4,daily_factor_momentum,daily industry/factor,market_state_mixed,27,test,block,momentum_12,0.0
7.724377869169705e-05,5.353032686981873e-05,0.00010156075266726715,0.0,0.0,386.2555671941491,17.49998435963582,0.8643765564627286,8.072331460674158e-05,0.0,2848,0,4,daily_factor_momentum,daily industry/factor,market_state_mixed,27,test,block,low_vol_12,0.0
0.00011884159217860468,-0.00029186676807604255,0.0004460463825929935,0.015759856103284738,0.019517020745624464,1527.3122837779085,4.9041359700388725,0.463724619460004,0.00022521067415730343,0.013886657303370785,2848,0,4,daily_factor_momentum,daily industry/factor,market_state_mixed,27,test,block,risk_adjusted_12,0.0
0.00026769518190755654,-0.0006954087354173479,0.001005712629922275,0.01795089888943276,0.019902119253998648,184.50911487690752,17.5,0.9352144961808612,0.00010856741573033708,0.02345547752808989,2848,0,4,daily_factor_momentum,daily industry/factor,market_state_mixed,27,test,block,ridge_return_train_only,0.0
0.00026282564605813267,-0.005408223154346304,0.0050753158418504135,0.016517014660151055,0.02608967136150233,5.255489117187804,700.0,0.997679695754001,0.00041139072847682127,0.03324061810154525,2265,0,2,daily_factor_momentum,daily industry/factor,low_overlap_concentration,7,calibration,iid,constant_market_total,0.0
0.0004460661981272806,-0.000636170934684861,0.0023480306033366125,0.007285653104925053,0.012458441558441556,1.8103329487254183,700.0,0.9992007360049777,7.015452538631345e-05,0.013065783664459159,2265,0,0,daily_factor_momentum,daily industry/factor,low_overlap_concentration,7,calibration,iid,constant_SMB,0.0
-0.007373374549752762,-0.015227082776116702,-0.0013403145469310523,0.007041567912488606,0.008065217391304351,6.662379759449678,700.0,0.997058551982583,-1.0154525386313429e-05,0.0170317880794702,2265,0,2,daily_factor_momentum,daily industry/factor,low_overlap_concentration,7,calibration,iid,constant_HML,0.0
-0.0019271599570030405,-0.00506135441055429,4.425571904930862e-05,0.005286764705882351,0.010942187499999999,2.764275839736977,700.0,0.998779569165679,0.00014984547461368655,0.008575717439293598,2265,0,1,daily_factor_momentum,daily industry/factor,low_overlap_concentration,7,calibration,iid,constant_RMW,0.0
0.0014835943116660699,-0.0011994920034140465,0.0048878706931863684,0.0016026520347507994,0.005355913978494623,3.3099833703918073,700.0,0.9985386386885687,7.682119205298012e-05,0.005985209713024283,2265,0,1,daily_factor_momentum,daily industry/factor,low_overlap_concentration,7,calibration,iid,constant_CMA,0.0
-0.00024809178109078676,-0.002922859494232991,0.0011999858493489082,0.020530844155844146,0.03657818499127402,3.1478760779303436,700.0,0.9986102092371169,-9.006622516556304e-06,0.02774150110375276,2265,0,1,daily_factor_momentum,daily industry/factor,low_overlap_concentration,7,calibration,iid,constant_momentum,0.0
-3.9889116490823305e-05,-0.0004518727086360325,0.00024166720523423538,0.0,0.0,4.0926825622243745,700.0,0.9981930761314682,5.077262693156734e-05,0.0,2265,0,1,daily_factor_momentum,daily industry/factor,low_overlap_concentration,7,calibration,iid,constant_cash_RF,0.0
0.000165081548259048,-0.00023435772682813284,0.0005647303801034484,0.02398575244879788,0.026724843610366516,2245.999999999854,1.0086455331412103,0.008388520971366886,0.0001739514348785872,0.023893598233995585,2265,0,4,daily_factor_momentum,daily industry/factor,low_overlap_concentration,7,calibration,iid,momentum_12,0.0
-3.9889116490823305e-05,-0.0004518727086360325,0.00024166720523423538,0.0,0.0,4.0926825622243745,700.0,0.9981930761314682,5.077262693156734e-05,0.0,2265,0,1,daily_factor_momentum,daily industry/factor,low_overlap_concentration,7,calibration,iid,low_vol_12,0.0
0.0001258802226414578,-0.00029031040060497595,0.0004268605580481244,0.01395373927257868,0.022313483146067396,6.2092880971364846,700.0,0.9972585924515953,0.0001938189845474614,0.015237748344370862,2265,0,2,daily_factor_momentum,daily industry/factor,low_overlap_concentration,7,calibration,iid,risk_adjusted_12,0.0
-0.0006217399844248635,-0.00436583647570059,0.0019389961451330665,0.01047713004484305,0.02551538461538461,3.302647799864685,700.0,0.9985418773510532,0.00021986754966887422,0.021248565121412804,2265,0,1,daily_factor_momentum,daily industry/factor,low_overlap_concentration,7,calibration,iid,ridge_return_train_only,0.0
0.00026282564605813267,-0.004097246340090025,0.005384846716714086,0.016517014660151055,0.026297802197802183,5.255489117187804,700.0,0.997679695754001,0.00041139072847682127,0.03324061810154525,2265,0,2,daily_factor_momentum,daily industry/factor,low_overlap_concentration,7,calibration,block,constant_market_total,0.0
0.0004460661981272806,-0.0007230613485161435,0.002568623192706039,0.007285653104925053,0.012529914529914529,1.8103329487254183,700.0,0.9992007360049777,7.015452538631345e-05,0.013065783664459159,2265,0,0,daily_factor_momentum,daily industry/factor,low_overlap_concentration,7,calibration,block,constant_SMB,0.0
-0.007373374549752762,-0.014299228578784965,-0.0014663229319929359,0.007041567912488606,0.010536906962415295,6.662379759449678,700.0,0.997058551982583,-1.0154525386313429e-05,0.0170317880794702,2265,0,2,daily_factor_momentum,daily industry/factor,low_overlap_concentration,7,calibration,block,constant_HML,0.0
-0.0019271599570030405,-0.004508040299308028,7.680862700933145e-05,0.005286764705882351,0.011518556701030925,2.764275839736977,700.0,0.998779569165679,0.00014984547461368655,0.008575717439293598,2265,0,1,daily_factor_momentum,daily industry/factor,low_overlap_concentration,7,calibration,block,constant_RMW,0.0
0.0014835943116660699,-0.000853463304634905,0.0045597307788033765,0.0016026520347507994,0.006489552238805968,3.3099833703918073,700.0,0.9985386386885687,7.682119205298012e-05,0.005985209713024283,2265,0,1,daily_factor_momentum,daily industry/factor,low_overlap_concentration,7,calibration,block,constant_CMA,0.0
-0.00024809178109078676,-0.0027967068408116295,0.0011361108639186272,0.020530844155844146,0.03725409252669041,3.1478760779303436,700.0,0.9986102092371169,-9.006622516556304e-06,0.02774150110375276,2265,0,1,daily_factor_momentum,daily industry/factor,low_overlap_concentration,7,calibration,block,constant_momentum,0.0
-3.9889116490823305e-05,-0.0004220364596095015,0.0002598842347190715,0.0,0.0,4.0926825622243745,700.0,0.9981930761314682,5.077262693156734e-05,0.0,2265,0,1,daily_factor_momentum,daily industry/factor,low_overlap_concentration,7,calibration,block,constant_cash_RF,0.0
0.000165081548259048,-0.00016637386991267343,0.0004855661986506001,0.02398575244879788,0.02808966131907318,2245.999999999854,1.0086455331412103,0.008388520971366886,0.0001739514348785872,0.023893598233995585,2265,0,4,daily_factor_momentum,daily industry/factor,low_overlap_concentration,7,calibration,block,momentum_12,0.0
-3.9889116490823305e-05,-0.0004220364596095015,0.0002598842347190715,0.0,0.0,4.0926825622243745,700.0,0.9981930761314682,5.077262693156734e-05,0.0,2265,0,1,daily_factor_momentum,daily industry/factor,low_overlap_concentration,7,calibration,block,low_vol_12,0.0
0.0001258802226414578,-0.0003529182575325009,0.00039757853367788703,0.01395373927257868,0.021985618408437168,6.2092880971364846,700.0,0.9972585924515953,0.0001938189845474614,0.015237748344370862,2265,0,2,daily_factor_momentum,daily industry/factor,low_overlap_concentration,7,calibration,block,risk_adjusted_12,0.0
-0.0006217399844248635,-0.003333643119217524,0.0020465115019547377,0.01047713004484305,0.026478995433789967,3.302647799864685,700.0,0.9985418773510532,0.00021986754966887422,0.021248565121412804,2265,0,1,daily_factor_momentum,daily industry/factor,low_overlap_concentration,7,calibration,block,ridge_return_train_only,0.0
0.00012052642511414276,-0.0023917379457178045,0.001601358187018741,0.012758156642146268,0.018278651685393235,5.5390465621579486,700.0,0.998055110055422,0.0005706460674157303,0.027760112359550563,2848,0,2,daily_factor_momentum,daily industry/factor,low_overlap_concentration,7,test,iid,constant_market_total,0.0
-0.0021580620539045628,-0.011883925663754118,0.005601051148291322,0.008437813072693954,0.008740558487995913,9.89066824512699,700.0,0.9965271530038178,-7.784410112359552e-05,0.014024719101123597,2848,0,2,daily_factor_momentum,daily industry/factor,low_overlap_concentration,7,test,iid,constant_SMB,0.0
-0.0013963773686269398,-0.004564714954976604,0.0003700734569601405,0.013395808052950911,0.02496372549019609,3.4107909436264516,700.0,0.9988023908203559,-3.0547752808988755e-05,0.019923314606741575,2848,0,1,daily_factor_momentum,daily industry/factor,low_overlap_concentration,7,test,iid,constant_HML,0.0
0.0009751442870732154,0.0006882063392864995,0.001439833311558238,0.006383001808318265,0.013848148148148146,2.856417409498057,700.0,0.9989970444489122,0.00010066713483146068,0.011674859550561799,2848,0,1,daily_factor_momentum,daily industry/factor,low_overlap_concentration,7,test,iid,constant_RMW,0.0
0.0008492348152213331,-0.0016038625790722326,0.0036799237748062737,0.0038535633227417153,0.008890084643288994,3.3585547418079327,700.0,0.998820732183354,-4.93328651685393e-05,0.011041151685393259,2848,0,1,daily_factor_momentum,daily industry/factor,low_overlap_concentration,7,test,iid,constant_CMA,0.0
-0.0003867332204822399,-0.007004068407444436,0.0035181865146192183,0.016499812821712687,0.025446586345381522,4.7372090442012595,700.0,0.9983366541277383,0.0001740168539325843,0.02775182584269663,2848,0,1,daily_factor_momentum,daily industry/factor,low_overlap_concentration,7,test,iid,constant_momentum,0.0
-0.0001296718686259983,-0.0009230417606993056,0.0002802385929157588,0.0,0.0,5.092576567179295,700.0,0.9982118762053444,8.072331460674158e-05,0.0,2848,0,2,daily_factor_momentum,daily industry/factor,low_overlap_concentration,7,test,iid,constant_cash_RF,0.0
0.00021232879050829713,-0.00016548606385711332,0.0005426755179298139,0.02060673042862204,0.022010945802338058,2822.9999999996594,1.0086455331412103,0.008778089887760077,0.00021348314606741572,0.020687078651685394,2848,0,4,daily_factor_momentum,daily industry/factor,low_overlap_concentration,7,test,iid,momentum_12,0.0
-0.0001296718686259983,-0.0009230417606993056,0.0002802385929157588,0.0,0.0,5.092576567179295,700.0,0.9982118762053444,8.072331460674158e-05,0.0,2848,0,2,daily_factor_momentum,daily industry/factor,low_overlap_concentration,7,test,iid,low_vol_12,0.0
0.00025333092212353434,-4.0841690667810335e-05,0.0004922978864248485,0.01219737876802097,0.017345345345345375,6.442247547856611,700.0,0.9977379748778593,0.00022521067415730343,0.013886657303370785,2848,0,2,daily_factor_momentum,daily industry/factor,low_overlap_concentration,7,test,iid,risk_adjusted_12,0.0
0.0012751798592252396,-0.0008860239114534764,0.002576885984148014,0.012352095188825664,0.02239255121042831,3.8767618749202453,700.0,0.9986387774315589,0.00010273876404494385,0.023037500000000002,2848,0,1,daily_factor_momentum,daily industry/factor,low_overlap_concentration,7,test,iid,ridge_return_train_only,0.0
0.00012052642511414276,-0.002509260514873642,0.0016964662967006894,0.012758156642146268,0.01865407725321886,5.5390465621579486,700.0,0.998055110055422,0.0005706460674157303,0.027760112359550563,2848,0,2,daily_factor_momentum,daily industry/factor,low_overlap_concentration,7,test,block,constant_market_total,0.0
-0.0021580620539045628,-0.011066196281817129,0.006330640355529626,0.008437813072693954,0.008620039100684264,9.89066824512699,700.0,0.9965271530038178,-7.784410112359552e-05,0.014024719101123597,2848,0,2,daily_factor_momentum,daily industry/factor,low_overlap_concentration,7,test,block,constant_SMB,0.0
-0.0013963773686269398,-0.006151806884328419,0.0004098834359724967,0.013395808052950911,0.02522991452991454,3.4107909436264516,700.0,0.9988023908203559,-3.0547752808988755e-05,0.019923314606741575,2848,0,1,daily_factor_momentum,daily industry/factor,low_overlap_concentration,7,test,block,constant_HML,0.0
0.0009751442870732154,0.000639398895081867,0.0014524343992791244,0.006383001808318265,0.013577049180327868,2.856417409498057,700.0,0.9989970444489122,0.00010066713483146068,0.011674859550561799,2848,0,1,daily_factor_momentum,daily industry/factor,low_overlap_concentration,7,test,block,constant_RMW,0.0
0.0008492348152213331,-0.002609909036916288,0.003694279437097799,0.0038535633227417153,0.00800825242718446,3.3585547418079327,700.0,0.998820732183354,-4.93328651685393e-05,0.011041151685393259,2848,0,1,daily_factor_momentum,daily industry/factor,low_overlap_concentration,7,test,block,constant_CMA,0.0
-0.0003867332204822399,-0.007204880376917637,0.0035380985235934927,0.016499812821712687,0.026224604141291106,4.7372090442012595,700.0,0.9983366541277383,0.0001740168539325843,0.02775182584269663,2848,0,1,daily_factor_momentum,daily industry/factor,low_overlap_concentration,7,test,block,constant_momentum,0.0
-0.0001296718686259983,-0.0006588045612282577,0.0003359569933724277,0.0,0.0,5.092576567179295,700.0,0.9982118762053444,8.072331460674158e-05,0.0,2848,0,2,daily_factor_momentum,daily industry/factor,low_overlap_concentration,7,test,block,constant_cash_RF,0.0
0.00021232879050829713,-8.04460724822559e-05,0.00044536929181580723,0.02060673042862204,0.02273109540636057,2822.9999999996594,1.0086455331412103,0.008778089887760077,0.00021348314606741572,0.020687078651685394,2848,0,4,daily_factor_momentum,daily industry/factor,low_overlap_concentration,7,test,block,momentum_12,0.0
-0.0001296718686259983,-0.0006588045612282577,0.0003359569933724277,0.0,0.0,5.092576567179295,700.0,0.9982118762053444,8.072331460674158e-05,0.0,2848,0,2,daily_factor_momentum,daily industry/factor,low_overlap_concentration,7,test,block,low_vol_12,0.0
0.00025333092212353434,-6.23031594043357e-05,0.0005348888019631111,0.01219737876802097,0.0201158614402917,6.442247547856611,700.0,0.9977379748778593,0.00022521067415730343,0.013886657303370785,2848,0,2,daily_factor_momentum,daily industry/factor,low_overlap_concentration,7,test,block,risk_adjusted_12,0.0
0.0012751798592252396,-0.0011442583428315503,0.002636240929156018,0.012352095188825664,0.022171217712177137,3.8767618749202453,700.0,0.9986387774315589,0.00010273876404494385,0.023037500000000002,2848,0,1,daily_factor_momentum,daily industry/factor,low_overlap_concentration,7,test,block,ridge_return_train_only,0.0
-0.0015991579121065528,-0.005890528655357745,0.0006300519574056083,0.016502534459759903,0.026038066095471206,5.246165207497242,700.0,0.9976838122704207,0.00041139072847682127,0.03324061810154525,2265,0,2,daily_factor_momentum,daily industry/factor,low_overlap_concentration,17,calibration,iid,constant_market_total,0.0
-0.0031981660036046787,-0.007340164974857835,-0.0004338068569237534,0.006294239036973344,0.008362676822633289,3.743741834768915,700.0,0.9983471338477842,7.015452538631345e-05,0.013065783664459159,2265,0,1,daily_factor_momentum,daily industry/factor,low_overlap_concentration,17,calibration,iid,constant_SMB,0.0
-0.004312437989954934,-0.014397212251308321,0.0014055386737300973,0.006602325581395349,0.008076062445793591,6.656312477552203,700.0,0.9970612306942375,-1.0154525386313429e-05,0.0170317880794702,2265,0,2,daily_factor_momentum,daily industry/factor,low_overlap_concentration,17,calibration,iid,constant_HML,0.0
-0.00023384877703703716,-0.0012130087113849048,0.0006562419791102634,0.003286206896551724,0.008528124999999998,3.7244679776299336,700.0,0.9983556432769846,0.00014984547461368655,0.008575717439293598,2265,0,1,daily_factor_momentum,daily industry/factor,low_overlap_concentration,17,calibration,iid,constant_RMW,0.0
-0.0008312801987169996,-0.004730772248947161,0.0005133956062749187,0.0034858573216520632,0.0077666666666666665,1.325195488862277,700.0,0.9994149247289791,7.682119205298012e-05,0.005985209713024283,2265,0,0,daily_factor_momentum,daily industry/factor,low_overlap_concentration,17,calibration,iid,constant_CMA,0.0
0.0006017095772660236,-0.004068100860207211,0.004787247025744812,0.015774611398963734,0.034269201520912604,3.8647498376242826,700.0,0.9982937086809606,-9.006622516556304e-06,0.02774150110375276,2265,0,1,daily_factor_momentum,daily industry/factor,low_overlap_concentration,17,calibration,iid,constant_momentum,0.0
-0.00023046663499775243,-0.0006497552031068447,0.00011399056592304646,0.0,0.0,5.089670714069488,700.0,0.9977529047620002,5.077262693156734e-05,0.0,2265,0,2,daily_factor_momentum,daily industry/factor,low_overlap_concentration,17,calibration,iid,constant_cash_RF,0.0
0.0001537329438317639,-0.00018036682512287164,0.0004823045394808843,0.02400044583147572,0.025988923626619132,2242.9999999998545,1.0086455331412103,0.009713024282624994,0.0001739514348785872,0.023893598233995585,2265,0,4,daily_factor_momentum,daily industry/factor,low_overlap_concentration,17,calibration,iid,momentum_12,0.0
-0.00023046663499775243,-0.0006497552031068447,0.00011399056592304646,0.0,0.0,5.089670714069488,700.0,0.9977529047620002,5.077262693156734e-05,0.0,2265,0,2,daily_factor_momentum,daily industry/factor,low_overlap_concentration,17,calibration,iid,low_vol_12,0.0
0.00020640001443202155,-4.085830662055561e-05,0.00047078188916542665,0.021028030303030295,0.02389329556185078,1056.0000000000407,1.0086455331412103,0.5337748344370681,0.0001938189845474614,0.015237748344370862,2265,0,4,daily_factor_momentum,daily industry/factor,low_overlap_concentration,17,calibration,iid,risk_adjusted_12,0.0
0.0009558668784748585,-0.003969684781685078,0.004556330783317558,0.009228634716069275,0.01901065989847716,4.26572380023924,700.0,0.9981166782338899,0.000174878587196468,0.02241280353200883,2265,0,1,daily_factor_momentum,daily industry/factor,low_overlap_concentration,17,calibration,iid,ridge_return_train_only,0.0
-0.0015991579121065528,-0.007782041810652913,0.0007089744278000227,0.016502534459759903,0.0255565947242206,5.246165207497242,700.0,0.9976838122704207,0.00041139072847682127,0.03324061810154525,2265,0,2,daily_factor_momentum,daily industry/factor,low_overlap_concentration,17,calibration,block,constant_market_total,0.0
-0.0031981660036046787,-0.00737217242871126,-0.0004432275268087474,0.006294239036973344,0.010719502074688794,3.743741834768915,700.0,0.9983471338477842,7.015452538631345e-05,0.013065783664459159,2265,0,1,daily_factor_momentum,daily industry/factor,low_overlap_concentration,17,calibration,block,constant_SMB,0.0
-0.004312437989954934,-0.015571793747369833,0.004368425587370249,0.006602325581395349,0.009664267990074445,6.656312477552203,700.0,0.9970612306942375,-1.0154525386313429e-05,0.0170317880794702,2265,0,2,daily_factor_momentum,daily industry/factor,low_overlap_concentration,17,calibration,block,constant_HML,0.0
-0.00023384877703703716,-0.0013039336648562167,0.0007540914778997894,0.003286206896551724,0.008484924623115573,3.7244679776299336,700.0,0.9983556432769846,0.00014984547461368655,0.008575717439293598,2265,0,1,daily_factor_momentum,daily industry/factor,low_overlap_concentration,17,calibration,block,constant_RMW,0.0
-0.0008312801987169996,-0.0034802251368422827,0.0005798767131716709,0.0034858573216520632,0.007715966386554622,1.325195488862277,700.0,0.9994149247289791,7.682119205298012e-05,0.005985209713024283,2265,0,0,daily_factor_momentum,daily industry/factor,low_overlap_concentration,17,calibration,block,constant_CMA,0.0
0.0006017095772660236,-0.004028202110821639,0.003696297448581357,0.015774611398963734,0.033673673036093456,3.8647498376242826,700.0,0.9982937086809606,-9.006622516556304e-06,0.02774150110375276,2265,0,1,daily_factor_momentum,daily industry/factor,low_overlap_concentration,17,calibration,block,constant_momentum,0.0
-0.00023046663499775243,-0.000599892837811309,7.334568466104377e-05,0.0,0.0,5.089670714069488,700.0,0.9977529047620002,5.077262693156734e-05,0.0,2265,0,2,daily_factor_momentum,daily industry/factor,low_overlap_concentration,17,calibration,block,constant_cash_RF,0.0
0.0001537329438317639,-0.00016941189004079574,0.0004642706338821349,0.02400044583147572,0.02835284697508906,2242.9999999998545,1.0086455331412103,0.009713024282624994,0.0001739514348785872,0.023893598233995585,2265,0,4,daily_factor_momentum,daily industry/factor,low_overlap_concentration,17,calibration,block,momentum_12,0.0
-0.00023046663499775243,-0.000599892837811309,7.334568466104377e-05,0.0,0.0,5.089670714069488,700.0,0.9977529047620002,5.077262693156734e-05,0.0,2265,0,2,daily_factor_momentum,daily industry/factor,low_overlap_concentration,17,calibration,block,low_vol_12,0.0
0.00020640001443202155,2.661999700804921e-05,0.0004294748044920524,0.021028030303030295,0.025845177664974586,1056.0000000000407,1.0086455331412103,0.5337748344370681,0.0001938189845474614,0.015237748344370862,2265,0,4,daily_factor_momentum,daily industry/factor,low_overlap_concentration,17,calibration,block,risk_adjusted_12,0.0
0.0009558668784748585,-0.003452569244450182,0.004368201748473031,0.009228634716069275,0.020942632066728452,4.26572380023924,700.0,0.9981166782338899,0.000174878587196468,0.02241280353200883,2265,0,1,daily_factor_momentum,daily industry/factor,low_overlap_concentration,17,calibration,block,ridge_return_train_only,0.0
-0.002278581140663362,-0.019522602140840253,0.014712724426151808,0.030674634937804212,0.030756873315363892,7.094913217664676,700.0,0.9975088085612133,0.0005706460674157303,0.027760112359550563,2848,0,2,daily_factor_momentum,daily industry/factor,low_overlap_concentration,17,test,iid,constant_market_total,0.0
0.000758550633378872,-0.002632727949953774,0.004617460880095671,0.004981611435997403,0.00989898063200815,4.916886974880149,700.0,0.9982735649666853,-7.784410112359552e-05,0.014024719101123597,2848,0,1,daily_factor_momentum,daily industry/factor,low_overlap_concentration,17,test,iid,constant_SMB,0.0
0.003021458152433772,-0.0011104988342871555,0.008231407015005585,0.010273056509522325,0.0170405550581916,5.324007989741313,700.0,0.9981306151721414,-3.0547752808988755e-05,0.019923314606741575,2848,0,2,daily_factor_momentum,daily industry/factor,low_overlap_concentration,17,test,iid,constant_HML,0.0
-0.007148781148062193,-0.016669606630437893,0.00034749162068131733,0.012683427282976324,0.012795928753180653,6.805755328472787,700.0,0.9976103387189351,0.00010066713483146068,0.011674859550561799,2848,0,2,daily_factor_momentum,daily industry/factor,low_overlap_concentration,17,test,iid,constant_RMW,0.0
1.7289399876033815e-05,-0.0008392969811611955,0.00048604985391611366,0.007492874692874695,0.023049999999999994,1.3753767467348825,700.0,0.9995170727715116,-4.93328651685393e-05,0.011041151685393259,2848,0,0,daily_factor_momentum,daily industry/factor,low_overlap_concentration,17,test,iid,constant_CMA,0.0
0.0014682091220648312,0.000738937199488295,0.0027508884955785825,0.019510526315789468,0.027772031662269107,4.322546674240145,700.0,0.99848225187,0.0001740168539325843,0.02775182584269663,2848,0,1,daily_factor_momentum,daily industry/factor,low_overlap_concentration,17,test,iid,constant_momentum,0.0
3.099358554971446e-05,-0.00024472096179487446,0.0002586145628306211,0.0,0.0,5.089670714069485,700.0,0.9982128965189363,8.072331460674158e-05,0.0,2848,0,2,daily_factor_momentum,daily industry/factor,low_overlap_concentration,17,test,iid,constant_cash_RF,0.0
0.00019857044199251278,-9.92679207237264e-05,0.0004978890914691316,0.02074923839886646,0.02207256011315431,2822.9999999996594,1.0086455331412103,0.008778089887760077,0.00021348314606741572,0.020687078651685394,2848,0,4,daily_factor_momentum,daily industry/factor,low_overlap_concentration,17,test,iid,momentum_12,0.0
3.099358554971446e-05,-0.00024472096179487446,0.0002586145628306211,0.0,0.0,5.089670714069485,700.0,0.9982128965189363,8.072331460674158e-05,0.0,2848,0,2,daily_factor_momentum,daily industry/factor,low_overlap_concentration,17,test,iid,low_vol_12,0.0
0.0002177339559424996,-2.24003892576589e-05,0.0004604653432966724,0.01386610025488531,0.021188591983555983,5.746834287800184,700.0,0.9979821508820926,0.00022521067415730343,0.013886657303370785,2848,0,2,daily_factor_momentum,daily industry/factor,low_overlap_concentration,17,test,iid,risk_adjusted_12,0.0
-0.00639353495026133,-0.016824551638261426,0.0007916625407623209,0.01337213734187613,0.013950340136054432,9.614736314372193,700.0,0.9966240392154592,6.246488764044944e-05,0.02340561797752809,2848,0,2,daily_factor_momentum,daily industry/factor,low_overlap_concentration,17,test,iid,ridge_return_train_only,0.0
-0.002278581140663362,-0.02955447785447055,0.010629144642615215,0.030674634937804212,0.030765432098765446,7.094913217664676,700.0,0.9975088085612133,0.0005706460674157303,0.027760112359550563,2848,0,2,daily_factor_momentum,daily industry/factor,low_overlap_concentration,17,test,block,constant_market_total,0.0
0.000758550633378872,-0.0027000402907694206,0.006404921748308706,0.004981611435997403,0.009693617021276591,4.916886974880149,700.0,0.9982735649666853,-7.784410112359552e-05,0.014024719101123597,2848,0,1,daily_factor_momentum,daily industry/factor,low_overlap_concentration,17,test,block,constant_SMB,0.0
0.003021458152433772,-0.0016051066070703448,0.008399970526719794,0.010273056509522325,0.01723520599250937,5.324007989741313,700.0,0.9981306151721414,-3.0547752808988755e-05,0.019923314606741575,2848,0,2,daily_factor_momentum,daily industry/factor,low_overlap_concentration,17,test,block,constant_HML,0.0
-0.007148781148062193,-0.01738627104730635,-0.0011726996742705176,0.012683427282976324,0.012755672823218996,6.805755328472787,700.0,0.9976103387189351,0.00010066713483146068,0.011674859550561799,2848,0,2,daily_factor_momentum,daily industry/factor,low_overlap_concentration,17,test,block,constant_RMW,0.0
1.7289399876033815e-05,-0.0009183810673993618,0.0005264902825193834,0.007492874692874695,0.022025806451612905,1.3753767467348825,700.0,0.9995170727715116,-4.93328651685393e-05,0.011041151685393259,2848,0,0,daily_factor_momentum,daily industry/factor,low_overlap_concentration,17,test,block,constant_CMA,0.0
0.0014682091220648312,0.0007840741981166063,0.0026231534455850233,0.019510526315789468,0.027507623318385657,4.322546674240145,700.0,0.99848225187,0.0001740168539325843,0.02775182584269663,2848,0,1,daily_factor_momentum,daily industry/factor,low_overlap_concentration,17,test,block,constant_momentum,0.0
3.099358554971446e-05,-0.00029375383880614797,0.00024792102155879556,0.0,0.0,5.089670714069485,700.0,0.9982128965189363,8.072331460674158e-05,0.0,2848,0,2,daily_factor_momentum,daily industry/factor,low_overlap_concentration,17,test,block,constant_cash_RF,0.0
0.00019857044199251278,-0.0001074488425933052,0.0005482624579634621,0.02074923839886646,0.022670088495575336,2822.9999999996594,1.0086455331412103,0.008778089887760077,0.00021348314606741572,0.020687078651685394,2848,0,4,daily_factor_momentum,daily industry/factor,low_overlap_concentration,17,test,block,momentum_12,0.0
3.099358554971446e-05,-0.00029375383880614797,0.00024792102155879556,0.0,0.0,5.089670714069485,700.0,0.9982128965189363,8.072331460674158e-05,0.0,2848,0,2,daily_factor_momentum,daily industry/factor,low_overlap_concentration,17,test,block,low_vol_12,0.0
0.0002177339559424996,-6.487312046590984e-05,0.00047019048103228865,0.01386610025488531,0.021150557620817825,5.746834287800184,700.0,0.9979821508820926,0.00022521067415730343,0.013886657303370785,2848,0,2,daily_factor_momentum,daily industry/factor,low_overlap_concentration,17,test,block,risk_adjusted_12,0.0
-0.00639353495026133,-0.016649384639333183,0.0005711343991342139,0.01337213734187613,0.014143664815749626,9.614736314372193,700.0,0.9966240392154592,6.246488764044944e-05,0.02340561797752809,2848,0,2,daily_factor_momentum,daily industry/factor,low_overlap_concentration,17,test,block,ridge_return_train_only,0.0
-0.00045212827788376764,-0.0025023349847378695,0.0007338738011482037,0.01650541259982255,0.026118867924528288,5.269490467132238,700.0,0.9976735141425465,0.00041139072847682127,0.03324061810154525,2265,0,2,daily_factor_momentum,daily industry/factor,low_overlap_concentration,27,calibration,iid,constant_market_total,0.0
-0.00189269228601747,-0.005914945374010283,0.0008682409720997395,0.010653052450558897,0.010987394957983202,3.743741834768892,700.0,0.9983471338477842,7.015452538631345e-05,0.013065783664459159,2265,0,1,daily_factor_momentum,daily industry/factor,low_overlap_concentration,27,calibration,iid,constant_SMB,0.0
-0.002047008247857015,-0.008759556215408673,0.0016119849350136645,0.007124616410940629,0.012243171806167394,4.66481347501457,700.0,0.9979404797019803,-1.0154525386313429e-05,0.0170317880794702,2265,0,1,daily_factor_momentum,daily industry/factor,low_overlap_concentration,27,calibration,iid,constant_HML,0.0
0.00019832770117483902,-0.0054403050202975175,0.006107417321778867,0.005757090239410681,0.011508695652173908,2.7541309769561995,700.0,0.9987840481337942,0.00014984547461368655,0.008575717439293598,2265,0,1,daily_factor_momentum,daily industry/factor,low_overlap_concentration,27,calibration,iid,constant_RMW,0.0
-0.0010520629237130161,-0.003566908845957957,0.0004993875945728826,0.00287434842249657,0.006189473684210526,3.3099833703918247,700.0,0.9985386386885687,7.682119205298012e-05,0.005985209713024283,2265,0,1,daily_factor_momentum,daily industry/factor,low_overlap_concentration,27,calibration,iid,constant_CMA,0.0
-2.5701694763845227e-06,-0.0038860624137142964,0.004001175717883585,0.012908705612829332,0.02472046204620465,4.7453628467356,700.0,0.9979049170654589,-9.006622516556304e-06,0.02774150110375276,2265,0,1,daily_factor_momentum,daily industry/factor,low_overlap_concentration,27,calibration,iid,constant_momentum,0.0
0.0002451736312422666,0.00015253652924024502,0.0002939474320598053,0.0,0.0,1.0942724033981923,700.0,0.9995168775260935,5.077262693156734e-05,0.0,2265,0,0,daily_factor_momentum,daily industry/factor,low_overlap_concentration,27,calibration,iid,constant_cash_RF,0.0
0.00016724066933391677,-0.0001591931592643929,0.00048464605326166394,0.023980863373386757,0.02677688869021021,2246.9999999998536,1.0086455331412103,0.007947019867614369,0.0001739514348785872,0.023893598233995585,2265,0,4,daily_factor_momentum,daily industry/factor,low_overlap_concentration,27,calibration,iid,momentum_12,0.0
0.0002451736312422666,0.00015253652924024502,0.0002939474320598053,0.0,0.0,1.0942724033981923,700.0,0.9995168775260935,5.077262693156734e-05,0.0,2265,0,0,daily_factor_momentum,daily industry/factor,low_overlap_concentration,27,calibration,iid,low_vol_12,0.0
0.0014252649679137727,-0.0016296575451218525,0.007529234915957921,0.013962805872756945,0.02116679389312975,6.23465680011926,700.0,0.9972473921412277,0.0001938189845474614,0.015237748344370862,2265,0,2,daily_factor_momentum,daily industry/factor,low_overlap_concentration,27,calibration,iid,risk_adjusted_12,0.0
0.0020848410822460303,-0.0035534680426421265,0.008067828292166795,0.01068876404494382,0.024252380952380966,3.2878679705789327,700.0,0.9985484026619961,0.00035682119205298013,0.02060971302428256,2265,0,1,daily_factor_momentum,daily industry/factor,low_overlap_concentration,27,calibration,iid,ridge_return_train_only,0.0
-0.00045212827788376764,-0.0026841119759339928,0.0006355804385389229,0.01650541259982255,0.02598564920273347,5.269490467132238,700.0,0.9976735141425465,0.00041139072847682127,0.03324061810154525,2265,0,2,daily_factor_momentum,daily industry/factor,low_overlap_concentration,27,calibration,block,constant_market_total,0.0
-0.00189269228601747,-0.005087235071103491,-7.807368778569622e-06,0.010653052450558897,0.010866843033509698,3.743741834768892,700.0,0.9983471338477842,7.015452538631345e-05,0.013065783664459159,2265,0,1,daily_factor_momentum,daily industry/factor,low_overlap_concentration,27,calibration,block,constant_SMB,0.0
-0.002047008247857015,-0.006879738592450397,0.001559629407623231,0.007124616410940629,0.012995945140131185,4.66481347501457,700.0,0.9979404797019803,-1.0154525386313429e-05,0.0170317880794702,2265,0,1,daily_factor_momentum,daily industry/factor,low_overlap_concentration,27,calibration,block,constant_HML,0.0
0.00019832770117483902,-0.005384078679247546,0.005899507894909621,0.005757090239410681,0.01083148148148148,2.7541309769561995,700.0,0.9987840481337942,0.00014984547461368655,0.008575717439293598,2265,0,1,daily_factor_momentum,daily industry/factor,low_overlap_concentration,27,calibration,block,constant_RMW,0.0
-0.0010520629237130161,-0.004272888178579213,0.0005455481203437418,0.00287434842249657,0.006088888888888889,3.3099833703918247,700.0,0.9985386386885687,7.682119205298012e-05,0.005985209713024283,2265,0,1,daily_factor_momentum,daily industry/factor,low_overlap_concentration,27,calibration,block,constant_CMA,0.0
-2.5701694763845227e-06,-0.003955714702197298,0.004894982647209218,0.012908705612829332,0.02469284525790354,4.7453628467356,700.0,0.9979049170654589,-9.006622516556304e-06,0.02774150110375276,2265,0,1,daily_factor_momentum,daily industry/factor,low_overlap_concentration,27,calibration,block,constant_momentum,0.0
0.0002451736312422666,0.0001365649217942398,0.0003076594090664168,0.0,0.0,1.0942724033981923,700.0,0.9995168775260935,5.077262693156734e-05,0.0,2265,0,0,daily_factor_momentum,daily industry/factor,low_overlap_concentration,27,calibration,block,constant_cash_RF,0.0
0.00016724066933391677,-0.0001627109242521503,0.0005031428175521114,0.023980863373386757,0.027735796972395466,2246.9999999998536,1.0086455331412103,0.007947019867614369,0.0001739514348785872,0.023893598233995585,2265,0,4,daily_factor_momentum,daily industry/factor,low_overlap_concentration,27,calibration,block,momentum_12,0.0
0.0002451736312422666,0.0001365649217942398,0.0003076594090664168,0.0,0.0,1.0942724033981923,700.0,0.9995168775260935,5.077262693156734e-05,0.0,2265,0,0,daily_factor_momentum,daily industry/factor,low_overlap_concentration,27,calibration,block,low_vol_12,0.0
0.0014252649679137727,-0.0015802980957412727,0.006323177439852353,0.013962805872756945,0.02260068819481218,6.23465680011926,700.0,0.9972473921412277,0.0001938189845474614,0.015237748344370862,2265,0,2,daily_factor_momentum,daily industry/factor,low_overlap_concentration,27,calibration,block,risk_adjusted_12,0.0
0.0020848410822460303,-0.0034580342899500965,0.007851535377201317,0.01068876404494382,0.02649346733668341,3.2878679705789327,700.0,0.9985484026619961,0.00035682119205298013,0.02060971302428256,2265,0,1,daily_factor_momentum,daily industry/factor,low_overlap_concentration,27,calibration,block,ridge_return_train_only,0.0
0.0021704808427558484,0.0006159152458651653,0.005010646775483889,0.014915880893300251,0.019452155172413776,5.3849807482685454,700.0,0.9981092061979394,0.0005706460674157303,0.027760112359550563,2848,0,2,daily_factor_momentum,daily industry/factor,low_overlap_concentration,27,test,iid,constant_market_total,0.0
9.347562523857365e-05,-0.0016733260188457253,0.0021853826063087866,0.007476554174067497,0.01439081272084805,2.960565520204494,700.0,0.9989604755898158,-7.784410112359552e-05,0.014024719101123597,2848,0,1,daily_factor_momentum,daily industry/factor,low_overlap_concentration,27,test,iid,constant_SMB,0.0
-0.008785137497546988,-0.01934491605078844,-0.0014050536706393178,0.016056429463171033,0.017965850945495007,5.327330132456526,700.0,0.9981294486894464,-3.0547752808988755e-05,0.019923314606741575,2848,0,2,daily_factor_momentum,daily industry/factor,low_overlap_concentration,27,test,iid,constant_HML,0.0
0.0044199596305769355,6.533319356646271e-05,0.012203292623772477,0.006380722891566267,0.013979569892473119,2.8598590204494863,700.0,0.9989958360181006,0.00010066713483146068,0.011674859550561799,2848,0,1,daily_factor_momentum,daily industry/factor,low_overlap_concentration,27,test,iid,constant_RMW,0.0
0.0026268934556044695,-0.0003509433841086067,0.008002728793664574,0.0031025682932523933,0.004334728894989708,6.3475784057426825,700.0,0.9977712154474219,-4.93328651685393e-05,0.011041151685393259,2848,0,2,daily_factor_momentum,daily industry/factor,low_overlap_concentration,27,test,iid,constant_CMA,0.0
-0.004416719907706431,-0.017485954363952824,0.004185303009309872,0.02194943181818182,0.022837231419513913,7.406668675854079,700.0,0.9973993438638152,0.0001740168539325843,0.02775182584269663,2848,0,2,daily_factor_momentum,daily industry/factor,low_overlap_concentration,27,test,iid,constant_momentum,0.0
0.00020434146215374293,-0.00014322292510547555,0.00041784378879832434,0.0,0.0,3.095783841693187,700.0,0.9989129972465965,8.072331460674158e-05,0.0,2848,0,1,daily_factor_momentum,daily industry/factor,low_overlap_concentration,27,test,iid,constant_cash_RF,0.0
0.0002202390510669618,-0.00011792766925864191,0.0005814134081759603,0.02070725663716815,0.02210990099009914,2824.999999999659,1.0086455331412103,0.008075842696748992,0.00021348314606741572,0.020687078651685394,2848,0,4,daily_factor_momentum,daily industry/factor,low_overlap_concentration,27,test,iid,momentum_12,0.0
0.00020434146215374293,-0.00014322292510547555,0.00041784378879832434,0.0,0.0,3.095783841693187,700.0,0.9989129972465965,8.072331460674158e-05,0.0,2848,0,1,daily_factor_momentum,daily industry/factor,low_overlap_concentration,27,test,iid,low_vol_12,0.0
-0.0012556609604237115,-0.00449236845300112,0.0005061137471433149,0.012244081098757364,0.01842182140745124,6.4675755454793515,700.0,0.9977290816202671,0.00022521067415730343,0.013886657303370785,2848,0,2,daily_factor_momentum,daily industry/factor,low_overlap_concentration,27,test,iid,risk_adjusted_12,0.0
0.0035990388137571755,-0.005995503408229021,0.013722508122598008,0.013283263094521372,0.016926761678543175,5.726605399851505,700.0,0.9979892537219622,9.947331460674155e-05,0.0228564606741573,2848,0,2,daily_factor_momentum,daily industry/factor,low_overlap_concentration,27,test,iid,ridge_return_train_only,0.0
0.0021704808427558484,0.0006552231409937369,0.005057333921899849,0.014915880893300251,0.019595925494761322,5.3849807482685454,700.0,0.9981092061979394,0.0005706460674157303,0.027760112359550563,2848,0,2,daily_factor_momentum,daily industry/factor,low_overlap_concentration,27,test,block,constant_market_total,0.0
9.347562523857365e-05,-0.0015584358059689521,0.0018333483317249193,0.007476554174067497,0.01498175182481752,2.960565520204494,700.0,0.9989604755898158,-7.784410112359552e-05,0.014024719101123597,2848,0,1,daily_factor_momentum,daily industry/factor,low_overlap_concentration,27,test,block,constant_SMB,0.0
-0.008785137497546988,-0.017932693177182515,-0.00111587587075749,0.016056429463171033,0.019147933884297516,5.327330132456526,700.0,0.9981294486894464,-3.0547752808988755e-05,0.019923314606741575,2848,0,2,daily_factor_momentum,daily industry/factor,low_overlap_concentration,27,test,block,constant_HML,0.0
0.0044199596305769355,0.00019772707123984987,0.012235166180372863,0.006380722891566267,0.012857471264367811,2.8598590204494863,700.0,0.9989958360181006,0.00010066713483146068,0.011674859550561799,2848,0,1,daily_factor_momentum,daily industry/factor,low_overlap_concentration,27,test,block,constant_RMW,0.0
0.0026268934556044695,-8.740496002737157e-05,0.00635773156968675,0.0031025682932523933,0.00434029237094564,6.3475784057426825,700.0,0.9977712154474219,-4.93328651685393e-05,0.011041151685393259,2848,0,2,daily_factor_momentum,daily industry/factor,low_overlap_concentration,27,test,block,constant_CMA,0.0
-0.004416719907706431,-0.017633816506559593,0.006147000914731115,0.02194943181818182,0.022626467757459103,7.406668675854079,700.0,0.9973993438638152,0.0001740168539325843,0.02775182584269663,2848,0,2,daily_factor_momentum,daily industry/factor,low_overlap_concentration,27,test,block,constant_momentum,0.0
0.00020434146215374293,-0.000155803430231607,0.0004149360490969989,0.0,0.0,3.095783841693187,700.0,0.9989129972465965,8.072331460674158e-05,0.0,2848,0,1,daily_factor_momentum,daily industry/factor,low_overlap_concentration,27,test,block,constant_cash_RF,0.0
0.0002202390510669618,-3.670464025913389e-05,0.0005068931538662021,0.02070725663716815,0.02258616908383456,2824.999999999659,1.0086455331412103,0.008075842696748992,0.00021348314606741572,0.020687078651685394,2848,0,4,daily_factor_momentum,daily industry/factor,low_overlap_concentration,27,test,block,momentum_12,0.0
0.00020434146215374293,-0.000155803430231607,0.0004149360490969989,0.0,0.0,3.095783841693187,700.0,0.9989129972465965,8.072331460674158e-05,0.0,2848,0,1,daily_factor_momentum,daily industry/factor,low_overlap_concentration,27,test,block,low_vol_12,0.0
-0.0012556609604237115,-0.004562962757727099,0.0005354905255804301,0.012244081098757364,0.017829350649350664,6.4675755454793515,700.0,0.9977290816202671,0.00022521067415730343,0.013886657303370785,2848,0,2,daily_factor_momentum,daily industry/factor,low_overlap_concentration,27,test,block,risk_adjusted_12,0.0
0.0035990388137571755,-0.0048242594392547,0.01198354269732798,0.013283263094521372,0.015399999999999997,5.726605399851505,700.0,0.9979892537219622,9.947331460674155e-05,0.0228564606741573,2848,0,2,daily_factor_momentum,daily industry/factor,low_overlap_concentration,27,test,block,ridge_return_train_only,0.0
0.000404832413052802,-0.0011307538831192548,0.0013874108008009288,0.023847345612134363,0.04988051948051953,1.7532217104802896,1399.9999999999998,0.9992259506796997,0.00041139072847682127,0.03324061810154525,2265,0,0,daily_factor_momentum,daily industry/factor,adversarial_support_mismatch,7,calibration,iid,constant_market_total,0.0
-1.2838272231503043e-05,-0.0001478800306802406,9.583773787049131e-05,0.011871508379888268,0.013705479452054806,357.99999999999636,1.0043041606886653,0.8419426048565137,7.015452538631345e-05,0.013065783664459159,2265,0,4,daily_factor_momentum,daily industry/factor,adversarial_support_mismatch,7,calibration,iid,constant_SMB,0.0
0.009324779085293042,-0.0006356598577543756,0.02775696149028101,0.004993090452261309,0.015327423822714695,2.6082326438664825,1399.9999999999998,0.9988484624088889,-1.0154525386313429e-05,0.0170317880794702,2265,0,1,daily_factor_momentum,daily industry/factor,adversarial_support_mismatch,7,calibration,iid,constant_HML,0.0
0.00015931653641788296,-0.0002501089873481741,0.0009227576283626284,0.003443352601156064,0.006061445783132531,1.5398966439113373,1399.9999999999995,0.999320133932048,0.00014984547461368655,0.008575717439293598,2265,0,0,daily_factor_momentum,daily industry/factor,adversarial_support_mismatch,7,calibration,iid,constant_RMW,0.0
0.00802650067528622,0.0005840226388648447,0.019029133018151873,-0.0007087850793097455,0.0018512966476913345,4.234237026259134,1399.9999999999998,0.9981305796793558,7.682119205298012e-05,0.005985209713024283,2265,0,1,daily_factor_momentum,daily industry/factor,adversarial_support_mismatch,7,calibration,iid,constant_CMA,0.0
-0.00016081821128136693,-0.0015468937519928653,0.002014431767939347,0.022530208333333333,0.04508661710037181,1.8965284844543933,1399.9999999999998,0.9991626805808148,-9.006622516556304e-06,0.02774150110375276,2265,0,0,daily_factor_momentum,daily industry/factor,adversarial_support_mismatch,7,calibration,iid,constant_momentum,0.0
-0.00010160030255471096,-0.0004867686347737199,0.00015655835880275056,0.0,0.0,2.036015723156355,1399.9999999999995,0.9991010968109685,5.077262693156734e-05,0.0,2265,0,1,daily_factor_momentum,daily industry/factor,adversarial_support_mismatch,7,calibration,iid,constant_cash_RF,0.0
-0.0007743703339418394,-0.002187165006921353,-5.928586367437347e-05,-0.0018,inf,1.0,1399.9999999999998,0.9995584988962473,0.0001739514348785872,0.023893598233995585,2265,66,0,daily_factor_momentum,daily industry/factor,adversarial_support_mismatch,7,calibration,iid,momentum_12,0.0
-0.00010160030255471096,-0.0004867686347737199,0.00015655835880275056,0.0,0.0,2.036015723156355,1399.9999999999995,0.9991010968109685,5.077262693156734e-05,0.0,2265,0,1,daily_factor_momentum,daily industry/factor,adversarial_support_mismatch,7,calibration,iid,low_vol_12,0.0
-0.0007610993308377153,-0.002535857272175254,0.0001316252171980005,-0.0001,inf,1.9999999999999998,1399.9999999999998,0.9991169977924945,0.0001938189845474614,0.015237748344370862,2265,24,0,daily_factor_momentum,daily industry/factor,adversarial_support_mismatch,7,calibration,iid,risk_adjusted_12,0.0
0.0015511425454731859,-0.0005691682796568905,0.0040357895120346115,0.006924650233177881,0.036061290322580666,3.4780288399937715,1399.9999999999998,0.9984644464282588,0.0003736423841059603,0.025509933774834435,2265,0,1,daily_factor_momentum,daily industry/factor,adversarial_support_mismatch,7,calibration,iid,ridge_return_train_only,0.0
0.000404832413052802,-0.0011187906114784073,0.0013160827955942046,0.023847345612134363,0.052789908256880784,1.7532217104802896,1399.9999999999998,0.9992259506796997,0.00041139072847682127,0.03324061810154525,2265,0,0,daily_factor_momentum,daily industry/factor,adversarial_support_mismatch,7,calibration,block,constant_market_total,0.0
-1.2838272231503043e-05,-0.00011800231806100683,9.979584716615972e-05,0.011871508379888268,0.013779487179487194,357.99999999999636,1.0043041606886653,0.8419426048565137,7.015452538631345e-05,0.013065783664459159,2265,0,4,daily_factor_momentum,daily industry/factor,adversarial_support_mismatch,7,calibration,block,constant_SMB,0.0
0.009324779085293042,-0.000661570108519561,0.02639150408864812,0.004993090452261309,0.016839798488665,2.6082326438664825,1399.9999999999998,0.9988484624088889,-1.0154525386313429e-05,0.0170317880794702,2265,0,1,daily_factor_momentum,daily industry/factor,adversarial_support_mismatch,7,calibration,block,constant_HML,0.0
0.00015931653641788296,-0.0002916758687043789,0.0009545416455894827,0.003443352601156064,0.00594600638977636,1.5398966439113373,1399.9999999999995,0.999320133932048,0.00014984547461368655,0.008575717439293598,2265,0,0,daily_factor_momentum,daily industry/factor,adversarial_support_mismatch,7,calibration,block,constant_RMW,0.0
0.00802650067528622,0.000610230749092716,0.016386059552766886,-0.0007087850793097455,0.001717940619077701,4.234237026259134,1399.9999999999998,0.9981305796793558,7.682119205298012e-05,0.005985209713024283,2265,0,1,daily_factor_momentum,daily industry/factor,adversarial_support_mismatch,7,calibration,block,constant_CMA,0.0
-0.00016081821128136693,-0.0015796395385904486,0.002066536214010997,0.022530208333333333,0.047901372212693014,1.8965284844543933,1399.9999999999998,0.9991626805808148,-9.006622516556304e-06,0.02774150110375276,2265,0,0,daily_factor_momentum,daily industry/factor,adversarial_support_mismatch,7,calibration,block,constant_momentum,0.0
-0.00010160030255471096,-0.0004793956251359521,0.00016173612443039914,0.0,0.0,2.036015723156355,1399.9999999999995,0.9991010968109685,5.077262693156734e-05,0.0,2265,0,1,daily_factor_momentum,daily industry/factor,adversarial_support_mismatch,7,calibration,block,constant_cash_RF,0.0
-0.0007743703339418394,-0.0021346625767588437,-2.0650879750919853e-06,-0.0018,inf,1.0,1399.9999999999998,0.9995584988962473,0.0001739514348785872,0.023893598233995585,2265,70,0,daily_factor_momentum,daily industry/factor,adversarial_support_mismatch,7,calibration,block,momentum_12,0.0
-0.00010160030255471096,-0.0004793956251359521,0.00016173612443039914,0.0,0.0,2.036015723156355,1399.9999999999995,0.9991010968109685,5.077262693156734e-05,0.0,2265,0,1,daily_factor_momentum,daily industry/factor,adversarial_support_mismatch,7,calibration,block,low_vol_12,0.0
-0.0007610993308377153,-0.0021806001713811024,0.00012928480374485883,-0.0001,inf,1.9999999999999998,1399.9999999999998,0.9991169977924945,0.0001938189845474614,0.015237748344370862,2265,24,0,daily_factor_momentum,daily industry/factor,adversarial_support_mismatch,7,calibration,block,risk_adjusted_12,0.0
0.0015511425454731859,-0.0005716027762326917,0.003932672330357236,0.006924650233177881,0.029659238521836512,3.4780288399937715,1399.9999999999998,0.9984644464282588,0.0003736423841059603,0.025509933774834435,2265,0,1,daily_factor_momentum,daily industry/factor,adversarial_support_mismatch,7,calibration,block,ridge_return_train_only,0.0
0.0002762823972946308,-2.6166359274106836e-05,0.0005392561228063648,0.04568333333333333,0.05448698224852076,479.9999999999946,1.0043041606886653,0.8314606741573053,0.0005706460674157303,0.027760112359550563,2848,0,4,daily_factor_momentum,daily industry/factor,adversarial_support_mismatch,7,test,iid,constant_market_total,0.0
0.0009863731356349094,-0.0007930750961199635,0.004437801084956571,0.008566596194503182,0.012735714285714291,1.8416429408551147,1399.9999999999998,0.9993533557089694,-7.784410112359552e-05,0.014024719101123597,2848,0,0,daily_factor_momentum,daily industry/factor,adversarial_support_mismatch,7,test,iid,constant_SMB,0.0
-0.0011011346496469351,-0.0074966657515866154,0.004422180804414831,0.008764636657840547,0.018819528619528635,2.972203320587748,1399.9999999999998,0.9989563892835015,-3.0547752808988755e-05,0.019923314606741575,2848,0,1,daily_factor_momentum,daily industry/factor,adversarial_support_mismatch,7,test,iid,constant_HML,0.0
0.010338108415746027,3.6575957080516e-05,0.021577567799566162,0.002387125220458549,0.006432075471698113,3.5291727600838336,1399.9999999999998,0.9987608241713188,0.00010066713483146068,0.011674859550561799,2848,0,1,daily_factor_momentum,daily industry/factor,adversarial_support_mismatch,7,test,iid,constant_RMW,0.0
-0.007574071455524011,-0.015746325316296505,0.0009980413173556356,0.006770295382055194,0.006921055025011371,5.3516125948021305,1399.9999999999998,0.9981209225439599,-4.93328651685393e-05,0.011041151685393259,2848,0,2,daily_factor_momentum,daily industry/factor,adversarial_support_mismatch,7,test,iid,constant_CMA,0.0
0.01880541478185405,-0.0007722406315944651,0.04901958723619114,0.015212037580739883,0.03433812709030104,2.984452636805446,1399.9999999999998,0.9989520882595486,0.0001740168539325843,0.02775182584269663,2848,0,1,daily_factor_momentum,daily industry/factor,adversarial_support_mismatch,7,test,iid,constant_momentum,0.0
6.216582296985452e-05,-6.561486117685349e-05,0.0001528896111768662,0.0,0.0,2.044707285701312,1399.9999999999995,0.999282055026088,8.072331460674158e-05,0.0,2848,0,1,daily_factor_momentum,daily industry/factor,adversarial_support_mismatch,7,test,iid,constant_cash_RF,0.0
0.016397126136433644,-0.00032938273441747337,0.04807412798128967,-0.0013,inf,2.0,1399.9999999999998,0.9992977528089888,0.00021348314606741572,0.020687078651685394,2848,24,1,daily_factor_momentum,daily industry/factor,adversarial_support_mismatch,7,test,iid,momentum_12,0.0
6.216582296985452e-05,-6.561486117685349e-05,0.0001528896111768662,0.0,0.0,2.044707285701312,1399.9999999999995,0.999282055026088,8.072331460674158e-05,0.0,2848,0,1,daily_factor_momentum,daily industry/factor,adversarial_support_mismatch,7,test,iid,low_vol_12,0.0
0.01675756977540607,2.1315376837323338e-05,0.048471708459613586,-0.0001,-0.0001,3.0172351330767153,1399.9999999999998,0.9989405775515883,0.00022521067415730343,0.013886657303370785,2848,0,1,daily_factor_momentum,daily industry/factor,adversarial_support_mismatch,7,test,iid,risk_adjusted_12,0.0
0.0036971249861091253,-0.006276445323451118,0.015672210501810783,0.008495581087052588,0.02823790087463559,3.513635212859181,1399.9999999999995,0.9987662797707657,0.00024403089887640447,0.020746629213483147,2848,0,1,daily_factor_momentum,daily industry/factor,adversarial_support_mismatch,7,test,iid,ridge_return_train_only,0.0
0.0002762823972946308,-2.2435950362541495e-06,0.000540917037170134,0.04568333333333333,0.0609342007434945,479.9999999999946,1.0043041606886653,0.8314606741573053,0.0005706460674157303,0.027760112359550563,2848,0,4,daily_factor_momentum,daily industry/factor,adversarial_support_mismatch,7,test,block,constant_market_total,0.0
0.0009863731356349094,-0.0008612862976870145,0.0060202134821415645,0.008566596194503182,0.012952000000000009,1.8416429408551147,1399.9999999999998,0.9993533557089694,-7.784410112359552e-05,0.014024719101123597,2848,0,0,daily_factor_momentum,daily industry/factor,adversarial_support_mismatch,7,test,block,constant_SMB,0.0
-0.0011011346496469351,-0.007323840750768437,0.0036922901076975297,0.008764636657840547,0.01859813084112151,2.972203320587748,1399.9999999999998,0.9989563892835015,-3.0547752808988755e-05,0.019923314606741575,2848,0,1,daily_factor_momentum,daily industry/factor,adversarial_support_mismatch,7,test,block,constant_HML,0.0
0.010338108415746027,4.5311146550699155e-05,0.021230281468168837,0.002387125220458549,0.009723659305993695,3.5291727600838336,1399.9999999999998,0.9987608241713188,0.00010066713483146068,0.011674859550561799,2848,0,1,daily_factor_momentum,daily industry/factor,adversarial_support_mismatch,7,test,block,constant_RMW,0.0
-0.007574071455524011,-0.02446937448791923,0.0018503004592103976,0.006770295382055194,0.0069984547461368635,5.3516125948021305,1399.9999999999998,0.9981209225439599,-4.93328651685393e-05,0.011041151685393259,2848,0,2,daily_factor_momentum,daily industry/factor,adversarial_support_mismatch,7,test,block,constant_CMA,0.0
0.01880541478185405,-0.000745681314188751,0.0491821631560461,0.015212037580739883,0.03174563552833081,2.984452636805446,1399.9999999999998,0.9989520882595486,0.0001740168539325843,0.02775182584269663,2848,0,1,daily_factor_momentum,daily industry/factor,adversarial_support_mismatch,7,test,block,constant_momentum,0.0
6.216582296985452e-05,-8.96428188119094e-05,0.00015743105853833299,0.0,0.0,2.044707285701312,1399.9999999999995,0.999282055026088,8.072331460674158e-05,0.0,2848,0,1,daily_factor_momentum,daily industry/factor,adversarial_support_mismatch,7,test,block,constant_cash_RF,0.0
0.016397126136433644,-0.00034912002545979976,0.04651364665082832,-0.0013,inf,2.0,1399.9999999999998,0.9992977528089888,0.00021348314606741572,0.020687078651685394,2848,27,1,daily_factor_momentum,daily industry/factor,adversarial_support_mismatch,7,test,block,momentum_12,0.0
6.216582296985452e-05,-8.96428188119094e-05,0.00015743105853833299,0.0,0.0,2.044707285701312,1399.9999999999995,0.999282055026088,8.072331460674158e-05,0.0,2848,0,1,daily_factor_momentum,daily industry/factor,adversarial_support_mismatch,7,test,block,low_vol_12,0.0
0.01675756977540607,-2.5870795632100683e-06,0.046813700078894405,-0.0001,-0.0001,3.0172351330767153,1399.9999999999998,0.9989405775515883,0.00022521067415730343,0.013886657303370785,2848,0,1,daily_factor_momentum,daily industry/factor,adversarial_support_mismatch,7,test,block,risk_adjusted_12,0.0
0.0036971249861091253,-0.006150539050613398,0.01615125975824892,0.008495581087052588,0.02892638436482087,3.513635212859181,1399.9999999999995,0.9987662797707657,0.00024403089887640447,0.020746629213483147,2848,0,1,daily_factor_momentum,daily industry/factor,adversarial_support_mismatch,7,test,block,ridge_return_train_only,0.0
0.0010819023835538242,0.000721353969204186,0.0015026190959249737,0.04804385964912281,0.055509976798143894,455.999999999995,1.0043041606886653,0.7986754966887439,0.00041139072847682127,0.03324061810154525,2265,0,4,daily_factor_momentum,daily industry/factor,adversarial_support_mismatch,17,calibration,iid,constant_market_total,0.0
0.0005478539841447185,-0.007284428202854126,0.011175818044379919,0.004469530733641776,0.008153643144004588,3.533840703319771,1399.9999999999998,0.9984398054289979,7.015452538631345e-05,0.013065783664459159,2265,0,1,daily_factor_momentum,daily industry/factor,adversarial_support_mismatch,17,calibration,iid,constant_SMB,0.0
0.006959128888747569,-0.0006563345939857004,0.022042248226293706,0.007224776785714285,0.017064450127877252,1.6521958352241408,1399.9999999999998,0.9992705537151328,-1.0154525386313429e-05,0.0170317880794702,2265,0,0,daily_factor_momentum,daily industry/factor,adversarial_support_mismatch,17,calibration,iid,constant_HML,0.0
-0.0001555226654721886,-0.0002137117768274672,-0.00011272561499949477,0.005656716417910448,0.006311078717201169,334.99999999999625,1.0043041606886656,0.8520971302428273,0.00014984547461368655,0.008575717439293598,2265,0,4,daily_factor_momentum,daily industry/factor,adversarial_support_mismatch,17,calibration,iid,constant_RMW,0.0
0.00022249586903469687,9.190987742314787e-05,0.00038443568805500655,0.0016624678663239073,0.004206521739130435,1.2458261251683922,1399.9999999999998,0.9994499663906541,7.682119205298012e-05,0.005985209713024283,2265,0,0,daily_factor_momentum,daily industry/factor,adversarial_support_mismatch,17,calibration,iid,constant_CMA,0.0
-0.0012010113692457452,-0.0015144691195237477,-0.0008981907331331686,0.022536529442417932,0.04498185255198493,1.8945544231003688,1399.9999999999995,0.9991635521310815,-9.006622516556304e-06,0.02774150110375276,2265,0,0,daily_factor_momentum,daily industry/factor,adversarial_support_mismatch,17,calibration,iid,constant_momentum,0.0
0.00017212661353029258,0.00010802646146738797,0.0003533006225730611,-0.00012952783650458096,0.0,1.036176303646295,1399.9999999999998,0.9995425270182577,5.077262693156734e-05,0.0,2265,0,0,daily_factor_momentum,daily industry/factor,adversarial_support_mismatch,17,calibration,iid,constant_cash_RF,0.0
-5.69033730054023e-05,-0.0001604327362218963,4.005934290592994e-05,,inf,0.0,0.0,1.0,0.0001739514348785872,0.023893598233995585,2265,200,0,daily_factor_momentum,daily industry/factor,adversarial_support_mismatch,17,calibration,iid,momentum_12,0.0
0.00017212661353029258,0.00010802646146738797,0.0003533006225730611,-0.00012952783650458096,0.0,1.036176303646295,1399.9999999999998,0.9995425270182577,5.077262693156734e-05,0.0,2265,0,0,daily_factor_momentum,daily industry/factor,adversarial_support_mismatch,17,calibration,iid,low_vol_12,0.0
0.00018486809160303826,7.538027854928883e-05,0.000366513176562121,-0.0002,inf,1.0,1399.9999999999998,0.9995584988962473,0.0001938189845474614,0.015237748344370862,2265,78,0,daily_factor_momentum,daily industry/factor,adversarial_support_mismatch,17,calibration,iid,risk_adjusted_12,0.0
0.003533784385487615,-0.004992994023706613,0.01402362707003015,0.010372093023255813,0.051685350318471386,2.4661071632559732,1399.9999999999998,0.9989112109654499,0.0003274172185430464,0.025279028697571742,2265,0,1,daily_factor_momentum,daily industry/factor,adversarial_support_mismatch,17,calibration,iid,ridge_return_train_only,0.0
0.0010819023835538242,0.0007739586707335014,0.0013763700990754104,0.04804385964912281,0.058642857142857184,455.999999999995,1.0043041606886653,0.7986754966887439,0.00041139072847682127,0.03324061810154525,2265,0,4,daily_factor_momentum,daily industry/factor,adversarial_support_mismatch,17,calibration,block,constant_market_total,0.0
0.0005478539841447185,-0.006589520638768897,0.008464318506361054,0.004469530733641776,0.009884375000000006,3.533840703319771,1399.9999999999998,0.9984398054289979,7.015452538631345e-05,0.013065783664459159,2265,0,1,daily_factor_momentum,daily industry/factor,adversarial_support_mismatch,17,calibration,block,constant_SMB,0.0
0.006959128888747569,-0.000658145320680662,0.022083573880731733,0.007224776785714285,0.01892863534675617,1.6521958352241408,1399.9999999999998,0.9992705537151328,-1.0154525386313429e-05,0.0170317880794702,2265,0,0,daily_factor_momentum,daily industry/factor,adversarial_support_mismatch,17,calibration,block,constant_HML,0.0
-0.0001555226654721886,-0.00025793829314670427,-3.533502722959123e-05,0.005656716417910448,0.006131707317073173,334.99999999999625,1.0043041606886656,0.8520971302428273,0.00014984547461368655,0.008575717439293598,2265,0,4,daily_factor_momentum,daily industry/factor,adversarial_support_mismatch,17,calibration,block,constant_RMW,0.0
0.00022249586903469687,6.602650679282158e-05,0.00044924355265436237,0.0016624678663239073,0.004181818181818182,1.2458261251683922,1399.9999999999998,0.9994499663906541,7.682119205298012e-05,0.005985209713024283,2265,0,0,daily_factor_momentum,daily industry/factor,adversarial_support_mismatch,17,calibration,block,constant_CMA,0.0
-0.0012010113692457452,-0.0016155981016758296,-0.0008326355386037387,0.022536529442417932,0.04648945686900961,1.8945544231003688,1399.9999999999995,0.9991635521310815,-9.006622516556304e-06,0.02774150110375276,2265,0,0,daily_factor_momentum,daily industry/factor,adversarial_support_mismatch,17,calibration,block,constant_momentum,0.0
0.00017212661353029258,0.00010226982188586745,0.0003018397642043363,-0.00012952783650458096,0.0,1.036176303646295,1399.9999999999998,0.9995425270182577,5.077262693156734e-05,0.0,2265,0,0,daily_factor_momentum,daily industry/factor,adversarial_support_mismatch,17,calibration,block,constant_cash_RF,0.0
-5.69033730054023e-05,-0.0002858987452835898,0.00016895960557804078,,inf,0.0,0.0,1.0,0.0001739514348785872,0.023893598233995585,2265,200,0,daily_factor_momentum,daily industry/factor,adversarial_support_mismatch,17,calibration,block,momentum_12,0.0
0.00017212661353029258,0.00010226982188586745,0.0003018397642043363,-0.00012952783650458096,0.0,1.036176303646295,1399.9999999999998,0.9995425270182577,5.077262693156734e-05,0.0,2265,0,0,daily_factor_momentum,daily industry/factor,adversarial_support_mismatch,17,calibration,block,low_vol_12,0.0
0.00018486809160303826,3.3580214934665796e-05,0.0003511680348400678,-0.0002,inf,1.0,1399.9999999999998,0.9995584988962473,0.0001938189845474614,0.015237748344370862,2265,80,0,daily_factor_momentum,daily industry/factor,adversarial_support_mismatch,17,calibration,block,risk_adjusted_12,0.0
0.003533784385487615,-0.0032968787055077512,0.011881574335815579,0.010372093023255813,0.0493414634146342,2.4661071632559732,1399.9999999999998,0.9989112109654499,0.0003274172185430464,0.025279028697571742,2265,0,1,daily_factor_momentum,daily industry/factor,adversarial_support_mismatch,17,calibration,block,ridge_return_train_only,0.0
0.000306575073324167,6.112529325593021e-05,0.0006194421804007928,0.04565051975051975,0.05451366594360094,480.9999999999946,1.0043041606886653,0.8311095505617996,0.0005706460674157303,0.027760112359550563,2848,0,4,daily_factor_momentum,daily industry/factor,adversarial_support_mismatch,17,test,iid,constant_market_total,0.0
-0.000692966901449021,-0.000807263108604181,-0.0005764387854627474,0.012202395209580838,0.013354027504911598,500.9999999999943,1.0043041606886653,0.8240870786516874,-7.784410112359552e-05,0.014024719101123597,2848,0,4,daily_factor_momentum,daily industry/factor,adversarial_support_mismatch,17,test,iid,constant_SMB,0.0
-0.0003038684775465199,-0.00047161322995954626,-0.00017520221156364896,0.018193289689034373,0.020676433121019126,610.9999999999981,1.0043041606886656,0.7854634831460681,-3.0547752808988755e-05,0.019923314606741575,2848,0,4,daily_factor_momentum,daily industry/factor,adversarial_support_mismatch,17,test,iid,constant_HML,0.0
-0.0011669316270604792,-0.0037101685689465117,9.027866503096022e-05,0.005884544934172868,0.011581114551083595,1.5702954688465693,1399.9999999999995,0.9994486322089724,0.00010066713483146068,0.011674859550561799,2848,0,0,daily_factor_momentum,daily industry/factor,adversarial_support_mismatch,17,test,iid,constant_RMW,0.0
-0.0020747043054553686,-0.0067389479731311056,0.0003081054831538224,0.0055735618115055055,0.012224696356275308,1.3738044616964744,1399.9999999999998,0.9995176248378874,-4.93328651685393e-05,0.011041151685393259,2848,0,0,daily_factor_momentum,daily industry/factor,adversarial_support_mismatch,17,test,iid,constant_CMA,0.0
0.007321179706746189,-0.0008300076802455289,0.021231867790812976,0.009690495401000488,0.02070438247011952,4.940179827402258,1399.9999999999998,0.9982653862965581,0.0001740168539325843,0.02775182584269663,2848,0,1,daily_factor_momentum,daily industry/factor,adversarial_support_mismatch,17,test,iid,constant_momentum,0.0
0.00022179618725604285,4.322289842302191e-06,0.0004716117798264145,0.0,0.0,4.044583830515345,1399.9999999999998,0.9985798511831055,8.072331460674158e-05,0.0,2848,0,1,daily_factor_momentum,daily industry/factor,adversarial_support_mismatch,17,test,iid,constant_cash_RF,0.0
0.0038556198844187073,-0.003859468474085394,0.017546347494775905,0.002,inf,2.0,1399.9999999999995,0.9992977528089888,0.00021348314606741572,0.020687078651685394,2848,30,1,daily_factor_momentum,daily industry/factor,adversarial_support_mismatch,17,test,iid,momentum_12,0.0
0.00022179618725604285,4.322289842302191e-06,0.0004716117798264145,0.0,0.0,4.044583830515345,1399.9999999999998,0.9985798511831055,8.072331460674158e-05,0.0,2848,0,1,daily_factor_momentum,daily industry/factor,adversarial_support_mismatch,17,test,iid,low_vol_12,0.0
-0.0010025143666052342,-0.003575005763695245,0.00037583356684864344,0.002,0.002,3.017235133076716,1399.9999999999998,0.9989405775515883,0.00022521067415730343,0.013886657303370785,2848,0,1,daily_factor_momentum,daily industry/factor,adversarial_support_mismatch,17,test,iid,risk_adjusted_12,0.0
0.0016460160967006485,0.0014090721609349402,0.0019314789468409153,0.014298844598497978,0.04275802469135806,1.541676592543736,1399.9999999999995,0.9994586809717192,0.0002883426966292135,0.020514325842696628,2848,0,0,daily_factor_momentum,daily industry/factor,adversarial_support_mismatch,17,test,iid,ridge_return_train_only,0.0
0.000306575073324167,2.9793517774757447e-05,0.0005840187821527068,0.04565051975051975,0.0659828306264502,480.9999999999946,1.0043041606886653,0.8311095505617996,0.0005706460674157303,0.027760112359550563,2848,0,4,daily_factor_momentum,daily industry/factor,adversarial_support_mismatch,17,test,block,constant_market_total,0.0
-0.000692966901449021,-0.0008181432939439969,-0.0005197708770202095,0.012202395209580838,0.01336080402010051,500.9999999999943,1.0043041606886653,0.8240870786516874,-7.784410112359552e-05,0.014024719101123597,2848,0,4,daily_factor_momentum,daily industry/factor,adversarial_support_mismatch,17,test,block,constant_SMB,0.0
-0.0003038684775465199,-0.00046348719199372013,-0.00016543987595435424,0.018193289689034373,0.021083469721767615,610.9999999999981,1.0043041606886656,0.7854634831460681,-3.0547752808988755e-05,0.019923314606741575,2848,0,4,daily_factor_momentum,daily industry/factor,adversarial_support_mismatch,17,test,block,constant_HML,0.0
-0.0011669316270604792,-0.003667971029112917,0.00012657579146469963,0.005884544934172868,0.011855555555555562,1.5702954688465693,1399.9999999999995,0.9994486322089724,0.00010066713483146068,0.011674859550561799,2848,0,0,daily_factor_momentum,daily industry/factor,adversarial_support_mismatch,17,test,block,constant_RMW,0.0
-0.0020747043054553686,-0.006774420267600707,0.00032047688192334293,0.0055735618115055055,0.012064202334630356,1.3738044616964744,1399.9999999999998,0.9995176248378874,-4.93328651685393e-05,0.011041151685393259,2848,0,0,daily_factor_momentum,daily industry/factor,adversarial_support_mismatch,17,test,block,constant_CMA,0.0
0.007321179706746189,-0.0008880675730890633,0.02050673314101287,0.009690495401000488,0.02902713178294576,4.940179827402258,1399.9999999999998,0.9982653862965581,0.0001740168539325843,0.02775182584269663,2848,0,1,daily_factor_momentum,daily industry/factor,adversarial_support_mismatch,17,test,block,constant_momentum,0.0
0.00022179618725604285,2.9944407478344147e-05,0.00043840561315600064,0.0,0.0,4.044583830515345,1399.9999999999998,0.9985798511831055,8.072331460674158e-05,0.0,2848,0,1,daily_factor_momentum,daily industry/factor,adversarial_support_mismatch,17,test,block,constant_cash_RF,0.0
0.0038556198844187073,-0.0038087674104027767,0.017398123989983846,0.002,inf,2.0,1399.9999999999995,0.9992977528089888,0.00021348314606741572,0.020687078651685394,2848,29,1,daily_factor_momentum,daily industry/factor,adversarial_support_mismatch,17,test,block,momentum_12,0.0
0.00022179618725604285,2.9944407478344147e-05,0.00043840561315600064,0.0,0.0,4.044583830515345,1399.9999999999998,0.9985798511831055,8.072331460674158e-05,0.0,2848,0,1,daily_factor_momentum,daily industry/factor,adversarial_support_mismatch,17,test,block,low_vol_12,0.0
-0.0010025143666052342,-0.0035178144445764843,0.00039166977074831666,0.002,0.002,3.017235133076716,1399.9999999999998,0.9989405775515883,0.00022521067415730343,0.013886657303370785,2848,0,1,daily_factor_momentum,daily industry/factor,adversarial_support_mismatch,17,test,block,risk_adjusted_12,0.0
0.0016460160967006485,0.0013510539583289338,0.0020439947225146062,0.014298844598497978,0.04787176781002643,1.541676592543736,1399.9999999999995,0.9994586809717192,0.0002883426966292135,0.020514325842696628,2848,0,0,daily_factor_momentum,daily industry/factor,adversarial_support_mismatch,17,test,block,ridge_return_train_only,0.0
-0.025534177048555647,-0.07823589984522869,0.0011072235806992411,0.03542875619745636,0.047153747323340524,3.6912027361146955,1399.9999999999998,0.9983703299178301,0.00041139072847682127,0.03324061810154525,2265,0,1,daily_factor_momentum,daily industry/factor,adversarial_support_mismatch,27,calibration,iid,constant_market_total,0.0
-0.00246512998863339,-0.0075319556352402475,1.8636501541123196e-05,0.005193256997455473,0.011721865889212838,2.543136974417191,1399.9999999999998,0.9988772022188004,7.015452538631345e-05,0.013065783664459159,2265,0,1,daily_factor_momentum,daily industry/factor,adversarial_support_mismatch,27,calibration,iid,constant_SMB,0.0
0.002975102573771618,-0.0006645577727453527,0.010107836197178052,0.0072131769960915686,0.01746702127659576,1.650353230265199,1399.9999999999998,0.999271367227256,-1.0154525386313429e-05,0.0170317880794702,2265,0,0,daily_factor_momentum,daily industry/factor,adversarial_support_mismatch,27,calibration,iid,constant_HML,0.0
-0.00015878867151799077,-0.000208320523453827,-9.66159890152604e-05,0.00552814371257485,0.005980952380952384,333.99999999999625,1.0043041606886656,0.85253863134658,0.00014984547461368655,0.008575717439293598,2265,0,4,daily_factor_momentum,daily industry/factor,adversarial_support_mismatch,27,calibration,iid,constant_RMW,0.0
8.041890789745752e-06,-0.00017808987046115252,0.00012717870169238362,0.0016624678663239073,0.004247727272727273,1.2458261251683944,1399.9999999999998,0.9994499663906541,7.682119205298012e-05,0.005985209713024283,2265,0,0,daily_factor_momentum,daily industry/factor,adversarial_support_mismatch,27,calibration,iid,constant_CMA,0.0
-0.0011877717878810623,-0.0014819413413929023,-0.0008718383861010316,0.04120076045627376,0.047944049733570214,525.9999999999945,1.0043041606886656,0.767770419426051,-9.006622516556304e-06,0.02774150110375276,2265,0,4,daily_factor_momentum,daily industry/factor,adversarial_support_mismatch,27,calibration,iid,constant_momentum,0.0
7.498861597038973e-05,-0.00010843662987957497,0.00016708581450172808,0.0,0.0,1.0361763036462937,1399.9999999999998,0.9995425270182577,5.077262693156734e-05,0.0,2265,0,0,daily_factor_momentum,daily industry/factor,adversarial_support_mismatch,27,calibration,iid,constant_cash_RF,0.0
-9.242462529119851e-05,-0.00017816993986311485,-1.6763854931624178e-05,,inf,0.0,0.0,1.0,0.0001739514348785872,0.023893598233995585,2265,200,0,daily_factor_momentum,daily industry/factor,adversarial_support_mismatch,27,calibration,iid,momentum_12,0.0
7.498861597038973e-05,-0.00010843662987957497,0.00016708581450172808,0.0,0.0,1.0361763036462937,1399.9999999999998,0.9995425270182577,5.077262693156734e-05,0.0,2265,0,0,daily_factor_momentum,daily industry/factor,adversarial_support_mismatch,27,calibration,iid,low_vol_12,0.0
0.00010870502737939663,4.346455820687546e-05,0.0001546815011356917,,inf,0.0,0.0,1.0,0.0001938189845474614,0.015237748344370862,2265,200,0,daily_factor_momentum,daily industry/factor,adversarial_support_mismatch,27,calibration,iid,risk_adjusted_12,0.0
-0.004522674248945189,-0.013606290931961508,0.0016298557324500504,0.010441769681197137,0.05060836501901146,2.431197414400383,1399.9999999999995,0.9989266236581014,0.00022799116997792494,0.02453068432671082,2265,0,1,daily_factor_momentum,daily industry/factor,adversarial_support_mismatch,27,calibration,iid,ridge_return_train_only,0.0
-0.025534177048555647,-0.06636879971936845,0.0009255094859824836,0.03542875619745636,0.038845825716026794,3.6912027361146955,1399.9999999999998,0.9983703299178301,0.00041139072847682127,0.03324061810154525,2265,0,1,daily_factor_momentum,daily industry/factor,adversarial_support_mismatch,27,calibration,block,constant_market_total,0.0
-0.00246512998863339,-0.007101110291514446,1.855843060857376e-05,0.005193256997455473,0.012276691729323316,2.543136974417191,1399.9999999999998,0.9988772022188004,7.015452538631345e-05,0.013065783664459159,2265,0,1,daily_factor_momentum,daily industry/factor,adversarial_support_mismatch,27,calibration,block,constant_SMB,0.0
0.002975102573771618,-0.0006819201380379129,0.010148718306210253,0.0072131769960915686,0.01975196078431375,1.650353230265199,1399.9999999999998,0.999271367227256,-1.0154525386313429e-05,0.0170317880794702,2265,0,0,daily_factor_momentum,daily industry/factor,adversarial_support_mismatch,27,calibration,block,constant_HML,0.0
-0.00015878867151799077,-0.0002544905859847707,-3.910176400659043e-05,0.00552814371257485,0.006064864864864867,333.99999999999625,1.0043041606886656,0.85253863134658,0.00014984547461368655,0.008575717439293598,2265,0,4,daily_factor_momentum,daily industry/factor,adversarial_support_mismatch,27,calibration,block,constant_RMW,0.0
8.041890789745752e-06,-0.00021713798348585325,0.0001706983845063013,0.0016624678663239073,0.0042790209790209794,1.2458261251683944,1399.9999999999998,0.9994499663906541,7.682119205298012e-05,0.005985209713024283,2265,0,0,daily_factor_momentum,daily industry/factor,adversarial_support_mismatch,27,calibration,block,constant_CMA,0.0
-0.0011877717878810623,-0.0015396979362141275,-0.0008788826380557749,0.04120076045627376,0.050278801843318024,525.9999999999945,1.0043041606886656,0.767770419426051,-9.006622516556304e-06,0.02774150110375276,2265,0,4,daily_factor_momentum,daily industry/factor,adversarial_support_mismatch,27,calibration,block,constant_momentum,0.0
7.498861597038973e-05,-0.00010855520725826938,0.00017424257876094023,0.0,0.0,1.0361763036462937,1399.9999999999998,0.9995425270182577,5.077262693156734e-05,0.0,2265,0,0,daily_factor_momentum,daily industry/factor,adversarial_support_mismatch,27,calibration,block,constant_cash_RF,0.0
-9.242462529119851e-05,-0.0002691762278293429,7.488009746952075e-05,,inf,0.0,0.0,1.0,0.0001739514348785872,0.023893598233995585,2265,200,0,daily_factor_momentum,daily industry/factor,adversarial_support_mismatch,27,calibration,block,momentum_12,0.0
7.498861597038973e-05,-0.00010855520725826938,0.00017424257876094023,0.0,0.0,1.0361763036462937,1399.9999999999998,0.9995425270182577,5.077262693156734e-05,0.0,2265,0,0,daily_factor_momentum,daily industry/factor,adversarial_support_mismatch,27,calibration,block,low_vol_12,0.0
0.00010870502737939663,-6.924821746472334e-06,0.00020057083104562689,,inf,0.0,0.0,1.0,0.0001938189845474614,0.015237748344370862,2265,200,0,daily_factor_momentum,daily industry/factor,adversarial_support_mismatch,27,calibration,block,risk_adjusted_12,0.0
-0.004522674248945189,-0.01373104428404417,0.0015380473235011528,0.010441769681197137,0.04936938775510208,2.431197414400383,1399.9999999999995,0.9989266236581014,0.00022799116997792494,0.02453068432671082,2265,0,1,daily_factor_momentum,daily industry/factor,adversarial_support_mismatch,27,calibration,block,ridge_return_train_only,0.0
0.00044506287632464867,2.349730069214396e-05,0.0010534541034879056,0.02557470651013877,0.05002566191446036,1.8067845302503382,1399.9999999999995,0.9993655953194346,0.0005706460674157303,0.027760112359550563,2848,0,0,daily_factor_momentum,daily industry/factor,adversarial_support_mismatch,27,test,iid,constant_market_total,0.0
-0.007088569416779872,-0.01988794125351653,-0.0006045787116974079,0.014950686378035906,0.014984566596194506,1.8455366366626038,1399.9999999999998,0.9993519885404977,-7.784410112359552e-05,0.014024719101123597,2848,0,0,daily_factor_momentum,daily industry/factor,adversarial_support_mismatch,27,test,iid,constant_SMB,0.0
0.008862830896469458,-0.0064229823231489805,0.03653215697942074,0.00922497793468667,0.018746302250803874,2.9722033205877265,1399.9999999999998,0.9989563892835015,-3.0547752808988755e-05,0.019923314606741575,2848,0,1,daily_factor_momentum,daily industry/factor,adversarial_support_mismatch,27,test,iid,constant_HML,0.0
-0.0007046320466670934,-0.002509014752472272,0.0004036256196761193,0.003130319735391401,0.0063943742824339855,3.5276174640368034,1399.9999999999998,0.998761370272459,0.00010066713483146068,0.011674859550561799,2848,0,1,daily_factor_momentum,daily industry/factor,adversarial_support_mismatch,27,test,iid,constant_RMW,0.0
0.0016041781053699096,0.00010721096645250776,0.004534630000171315,0.005124235006119951,0.012400000000000003,1.3738044616964726,1399.9999999999995,0.9995176248378874,-4.93328651685393e-05,0.011041151685393259,2848,0,0,daily_factor_momentum,daily industry/factor,adversarial_support_mismatch,27,test,iid,constant_CMA,0.0
0.0008663997083201151,-0.006017410079706296,0.011531196308057037,0.015279231446171916,0.033872593800978824,2.989710048100254,1399.9999999999998,0.9989502422583918,0.0001740168539325843,0.02775182584269663,2848,0,1,daily_factor_momentum,daily industry/factor,adversarial_support_mismatch,27,test,iid,constant_momentum,0.0
0.0001256166942589632,3.682405722833506e-05,0.00019551808028430434,0.0,0.0,2.0447072857013118,1399.9999999999995,0.999282055026088,8.072331460674158e-05,0.0,2848,0,1,daily_factor_momentum,daily industry/factor,adversarial_support_mismatch,27,test,iid,constant_cash_RF,0.0
-0.002852148891407593,-0.007908266081681535,-0.00026800914913809363,0.0060999999999999995,inf,1.0,1399.9999999999998,0.9996488764044944,0.00021348314606741572,0.020687078651685394,2848,85,0,daily_factor_momentum,daily industry/factor,adversarial_support_mismatch,27,test,iid,momentum_12,0.0
0.0001256166942589632,3.682405722833506e-05,0.00019551808028430434,0.0,0.0,2.0447072857013118,1399.9999999999995,0.999282055026088,8.072331460674158e-05,0.0,2848,0,1,daily_factor_momentum,daily industry/factor,adversarial_support_mismatch,27,test,iid,low_vol_12,0.0
-0.0023601836322725495,-0.007347675138881745,0.0003067337091296215,0.0060999999999999995,0.0060999999999999995,3.0172351330767175,1399.9999999999998,0.9989405775515883,0.00022521067415730343,0.013886657303370785,2848,0,1,daily_factor_momentum,daily industry/factor,adversarial_support_mismatch,27,test,iid,risk_adjusted_12,0.0
0.001388094362169359,0.0011620153506698638,0.0015874462530515545,0.013975862068965523,0.042787356321839116,1.557742354065865,1399.9999999999995,0.999453039903769,0.00021664325842696633,0.02014185393258427,2848,0,0,daily_factor_momentum,daily industry/factor,adversarial_support_mismatch,27,test,iid,ridge_return_train_only,0.0
0.00044506287632464867,-4.3719027885896496e-07,0.001052080953289724,0.02557470651013877,0.055533333333333386,1.8067845302503382,1399.9999999999995,0.9993655953194346,0.0005706460674157303,0.027760112359550563,2848,0,0,daily_factor_momentum,daily industry/factor,adversarial_support_mismatch,27,test,block,constant_market_total,0.0
-0.007088569416779872,-0.02610381437879712,-0.000610992744364111,0.014950686378035906,0.014981803880440486,1.8455366366626038,1399.9999999999998,0.9993519885404977,-7.784410112359552e-05,0.014024719101123597,2848,0,0,daily_factor_momentum,daily industry/factor,adversarial_support_mismatch,27,test,block,constant_SMB,0.0
0.008862830896469458,-0.009234052097931437,0.03618320944290181,0.00922497793468667,0.017856081081081096,2.9722033205877265,1399.9999999999998,0.9989563892835015,-3.0547752808988755e-05,0.019923314606741575,2848,0,1,daily_factor_momentum,daily industry/factor,adversarial_support_mismatch,27,test,block,constant_HML,0.0
-0.0007046320466670934,-0.002499635826245039,0.00036567769561346707,0.003130319735391401,0.009557575757575765,3.5276174640368034,1399.9999999999998,0.998761370272459,0.00010066713483146068,0.011674859550561799,2848,0,1,daily_factor_momentum,daily industry/factor,adversarial_support_mismatch,27,test,block,constant_RMW,0.0
0.0016041781053699096,9.466241659145939e-05,0.004476643803800127,0.005124235006119951,0.01226919831223629,1.3738044616964726,1399.9999999999995,0.9995176248378874,-4.93328651685393e-05,0.011041151685393259,2848,0,0,daily_factor_momentum,daily industry/factor,adversarial_support_mismatch,27,test,block,constant_CMA,0.0
0.0008663997083201151,-0.00824631725885334,0.011544252904072174,0.015279231446171916,0.036335608308605376,2.989710048100254,1399.9999999999998,0.9989502422583918,0.0001740168539325843,0.02775182584269663,2848,0,1,daily_factor_momentum,daily industry/factor,adversarial_support_mismatch,27,test,block,constant_momentum,0.0
0.0001256166942589632,5.56669510658644e-05,0.0001888098507714692,0.0,0.0,2.0447072857013118,1399.9999999999995,0.999282055026088,8.072331460674158e-05,0.0,2848,0,1,daily_factor_momentum,daily industry/factor,adversarial_support_mismatch,27,test,block,constant_cash_RF,0.0
-0.002852148891407593,-0.007932926755948474,-0.0002459505190839865,0.0060999999999999995,inf,1.0,1399.9999999999998,0.9996488764044944,0.00021348314606741572,0.020687078651685394,2848,72,0,daily_factor_momentum,daily industry/factor,adversarial_support_mismatch,27,test,block,momentum_12,0.0
0.0001256166942589632,5.56669510658644e-05,0.0001888098507714692,0.0,0.0,2.0447072857013118,1399.9999999999995,0.999282055026088,8.072331460674158e-05,0.0,2848,0,1,daily_factor_momentum,daily industry/factor,adversarial_support_mismatch,27,test,block,low_vol_12,0.0
-0.0023601836322725495,-0.0075362295825721634,0.00032454455929880466,0.0060999999999999995,0.0060999999999999995,3.0172351330767175,1399.9999999999998,0.9989405775515883,0.00022521067415730343,0.013886657303370785,2848,0,1,daily_factor_momentum,daily industry/factor,adversarial_support_mismatch,27,test,block,risk_adjusted_12,0.0
0.001388094362169359,0.0010753910434035494,0.0016591555773317944,0.013975862068965523,0.04631481481481486,1.557742354065865,1399.9999999999995,0.999453039903769,0.00021664325842696633,0.02014185393258427,2848,0,0,daily_factor_momentum,daily industry/factor,adversarial_support_mismatch,27,test,block,ridge_return_train_only,0.0
