DR,return_lcb,return_ucb,risk_hat,risk_ucb,ESS,max_weight,support_gap,truth_return,truth_cvar,eval_n,unsupported_bootstrap_draws,ess_bin,task,family,behavior,seed,split,scheme,policy,baseline_tau
0.0064361923868312895,-0.03156722114368992,0.04146793799725658,0.0546,0.0546,2.9999999999999996,30.999999999999993,0.9722222222222222,0.009589814814814813,0.0832074074074074,108,6,1,monthly_industry_30,monthly industry,uniform_high_overlap,7,calibration,iid,constant_a000,0.12133012345679012
-0.00047915068587106076,-0.014345289094650186,0.006453918518518515,0.0177,inf,1.0,30.999999999999993,0.9907407407407407,0.011237037037037037,0.08046666666666666,108,62,0,monthly_industry_30,monthly industry,uniform_high_overlap,7,calibration,iid,constant_a001,0.12133012345679012
0.01961119238683131,0.0012827528120713302,0.04757963360425247,0.0060999999999999995,inf,2.9999999999999996,30.999999999999993,0.9722222222222222,0.01357037037037037,0.08148518518518519,108,12,1,monthly_industry_30,monthly industry,uniform_high_overlap,7,calibration,iid,constant_a002,0.12133012345679012
-0.023473066872427895,-0.07105283004115216,0.01222111344307271,0.056400000000000006,0.056400000000000006,2.9999999999999996,30.999999999999993,0.9722222222222222,0.009954629629629631,0.2067925925925926,108,9,1,monthly_industry_30,monthly industry,uniform_high_overlap,7,calibration,iid,constant_a003,0.12133012345679012
-0.02817822475994505,-0.13207465459533596,0.006453918518518515,0.1142,inf,1.0,30.999999999999993,0.9907407407407407,0.0031333333333333348,0.1556074074074074,108,82,0,monthly_industry_30,monthly industry,uniform_high_overlap,7,calibration,iid,constant_a004,0.12133012345679012
-0.006524654595336082,-0.03111992702331957,0.01132904910836763,0.0209,0.0209,4.0,30.999999999999993,0.962962962962963,0.007787037037037038,0.10028888888888889,108,2,1,monthly_industry_30,monthly industry,uniform_high_overlap,7,calibration,iid,constant_a005,0.12133012345679012
-0.026630474279835333,-0.12406632126200268,0.06113852990740744,0.11800000000000001,0.11800000000000001,2.9999999999999996,30.999999999999993,0.9722222222222222,0.012547222222222222,0.13836666666666664,108,6,1,monthly_industry_30,monthly industry,uniform_high_overlap,7,calibration,iid,constant_a006,0.12133012345679012
0.01074399746227711,0.006453918518518513,0.019324155349794262,-0.021400000000000002,inf,1.0,30.999999999999993,0.9907407407407407,0.010110185185185182,0.08343333333333333,108,76,0,monthly_industry_30,monthly industry,uniform_high_overlap,7,calibration,iid,constant_a007,0.12133012345679012
0.05878724890260637,-0.013427233981481468,0.12113839013374492,0.04950000000000001,0.04950000000000001,7.0,30.999999999999993,0.9351851851851852,0.01219907407407408,0.1576222222222222,108,1,2,monthly_industry_30,monthly industry,uniform_high_overlap,7,calibration,iid,constant_a008,0.12133012345679012
-0.09859290898491116,-0.3148268507733204,0.1319951139231825,0.2809,0.2809,5.0,30.999999999999993,0.9537037037037037,0.01513333333333333,0.24232222222222222,108,0,2,monthly_industry_30,monthly industry,uniform_high_overlap,7,calibration,iid,constant_a009,0.12133012345679012
0.006420715775034373,-0.04950497540466381,0.06241545780692731,0.0742,0.0742,4.0,30.999999999999993,0.962962962962963,0.004490740740740739,0.16894074074074072,108,8,1,monthly_industry_30,monthly industry,uniform_high_overlap,7,calibration,iid,constant_a010,0.12133012345679012
-0.1727088762550249,-0.38782490195385183,-0.019196681063532887,0.3098,0.3098,4.0,30.999999999999993,0.962962962962963,0.005515740740740741,0.23192222222222222,108,4,1,monthly_industry_30,monthly industry,uniform_high_overlap,7,calibration,iid,constant_a011,0.12133012345679012
-0.03766592359396426,-0.1208530181224279,0.006453918518518515,0.1292,inf,2.0,30.999999999999993,0.9814814814814815,0.01081574074074074,0.17674444444444445,108,27,1,monthly_industry_30,monthly industry,uniform_high_overlap,7,calibration,iid,constant_a012,0.12133012345679012
0.07635122634017623,-0.007793014133063948,0.18406012812024095,0.020499999999999997,0.020499999999999997,5.0,30.999999999999993,0.9537037037037037,0.009680555555555555,0.16028888888888887,108,3,2,monthly_industry_30,monthly industry,uniform_high_overlap,7,calibration,iid,constant_a013,0.12133012345679012
0.02537613779149524,-0.04872822979423861,0.1108487849262689,0.0385,0.0385,7.0,30.999999999999993,0.9351851851851852,0.009813888888888888,0.1906925925925926,108,0,2,monthly_industry_30,monthly industry,uniform_high_overlap,7,calibration,iid,constant_a014,0.12133012345679012
0.008531562757201643,-0.0069114370027434655,0.026203252129629703,0.016,inf,2.9999999999999996,30.999999999999993,0.9722222222222222,0.011383333333333332,0.1517,108,11,1,monthly_industry_30,monthly industry,uniform_high_overlap,7,calibration,iid,constant_a015,0.12133012345679012
-0.014716187722908083,-0.05758565286179696,0.006453918518518515,0.0673,inf,1.0,30.999999999999993,0.9907407407407407,0.005846296296296298,0.21665185185185185,108,77,0,monthly_industry_30,monthly industry,uniform_high_overlap,7,calibration,iid,constant_a016,0.12133012345679012
0.013079975034293598,-0.08122685781892997,0.12269497667695459,0.1127,0.1127,4.0,30.999999999999993,0.962962962962963,-0.0003518518518518532,0.29553703703703704,108,6,1,monthly_industry_30,monthly industry,uniform_high_overlap,7,calibration,iid,constant_a017,0.12133012345679012
0.036859868792866964,0.0076650978206447146,0.0813186282921811,-0.0072,-0.0072,5.0,30.999999999999993,0.9537037037037037,0.007457407407407407,0.13156296296296294,108,1,2,monthly_industry_30,monthly industry,uniform_high_overlap,7,calibration,iid,constant_a018,0.12133012345679012
0.016924021810699682,-0.05107522549554172,0.07608480261316881,0.07139999999999999,0.07139999999999999,6.000000000000001,30.999999999999993,0.9444444444444444,0.008509259259259258,0.09720740740740741,108,0,2,monthly_industry_30,monthly industry,uniform_high_overlap,7,calibration,iid,constant_a019,0.12133012345679012
0.0053873824417009514,-0.042031136076817514,0.042400788115569285,0.049800000000000004,0.04980000000000001,4.0,30.999999999999993,0.962962962962963,0.01028611111111111,0.11100000000000002,108,2,1,monthly_industry_30,monthly industry,uniform_high_overlap,7,calibration,iid,constant_a020,0.12133012345679012
-0.006436293964334709,-0.026345686762688596,0.006453918518518515,0.018000000000000002,inf,2.0,30.999999999999993,0.9814814814814815,0.008956481481481482,0.10537407407407408,108,29,1,monthly_industry_30,monthly industry,uniform_high_overlap,7,calibration,iid,constant_a021,0.12133012345679012
-0.015279284224965627,-0.0807318719101508,0.01782931323731141,0.0758,0.0758,4.0,30.999999999999993,0.962962962962963,0.009407407407407408,0.13405555555555554,108,2,1,monthly_industry_30,monthly industry,uniform_high_overlap,7,calibration,iid,constant_a022,0.12133012345679012
0.006453918518518512,0.006453918518518513,0.006453918518518516,,inf,0.0,0.0,1.0,0.009435185185185184,0.1265962962962963,108,200,0,monthly_industry_30,monthly industry,uniform_high_overlap,7,calibration,iid,constant_a023,0.12133012345679012
0.05175709101508922,0.005426076203703705,0.11278170944958853,0.021099999999999997,0.021099999999999997,5.0,30.999999999999993,0.9537037037037037,0.011483333333333335,0.11916296296296297,108,1,2,monthly_industry_30,monthly industry,uniform_high_overlap,7,calibration,iid,constant_a024,0.12133012345679012
0.005486720644718808,-0.05408205539951984,0.054679784888546024,0.0814,0.0814,5.0,30.999999999999993,0.9537037037037037,0.010116666666666666,0.11522222222222221,108,0,2,monthly_industry_30,monthly industry,uniform_high_overlap,7,calibration,iid,constant_a025,0.12133012345679012
0.04192719725651585,-0.005376506447187927,0.10845724229938276,0.0124,0.0124,4.0,30.999999999999993,0.962962962962963,0.009475925925925928,0.09744814814814814,108,0,1,monthly_industry_30,monthly industry,uniform_high_overlap,7,calibration,iid,constant_a026,0.12133012345679012
0.012925478943758582,0.006453918518518513,0.032340160219478734,-0.028999999999999998,inf,1.0,30.999999999999993,0.9907407407407407,0.011696296296296293,0.0864962962962963,108,70,0,monthly_industry_30,monthly industry,uniform_high_overlap,7,calibration,iid,constant_a027,0.12133012345679012
0.019123229423868328,0.007950078822016456,0.03790129359396435,-0.0118,-0.0118,2.9999999999999996,30.999999999999993,0.9722222222222222,0.0033916666666666683,0.17157407407407407,108,5,1,monthly_industry_30,monthly industry,uniform_high_overlap,7,calibration,iid,constant_a028,0.12133012345679012
-0.003495289094650213,-0.019777968930041103,0.0077433356652949195,0.013300000000000001,inf,2.9999999999999996,30.999999999999993,0.9722222222222222,0.005977777777777777,0.14215185185185186,108,16,1,monthly_industry_30,monthly industry,uniform_high_overlap,7,calibration,iid,constant_a029,0.12133012345679012
0.0358676774348423,-0.0036838642421124844,0.08859408691529497,0.028833333333333332,0.028833333333333332,5.0,30.999999999999993,0.9537037037037037,0.008955,0.12133012345679012,108,0,2,monthly_industry_30,monthly industry,uniform_high_overlap,7,calibration,iid,constant_equal_weight_public,0.12133012345679012
-0.01922358085245955,-0.06081140188517714,0.00521085855211533,0.0564,inf,2.0,30.999999999999993,0.9814814814814815,0.013036111111111111,0.2308074074074074,108,33,1,monthly_industry_30,monthly industry,uniform_high_overlap,7,calibration,iid,momentum_12,0.12133012345679012
-0.0008545483539094362,-0.04619100008401914,0.03552184878086428,0.0546,0.05460000000000001,2.9999999999999996,30.999999999999993,0.9722222222222222,0.009154320987654322,0.09146296296296295,108,9,1,monthly_industry_30,monthly industry,uniform_high_overlap,7,calibration,iid,low_vol_12,0.12133012345679012
0.063364364883402,0.006464621651234562,0.14059474801783275,0.0034000000000000002,0.0034000000000000007,8.0,30.999999999999993,0.9259259259259259,0.0024592592592592587,0.2494555555555555,108,1,2,monthly_industry_30,monthly industry,uniform_high_overlap,7,calibration,iid,risk_adjusted_12,0.12133012345679012
-0.08195476769428962,-0.28696059978783406,0.0371746991001371,0.3098,0.3098,2.9999999999999996,30.999999999999993,0.9722222222222222,0.00855925925925926,0.18180740740740742,108,9,1,monthly_industry_30,monthly industry,uniform_high_overlap,7,calibration,iid,ridge_return_train_only,0.12133012345679012
0.0064361923868312895,-0.04612028909465012,0.04438020317729773,0.0546,0.0546,2.9999999999999996,30.999999999999993,0.9722222222222222,0.009589814814814813,0.0832074074074074,108,3,1,monthly_industry_30,monthly industry,uniform_high_overlap,7,calibration,block,constant_a000,0.12133012345679012
-0.00047915068587106076,-0.014345289094650186,0.006453918518518516,0.0177,inf,1.0,30.999999999999993,0.9907407407407407,0.011237037037037037,0.08046666666666666,108,73,0,monthly_industry_30,monthly industry,uniform_high_overlap,7,calibration,block,constant_a001,0.12133012345679012
0.01961119238683131,-0.0023715795987654365,0.047497384895404705,0.0060999999999999995,inf,2.9999999999999996,30.999999999999993,0.9722222222222222,0.01357037037037037,0.08148518518518519,108,11,1,monthly_industry_30,monthly industry,uniform_high_overlap,7,calibration,block,constant_a002,0.12133012345679012
-0.023473066872427895,-0.07439714219993132,0.012221113443072716,0.056400000000000006,0.056400000000000006,2.9999999999999996,30.999999999999993,0.9722222222222222,0.009954629629629631,0.2067925925925926,108,7,1,monthly_industry_30,monthly industry,uniform_high_overlap,7,calibration,block,constant_a003,0.12133012345679012
-0.02817822475994505,-0.09744251131687234,0.006453918518518515,0.1142,inf,1.0,30.999999999999993,0.9907407407407407,0.0031333333333333348,0.1556074074074074,108,65,0,monthly_industry_30,monthly industry,uniform_high_overlap,7,calibration,block,constant_a004,0.12133012345679012
-0.006524654595336082,-0.03153820701474618,0.01107296529492456,0.0209,0.0209,4.0,30.999999999999993,0.962962962962963,0.007787037037037038,0.10028888888888889,108,2,1,monthly_industry_30,monthly industry,uniform_high_overlap,7,calibration,block,constant_a005,0.12133012345679012
-0.026630474279835333,-0.08858675736968445,0.05884050825274359,0.11800000000000001,0.11800000000000001,2.9999999999999996,30.999999999999993,0.9722222222222222,0.012547222222222222,0.13836666666666664,108,4,1,monthly_industry_30,monthly industry,uniform_high_overlap,7,calibration,block,constant_a006,0.12133012345679012
0.01074399746227711,0.006453918518518513,0.019324155349794262,-0.021400000000000002,inf,1.0,30.999999999999993,0.9907407407407407,0.010110185185185182,0.08343333333333333,108,70,0,monthly_industry_30,monthly industry,uniform_high_overlap,7,calibration,block,constant_a007,0.12133012345679012
0.05878724890260637,-0.015150254804526692,0.13443822647462286,0.04950000000000001,0.04950000000000001,7.0,30.999999999999993,0.9351851851851852,0.01219907407407408,0.1576222222222222,108,1,2,monthly_industry_30,monthly industry,uniform_high_overlap,7,calibration,block,constant_a008,0.12133012345679012
-0.09859290898491116,-0.4406848149897127,0.1254771236625515,0.2809,0.2809,5.0,30.999999999999993,0.9537037037037037,0.01513333333333333,0.24232222222222222,108,3,2,monthly_industry_30,monthly industry,uniform_high_overlap,7,calibration,block,constant_a009,0.12133012345679012
0.006420715775034373,-0.06301065286179688,0.06342326823216736,0.0742,0.0742,4.0,30.999999999999993,0.962962962962963,0.004490740740740739,0.16894074074074072,108,2,1,monthly_industry_30,monthly industry,uniform_high_overlap,7,calibration,block,constant_a010,0.12133012345679012
-0.1727088762550249,-0.3919242988078163,-0.038375579790060343,0.3098,0.3098,4.0,30.999999999999993,0.962962962962963,0.005515740740740741,0.23192222222222222,108,2,1,monthly_industry_30,monthly industry,uniform_high_overlap,7,calibration,block,constant_a011,0.12133012345679012
-0.03766592359396426,-0.110359177983539,0.006453918518518515,0.1292,inf,2.0,30.999999999999993,0.9814814814814815,0.01081574074074074,0.17674444444444445,108,33,1,monthly_industry_30,monthly industry,uniform_high_overlap,7,calibration,block,constant_a012,0.12133012345679012
0.07635122634017623,0.0008188849788466903,0.15800848760033712,0.020499999999999997,0.020499999999999997,5.0,30.999999999999993,0.9537037037037037,0.009680555555555555,0.16028888888888887,108,0,2,monthly_industry_30,monthly industry,uniform_high_overlap,7,calibration,block,constant_a013,0.12133012345679012
0.02537613779149524,-0.0412264605932784,0.09144161025377244,0.0385,0.0385,7.0,30.999999999999993,0.9351851851851852,0.009813888888888888,0.1906925925925926,108,1,2,monthly_industry_30,monthly industry,uniform_high_overlap,7,calibration,block,constant_a014,0.12133012345679012
0.008531562757201643,-0.01288140020576128,0.02808188476680391,0.016,inf,2.9999999999999996,30.999999999999993,0.9722222222222222,0.011383333333333332,0.1517,108,11,1,monthly_industry_30,monthly industry,uniform_high_overlap,7,calibration,block,constant_a015,0.12133012345679012
-0.014716187722908083,-0.0570564002057613,0.006453918518518516,0.0673,inf,1.0,30.999999999999993,0.9907407407407407,0.005846296296296298,0.21665185185185185,108,73,0,monthly_industry_30,monthly industry,uniform_high_overlap,7,calibration,block,constant_a016,0.12133012345679012
0.013079975034293598,-0.06563752540809323,0.11728514738168733,0.1127,0.1127,4.0,30.999999999999993,0.962962962962963,-0.0003518518518518532,0.29553703703703704,108,4,1,monthly_industry_30,monthly industry,uniform_high_overlap,7,calibration,block,constant_a017,0.12133012345679012
0.036859868792866964,0.0066680715363511625,0.08730610389060359,-0.0072,-0.0072,5.0,30.999999999999993,0.9537037037037037,0.007457407407407407,0.13156296296296294,108,2,2,monthly_industry_30,monthly industry,uniform_high_overlap,7,calibration,block,constant_a018,0.12133012345679012
0.016924021810699682,-0.04695572437071322,0.0770898753960906,0.07139999999999999,0.07139999999999999,6.000000000000001,30.999999999999993,0.9444444444444444,0.008509259259259258,0.09720740740740741,108,0,2,monthly_industry_30,monthly industry,uniform_high_overlap,7,calibration,block,constant_a019,0.12133012345679012
0.0053873824417009514,-0.04198695576131683,0.047135794718792895,0.049800000000000004,0.04980000000000001,4.0,30.999999999999993,0.962962962962963,0.01028611111111111,0.11100000000000002,108,4,1,monthly_industry_30,monthly industry,uniform_high_overlap,7,calibration,block,constant_a020,0.12133012345679012
-0.006436293964334709,-0.026345686762688596,0.006453918518518515,0.018000000000000002,inf,2.0,30.999999999999993,0.9814814814814815,0.008956481481481482,0.10537407407407408,108,21,1,monthly_industry_30,monthly industry,uniform_high_overlap,7,calibration,block,constant_a021,0.12133012345679012
-0.015279284224965627,-0.07992227448559663,0.012693599794238695,0.0758,0.0758,4.0,30.999999999999993,0.962962962962963,0.009407407407407408,0.13405555555555554,108,2,1,monthly_industry_30,monthly industry,uniform_high_overlap,7,calibration,block,constant_a022,0.12133012345679012
0.006453918518518512,0.006453918518518512,0.006453918518518516,,inf,0.0,0.0,1.0,0.009435185185185184,0.1265962962962963,108,200,0,monthly_industry_30,monthly industry,uniform_high_overlap,7,calibration,block,constant_a023,0.12133012345679012
0.05175709101508922,0.005804344242112481,0.1120419479766804,0.021099999999999997,0.021099999999999997,5.0,30.999999999999993,0.9537037037037037,0.011483333333333335,0.11916296296296297,108,0,2,monthly_industry_30,monthly industry,uniform_high_overlap,7,calibration,block,constant_a024,0.12133012345679012
0.005486720644718808,-0.056902657693758504,0.060736270888203096,0.0814,0.0814,5.0,30.999999999999993,0.9537037037037037,0.010116666666666666,0.11522222222222221,108,2,2,monthly_industry_30,monthly industry,uniform_high_overlap,7,calibration,block,constant_a025,0.12133012345679012
0.04192719725651585,0.0005261200462962951,0.11242663384430733,0.0124,0.0124,4.0,30.999999999999993,0.962962962962963,0.009475925925925928,0.09744814814814814,108,1,1,monthly_industry_30,monthly industry,uniform_high_overlap,7,calibration,block,constant_a026,0.12133012345679012
0.012925478943758582,0.006453918518518513,0.03234016021947873,-0.028999999999999998,inf,1.0,30.999999999999993,0.9907407407407407,0.011696296296296293,0.0864962962962963,108,71,0,monthly_industry_30,monthly industry,uniform_high_overlap,7,calibration,block,constant_a027,0.12133012345679012
0.019123229423868328,0.007950078822016456,0.037849021810699594,-0.0118,-0.0118,2.9999999999999996,30.999999999999993,0.9722222222222222,0.0033916666666666683,0.17157407407407407,108,5,1,monthly_industry_30,monthly industry,uniform_high_overlap,7,calibration,block,constant_a028,0.12133012345679012
-0.003495289094650213,-0.020404020096021908,0.0077433356652949195,0.013300000000000001,0.013300000000000001,2.9999999999999996,30.999999999999993,0.9722222222222222,0.005977777777777777,0.14215185185185186,108,6,1,monthly_industry_30,monthly industry,uniform_high_overlap,7,calibration,block,constant_a029,0.12133012345679012
0.0358676774348423,-0.006280928576817534,0.08392497923182446,0.028833333333333332,0.028833333333333332,5.0,30.999999999999993,0.9537037037037037,0.008955,0.12133012345679012,108,1,2,monthly_industry_30,monthly industry,uniform_high_overlap,7,calibration,block,constant_equal_weight_public,0.12133012345679012
-0.01922358085245955,-0.06201230642388212,0.006921078498553466,0.0564,inf,2.0,30.999999999999993,0.9814814814814815,0.013036111111111111,0.2308074074074074,108,20,1,monthly_industry_30,monthly industry,uniform_high_overlap,7,calibration,block,momentum_12,0.12133012345679012
-0.0008545483539094362,-0.0489900183624828,0.03254333566529498,0.0546,inf,2.9999999999999996,30.999999999999993,0.9722222222222222,0.009154320987654322,0.09146296296296295,108,11,1,monthly_industry_30,monthly industry,uniform_high_overlap,7,calibration,block,low_vol_12,0.12133012345679012
0.063364364883402,0.017586456515775045,0.11945157961762692,0.0034000000000000002,0.0034000000000000002,8.0,30.999999999999993,0.9259259259259259,0.0024592592592592587,0.2494555555555555,108,0,2,monthly_industry_30,monthly industry,uniform_high_overlap,7,calibration,block,risk_adjusted_12,0.12133012345679012
-0.08195476769428962,-0.291312549497717,0.03655840256981044,0.3098,inf,2.9999999999999996,30.999999999999993,0.9722222222222222,0.00855925925925926,0.18180740740740742,108,10,1,monthly_industry_30,monthly industry,uniform_high_overlap,7,calibration,block,ridge_return_train_only,0.12133012345679012
0.014289735838779998,-0.007995830058551178,0.046201237947984745,0.0169,0.0169,6.000000000000001,30.999999999999993,0.9558823529411764,0.005722058823529412,0.07954117647058823,136,0,2,monthly_industry_30,monthly industry,uniform_high_overlap,7,test,iid,constant_a000,0.12133012345679012
-0.03389524248366005,-0.10004141211328971,0.01501221650326798,0.09720000000000001,0.09720000000000001,4.0,30.999999999999993,0.9705882352941176,0.005813235294117649,0.08037058823529412,136,7,1,monthly_industry_30,monthly industry,uniform_high_overlap,7,test,iid,constant_a001,0.12133012345679012
0.06587461045751641,0.014820483318355135,0.12437783916122007,-0.04410000000000001,-0.0441,4.0,30.999999999999993,0.9705882352941176,0.011203676470588236,0.12225294117647058,136,5,1,monthly_industry_30,monthly industry,uniform_high_overlap,7,test,iid,constant_a002,0.12133012345679012
-0.00432948551198256,-0.051776334586056634,0.03233395953159041,0.0787,inf,2.0,30.999999999999993,0.9852941176470589,0.012388235294117648,0.15730882352941175,136,27,1,monthly_industry_30,monthly industry,uniform_high_overlap,7,test,iid,constant_a003,0.12133012345679012
0.02084393785403054,-0.0030508284191176297,0.05179456250272335,0.0217,0.0217,5.0,30.999999999999993,0.9632352941176471,0.0059507352941176464,0.1360823529411765,136,1,2,monthly_industry_30,monthly industry,uniform_high_overlap,7,test,iid,constant_a004,0.12133012345679012
0.025181751307189613,-0.021068095746187343,0.07952603600898693,0.0233,0.023300000000000005,9.999999999999998,30.999999999999993,0.9264705882352942,0.005198529411764706,0.09060294117647058,136,0,2,monthly_industry_30,monthly industry,uniform_high_overlap,7,test,iid,constant_a005,0.12133012345679012
-0.02951877189542476,-0.11991890451116562,0.04914255623366019,0.18250000000000002,0.18250000000000002,4.0,30.999999999999993,0.9705882352941176,0.004352205882352941,0.14798235294117645,136,7,1,monthly_industry_30,monthly industry,uniform_high_overlap,7,test,iid,constant_a006,0.12133012345679012
0.001959904575163394,-0.012613870046296279,0.01440727919389979,0.0202,0.0202,4.0,30.999999999999993,0.9705882352941176,0.008147794117647059,0.0847264705882353,136,3,1,monthly_industry_30,monthly industry,uniform_high_overlap,7,test,iid,constant_a007,0.12133012345679012
0.0427140005446624,-0.00513956988017429,0.09164576489923752,0.028600000000000004,0.0286,6.000000000000001,30.999999999999993,0.9558823529411764,0.006644117647058825,0.12974411764705882,136,0,2,monthly_industry_30,monthly industry,uniform_high_overlap,7,test,iid,constant_a008,0.12133012345679012
0.041142992810457565,-0.07165459155773413,0.2183553066870914,0.1235,0.12350000000000001,4.0,30.999999999999993,0.9705882352941176,0.0021544117647058834,0.2105794117647059,136,3,1,monthly_industry_30,monthly industry,uniform_high_overlap,7,test,iid,constant_a009,0.12133012345679012
0.0030891065904140183,-0.08717108512799561,0.06712260448120919,0.12960000000000002,inf,2.9999999999999996,30.999999999999993,0.9779411764705882,0.01612941176470588,0.1451029411764706,136,10,1,monthly_industry_30,monthly industry,uniform_high_overlap,7,test,iid,constant_a010,0.12133012345679012
0.11671032655517324,-0.05170769886910017,0.3771297370421967,0.0144,0.0144,5.0,30.999999999999993,0.9632352941176471,0.01574558823529412,0.17915,136,3,2,monthly_industry_30,monthly industry,uniform_high_overlap,7,test,iid,constant_a011,0.12133012345679012
0.0010919417211329428,-0.0720521631386165,0.06198242555010895,0.1007,0.10070000000000001,6.000000000000001,30.999999999999993,0.9558823529411764,0.016123529411764703,0.12421176470588235,136,1,2,monthly_industry_30,monthly industry,uniform_high_overlap,7,test,iid,constant_a012,0.12133012345679012
0.05052416166007019,-0.029997129285086147,0.13139149717885573,0.10490000000000001,0.10490000000000001,5.0,30.999999999999993,0.9632352941176471,0.012578676470588237,0.14005882352941176,136,2,2,monthly_industry_30,monthly industry,uniform_high_overlap,7,test,iid,constant_a013,0.12133012345679012
0.008480808605664508,-0.04089125021786488,0.08562990422385622,0.0974,inf,2.0,30.999999999999993,0.9852941176470589,0.0199125,0.21385882352941174,136,30,1,monthly_industry_30,monthly industry,uniform_high_overlap,7,test,iid,constant_a014,0.12133012345679012
-0.08634629357298465,-0.2621483553989651,0.01733486026688454,0.3502,0.3502,6.000000000000001,30.999999999999993,0.9558823529411764,0.012144117647058823,0.14591176470588232,136,0,2,monthly_industry_30,monthly industry,uniform_high_overlap,7,test,iid,constant_a015,0.12133012345679012
0.07450129079520704,-0.0005610765890522874,0.1551667023992374,0.023700000000000002,0.023700000000000002,5.0,30.999999999999993,0.9632352941176471,0.015613235294117645,0.13995294117647059,136,2,2,monthly_industry_30,monthly industry,uniform_high_overlap,7,test,iid,constant_a016,0.12133012345679012
-0.04573589340958599,-0.144607209746732,0.017005808605664488,0.1519,0.1519,2.9999999999999996,30.999999999999993,0.9779411764705882,0.009413235294117648,0.2893911764705882,136,8,1,monthly_industry_30,monthly industry,uniform_high_overlap,7,test,iid,constant_a017,0.12133012345679012
0.09907156323529416,-0.023143350096677482,0.30702359184232025,0.05559999999999999,0.055600000000000004,7.0,30.999999999999993,0.9485294117647058,0.010013235294117651,0.17509411764705882,136,0,2,monthly_industry_30,monthly industry,uniform_high_overlap,7,test,iid,constant_a018,0.12133012345679012
0.026894882897603504,-0.0036931259204793046,0.06629131048202618,0.0159,0.0159,6.000000000000001,30.999999999999993,0.9558823529411764,0.008348529411764708,0.08674705882352941,136,0,2,monthly_industry_30,monthly industry,uniform_high_overlap,7,test,iid,constant_a019,0.12133012345679012
0.015364632135076309,0.006453918518518516,0.028449195206971686,-0.024700000000000003,inf,2.0,30.999999999999993,0.9852941176470589,0.005097058823529412,0.1036735294117647,136,17,1,monthly_industry_30,monthly industry,uniform_high_overlap,7,test,iid,constant_a020,0.12133012345679012
0.00578931633986933,-0.03297496214869277,0.03868178187500002,0.0444,0.0444,4.0,30.999999999999993,0.9705882352941176,0.014211029411764706,0.10055882352941177,136,0,1,monthly_industry_30,monthly industry,uniform_high_overlap,7,test,iid,constant_a021,0.12133012345679012
0.009438161546841023,-0.03502265811546837,0.043403336831427095,0.0542,inf,2.0,30.999999999999993,0.9852941176470589,0.020024264705882353,0.10592058823529413,136,29,1,monthly_industry_30,monthly industry,uniform_high_overlap,7,test,iid,constant_a022,0.12133012345679012
0.0029172575163398653,-0.014716922160947684,0.01861123794798475,0.024900000000000002,0.024900000000000005,4.0,30.999999999999993,0.9705882352941176,0.002658823529411765,0.10287058823529413,136,1,1,monthly_industry_30,monthly industry,uniform_high_overlap,7,test,iid,constant_a023,0.12133012345679012
-0.0010734994553376464,-0.0556632247154139,0.07079231985566452,0.0629,0.0629,6.000000000000001,30.999999999999993,0.9558823529411764,0.008090441176470588,0.12422352941176472,136,1,2,monthly_industry_30,monthly industry,uniform_high_overlap,7,test,iid,constant_a024,0.12133012345679012
0.03114866541394339,0.006453918518518517,0.07659147921840966,-0.015499999999999998,-0.015499999999999998,2.9999999999999996,30.999999999999993,0.9779411764705882,0.010133823529411765,0.10630294117647059,136,8,1,monthly_industry_30,monthly industry,uniform_high_overlap,7,test,iid,constant_a025,0.12133012345679012
0.03625097500000003,-0.01540194613834419,0.09554865552832247,0.0507,0.0507,7.0,30.999999999999993,0.9485294117647058,0.012989705882352941,0.09431470588235294,136,0,2,monthly_industry_30,monthly industry,uniform_high_overlap,7,test,iid,constant_a026,0.12133012345679012
0.01579593398692813,-0.01516416022467319,0.06134619098856214,0.025,0.025,4.0,30.999999999999993,0.9705882352941176,0.01041985294117647,0.09985882352941176,136,2,1,monthly_industry_30,monthly industry,uniform_high_overlap,7,test,iid,constant_a027,0.12133012345679012
0.0012427830610021822,-0.025252634840686232,0.029062110457516374,0.0301,0.030100000000000002,2.9999999999999996,30.999999999999993,0.9779411764705882,0.011051470588235293,0.1126235294117647,136,6,1,monthly_industry_30,monthly industry,uniform_high_overlap,7,test,iid,constant_a028,0.12133012345679012
0.010656753649237485,-0.0003751062636165358,0.026822588398692844,0.008,inf,2.9999999999999996,30.999999999999993,0.9779411764705882,0.008997058823529412,0.08895882352941176,136,12,1,monthly_industry_30,monthly industry,uniform_high_overlap,7,test,iid,constant_a029,0.12133012345679012
-0.007312342320261407,-0.034844863997821315,0.006453918518518517,0.053939999999999995,inf,1.0,30.999999999999993,0.9926470588235294,0.01024235294117647,0.10200901960784312,136,90,0,monthly_industry_30,monthly industry,uniform_high_overlap,7,test,iid,constant_equal_weight_public,0.12133012345679012
0.061065051633987,-0.0013452424836601275,0.1442976507380174,0.0175,0.0175,4.0,30.999999999999993,0.9705882352941176,0.02070735294117647,0.17675588235294115,136,6,1,monthly_industry_30,monthly industry,uniform_high_overlap,7,test,iid,momentum_12,0.12133012345679012
0.009502971132897645,-0.045236209204793,0.05260938787854034,0.058100000000000006,0.058100000000000006,6.000000000000001,30.999999999999993,0.9558823529411764,0.006003799019607842,0.08625,136,0,2,monthly_industry_30,monthly industry,uniform_high_overlap,7,test,iid,low_vol_12,0.12133012345679012
0.07819419989031591,-0.01167354836328975,0.1904275769774885,0.025,0.025,5.0,30.999999999999993,0.9632352941176471,0.015530686274509806,0.1313264705882353,136,0,2,monthly_industry_30,monthly industry,uniform_high_overlap,7,test,iid,risk_adjusted_12,0.12133012345679012
0.06602077085729138,0.015040716113166895,0.12851772764421684,0.0169,0.0169,5.0,30.999999999999993,0.9632352941176471,0.011333823529411766,0.12323529411764705,136,3,2,monthly_industry_30,monthly industry,uniform_high_overlap,7,test,iid,ridge_return_train_only,0.12133012345679012
0.014289735838779998,-0.007894053225762513,0.042450328322440084,0.0169,0.0169,6.000000000000001,30.999999999999993,0.9558823529411764,0.005722058823529412,0.07954117647058823,136,0,2,monthly_industry_30,monthly industry,uniform_high_overlap,7,test,block,constant_a000,0.12133012345679012
-0.03389524248366005,-0.10649207417075159,0.015012216503267973,0.09720000000000001,0.09720000000000001,4.0,30.999999999999993,0.9705882352941176,0.005813235294117649,0.08037058823529412,136,3,1,monthly_industry_30,monthly industry,uniform_high_overlap,7,test,block,constant_a001,0.12133012345679012
0.06587461045751641,0.015035010620915041,0.14202616866693898,-0.04410000000000001,-0.0441,4.0,30.999999999999993,0.9705882352941176,0.011203676470588236,0.12225294117647058,136,3,1,monthly_industry_30,monthly industry,uniform_high_overlap,7,test,block,constant_a002,0.12133012345679012
-0.00432948551198256,-0.051776334586056634,0.03233395953159041,0.0787,inf,2.0,30.999999999999993,0.9852941176470589,0.012388235294117648,0.15730882352941175,136,38,1,monthly_industry_30,monthly industry,uniform_high_overlap,7,test,block,constant_a003,0.12133012345679012
0.02084393785403054,-0.00021924523692808996,0.04404396048474949,0.0217,0.0217,5.0,30.999999999999993,0.9632352941176471,0.0059507352941176464,0.1360823529411765,136,0,2,monthly_industry_30,monthly industry,uniform_high_overlap,7,test,block,constant_a004,0.12133012345679012
0.025181751307189613,-0.02369789383306098,0.07840673947303924,0.0233,0.023300000000000005,9.999999999999998,30.999999999999993,0.9264705882352942,0.005198529411764706,0.09060294117647058,136,1,2,monthly_industry_30,monthly industry,uniform_high_overlap,7,test,block,constant_a005,0.12133012345679012
-0.02951877189542476,-0.15400233052832238,0.036029423690087194,0.18250000000000002,0.18250000000000002,4.0,30.999999999999993,0.9705882352941176,0.004352205882352941,0.14798235294117645,136,1,1,monthly_industry_30,monthly industry,uniform_high_overlap,7,test,block,constant_a006,0.12133012345679012
0.001959904575163394,-0.01596577362336599,0.014446816983932477,0.0202,0.0202,4.0,30.999999999999993,0.9705882352941176,0.008147794117647059,0.0847264705882353,136,1,1,monthly_industry_30,monthly industry,uniform_high_overlap,7,test,block,constant_a007,0.12133012345679012
0.0427140005446624,-0.0015495088453159054,0.09694761592184101,0.028600000000000004,0.028600000000000004,6.000000000000001,30.999999999999993,0.9558823529411764,0.006644117647058825,0.12974411764705882,136,2,2,monthly_industry_30,monthly industry,uniform_high_overlap,7,test,block,constant_a008,0.12133012345679012
0.041142992810457565,-0.09063021755310445,0.19505793206835506,0.1235,0.12350000000000001,4.0,30.999999999999993,0.9705882352941176,0.0021544117647058834,0.2105794117647059,136,4,1,monthly_industry_30,monthly industry,uniform_high_overlap,7,test,block,constant_a009,0.12133012345679012
0.0030891065904140183,-0.07909597777777774,0.07465512251225495,0.12960000000000002,inf,2.9999999999999996,30.999999999999993,0.9779411764705882,0.01612941176470588,0.1451029411764706,136,10,1,monthly_industry_30,monthly industry,uniform_high_overlap,7,test,block,constant_a010,0.12133012345679012
0.11671032655517324,-0.050829748689906785,0.3640652008158933,0.0144,0.0144,5.0,30.999999999999993,0.9632352941176471,0.01574558823529412,0.17915,136,3,2,monthly_industry_30,monthly industry,uniform_high_overlap,7,test,block,constant_a011,0.12133012345679012
0.0010919417211329428,-0.0672420219675925,0.07059333218954252,0.1007,0.10070000000000001,6.000000000000001,30.999999999999993,0.9558823529411764,0.016123529411764703,0.12421176470588235,136,3,2,monthly_industry_30,monthly industry,uniform_high_overlap,7,test,block,constant_a012,0.12133012345679012
0.05052416166007019,-0.023141035862770304,0.13758866249423185,0.10490000000000001,0.10490000000000001,5.0,30.999999999999993,0.9632352941176471,0.012578676470588237,0.14005882352941176,136,2,2,monthly_industry_30,monthly industry,uniform_high_overlap,7,test,block,constant_a013,0.12133012345679012
0.008480808605664508,-0.04143239257489102,0.08355234188453159,0.0974,inf,2.0,30.999999999999993,0.9852941176470589,0.0199125,0.21385882352941174,136,26,1,monthly_industry_30,monthly industry,uniform_high_overlap,7,test,block,constant_a014,0.12133012345679012
-0.08634629357298465,-0.3149062053077341,0.015591974881535959,0.3502,0.3502,6.000000000000001,30.999999999999993,0.9558823529411764,0.012144117647058823,0.14591176470588232,136,0,2,monthly_industry_30,monthly industry,uniform_high_overlap,7,test,block,constant_a015,0.12133012345679012
0.07450129079520704,0.0001686710089869268,0.16389321240332247,0.023700000000000002,0.023700000000000002,5.0,30.999999999999993,0.9632352941176471,0.015613235294117645,0.13995294117647059,136,0,2,monthly_industry_30,monthly industry,uniform_high_overlap,7,test,block,constant_a016,0.12133012345679012
-0.04573589340958599,-0.1299247307802288,0.011729863562091504,0.1519,0.1519,2.9999999999999996,30.999999999999993,0.9779411764705882,0.009413235294117648,0.2893911764705882,136,9,1,monthly_industry_30,monthly industry,uniform_high_overlap,7,test,block,constant_a017,0.12133012345679012
0.09907156323529416,-0.04211835799155768,0.3663837704221133,0.05559999999999999,0.055600000000000004,7.0,30.999999999999993,0.9485294117647058,0.010013235294117651,0.17509411764705882,136,0,2,monthly_industry_30,monthly industry,uniform_high_overlap,7,test,block,constant_a018,0.12133012345679012
0.026894882897603504,-0.0053476466162853875,0.07574430974945537,0.0159,0.0159,6.000000000000001,30.999999999999993,0.9558823529411764,0.008348529411764708,0.08674705882352941,136,0,2,monthly_industry_30,monthly industry,uniform_high_overlap,7,test,block,constant_a019,0.12133012345679012
0.015364632135076309,0.006453918518518516,0.028449195206971686,-0.024700000000000003,inf,2.0,30.999999999999993,0.9852941176470589,0.005097058823529412,0.1036735294117647,136,27,1,monthly_industry_30,monthly industry,uniform_high_overlap,7,test,block,constant_a020,0.12133012345679012
0.00578931633986933,-0.03972240864106748,0.04522313986928107,0.0444,0.0444,4.0,30.999999999999993,0.9705882352941176,0.014211029411764706,0.10055882352941177,136,5,1,monthly_industry_30,monthly industry,uniform_high_overlap,7,test,block,constant_a021,0.12133012345679012
0.009438161546841023,-0.032113021162853986,0.05688322423747275,0.0542,inf,2.0,30.999999999999993,0.9852941176470589,0.020024264705882353,0.10592058823529413,136,34,1,monthly_industry_30,monthly industry,uniform_high_overlap,7,test,block,constant_a022,0.12133012345679012
0.0029172575163398653,-0.017111178035130688,0.01842120182734205,0.024900000000000002,0.024900000000000005,4.0,30.999999999999993,0.9705882352941176,0.002658823529411765,0.10287058823529413,136,1,1,monthly_industry_30,monthly industry,uniform_high_overlap,7,test,block,constant_a023,0.12133012345679012
-0.0010734994553376464,-0.05985301397058818,0.05722438033496732,0.0629,0.0629,6.000000000000001,30.999999999999993,0.9558823529411764,0.008090441176470588,0.12422352941176472,136,0,2,monthly_industry_30,monthly industry,uniform_high_overlap,7,test,block,constant_a024,0.12133012345679012
0.03114866541394339,0.008515892973856203,0.07075076525054469,-0.015499999999999998,-0.015499999999999998,2.9999999999999996,30.999999999999993,0.9779411764705882,0.010133823529411765,0.10630294117647059,136,4,1,monthly_industry_30,monthly industry,uniform_high_overlap,7,test,block,constant_a025,0.12133012345679012
0.03625097500000003,-0.019601544335511964,0.09760952244281049,0.0507,0.0507,7.0,30.999999999999993,0.9485294117647058,0.012989705882352941,0.09431470588235294,136,0,2,monthly_industry_30,monthly industry,uniform_high_overlap,7,test,block,constant_a026,0.12133012345679012
0.01579593398692813,-0.015162450665849666,0.054998599076797404,0.025,0.025,4.0,30.999999999999993,0.9705882352941176,0.01041985294117647,0.09985882352941176,136,3,1,monthly_industry_30,monthly industry,uniform_high_overlap,7,test,block,constant_a027,0.12133012345679012
0.0012427830610021822,-0.028368562145969462,0.02906211045751636,0.0301,inf,2.9999999999999996,30.999999999999993,0.9779411764705882,0.011051470588235293,0.1126235294117647,136,12,1,monthly_industry_30,monthly industry,uniform_high_overlap,7,test,block,constant_a028,0.12133012345679012
0.010656753649237485,-0.0023307808156318045,0.024550289960511992,0.008,inf,2.9999999999999996,30.999999999999993,0.9779411764705882,0.008997058823529412,0.08895882352941176,136,15,1,monthly_industry_30,monthly industry,uniform_high_overlap,7,test,block,constant_a029,0.12133012345679012
-0.007312342320261407,-0.034844863997821315,0.006453918518518517,0.053939999999999995,inf,1.0,30.999999999999993,0.9926470588235294,0.01024235294117647,0.10200901960784312,136,65,0,monthly_industry_30,monthly industry,uniform_high_overlap,7,test,block,constant_equal_weight_public,0.12133012345679012
0.061065051633987,0.0009938341503267962,0.15033211470588234,0.0175,0.0175,4.0,30.999999999999993,0.9705882352941176,0.02070735294117647,0.17675588235294115,136,5,1,monthly_industry_30,monthly industry,uniform_high_overlap,7,test,block,momentum_12,0.12133012345679012
0.009502971132897645,-0.0337634528472222,0.0485728890645425,0.058100000000000006,0.058100000000000006,6.000000000000001,30.999999999999993,0.9558823529411764,0.006003799019607842,0.08625,136,0,2,monthly_industry_30,monthly industry,uniform_high_overlap,7,test,block,low_vol_12,0.12133012345679012
0.07819419989031591,-0.006218548011982564,0.18484608941706968,0.025,0.025,5.0,30.999999999999993,0.9632352941176471,0.015530686274509806,0.1313264705882353,136,0,2,monthly_industry_30,monthly industry,uniform_high_overlap,7,test,block,risk_adjusted_12,0.12133012345679012
0.06602077085729138,0.01613427584200758,0.14632764850486005,0.0169,0.0169,5.0,30.999999999999993,0.9632352941176471,0.011333823529411766,0.12323529411764705,136,1,2,monthly_industry_30,monthly industry,uniform_high_overlap,7,test,block,ridge_return_train_only,0.12133012345679012
-0.026024271604938115,-0.08496467748971172,0.010198577777777775,0.0692,inf,2.9999999999999996,30.999999999999993,0.9722222222222222,0.009589814814814813,0.0832074074074074,108,13,1,monthly_industry_30,monthly industry,uniform_high_overlap,17,calibration,iid,constant_a000,0.12133012345679012
0.021048986008230464,0.010198577777777775,0.04274980246913579,-0.048,inf,1.0,30.999999999999993,0.9907407407407407,0.011237037037037037,0.08046666666666666,108,79,0,monthly_industry_30,monthly industry,uniform_high_overlap,17,calibration,iid,constant_a001,0.12133012345679012
0.062354432098765275,0.010198577777777775,0.15697751491769563,-0.0421,-0.0421,2.9999999999999996,30.999999999999993,0.9722222222222222,0.01357037037037037,0.08148518518518519,108,8,1,monthly_industry_30,monthly industry,uniform_high_overlap,17,calibration,iid,constant_a002,0.12133012345679012
0.02090546748971198,0.010198577777777775,0.042319246913580286,-0.0475,inf,1.0,30.999999999999993,0.9907407407407407,0.009954629629629631,0.2067925925925926,108,67,0,monthly_industry_30,monthly industry,uniform_high_overlap,17,calibration,iid,constant_a003,0.12133012345679012
-0.09402212098765386,-0.33636451191357963,0.08717333508230476,0.2611,0.2611,6.000000000000001,30.999999999999993,0.9444444444444444,0.0031333333333333348,0.1556074074074074,108,3,2,monthly_industry_30,monthly industry,uniform_high_overlap,17,calibration,iid,constant_a004,0.12133012345679012
-0.0033487539094650223,-0.03078908641975305,0.010544246913580245,0.0374,inf,2.0,30.999999999999993,0.9814814814814815,0.007787037037037038,0.10028888888888889,108,19,1,monthly_industry_30,monthly industry,uniform_high_overlap,17,calibration,iid,constant_a005,0.12133012345679012
0.040768838683127556,0.010198577777777775,0.08935468006172843,-0.0541,inf,2.0,30.999999999999993,0.9814814814814815,0.012547222222222222,0.13836666666666664,108,31,1,monthly_industry_30,monthly industry,uniform_high_overlap,17,calibration,iid,constant_a006,0.12133012345679012
-0.0034623440329218024,-0.04857882104938268,0.0392050143415638,0.036699999999999997,0.036699999999999997,5.0,30.999999999999993,0.9537037037037037,0.010110185185185182,0.08343333333333333,108,3,2,monthly_industry_30,monthly industry,uniform_high_overlap,17,calibration,iid,constant_a007,0.12133012345679012
0.039678097942386824,0.010198577777777775,0.08721265596707824,-0.05,inf,2.0,30.999999999999993,0.9814814814814815,0.01219907407407408,0.1576222222222222,108,30,1,monthly_industry_30,monthly industry,uniform_high_overlap,17,calibration,iid,constant_a008,0.12133012345679012
0.018954023868312766,-0.03147797530864191,0.0781414691358025,0.0382,inf,2.0,30.999999999999993,0.9814814814814815,0.01513333333333333,0.24232222222222222,108,22,1,monthly_industry_30,monthly industry,uniform_high_overlap,17,calibration,iid,constant_a009,0.12133012345679012
0.025154023868312975,-0.008458013168724283,0.08304980246913601,0.0223,inf,2.0,30.999999999999993,0.9814814814814815,0.004490740740740739,0.16894074074074072,108,32,1,monthly_industry_30,monthly industry,uniform_high_overlap,17,calibration,iid,constant_a010,0.12133012345679012
0.13787428477366298,0.03517120823045276,0.2741717781069961,-0.06480000000000001,-0.06480000000000001,4.0,30.999999999999993,0.962962962962963,0.005515740740740741,0.23192222222222222,108,2,1,monthly_industry_30,monthly industry,uniform_high_overlap,17,calibration,iid,constant_a011,0.12133012345679012
-0.014715012345679006,-0.054782063292181035,0.011519764609053495,0.0583,inf,2.9999999999999996,30.999999999999993,0.9722222222222222,0.01081574074074074,0.17674444444444445,108,11,1,monthly_industry_30,monthly industry,uniform_high_overlap,17,calibration,iid,constant_a012,0.12133012345679012
0.08290710041152283,0.005946740246913576,0.19916490271604953,0.011699999999999999,0.011699999999999999,5.0,30.999999999999993,0.9537037037037037,0.009680555555555555,0.16028888888888887,108,3,2,monthly_industry_30,monthly industry,uniform_high_overlap,17,calibration,iid,constant_a013,0.12133012345679012
0.03190021069958851,0.008763800823045264,0.06076769263374489,-0.005200000000000001,-0.0052,4.0,30.999999999999993,0.962962962962963,0.009813888888888888,0.1906925925925926,108,6,1,monthly_industry_30,monthly industry,uniform_high_overlap,17,calibration,iid,constant_a014,0.12133012345679012
-0.05670730617283962,-0.18423776286008198,0.01810759884773666,0.16690000000000002,0.16690000000000002,6.000000000000001,30.999999999999993,0.9444444444444444,0.011383333333333332,0.1517,108,0,2,monthly_industry_30,monthly industry,uniform_high_overlap,17,calibration,iid,constant_a015,0.12133012345679012
0.06549137659327423,-0.024667541781611593,0.1987850425663803,-0.05389999999999999,-0.05389999999999999,2.9999999999999996,30.999999999999993,0.9722222222222222,0.005846296296296298,0.21665185185185185,108,9,1,monthly_industry_30,monthly industry,uniform_high_overlap,17,calibration,iid,constant_a016,0.12133012345679012
0.12349372921810689,0.013184171193415632,0.2630868638065846,-0.020600000000000004,-0.0206,4.0,30.999999999999993,0.962962962962963,-0.0003518518518518532,0.29553703703703704,108,2,1,monthly_industry_30,monthly industry,uniform_high_overlap,17,calibration,iid,constant_a017,0.12133012345679012
-0.03159115720164603,-0.12234747606995863,0.05083532644032929,0.1093,0.1093,7.0,30.999999999999993,0.9351851851851852,0.007457407407407407,0.13156296296296294,108,0,2,monthly_industry_30,monthly industry,uniform_high_overlap,17,calibration,iid,constant_a018,0.12133012345679012
0.0321852128290068,-0.013411468043871114,0.09184472843620749,0.0046,0.0046,5.0,30.999999999999993,0.9537037037037037,0.008509259259259258,0.09720740740740741,108,0,2,monthly_industry_30,monthly industry,uniform_high_overlap,17,calibration,iid,constant_a019,0.12133012345679012
0.03585533979711758,-0.019804746525548946,0.12017628352008276,0.0498,0.04980000000000001,5.0,30.999999999999993,0.9537037037037037,0.01028611111111111,0.11100000000000002,108,0,2,monthly_industry_30,monthly industry,uniform_high_overlap,17,calibration,iid,constant_a020,0.12133012345679012
0.006123468312757195,-0.026139086419752985,0.034310913580246905,0.032,inf,2.0,30.999999999999993,0.9814814814814815,0.008956481481481482,0.10537407407407408,108,28,1,monthly_industry_30,monthly industry,uniform_high_overlap,17,calibration,iid,constant_a021,0.12133012345679012
-0.09746001751145547,-0.33156442072528425,0.06708647596817585,0.0808,0.0808,6.000000000000001,30.999999999999993,0.9444444444444444,0.009407407407407408,0.13405555555555554,108,0,2,monthly_industry_30,monthly industry,uniform_high_overlap,17,calibration,iid,constant_a022,0.12133012345679012
0.018840025514403315,-0.028980025288065744,0.07981475281893016,0.04990000000000001,0.04990000000000001,4.0,30.999999999999993,0.962962962962963,0.009435185185185184,0.1265962962962963,108,3,1,monthly_industry_30,monthly industry,uniform_high_overlap,17,calibration,iid,constant_a023,0.12133012345679012
0.005693320987654317,-0.014843682119341565,0.02595928203703709,0.013600000000000003,0.013600000000000003,2.9999999999999996,30.999999999999993,0.9722222222222222,0.011483333333333335,0.11916296296296297,108,9,1,monthly_industry_30,monthly industry,uniform_high_overlap,17,calibration,iid,constant_a024,0.12133012345679012
-0.027602975308641864,-0.08748128491769536,0.010198577777777775,0.075,inf,2.9999999999999996,30.999999999999993,0.9722222222222222,0.010116666666666666,0.11522222222222221,108,16,1,monthly_industry_30,monthly industry,uniform_high_overlap,17,calibration,iid,constant_a025,0.12133012345679012
-0.034463160493827034,-0.09350688950617271,0.010198577777777775,0.058499999999999996,0.058499999999999996,2.9999999999999996,30.999999999999993,0.9722222222222222,0.009475925925925928,0.09744814814814814,108,9,1,monthly_industry_30,monthly industry,uniform_high_overlap,17,calibration,iid,constant_a026,0.12133012345679012
0.013903396707819074,-0.02304869386831275,0.036017305390946504,0.0322,0.0322,5.0,30.999999999999993,0.9537037037037037,0.011696296296296293,0.0864962962962963,108,1,2,monthly_industry_30,monthly industry,uniform_high_overlap,17,calibration,iid,constant_a027,0.12133012345679012
0.029029023868312794,0.010198577777777775,0.05625858189300412,-0.0418,inf,2.0,30.999999999999993,0.9814814814814815,0.0033916666666666683,0.17157407407407407,108,25,1,monthly_industry_30,monthly industry,uniform_high_overlap,17,calibration,iid,constant_a028,0.12133012345679012
0.012782727572016457,0.010025029444444443,0.02079228559670782,-0.009899999999999999,inf,2.0,30.999999999999993,0.9814814814814815,0.005977777777777777,0.14215185185185186,108,19,1,monthly_industry_30,monthly industry,uniform_high_overlap,17,calibration,iid,constant_a029,0.12133012345679012
0.02592474732112646,-0.04037304458880105,0.06937855382173672,-0.028693333333333335,-0.028693333333333335,2.9999999999999996,30.999999999999993,0.9722222222222222,0.008955,0.12133012345679012,108,7,1,monthly_industry_30,monthly industry,uniform_high_overlap,17,calibration,iid,constant_equal_weight_public,0.12133012345679012
0.12416892653760771,0.00011454438101185011,0.265022772951491,0.0583,0.058300000000000005,6.000000000000001,30.999999999999993,0.9444444444444444,0.013036111111111111,0.2308074074074074,108,0,2,monthly_industry_30,monthly industry,uniform_high_overlap,17,calibration,iid,momentum_12,0.12133012345679012
-0.030965823776295795,-0.11382356596459427,0.026268271558243413,0.0692,0.0692,4.0,30.999999999999993,0.962962962962963,0.009154320987654322,0.09146296296296295,108,4,1,monthly_industry_30,monthly industry,uniform_high_overlap,17,calibration,iid,low_vol_12,0.12133012345679012
0.02160877574937335,-0.03516653522201814,0.08117395783424726,0.0344,0.0344,4.0,30.999999999999993,0.962962962962963,0.0024592592592592587,0.2494555555555555,108,4,1,monthly_industry_30,monthly industry,uniform_high_overlap,17,calibration,iid,risk_adjusted_12,0.12133012345679012
-0.1075762833477876,-0.33413895122197285,0.061707782203111565,0.0808,0.0808,7.0,30.999999999999993,0.9351851851851852,0.01298283950617284,0.12079827160493826,108,1,2,monthly_industry_30,monthly industry,uniform_high_overlap,17,calibration,iid,ridge_return_train_only,0.12133012345679012
-0.026024271604938115,-0.08075454133744843,0.005805156358024715,0.0692,0.0692,2.9999999999999996,30.999999999999993,0.9722222222222222,0.009589814814814813,0.0832074074074074,108,5,1,monthly_industry_30,monthly industry,uniform_high_overlap,17,calibration,block,constant_a000,0.12133012345679012
0.021048986008230464,0.010198577777777775,0.042749802469135796,-0.048,inf,1.0,30.999999999999993,0.9907407407407407,0.011237037037037037,0.08046666666666666,108,73,0,monthly_industry_30,monthly industry,uniform_high_overlap,17,calibration,block,constant_a001,0.12133012345679012
0.062354432098765275,0.010198577777777775,0.12894784115226343,-0.0421,-0.0421,2.9999999999999996,30.999999999999993,0.9722222222222222,0.01357037037037037,0.08148518518518519,108,9,1,monthly_industry_30,monthly industry,uniform_high_overlap,17,calibration,block,constant_a002,0.12133012345679012
0.02090546748971198,0.010198577777777775,0.0423192469135803,-0.0475,inf,1.0,30.999999999999993,0.9907407407407407,0.009954629629629631,0.2067925925925926,108,60,0,monthly_industry_30,monthly industry,uniform_high_overlap,17,calibration,block,constant_a003,0.12133012345679012
-0.09402212098765386,-0.3212804062551434,0.1025127569958849,0.2611,0.2611,6.000000000000001,30.999999999999993,0.9444444444444444,0.0031333333333333348,0.1556074074074074,108,4,2,monthly_industry_30,monthly industry,uniform_high_overlap,17,calibration,block,constant_a004,0.12133012345679012
-0.0033487539094650223,-0.030789086419753055,0.010544246913580245,0.0374,inf,2.0,30.999999999999993,0.9814814814814815,0.007787037037037038,0.10028888888888889,108,28,1,monthly_industry_30,monthly industry,uniform_high_overlap,17,calibration,block,constant_a005,0.12133012345679012
0.040768838683127556,0.010198577777777775,0.08930802633744858,-0.0541,inf,2.0,30.999999999999993,0.9814814814814815,0.012547222222222222,0.13836666666666664,108,19,1,monthly_industry_30,monthly industry,uniform_high_overlap,17,calibration,block,constant_a006,0.12133012345679012
-0.0034623440329218024,-0.0431090005349794,0.047368306851851845,0.036699999999999997,0.036699999999999997,5.0,30.999999999999993,0.9537037037037037,0.010110185185185182,0.08343333333333333,108,3,2,monthly_industry_30,monthly industry,uniform_high_overlap,17,calibration,block,constant_a007,0.12133012345679012
0.039678097942386824,0.010198577777777775,0.09396305969135817,-0.05,inf,2.0,30.999999999999993,0.9814814814814815,0.01219907407407408,0.1576222222222222,108,26,1,monthly_industry_30,monthly industry,uniform_high_overlap,17,calibration,block,constant_a008,0.12133012345679012
0.018954023868312766,-0.017714209403292127,0.08689691522633748,0.0382,inf,2.0,30.999999999999993,0.9814814814814815,0.01513333333333333,0.24232222222222222,108,28,1,monthly_industry_30,monthly industry,uniform_high_overlap,17,calibration,block,constant_a009,0.12133012345679012
0.025154023868312975,-0.008458013168724283,0.07395471438271625,0.0223,inf,2.0,30.999999999999993,0.9814814814814815,0.004490740740740739,0.16894074074074072,108,21,1,monthly_industry_30,monthly industry,uniform_high_overlap,17,calibration,block,constant_a010,0.12133012345679012
0.13787428477366298,0.025871208230452747,0.26717995390946514,-0.06480000000000001,-0.06480000000000001,4.0,30.999999999999993,0.962962962962963,0.005515740740740741,0.23192222222222222,108,4,1,monthly_industry_30,monthly industry,uniform_high_overlap,17,calibration,block,constant_a011,0.12133012345679012
-0.014715012345679006,-0.06778734403292178,0.011519764609053495,0.0583,0.0583,2.9999999999999996,30.999999999999993,0.9722222222222222,0.01081574074074074,0.17674444444444445,108,5,1,monthly_industry_30,monthly industry,uniform_high_overlap,17,calibration,block,constant_a012,0.12133012345679012
0.08290710041152283,0.005218992283950616,0.2310830130041153,0.011699999999999999,0.011699999999999999,5.0,30.999999999999993,0.9537037037037037,0.009680555555555555,0.16028888888888887,108,0,2,monthly_industry_30,monthly industry,uniform_high_overlap,17,calibration,block,constant_a013,0.12133012345679012
0.03190021069958851,0.008763800823045264,0.06229866781893011,-0.005200000000000001,-0.0052,4.0,30.999999999999993,0.962962962962963,0.009813888888888888,0.1906925925925926,108,0,1,monthly_industry_30,monthly industry,uniform_high_overlap,17,calibration,block,constant_a014,0.12133012345679012
-0.05670730617283962,-0.1900902401028804,0.019245696234567906,0.16690000000000002,0.16690000000000002,6.000000000000001,30.999999999999993,0.9444444444444444,0.011383333333333332,0.1517,108,0,2,monthly_industry_30,monthly industry,uniform_high_overlap,17,calibration,block,constant_a015,0.12133012345679012
0.06549137659327423,-0.020479627984321562,0.20195902033514423,-0.05389999999999999,-0.05389999999999999,2.9999999999999996,30.999999999999993,0.9722222222222222,0.005846296296296298,0.21665185185185185,108,5,1,monthly_industry_30,monthly industry,uniform_high_overlap,17,calibration,block,constant_a016,0.12133012345679012
0.12349372921810689,0.013184171193415632,0.23508266617283988,-0.020600000000000004,-0.0206,4.0,30.999999999999993,0.962962962962963,-0.0003518518518518532,0.29553703703703704,108,4,1,monthly_industry_30,monthly industry,uniform_high_overlap,17,calibration,block,constant_a017,0.12133012345679012
-0.03159115720164603,-0.11761719436213969,0.05625892187242798,0.1093,0.1093,7.0,30.999999999999993,0.9351851851851852,0.007457407407407407,0.13156296296296294,108,0,2,monthly_industry_30,monthly industry,uniform_high_overlap,17,calibration,block,constant_a018,0.12133012345679012
0.0321852128290068,-0.019067061353453173,0.08715573843490831,0.0046,0.0046,5.0,30.999999999999993,0.9537037037037037,0.008509259259259258,0.09720740740740741,108,1,2,monthly_industry_30,monthly industry,uniform_high_overlap,17,calibration,block,constant_a019,0.12133012345679012
0.03585533979711758,-0.022225632531157023,0.11985936686818076,0.0498,0.04980000000000001,5.0,30.999999999999993,0.9537037037037037,0.01028611111111111,0.11100000000000002,108,3,2,monthly_industry_30,monthly industry,uniform_high_overlap,17,calibration,block,constant_a020,0.12133012345679012
0.006123468312757195,-0.026139086419753002,0.026372526707818963,0.032,inf,2.0,30.999999999999993,0.9814814814814815,0.008956481481481482,0.10537407407407408,108,21,1,monthly_industry_30,monthly industry,uniform_high_overlap,17,calibration,block,constant_a021,0.12133012345679012
-0.09746001751145547,-0.2714843279533458,0.04431602656952549,0.0808,0.0808,6.000000000000001,30.999999999999993,0.9444444444444444,0.009407407407407408,0.13405555555555554,108,0,2,monthly_industry_30,monthly industry,uniform_high_overlap,17,calibration,block,constant_a022,0.12133012345679012
0.018840025514403315,-0.03358081055555547,0.07461173004115232,0.04990000000000001,0.04990000000000001,4.0,30.999999999999993,0.962962962962963,0.009435185185185184,0.1265962962962963,108,2,1,monthly_industry_30,monthly industry,uniform_high_overlap,17,calibration,block,constant_a023,0.12133012345679012
0.005693320987654317,-0.01423621096707819,0.025762002119341623,0.013600000000000003,0.013600000000000003,2.9999999999999996,30.999999999999993,0.9722222222222222,0.011483333333333335,0.11916296296296297,108,7,1,monthly_industry_30,monthly industry,uniform_high_overlap,17,calibration,block,constant_a024,0.12133012345679012
-0.027602975308641864,-0.09048907267489709,0.010198577777777775,0.075,inf,2.9999999999999996,30.999999999999993,0.9722222222222222,0.010116666666666666,0.11522222222222221,108,18,1,monthly_industry_30,monthly industry,uniform_high_overlap,17,calibration,block,constant_a025,0.12133012345679012
-0.034463160493827034,-0.0935068895061727,0.010198577777777775,0.058499999999999996,inf,2.9999999999999996,30.999999999999993,0.9722222222222222,0.009475925925925928,0.09744814814814814,108,11,1,monthly_industry_30,monthly industry,uniform_high_overlap,17,calibration,block,constant_a026,0.12133012345679012
0.013903396707819074,-0.020683382386831206,0.03728801516460913,0.0322,0.0322,5.0,30.999999999999993,0.9537037037037037,0.011696296296296293,0.0864962962962963,108,2,2,monthly_industry_30,monthly industry,uniform_high_overlap,17,calibration,block,constant_a027,0.12133012345679012
0.029029023868312794,0.010198577777777775,0.05625858189300412,-0.0418,inf,2.0,30.999999999999993,0.9814814814814815,0.0033916666666666683,0.17157407407407407,108,26,1,monthly_industry_30,monthly industry,uniform_high_overlap,17,calibration,block,constant_a028,0.12133012345679012
0.012782727572016457,0.009941469135802464,0.01820813580246913,-0.009899999999999999,inf,2.0,30.999999999999993,0.9814814814814815,0.005977777777777777,0.14215185185185186,108,23,1,monthly_industry_30,monthly industry,uniform_high_overlap,17,calibration,block,constant_a029,0.12133012345679012
0.02592474732112646,-0.029793690527734833,0.07126778013348023,-0.028693333333333335,inf,2.9999999999999996,30.999999999999993,0.9722222222222222,0.008955,0.12133012345679012,108,13,1,monthly_industry_30,monthly industry,uniform_high_overlap,17,calibration,block,constant_equal_weight_public,0.12133012345679012
0.12416892653760771,0.005134586411208648,0.24964276030037247,0.0583,0.058300000000000005,6.000000000000001,30.999999999999993,0.9444444444444444,0.013036111111111111,0.2308074074074074,108,0,2,monthly_industry_30,monthly industry,uniform_high_overlap,17,calibration,block,momentum_12,0.12133012345679012
-0.030965823776295795,-0.12261943974463538,0.03645531868191921,0.0692,0.0692,4.0,30.999999999999993,0.962962962962963,0.009154320987654322,0.09146296296296295,108,6,1,monthly_industry_30,monthly industry,uniform_high_overlap,17,calibration,block,low_vol_12,0.12133012345679012
0.02160877574937335,-0.025599110715645513,0.08535384184151483,0.0344,0.0344,4.0,30.999999999999993,0.962962962962963,0.0024592592592592587,0.2494555555555555,108,4,1,monthly_industry_30,monthly industry,uniform_high_overlap,17,calibration,block,risk_adjusted_12,0.12133012345679012
-0.1075762833477876,-0.2763367075218341,0.03328538925565295,0.0808,0.0808,7.0,30.999999999999993,0.9351851851851852,0.01298283950617284,0.12079827160493826,108,0,2,monthly_industry_30,monthly industry,uniform_high_overlap,17,calibration,block,ridge_return_train_only,0.12133012345679012
0.032446933333333317,-0.013556225310457476,0.09152961045751634,0.04190000000000001,0.04190000000000001,4.0,30.999999999999993,0.9705882352941176,0.005722058823529412,0.07954117647058823,136,3,1,monthly_industry_30,monthly industry,uniform_high_overlap,17,test,iid,constant_a000,0.12133012345679012
0.01879293267973861,-0.004137625490196053,0.04210962168300655,0.0168,inf,2.9999999999999996,30.999999999999993,0.9779411764705882,0.005813235294117649,0.08037058823529412,136,11,1,monthly_industry_30,monthly industry,uniform_high_overlap,17,test,iid,constant_a001,0.12133012345679012
-0.03463550653594772,-0.10515650135620902,0.018573118366013094,0.1168,0.1168,6.000000000000001,30.999999999999993,0.9558823529411764,0.011203676470588236,0.12225294117647058,136,0,2,monthly_industry_30,monthly industry,uniform_high_overlap,17,test,iid,constant_a002,0.12133012345679012
-0.012548654901960745,-0.08382234694444439,0.06021334207516347,0.08320000000000001,0.08320000000000001,4.0,30.999999999999993,0.9705882352941176,0.012388235294117648,0.15730882352941175,136,8,1,monthly_industry_30,monthly industry,uniform_high_overlap,17,test,iid,constant_a003,0.12133012345679012
0.01145290261437908,0.00034457586601307084,0.02503852091503268,0.006,inf,2.0,30.999999999999993,0.9852941176470589,0.0059507352941176464,0.1360823529411765,136,21,1,monthly_industry_30,monthly industry,uniform_high_overlap,17,test,iid,constant_a004,0.12133012345679012
0.011111963398692856,-0.0362273514705882,0.048297558022875796,0.0591,0.0591,5.0,30.999999999999993,0.9632352941176471,0.005198529411764706,0.09060294117647058,136,3,2,monthly_industry_30,monthly industry,uniform_high_overlap,17,test,iid,constant_a005,0.12133012345679012
-0.008421947058823483,-0.07403985676470584,0.057794308235294155,0.0674,0.0674,7.0,30.999999999999993,0.9485294117647058,0.004352205882352941,0.14798235294117645,136,0,2,monthly_industry_30,monthly industry,uniform_high_overlap,17,test,iid,constant_a006,0.12133012345679012
-0.0019500385620915045,-0.02328468431372546,0.010198577777777775,0.0366,inf,2.0,30.999999999999993,0.9852941176470589,0.008147794117647059,0.0847264705882353,136,20,1,monthly_industry_30,monthly industry,uniform_high_overlap,17,test,iid,constant_a007,0.12133012345679012
0.005755345751633982,-0.029885919542483617,0.028866047859477145,0.051699999999999996,0.051699999999999996,5.0,30.999999999999993,0.9632352941176471,0.006644117647058825,0.12974411764705882,136,1,2,monthly_industry_30,monthly industry,uniform_high_overlap,17,test,iid,constant_a008,0.12133012345679012
0.03381425620915026,0.0023580496732026114,0.10208081604575166,0.006999999999999999,0.007,2.9999999999999996,30.999999999999993,0.9779411764705882,0.0021544117647058834,0.2105794117647059,136,9,1,monthly_industry_30,monthly industry,uniform_high_overlap,17,test,iid,constant_a009,0.12133012345679012
0.03224146209150326,-0.00858312679738558,0.1009888450980392,0.030999999999999996,inf,2.9999999999999996,30.999999999999993,0.9779411764705882,0.01612941176470588,0.1451029411764706,136,12,1,monthly_industry_30,monthly industry,uniform_high_overlap,17,test,iid,constant_a010,0.12133012345679012
-0.04646500522875808,-0.11284537006535943,0.011783898529411837,0.081,0.081,8.0,30.999999999999993,0.9411764705882353,0.01574558823529412,0.17915,136,0,2,monthly_industry_30,monthly industry,uniform_high_overlap,17,test,iid,constant_a011,0.12133012345679012
0.04395925947712403,-0.05849737967320247,0.12538473882352952,0.0958,0.09580000000000001,8.0,30.999999999999993,0.9411764705882353,0.016123529411764703,0.12421176470588235,136,0,2,monthly_industry_30,monthly industry,uniform_high_overlap,17,test,iid,constant_a012,0.12133012345679012
0.0514800215686274,0.000446501029411779,0.11751011629084976,0.0438,0.0438,4.0,30.999999999999993,0.9705882352941176,0.012578676470588237,0.14005882352941176,136,3,1,monthly_industry_30,monthly industry,uniform_high_overlap,17,test,iid,constant_a013,0.12133012345679012
0.016172581699346482,-0.026190523513071867,0.06300453040849673,0.050499999999999996,0.050499999999999996,6.000000000000001,30.999999999999993,0.9558823529411764,0.0199125,0.21385882352941174,136,0,2,monthly_industry_30,monthly industry,uniform_high_overlap,17,test,iid,constant_a014,0.12133012345679012
-0.0001261849673202169,-0.06729980130718939,0.05129253184640523,0.0904,0.0904,2.9999999999999996,30.999999999999993,0.9779411764705882,0.012144117647058823,0.14591176470588232,136,8,1,monthly_industry_30,monthly industry,uniform_high_overlap,17,test,iid,constant_a015,0.12133012345679012
-0.012075611964703045,-0.0854619838184285,0.0537863975642589,0.0645,0.0645,4.0,30.999999999999993,0.9705882352941176,0.015613235294117645,0.13995294117647059,136,2,1,monthly_industry_30,monthly industry,uniform_high_overlap,17,test,iid,constant_a016,0.12133012345679012
0.013551258169934506,-0.08113309441176467,0.0959591178921569,0.12279999999999998,0.12279999999999999,6.000000000000001,30.999999999999993,0.9558823529411764,0.009413235294117648,0.2893911764705882,136,0,2,monthly_industry_30,monthly industry,uniform_high_overlap,17,test,iid,constant_a017,0.12133012345679012
0.011202167320261434,0.004591873202614377,0.018841140718954246,0.0021,inf,2.0,30.999999999999993,0.9852941176470589,0.010013235294117651,0.17509411764705882,136,24,1,monthly_industry_30,monthly industry,uniform_high_overlap,17,test,iid,constant_a018,0.12133012345679012
-0.012930814694236351,-0.018138408818972548,-0.007869792631600713,,inf,0.0,0.0,1.0,0.008348529411764708,0.08674705882352941,136,200,0,monthly_industry_30,monthly industry,uniform_high_overlap,17,test,iid,constant_a019,0.12133012345679012
-0.021146567110247816,-0.09522622227384431,0.03379684177539631,0.0622,0.062200000000000005,4.0,30.999999999999993,0.9705882352941176,0.005097058823529412,0.1036735294117647,136,5,1,monthly_industry_30,monthly industry,uniform_high_overlap,17,test,iid,constant_a020,0.12133012345679012
-0.00213077058823529,-0.07079450627450969,0.0567967312745098,0.09119999999999999,0.09119999999999999,7.0,30.999999999999993,0.9485294117647058,0.014211029411764706,0.10055882352941177,136,0,2,monthly_industry_30,monthly industry,uniform_high_overlap,17,test,iid,constant_a021,0.12133012345679012
0.06946928401106688,0.05448354946887259,0.08174327297737086,,inf,0.0,0.0,1.0,0.020024264705882353,0.10592058823529413,136,200,0,monthly_industry_30,monthly industry,uniform_high_overlap,17,test,iid,constant_a022,0.12133012345679012
-0.013641475816993352,-0.07190001287581693,0.039592975833333315,0.09169999999999999,0.0917,8.0,30.999999999999993,0.9411764705882353,0.002658823529411765,0.10287058823529413,136,0,2,monthly_industry_30,monthly industry,uniform_high_overlap,17,test,iid,constant_a023,0.12133012345679012
-0.01052030261437907,-0.07377333071895414,0.030440402614379112,0.0876,inf,2.9999999999999996,30.999999999999993,0.9779411764705882,0.008090441176470588,0.12422352941176472,136,12,1,monthly_industry_30,monthly industry,uniform_high_overlap,17,test,iid,constant_a024,0.12133012345679012
-0.0005589490196078437,-0.0160708212091503,0.013230519607843135,0.016200000000000003,0.016200000000000003,4.0,30.999999999999993,0.9705882352941176,0.010133823529411765,0.10630294117647059,136,8,1,monthly_industry_30,monthly industry,uniform_high_overlap,17,test,iid,constant_a025,0.12133012345679012
0.013823815032679739,-0.05410345486928098,0.06672332586601312,0.0892,inf,2.9999999999999996,30.999999999999993,0.9779411764705882,0.012989705882352941,0.09431470588235294,136,14,1,monthly_industry_30,monthly industry,uniform_high_overlap,17,test,iid,constant_a026,0.12133012345679012
0.0246288751633987,-0.02273367450980391,0.07600470205882355,0.062,0.062,5.0,30.999999999999993,0.9632352941176471,0.01041985294117647,0.09985882352941176,136,0,2,monthly_industry_30,monthly industry,uniform_high_overlap,17,test,iid,constant_a027,0.12133012345679012
0.03046416928104577,-0.020985011617647042,0.09883937601307195,0.0301,0.030100000000000002,5.0,30.999999999999993,0.9632352941176471,0.011051470588235293,0.1126235294117647,136,2,2,monthly_industry_30,monthly industry,uniform_high_overlap,17,test,iid,constant_a028,0.12133012345679012
-0.004843270588235298,-0.03371478323529409,0.01845842900326798,0.022400000000000003,0.022400000000000003,7.0,30.999999999999993,0.9485294117647058,0.008997058823529412,0.08895882352941176,136,0,2,monthly_industry_30,monthly industry,uniform_high_overlap,17,test,iid,constant_a029,0.12133012345679012
0.044522503354533526,-0.018884636447158817,0.10402972540224543,0.05908666666666666,0.05908666666666667,5.0,30.999999999999993,0.9632352941176471,0.01024235294117647,0.10200901960784312,136,1,2,monthly_industry_30,monthly industry,uniform_high_overlap,17,test,iid,constant_equal_weight_public,0.12133012345679012
0.01865000621804761,-0.022946128303397147,0.0656400310482397,0.053099999999999994,0.053099999999999994,5.0,30.999999999999993,0.9632352941176471,0.02070735294117647,0.17675588235294115,136,3,2,monthly_industry_30,monthly industry,uniform_high_overlap,17,test,iid,momentum_12,0.12133012345679012
-0.02047267522813374,-0.09150286747432028,0.031770308058773705,0.0622,0.062200000000000005,5.0,30.999999999999993,0.9632352941176471,0.006003799019607842,0.08625,136,0,2,monthly_industry_30,monthly industry,uniform_high_overlap,17,test,iid,low_vol_12,0.12133012345679012
0.010209637982978489,-0.027054981525758543,0.05149328174442915,0.053099999999999994,inf,2.9999999999999996,30.999999999999993,0.9779411764705882,0.015530686274509806,0.1313264705882353,136,11,1,monthly_industry_30,monthly industry,uniform_high_overlap,17,test,iid,risk_adjusted_12,0.12133012345679012
0.0611321721646228,-0.01485747150772108,0.10080942826015452,0.062200000000000005,inf,2.9999999999999996,30.999999999999993,0.9779411764705882,0.0145071568627451,0.11026176470588236,136,13,1,monthly_industry_30,monthly industry,uniform_high_overlap,17,test,iid,ridge_return_train_only,0.12133012345679012
0.032446933333333317,-0.014029948366013012,0.09709716841503278,0.04190000000000001,0.04190000000000001,4.0,30.999999999999993,0.9705882352941176,0.005722058823529412,0.07954117647058823,136,2,1,monthly_industry_30,monthly industry,uniform_high_overlap,17,test,block,constant_a000,0.12133012345679012
0.01879293267973861,-0.003795389542483662,0.04620034217320262,0.0168,0.0168,2.9999999999999996,30.999999999999993,0.9779411764705882,0.005813235294117649,0.08037058823529412,136,6,1,monthly_industry_30,monthly industry,uniform_high_overlap,17,test,block,constant_a001,0.12133012345679012
-0.03463550653594772,-0.10463386769607834,0.02525798470588236,0.1168,0.1168,6.000000000000001,30.999999999999993,0.9558823529411764,0.011203676470588236,0.12225294117647058,136,0,2,monthly_industry_30,monthly industry,uniform_high_overlap,17,test,block,constant_a002,0.12133012345679012
-0.012548654901960745,-0.08396767565359473,0.06773320000000005,0.08320000000000001,0.08320000000000001,4.0,30.999999999999993,0.9705882352941176,0.012388235294117648,0.15730882352941175,136,6,1,monthly_industry_30,monthly industry,uniform_high_overlap,17,test,block,constant_a003,0.12133012345679012
0.01145290261437908,-0.0008783908496732037,0.025038520915032673,0.006,inf,2.0,30.999999999999993,0.9852941176470589,0.0059507352941176464,0.1360823529411765,136,22,1,monthly_industry_30,monthly industry,uniform_high_overlap,17,test,block,constant_a004,0.12133012345679012
0.011111963398692856,-0.031181374084967323,0.0558847391339869,0.0591,0.0591,5.0,30.999999999999993,0.9632352941176471,0.005198529411764706,0.09060294117647058,136,1,2,monthly_industry_30,monthly industry,uniform_high_overlap,17,test,block,constant_a005,0.12133012345679012
-0.008421947058823483,-0.07350548362745088,0.053154511388888895,0.0674,0.0674,7.0,30.999999999999993,0.9485294117647058,0.004352205882352941,0.14798235294117645,136,0,2,monthly_industry_30,monthly industry,uniform_high_overlap,17,test,block,constant_a006,0.12133012345679012
-0.0019500385620915045,-0.027847118431372518,0.010198577777777777,0.0366,inf,2.0,30.999999999999993,0.9852941176470589,0.008147794117647059,0.0847264705882353,136,24,1,monthly_industry_30,monthly industry,uniform_high_overlap,17,test,block,constant_a007,0.12133012345679012
0.005755345751633982,-0.03374532583333332,0.03256299996732028,0.051699999999999996,0.051699999999999996,5.0,30.999999999999993,0.9632352941176471,0.006644117647058825,0.12974411764705882,136,1,2,monthly_industry_30,monthly industry,uniform_high_overlap,17,test,block,constant_a008,0.12133012345679012
0.03381425620915026,0.0023580496732026114,0.07840019869281048,0.006999999999999999,0.006999999999999999,2.9999999999999996,30.999999999999993,0.9779411764705882,0.0021544117647058834,0.2105794117647059,136,7,1,monthly_industry_30,monthly industry,uniform_high_overlap,17,test,block,constant_a009,0.12133012345679012
0.03224146209150326,-0.006871542336601297,0.1009888450980392,0.030999999999999996,inf,2.9999999999999996,30.999999999999993,0.9779411764705882,0.01612941176470588,0.1451029411764706,136,18,1,monthly_industry_30,monthly industry,uniform_high_overlap,17,test,block,constant_a010,0.12133012345679012
-0.04646500522875808,-0.11127715098039209,0.011700591601307198,0.081,0.081,8.0,30.999999999999993,0.9411764705882353,0.01574558823529412,0.17915,136,0,2,monthly_industry_30,monthly industry,uniform_high_overlap,17,test,block,constant_a011,0.12133012345679012
0.04395925947712403,-0.055116093676470565,0.13682399107843143,0.0958,0.09580000000000001,8.0,30.999999999999993,0.9411764705882353,0.016123529411764703,0.12421176470588235,136,0,2,monthly_industry_30,monthly industry,uniform_high_overlap,17,test,block,constant_a012,0.12133012345679012
0.0514800215686274,0.000446501029411779,0.09939365145424842,0.0438,0.0438,4.0,30.999999999999993,0.9705882352941176,0.012578676470588237,0.14005882352941176,136,3,1,monthly_industry_30,monthly industry,uniform_high_overlap,17,test,block,constant_a013,0.12133012345679012
0.016172581699346482,-0.0253550567973856,0.05958824581699347,0.050499999999999996,0.050499999999999996,6.000000000000001,30.999999999999993,0.9558823529411764,0.0199125,0.21385882352941174,136,0,2,monthly_industry_30,monthly industry,uniform_high_overlap,17,test,block,constant_a014,0.12133012345679012
-0.0001261849673202169,-0.0676553976470587,0.038646284967320255,0.0904,inf,2.9999999999999996,30.999999999999993,0.9779411764705882,0.012144117647058823,0.14591176470588232,136,13,1,monthly_industry_30,monthly industry,uniform_high_overlap,17,test,block,constant_a015,0.12133012345679012
-0.012075611964703045,-0.07943692186097125,0.06008744280398195,0.0645,0.0645,4.0,30.999999999999993,0.9705882352941176,0.015613235294117645,0.13995294117647059,136,3,1,monthly_industry_30,monthly industry,uniform_high_overlap,17,test,block,constant_a016,0.12133012345679012
0.013551258169934506,-0.086041291993464,0.10939735753267983,0.12279999999999998,0.12279999999999999,6.000000000000001,30.999999999999993,0.9558823529411764,0.009413235294117648,0.2893911764705882,136,1,2,monthly_industry_30,monthly industry,uniform_high_overlap,17,test,block,constant_a017,0.12133012345679012
0.011202167320261434,0.0017885209150326788,0.021619403267973864,0.0021,inf,2.0,30.999999999999993,0.9852941176470589,0.010013235294117651,0.17509411764705882,136,20,1,monthly_industry_30,monthly industry,uniform_high_overlap,17,test,block,constant_a018,0.12133012345679012
-0.012930814694236351,-0.01887452641718145,-0.007023287422873697,,inf,0.0,0.0,1.0,0.008348529411764708,0.08674705882352941,136,200,0,monthly_industry_30,monthly industry,uniform_high_overlap,17,test,block,constant_a019,0.12133012345679012
-0.021146567110247816,-0.08201041890087403,0.028098727440281843,0.0622,0.062200000000000005,4.0,30.999999999999993,0.9705882352941176,0.005097058823529412,0.1036735294117647,136,2,1,monthly_industry_30,monthly industry,uniform_high_overlap,17,test,block,constant_a020,0.12133012345679012
-0.00213077058823529,-0.06945659996732022,0.06134628823529411,0.09119999999999999,0.09119999999999999,7.0,30.999999999999993,0.9485294117647058,0.014211029411764706,0.10055882352941177,136,0,2,monthly_industry_30,monthly industry,uniform_high_overlap,17,test,block,constant_a021,0.12133012345679012
0.06946928401106688,0.04849880514884888,0.08993823434564871,,inf,0.0,0.0,1.0,0.020024264705882353,0.10592058823529413,136,200,0,monthly_industry_30,monthly industry,uniform_high_overlap,17,test,block,constant_a022,0.12133012345679012
-0.013641475816993352,-0.08183531228758167,0.03289872996732027,0.09169999999999999,0.0917,8.0,30.999999999999993,0.9411764705882353,0.002658823529411765,0.10287058823529413,136,0,2,monthly_industry_30,monthly industry,uniform_high_overlap,17,test,block,constant_a023,0.12133012345679012
-0.01052030261437907,-0.06369175436274506,0.030440402614379112,0.0876,inf,2.9999999999999996,30.999999999999993,0.9779411764705882,0.008090441176470588,0.12422352941176472,136,12,1,monthly_industry_30,monthly industry,uniform_high_overlap,17,test,block,constant_a024,0.12133012345679012
-0.0005589490196078437,-0.015730897091503226,0.013231683627450978,0.016200000000000003,0.016200000000000003,4.0,30.999999999999993,0.9705882352941176,0.010133823529411765,0.10630294117647059,136,3,1,monthly_industry_30,monthly industry,uniform_high_overlap,17,test,block,constant_a025,0.12133012345679012
0.013823815032679739,-0.012929000588235245,0.04400470689542493,0.0892,inf,2.9999999999999996,30.999999999999993,0.9779411764705882,0.012989705882352941,0.09431470588235294,136,13,1,monthly_industry_30,monthly industry,uniform_high_overlap,17,test,block,constant_a026,0.12133012345679012
0.0246288751633987,-0.011300090898692767,0.07002293142156862,0.062,0.062,5.0,30.999999999999993,0.9632352941176471,0.01041985294117647,0.09985882352941176,136,1,2,monthly_industry_30,monthly industry,uniform_high_overlap,17,test,block,constant_a027,0.12133012345679012
0.03046416928104577,-0.01623135258169931,0.09033072648692819,0.0301,0.030100000000000002,5.0,30.999999999999993,0.9632352941176471,0.011051470588235293,0.1126235294117647,136,1,2,monthly_industry_30,monthly industry,uniform_high_overlap,17,test,block,constant_a028,0.12133012345679012
-0.004843270588235298,-0.035311710751633966,0.02314978259803925,0.022400000000000003,0.022400000000000003,7.0,30.999999999999993,0.9485294117647058,0.008997058823529412,0.08895882352941176,136,0,2,monthly_industry_30,monthly industry,uniform_high_overlap,17,test,block,constant_a029,0.12133012345679012
0.044522503354533526,-0.011752633123606394,0.11034605534483498,0.05908666666666666,0.05908666666666667,5.0,30.999999999999993,0.9632352941176471,0.01024235294117647,0.10200901960784312,136,1,2,monthly_industry_30,monthly industry,uniform_high_overlap,17,test,block,constant_equal_weight_public,0.12133012345679012
0.01865000621804761,-0.03376247949453925,0.06133394613586485,0.053099999999999994,0.053099999999999994,5.0,30.999999999999993,0.9632352941176471,0.02070735294117647,0.17675588235294115,136,1,2,monthly_industry_30,monthly industry,uniform_high_overlap,17,test,block,momentum_12,0.12133012345679012
-0.02047267522813374,-0.07638599867948007,0.03469221723396354,0.0622,0.062200000000000005,5.0,30.999999999999993,0.9632352941176471,0.006003799019607842,0.08625,136,1,2,monthly_industry_30,monthly industry,uniform_high_overlap,17,test,block,low_vol_12,0.12133012345679012
0.010209637982978489,-0.027651969189992864,0.05167696877857168,0.053099999999999994,0.053099999999999994,2.9999999999999996,30.999999999999993,0.9779411764705882,0.015530686274509806,0.1313264705882353,136,6,1,monthly_industry_30,monthly industry,uniform_high_overlap,17,test,block,risk_adjusted_12,0.12133012345679012
0.0611321721646228,-0.003796055830230562,0.09970573588103855,0.062200000000000005,0.062200000000000005,2.9999999999999996,30.999999999999993,0.9779411764705882,0.0145071568627451,0.11026176470588236,136,7,1,monthly_industry_30,monthly industry,uniform_high_overlap,17,test,block,ridge_return_train_only,0.12133012345679012
0.008588000617283974,0.008019533333333337,0.010293402469135808,-0.01,inf,1.0,30.999999999999993,0.9907407407407407,0.009589814814814813,0.0832074074074074,108,79,0,monthly_industry_30,monthly industry,uniform_high_overlap,27,calibration,iid,constant_a000,0.12133012345679012
0.04413506913580246,0.0023259781327160532,0.08268787134259262,0.0073,0.0073,4.0,30.999999999999993,0.962962962962963,0.011237037037037037,0.08046666666666666,108,5,1,monthly_industry_30,monthly industry,uniform_high_overlap,27,calibration,iid,constant_a001,0.12133012345679012
-0.007606495061728423,-0.03480572283950619,0.00801953333333334,0.0323,inf,2.0,30.999999999999993,0.9814814814814815,0.01357037037037037,0.08148518518518519,108,29,1,monthly_industry_30,monthly industry,uniform_high_overlap,27,calibration,iid,constant_a002,0.12133012345679012
0.03587400925925933,-0.0033639537037036976,0.11064715740740745,0.0052,inf,2.9999999999999996,30.999999999999993,0.9722222222222222,0.009954629629629631,0.2067925925925926,108,12,1,monthly_industry_30,monthly industry,uniform_high_overlap,27,calibration,iid,constant_a003,0.12133012345679012
0.015270356790123472,-0.021016731481481424,0.04912951358024691,0.025699999999999997,inf,2.0,30.999999999999993,0.9814814814814815,0.0031333333333333348,0.1556074074074074,108,24,1,monthly_industry_30,monthly industry,uniform_high_overlap,27,calibration,iid,constant_a004,0.12133012345679012
0.01742874135802466,0.008019533333333337,0.03648238760802476,-0.040799999999999996,inf,1.0,30.999999999999993,0.9907407407407407,0.007787037037037038,0.10028888888888889,108,71,0,monthly_industry_30,monthly industry,uniform_high_overlap,27,calibration,iid,constant_a005,0.12133012345679012
0.018277656616835843,-0.025859291222064876,0.08527976980736478,0.0024,0.0024,5.0,30.999999999999993,0.9537037037037037,0.012547222222222222,0.13836666666666664,108,0,2,monthly_industry_30,monthly industry,uniform_high_overlap,27,calibration,iid,constant_a006,0.12133012345679012
0.019697003703703714,-9.97713888888873e-05,0.049332136373456785,0.0033,0.0033000000000000004,6.000000000000001,30.999999999999993,0.9444444444444444,0.010110185185185182,0.08343333333333333,108,0,2,monthly_industry_30,monthly industry,uniform_high_overlap,27,calibration,iid,constant_a007,0.12133012345679012
-0.009242606172839512,-0.03647053765432096,0.008019533333333342,0.0236,inf,2.0,30.999999999999993,0.9814814814814815,0.01219907407407408,0.1576222222222222,108,26,1,monthly_industry_30,monthly industry,uniform_high_overlap,27,calibration,iid,constant_a008,0.12133012345679012
0.093654564814815,0.00801953333333334,0.22754024188271585,-0.0443,-0.0443,2.9999999999999996,30.999999999999993,0.9722222222222222,0.01513333333333333,0.24232222222222222,108,9,1,monthly_industry_30,monthly industry,uniform_high_overlap,27,calibration,iid,constant_a009,0.12133012345679012
0.04746469876543191,-0.005680348811728381,0.12287737882716057,0.0039000000000000003,0.0039000000000000003,4.0,30.999999999999993,0.962962962962963,0.004490740740740739,0.16894074074074072,108,3,1,monthly_industry_30,monthly industry,uniform_high_overlap,27,calibration,iid,constant_a010,0.12133012345679012
0.014369328395061729,-0.023737976543209863,0.05070835123456787,0.0473,0.0473,4.0,30.999999999999993,0.962962962962963,0.005515740740740741,0.23192222222222222,108,6,1,monthly_industry_30,monthly industry,uniform_high_overlap,27,calibration,iid,constant_a011,0.12133012345679012
-0.12925839814814774,-0.3443756107561735,0.00801953333333334,0.2977,inf,2.9999999999999996,30.999999999999993,0.9722222222222222,0.01081574074074074,0.17674444444444445,108,10,1,monthly_industry_30,monthly industry,uniform_high_overlap,27,calibration,iid,constant_a012,0.12133012345679012
0.013714749999999996,0.0013952543209876543,0.03173492274691359,0.0013,inf,2.9999999999999996,30.999999999999993,0.9722222222222222,0.009680555555555555,0.16028888888888887,108,11,1,monthly_industry_30,monthly industry,uniform_high_overlap,27,calibration,iid,constant_a013,0.12133012345679012
0.040489698765432014,-0.06111164016975308,0.16156823293209882,0.10039999999999998,0.1004,4.0,30.999999999999993,0.962962962962963,0.009813888888888888,0.1906925925925926,108,3,1,monthly_industry_30,monthly industry,uniform_high_overlap,27,calibration,iid,constant_a014,0.12133012345679012
-0.015918685802469117,-0.0735100834722222,0.022662960277777776,0.08220000000000001,0.08220000000000001,5.0,30.999999999999993,0.9537037037037037,0.011383333333333332,0.1517,108,2,2,monthly_industry_30,monthly industry,uniform_high_overlap,27,calibration,iid,constant_a015,0.12133012345679012
0.03002406049382724,0.004104616049382715,0.0779480320987655,-0.0012,inf,2.0,30.999999999999993,0.9814814814814815,0.005846296296296298,0.21665185185185185,108,28,1,monthly_industry_30,monthly industry,uniform_high_overlap,27,calibration,iid,constant_a016,0.12133012345679012
0.01119443086419752,0.005137949382716051,0.02190995449074077,-0.003,inf,2.0,30.999999999999993,0.9814814814814815,-0.0003518518518518532,0.29553703703703704,108,28,1,monthly_industry_30,monthly industry,uniform_high_overlap,27,calibration,iid,constant_a017,0.12133012345679012
0.018456467901234525,0.008019533333333339,0.03899149938271605,-0.0092,inf,2.0,30.999999999999993,0.9814814814814815,0.007457407407407407,0.13156296296296294,108,27,1,monthly_industry_30,monthly industry,uniform_high_overlap,27,calibration,iid,constant_a018,0.12133012345679012
0.01499520308641974,-0.040497673503086425,0.06228210938271604,0.0365,0.0365,5.0,30.999999999999993,0.9537037037037037,0.008509259259259258,0.09720740740740741,108,1,2,monthly_industry_30,monthly industry,uniform_high_overlap,27,calibration,iid,constant_a019,0.12133012345679012
0.011590675925925968,-0.027216731481481467,0.04950809294753083,0.0329,0.0329,2.9999999999999996,30.999999999999993,0.9722222222222222,0.01028611111111111,0.11100000000000002,108,7,1,monthly_industry_30,monthly industry,uniform_high_overlap,27,calibration,iid,constant_a020,0.12133012345679012
0.008524986419753041,-0.020327842592592574,0.03788326851851852,0.024900000000000002,inf,2.0,30.999999999999993,0.9814814814814815,0.008956481481481482,0.10537407407407408,108,29,1,monthly_industry_30,monthly industry,uniform_high_overlap,27,calibration,iid,constant_a021,0.12133012345679012
0.024559143209876642,0.004207365740740741,0.055429217330246895,-0.003,-0.003,4.0,30.999999999999993,0.962962962962963,0.009407407407407408,0.13405555555555554,108,2,1,monthly_industry_30,monthly industry,uniform_high_overlap,27,calibration,iid,constant_a022,0.12133012345679012
-0.026470435185185177,-0.06841861763888887,0.00801953333333334,0.048,inf,2.9999999999999996,30.999999999999993,0.9722222222222222,0.009435185185185184,0.1265962962962963,108,13,1,monthly_industry_30,monthly industry,uniform_high_overlap,27,calibration,iid,constant_a023,0.12133012345679012
-0.020126916666666612,-0.0900864661419752,0.01769957084876546,0.0704,inf,2.9999999999999996,30.999999999999993,0.9722222222222222,0.011483333333333335,0.11916296296296297,108,11,1,monthly_industry_30,monthly industry,uniform_high_overlap,27,calibration,iid,constant_a024,0.12133012345679012
-0.01532779135802469,-0.06944833382716047,0.01497771296296296,0.0814,inf,2.0,30.999999999999993,0.9814814814814815,0.010116666666666666,0.11522222222222221,108,20,1,monthly_industry_30,monthly industry,uniform_high_overlap,27,calibration,iid,constant_a025,0.12133012345679012
-0.0018020703703703364,-0.07411031714506167,0.04945789064814815,0.08650000000000001,0.08650000000000001,6.000000000000001,30.999999999999993,0.9444444444444444,0.009475925925925928,0.09744814814814814,108,0,2,monthly_industry_30,monthly industry,uniform_high_overlap,27,calibration,iid,constant_a026,0.12133012345679012
0.029174832716049374,-0.008401897175925915,0.06675214625,0.0276,0.0276,5.0,30.999999999999993,0.9537037037037037,0.011696296296296293,0.0864962962962963,108,0,2,monthly_industry_30,monthly industry,uniform_high_overlap,27,calibration,iid,constant_a027,0.12133012345679012
-0.005763181481481489,-0.06960472260802464,0.04284854712962963,0.0748,0.0748,6.000000000000001,30.999999999999993,0.9444444444444444,0.0033916666666666683,0.17157407407407407,108,1,2,monthly_industry_30,monthly industry,uniform_high_overlap,27,calibration,iid,constant_a028,0.12133012345679012
0.0032322913580246967,-0.015454129274691322,0.026391157098765494,0.0133,0.013300000000000001,4.0,30.999999999999993,0.962962962962963,0.005977777777777777,0.14215185185185186,108,6,1,monthly_industry_30,monthly industry,uniform_high_overlap,27,calibration,iid,constant_a029,0.12133012345679012
-0.07163002021009884,-0.19218175233612858,0.034178457848204294,0.11302666666666668,0.11302666666666668,7.0,30.999999999999993,0.9351851851851852,0.008955,0.12133012345679012,108,0,2,monthly_industry_30,monthly industry,uniform_high_overlap,27,calibration,iid,constant_equal_weight_public,0.12133012345679012
0.00696886783879101,0.0039084163482713255,0.009210714271592752,,inf,0.0,0.0,1.0,0.013036111111111111,0.2308074074074074,108,200,0,monthly_industry_30,monthly industry,uniform_high_overlap,27,calibration,iid,momentum_12,0.12133012345679012
0.004608700785818734,-0.026438442488058538,0.034176078996666824,0.0271,0.0271,5.0,30.999999999999993,0.9537037037037037,0.009154320987654322,0.09146296296296295,108,3,2,monthly_industry_30,monthly industry,uniform_high_overlap,27,calibration,iid,low_vol_12,0.12133012345679012
0.03211382407407422,0.008019533333333342,0.0699313555555555,-0.0279,-0.0279,2.9999999999999996,30.999999999999993,0.9722222222222222,0.0024592592592592587,0.2494555555555555,108,8,1,monthly_industry_30,monthly industry,uniform_high_overlap,27,calibration,iid,risk_adjusted_12,0.12133012345679012
-0.033473196064022055,-0.15067753327533337,0.06867036012566936,0.11302666666666668,0.11302666666666668,6.000000000000001,30.999999999999993,0.9444444444444444,0.012034783950617287,0.1139827160493827,108,1,2,monthly_industry_30,monthly industry,uniform_high_overlap,27,calibration,iid,ridge_return_train_only,0.12133012345679012
0.008588000617283974,0.008019533333333337,0.009724935185185198,-0.01,inf,1.0,30.999999999999993,0.9907407407407407,0.009589814814814813,0.0832074074074074,108,66,0,monthly_industry_30,monthly industry,uniform_high_overlap,27,calibration,block,constant_a000,0.12133012345679012
0.04413506913580246,0.0028143491666666664,0.10643943316358033,0.0073,0.0073,4.0,30.999999999999993,0.962962962962963,0.011237037037037037,0.08046666666666666,108,2,1,monthly_industry_30,monthly industry,uniform_high_overlap,27,calibration,block,constant_a001,0.12133012345679012
-0.007606495061728423,-0.034805722839506156,0.00801953333333334,0.0323,inf,2.0,30.999999999999993,0.9814814814814815,0.01357037037037037,0.08148518518518519,108,20,1,monthly_industry_30,monthly industry,uniform_high_overlap,27,calibration,block,constant_a002,0.12133012345679012
0.03587400925925933,-0.00468993086419752,0.10688351820987664,0.0052,inf,2.9999999999999996,30.999999999999993,0.9722222222222222,0.009954629629629631,0.2067925925925926,108,10,1,monthly_industry_30,monthly industry,uniform_high_overlap,27,calibration,block,constant_a003,0.12133012345679012
0.015270356790123472,-0.021016731481481435,0.042059960709876595,0.025699999999999997,inf,2.0,30.999999999999993,0.9814814814814815,0.0031333333333333348,0.1556074074074074,108,21,1,monthly_industry_30,monthly industry,uniform_high_overlap,27,calibration,block,constant_a004,0.12133012345679012
0.01742874135802466,0.008019533333333335,0.03624715740740743,-0.040799999999999996,inf,1.0,30.999999999999993,0.9907407407407407,0.007787037037037038,0.10028888888888889,108,79,0,monthly_industry_30,monthly industry,uniform_high_overlap,27,calibration,block,constant_a005,0.12133012345679012
0.018277656616835843,-0.025701132762913147,0.08208734364060895,0.0024,0.0024,5.0,30.999999999999993,0.9537037037037037,0.012547222222222222,0.13836666666666664,108,3,2,monthly_industry_30,monthly industry,uniform_high_overlap,27,calibration,block,constant_a006,0.12133012345679012
0.019697003703703714,-0.001076555077160484,0.04857258470679012,0.0033,0.0033000000000000004,6.000000000000001,30.999999999999993,0.9444444444444444,0.010110185185185182,0.08343333333333333,108,0,2,monthly_industry_30,monthly industry,uniform_high_overlap,27,calibration,block,constant_a007,0.12133012345679012
-0.009242606172839512,-0.03558072283950617,0.008019533333333344,0.0236,inf,2.0,30.999999999999993,0.9814814814814815,0.01219907407407408,0.1576222222222222,108,27,1,monthly_industry_30,monthly industry,uniform_high_overlap,27,calibration,block,constant_a008,0.12133012345679012
0.093654564814815,0.00801953333333334,0.2184645450617282,-0.0443,-0.0443,2.9999999999999996,30.999999999999993,0.9722222222222222,0.01513333333333333,0.24232222222222222,108,9,1,monthly_industry_30,monthly industry,uniform_high_overlap,27,calibration,block,constant_a009,0.12133012345679012
0.04746469876543191,-0.00043559850308641924,0.10928686975308649,0.0039000000000000003,0.0039000000000000003,4.0,30.999999999999993,0.962962962962963,0.004490740740740739,0.16894074074074072,108,1,1,monthly_industry_30,monthly industry,uniform_high_overlap,27,calibration,block,constant_a010,0.12133012345679012
0.014369328395061729,-0.0134948211574074,0.052252744444444436,0.0473,inf,4.0,30.999999999999993,0.962962962962963,0.005515740740740741,0.23192222222222222,108,16,1,monthly_industry_30,monthly industry,uniform_high_overlap,27,calibration,block,constant_a011,0.12133012345679012
-0.12925839814814774,-0.33426658060185244,0.00801953333333334,0.2977,inf,2.9999999999999996,30.999999999999993,0.9722222222222222,0.01081574074074074,0.17674444444444445,108,10,1,monthly_industry_30,monthly industry,uniform_high_overlap,27,calibration,block,constant_a012,0.12133012345679012
0.013714749999999996,0.0026694308641975295,0.02896273483024693,0.0013,0.0013000000000000002,2.9999999999999996,30.999999999999993,0.9722222222222222,0.009680555555555555,0.16028888888888887,108,7,1,monthly_industry_30,monthly industry,uniform_high_overlap,27,calibration,block,constant_a013,0.12133012345679012
0.040489698765432014,-0.0802422797993826,0.1675050104012347,0.10039999999999998,0.10039999999999999,4.0,30.999999999999993,0.962962962962963,0.009813888888888888,0.1906925925925926,108,2,1,monthly_industry_30,monthly industry,uniform_high_overlap,27,calibration,block,constant_a014,0.12133012345679012
-0.015918685802469117,-0.07712834845679006,0.021571665077160504,0.08220000000000001,0.08220000000000001,5.0,30.999999999999993,0.9537037037037037,0.011383333333333332,0.1517,108,1,2,monthly_industry_30,monthly industry,uniform_high_overlap,27,calibration,block,constant_a015,0.12133012345679012
0.03002406049382724,0.004104616049382714,0.07794803209876548,-0.0012,inf,2.0,30.999999999999993,0.9814814814814815,0.005846296296296298,0.21665185185185185,108,34,1,monthly_industry_30,monthly industry,uniform_high_overlap,27,calibration,block,constant_a016,0.12133012345679012
0.01119443086419752,0.005137949382716052,0.020425809876543216,-0.003,inf,2.0,30.999999999999993,0.9814814814814815,-0.0003518518518518532,0.29553703703703704,108,29,1,monthly_industry_30,monthly industry,uniform_high_overlap,27,calibration,block,constant_a017,0.12133012345679012
0.018456467901234525,0.008019533333333339,0.03933033703703706,-0.0092,inf,2.0,30.999999999999993,0.9814814814814815,0.007457407407407407,0.13156296296296294,108,26,1,monthly_industry_30,monthly industry,uniform_high_overlap,27,calibration,block,constant_a018,0.12133012345679012
0.01499520308641974,-0.025894377685185155,0.05970080731481479,0.0365,0.0365,5.0,30.999999999999993,0.9537037037037037,0.008509259259259258,0.09720740740740741,108,0,2,monthly_industry_30,monthly industry,uniform_high_overlap,27,calibration,block,constant_a019,0.12133012345679012
0.011590675925925968,-0.015630318348765423,0.039712236466049405,0.0329,0.0329,2.9999999999999996,30.999999999999993,0.9722222222222222,0.01028611111111111,0.11100000000000002,108,8,1,monthly_industry_30,monthly industry,uniform_high_overlap,27,calibration,block,constant_a020,0.12133012345679012
0.008524986419753041,-0.01087871728395061,0.037883268518518504,0.024900000000000002,inf,2.0,30.999999999999993,0.9814814814814815,0.008956481481481482,0.10537407407407408,108,21,1,monthly_industry_30,monthly industry,uniform_high_overlap,27,calibration,block,constant_a021,0.12133012345679012
0.024559143209876642,0.005121304583333333,0.05216232155864195,-0.003,-0.003,4.0,30.999999999999993,0.962962962962963,0.009407407407407408,0.13405555555555554,108,1,1,monthly_industry_30,monthly industry,uniform_high_overlap,27,calibration,block,constant_a022,0.12133012345679012
-0.026470435185185177,-0.07275848368827159,0.008019533333333337,0.048,0.048,2.9999999999999996,30.999999999999993,0.9722222222222222,0.009435185185185184,0.1265962962962963,108,7,1,monthly_industry_30,monthly industry,uniform_high_overlap,27,calibration,block,constant_a023,0.12133012345679012
-0.020126916666666612,-0.0883332764506173,0.023919605077160472,0.0704,inf,2.9999999999999996,30.999999999999993,0.9722222222222222,0.011483333333333335,0.11916296296296297,108,11,1,monthly_industry_30,monthly industry,uniform_high_overlap,27,calibration,block,constant_a024,0.12133012345679012
-0.01532779135802469,-0.06898062037037037,0.01265831975308643,0.0814,inf,2.0,30.999999999999993,0.9814814814814815,0.010116666666666666,0.11522222222222221,108,22,1,monthly_industry_30,monthly industry,uniform_high_overlap,27,calibration,block,constant_a025,0.12133012345679012
-0.0018020703703703364,-0.061259062391975316,0.060572927253086384,0.08650000000000001,0.08650000000000001,6.000000000000001,30.999999999999993,0.9444444444444444,0.009475925925925928,0.09744814814814814,108,0,2,monthly_industry_30,monthly industry,uniform_high_overlap,27,calibration,block,constant_a026,0.12133012345679012
0.029174832716049374,-0.012131803302469133,0.06614257143518516,0.0276,0.0276,5.0,30.999999999999993,0.9537037037037037,0.011696296296296293,0.0864962962962963,108,2,2,monthly_industry_30,monthly industry,uniform_high_overlap,27,calibration,block,constant_a027,0.12133012345679012
-0.005763181481481489,-0.05138514092592594,0.043005198070987634,0.0748,0.0748,6.000000000000001,30.999999999999993,0.9444444444444444,0.0033916666666666683,0.17157407407407407,108,0,2,monthly_industry_30,monthly industry,uniform_high_overlap,27,calibration,block,constant_a028,0.12133012345679012
0.0032322913580246967,-0.021246817021604903,0.024345329799382746,0.0133,0.013300000000000001,4.0,30.999999999999993,0.962962962962963,0.005977777777777777,0.14215185185185186,108,2,1,monthly_industry_30,monthly industry,uniform_high_overlap,27,calibration,block,constant_a029,0.12133012345679012
-0.07163002021009884,-0.19149098960035577,0.03627711907460998,0.11302666666666668,0.11302666666666668,7.0,30.999999999999993,0.9351851851851852,0.008955,0.12133012345679012,108,0,2,monthly_industry_30,monthly industry,uniform_high_overlap,27,calibration,block,constant_equal_weight_public,0.12133012345679012
0.00696886783879101,0.003762295287761384,0.00919970877246286,,inf,0.0,0.0,1.0,0.013036111111111111,0.2308074074074074,108,200,0,monthly_industry_30,monthly industry,uniform_high_overlap,27,calibration,block,momentum_12,0.12133012345679012
0.004608700785818734,-0.029193323364665832,0.03388912415641206,0.0271,0.0271,5.0,30.999999999999993,0.9537037037037037,0.009154320987654322,0.09146296296296295,108,3,2,monthly_industry_30,monthly industry,uniform_high_overlap,27,calibration,block,low_vol_12,0.12133012345679012
0.03211382407407422,0.00801953333333334,0.06301232777777775,-0.0279,-0.0279,2.9999999999999996,30.999999999999993,0.9722222222222222,0.0024592592592592587,0.2494555555555555,108,8,1,monthly_industry_30,monthly industry,uniform_high_overlap,27,calibration,block,risk_adjusted_12,0.12133012345679012
-0.033473196064022055,-0.141645127304155,0.05684846952693012,0.11302666666666668,0.11302666666666668,6.000000000000001,30.999999999999993,0.9444444444444444,0.012034783950617287,0.1139827160493827,108,0,2,monthly_industry_30,monthly industry,uniform_high_overlap,27,calibration,block,ridge_return_train_only,0.12133012345679012
0.014534198529411728,0.008019533333333332,0.034078194117647044,-0.0366,inf,1.0,30.999999999999993,0.9926470588235294,0.005722058823529412,0.07954117647058823,136,72,0,monthly_industry_30,monthly industry,uniform_high_overlap,27,test,iid,constant_a000,0.12133012345679012
0.026350988235294182,-0.0069003761274509644,0.05927037261029412,0.0292,0.0292,4.0,30.999999999999993,0.9705882352941176,0.005813235294117649,0.08037058823529412,136,3,1,monthly_industry_30,monthly industry,uniform_high_overlap,27,test,iid,constant_a001,0.12133012345679012
-0.03631004117647056,-0.12437218718137251,0.011798904411764706,0.10619999999999997,0.10619999999999999,4.0,30.999999999999993,0.9705882352941176,0.011203676470588236,0.12225294117647058,136,3,1,monthly_industry_30,monthly industry,uniform_high_overlap,27,test,iid,constant_a002,0.12133012345679012
0.055568594607842976,0.0012680220588235308,0.12389897468137256,0.021599999999999998,0.0216,5.0,30.999999999999993,0.9632352941176471,0.012388235294117648,0.15730882352941175,136,1,2,monthly_industry_30,monthly industry,uniform_high_overlap,27,test,iid,constant_a003,0.12133012345679012
-0.013347459803921494,-0.06393205931372546,0.01587014656862745,0.09720000000000001,inf,2.0,30.999999999999993,0.9852941176470589,0.0059507352941176464,0.1360823529411765,136,26,1,monthly_industry_30,monthly industry,uniform_high_overlap,27,test,iid,constant_a004,0.12133012345679012
0.013271617156862824,-0.015827951397058806,0.047577222757352926,0.0348,0.0348,2.9999999999999996,30.999999999999993,0.9779411764705882,0.005198529411764706,0.09060294117647058,136,9,1,monthly_industry_30,monthly industry,uniform_high_overlap,27,test,iid,constant_a005,0.12133012345679012
-0.07445622079521223,-0.24344906757539791,0.05536065524391927,0.1359,0.1359,7.0,30.999999999999993,0.9485294117647058,0.004352205882352941,0.14798235294117645,136,0,2,monthly_industry_30,monthly industry,uniform_high_overlap,27,test,iid,constant_a006,0.12133012345679012
-0.008966004901960768,-0.03505946964460782,0.01679247786764707,0.0316,0.0316,6.000000000000001,30.999999999999993,0.9558823529411764,0.008147794117647059,0.0847264705882353,136,1,2,monthly_industry_30,monthly industry,uniform_high_overlap,27,test,iid,constant_a007,0.12133012345679012
-0.05904913382352922,-0.12177290822303911,-0.009118497928921561,0.1107,0.1107,7.0,30.999999999999993,0.9485294117647058,0.006644117647058825,0.12974411764705882,136,0,2,monthly_industry_30,monthly industry,uniform_high_overlap,27,test,iid,constant_a008,0.12133012345679012
0.05875086617647078,-0.022321754656862737,0.17150909835784317,0.0907,0.0907,7.0,30.999999999999993,0.9485294117647058,0.0021544117647058834,0.2105794117647059,136,0,2,monthly_industry_30,monthly industry,uniform_high_overlap,27,test,iid,constant_a009,0.12133012345679012
0.0070082191176471685,-0.061918237009803874,0.07676052170343144,0.0691,0.0691,7.0,30.999999999999993,0.9485294117647058,0.01612941176470588,0.1451029411764706,136,0,2,monthly_industry_30,monthly industry,uniform_high_overlap,27,test,iid,constant_a010,0.12133012345679012
-0.017218007352941083,-0.06769308872549018,0.008019533333333335,0.10270000000000001,inf,1.0,30.999999999999993,0.9926470588235294,0.01574558823529412,0.17915,136,86,0,monthly_industry_30,monthly industry,uniform_high_overlap,27,test,iid,constant_a011,0.12133012345679012
0.055400130882352835,0.012925377549019628,0.11527136316176474,0.008,0.008,7.0,30.999999999999993,0.9485294117647058,0.016123529411764703,0.12421176470588235,136,0,2,monthly_industry_30,monthly industry,uniform_high_overlap,27,test,iid,constant_a012,0.12133012345679012
0.04773632303921562,-0.020937900980392145,0.13382525294117648,0.05550000000000001,inf,2.9999999999999996,30.999999999999993,0.9779411764705882,0.012578676470588237,0.14005882352941176,136,10,1,monthly_industry_30,monthly industry,uniform_high_overlap,27,test,iid,constant_a013,0.12133012345679012
0.021336282352941147,-0.025625632463235286,0.05716404835784316,0.06099999999999999,0.061,4.0,30.999999999999993,0.9705882352941176,0.0199125,0.21385882352941174,136,2,1,monthly_industry_30,monthly industry,uniform_high_overlap,27,test,iid,constant_a014,0.12133012345679012
-0.05240268823529398,-0.1256065767892156,0.006145963235294116,0.1096,0.1096,4.0,30.999999999999993,0.9705882352941176,0.012144117647058823,0.14591176470588232,136,2,1,monthly_industry_30,monthly industry,uniform_high_overlap,27,test,iid,constant_a015,0.12133012345679012
-0.006759959803921592,-0.03751004015931372,0.009784117156862745,0.059399999999999994,inf,2.0,30.999999999999993,0.9852941176470589,0.015613235294117645,0.13995294117647059,136,30,1,monthly_industry_30,monthly industry,uniform_high_overlap,27,test,iid,constant_a016,0.12133012345679012
0.1415024181372547,0.050020757107843115,0.26007488305147053,-0.07339999999999999,-0.07339999999999999,5.0,30.999999999999993,0.9632352941176471,0.009413235294117648,0.2893911764705882,136,1,2,monthly_industry_30,monthly industry,uniform_high_overlap,27,test,iid,constant_a017,0.12133012345679012
-0.00964982843137255,-0.07067221151960774,0.03805093985294116,0.0889,0.0889,6.000000000000001,30.999999999999993,0.9558823529411764,0.010013235294117651,0.17509411764705882,136,0,2,monthly_industry_30,monthly industry,uniform_high_overlap,27,test,iid,constant_a018,0.12133012345679012
0.00801953333333335,0.008019533333333332,0.008019533333333335,,inf,0.0,0.0,1.0,0.008348529411764708,0.08674705882352941,136,200,0,monthly_industry_30,monthly industry,uniform_high_overlap,27,test,iid,constant_a019,0.12133012345679012
0.04170977107843145,-0.0025475004901960715,0.09479259600490203,0.0248,0.0248,5.0,30.999999999999993,0.9632352941176471,0.005097058823529412,0.1036735294117647,136,1,2,monthly_industry_30,monthly industry,uniform_high_overlap,27,test,iid,constant_a020,0.12133012345679012
0.0016654906862745738,-0.06839654786764701,0.062278546887254906,0.1139,0.1139,8.999999999999998,30.999999999999993,0.9338235294117647,0.014211029411764706,0.10055882352941177,136,0,2,monthly_industry_30,monthly industry,uniform_high_overlap,27,test,iid,constant_a021,0.12133012345679012
0.08286704264705867,-0.0019522963112745008,0.20031220889705878,0.022400000000000003,0.022400000000000003,7.0,30.999999999999993,0.9485294117647058,0.020024264705882353,0.10592058823529413,136,0,2,monthly_industry_30,monthly industry,uniform_high_overlap,27,test,iid,constant_a022,0.12133012345679012
-0.005401217647058786,-0.054864452941176416,0.02353875903186276,0.08650000000000001,0.08650000000000001,4.0,30.999999999999993,0.9705882352941176,0.002658823529411765,0.10287058823529413,136,4,1,monthly_industry_30,monthly industry,uniform_high_overlap,27,test,iid,constant_a023,0.12133012345679012
-0.01832102990196076,-0.06241056677696078,0.008019533333333332,0.049800000000000004,inf,2.9999999999999996,30.999999999999993,0.9779411764705882,0.008090441176470588,0.12422352941176472,136,11,1,monthly_industry_30,monthly industry,uniform_high_overlap,27,test,iid,constant_a024,0.12133012345679012
3.713970588236622e-05,-0.015927647549019604,0.008019533333333334,0.027000000000000003,inf,1.0,30.999999999999993,0.9926470588235294,0.010133823529411765,0.10630294117647059,136,76,0,monthly_industry_30,monthly industry,uniform_high_overlap,27,test,iid,constant_a025,0.12133012345679012
0.01899792499999998,-0.039793663517156845,0.08382244517156857,0.08650000000000001,0.08650000000000001,7.0,30.999999999999993,0.9485294117647058,0.012989705882352941,0.09431470588235294,136,0,2,monthly_industry_30,monthly industry,uniform_high_overlap,27,test,iid,constant_a026,0.12133012345679012
0.008484852450980393,-0.0107166995098039,0.0246717148161765,0.0215,inf,2.9999999999999996,30.999999999999993,0.9779411764705882,0.01041985294117647,0.09985882352941176,136,11,1,monthly_industry_30,monthly industry,uniform_high_overlap,27,test,iid,constant_a027,0.12133012345679012
-0.004124747058823533,-0.05372919950980385,0.034579664705882356,0.09050000000000001,0.09050000000000001,4.0,30.999999999999993,0.9705882352941176,0.011051470588235293,0.1126235294117647,136,1,1,monthly_industry_30,monthly industry,uniform_high_overlap,27,test,iid,constant_a028,0.12133012345679012
0.007199476960784326,-0.006247889571078428,0.021453175526960806,0.0151,0.015100000000000002,5.0,30.999999999999993,0.9632352941176471,0.008997058823529412,0.08895882352941176,136,2,2,monthly_industry_30,monthly industry,uniform_high_overlap,27,test,iid,constant_a029,0.12133012345679012
0.047235708028674064,0.022910135699099228,0.08861449278154357,-0.02511666666666667,-0.02511666666666667,2.9999999999999996,30.999999999999993,0.9779411764705882,0.01024235294117647,0.10200901960784312,136,6,1,monthly_industry_30,monthly industry,uniform_high_overlap,27,test,iid,constant_equal_weight_public,0.12133012345679012
0.06663328014967149,0.012847813147402022,0.14259522188166393,0.0029,0.0029,4.0,30.999999999999993,0.9705882352941176,0.02070735294117647,0.17675588235294115,136,4,1,monthly_industry_30,monthly industry,uniform_high_overlap,27,test,iid,momentum_12,0.12133012345679012
0.013647854877203729,0.005582512943490155,0.026827809510586446,-0.0349,inf,1.0,30.999999999999993,0.9926470588235294,0.006003799019607842,0.08625,136,74,0,monthly_industry_30,monthly industry,uniform_high_overlap,27,test,iid,low_vol_12,0.12133012345679012
0.002880970383334715,-0.07707553210473317,0.0803306758031463,0.1139,inf,2.0,30.999999999999993,0.9852941176470589,0.015530686274509806,0.1313264705882353,136,27,1,monthly_industry_30,monthly industry,uniform_high_overlap,27,test,iid,risk_adjusted_12,0.12133012345679012
-0.012476556172186126,-0.1484576584917932,0.06941395453650978,0.1359,0.1359,2.9999999999999996,30.999999999999993,0.9779411764705882,0.010914901960784313,0.11323137254901959,136,9,1,monthly_industry_30,monthly industry,uniform_high_overlap,27,test,iid,ridge_return_train_only,0.12133012345679012
0.014534198529411728,0.008019533333333332,0.027563528921568624,-0.0366,inf,1.0,30.999999999999993,0.9926470588235294,0.005722058823529412,0.07954117647058823,136,90,0,monthly_industry_30,monthly industry,uniform_high_overlap,27,test,block,constant_a000,0.12133012345679012
0.026350988235294182,-0.008948195098039213,0.06255351308823527,0.0292,0.0292,4.0,30.999999999999993,0.9705882352941176,0.005813235294117649,0.08037058823529412,136,2,1,monthly_industry_30,monthly industry,uniform_high_overlap,27,test,block,constant_a001,0.12133012345679012
-0.03631004117647056,-0.1092065613112744,0.008043133223039222,0.10619999999999997,0.10619999999999999,4.0,30.999999999999993,0.9705882352941176,0.011203676470588236,0.12225294117647058,136,4,1,monthly_industry_30,monthly industry,uniform_high_overlap,27,test,block,constant_a002,0.12133012345679012
0.055568594607842976,-9.05354656862735e-05,0.1328754045833333,0.021599999999999998,0.0216,5.0,30.999999999999993,0.9632352941176471,0.012388235294117648,0.15730882352941175,136,1,2,monthly_industry_30,monthly industry,uniform_high_overlap,27,test,block,constant_a003,0.12133012345679012
-0.013347459803921494,-0.06393205931372548,0.01587014656862745,0.09720000000000001,inf,2.0,30.999999999999993,0.9852941176470589,0.0059507352941176464,0.1360823529411765,136,26,1,monthly_industry_30,monthly industry,uniform_high_overlap,27,test,block,constant_a004,0.12133012345679012
0.013271617156862824,-0.0115011362745098,0.05121491813725489,0.0348,0.0348,2.9999999999999996,30.999999999999993,0.9779411764705882,0.005198529411764706,0.09060294117647058,136,9,1,monthly_industry_30,monthly industry,uniform_high_overlap,27,test,block,constant_a005,0.12133012345679012
-0.07445622079521223,-0.21946517021911038,0.04933376692935187,0.1359,0.1359,7.0,30.999999999999993,0.9485294117647058,0.004352205882352941,0.14798235294117645,136,0,2,monthly_industry_30,monthly industry,uniform_high_overlap,27,test,block,constant_a006,0.12133012345679012
-0.008966004901960768,-0.03873925588235293,0.015418048799019615,0.0316,0.0316,6.000000000000001,30.999999999999993,0.9558823529411764,0.008147794117647059,0.0847264705882353,136,0,2,monthly_industry_30,monthly industry,uniform_high_overlap,27,test,block,constant_a007,0.12133012345679012
-0.05904913382352922,-0.12208827281862729,-0.004772568419117606,0.1107,0.1107,7.0,30.999999999999993,0.9485294117647058,0.006644117647058825,0.12974411764705882,136,0,2,monthly_industry_30,monthly industry,uniform_high_overlap,27,test,block,constant_a008,0.12133012345679012
0.05875086617647078,-0.03181007015931372,0.18411015501225486,0.0907,0.0907,7.0,30.999999999999993,0.9485294117647058,0.0021544117647058834,0.2105794117647059,136,0,2,monthly_industry_30,monthly industry,uniform_high_overlap,27,test,block,constant_a009,0.12133012345679012
0.0070082191176471685,-0.054552429203431355,0.08293549832107842,0.0691,0.0691,7.0,30.999999999999993,0.9485294117647058,0.01612941176470588,0.1451029411764706,136,0,2,monthly_industry_30,monthly industry,uniform_high_overlap,27,test,block,constant_a010,0.12133012345679012
-0.017218007352941083,-0.06769308872549018,0.008019533333333335,0.10270000000000001,inf,1.0,30.999999999999993,0.9926470588235294,0.01574558823529412,0.17915,136,75,0,monthly_industry_30,monthly industry,uniform_high_overlap,27,test,block,constant_a011,0.12133012345679012
0.055400130882352835,0.01280560699754902,0.11666196199754908,0.008,0.008,7.0,30.999999999999993,0.9485294117647058,0.016123529411764703,0.12421176470588235,136,0,2,monthly_industry_30,monthly industry,uniform_high_overlap,27,test,block,constant_a012,0.12133012345679012
0.04773632303921562,-0.01712400973039217,0.13773693627450978,0.05550000000000001,inf,2.9999999999999996,30.999999999999993,0.9779411764705882,0.012578676470588237,0.14005882352941176,136,15,1,monthly_industry_30,monthly industry,uniform_high_overlap,27,test,block,constant_a013,0.12133012345679012
0.021336282352941147,-0.016611471078431365,0.06418750903186274,0.06099999999999999,0.061,4.0,30.999999999999993,0.9705882352941176,0.0199125,0.21385882352941174,136,4,1,monthly_industry_30,monthly industry,uniform_high_overlap,27,test,block,constant_a014,0.12133012345679012
-0.05240268823529398,-0.1304803113112744,0.006145963235294117,0.1096,0.1096,4.0,30.999999999999993,0.9705882352941176,0.012144117647058823,0.14591176470588232,136,2,1,monthly_industry_30,monthly industry,uniform_high_overlap,27,test,block,constant_a015,0.12133012345679012
-0.006759959803921592,-0.037495335294117645,0.009784117156862749,0.059399999999999994,inf,2.0,30.999999999999993,0.9852941176470589,0.015613235294117645,0.13995294117647059,136,23,1,monthly_industry_30,monthly industry,uniform_high_overlap,27,test,block,constant_a016,0.12133012345679012
0.1415024181372547,0.037763331654411744,0.2879172215318625,-0.07339999999999999,-0.07339999999999999,5.0,30.999999999999993,0.9632352941176471,0.009413235294117648,0.2893911764705882,136,1,2,monthly_industry_30,monthly industry,uniform_high_overlap,27,test,block,constant_a017,0.12133012345679012
-0.00964982843137255,-0.0507527329901961,0.026320299375000005,0.0889,0.0889,6.000000000000001,30.999999999999993,0.9558823529411764,0.010013235294117651,0.17509411764705882,136,0,2,monthly_industry_30,monthly industry,uniform_high_overlap,27,test,block,constant_a018,0.12133012345679012
0.00801953333333335,0.008019533333333332,0.008019533333333337,,inf,0.0,0.0,1.0,0.008348529411764708,0.08674705882352941,136,200,0,monthly_industry_30,monthly industry,uniform_high_overlap,27,test,block,constant_a019,0.12133012345679012
0.04170977107843145,-0.0025766743014705848,0.09277404240196081,0.0248,0.0248,5.0,30.999999999999993,0.9632352941176471,0.005097058823529412,0.1036735294117647,136,1,2,monthly_industry_30,monthly industry,uniform_high_overlap,27,test,block,constant_a020,0.12133012345679012
0.0016654906862745738,-0.060194519999999974,0.07352653180147059,0.1139,0.1139,8.999999999999998,30.999999999999993,0.9338235294117647,0.014211029411764706,0.10055882352941177,136,0,2,monthly_industry_30,monthly industry,uniform_high_overlap,27,test,block,constant_a021,0.12133012345679012
0.08286704264705867,0.0010700874387255157,0.1909751733946079,0.022400000000000003,0.022400000000000003,7.0,30.999999999999993,0.9485294117647058,0.020024264705882353,0.10592058823529413,136,0,2,monthly_industry_30,monthly industry,uniform_high_overlap,27,test,block,constant_a022,0.12133012345679012
-0.005401217647058786,-0.0671235146323529,0.024320926262254922,0.08650000000000001,0.08650000000000001,4.0,30.999999999999993,0.9705882352941176,0.002658823529411765,0.10287058823529413,136,3,1,monthly_industry_30,monthly industry,uniform_high_overlap,27,test,block,constant_a023,0.12133012345679012
-0.01832102990196076,-0.05610915118872547,0.008019533333333332,0.049800000000000004,0.04980000000000001,2.9999999999999996,30.999999999999993,0.9779411764705882,0.008090441176470588,0.12422352941176472,136,8,1,monthly_industry_30,monthly industry,uniform_high_overlap,27,test,block,constant_a024,0.12133012345679012
3.713970588236622e-05,-0.015927647549019604,0.008019533333333335,0.027000000000000003,inf,1.0,30.999999999999993,0.9926470588235294,0.010133823529411765,0.10630294117647059,136,60,0,monthly_industry_30,monthly industry,uniform_high_overlap,27,test,block,constant_a025,0.12133012345679012
0.01899792499999998,-0.04631075248774504,0.08833098715686279,0.08650000000000001,0.08650000000000001,7.0,30.999999999999993,0.9485294117647058,0.012989705882352941,0.09431470588235294,136,0,2,monthly_industry_30,monthly industry,uniform_high_overlap,27,test,block,constant_a026,0.12133012345679012
0.008484852450980393,-0.011441658823529394,0.027426764215686277,0.0215,0.0215,2.9999999999999996,30.999999999999993,0.9779411764705882,0.01041985294117647,0.09985882352941176,136,5,1,monthly_industry_30,monthly industry,uniform_high_overlap,27,test,block,constant_a027,0.12133012345679012
-0.004124747058823533,-0.062318129411764615,0.03334669745098042,0.09050000000000001,0.09050000000000001,4.0,30.999999999999993,0.9705882352941176,0.011051470588235293,0.1126235294117647,136,2,1,monthly_industry_30,monthly industry,uniform_high_overlap,27,test,block,constant_a028,0.12133012345679012
0.007199476960784326,-0.005960012401960782,0.023641527071078423,0.0151,0.015100000000000002,5.0,30.999999999999993,0.9632352941176471,0.008997058823529412,0.08895882352941176,136,3,2,monthly_industry_30,monthly industry,uniform_high_overlap,27,test,block,constant_a029,0.12133012345679012
0.047235708028674064,0.023008810148335297,0.09163499096681334,-0.02511666666666667,-0.02511666666666667,2.9999999999999996,30.999999999999993,0.9779411764705882,0.01024235294117647,0.10200901960784312,136,3,1,monthly_industry_30,monthly industry,uniform_high_overlap,27,test,block,constant_equal_weight_public,0.12133012345679012
0.06663328014967149,0.01318127401316752,0.14573892079777026,0.0029,0.0029,4.0,30.999999999999993,0.9705882352941176,0.02070735294117647,0.17675588235294115,136,4,1,monthly_industry_30,monthly industry,uniform_high_overlap,27,test,block,momentum_12,0.12133012345679012
0.013647854877203729,0.004760047161867473,0.027154589760454772,-0.0349,inf,1.0,30.999999999999993,0.9926470588235294,0.006003799019607842,0.08625,136,64,0,monthly_industry_30,monthly industry,uniform_high_overlap,27,test,block,low_vol_12,0.12133012345679012
0.002880970383334715,-0.07673512213672126,0.08123246643783993,0.1139,inf,2.0,30.999999999999993,0.9852941176470589,0.015530686274509806,0.1313264705882353,136,32,1,monthly_industry_30,monthly industry,uniform_high_overlap,27,test,block,risk_adjusted_12,0.12133012345679012
-0.012476556172186126,-0.14851605564602585,0.07716041209841891,0.1359,0.1359,2.9999999999999996,30.999999999999993,0.9779411764705882,0.010914901960784313,0.11323137254901959,136,5,1,monthly_industry_30,monthly industry,uniform_high_overlap,27,test,block,ridge_return_train_only,0.12133012345679012
0.03319208819959726,-0.020295281523557748,0.10753397373486964,-0.0301,-0.030099999999999995,3.9950696536777146,32.958104795415906,0.9630086143177989,0.009589814814814813,0.0832074074074074,108,0,1,monthly_industry_30,monthly industry,softmax_high_entropy,7,calibration,iid,constant_a000,0.12133012345679012
-0.00036083750319843835,-0.025722542139224952,0.012320014814814815,0.029500000000000005,inf,1.0,32.74824402645291,0.9907407407407407,0.011237037037037037,0.08046666666666666,108,82,0,monthly_industry_30,monthly industry,softmax_high_entropy,7,calibration,iid,constant_a001,0.12133012345679012
0.006781980169934837,-0.049611302404654146,0.04114787050382665,0.0655,0.0655,4.8982800996507665,32.307537986667015,0.9546455546328633,0.01357037037037037,0.08148518518518519,108,4,1,monthly_industry_30,monthly industry,softmax_high_entropy,7,calibration,iid,constant_a002,0.12133012345679012
0.030587954581092355,-0.011998704581975264,0.0961698426512527,0.0384,0.0384,3.9897129567405636,28.25708817192748,0.9630582133635133,0.009954629629629631,0.2067925925925926,108,5,1,monthly_industry_30,monthly industry,softmax_high_entropy,7,calibration,iid,constant_a003,0.12133012345679012
-0.016102881481359486,-0.06777413350999689,0.01726834352395108,0.0694,0.0694,4.938052538336296,36.88474010526511,0.9542772913117009,0.0031333333333333348,0.1556074074074074,108,3,1,monthly_industry_30,monthly industry,softmax_high_entropy,7,calibration,iid,constant_a004,0.12133012345679012
0.009907166140589386,-0.00617860112644526,0.02351976351654293,0.0069,inf,1.9999998928475344,34.53580116738091,0.981481482473634,0.007787037037037038,0.10028888888888889,108,28,0,monthly_industry_30,monthly industry,softmax_high_entropy,7,calibration,iid,constant_a005,0.12133012345679012
0.028157418825369544,-0.01985907253240616,0.1032818325837259,0.037200000000000004,0.037200000000000004,2.812442211666418,43.32662187823069,0.9739588684104962,0.012547222222222222,0.13836666666666664,108,5,1,monthly_industry_30,monthly industry,softmax_high_entropy,7,calibration,iid,constant_a006,0.12133012345679012
0.011836553932511974,-0.03286807512820737,0.07307259291282694,0.0337,0.0337,7.755781027138829,37.877566949147585,0.9281872127116775,0.010110185185185182,0.08343333333333333,108,1,2,monthly_industry_30,monthly industry,softmax_high_entropy,7,calibration,iid,constant_a007,0.12133012345679012
0.02495024047478196,0.012320014814814815,0.050268136233879976,-0.0217,inf,1.999705635575637,29.741635302694657,0.9814842070780033,0.01219907407407408,0.1576222222222222,108,20,0,monthly_industry_30,monthly industry,softmax_high_entropy,7,calibration,iid,constant_a008,0.12133012345679012
0.02029799391067056,-0.030905316290962024,0.0851334279283351,0.0706,inf,2.865675189843175,28.05608212999405,0.9734659704644151,0.01513333333333333,0.24232222222222222,108,11,1,monthly_industry_30,monthly industry,softmax_high_entropy,7,calibration,iid,constant_a009,0.12133012345679012
0.03939089115443201,0.012320014814814815,0.06568632652180065,-0.0235,inf,2.9814275204529075,38.212955007478094,0.972394189625436,0.004490740740740739,0.16894074074074072,108,11,1,monthly_industry_30,monthly industry,softmax_high_entropy,7,calibration,iid,constant_a010,0.12133012345679012
-0.021949930193191025,-0.135848598097766,0.05562164151813919,0.133,inf,2.9492146837825923,34.27872032772088,0.9726924566316426,0.005515740740740741,0.23192222222222222,108,17,1,monthly_industry_30,monthly industry,softmax_high_entropy,7,calibration,iid,constant_a011,0.12133012345679012
0.018291617666619638,0.012130362949522444,0.03042447523552161,-0.0121,inf,1.953360448314621,31.03185190630046,0.981913329182272,0.01081574074074074,0.17674444444444445,108,35,0,monthly_industry_30,monthly industry,softmax_high_entropy,7,calibration,iid,constant_a012,0.12133012345679012
0.042269027585890295,-0.08311490587608619,0.185685998236869,0.1374,0.1374,3.9812482713951747,35.66818955041507,0.9631365900796743,0.009680555555555555,0.16028888888888887,108,4,1,monthly_industry_30,monthly industry,softmax_high_entropy,7,calibration,iid,constant_a013,0.12133012345679012
-0.04103325780147812,-0.24187428075732031,0.08189264320674408,0.22870000000000001,0.22870000000000004,5.575534237833844,40.02052519913151,0.94837468298302,0.009813888888888888,0.1906925925925926,108,0,2,monthly_industry_30,monthly industry,softmax_high_entropy,7,calibration,iid,constant_a014,0.12133012345679012
0.020730863173495047,-0.04395085571605637,0.10111748012759111,0.08220000000000001,0.08220000000000001,3.957645609395852,32.73673547639052,0.9633551332463347,0.011383333333333332,0.1517,108,2,1,monthly_industry_30,monthly industry,softmax_high_entropy,7,calibration,iid,constant_a015,0.12133012345679012
0.06478220701733126,0.006194007075007023,0.14161031272383315,0.009399999999999999,0.009399999999999999,3.6550535210163972,41.1813208835335,0.9661569118424408,0.005846296296296298,0.21665185185185185,108,5,1,monthly_industry_30,monthly industry,softmax_high_entropy,7,calibration,iid,constant_a016,0.12133012345679012
-0.008807772984981557,-0.055463209450259995,0.01500039908683151,0.0348,inf,1.82413838163938,51.45912877464845,0.9831098297996353,-0.0003518518518518532,0.29553703703703704,108,21,0,monthly_industry_30,monthly industry,softmax_high_entropy,7,calibration,iid,constant_a017,0.12133012345679012
0.022901955839980972,-0.06561164420468246,0.1366274390177091,0.09570000000000001,0.09570000000000002,3.981068588389274,31.37034415049639,0.9631382538112104,0.007457407407407407,0.13156296296296294,108,4,1,monthly_industry_30,monthly industry,softmax_high_entropy,7,calibration,iid,constant_a018,0.12133012345679012
-0.0011172128483048257,-0.02774879721279253,0.018579896849843933,0.030299999999999997,0.030299999999999997,2.983986483660265,34.79372160470833,0.9723704955216642,0.008509259259259258,0.09720740740740741,108,7,1,monthly_industry_30,monthly industry,softmax_high_entropy,7,calibration,iid,constant_a019,0.12133012345679012
0.001994908286639756,-0.017853822803931794,0.01701631322614948,0.0138,inf,2.998495750203656,31.002515098849855,0.9722361504610773,0.01028611111111111,0.11100000000000002,108,12,1,monthly_industry_30,monthly industry,softmax_high_entropy,7,calibration,iid,constant_a020,0.12133012345679012
0.015555530293050634,0.012320014814814815,0.02210744913647816,-0.024399999999999998,inf,1.0,28.926829486348534,0.9907407407407407,0.008956481481481482,0.10537407407407408,108,77,0,monthly_industry_30,monthly industry,softmax_high_entropy,7,calibration,iid,constant_a021,0.12133012345679012
0.09903501102386914,0.029782332145959663,0.1798438021737395,-0.0397,-0.0397,4.991261844499859,33.586749382982894,0.9537846125509273,0.009407407407407408,0.13405555555555554,108,3,1,monthly_industry_30,monthly industry,softmax_high_entropy,7,calibration,iid,constant_a022,0.12133012345679012
0.01013220424731951,-0.04119293768102915,0.07771362561211265,0.013999999999999999,0.013999999999999999,3.9779126093331816,34.5907513044139,0.9631674758395076,0.009435185185185184,0.1265962962962963,108,2,1,monthly_industry_30,monthly industry,softmax_high_entropy,7,calibration,iid,constant_a023,0.12133012345679012
-0.09749880857028151,-0.2038691142789825,-0.0050634604585711165,0.12269999999999999,0.1227,5.915720029989317,36.25822001565671,0.9452248145371359,0.011483333333333335,0.11916296296296297,108,1,2,monthly_industry_30,monthly industry,softmax_high_entropy,7,calibration,iid,constant_a024,0.12133012345679012
0.021519291125217284,0.0007247128920345036,0.057915571876362475,0.0064,inf,3.9380435975776313,37.51729843991118,0.9635366333557627,0.010116666666666666,0.11522222222222221,108,11,1,monthly_industry_30,monthly industry,softmax_high_entropy,7,calibration,iid,constant_a025,0.12133012345679012
-0.026196931662909366,-0.07951182971693321,0.017873044132242517,0.0758,0.0758,4.936815850311783,35.09435764545947,0.9542887421267428,0.009475925925925928,0.09744814814814814,108,1,1,monthly_industry_30,monthly industry,softmax_high_entropy,7,calibration,iid,constant_a026,0.12133012345679012
0.052994241345058424,0.012320014814814815,0.11065096635943696,-0.041299999999999996,-0.041299999999999996,2.9846046203793826,30.78013567387945,0.9723647720335242,0.011696296296296293,0.0864962962962963,108,6,1,monthly_industry_30,monthly industry,softmax_high_entropy,7,calibration,iid,constant_a027,0.12133012345679012
0.02736991694502589,0.012320014814814815,0.05395565166398308,-0.0191,inf,1.9990016375864175,28.342506983233378,0.9814907255779035,0.0033916666666666683,0.17157407407407407,108,27,0,monthly_industry_30,monthly industry,softmax_high_entropy,7,calibration,iid,constant_a028,0.12133012345679012
0.004971061943998838,-0.009726843797633137,0.012320014814814815,0.013300000000000001,inf,1.0,30.979174515901327,0.9907407407407407,0.005977777777777777,0.14215185185185186,108,70,0,monthly_industry_30,monthly industry,softmax_high_entropy,7,calibration,iid,constant_a029,0.12133012345679012
0.015847047516303732,0.012320014814814815,0.022159841073124575,-0.014936666666666662,inf,1.9999591483626205,31.66477096561206,0.9814818597373831,0.008955,0.12133012345679012,108,34,0,monthly_industry_30,monthly industry,softmax_high_entropy,7,calibration,iid,constant_equal_weight_public,0.12133012345679012
0.03709648219824832,-0.01339793920355142,0.08715605942750124,0.037200000000000004,0.037200000000000004,4.934048211256208,23.38328291873836,0.9543143684142944,0.013036111111111111,0.2308074074074074,108,3,1,monthly_industry_30,monthly industry,softmax_high_entropy,7,calibration,iid,momentum_12,0.12133012345679012
0.0395760598002419,0.0031902541080504345,0.11294885707062301,0.0033,inf,2.9914096339419465,34.79372160470833,0.9723017626486857,0.009154320987654322,0.09146296296296295,108,13,1,monthly_industry_30,monthly industry,softmax_high_entropy,7,calibration,iid,low_vol_12,0.12133012345679012
0.01640534999521462,-0.04365996781497217,0.06847580428619199,0.0706,0.0706,4.860981500425618,34.79372160470833,0.9549909120330962,0.0024592592592592587,0.2494555555555555,108,2,1,monthly_industry_30,monthly industry,softmax_high_entropy,7,calibration,iid,risk_adjusted_12,0.12133012345679012
0.01997946951966725,-0.012232505094551902,0.038440172160394234,0.029500000000000005,inf,1.0,32.74824402645291,0.9907407407407407,0.011133333333333332,0.10142592592592593,108,82,0,monthly_industry_30,monthly industry,softmax_high_entropy,7,calibration,iid,ridge_return_train_only,0.12133012345679012
0.03319208819959726,-0.020392654414464514,0.10378770874231308,-0.0301,-0.030099999999999995,3.9950696536777146,32.958104795415906,0.9630086143177989,0.009589814814814813,0.0832074074074074,108,1,1,monthly_industry_30,monthly industry,softmax_high_entropy,7,calibration,block,constant_a000,0.12133012345679012
-0.00036083750319843835,-0.025722542139224952,0.012320014814814815,0.029500000000000005,inf,1.0,32.74824402645291,0.9907407407407407,0.011237037037037037,0.08046666666666666,108,87,0,monthly_industry_30,monthly industry,softmax_high_entropy,7,calibration,block,constant_a001,0.12133012345679012
0.006781980169934837,-0.030816785491553908,0.039847095771877214,0.0655,0.0655,4.8982800996507665,32.307537986667015,0.9546455546328633,0.01357037037037037,0.08148518518518519,108,1,1,monthly_industry_30,monthly industry,softmax_high_entropy,7,calibration,block,constant_a002,0.12133012345679012
0.030587954581092355,-0.017844610865828975,0.07405351299409178,0.0384,0.0384,3.9897129567405636,28.25708817192748,0.9630582133635133,0.009954629629629631,0.2067925925925926,108,2,1,monthly_industry_30,monthly industry,softmax_high_entropy,7,calibration,block,constant_a003,0.12133012345679012
-0.016102881481359486,-0.07803789388770542,0.018686348764796027,0.0694,0.0694,4.938052538336296,36.88474010526511,0.9542772913117009,0.0031333333333333348,0.1556074074074074,108,0,1,monthly_industry_30,monthly industry,softmax_high_entropy,7,calibration,block,constant_a004,0.12133012345679012
0.009907166140589386,-0.002478361581527974,0.02351976351654292,0.0069,inf,1.9999998928475344,34.53580116738091,0.981481482473634,0.007787037037037038,0.10028888888888889,108,25,0,monthly_industry_30,monthly industry,softmax_high_entropy,7,calibration,block,constant_a005,0.12133012345679012
0.028157418825369544,-0.016646389010016166,0.1009346874281498,0.037200000000000004,0.037200000000000004,2.812442211666418,43.32662187823069,0.9739588684104962,0.012547222222222222,0.13836666666666664,108,8,1,monthly_industry_30,monthly industry,softmax_high_entropy,7,calibration,block,constant_a006,0.12133012345679012
0.011836553932511974,-0.03378889992336093,0.055759364879536755,0.0337,0.0337,7.755781027138829,37.877566949147585,0.9281872127116775,0.010110185185185182,0.08343333333333333,108,0,2,monthly_industry_30,monthly industry,softmax_high_entropy,7,calibration,block,constant_a007,0.12133012345679012
0.02495024047478196,0.012320014814814815,0.05250846936125927,-0.0217,inf,1.999705635575637,29.741635302694657,0.9814842070780033,0.01219907407407408,0.1576222222222222,108,22,0,monthly_industry_30,monthly industry,softmax_high_entropy,7,calibration,block,constant_a008,0.12133012345679012
0.02029799391067056,-0.03095708656595364,0.08513342792833506,0.0706,0.0706,2.865675189843175,28.05608212999405,0.9734659704644151,0.01513333333333333,0.24232222222222222,108,7,1,monthly_industry_30,monthly industry,softmax_high_entropy,7,calibration,block,constant_a009,0.12133012345679012
0.03939089115443201,0.012320014814814815,0.07397019358313672,-0.0235,-0.0235,2.9814275204529075,38.212955007478094,0.972394189625436,0.004490740740740739,0.16894074074074072,108,7,1,monthly_industry_30,monthly industry,softmax_high_entropy,7,calibration,block,constant_a010,0.12133012345679012
-0.021949930193191025,-0.15052488093934852,0.055917991074850563,0.133,inf,2.9492146837825923,34.27872032772088,0.9726924566316426,0.005515740740740741,0.23192222222222222,108,10,1,monthly_industry_30,monthly industry,softmax_high_entropy,7,calibration,block,constant_a011,0.12133012345679012
0.018291617666619638,0.012130362949522444,0.03036283837930159,-0.0121,inf,1.953360448314621,31.03185190630046,0.981913329182272,0.01081574074074074,0.17674444444444445,108,19,0,monthly_industry_30,monthly industry,softmax_high_entropy,7,calibration,block,constant_a012,0.12133012345679012
0.042269027585890295,-0.07231604041910818,0.19422770359124492,0.1374,0.1374,3.9812482713951747,35.66818955041507,0.9631365900796743,0.009680555555555555,0.16028888888888887,108,1,1,monthly_industry_30,monthly industry,softmax_high_entropy,7,calibration,block,constant_a013,0.12133012345679012
-0.04103325780147812,-0.2870426836661442,0.08351335059771146,0.22870000000000001,0.22870000000000004,5.575534237833844,40.02052519913151,0.94837468298302,0.009813888888888888,0.1906925925925926,108,2,2,monthly_industry_30,monthly industry,softmax_high_entropy,7,calibration,block,constant_a014,0.12133012345679012
0.020730863173495047,-0.053613472853049446,0.09145333248216081,0.08220000000000001,0.08220000000000001,3.957645609395852,32.73673547639052,0.9633551332463347,0.011383333333333332,0.1517,108,3,1,monthly_industry_30,monthly industry,softmax_high_entropy,7,calibration,block,constant_a015,0.12133012345679012
0.06478220701733126,0.00795594054983821,0.15415466815258383,0.009399999999999999,0.009399999999999999,3.6550535210163972,41.1813208835335,0.9661569118424408,0.005846296296296298,0.21665185185185185,108,2,1,monthly_industry_30,monthly industry,softmax_high_entropy,7,calibration,block,constant_a016,0.12133012345679012
-0.008807772984981557,-0.07616207604661761,0.01629095447706176,0.0348,inf,1.82413838163938,51.45912877464845,0.9831098297996353,-0.0003518518518518532,0.29553703703703704,108,21,0,monthly_industry_30,monthly industry,softmax_high_entropy,7,calibration,block,constant_a017,0.12133012345679012
0.022901955839980972,-0.039746781108609935,0.10383578376934345,0.09570000000000001,0.09570000000000002,3.981068588389274,31.37034415049639,0.9631382538112104,0.007457407407407407,0.13156296296296294,108,2,1,monthly_industry_30,monthly industry,softmax_high_entropy,7,calibration,block,constant_a018,0.12133012345679012
-0.0011172128483048257,-0.02740139584271607,0.018579896849843933,0.030299999999999997,0.030299999999999997,2.983986483660265,34.79372160470833,0.9723704955216642,0.008509259259259258,0.09720740740740741,108,7,1,monthly_industry_30,monthly industry,softmax_high_entropy,7,calibration,block,constant_a019,0.12133012345679012
0.001994908286639756,-0.01779813824000876,0.01701631322614948,0.0138,inf,2.998495750203656,31.002515098849855,0.9722361504610773,0.01028611111111111,0.11100000000000002,108,12,1,monthly_industry_30,monthly industry,softmax_high_entropy,7,calibration,block,constant_a020,0.12133012345679012
0.015555530293050634,0.012320014814814815,0.02202656124952224,-0.024399999999999998,inf,1.0,28.926829486348534,0.9907407407407407,0.008956481481481482,0.10537407407407408,108,79,0,monthly_industry_30,monthly industry,softmax_high_entropy,7,calibration,block,constant_a021,0.12133012345679012
0.09903501102386914,0.029801742260742135,0.17154545074517408,-0.0397,-0.0397,4.991261844499859,33.586749382982894,0.9537846125509273,0.009407407407407408,0.13405555555555554,108,1,1,monthly_industry_30,monthly industry,softmax_high_entropy,7,calibration,block,constant_a022,0.12133012345679012
0.01013220424731951,-0.03654538262308724,0.07029149402111198,0.013999999999999999,0.013999999999999999,3.9779126093331816,34.5907513044139,0.9631674758395076,0.009435185185185184,0.1265962962962963,108,3,1,monthly_industry_30,monthly industry,softmax_high_entropy,7,calibration,block,constant_a023,0.12133012345679012
-0.09749880857028151,-0.22265694108737683,-0.007463598848696401,0.12269999999999999,0.1227,5.915720029989317,36.25822001565671,0.9452248145371359,0.011483333333333335,0.11916296296296297,108,0,2,monthly_industry_30,monthly industry,softmax_high_entropy,7,calibration,block,constant_a024,0.12133012345679012
0.021519291125217284,-0.002285774765726912,0.05800112925822312,0.0064,0.006400000000000001,3.9380435975776313,37.51729843991118,0.9635366333557627,0.010116666666666666,0.11522222222222221,108,9,1,monthly_industry_30,monthly industry,softmax_high_entropy,7,calibration,block,constant_a025,0.12133012345679012
-0.026196931662909366,-0.09626629074342476,0.017853766540193557,0.0758,0.0758,4.936815850311783,35.09435764545947,0.9542887421267428,0.009475925925925928,0.09744814814814814,108,0,1,monthly_industry_30,monthly industry,softmax_high_entropy,7,calibration,block,constant_a026,0.12133012345679012
0.052994241345058424,0.012320014814814815,0.1034796473966848,-0.041299999999999996,inf,2.9846046203793826,30.78013567387945,0.9723647720335242,0.011696296296296293,0.0864962962962963,108,11,1,monthly_industry_30,monthly industry,softmax_high_entropy,7,calibration,block,constant_a027,0.12133012345679012
0.02736991694502589,0.012320014814814815,0.06540252046686923,-0.0191,inf,1.9990016375864175,28.342506983233378,0.9814907255779035,0.0033916666666666683,0.17157407407407407,108,21,0,monthly_industry_30,monthly industry,softmax_high_entropy,7,calibration,block,constant_a028,0.12133012345679012
0.004971061943998838,-0.017075796668449137,0.012320014814814815,0.013300000000000001,inf,1.0,30.979174515901327,0.9907407407407407,0.005977777777777777,0.14215185185185186,108,77,0,monthly_industry_30,monthly industry,softmax_high_entropy,7,calibration,block,constant_a029,0.12133012345679012
0.015847047516303732,0.012320014814814815,0.021399562256553328,-0.014936666666666662,inf,1.9999591483626205,31.66477096561206,0.9814818597373831,0.008955,0.12133012345679012,108,34,0,monthly_industry_30,monthly industry,softmax_high_entropy,7,calibration,block,constant_equal_weight_public,0.12133012345679012
0.03709648219824832,-0.013484841166563417,0.09142943072232497,0.037200000000000004,0.037200000000000004,4.934048211256208,23.38328291873836,0.9543143684142944,0.013036111111111111,0.2308074074074074,108,0,1,monthly_industry_30,monthly industry,softmax_high_entropy,7,calibration,block,momentum_12,0.12133012345679012
0.0395760598002419,0.0009369830211945031,0.1088096469376318,0.0033,inf,2.9914096339419465,34.79372160470833,0.9723017626486857,0.009154320987654322,0.09146296296296295,108,10,1,monthly_industry_30,monthly industry,softmax_high_entropy,7,calibration,block,low_vol_12,0.12133012345679012
0.01640534999521462,-0.047381056403604724,0.0736039355842375,0.0706,0.0706,4.860981500425618,34.79372160470833,0.9549909120330962,0.0024592592592592587,0.2494555555555555,108,4,1,monthly_industry_30,monthly industry,softmax_high_entropy,7,calibration,block,risk_adjusted_12,0.12133012345679012
0.01997946951966725,-0.01481496409049725,0.04272540723112732,0.029500000000000005,inf,1.0,32.74824402645291,0.9907407407407407,0.011133333333333332,0.10142592592592593,108,87,0,monthly_industry_30,monthly industry,softmax_high_entropy,7,calibration,block,ridge_return_train_only,0.12133012345679012
-0.0635845038727293,-0.16391173833723535,0.0085516956601316,0.09820000000000001,0.09820000000000002,4.893524184060573,37.46823486530185,0.9640182045289664,0.005722058823529412,0.07954117647058823,136,2,1,monthly_industry_30,monthly industry,softmax_high_entropy,7,test,iid,constant_a000,0.12133012345679012
0.018031708932300532,0.0030422363773797904,0.03873287560470715,0.0012,inf,1.9962452841664013,31.10888769413049,0.9853217258517176,0.005813235294117649,0.08037058823529412,136,19,0,monthly_industry_30,monthly industry,softmax_high_entropy,7,test,iid,constant_a001,0.12133012345679012
0.019745487049176204,0.012320014814814815,0.03199529548110171,-0.018799999999999997,inf,1.998076080687611,29.044191201368417,0.9853082641125911,0.011203676470588236,0.12225294117647058,136,27,0,monthly_industry_30,monthly industry,softmax_high_entropy,7,test,iid,constant_a002,0.12133012345679012
0.0012342635717545848,-0.03671082120626944,0.033755232870615555,0.062400000000000004,0.06240000000000001,4.908837143217589,30.2702704774662,0.9639056092410472,0.012388235294117648,0.15730882352941175,136,2,1,monthly_industry_30,monthly industry,softmax_high_entropy,7,test,iid,constant_a003,0.12133012345679012
0.01354929294372355,-0.04099484900950567,0.08321071305609815,0.0661,0.0661,3.9856378947776676,37.6856889375861,0.9706938390089878,0.0059507352941176464,0.1360823529411765,136,4,1,monthly_industry_30,monthly industry,softmax_high_entropy,7,test,iid,constant_a004,0.12133012345679012
0.022928521024753006,-0.008763099793843978,0.06761374433191603,0.0032999999999999995,0.0033,5.9562116960867915,40.38294208838628,0.9562043257640677,0.005198529411764706,0.09060294117647058,136,0,2,monthly_industry_30,monthly industry,softmax_high_entropy,7,test,iid,constant_a005,0.12133012345679012
0.061012001934348865,0.012508517364240012,0.14068962410316693,-0.0118,-0.0118,4.708116153334417,49.3902273935033,0.9653814988725411,0.004352205882352941,0.14798235294117645,136,1,1,monthly_industry_30,monthly industry,softmax_high_entropy,7,test,iid,constant_a006,0.12133012345679012
0.019611905989219053,-0.00419033462637475,0.05385600613196124,0.0011999999999999997,0.0012,3.7840857041307987,46.06131327882059,0.972175840410803,0.008147794117647059,0.0847264705882353,136,3,1,monthly_industry_30,monthly industry,softmax_high_entropy,7,test,iid,constant_a007,0.12133012345679012
-0.03381583189541818,-0.11084746765575948,0.014575331915827897,0.0764,0.0764,5.880902008945072,45.85453328955992,0.9567580734636392,0.006644117647058825,0.12974411764705882,136,1,2,monthly_industry_30,monthly industry,softmax_high_entropy,7,test,iid,constant_a008,0.12133012345679012
0.03664454425254647,-0.0018946350400318448,0.09527832137441404,0.05900000000000001,0.05900000000000001,3.690131245342784,48.085288166002854,0.9728666820195384,0.0021544117647058834,0.2105794117647059,136,2,1,monthly_industry_30,monthly industry,softmax_high_entropy,7,test,iid,constant_a009,0.12133012345679012
0.04781324791457496,0.017973831632157586,0.08692379072818711,-0.003,-0.003,4.952833120583092,35.58869464764386,0.9635821094074772,0.01612941176470588,0.1451029411764706,136,1,1,monthly_industry_30,monthly industry,softmax_high_entropy,7,test,iid,constant_a010,0.12133012345679012
-0.028048579184567806,-0.14378897268117646,0.05223347685497679,0.2115,0.2115,3.921242978230316,40.70078447796226,0.9711673310424241,0.01574558823529412,0.17915,136,5,1,monthly_industry_30,monthly industry,softmax_high_entropy,7,test,iid,constant_a011,0.12133012345679012
-0.002764143000213228,-0.040046052704936684,0.019535244170897765,0.0495,inf,2.95530530826418,37.037759671183444,0.9782698139098223,0.016123529411764703,0.12421176470588235,136,15,1,monthly_industry_30,monthly industry,softmax_high_entropy,7,test,iid,constant_a012,0.12133012345679012
0.034257039928698274,-0.021373127271081333,0.11907742178338752,0.022799999999999997,0.022799999999999997,2.9341009046535214,43.64781531874935,0.9784257286422535,0.012578676470588237,0.14005882352941176,136,4,1,monthly_industry_30,monthly industry,softmax_high_entropy,7,test,iid,constant_a013,0.12133012345679012
-0.03232287690316294,-0.15406184604325734,0.08291506775447512,0.2409,0.24090000000000003,5.313178510797005,29.372106562031558,0.960932510950022,0.0199125,0.21385882352941174,136,1,2,monthly_industry_30,monthly industry,softmax_high_entropy,7,test,iid,constant_a014,0.12133012345679012
-0.03291180345056995,-0.11768563735263426,0.026614250721914777,0.1096,0.1096,5.8522024592551105,39.490101755506444,0.9569690995643007,0.012144117647058823,0.14591176470588232,136,0,2,monthly_industry_30,monthly industry,softmax_high_entropy,7,test,iid,constant_a015,0.12133012345679012
0.007191610937177153,-0.054777747839305876,0.0689326361859583,0.0929,0.0929,3.967831646066763,31.09033740682143,0.9708247673083327,0.015613235294117645,0.13995294117647059,136,3,1,monthly_industry_30,monthly industry,softmax_high_entropy,7,test,iid,constant_a016,0.12133012345679012
-0.061270887969789474,-0.20845269353899865,0.012320014814814815,0.1748,inf,1.0,53.48632955491741,0.9926470588235294,0.009413235294117648,0.2893911764705882,136,78,0,monthly_industry_30,monthly industry,softmax_high_entropy,7,test,iid,constant_a017,0.12133012345679012
0.0058191142814182015,-0.056052476317648814,0.06552676394221876,0.0889,0.08890000000000002,3.9208677646097545,40.023428208430644,0.9711700899661048,0.010013235294117651,0.17509411764705882,136,4,1,monthly_industry_30,monthly industry,softmax_high_entropy,7,test,iid,constant_a018,0.12133012345679012
0.0011242108714628277,-0.03796513016998615,0.03344817249491848,0.07780000000000001,0.07780000000000001,3.989517861319248,30.394699505219293,0.9706653098432408,0.008348529411764708,0.08674705882352941,136,4,1,monthly_industry_30,monthly industry,softmax_high_entropy,7,test,iid,constant_a019,0.12133012345679012
0.04357055859977831,-0.03563713158122327,0.13566466324534396,0.065,0.065,6.649175789612202,54.54826053713514,0.9511090015469691,0.005097058823529412,0.1036735294117647,136,0,2,monthly_industry_30,monthly industry,softmax_high_entropy,7,test,iid,constant_a020,0.12133012345679012
-0.07410240941194834,-0.16396329258233344,0.010356850381725716,0.1106,0.11060000000000002,4.799751712837687,47.37470987981714,0.9647077079938405,0.014211029411764706,0.10055882352941177,136,0,1,monthly_industry_30,monthly industry,softmax_high_entropy,7,test,iid,constant_a021,0.12133012345679012
-0.008010139092588828,-0.05587594438793261,0.018847157453839886,0.0791,0.0791,4.944528632325019,33.84740383999944,0.9636431718211396,0.020024264705882353,0.10592058823529413,136,1,1,monthly_industry_30,monthly industry,softmax_high_entropy,7,test,iid,constant_a022,0.12133012345679012
-0.02498360964676393,-0.12124466454237418,0.058311164100904186,0.09820000000000002,0.09820000000000002,6.94109201256987,42.93541358798257,0.9489625587311039,0.002658823529411765,0.10287058823529413,136,0,2,monthly_industry_30,monthly industry,softmax_high_entropy,7,test,iid,constant_a023,0.12133012345679012
-0.011683492497813485,-0.048816527333473476,0.013727432099597335,0.054400000000000004,0.054400000000000004,4.974509665126213,36.30858485820905,0.9634227230505426,0.008090441176470588,0.12422352941176472,136,1,1,monthly_industry_30,monthly industry,softmax_high_entropy,7,test,iid,constant_a024,0.12133012345679012
0.011286702274012312,-0.017820519134237964,0.03936061114146008,0.0252,inf,1.9893344290950365,36.41711974531377,0.9853725409625365,0.010133823529411765,0.10630294117647059,136,30,0,monthly_industry_30,monthly industry,softmax_high_entropy,7,test,iid,constant_a025,0.12133012345679012
0.04164072265974461,-0.00587789586030139,0.10561192871822164,0.023799999999999998,0.023799999999999998,6.91736248931541,35.60471203070401,0.9491370405197397,0.012989705882352941,0.09431470588235294,136,0,2,monthly_industry_30,monthly industry,softmax_high_entropy,7,test,iid,constant_a026,0.12133012345679012
-0.010996482033943074,-0.06117250775706492,0.018498811777921068,0.083,0.083,3.975349654941215,37.488238296187795,0.9707694878313146,0.01041985294117647,0.09985882352941176,136,6,1,monthly_industry_30,monthly industry,softmax_high_entropy,7,test,iid,constant_a027,0.12133012345679012
0.04436781959694718,0.012155641490200746,0.0851914517386356,0.0028000000000000004,0.002800000000000001,5.941103755890471,36.98958335435095,0.9563154135596289,0.011051470588235293,0.1126235294117647,136,1,2,monthly_industry_30,monthly industry,softmax_high_entropy,7,test,iid,constant_a028,0.12133012345679012
0.003879386912774632,-0.02147531610325651,0.020793462026765547,0.029099999999999997,inf,1.9958305043995654,36.988277490216085,0.9853247757029444,0.008997058823529412,0.08895882352941176,136,17,0,monthly_industry_30,monthly industry,softmax_high_entropy,7,test,iid,constant_a029,0.12133012345679012
0.005211354608364431,-0.005563466778652359,0.012320014814814815,0.003453333333333334,inf,2.999929007249512,31.62243956296564,0.9779416984761066,0.01024235294117647,0.10200901960784312,136,10,1,monthly_industry_30,monthly industry,softmax_high_entropy,7,test,iid,constant_equal_weight_public,0.12133012345679012
0.025586035535800227,-0.018803447579298742,0.08324153937188494,0.059000000000000004,0.05900000000000001,2.6363230384111893,21.97579726949357,0.9806152717763883,0.02070735294117647,0.17675588235294115,136,9,1,monthly_industry_30,monthly industry,softmax_high_entropy,7,test,iid,momentum_12,0.12133012345679012
0.028958186049667815,-0.02488999700275841,0.08987222687138995,0.023799999999999998,0.0238,5.80097967830086,40.38294208838628,0.9573457376595524,0.006003799019607842,0.08625,136,2,2,monthly_industry_30,monthly industry,softmax_high_entropy,7,test,iid,low_vol_12,0.12133012345679012
-0.020684848094610075,-0.07404835236782438,0.010778352627456543,0.0929,0.09290000000000001,3.9654042593107994,25.464559656369552,0.9708426157403618,0.015530686274509806,0.1313264705882353,136,5,1,monthly_industry_30,monthly industry,softmax_high_entropy,7,test,iid,risk_adjusted_12,0.12133012345679012
0.008464512504860713,-0.020736025857726912,0.03532826188455528,-0.0097,inf,2.9395558177975167,36.94955113556629,0.978385618986783,0.0052352941176470585,0.07682941176470588,136,13,1,monthly_industry_30,monthly industry,softmax_high_entropy,7,test,iid,ridge_return_train_only,0.12133012345679012
-0.0635845038727293,-0.16325212856092297,0.009063296546470995,0.09820000000000001,0.09820000000000002,4.893524184060573,37.46823486530185,0.9640182045289664,0.005722058823529412,0.07954117647058823,136,2,1,monthly_industry_30,monthly industry,softmax_high_entropy,7,test,block,constant_a000,0.12133012345679012
0.018031708932300532,0.0029649215570678334,0.03564028279222882,0.0012,inf,1.9962452841664013,31.10888769413049,0.9853217258517176,0.005813235294117649,0.08037058823529412,136,33,0,monthly_industry_30,monthly industry,softmax_high_entropy,7,test,block,constant_a001,0.12133012345679012
0.019745487049176204,0.012320014814814814,0.032027809681561686,-0.018799999999999997,inf,1.998076080687611,29.044191201368417,0.9853082641125911,0.011203676470588236,0.12225294117647058,136,30,0,monthly_industry_30,monthly industry,softmax_high_entropy,7,test,block,constant_a002,0.12133012345679012
0.0012342635717545848,-0.028890838342478034,0.033047060775073814,0.062400000000000004,0.062400000000000004,4.908837143217589,30.2702704774662,0.9639056092410472,0.012388235294117648,0.15730882352941175,136,0,1,monthly_industry_30,monthly industry,softmax_high_entropy,7,test,block,constant_a003,0.12133012345679012
0.01354929294372355,-0.05386435250528383,0.06726337226775153,0.0661,0.0661,3.9856378947776676,37.6856889375861,0.9706938390089878,0.0059507352941176464,0.1360823529411765,136,1,1,monthly_industry_30,monthly industry,softmax_high_entropy,7,test,block,constant_a004,0.12133012345679012
0.022928521024753006,-0.011907962851417809,0.06052745016117662,0.0032999999999999995,0.0033,5.9562116960867915,40.38294208838628,0.9562043257640677,0.005198529411764706,0.09060294117647058,136,0,2,monthly_industry_30,monthly industry,softmax_high_entropy,7,test,block,constant_a005,0.12133012345679012
0.061012001934348865,0.012470663556542149,0.13843813699556862,-0.0118,-0.011799999999999998,4.708116153334417,49.3902273935033,0.9653814988725411,0.004352205882352941,0.14798235294117645,136,2,1,monthly_industry_30,monthly industry,softmax_high_entropy,7,test,block,constant_a006,0.12133012345679012
0.019611905989219053,-0.0022770522921821035,0.05232264620328192,0.0011999999999999997,0.0012,3.7840857041307987,46.06131327882059,0.972175840410803,0.008147794117647059,0.0847264705882353,136,2,1,monthly_industry_30,monthly industry,softmax_high_entropy,7,test,block,constant_a007,0.12133012345679012
-0.03381583189541818,-0.09033485026870243,0.02314760061057181,0.0764,0.0764,5.880902008945072,45.85453328955992,0.9567580734636392,0.006644117647058825,0.12974411764705882,136,0,2,monthly_industry_30,monthly industry,softmax_high_entropy,7,test,block,constant_a008,0.12133012345679012
0.03664454425254647,-0.010793654230792895,0.08639357492547355,0.05900000000000001,0.05900000000000001,3.690131245342784,48.085288166002854,0.9728666820195384,0.0021544117647058834,0.2105794117647059,136,6,1,monthly_industry_30,monthly industry,softmax_high_entropy,7,test,block,constant_a009,0.12133012345679012
0.04781324791457496,0.014112838798082995,0.10064994724629293,-0.003,-0.003,4.952833120583092,35.58869464764386,0.9635821094074772,0.01612941176470588,0.1451029411764706,136,1,1,monthly_industry_30,monthly industry,softmax_high_entropy,7,test,block,constant_a010,0.12133012345679012
-0.028048579184567806,-0.14614307432870352,0.05982221036857131,0.2115,0.21150000000000002,3.921242978230316,40.70078447796226,0.9711673310424241,0.01574558823529412,0.17915,136,6,1,monthly_industry_30,monthly industry,softmax_high_entropy,7,test,block,constant_a011,0.12133012345679012
-0.002764143000213228,-0.040191480153399316,0.021286930852782313,0.0495,0.04950000000000001,2.95530530826418,37.037759671183444,0.9782698139098223,0.016123529411764703,0.12421176470588235,136,9,1,monthly_industry_30,monthly industry,softmax_high_entropy,7,test,block,constant_a012,0.12133012345679012
0.034257039928698274,-0.021373127271081323,0.1379076000384392,0.022799999999999997,0.022799999999999997,2.9341009046535214,43.64781531874935,0.9784257286422535,0.012578676470588237,0.14005882352941176,136,5,1,monthly_industry_30,monthly industry,softmax_high_entropy,7,test,block,constant_a013,0.12133012345679012
-0.03232287690316294,-0.1635098629614784,0.06039442015410206,0.2409,0.24090000000000003,5.313178510797005,29.372106562031558,0.960932510950022,0.0199125,0.21385882352941174,136,2,2,monthly_industry_30,monthly industry,softmax_high_entropy,7,test,block,constant_a014,0.12133012345679012
-0.03291180345056995,-0.11125509903720522,0.024808610130967985,0.1096,0.1096,5.8522024592551105,39.490101755506444,0.9569690995643007,0.012144117647058823,0.14591176470588232,136,0,2,monthly_industry_30,monthly industry,softmax_high_entropy,7,test,block,constant_a015,0.12133012345679012
0.007191610937177153,-0.041170482653893295,0.06853145535655236,0.0929,0.0929,3.967831646066763,31.09033740682143,0.9708247673083327,0.015613235294117645,0.13995294117647059,136,3,1,monthly_industry_30,monthly industry,softmax_high_entropy,7,test,block,constant_a016,0.12133012345679012
-0.061270887969789474,-0.20845269353899865,0.012320014814814815,0.1748,inf,1.0,53.48632955491741,0.9926470588235294,0.009413235294117648,0.2893911764705882,136,81,0,monthly_industry_30,monthly industry,softmax_high_entropy,7,test,block,constant_a017,0.12133012345679012
0.0058191142814182015,-0.05431371643041389,0.07986297671435767,0.0889,0.0889,3.9208677646097545,40.023428208430644,0.9711700899661048,0.010013235294117651,0.17509411764705882,136,2,1,monthly_industry_30,monthly industry,softmax_high_entropy,7,test,block,constant_a018,0.12133012345679012
0.0011242108714628277,-0.0450117946099336,0.031195600992731894,0.07780000000000001,0.07780000000000001,3.989517861319248,30.394699505219293,0.9706653098432408,0.008348529411764708,0.08674705882352941,136,1,1,monthly_industry_30,monthly industry,softmax_high_entropy,7,test,block,constant_a019,0.12133012345679012
0.04357055859977831,-0.03075534251400948,0.14218675908789863,0.065,0.065,6.649175789612202,54.54826053713514,0.9511090015469691,0.005097058823529412,0.1036735294117647,136,0,2,monthly_industry_30,monthly industry,softmax_high_entropy,7,test,block,constant_a020,0.12133012345679012
-0.07410240941194834,-0.17871974379659483,-0.006716259475917531,0.1106,0.1106,4.799751712837687,47.37470987981714,0.9647077079938405,0.014211029411764706,0.10055882352941177,136,0,1,monthly_industry_30,monthly industry,softmax_high_entropy,7,test,block,constant_a021,0.12133012345679012
-0.008010139092588828,-0.05165367185856359,0.01836747897474519,0.0791,0.0791,4.944528632325019,33.84740383999944,0.9636431718211396,0.020024264705882353,0.10592058823529413,136,0,1,monthly_industry_30,monthly industry,softmax_high_entropy,7,test,block,constant_a022,0.12133012345679012
-0.02498360964676393,-0.0992552625012913,0.042112748576008954,0.09820000000000002,0.09820000000000001,6.94109201256987,42.93541358798257,0.9489625587311039,0.002658823529411765,0.10287058823529413,136,0,2,monthly_industry_30,monthly industry,softmax_high_entropy,7,test,block,constant_a023,0.12133012345679012
-0.011683492497813485,-0.051390106357153076,0.012823730068726958,0.054400000000000004,0.05440000000000001,4.974509665126213,36.30858485820905,0.9634227230505426,0.008090441176470588,0.12422352941176472,136,0,1,monthly_industry_30,monthly industry,softmax_high_entropy,7,test,block,constant_a024,0.12133012345679012
0.011286702274012312,-0.01782051913423798,0.03936061114146008,0.0252,inf,1.9893344290950365,36.41711974531377,0.9853725409625365,0.010133823529411765,0.10630294117647059,136,34,0,monthly_industry_30,monthly industry,softmax_high_entropy,7,test,block,constant_a025,0.12133012345679012
0.04164072265974461,-0.00657824242589284,0.13485754417289686,0.023799999999999998,0.023799999999999998,6.91736248931541,35.60471203070401,0.9491370405197397,0.012989705882352941,0.09431470588235294,136,1,2,monthly_industry_30,monthly industry,softmax_high_entropy,7,test,block,constant_a026,0.12133012345679012
-0.010996482033943074,-0.06331217074979692,0.019048212063334867,0.083,0.083,3.975349654941215,37.488238296187795,0.9707694878313146,0.01041985294117647,0.09985882352941176,136,7,1,monthly_industry_30,monthly industry,softmax_high_entropy,7,test,block,constant_a027,0.12133012345679012
0.04436781959694718,0.01369719162938402,0.08171602867110685,0.0028000000000000004,0.0028000000000000004,5.941103755890471,36.98958335435095,0.9563154135596289,0.011051470588235293,0.1126235294117647,136,1,2,monthly_industry_30,monthly industry,softmax_high_entropy,7,test,block,constant_a028,0.12133012345679012
0.003879386912774632,-0.02147531610325649,0.02086407408686515,0.029099999999999997,inf,1.9958305043995654,36.988277490216085,0.9853247757029444,0.008997058823529412,0.08895882352941176,136,19,0,monthly_industry_30,monthly industry,softmax_high_entropy,7,test,block,constant_a029,0.12133012345679012
0.005211354608364431,-0.004591506720647564,0.012320014814814815,0.003453333333333334,inf,2.999929007249512,31.62243956296564,0.9779416984761066,0.01024235294117647,0.10200901960784312,136,14,1,monthly_industry_30,monthly industry,softmax_high_entropy,7,test,block,constant_equal_weight_public,0.12133012345679012
0.025586035535800227,-0.010930591335581562,0.08353006933155639,0.059000000000000004,inf,2.6363230384111893,21.97579726949357,0.9806152717763883,0.02070735294117647,0.17675588235294115,136,14,1,monthly_industry_30,monthly industry,softmax_high_entropy,7,test,block,momentum_12,0.12133012345679012
0.028958186049667815,-0.0260581768404493,0.12496639750236746,0.023799999999999998,0.023799999999999998,5.80097967830086,40.38294208838628,0.9573457376595524,0.006003799019607842,0.08625,136,0,2,monthly_industry_30,monthly industry,softmax_high_entropy,7,test,block,low_vol_12,0.12133012345679012
-0.020684848094610075,-0.0597377284721024,0.01073882282778068,0.0929,0.0929,3.9654042593107994,25.464559656369552,0.9708426157403618,0.015530686274509806,0.1313264705882353,136,2,1,monthly_industry_30,monthly industry,softmax_high_entropy,7,test,block,risk_adjusted_12,0.12133012345679012
0.008464512504860713,-0.019510376095478062,0.03269236427403219,-0.0097,inf,2.9395558177975167,36.94955113556629,0.978385618986783,0.0052352941176470585,0.07682941176470588,136,12,1,monthly_industry_30,monthly industry,softmax_high_entropy,7,test,block,ridge_return_train_only,0.12133012345679012
0.022296838445965306,-0.007269669693622601,0.05189807674607617,0.0196,0.0196,3.9811710401202247,35.50695718032793,0.963137305184072,0.009589814814814813,0.0832074074074074,108,4,1,monthly_industry_30,monthly industry,softmax_high_entropy,17,calibration,iid,constant_a000,0.12133012345679012
0.0438472285612401,-0.012912980729871687,0.08621964089630955,0.0271,0.027100000000000003,8.95133957920033,32.32439392515118,0.9171172261185154,0.011237037037037037,0.08046666666666666,108,0,2,monthly_industry_30,monthly industry,softmax_high_entropy,17,calibration,iid,constant_a001,0.12133012345679012
0.06482016380192393,0.013305932918413074,0.13408203636618765,0.0028000000000000004,0.0028000000000000004,6.798876309870878,39.729879574720584,0.9370474415752696,0.01357037037037037,0.08148518518518519,108,1,2,monthly_industry_30,monthly industry,softmax_high_entropy,17,calibration,iid,constant_a002,0.12133012345679012
0.09132964108622511,0.013917718606833452,0.21209459494359018,-0.0165,-0.0165,3.871384819869136,34.88360173663631,0.9641538442604709,0.009954629629629631,0.2067925925925926,108,3,1,monthly_industry_30,monthly industry,softmax_high_entropy,17,calibration,iid,constant_a003,0.12133012345679012
0.007142057229636784,-0.005185946829608103,0.013306059259259258,0.0087,inf,1.0,30.251314483719735,0.9907407407407407,0.0031333333333333348,0.1556074074074074,108,77,0,monthly_industry_30,monthly industry,softmax_high_entropy,17,calibration,iid,constant_a004,0.12133012345679012
0.015138302206783817,-0.002568458851826732,0.03487601876579208,0.0029,inf,2.99310659581719,35.4106556123539,0.9722860500387297,0.007787037037037038,0.10028888888888889,108,16,1,monthly_industry_30,monthly industry,softmax_high_entropy,17,calibration,iid,constant_a005,0.12133012345679012
-0.0031738877021516673,-0.07593712888508393,0.0457352691976893,0.0764,0.0764,5.9031624099635644,33.55571703607403,0.9453410887966337,0.012547222222222222,0.13836666666666664,108,0,2,monthly_industry_30,monthly industry,softmax_high_entropy,17,calibration,iid,constant_a006,0.12133012345679012
-0.004810155555397155,-0.09623166488537838,0.05922997118164452,0.0808,0.0808,6.903935713041682,37.238804502889806,0.9360746693236881,0.010110185185185182,0.08343333333333333,108,0,2,monthly_industry_30,monthly industry,softmax_high_entropy,17,calibration,iid,constant_a007,0.12133012345679012
0.013306059259259258,0.013306059259259246,0.013306059259259258,,inf,0.0,0.0,1.0,0.01219907407407408,0.1576222222222222,108,200,0,monthly_industry_30,monthly industry,softmax_high_entropy,17,calibration,iid,constant_a008,0.12133012345679012
0.0042037313072747695,-0.029823957387034365,0.025191295968089448,0.0382,0.0382,2.901347072534155,30.134840795689865,0.9731356752543133,0.01513333333333333,0.24232222222222222,108,7,1,monthly_industry_30,monthly industry,softmax_high_entropy,17,calibration,iid,constant_a009,0.12133012345679012
0.010126046410939844,-0.01577102612984604,0.03276360578219836,0.022300000000000004,inf,1.997907513527216,31.27951810426369,0.9815008563562295,0.004490740740740739,0.16894074074074072,108,22,0,monthly_industry_30,monthly industry,softmax_high_entropy,17,calibration,iid,constant_a010,0.12133012345679012
0.12728873720634035,-0.008102381027640465,0.38802305512181046,0.0412,0.0412,3.52952396044553,51.81089518970902,0.9673192225884674,0.005515740740740741,0.23192222222222222,108,4,1,monthly_industry_30,monthly industry,softmax_high_entropy,17,calibration,iid,constant_a011,0.12133012345679012
0.006637335357909644,-0.05135623587364124,0.06450383867869575,0.08130000000000001,0.08130000000000001,3.9596055141074733,34.91026893746039,0.9633369859804863,0.01081574074074074,0.17674444444444445,108,1,1,monthly_industry_30,monthly industry,softmax_high_entropy,17,calibration,iid,constant_a012,0.12133012345679012
0.03933016383346006,-0.0801930667877001,0.15578468646124674,0.0933,0.09330000000000001,3.948689620557726,37.659192583914226,0.96343805906891,0.009680555555555555,0.16028888888888887,108,5,1,monthly_industry_30,monthly industry,softmax_high_entropy,17,calibration,iid,constant_a013,0.12133012345679012
0.0484635867344063,0.009099101768617335,0.1530964366427316,-0.0045000000000000005,-0.0045000000000000005,3.961594824002623,32.044298786373794,0.9633185664444202,0.009813888888888888,0.1906925925925926,108,5,1,monthly_industry_30,monthly industry,softmax_high_entropy,17,calibration,iid,constant_a014,0.12133012345679012
-0.005893979854929776,-0.05198384609805501,0.020593418165168628,0.0605,inf,2.9927960918345318,32.27155103389498,0.9722889250756062,0.011383333333333332,0.1517,108,11,1,monthly_industry_30,monthly industry,softmax_high_entropy,17,calibration,iid,constant_a015,0.12133012345679012
-0.006409905315497673,-0.05504899183354036,0.018179305043270283,0.1159,inf,2.8623306110725615,33.26494687975704,0.9734969387863651,0.005846296296296298,0.21665185185185185,108,12,1,monthly_industry_30,monthly industry,softmax_high_entropy,17,calibration,iid,constant_a016,0.12133012345679012
-0.020497735935355976,-0.08810532632458674,0.013306059259259255,0.38060000000000005,inf,1.0,9.268224733287427,0.9907407407407407,-0.0003518518518518532,0.29553703703703704,108,65,0,monthly_industry_30,monthly industry,softmax_high_entropy,17,calibration,iid,constant_a017,0.12133012345679012
0.002759355028304791,-0.02888075766455857,0.013306059259259255,0.0197,inf,1.0,34.51015003021129,0.9907407407407407,0.007457407407407407,0.13156296296296294,108,71,0,monthly_industry_30,monthly industry,softmax_high_entropy,17,calibration,iid,constant_a018,0.12133012345679012
0.020721569438051774,0.011632675813141128,0.03559984164507981,-0.0101,inf,2.864270806993254,46.95486601824154,0.9734789740093217,0.008509259259259258,0.09720740740740741,108,12,1,monthly_industry_30,monthly industry,softmax_high_entropy,17,calibration,iid,constant_a019,0.12133012345679012
0.024371208821888004,0.007599773111839913,0.04716694929739785,-0.0033000000000000004,-0.0032999999999999995,2.972162097825628,38.20492684939364,0.9724799805756886,0.01028611111111111,0.11100000000000002,108,8,1,monthly_industry_30,monthly industry,softmax_high_entropy,17,calibration,iid,constant_a020,0.12133012345679012
0.03440745134358726,0.013306059259259248,0.06829949348379784,-0.045700000000000005,inf,1.9993637093765084,32.72707005974691,0.9814873730613286,0.008956481481481482,0.10537407407407408,108,26,0,monthly_industry_30,monthly industry,softmax_high_entropy,17,calibration,iid,constant_a021,0.12133012345679012
0.002910283738943911,-0.09191037285543197,0.08469588559196602,0.1417,0.1417,5.975716069027592,32.37045304316025,0.944669295657152,0.009407407407407408,0.13405555555555554,108,0,2,monthly_industry_30,monthly industry,softmax_high_entropy,17,calibration,iid,constant_a022,0.12133012345679012
0.008432762161590664,-0.07427621660391438,0.06664122321169161,0.0999,0.09990000000000002,3.9752857208218297,36.93880106972137,0.9631917988812794,0.009435185185185184,0.1265962962962963,108,4,1,monthly_industry_30,monthly industry,softmax_high_entropy,17,calibration,iid,constant_a023,0.12133012345679012
0.00176819192241069,-0.06485126434928688,0.05614751481760678,0.1052,0.10520000000000002,3.983066603139885,31.713091974916455,0.9631197536746307,0.011483333333333335,0.11916296296296297,108,4,1,monthly_industry_30,monthly industry,softmax_high_entropy,17,calibration,iid,constant_a024,0.12133012345679012
0.029792992199282536,0.013306059259259248,0.06276685807932898,-0.0679,inf,1.0,32.615135184658826,0.9907407407407407,0.010116666666666666,0.11522222222222221,108,77,0,monthly_industry_30,monthly industry,softmax_high_entropy,17,calibration,iid,constant_a025,0.12133012345679012
-0.0026030377124140803,-0.03201504764019869,0.013306059259259253,0.0177,inf,1.9634796693007543,34.14920769346239,0.9818196326916597,0.009475925925925928,0.09744814814814814,108,25,0,monthly_industry_30,monthly industry,softmax_high_entropy,17,calibration,iid,constant_a026,0.12133012345679012
-0.007818635829200971,-0.07087680962075361,0.025163449902200364,0.0502,0.0502,3.9177090468568303,33.50991957091604,0.9637249162328071,0.011696296296296293,0.0864962962962963,108,5,1,monthly_industry_30,monthly industry,softmax_high_entropy,17,calibration,iid,constant_a027,0.12133012345679012
-0.11824070919989296,-0.3267671907336861,0.03129388940723846,0.1754,0.17540000000000003,3.876601915492769,47.462331716756445,0.9641055378195114,0.0033916666666666683,0.17157407407407407,108,1,1,monthly_industry_30,monthly industry,softmax_high_entropy,17,calibration,iid,constant_a028,0.12133012345679012
-0.006758430045777126,-0.034378964447665736,0.013306059259259252,0.0137,inf,2.985121659251029,33.042850489102086,0.9723599846365646,0.005977777777777777,0.14215185185185186,108,10,1,monthly_industry_30,monthly industry,softmax_high_entropy,17,calibration,iid,constant_a029,0.12133012345679012
0.01803276077894267,-0.0022202308707827134,0.05521477664175854,0.013140000000000002,inf,1.9998830753386008,31.794139170207405,0.9814825641172352,0.008955,0.12133012345679012,108,38,0,monthly_industry_30,monthly industry,softmax_high_entropy,17,calibration,iid,constant_equal_weight_public,0.12133012345679012
-0.036188504065879604,-0.11078264596177223,0.013917718606833449,0.38060000000000005,0.38060000000000005,6.6182482394187945,25.22760625315458,0.9387199237090852,0.013036111111111111,0.2308074074074074,108,0,2,monthly_industry_30,monthly industry,softmax_high_entropy,17,calibration,iid,momentum_12,0.12133012345679012
0.008821682015671836,-0.01917024795303531,0.03124098194130071,0.0196,inf,2.970555867294272,35.50695718032793,0.9724948530806086,0.009154320987654322,0.09146296296296295,108,14,1,monthly_industry_30,monthly industry,softmax_high_entropy,17,calibration,iid,low_vol_12,0.12133012345679012
-0.030670285872933856,-0.10700469649935568,0.013917718606833449,0.38060000000000005,0.38060000000000005,4.574383779503573,28.184976877581654,0.9576445946342261,0.0024592592592592587,0.2494555555555555,108,1,1,monthly_industry_30,monthly industry,softmax_high_entropy,17,calibration,iid,risk_adjusted_12,0.12133012345679012
0.022296838445965306,-0.007269669693622601,0.05189807674607617,0.0196,0.0196,3.9811710401202247,35.50695718032793,0.963137305184072,0.009589814814814813,0.0832074074074074,108,4,1,monthly_industry_30,monthly industry,softmax_high_entropy,17,calibration,iid,ridge_return_train_only,0.12133012345679012
0.022296838445965306,-0.014425087506266941,0.054662448339051845,0.0196,0.0196,3.9811710401202247,35.50695718032793,0.963137305184072,0.009589814814814813,0.0832074074074074,108,3,1,monthly_industry_30,monthly industry,softmax_high_entropy,17,calibration,block,constant_a000,0.12133012345679012
0.0438472285612401,-0.0004819266655712789,0.08428233521802919,0.0271,0.027100000000000003,8.95133957920033,32.32439392515118,0.9171172261185154,0.011237037037037037,0.08046666666666666,108,0,2,monthly_industry_30,monthly industry,softmax_high_entropy,17,calibration,block,constant_a001,0.12133012345679012
0.06482016380192393,0.016265877710141118,0.14176501367866073,0.0028000000000000004,0.002800000000000001,6.798876309870878,39.729879574720584,0.9370474415752696,0.01357037037037037,0.08148518518518519,108,1,2,monthly_industry_30,monthly industry,softmax_high_entropy,17,calibration,block,constant_a002,0.12133012345679012
0.09132964108622511,0.015125745818292477,0.1842086654808609,-0.0165,-0.0165,3.871384819869136,34.88360173663631,0.9641538442604709,0.009954629629629631,0.2067925925925926,108,0,1,monthly_industry_30,monthly industry,softmax_high_entropy,17,calibration,block,constant_a003,0.12133012345679012
0.007142057229636784,-0.005185946829608105,0.013306059259259258,0.0087,inf,1.0,30.251314483719735,0.9907407407407407,0.0031333333333333348,0.1556074074074074,108,79,0,monthly_industry_30,monthly industry,softmax_high_entropy,17,calibration,block,constant_a004,0.12133012345679012
0.015138302206783817,-0.002171033746080279,0.03468227402674069,0.0029,0.0029,2.99310659581719,35.4106556123539,0.9722860500387297,0.007787037037037038,0.10028888888888889,108,6,1,monthly_industry_30,monthly industry,softmax_high_entropy,17,calibration,block,constant_a005,0.12133012345679012
-0.0031738877021516673,-0.06208515974427911,0.04472408464122047,0.0764,0.0764,5.9031624099635644,33.55571703607403,0.9453410887966337,0.012547222222222222,0.13836666666666664,108,0,2,monthly_industry_30,monthly industry,softmax_high_entropy,17,calibration,block,constant_a006,0.12133012345679012
-0.004810155555397155,-0.09972691843571094,0.06976116259100762,0.0808,0.0808,6.903935713041682,37.238804502889806,0.9360746693236881,0.010110185185185182,0.08343333333333333,108,0,2,monthly_industry_30,monthly industry,softmax_high_entropy,17,calibration,block,constant_a007,0.12133012345679012
0.013306059259259258,0.013306059259259243,0.013306059259259262,,inf,0.0,0.0,1.0,0.01219907407407408,0.1576222222222222,108,200,0,monthly_industry_30,monthly industry,softmax_high_entropy,17,calibration,block,constant_a008,0.12133012345679012
0.0042037313072747695,-0.029823957387034358,0.03034416356511417,0.0382,0.0382,2.901347072534155,30.134840795689865,0.9731356752543133,0.01513333333333333,0.24232222222222222,108,7,1,monthly_industry_30,monthly industry,softmax_high_entropy,17,calibration,block,constant_a009,0.12133012345679012
0.010126046410939844,-0.015771026129846037,0.03276360578219836,0.022300000000000004,inf,1.997907513527216,31.27951810426369,0.9815008563562295,0.004490740740740739,0.16894074074074072,108,25,0,monthly_industry_30,monthly industry,softmax_high_entropy,17,calibration,block,constant_a010,0.12133012345679012
0.12728873720634035,-0.006401214662397405,0.3668520244818003,0.0412,0.0412,3.52952396044553,51.81089518970902,0.9673192225884674,0.005515740740740741,0.23192222222222222,108,2,1,monthly_industry_30,monthly industry,softmax_high_entropy,17,calibration,block,constant_a011,0.12133012345679012
0.006637335357909644,-0.053846523574077515,0.0475509142794341,0.08130000000000001,0.08130000000000001,3.9596055141074733,34.91026893746039,0.9633369859804863,0.01081574074074074,0.17674444444444445,108,3,1,monthly_industry_30,monthly industry,softmax_high_entropy,17,calibration,block,constant_a012,0.12133012345679012
0.03933016383346006,-0.08019306678770008,0.150720654790265,0.0933,0.0933,3.948689620557726,37.659192583914226,0.96343805906891,0.009680555555555555,0.16028888888888887,108,0,1,monthly_industry_30,monthly industry,softmax_high_entropy,17,calibration,block,constant_a013,0.12133012345679012
0.0484635867344063,0.009099101768617328,0.12172819940176881,-0.0045000000000000005,-0.0045000000000000005,3.961594824002623,32.044298786373794,0.9633185664444202,0.009813888888888888,0.1906925925925926,108,2,1,monthly_industry_30,monthly industry,softmax_high_entropy,17,calibration,block,constant_a014,0.12133012345679012
-0.005893979854929776,-0.05854119147112899,0.020593418165168624,0.0605,0.060500000000000005,2.9927960918345318,32.27155103389498,0.9722889250756062,0.011383333333333332,0.1517,108,5,1,monthly_industry_30,monthly industry,softmax_high_entropy,17,calibration,block,constant_a015,0.12133012345679012
-0.006409905315497673,-0.05504899183354035,0.019456667087505937,0.1159,inf,2.8623306110725615,33.26494687975704,0.9734969387863651,0.005846296296296298,0.21665185185185185,108,13,1,monthly_industry_30,monthly industry,softmax_high_entropy,17,calibration,block,constant_a016,0.12133012345679012
-0.020497735935355976,-0.08810532632458677,0.013306059259259258,0.38060000000000005,inf,1.0,9.268224733287427,0.9907407407407407,-0.0003518518518518532,0.29553703703703704,108,79,0,monthly_industry_30,monthly industry,softmax_high_entropy,17,calibration,block,constant_a017,0.12133012345679012
0.002759355028304791,-0.02888075766455857,0.01330605925925926,0.0197,inf,1.0,34.51015003021129,0.9907407407407407,0.007457407407407407,0.13156296296296294,108,69,0,monthly_industry_30,monthly industry,softmax_high_entropy,17,calibration,block,constant_a018,0.12133012345679012
0.020721569438051774,0.011632675813141122,0.03967670317506624,-0.0101,-0.010099999999999998,2.864270806993254,46.95486601824154,0.9734789740093217,0.008509259259259258,0.09720740740740741,108,8,1,monthly_industry_30,monthly industry,softmax_high_entropy,17,calibration,block,constant_a019,0.12133012345679012
0.024371208821888004,0.009826875587197513,0.04343298435817122,-0.0033000000000000004,inf,2.972162097825628,38.20492684939364,0.9724799805756886,0.01028611111111111,0.11100000000000002,108,10,1,monthly_industry_30,monthly industry,softmax_high_entropy,17,calibration,block,constant_a020,0.12133012345679012
0.03440745134358726,0.01330605925925925,0.06700263718676935,-0.045700000000000005,inf,1.9993637093765084,32.72707005974691,0.9814873730613286,0.008956481481481482,0.10537407407407408,108,22,0,monthly_industry_30,monthly industry,softmax_high_entropy,17,calibration,block,constant_a021,0.12133012345679012
0.002910283738943911,-0.1217788462966413,0.09916241734133946,0.1417,0.1417,5.975716069027592,32.37045304316025,0.944669295657152,0.009407407407407408,0.13405555555555554,108,1,2,monthly_industry_30,monthly industry,softmax_high_entropy,17,calibration,block,constant_a022,0.12133012345679012
0.008432762161590664,-0.06364296555907288,0.07333169501210865,0.0999,0.0999,3.9752857208218297,36.93880106972137,0.9631917988812794,0.009435185185185184,0.1265962962962963,108,4,1,monthly_industry_30,monthly industry,softmax_high_entropy,17,calibration,block,constant_a023,0.12133012345679012
0.00176819192241069,-0.0787261971288978,0.06226734023026396,0.1052,0.10520000000000002,3.983066603139885,31.713091974916455,0.9631197536746307,0.011483333333333335,0.11916296296296297,108,7,1,monthly_industry_30,monthly industry,softmax_high_entropy,17,calibration,block,constant_a024,0.12133012345679012
0.029792992199282536,0.013306059259259243,0.06276685807932898,-0.0679,inf,1.0,32.615135184658826,0.9907407407407407,0.010116666666666666,0.11522222222222221,108,74,0,monthly_industry_30,monthly industry,softmax_high_entropy,17,calibration,block,constant_a025,0.12133012345679012
-0.0026030377124140803,-0.028408610734520133,0.013306059259259255,0.0177,inf,1.9634796693007543,34.14920769346239,0.9818196326916597,0.009475925925925928,0.09744814814814814,108,25,0,monthly_industry_30,monthly industry,softmax_high_entropy,17,calibration,block,constant_a026,0.12133012345679012
-0.007818635829200971,-0.06067482335229725,0.025162886143535707,0.0502,0.0502,3.9177090468568303,33.50991957091604,0.9637249162328071,0.011696296296296293,0.0864962962962963,108,5,1,monthly_industry_30,monthly industry,softmax_high_entropy,17,calibration,block,constant_a027,0.12133012345679012
-0.11824070919989296,-0.3192208462830008,0.03129388940723846,0.1754,0.1754,3.876601915492769,47.462331716756445,0.9641055378195114,0.0033916666666666683,0.17157407407407407,108,1,1,monthly_industry_30,monthly industry,softmax_high_entropy,17,calibration,block,constant_a028,0.12133012345679012
-0.006758430045777126,-0.029669581384247242,0.013306059259259255,0.0137,inf,2.985121659251029,33.042850489102086,0.9723599846365646,0.005977777777777777,0.14215185185185186,108,15,1,monthly_industry_30,monthly industry,softmax_high_entropy,17,calibration,block,constant_a029,0.12133012345679012
0.01803276077894267,-0.002028548276584661,0.050488075122075156,0.013140000000000002,inf,1.9998830753386008,31.794139170207405,0.9814825641172352,0.008955,0.12133012345679012,108,30,0,monthly_industry_30,monthly industry,softmax_high_entropy,17,calibration,block,constant_equal_weight_public,0.12133012345679012
-0.036188504065879604,-0.1270885127345895,0.016034726940705485,0.38060000000000005,0.38060000000000005,6.6182482394187945,25.22760625315458,0.9387199237090852,0.013036111111111111,0.2308074074074074,108,0,2,monthly_industry_30,monthly industry,softmax_high_entropy,17,calibration,block,momentum_12,0.12133012345679012
0.008821682015671836,-0.02996779396636486,0.03398170089383327,0.0196,inf,2.970555867294272,35.50695718032793,0.9724948530806086,0.009154320987654322,0.09146296296296295,108,13,1,monthly_industry_30,monthly industry,softmax_high_entropy,17,calibration,block,low_vol_12,0.12133012345679012
-0.030670285872933856,-0.11889898244872824,0.01330258169143428,0.38060000000000005,0.38060000000000005,4.574383779503573,28.184976877581654,0.9576445946342261,0.0024592592592592587,0.2494555555555555,108,2,1,monthly_industry_30,monthly industry,softmax_high_entropy,17,calibration,block,risk_adjusted_12,0.12133012345679012
0.022296838445965306,-0.014425087506266941,0.054662448339051845,0.0196,0.0196,3.9811710401202247,35.50695718032793,0.963137305184072,0.009589814814814813,0.0832074074074074,108,3,1,monthly_industry_30,monthly industry,softmax_high_entropy,17,calibration,block,ridge_return_train_only,0.12133012345679012
-0.013858141098271617,-0.058134395685728556,0.010324799656000434,0.04190000000000001,0.04190000000000001,5.846820903213212,40.62198520286988,0.9570086698293147,0.005722058823529412,0.07954117647058823,136,0,2,monthly_industry_30,monthly industry,softmax_high_entropy,17,test,iid,constant_a000,0.12133012345679012
0.05346248457102056,0.02428492959376842,0.09270560405731151,-0.0025,-0.0025,7.845114381499708,48.12033913695717,0.9423153354301492,0.005813235294117649,0.08037058823529412,136,0,2,monthly_industry_30,monthly industry,softmax_high_entropy,17,test,iid,constant_a001,0.12133012345679012
0.01330605925925927,0.013306059259259248,0.013306059259259253,,inf,0.0,0.0,1.0,0.011203676470588236,0.12225294117647058,136,200,0,monthly_industry_30,monthly industry,softmax_high_entropy,17,test,iid,constant_a002,0.12133012345679012
-0.06459247629562795,-0.1816594486324115,0.013306059259259252,0.1102,inf,1.7418884350158934,64.45476575518298,0.9871919968013537,0.012388235294117648,0.15730882352941175,136,31,0,monthly_industry_30,monthly industry,softmax_high_entropy,17,test,iid,constant_a003,0.12133012345679012
-0.04731260519587817,-0.13057856236115994,0.003710146497203494,0.0766,0.0766,4.898184438531696,40.05825303505037,0.9639839379519728,0.0059507352941176464,0.1360823529411765,136,1,1,monthly_industry_30,monthly industry,softmax_high_entropy,17,test,iid,constant_a004,0.12133012345679012
0.005815689891332295,-0.03536718922413068,0.04415309309657908,0.0464,0.0464,7.854736774586985,36.78885091972397,0.9422445825398016,0.005198529411764706,0.09060294117647058,136,0,2,monthly_industry_30,monthly industry,softmax_high_entropy,17,test,iid,constant_a005,0.12133012345679012
-0.03444100017943581,-0.16478213011555046,0.05080229924849568,0.1825,0.18250000000000002,2.9510894102299683,41.231263640153514,0.9783008131600738,0.004352205882352941,0.14798235294117645,136,7,1,monthly_industry_30,monthly industry,softmax_high_entropy,17,test,iid,constant_a006,0.12133012345679012
0.02420216660560328,-0.011469499479207742,0.06052536030234556,0.0184,0.0184,4.880829832314387,46.49315141670151,0.9641115453506295,0.008147794117647059,0.0847264705882353,136,1,1,monthly_industry_30,monthly industry,softmax_high_entropy,17,test,iid,constant_a007,0.12133012345679012
-0.015652806306647084,-0.07279988057182682,0.013306059259259252,0.0974,inf,1.9942192675365613,35.0898348890404,0.9853366230328194,0.006644117647058825,0.12974411764705882,136,22,0,monthly_industry_30,monthly industry,softmax_high_entropy,17,test,iid,constant_a008,0.12133012345679012
0.013944219112953356,-0.0331243711601462,0.07198274577143214,0.1097,0.1097,2.648339036557993,47.188980249560586,0.9805269188488382,0.0021544117647058834,0.2105794117647059,136,8,1,monthly_industry_30,monthly industry,softmax_high_entropy,17,test,iid,constant_a009,0.12133012345679012
-0.11711805091679561,-0.27827914944004056,-0.0025311503094507643,0.2895,0.2895,6.919137137016339,32.47661098816848,0.9491239916395857,0.01612941176470588,0.1451029411764706,136,0,2,monthly_industry_30,monthly industry,softmax_high_entropy,17,test,iid,constant_a010,0.12133012345679012
0.04175656185993105,-0.04722437518995795,0.11442907394933093,0.09269999999999999,0.09269999999999999,6.796521519203266,36.267222430442764,0.9500255770646818,0.01574558823529412,0.17915,136,0,2,monthly_industry_30,monthly industry,softmax_high_entropy,17,test,iid,constant_a011,0.12133012345679012
0.04040664034093613,0.013306059259259248,0.09023129670956509,-0.055999999999999994,inf,1.9185869241849896,38.07407240154493,0.9858927432045221,0.016123529411764703,0.12421176470588235,136,39,0,monthly_industry_30,monthly industry,softmax_high_entropy,17,test,iid,constant_a012,0.12133012345679012
0.027358343184280123,-0.039914827603969444,0.09027353304012935,0.0742,0.0742,3.9961186215158255,36.09393276637547,0.9706167748417954,0.012578676470588237,0.14005882352941176,136,3,1,monthly_industry_30,monthly industry,softmax_high_entropy,17,test,iid,constant_a013,0.12133012345679012
0.03467116419709279,-0.005640876729296215,0.09005689484995721,0.0536,0.05360000000000001,2.96080712052633,21.7283519887224,0.9782293594078947,0.0199125,0.21385882352941174,136,9,1,monthly_industry_30,monthly industry,softmax_high_entropy,17,test,iid,constant_a014,0.12133012345679012
0.08955009569395787,-0.07944871640729896,0.34273856108588496,0.1242,0.12420000000000002,6.458478845176975,54.176415587084335,0.952511184961934,0.012144117647058823,0.14591176470588232,136,0,2,monthly_industry_30,monthly industry,softmax_high_entropy,17,test,iid,constant_a015,0.12133012345679012
0.013528468229869629,-0.027376354976822104,0.05487810937778197,0.06280000000000001,inf,1.9984786690061824,25.748027586715768,0.9853053039043663,0.015613235294117645,0.13995294117647059,136,27,0,monthly_industry_30,monthly industry,softmax_high_entropy,17,test,iid,constant_a016,0.12133012345679012
0.09313981709233378,0.013043012960198152,0.2126764609870817,0.0209,0.0209,3.622509079261887,85.75153578707716,0.9733639038289568,0.009413235294117648,0.2893911764705882,136,0,1,monthly_industry_30,monthly industry,softmax_high_entropy,17,test,iid,constant_a017,0.12133012345679012
0.06084090264719331,0.01757913169340144,0.13728302672170176,-0.027999999999999997,-0.027999999999999994,3.9284003554810343,38.861701454568404,0.9711147032685218,0.010013235294117651,0.17509411764705882,136,3,1,monthly_industry_30,monthly industry,softmax_high_entropy,17,test,iid,constant_a018,0.12133012345679012
0.007032389685860463,-0.013247119421772369,0.018754277999282472,0.0116,0.0116,3.7301237638425646,47.40563586919566,0.9725726193835106,0.008348529411764708,0.08674705882352941,136,1,1,monthly_industry_30,monthly industry,softmax_high_entropy,17,test,iid,constant_a019,0.12133012345679012
0.014006550704948143,-0.01100991072850368,0.043456928335296074,0.0152,0.015200000000000002,4.961740552644208,36.52516058301181,0.9635166135834985,0.005097058823529412,0.1036735294117647,136,0,1,monthly_industry_30,monthly industry,softmax_high_entropy,17,test,iid,constant_a020,0.12133012345679012
0.03687402363817559,-0.016340272595071953,0.10391547859138126,0.057800000000000004,0.05780000000000001,7.643894696288099,45.52018549570086,0.9437948919390581,0.014211029411764706,0.10055882352941177,136,0,2,monthly_industry_30,monthly industry,softmax_high_entropy,17,test,iid,constant_a021,0.12133012345679012
0.005512188980039556,-0.03947095656809152,0.032953110870320636,0.0818,inf,1.951875894805064,34.52852098773376,0.9856479713617274,0.020024264705882353,0.10592058823529413,136,31,0,monthly_industry_30,monthly industry,softmax_high_entropy,17,test,iid,constant_a022,0.12133012345679012
0.016664181171940833,-0.027918590314896793,0.07021121787100225,0.0169,0.0169,3.8488808183164784,46.34466678581773,0.971699405747673,0.002658823529411765,0.10287058823529413,136,3,1,monthly_industry_30,monthly industry,softmax_high_entropy,17,test,iid,constant_a023,0.12133012345679012
-0.017533007857496744,-0.060990994583936295,0.013306059259259248,0.0629,0.0629,2.9672988240614995,32.53465429723572,0.9781816262936655,0.008090441176470588,0.12422352941176472,136,7,1,monthly_industry_30,monthly industry,softmax_high_entropy,17,test,iid,constant_a024,0.12133012345679012
0.06437350126729957,0.0004755903870325236,0.15133362760943464,0.0262,0.026200000000000005,4.943091176948463,37.15117916276542,0.9636537413459672,0.010133823529411765,0.10630294117647059,136,0,1,monthly_industry_30,monthly industry,softmax_high_entropy,17,test,iid,constant_a025,0.12133012345679012
0.0036099815010208858,-0.0300894801343289,0.03684547273031282,0.0495,0.04950000000000001,3.909440457473632,37.426342789146,0.9712541142832821,0.012989705882352941,0.09431470588235294,136,9,1,monthly_industry_30,monthly industry,softmax_high_entropy,17,test,iid,constant_a026,0.12133012345679012
0.0120715913077107,-0.031108987437955704,0.05608816241240541,0.0236,0.0236,4.91720520827896,40.78181341141079,0.96384407935089,0.01041985294117647,0.09985882352941176,136,0,1,monthly_industry_30,monthly industry,softmax_high_entropy,17,test,iid,constant_a027,0.12133012345679012
0.021149692300872425,0.013306059259259248,0.037033049210139,-0.0528,inf,1.0,27.010069738595988,0.9926470588235294,0.011051470588235293,0.1126235294117647,136,74,0,monthly_industry_30,monthly industry,softmax_high_entropy,17,test,iid,constant_a028,0.12133012345679012
-0.04117512519525541,-0.08266065755853466,-0.00532514259678836,0.0331,0.0331,6.934410881273987,37.58599972025215,0.9490116846965148,0.008997058823529412,0.08895882352941176,136,0,2,monthly_industry_30,monthly industry,softmax_high_entropy,17,test,iid,constant_a029,0.12133012345679012
-0.030149789884822132,-0.09683416685021166,0.007660376033444218,0.06091000000000001,0.06091000000000002,2.9841061370631206,37.15177187439088,0.97805804310983,0.01024235294117647,0.10200901960784312,136,5,1,monthly_industry_30,monthly industry,softmax_high_entropy,17,test,iid,constant_equal_weight_public,0.12133012345679012
0.07877098937196367,0.024888339527342186,0.17503606640545025,0.0068000000000000005,0.006800000000000001,5.819768101307462,22.094285478859803,0.9572075874903863,0.02070735294117647,0.17675588235294115,136,0,2,monthly_industry_30,monthly industry,softmax_high_entropy,17,test,iid,momentum_12,0.12133012345679012
-0.016888660234728722,-0.052480206206119095,0.0056688445965742355,0.0331,0.0331,5.840621287010584,40.62198520286988,0.9570542552425693,0.006003799019607842,0.08625,136,0,2,monthly_industry_30,monthly industry,softmax_high_entropy,17,test,iid,low_vol_12,0.12133012345679012
0.02429066972076481,-0.001739554083911788,0.05960396673717303,0.011899999999999999,0.011899999999999999,4.772336285756188,30.636124615629203,0.9649092920164987,0.015530686274509806,0.1313264705882353,136,0,1,monthly_industry_30,monthly industry,softmax_high_entropy,17,test,iid,risk_adjusted_12,0.12133012345679012
-0.013858141098271617,-0.058134395685728556,0.010324799656000434,0.04190000000000001,0.04190000000000001,5.846820903213212,40.62198520286988,0.9570086698293147,0.005722058823529412,0.07954117647058823,136,0,2,monthly_industry_30,monthly industry,softmax_high_entropy,17,test,iid,ridge_return_train_only,0.12133012345679012
-0.013858141098271617,-0.054429953348993705,0.012317883882240747,0.04190000000000001,0.04190000000000001,5.846820903213212,40.62198520286988,0.9570086698293147,0.005722058823529412,0.07954117647058823,136,1,2,monthly_industry_30,monthly industry,softmax_high_entropy,17,test,block,constant_a000,0.12133012345679012
0.05346248457102056,0.02174582086266575,0.08741430593588591,-0.0025,-0.0025,7.845114381499708,48.12033913695717,0.9423153354301492,0.005813235294117649,0.08037058823529412,136,0,2,monthly_industry_30,monthly industry,softmax_high_entropy,17,test,block,constant_a001,0.12133012345679012
0.01330605925925927,0.013306059259259246,0.013306059259259255,,inf,0.0,0.0,1.0,0.011203676470588236,0.12225294117647058,136,200,0,monthly_industry_30,monthly industry,softmax_high_entropy,17,test,block,constant_a002,0.12133012345679012
-0.06459247629562795,-0.2010244980189066,0.013306059259259252,0.1102,inf,1.7418884350158934,64.45476575518298,0.9871919968013537,0.012388235294117648,0.15730882352941175,136,24,0,monthly_industry_30,monthly industry,softmax_high_entropy,17,test,block,constant_a003,0.12133012345679012
-0.04731260519587817,-0.11876780173961611,0.007284628247514392,0.0766,0.0766,4.898184438531696,40.05825303505037,0.9639839379519728,0.0059507352941176464,0.1360823529411765,136,0,1,monthly_industry_30,monthly industry,softmax_high_entropy,17,test,block,constant_a004,0.12133012345679012
0.005815689891332295,-0.04379640576360786,0.04576084635295604,0.0464,0.046400000000000004,7.854736774586985,36.78885091972397,0.9422445825398016,0.005198529411764706,0.09060294117647058,136,0,2,monthly_industry_30,monthly industry,softmax_high_entropy,17,test,block,constant_a005,0.12133012345679012
-0.03444100017943581,-0.16478213011555037,0.03857186743648538,0.1825,0.18250000000000002,2.9510894102299683,41.231263640153514,0.9783008131600738,0.004352205882352941,0.14798235294117645,136,7,1,monthly_industry_30,monthly industry,softmax_high_entropy,17,test,block,constant_a006,0.12133012345679012
0.02420216660560328,-0.00197041471602946,0.05991041464179055,0.0184,0.0184,4.880829832314387,46.49315141670151,0.9641115453506295,0.008147794117647059,0.0847264705882353,136,2,1,monthly_industry_30,monthly industry,softmax_high_entropy,17,test,block,constant_a007,0.12133012345679012
-0.015652806306647084,-0.07317532878890444,0.013306059259259252,0.0974,inf,1.9942192675365613,35.0898348890404,0.9853366230328194,0.006644117647058825,0.12974411764705882,136,29,0,monthly_industry_30,monthly industry,softmax_high_entropy,17,test,block,constant_a008,0.12133012345679012
0.013944219112953356,-0.04606587129054884,0.0745276251300904,0.1097,inf,2.648339036557993,47.188980249560586,0.9805269188488382,0.0021544117647058834,0.2105794117647059,136,10,1,monthly_industry_30,monthly industry,softmax_high_entropy,17,test,block,constant_a009,0.12133012345679012
-0.11711805091679561,-0.2373315661343302,0.0001857088627593546,0.2895,0.2895,6.919137137016339,32.47661098816848,0.9491239916395857,0.01612941176470588,0.1451029411764706,136,0,2,monthly_industry_30,monthly industry,softmax_high_entropy,17,test,block,constant_a010,0.12133012345679012
0.04175656185993105,-0.058561592035045636,0.14907106387110644,0.09269999999999999,0.0927,6.796521519203266,36.267222430442764,0.9500255770646818,0.01574558823529412,0.17915,136,0,2,monthly_industry_30,monthly industry,softmax_high_entropy,17,test,block,constant_a011,0.12133012345679012
0.04040664034093613,0.013306059259259248,0.08673853078518944,-0.055999999999999994,inf,1.9185869241849896,38.07407240154493,0.9858927432045221,0.016123529411764703,0.12421176470588235,136,21,0,monthly_industry_30,monthly industry,softmax_high_entropy,17,test,block,constant_a012,0.12133012345679012
0.027358343184280123,-0.039768272174416815,0.09027353304012936,0.0742,0.0742,3.9961186215158255,36.09393276637547,0.9706167748417954,0.012578676470588237,0.14005882352941176,136,3,1,monthly_industry_30,monthly industry,softmax_high_entropy,17,test,block,constant_a013,0.12133012345679012
0.03467116419709279,-0.005640876729296221,0.08339067969870435,0.0536,0.05360000000000001,2.96080712052633,21.7283519887224,0.9782293594078947,0.0199125,0.21385882352941174,136,7,1,monthly_industry_30,monthly industry,softmax_high_entropy,17,test,block,constant_a014,0.12133012345679012
0.08955009569395787,-0.0818044585210038,0.37263941089321684,0.1242,0.12420000000000002,6.458478845176975,54.176415587084335,0.952511184961934,0.012144117647058823,0.14591176470588232,136,1,2,monthly_industry_30,monthly industry,softmax_high_entropy,17,test,block,constant_a015,0.12133012345679012
0.013528468229869629,-0.02759876394743246,0.0551005183483923,0.06280000000000001,inf,1.9984786690061824,25.748027586715768,0.9853053039043663,0.015613235294117645,0.13995294117647059,136,23,0,monthly_industry_30,monthly industry,softmax_high_entropy,17,test,block,constant_a016,0.12133012345679012
0.09313981709233378,0.012858756534189282,0.22311613977616218,0.0209,0.0209,3.622509079261887,85.75153578707716,0.9733639038289568,0.009413235294117648,0.2893911764705882,136,0,1,monthly_industry_30,monthly industry,softmax_high_entropy,17,test,block,constant_a017,0.12133012345679012
0.06084090264719331,0.01750482056997827,0.12656884549150466,-0.027999999999999997,-0.027999999999999994,3.9284003554810343,38.861701454568404,0.9711147032685218,0.010013235294117651,0.17509411764705882,136,3,1,monthly_industry_30,monthly industry,softmax_high_entropy,17,test,block,constant_a018,0.12133012345679012
0.007032389685860463,-0.012319134787558026,0.017813908217448247,0.0116,0.0116,3.7301237638425646,47.40563586919566,0.9725726193835106,0.008348529411764708,0.08674705882352941,136,5,1,monthly_industry_30,monthly industry,softmax_high_entropy,17,test,block,constant_a019,0.12133012345679012
0.014006550704948143,-0.010972224646562395,0.04212631189724517,0.0152,0.0152,4.961740552644208,36.52516058301181,0.9635166135834985,0.005097058823529412,0.1036735294117647,136,1,1,monthly_industry_30,monthly industry,softmax_high_entropy,17,test,block,constant_a020,0.12133012345679012
0.03687402363817559,-0.018148100925659282,0.08535063854762702,0.057800000000000004,0.05780000000000001,7.643894696288099,45.52018549570086,0.9437948919390581,0.014211029411764706,0.10055882352941177,136,0,2,monthly_industry_30,monthly industry,softmax_high_entropy,17,test,block,constant_a021,0.12133012345679012
0.005512188980039556,-0.029672488238194305,0.042701464248950834,0.0818,inf,1.951875894805064,34.52852098773376,0.9856479713617274,0.020024264705882353,0.10592058823529413,136,32,0,monthly_industry_30,monthly industry,softmax_high_entropy,17,test,block,constant_a022,0.12133012345679012
0.016664181171940833,-0.02133310721181468,0.07047743495906567,0.0169,0.0169,3.8488808183164784,46.34466678581773,0.971699405747673,0.002658823529411765,0.10287058823529413,136,2,1,monthly_industry_30,monthly industry,softmax_high_entropy,17,test,block,constant_a023,0.12133012345679012
-0.017533007857496744,-0.059595115633921066,0.013306059259259248,0.0629,0.0629,2.9672988240614995,32.53465429723572,0.9781816262936655,0.008090441176470588,0.12422352941176472,136,9,1,monthly_industry_30,monthly industry,softmax_high_entropy,17,test,block,constant_a024,0.12133012345679012
0.06437350126729957,-0.008697985767606916,0.1438996018852956,0.0262,0.026200000000000005,4.943091176948463,37.15117916276542,0.9636537413459672,0.010133823529411765,0.10630294117647059,136,0,1,monthly_industry_30,monthly industry,softmax_high_entropy,17,test,block,constant_a025,0.12133012345679012
0.0036099815010208858,-0.027756086366286545,0.031901782693320425,0.0495,0.0495,3.909440457473632,37.426342789146,0.9712541142832821,0.012989705882352941,0.09431470588235294,136,2,1,monthly_industry_30,monthly industry,softmax_high_entropy,17,test,block,constant_a026,0.12133012345679012
0.0120715913077107,-0.02868788906644502,0.05345796683230039,0.0236,0.0236,4.91720520827896,40.78181341141079,0.96384407935089,0.01041985294117647,0.09985882352941176,136,3,1,monthly_industry_30,monthly industry,softmax_high_entropy,17,test,block,constant_a027,0.12133012345679012
0.021149692300872425,0.013306059259259248,0.04468059142571172,-0.0528,inf,1.0,27.010069738595988,0.9926470588235294,0.011051470588235293,0.1126235294117647,136,62,0,monthly_industry_30,monthly industry,softmax_high_entropy,17,test,block,constant_a028,0.12133012345679012
-0.04117512519525541,-0.08558511544108734,-0.0039035623151973736,0.0331,0.0331,6.934410881273987,37.58599972025215,0.9490116846965148,0.008997058823529412,0.08895882352941176,136,0,2,monthly_industry_30,monthly industry,softmax_high_entropy,17,test,block,constant_a029,0.12133012345679012
-0.030149789884822132,-0.0854966679607188,0.013306059259259248,0.06091000000000001,0.06091000000000002,2.9841061370631206,37.15177187439088,0.97805804310983,0.01024235294117647,0.10200901960784312,136,8,1,monthly_industry_30,monthly industry,softmax_high_entropy,17,test,block,constant_equal_weight_public,0.12133012345679012
0.07877098937196367,0.01652472905289182,0.16121553002862712,0.0068000000000000005,0.006800000000000001,5.819768101307462,22.094285478859803,0.9572075874903863,0.02070735294117647,0.17675588235294115,136,0,2,monthly_industry_30,monthly industry,softmax_high_entropy,17,test,block,momentum_12,0.12133012345679012
-0.016888660234728722,-0.06178207732512589,0.010444901473324523,0.0331,0.0331,5.840621287010584,40.62198520286988,0.9570542552425693,0.006003799019607842,0.08625,136,0,2,monthly_industry_30,monthly industry,softmax_high_entropy,17,test,block,low_vol_12,0.12133012345679012
0.02429066972076481,-0.005466777436663605,0.06146004152899031,0.011899999999999999,0.011899999999999999,4.772336285756188,30.636124615629203,0.9649092920164987,0.015530686274509806,0.1313264705882353,136,1,1,monthly_industry_30,monthly industry,softmax_high_entropy,17,test,block,risk_adjusted_12,0.12133012345679012
-0.013858141098271617,-0.054429953348993705,0.012317883882240747,0.04190000000000001,0.04190000000000001,5.846820903213212,40.62198520286988,0.9570086698293147,0.005722058823529412,0.07954117647058823,136,1,2,monthly_industry_30,monthly industry,softmax_high_entropy,17,test,block,ridge_return_train_only,0.12133012345679012
0.0010351455494439518,-0.04559490357182342,0.03846151676835402,0.08439999999999999,0.08439999999999999,3.899991580464999,33.96805021873422,0.9638889668475463,0.009589814814814813,0.0832074074074074,108,3,1,monthly_industry_30,monthly industry,softmax_high_entropy,27,calibration,iid,constant_a000,0.12133012345679012
-0.013244278958351305,-0.05149444421793647,0.023453786898232794,0.0359,0.0359,4.99339048717502,36.20075492878716,0.9537649028965276,0.011237037037037037,0.08046666666666666,108,2,1,monthly_industry_30,monthly industry,softmax_high_entropy,27,calibration,iid,constant_a001,0.12133012345679012
0.054427855135960386,0.006709812323168972,0.1372465192275176,0.0466,0.0466,3.8632738254235095,32.859174364803486,0.9642289460608935,0.01357037037037037,0.08148518518518519,108,2,1,monthly_industry_30,monthly industry,softmax_high_entropy,27,calibration,iid,constant_a002,0.12133012345679012
0.07987534979488418,-0.024513866331271013,0.20105567032052793,0.0875,0.0875,4.701820616221253,40.65585450383568,0.9564646239238773,0.009954629629629631,0.2067925925925926,108,1,1,monthly_industry_30,monthly industry,softmax_high_entropy,27,calibration,iid,constant_a003,0.12133012345679012
0.028327083176842557,-0.0008146138166785818,0.07888391970231155,0.00020000000000000004,inf,2.9716173556151437,39.05018017986218,0.9724850244850449,0.0031333333333333348,0.1556074074074074,108,11,1,monthly_industry_30,monthly industry,softmax_high_entropy,27,calibration,iid,constant_a004,0.12133012345679012
0.0326617136068759,-0.0008042690635459038,0.07258982564479825,0.006500000000000001,inf,2.9637411136443577,38.05945885472868,0.9725579526514412,0.007787037037037038,0.10028888888888889,108,14,1,monthly_industry_30,monthly industry,softmax_high_entropy,27,calibration,iid,constant_a005,0.12133012345679012
-0.02387482767865436,-0.09468563784410987,0.05401813591990917,0.059699999999999996,0.0597,6.965837783891768,30.17404924065719,0.9355015020010021,0.012547222222222222,0.13836666666666664,108,0,2,monthly_industry_30,monthly industry,softmax_high_entropy,27,calibration,iid,constant_a006,0.12133012345679012
0.014931475016083795,0.002103711653835416,0.028567116399103216,0.0022,0.0022,2.989620247241455,29.88710276914407,0.9723183310440606,0.010110185185185182,0.08343333333333333,108,3,1,monthly_industry_30,monthly industry,softmax_high_entropy,27,calibration,iid,constant_a007,0.12133012345679012
-0.053893307420727905,-0.2001225580514775,0.06250371951227093,0.21239999999999998,0.21239999999999998,8.957015560301404,32.027330698003595,0.91706467073795,0.01219907407407408,0.1576222222222222,108,0,2,monthly_industry_30,monthly industry,softmax_high_entropy,27,calibration,iid,constant_a008,0.12133012345679012
0.005547969958615704,-0.05027170814182081,0.07308223342099258,0.0604,0.06040000000000001,5.651243582167891,34.91466798707682,0.9476736705354825,0.01513333333333333,0.24232222222222222,108,0,2,monthly_industry_30,monthly industry,softmax_high_entropy,27,calibration,iid,constant_a009,0.12133012345679012
0.049806241400872246,0.004836666633354528,0.15109876218238436,0.0013,0.0013000000000000002,2.9208191215724097,38.18478434571039,0.9729553785039592,0.004490740740740739,0.16894074074074072,108,7,1,monthly_industry_30,monthly industry,softmax_high_entropy,27,calibration,iid,constant_a010,0.12133012345679012
0.07669567883416481,0.004597543334334779,0.28930535589071155,-0.0023,inf,1.8692111890341758,47.97331049018536,0.9826924889904243,0.005515740740740741,0.23192222222222222,108,22,0,monthly_industry_30,monthly industry,softmax_high_entropy,27,calibration,iid,constant_a011,0.12133012345679012
0.08727742017493954,-0.11414035351291343,0.34549326279715753,-0.030899999999999997,-0.030899999999999993,4.9207258351210665,38.39396918630138,0.954437723748879,0.01081574074074074,0.17674444444444445,108,2,1,monthly_industry_30,monthly industry,softmax_high_entropy,27,calibration,iid,constant_a012,0.12133012345679012
0.05508999608877331,0.007054029629629637,0.1161078095604627,-0.04650000000000001,-0.04650000000000001,2.9893813861687213,33.092528686819406,0.97232054272066,0.009680555555555555,0.16028888888888887,108,7,1,monthly_industry_30,monthly industry,softmax_high_entropy,27,calibration,iid,constant_a013,0.12133012345679012
-0.002264849175213652,-0.05185675778779285,0.053264973013147865,0.0739,0.07390000000000001,2.9407675934002993,39.29616024174394,0.9727706704314787,0.009813888888888888,0.1906925925925926,108,8,1,monthly_industry_30,monthly industry,softmax_high_entropy,27,calibration,iid,constant_a014,0.12133012345679012
-0.0071377406844898685,-0.035876075570581846,0.007054029629629638,0.04429999999999999,inf,1.0,29.845977131278094,0.9907407407407407,0.011383333333333332,0.1517,108,83,0,monthly_industry_30,monthly industry,softmax_high_entropy,27,calibration,iid,constant_a015,0.12133012345679012
-0.028659596212077434,-0.0930180954594437,0.031557624431101244,0.0931,0.0931,4.879050351995465,34.68313889931208,0.9548236078518938,0.005846296296296298,0.21665185185185185,108,1,1,monthly_industry_30,monthly industry,softmax_high_entropy,27,calibration,iid,constant_a016,0.12133012345679012
0.03293911593997233,-0.030595792294967065,0.11545688861393855,0.22940000000000002,0.22940000000000005,2.671662226479116,19.257318694444375,0.9752623867918601,-0.0003518518518518532,0.29553703703703704,108,8,1,monthly_industry_30,monthly industry,softmax_high_entropy,27,calibration,iid,constant_a017,0.12133012345679012
0.011557627430824384,0.007054029629629636,0.020677412978243773,-0.023,inf,1.0,30.502286861940004,0.9907407407407407,0.007457407407407407,0.13156296296296294,108,67,0,monthly_industry_30,monthly industry,softmax_high_entropy,27,calibration,iid,constant_a018,0.12133012345679012
-0.0008679907612626838,-0.0159781319918658,0.014235440322109697,0.013600000000000003,inf,2.9389108793246463,45.98274604547702,0.9727878622284755,0.008509259259259258,0.09720740740740741,108,12,1,monthly_industry_30,monthly industry,softmax_high_entropy,27,calibration,iid,constant_a019,0.12133012345679012
-0.03387836148294749,-0.14234743542517975,0.03141391240627107,0.1261,inf,2.9350281162611633,38.88650051600148,0.9728238137383226,0.01028611111111111,0.11100000000000002,108,17,1,monthly_industry_30,monthly industry,softmax_high_entropy,27,calibration,iid,constant_a020,0.12133012345679012
-0.032358203102479235,-0.10500242402959149,0.010640091240344839,0.0908,0.09080000000000002,2.9999066550941844,32.82194748549478,0.9722230865269057,0.008956481481481482,0.10537407407407408,108,7,1,monthly_industry_30,monthly industry,softmax_high_entropy,27,calibration,iid,constant_a021,0.12133012345679012
-0.000871798290800985,-0.016723454131662256,0.007054029629629638,0.0199,inf,1.0,31.757382000706418,0.9907407407407407,0.009407407407407408,0.13405555555555554,108,79,0,monthly_industry_30,monthly industry,softmax_high_entropy,27,calibration,iid,constant_a022,0.12133012345679012
0.003773947361967653,-0.016307171267477997,0.0175151429345605,0.0223,0.0223,4.976294779207546,37.74119288080542,0.9539231964888191,0.009435185185185184,0.1265962962962963,108,0,1,monthly_industry_30,monthly industry,softmax_high_entropy,27,calibration,iid,constant_a023,0.12133012345679012
0.0342854625320574,-0.01944441086855494,0.10557001745018155,0.0426,0.042600000000000006,3.9697148267914892,36.43451976639604,0.9632433812334121,0.011483333333333335,0.11916296296296297,108,4,1,monthly_industry_30,monthly industry,softmax_high_entropy,27,calibration,iid,constant_a024,0.12133012345679012
0.05847533971232201,0.05268713750087577,0.06573556976812893,0.014199999999999999,inf,1.0,29.84075826940011,0.9907407407407407,0.010116666666666666,0.11522222222222221,108,83,0,monthly_industry_30,monthly industry,softmax_high_entropy,27,calibration,iid,constant_a025,0.12133012345679012
0.0040059554534449225,-0.012743670870811647,0.014735635279736635,0.013999999999999999,inf,1.9974100174380256,35.09435764545947,0.9815054628014998,0.009475925925925928,0.09744814814814814,108,24,0,monthly_industry_30,monthly industry,softmax_high_entropy,27,calibration,iid,constant_a026,0.12133012345679012
-0.0876171391869684,-0.09565090146538452,-0.07752484596701477,,inf,0.0,0.0,1.0,0.011696296296296293,0.0864962962962963,108,200,0,monthly_industry_30,monthly industry,softmax_high_entropy,27,calibration,iid,constant_a027,0.12133012345679012
0.05534659372536028,-0.025082438257888643,0.18406818980433998,0.023,inf,1.9866348933850995,45.37338984867002,0.9816052324686565,0.0033916666666666683,0.17157407407407407,108,25,0,monthly_industry_30,monthly industry,softmax_high_entropy,27,calibration,iid,constant_a028,0.12133012345679012
-0.004141336290998098,-0.06318538833121755,0.05520970600143995,0.0477,0.04769999999999999,6.935932551227656,38.12961321028368,0.9357784023034477,0.005977777777777777,0.14215185185185186,108,0,2,monthly_industry_30,monthly industry,softmax_high_entropy,27,calibration,iid,constant_a029,0.12133012345679012
0.018663343396580948,0.006644192447791321,0.04229180811232189,-0.006583333333333333,inf,1.9999641725946133,31.611812523421413,0.9814818132167166,0.008955,0.12133012345679012,108,19,0,monthly_industry_30,monthly industry,softmax_high_entropy,27,calibration,iid,constant_equal_weight_public,0.12133012345679012
0.042731588346404385,-0.04232549339267205,0.15033629280954083,0.20645751428593578,0.22940000000000002,8.435645475330531,24.110985596680216,0.9218921715247173,0.013036111111111111,0.2308074074074074,108,0,2,monthly_industry_30,monthly industry,softmax_high_entropy,27,calibration,iid,momentum_12,0.12133012345679012
-0.006063598579407959,-0.0559889415465788,0.029669900050069104,0.08439999999999999,0.08439999999999999,3.883534517698126,36.20075492878716,0.9640413470583507,0.009154320987654322,0.09146296296296295,108,6,1,monthly_industry_30,monthly industry,softmax_high_entropy,27,calibration,iid,low_vol_12,0.12133012345679012
-0.027931931911577015,-0.06806238714225495,0.0036983885220899875,0.2294,0.22940000000000005,2.6585911282710555,19.399888635625622,0.9753834154789717,0.0024592592592592587,0.2494555555555555,108,9,1,monthly_industry_30,monthly industry,softmax_high_entropy,27,calibration,iid,risk_adjusted_12,0.12133012345679012
0.010231158926842844,-0.09168687455102952,0.0888041277084827,-0.0331,inf,1.9436047299146528,38.39396918630138,0.9820036599081977,0.011022222222222223,0.1484222222222222,108,30,0,monthly_industry_30,monthly industry,softmax_high_entropy,27,calibration,iid,ridge_return_train_only,0.12133012345679012
0.0010351455494439518,-0.05092686667174934,0.03134163581870319,0.08439999999999999,0.08439999999999999,3.899991580464999,33.96805021873422,0.9638889668475463,0.009589814814814813,0.0832074074074074,108,3,1,monthly_industry_30,monthly industry,softmax_high_entropy,27,calibration,block,constant_a000,0.12133012345679012
-0.013244278958351305,-0.041492388442207165,0.014191957745960137,0.0359,0.0359,4.99339048717502,36.20075492878716,0.9537649028965276,0.011237037037037037,0.08046666666666666,108,4,1,monthly_industry_30,monthly industry,softmax_high_entropy,27,calibration,block,constant_a001,0.12133012345679012
0.054427855135960386,0.006827834769548149,0.12248603212142624,0.0466,0.0466,3.8632738254235095,32.859174364803486,0.9642289460608935,0.01357037037037037,0.08148518518518519,108,6,1,monthly_industry_30,monthly industry,softmax_high_entropy,27,calibration,block,constant_a002,0.12133012345679012
0.07987534979488418,-0.045283532951424725,0.2009236756375091,0.0875,0.0875,4.701820616221253,40.65585450383568,0.9564646239238773,0.009954629629629631,0.2067925925925926,108,3,1,monthly_industry_30,monthly industry,softmax_high_entropy,27,calibration,block,constant_a003,0.12133012345679012
0.028327083176842557,0.0017426953033715844,0.07443820554183586,0.00020000000000000004,inf,2.9716173556151437,39.05018017986218,0.9724850244850449,0.0031333333333333348,0.1556074074074074,108,11,1,monthly_industry_30,monthly industry,softmax_high_entropy,27,calibration,block,constant_a004,0.12133012345679012
0.0326617136068759,-0.0008042690635459035,0.07746602423266553,0.006500000000000001,0.0065000000000000014,2.9637411136443577,38.05945885472868,0.9725579526514412,0.007787037037037038,0.10028888888888889,108,8,1,monthly_industry_30,monthly industry,softmax_high_entropy,27,calibration,block,constant_a005,0.12133012345679012
-0.02387482767865436,-0.0873062648201989,0.06095650904027308,0.059699999999999996,0.059699999999999996,6.965837783891768,30.17404924065719,0.9355015020010021,0.012547222222222222,0.13836666666666664,108,0,2,monthly_industry_30,monthly industry,softmax_high_entropy,27,calibration,block,constant_a006,0.12133012345679012
0.014931475016083795,0.004578870641732526,0.033749380424601676,0.0022,inf,2.989620247241455,29.88710276914407,0.9723183310440606,0.010110185185185182,0.08343333333333333,108,12,1,monthly_industry_30,monthly industry,softmax_high_entropy,27,calibration,block,constant_a007,0.12133012345679012
-0.053893307420727905,-0.19708332751738286,0.03951949334861291,0.21239999999999998,0.21239999999999998,8.957015560301404,32.027330698003595,0.91706467073795,0.01219907407407408,0.1576222222222222,108,0,2,monthly_industry_30,monthly industry,softmax_high_entropy,27,calibration,block,constant_a008,0.12133012345679012
0.005547969958615704,-0.05756628406655511,0.06994405200933429,0.0604,0.06040000000000001,5.651243582167891,34.91466798707682,0.9476736705354825,0.01513333333333333,0.24232222222222222,108,0,2,monthly_industry_30,monthly industry,softmax_high_entropy,27,calibration,block,constant_a009,0.12133012345679012
0.049806241400872246,0.0027274676856782094,0.11996620017789805,0.0013,0.0013000000000000002,2.9208191215724097,38.18478434571039,0.9729553785039592,0.004490740740740739,0.16894074074074072,108,9,1,monthly_industry_30,monthly industry,softmax_high_entropy,27,calibration,block,constant_a010,0.12133012345679012
0.07669567883416481,0.003369300186687354,0.2214047479162905,-0.0023,inf,1.8692111890341758,47.97331049018536,0.9826924889904243,0.005515740740740741,0.23192222222222222,108,25,0,monthly_industry_30,monthly industry,softmax_high_entropy,27,calibration,block,constant_a011,0.12133012345679012
0.08727742017493954,-0.11217363811469215,0.35562986230670185,-0.030899999999999997,-0.030899999999999993,4.9207258351210665,38.39396918630138,0.954437723748879,0.01081574074074074,0.17674444444444445,108,2,1,monthly_industry_30,monthly industry,softmax_high_entropy,27,calibration,block,constant_a012,0.12133012345679012
0.05508999608877331,0.0070540296296296365,0.11743790251343714,-0.04650000000000001,inf,2.9893813861687213,33.092528686819406,0.97232054272066,0.009680555555555555,0.16028888888888887,108,10,1,monthly_industry_30,monthly industry,softmax_high_entropy,27,calibration,block,constant_a013,0.12133012345679012
-0.002264849175213652,-0.07669760606487606,0.05217824822446153,0.0739,inf,2.9407675934002993,39.29616024174394,0.9727706704314787,0.009813888888888888,0.1906925925925926,108,10,1,monthly_industry_30,monthly industry,softmax_high_entropy,27,calibration,block,constant_a014,0.12133012345679012
-0.0071377406844898685,-0.03552128131272885,0.007054029629629639,0.04429999999999999,inf,1.0,29.845977131278094,0.9907407407407407,0.011383333333333332,0.1517,108,70,0,monthly_industry_30,monthly industry,softmax_high_entropy,27,calibration,block,constant_a015,0.12133012345679012
-0.028659596212077434,-0.10536639026156563,0.03153463598420986,0.0931,0.0931,4.879050351995465,34.68313889931208,0.9548236078518938,0.005846296296296298,0.21665185185185185,108,2,1,monthly_industry_30,monthly industry,softmax_high_entropy,27,calibration,block,constant_a016,0.12133012345679012
0.03293911593997233,-0.011758644479459464,0.10369892317808929,0.22940000000000002,inf,2.671662226479116,19.257318694444375,0.9752623867918601,-0.0003518518518518532,0.29553703703703704,108,10,1,monthly_industry_30,monthly industry,softmax_high_entropy,27,calibration,block,constant_a017,0.12133012345679012
0.011557627430824384,0.007054029629629636,0.02056482303321388,-0.023,inf,1.0,30.502286861940004,0.9907407407407407,0.007457407407407407,0.13156296296296294,108,72,0,monthly_industry_30,monthly industry,softmax_high_entropy,27,calibration,block,constant_a018,0.12133012345679012
-0.0008679907612626838,-0.01838468802192997,0.010644734975869668,0.013600000000000003,inf,2.9389108793246463,45.98274604547702,0.9727878622284755,0.008509259259259258,0.09720740740740741,108,14,1,monthly_industry_30,monthly industry,softmax_high_entropy,27,calibration,block,constant_a019,0.12133012345679012
-0.03387836148294749,-0.13841916129033166,0.024495975402741926,0.1261,inf,2.9350281162611633,38.88650051600148,0.9728238137383226,0.01028611111111111,0.11100000000000002,108,12,1,monthly_industry_30,monthly industry,softmax_high_entropy,27,calibration,block,constant_a020,0.12133012345679012
-0.032358203102479235,-0.1204124497738826,0.01064009124034484,0.0908,inf,2.9999066550941844,32.82194748549478,0.9722230865269057,0.008956481481481482,0.10537407407407408,108,12,1,monthly_industry_30,monthly industry,softmax_high_entropy,27,calibration,block,constant_a021,0.12133012345679012
-0.000871798290800985,-0.01672345413166226,0.007054029629629638,0.0199,inf,1.0,31.757382000706418,0.9907407407407407,0.009407407407407408,0.13405555555555554,108,69,0,monthly_industry_30,monthly industry,softmax_high_entropy,27,calibration,block,constant_a022,0.12133012345679012
0.003773947361967653,-0.01664716347409268,0.016395611643615634,0.0223,0.0223,4.976294779207546,37.74119288080542,0.9539231964888191,0.009435185185185184,0.1265962962962963,108,1,1,monthly_industry_30,monthly industry,softmax_high_entropy,27,calibration,block,constant_a023,0.12133012345679012
0.0342854625320574,-0.03293653694458808,0.09834475858519617,0.0426,0.042600000000000006,3.9697148267914892,36.43451976639604,0.9632433812334121,0.011483333333333335,0.11916296296296297,108,2,1,monthly_industry_30,monthly industry,softmax_high_entropy,27,calibration,block,constant_a024,0.12133012345679012
0.05847533971232201,0.048585843643998275,0.06878269096689398,0.014199999999999999,inf,1.0,29.84075826940011,0.9907407407407407,0.010116666666666666,0.11522222222222221,108,69,0,monthly_industry_30,monthly industry,softmax_high_entropy,27,calibration,block,constant_a025,0.12133012345679012
0.0040059554534449225,-0.012743670870811656,0.018434186148306636,0.013999999999999999,inf,1.9974100174380256,35.09435764545947,0.9815054628014998,0.009475925925925928,0.09744814814814814,108,23,0,monthly_industry_30,monthly industry,softmax_high_entropy,27,calibration,block,constant_a026,0.12133012345679012
-0.0876171391869684,-0.09966562431007576,-0.07567848993487016,,inf,0.0,0.0,1.0,0.011696296296296293,0.0864962962962963,108,200,0,monthly_industry_30,monthly industry,softmax_high_entropy,27,calibration,block,constant_a027,0.12133012345679012
0.05534659372536028,-0.025082438257888633,0.23236075390007058,0.023,inf,1.9866348933850995,45.37338984867002,0.9816052324686565,0.0033916666666666683,0.17157407407407407,108,34,0,monthly_industry_30,monthly industry,softmax_high_entropy,27,calibration,block,constant_a028,0.12133012345679012
-0.004141336290998098,-0.08093636398744512,0.059782168809114675,0.0477,0.04769999999999999,6.935932551227656,38.12961321028368,0.9357784023034477,0.005977777777777777,0.14215185185185186,108,0,2,monthly_industry_30,monthly industry,softmax_high_entropy,27,calibration,block,constant_a029,0.12133012345679012
0.018663343396580948,0.0066441924477913215,0.042291808112321895,-0.006583333333333333,inf,1.9999641725946133,31.611812523421413,0.9814818132167166,0.008955,0.12133012345679012,108,25,0,monthly_industry_30,monthly industry,softmax_high_entropy,27,calibration,block,constant_equal_weight_public,0.12133012345679012
0.042731588346404385,-0.034937288077715026,0.13267577528651509,0.20645751428593578,0.22940000000000005,8.435645475330531,24.110985596680216,0.9218921715247173,0.013036111111111111,0.2308074074074074,108,0,2,monthly_industry_30,monthly industry,softmax_high_entropy,27,calibration,block,momentum_12,0.12133012345679012
-0.006063598579407959,-0.05949700262595318,0.02561087692993088,0.08439999999999999,0.08439999999999999,3.883534517698126,36.20075492878716,0.9640413470583507,0.009154320987654322,0.09146296296296295,108,2,1,monthly_industry_30,monthly industry,softmax_high_entropy,27,calibration,block,low_vol_12,0.12133012345679012
-0.027931931911577015,-0.07289470445285348,0.0029846336127965856,0.2294,inf,2.6585911282710555,19.399888635625622,0.9753834154789717,0.0024592592592592587,0.2494555555555555,108,11,1,monthly_industry_30,monthly industry,softmax_high_entropy,27,calibration,block,risk_adjusted_12,0.12133012345679012
0.010231158926842844,-0.11742214666504751,0.09087844636707282,-0.0331,inf,1.9436047299146528,38.39396918630138,0.9820036599081977,0.011022222222222223,0.1484222222222222,108,27,0,monthly_industry_30,monthly industry,softmax_high_entropy,27,calibration,block,ridge_return_train_only,0.12133012345679012
-0.01088945709832189,-0.03971979096142409,0.007518799800058484,0.0433,inf,2.948598665112866,37.358721648047016,0.9783191274624053,0.005722058823529412,0.07954117647058823,136,10,1,monthly_industry_30,monthly industry,softmax_high_entropy,27,test,iid,constant_a000,0.12133012345679012
0.00037876522513649,-0.012971763583849827,0.007054029629629635,0.019,inf,1.0,34.8443588925163,0.9926470588235294,0.005813235294117649,0.08037058823529412,136,76,0,monthly_industry_30,monthly industry,softmax_high_entropy,27,test,iid,constant_a001,0.12133012345679012
0.01746186284630275,-0.04788006796768395,0.10801401822690343,0.08500000000000002,0.085,3.8585654223448067,39.05731314674133,0.9716281954239352,0.011203676470588236,0.12225294117647058,136,6,1,monthly_industry_30,monthly industry,softmax_high_entropy,27,test,iid,constant_a002,0.12133012345679012
0.03898912517419846,0.007054029629629634,0.08468998460475839,-0.007800000000000001,-0.0078,2.8197662614863725,37.722682421041036,0.9792664245478944,0.012388235294117648,0.15730882352941175,136,9,1,monthly_industry_30,monthly industry,softmax_high_entropy,27,test,iid,constant_a003,0.12133012345679012
0.007341345343052739,0.007054029629629632,0.007915976769898928,-0.008100000000000001,inf,1.0,37.35759456714352,0.9926470588235294,0.0059507352941176464,0.1360823529411765,136,72,0,monthly_industry_30,monthly industry,softmax_high_entropy,27,test,iid,constant_a004,0.12133012345679012
-0.0034490818763089365,-0.02445530488818611,0.007054029629629635,0.031,inf,1.0,37.53671237212281,0.9926470588235294,0.005198529411764706,0.09060294117647058,136,74,0,monthly_industry_30,monthly industry,softmax_high_entropy,27,test,iid,constant_a005,0.12133012345679012
-0.008223675549630851,-0.06298619348023994,0.03126113720171794,0.1011,inf,1.990442662852395,29.357729821570107,0.9853643921849089,0.004352205882352941,0.14798235294117645,136,21,0,monthly_industry_30,monthly industry,softmax_high_entropy,27,test,iid,constant_a006,0.12133012345679012
-0.008414749870719622,-0.04802732379566786,0.02253239982903631,0.0504,0.05040000000000001,3.9254696062700494,46.646637941221776,0.9711362528950732,0.008147794117647059,0.0847264705882353,136,3,1,monthly_industry_30,monthly industry,softmax_high_entropy,27,test,iid,constant_a007,0.12133012345679012
0.0015726557928135935,-0.009527126226738918,0.007054029629629636,0.0187,inf,1.0,28.945638897197405,0.9926470588235294,0.006644117647058825,0.12974411764705882,136,77,0,monthly_industry_30,monthly industry,softmax_high_entropy,27,test,iid,constant_a008,0.12133012345679012
-0.0621840635078323,-0.14462396636709518,0.0010692954255055128,0.1002,0.1002,3.561477325854286,58.74200004083597,0.9738126667216597,0.0021544117647058834,0.2105794117647059,136,1,1,monthly_industry_30,monthly industry,softmax_high_entropy,27,test,iid,constant_a009,0.12133012345679012
0.05337667612000833,-0.012341103627230914,0.15135530683487497,0.0703,0.0703,8.768767108312906,32.67005607358647,0.9355237712624052,0.01612941176470588,0.1451029411764706,136,0,2,monthly_industry_30,monthly industry,softmax_high_entropy,27,test,iid,constant_a010,0.12133012345679012
-0.006878473948538223,-0.05952802160491252,0.04124907005744118,0.0825,0.08250000000000002,2.909737958318959,39.923200140569755,0.9786048679535371,0.01574558823529412,0.17915,136,9,1,monthly_industry_30,monthly industry,softmax_high_entropy,27,test,iid,constant_a011,0.12133012345679012
-0.08070944791647203,-0.2849957162796212,0.08011502281403057,0.057300000000000004,0.05730000000000001,6.871569051465441,35.63551306817929,0.9494737569745189,0.016123529411764703,0.12421176470588235,136,0,2,monthly_industry_30,monthly industry,softmax_high_entropy,27,test,iid,constant_a012,0.12133012345679012
0.02829482298921418,-0.1166348002189212,0.17068287138000687,0.1338,0.1338,8.453190714260057,46.98107874994593,0.9378441859245584,0.012578676470588237,0.14005882352941176,136,0,2,monthly_industry_30,monthly industry,softmax_high_entropy,27,test,iid,constant_a013,0.12133012345679012
-0.053003546146222255,-0.14918583877170694,0.03404222843863953,0.2351,0.23510000000000003,6.492493941450012,38.56106317141574,0.9522610739599264,0.0199125,0.21385882352941174,136,1,2,monthly_industry_30,monthly industry,softmax_high_entropy,27,test,iid,constant_a014,0.12133012345679012
0.04793267944619498,0.009960295517186638,0.08722632659267775,-0.02,-0.02,3.977815393131523,31.209232693323937,0.9707513574034446,0.012144117647058823,0.14591176470588232,136,4,1,monthly_industry_30,monthly industry,softmax_high_entropy,27,test,iid,constant_a015,0.12133012345679012
0.02399039919158868,0.007054029629629632,0.07479950787746603,-0.0953,inf,1.0,26.10143274258575,0.9926470588235294,0.015613235294117645,0.13995294117647059,136,72,0,monthly_industry_30,monthly industry,softmax_high_entropy,27,test,iid,constant_a016,0.12133012345679012
-0.028031659711150715,-0.13108309878493604,0.04298909137110736,0.094,0.094,4.928244905253606,92.77124091446929,0.9637629051084293,0.009413235294117648,0.2893911764705882,136,0,1,monthly_industry_30,monthly industry,softmax_high_entropy,27,test,iid,constant_a017,0.12133012345679012
-0.014652580721760207,-0.07057174201874324,0.026773730211984644,0.1666,0.1666,4.1874403364854675,37.304310491099,0.9692099975258421,0.010013235294117651,0.17509411764705882,136,1,1,monthly_industry_30,monthly industry,softmax_high_entropy,27,test,iid,constant_a018,0.12133012345679012
0.03346093104072795,0.008020503341159757,0.0755031151638003,-0.0102,-0.0102,3.9061822697774846,41.78056665950808,0.9712780715457537,0.008348529411764708,0.08674705882352941,136,3,1,monthly_industry_30,monthly industry,softmax_high_entropy,27,test,iid,constant_a019,0.12133012345679012
0.04244090513205903,-0.014256084492766568,0.10131651381584698,0.0447,0.0447,6.911566630037738,40.436771017669926,0.9491796571320754,0.005097058823529412,0.1036735294117647,136,0,2,monthly_industry_30,monthly industry,softmax_high_entropy,27,test,iid,constant_a020,0.12133012345679012
0.0650236522926918,-0.0011030981100525257,0.16031250724878476,0.057800000000000004,0.05780000000000001,6.93459275803147,31.5019183152375,0.9490103473674156,0.014211029411764706,0.10055882352941177,136,0,2,monthly_industry_30,monthly industry,softmax_high_entropy,27,test,iid,constant_a021,0.12133012345679012
0.003257946474968118,-0.031395779993457926,0.03831564310933814,0.0487,0.0487,5.873737273207593,34.52852098773376,0.9568107553440618,0.020024264705882353,0.10592058823529413,136,1,2,monthly_industry_30,monthly industry,softmax_high_entropy,27,test,iid,constant_a022,0.12133012345679012
-0.03243273365457669,-0.10019625267147944,0.015012433176868817,0.0616,0.06160000000000001,4.961595685107701,40.99962029731603,0.9635176787859728,0.002658823529411765,0.10287058823529413,136,0,1,monthly_industry_30,monthly industry,softmax_high_entropy,27,test,iid,constant_a023,0.12133012345679012
-0.01392850053029711,-0.04690886513815816,0.007054029629629635,0.056799999999999996,inf,1.9982577365224505,35.121742611117945,0.9853069284079231,0.008090441176470588,0.12422352941176472,136,31,0,monthly_industry_30,monthly industry,softmax_high_entropy,27,test,iid,constant_a024,0.12133012345679012
0.004906240275415157,-0.07599595786641004,0.04521815724934466,0.045700000000000005,0.045700000000000005,2.976144059031694,33.387570069920315,0.9781165878012376,0.010133823529411765,0.10630294117647059,136,6,1,monthly_industry_30,monthly industry,softmax_high_entropy,27,test,iid,constant_a025,0.12133012345679012
6.19945634053097e-05,-0.027031130314305343,0.022313747474866127,0.045,0.045,2.9987184738995825,27.76460885665842,0.9779505994566207,0.012989705882352941,0.09431470588235294,136,6,1,monthly_industry_30,monthly industry,softmax_high_entropy,27,test,iid,constant_a026,0.12133012345679012
-0.03321605531684369,-0.06573206557207192,0.021173583545959735,0.0403,0.0403,2.9429660965522686,29.77217139351813,0.978360543407704,0.01041985294117647,0.09985882352941176,136,3,1,monthly_industry_30,monthly industry,softmax_high_entropy,27,test,iid,constant_a027,0.12133012345679012
-0.002367279473999086,-0.056211878973599576,0.03540711647826978,0.0894,0.0894,3.9968961718092553,34.44846455570752,0.970611057560226,0.011051470588235293,0.1126235294117647,136,1,1,monthly_industry_30,monthly industry,softmax_high_entropy,27,test,iid,constant_a028,0.12133012345679012
0.030036081968689995,-0.028019109500941063,0.10597917622381899,0.0636,0.0636,7.90540878625923,37.95277316567363,0.9418719942186822,0.008997058823529412,0.08895882352941176,136,0,2,monthly_industry_30,monthly industry,softmax_high_entropy,27,test,iid,constant_a029,0.12133012345679012
-0.008622446256818576,-0.07730228757964137,0.06792609400391683,0.07356,0.07356,6.996974039257009,33.474115335795304,0.9485516614760514,0.01024235294117647,0.10200901960784312,136,0,2,monthly_industry_30,monthly industry,softmax_high_entropy,27,test,iid,constant_equal_weight_public,0.12133012345679012
-0.05497835820843033,-0.13973841349182275,0.025457760516184282,0.2351,0.23510000000000003,8.072493574378596,24.436858345821037,0.9406434296001573,0.02070735294117647,0.17675588235294115,136,0,2,monthly_industry_30,monthly industry,softmax_high_entropy,27,test,iid,momentum_12,0.12133012345679012
-0.03991988863635591,-0.10166978939403715,0.017593296600897652,0.07356,0.07356,6.9111692919918495,40.99962029731603,0.949182578735354,0.006003799019607842,0.08625,136,0,2,monthly_industry_30,monthly industry,softmax_high_entropy,27,test,iid,low_vol_12,0.12133012345679012
0.013761008208089573,-0.03806911282863398,0.08562972714641631,0.0929,0.0929,6.05535774898366,27.135370394165736,0.9554753106692377,0.015530686274509806,0.1313264705882353,136,0,2,monthly_industry_30,monthly industry,softmax_high_entropy,27,test,iid,risk_adjusted_12,0.12133012345679012
-0.08744307804865988,-0.29220795705209085,0.059850528169816244,0.057300000000000004,0.05730000000000001,7.83427535480898,35.63551306817929,0.9423950341558163,0.015781617647058824,0.10603823529411764,136,0,2,monthly_industry_30,monthly industry,softmax_high_entropy,27,test,iid,ridge_return_train_only,0.12133012345679012
-0.01088945709832189,-0.04484105945966535,0.00728641471484406,0.0433,0.0433,2.948598665112866,37.358721648047016,0.9783191274624053,0.005722058823529412,0.07954117647058823,136,5,1,monthly_industry_30,monthly industry,softmax_high_entropy,27,test,block,constant_a000,0.12133012345679012
0.00037876522513649,-0.012971763583849829,0.007054029629629636,0.019,inf,1.0,34.8443588925163,0.9926470588235294,0.005813235294117649,0.08037058823529412,136,67,0,monthly_industry_30,monthly industry,softmax_high_entropy,27,test,block,constant_a001,0.12133012345679012
0.01746186284630275,-0.06254561147295756,0.09316404545206643,0.08500000000000002,0.085,3.8585654223448067,39.05731314674133,0.9716281954239352,0.011203676470588236,0.12225294117647058,136,0,1,monthly_industry_30,monthly industry,softmax_high_entropy,27,test,block,constant_a002,0.12133012345679012
0.03898912517419846,0.007054029629629634,0.08055636707048755,-0.007800000000000001,inf,2.8197662614863725,37.722682421041036,0.9792664245478944,0.012388235294117648,0.15730882352941175,136,15,1,monthly_industry_30,monthly industry,softmax_high_entropy,27,test,block,constant_a003,0.12133012345679012
0.007341345343052739,0.007054029629629632,0.007915976769898928,-0.008100000000000001,inf,1.0,37.35759456714352,0.9926470588235294,0.0059507352941176464,0.1360823529411765,136,74,0,monthly_industry_30,monthly industry,softmax_high_entropy,27,test,block,constant_a004,0.12133012345679012
-0.0034490818763089365,-0.03495841639412468,0.007054029629629636,0.031,inf,1.0,37.53671237212281,0.9926470588235294,0.005198529411764706,0.09060294117647058,136,66,0,monthly_industry_30,monthly industry,softmax_high_entropy,27,test,block,constant_a005,0.12133012345679012
-0.008223675549630851,-0.07059831459500573,0.03126113720171794,0.1011,inf,1.990442662852395,29.357729821570107,0.9853643921849089,0.004352205882352941,0.14798235294117645,136,29,0,monthly_industry_30,monthly industry,softmax_high_entropy,27,test,block,constant_a006,0.12133012345679012
-0.008414749870719622,-0.04759129387451678,0.0224769846563782,0.0504,0.05040000000000001,3.9254696062700494,46.646637941221776,0.9711362528950732,0.008147794117647059,0.0847264705882353,136,3,1,monthly_industry_30,monthly industry,softmax_high_entropy,27,test,block,constant_a007,0.12133012345679012
0.0015726557928135935,-0.014871465717634565,0.007054029629629636,0.0187,inf,1.0,28.945638897197405,0.9926470588235294,0.006644117647058825,0.12974411764705882,136,71,0,monthly_industry_30,monthly industry,softmax_high_entropy,27,test,block,constant_a008,0.12133012345679012
-0.0621840635078323,-0.16666645590574586,0.007104949844959939,0.1002,0.10020000000000001,3.561477325854286,58.74200004083597,0.9738126667216597,0.0021544117647058834,0.2105794117647059,136,4,1,monthly_industry_30,monthly industry,softmax_high_entropy,27,test,block,constant_a009,0.12133012345679012
0.05337667612000833,-0.012513498385114402,0.12416953686649794,0.0703,0.0703,8.768767108312906,32.67005607358647,0.9355237712624052,0.01612941176470588,0.1451029411764706,136,0,2,monthly_industry_30,monthly industry,softmax_high_entropy,27,test,block,constant_a010,0.12133012345679012
-0.006878473948538223,-0.09529922030451392,0.03550107907479658,0.0825,inf,2.909737958318959,39.923200140569755,0.9786048679535371,0.01574558823529412,0.17915,136,11,1,monthly_industry_30,monthly industry,softmax_high_entropy,27,test,block,constant_a011,0.12133012345679012
-0.08070944791647203,-0.27993468120870685,0.06015859113695802,0.057300000000000004,0.05730000000000001,6.871569051465441,35.63551306817929,0.9494737569745189,0.016123529411764703,0.12421176470588235,136,0,2,monthly_industry_30,monthly industry,softmax_high_entropy,27,test,block,constant_a012,0.12133012345679012
0.02829482298921418,-0.13153177098954877,0.15658645522993875,0.1338,0.1338,8.453190714260057,46.98107874994593,0.9378441859245584,0.012578676470588237,0.14005882352941176,136,0,2,monthly_industry_30,monthly industry,softmax_high_entropy,27,test,block,constant_a013,0.12133012345679012
-0.053003546146222255,-0.1556382659205921,0.032990110580172254,0.2351,0.23510000000000003,6.492493941450012,38.56106317141574,0.9522610739599264,0.0199125,0.21385882352941174,136,0,2,monthly_industry_30,monthly industry,softmax_high_entropy,27,test,block,constant_a014,0.12133012345679012
0.04793267944619498,0.007054029629629635,0.08741495672522023,-0.02,-0.02,3.977815393131523,31.209232693323937,0.9707513574034446,0.012144117647058823,0.14591176470588232,136,7,1,monthly_industry_30,monthly industry,softmax_high_entropy,27,test,block,constant_a015,0.12133012345679012
0.02399039919158868,0.007054029629629632,0.05786313831550692,-0.0953,inf,1.0,26.10143274258575,0.9926470588235294,0.015613235294117645,0.13995294117647059,136,79,0,monthly_industry_30,monthly industry,softmax_high_entropy,27,test,block,constant_a016,0.12133012345679012
-0.028031659711150715,-0.10475163326265366,0.046332348176050114,0.094,0.094,4.928244905253606,92.77124091446929,0.9637629051084293,0.009413235294117648,0.2893911764705882,136,0,1,monthly_industry_30,monthly industry,softmax_high_entropy,27,test,block,constant_a017,0.12133012345679012
-0.014652580721760207,-0.06647265982967003,0.026751861173254936,0.1666,0.1666,4.1874403364854675,37.304310491099,0.9692099975258421,0.010013235294117651,0.17509411764705882,136,0,1,monthly_industry_30,monthly industry,softmax_high_entropy,27,test,block,constant_a018,0.12133012345679012
0.03346093104072795,0.00949047010290771,0.06997851126667598,-0.0102,-0.0102,3.9061822697774846,41.78056665950808,0.9712780715457537,0.008348529411764708,0.08674705882352941,136,5,1,monthly_industry_30,monthly industry,softmax_high_entropy,27,test,block,constant_a019,0.12133012345679012
0.04244090513205903,-0.0070857591191550605,0.11514949107995444,0.0447,0.0447,6.911566630037738,40.436771017669926,0.9491796571320754,0.005097058823529412,0.1036735294117647,136,0,2,monthly_industry_30,monthly industry,softmax_high_entropy,27,test,block,constant_a020,0.12133012345679012
0.0650236522926918,-0.013186526863760003,0.155310520071247,0.057800000000000004,0.05780000000000001,6.93459275803147,31.5019183152375,0.9490103473674156,0.014211029411764706,0.10055882352941177,136,0,2,monthly_industry_30,monthly industry,softmax_high_entropy,27,test,block,constant_a021,0.12133012345679012
0.003257946474968118,-0.025328590051599233,0.037043974793563694,0.0487,0.0487,5.873737273207593,34.52852098773376,0.9568107553440618,0.020024264705882353,0.10592058823529413,136,0,2,monthly_industry_30,monthly industry,softmax_high_entropy,27,test,block,constant_a022,0.12133012345679012
-0.03243273365457669,-0.08899083696795453,0.012375804762774998,0.0616,0.06160000000000001,4.961595685107701,40.99962029731603,0.9635176787859728,0.002658823529411765,0.10287058823529413,136,2,1,monthly_industry_30,monthly industry,softmax_high_entropy,27,test,block,constant_a023,0.12133012345679012
-0.01392850053029711,-0.04690886513815817,0.007054029629629636,0.056799999999999996,inf,1.9982577365224505,35.121742611117945,0.9853069284079231,0.008090441176470588,0.12422352941176472,136,28,0,monthly_industry_30,monthly industry,softmax_high_entropy,27,test,block,constant_a024,0.12133012345679012
0.004906240275415157,-0.0644818593050817,0.047596421892834265,0.045700000000000005,inf,2.976144059031694,33.387570069920315,0.9781165878012376,0.010133823529411765,0.10630294117647059,136,11,1,monthly_industry_30,monthly industry,softmax_high_entropy,27,test,block,constant_a025,0.12133012345679012
6.19945634053097e-05,-0.029128026836780382,0.02225998089736675,0.045,0.045000000000000005,2.9987184738995825,27.76460885665842,0.9779505994566207,0.012989705882352941,0.09431470588235294,136,8,1,monthly_industry_30,monthly industry,softmax_high_entropy,27,test,block,constant_a026,0.12133012345679012
-0.03321605531684369,-0.07042485167076423,0.018410295151239875,0.0403,0.0403,2.9429660965522686,29.77217139351813,0.978360543407704,0.01041985294117647,0.09985882352941176,136,7,1,monthly_industry_30,monthly industry,softmax_high_entropy,27,test,block,constant_a027,0.12133012345679012
-0.002367279473999086,-0.056599667007189436,0.03514055528219391,0.0894,inf,3.9968961718092553,34.44846455570752,0.970611057560226,0.011051470588235293,0.1126235294117647,136,11,1,monthly_industry_30,monthly industry,softmax_high_entropy,27,test,block,constant_a028,0.12133012345679012
0.030036081968689995,-0.02732831401864955,0.09306089057606025,0.0636,0.0636,7.90540878625923,37.95277316567363,0.9418719942186822,0.008997058823529412,0.08895882352941176,136,0,2,monthly_industry_30,monthly industry,softmax_high_entropy,27,test,block,constant_a029,0.12133012345679012
-0.008622446256818576,-0.07211400904229254,0.05453849036866159,0.07356,0.07356,6.996974039257009,33.474115335795304,0.9485516614760514,0.01024235294117647,0.10200901960784312,136,0,2,monthly_industry_30,monthly industry,softmax_high_entropy,27,test,block,constant_equal_weight_public,0.12133012345679012
-0.05497835820843033,-0.15215162538149998,0.02257563356952549,0.2351,0.23510000000000003,8.072493574378596,24.436858345821037,0.9406434296001573,0.02070735294117647,0.17675588235294115,136,0,2,monthly_industry_30,monthly industry,softmax_high_entropy,27,test,block,momentum_12,0.12133012345679012
-0.03991988863635591,-0.10477729292478193,0.014473293634473108,0.07356,0.07356,6.9111692919918495,40.99962029731603,0.949182578735354,0.006003799019607842,0.08625,136,0,2,monthly_industry_30,monthly industry,softmax_high_entropy,27,test,block,low_vol_12,0.12133012345679012
0.013761008208089573,-0.04303693640746473,0.07057133570823455,0.0929,0.0929,6.05535774898366,27.135370394165736,0.9554753106692377,0.015530686274509806,0.1313264705882353,136,0,2,monthly_industry_30,monthly industry,softmax_high_entropy,27,test,block,risk_adjusted_12,0.12133012345679012
-0.08744307804865988,-0.2626210507825614,0.05998104480331392,0.057300000000000004,0.05730000000000001,7.83427535480898,35.63551306817929,0.9423950341558163,0.015781617647058824,0.10603823529411764,136,0,2,monthly_industry_30,monthly industry,softmax_high_entropy,27,test,block,ridge_return_train_only,0.12133012345679012
0.01927887407407409,0.019278874074074064,0.019278874074074078,,inf,0.0,0.0,1.0,0.009589814814814813,0.0832074074074074,108,200,0,monthly_industry_30,monthly industry,epsilon_greedy_momentum,7,calibration,iid,constant_a000,0.12133012345679012
0.059041677997537,0.047093111373735716,0.06912703364631544,0.0738,inf,2.0,1.1071428571428565,0.9814814814814815,0.011237037037037037,0.08046666666666666,108,26,1,monthly_industry_30,monthly industry,epsilon_greedy_momentum,7,calibration,iid,constant_a001,0.12133012345679012
-0.01013395261914126,-0.036672394126607825,0.012172551438729742,0.0733,0.0733,12.999999999999995,1.1071428571428565,0.8796296296296297,0.01357037037037037,0.08148518518518519,108,0,3,monthly_industry_30,monthly industry,epsilon_greedy_momentum,7,calibration,iid,constant_a002,0.12133012345679012
0.01869137213403882,0.015049009273956488,0.02228189935528119,0.0575,0.05750000000000001,9.0,1.1071428571428565,0.9166666666666666,0.009954629629629631,0.2067925925925926,108,0,2,monthly_industry_30,monthly industry,epsilon_greedy_momentum,7,calibration,iid,constant_a003,0.12133012345679012
0.01927887407407409,0.019278874074074064,0.019278874074074078,,inf,0.0,0.0,1.0,0.0031333333333333348,0.1556074074074074,108,200,0,monthly_industry_30,monthly industry,epsilon_greedy_momentum,7,calibration,iid,constant_a004,0.12133012345679012
0.01927887407407409,0.019278874074074064,0.019278874074074078,,inf,0.0,0.0,1.0,0.007787037037037038,0.10028888888888889,108,200,0,monthly_industry_30,monthly industry,epsilon_greedy_momentum,7,calibration,iid,constant_a005,0.12133012345679012
0.017770529071134647,0.01609282067411327,0.01927887407407407,0.05139999999999999,inf,2.999999999999999,1.1071428571428565,0.9722222222222222,0.012547222222222222,0.13836666666666664,108,12,1,monthly_industry_30,monthly industry,epsilon_greedy_momentum,7,calibration,iid,constant_a006,0.12133012345679012
-0.05287242128159896,-0.19398071495002925,0.019278874074074068,0.012888652482269497,0.1082,1.0143108594168517,309.9999999999999,0.9906082327831773,0.010110185185185182,0.08343333333333333,108,8,0,monthly_industry_30,monthly industry,epsilon_greedy_momentum,7,calibration,iid,constant_a007,0.12133012345679012
-0.005632708916323737,-0.05545587489711926,0.019278874074074078,-0.0106,inf,1.0,309.9999999999999,0.9907407407407407,0.01219907407407408,0.1576222222222222,108,77,0,monthly_industry_30,monthly industry,epsilon_greedy_momentum,7,calibration,iid,constant_a008,0.12133012345679012
-0.029593570171778546,-0.04740357479752814,-0.014528900887762196,0.1461,0.1461,20.000000000000004,1.1071428571428565,0.8148148148148148,0.01513333333333333,0.24232222222222222,108,0,3,monthly_industry_30,monthly industry,epsilon_greedy_momentum,7,calibration,iid,constant_a009,0.12133012345679012
0.01942260916127769,0.019278874074074064,0.01971007933568489,-0.0333,inf,1.0,1.1071428571428565,0.9907407407407407,0.004490740740740739,0.16894074074074072,108,79,0,monthly_industry_30,monthly industry,epsilon_greedy_momentum,7,calibration,iid,constant_a010,0.12133012345679012
0.027048248010973882,0.01611466348642955,0.04082770378600821,0.0004208191126279826,0.0475,1.0948312142119287,309.99999999999994,0.9898626739424822,0.005515740740740741,0.23192222222222222,108,0,0,monthly_industry_30,monthly industry,epsilon_greedy_momentum,7,calibration,iid,constant_a011,0.12133012345679012
0.14774202086027802,-0.5854447751085136,1.1355162488817858,0.0654,0.0654,2.014285532072295,309.99999999999994,0.9813492080363676,0.01081574074074074,0.17674444444444445,108,1,1,monthly_industry_30,monthly industry,epsilon_greedy_momentum,7,calibration,iid,constant_a012,0.12133012345679012
0.01927887407407409,0.019278874074074064,0.019278874074074078,,inf,0.0,0.0,1.0,0.009680555555555555,0.16028888888888887,108,200,0,monthly_industry_30,monthly industry,epsilon_greedy_momentum,7,calibration,iid,constant_a013,0.12133012345679012
-0.4192901429061328,-1.3109263934065734,0.022578752436311963,0.13390000000000002,0.13390000000000002,1.0287230243354923,309.99999999999994,0.9904747868117084,0.009813888888888888,0.1906925925925926,108,2,0,monthly_industry_30,monthly industry,epsilon_greedy_momentum,7,calibration,iid,constant_a014,0.12133012345679012
0.11931205796544786,0.010636114776981054,0.3091070711782702,0.028399999999999998,inf,1.0,309.9999999999999,0.9907407407407407,0.011383333333333332,0.1517,108,74,0,monthly_industry_30,monthly industry,epsilon_greedy_momentum,7,calibration,iid,constant_a015,0.12133012345679012
0.024725751475302107,0.01077013244098037,0.039824303410655515,0.0435,0.0435,6.0,1.1071428571428568,0.9444444444444444,0.005846296296296298,0.21665185185185185,108,2,2,monthly_industry_30,monthly industry,epsilon_greedy_momentum,7,calibration,iid,constant_a016,0.12133012345679012
0.0507791305653788,0.030292192383436334,0.07337683538088385,0.38060000000000005,0.38060000000000005,18.00000000000002,1.1071428571428568,0.8333333333333331,-0.0003518518518518532,0.29553703703703704,108,0,3,monthly_industry_30,monthly industry,epsilon_greedy_momentum,7,calibration,iid,constant_a017,0.12133012345679012
0.01927887407407409,0.019278874074074064,0.019278874074074078,,inf,0.0,0.0,1.0,0.007457407407407407,0.13156296296296294,108,200,0,monthly_industry_30,monthly industry,epsilon_greedy_momentum,7,calibration,iid,constant_a018,0.12133012345679012
0.01920323085439939,0.019050053334558094,0.019278874074074075,-0.011899999999999999,inf,1.0,1.1071428571428568,0.9907407407407407,0.008509259259259258,0.09720740740740741,108,65,0,monthly_industry_30,monthly industry,epsilon_greedy_momentum,7,calibration,iid,constant_a019,0.12133012345679012
0.01927887407407409,0.019278874074074064,0.019278874074074078,,inf,0.0,0.0,1.0,0.01028611111111111,0.11100000000000002,108,200,0,monthly_industry_30,monthly industry,epsilon_greedy_momentum,7,calibration,iid,constant_a020,0.12133012345679012
0.01927887407407409,0.019278874074074064,0.019278874074074078,,inf,0.0,0.0,1.0,0.008956481481481482,0.10537407407407408,108,200,0,monthly_industry_30,monthly industry,epsilon_greedy_momentum,7,calibration,iid,constant_a021,0.12133012345679012
0.21272749675877736,-0.012652019189111489,0.6547660286246543,-0.0184,inf,1.0,309.9999999999999,0.9907407407407407,0.009407407407407408,0.13405555555555554,108,81,0,monthly_industry_30,monthly industry,epsilon_greedy_momentum,7,calibration,iid,constant_a022,0.12133012345679012
0.01927887407407409,0.019278874074074064,0.019278874074074078,,inf,0.0,0.0,1.0,0.009435185185185184,0.1265962962962963,108,200,0,monthly_industry_30,monthly industry,epsilon_greedy_momentum,7,calibration,iid,constant_a023,0.12133012345679012
0.020139609758965334,0.019231811830785803,0.021495689359200466,-0.014799999999999999,-0.014799999999999999,3.0000000000000004,1.1071428571428568,0.9722222222222222,0.011483333333333335,0.11916296296296297,108,8,1,monthly_industry_30,monthly industry,epsilon_greedy_momentum,7,calibration,iid,constant_a024,0.12133012345679012
0.01927887407407409,0.019278874074074064,0.019278874074074078,,inf,0.0,0.0,1.0,0.010116666666666666,0.11522222222222221,108,200,0,monthly_industry_30,monthly industry,epsilon_greedy_momentum,7,calibration,iid,constant_a025,0.12133012345679012
0.01927887407407409,0.019278874074074064,0.019278874074074078,,inf,0.0,0.0,1.0,0.009475925925925928,0.09744814814814814,108,200,0,monthly_industry_30,monthly industry,epsilon_greedy_momentum,7,calibration,iid,constant_a026,0.12133012345679012
-0.4706681405868705,-1.4241067426662684,0.15225138365833893,-0.05008752228163996,0.031400000000000004,2.0071364340788644,309.9999999999999,0.9814154033881587,0.011696296296296293,0.0864962962962963,108,9,1,monthly_industry_30,monthly industry,epsilon_greedy_momentum,7,calibration,iid,constant_a027,0.12133012345679012
0.01927887407407409,0.019278874074074064,0.019278874074074078,,inf,0.0,0.0,1.0,0.0033916666666666683,0.17157407407407407,108,200,0,monthly_industry_30,monthly industry,epsilon_greedy_momentum,7,calibration,iid,constant_a028,0.12133012345679012
0.01927887407407409,0.019278874074074064,0.019278874074074078,,inf,0.0,0.0,1.0,0.005977777777777777,0.14215185185185186,108,200,0,monthly_industry_30,monthly industry,epsilon_greedy_momentum,7,calibration,iid,constant_a029,0.12133012345679012
0.01927887407407409,0.019278874074074064,0.019278874074074078,,inf,0.0,0.0,1.0,0.008955,0.12133012345679012,108,200,0,monthly_industry_30,monthly industry,epsilon_greedy_momentum,7,calibration,iid,constant_equal_weight_public,0.12133012345679012
0.01564915965348304,-0.0020174690977499015,0.03480626807563207,0.24199795918367348,0.3339050505050505,97.99999999999999,1.107142857142857,0.09259259259259267,0.013036111111111111,0.2308074074074074,108,0,4,monthly_industry_30,monthly industry,epsilon_greedy_momentum,7,calibration,iid,momentum_12,0.12133012345679012
0.02029891260289546,0.015607356048951361,0.025108420702338097,,inf,0.0,0.0,1.0,0.009154320987654322,0.09146296296296295,108,200,0,monthly_industry_30,monthly industry,epsilon_greedy_momentum,7,calibration,iid,low_vol_12,0.12133012345679012
0.03000521152862499,0.011388168026562673,0.05002313295815524,0.3514333333333333,0.38060000000000005,30.000000000000032,1.107142857142857,0.7222222222222219,0.0024592592592592587,0.2494555555555555,108,0,3,monthly_industry_30,monthly industry,epsilon_greedy_momentum,7,calibration,iid,risk_adjusted_12,0.12133012345679012
-0.16615689194365063,-0.8635040661338648,0.17740320073594715,-0.0474787234042554,inf,1.0143108594168517,309.9999999999999,0.9906082327831773,0.011275000000000002,0.13378888888888887,108,13,0,monthly_industry_30,monthly industry,epsilon_greedy_momentum,7,calibration,iid,ridge_return_train_only,0.12133012345679012
0.01927887407407409,0.019278874074074057,0.019278874074074085,,inf,0.0,0.0,1.0,0.009589814814814813,0.0832074074074074,108,200,0,monthly_industry_30,monthly industry,epsilon_greedy_momentum,7,calibration,block,constant_a000,0.12133012345679012
0.059041677997537,0.04236176659450767,0.07799502080263702,0.0738,inf,2.0,1.1071428571428565,0.9814814814814815,0.011237037037037037,0.08046666666666666,108,32,1,monthly_industry_30,monthly industry,epsilon_greedy_momentum,7,calibration,block,constant_a001,0.12133012345679012
-0.01013395261914126,-0.04833071877643414,0.026835963406381336,0.0733,0.0733,12.999999999999995,1.1071428571428565,0.8796296296296297,0.01357037037037037,0.08148518518518519,108,0,3,monthly_industry_30,monthly industry,epsilon_greedy_momentum,7,calibration,block,constant_a002,0.12133012345679012
0.01869137213403882,0.015542869929208317,0.022107412129874562,0.0575,0.05750000000000001,9.0,1.1071428571428565,0.9166666666666666,0.009954629629629631,0.2067925925925926,108,0,2,monthly_industry_30,monthly industry,epsilon_greedy_momentum,7,calibration,block,constant_a003,0.12133012345679012
0.01927887407407409,0.019278874074074057,0.019278874074074085,,inf,0.0,0.0,1.0,0.0031333333333333348,0.1556074074074074,108,200,0,monthly_industry_30,monthly industry,epsilon_greedy_momentum,7,calibration,block,constant_a004,0.12133012345679012
0.01927887407407409,0.019278874074074057,0.019278874074074085,,inf,0.0,0.0,1.0,0.007787037037037038,0.10028888888888889,108,200,0,monthly_industry_30,monthly industry,epsilon_greedy_momentum,7,calibration,block,constant_a005,0.12133012345679012
0.017770529071134647,0.01568320090143053,0.019278874074074068,0.05139999999999999,inf,2.999999999999999,1.1071428571428565,0.9722222222222222,0.012547222222222222,0.13836666666666664,108,12,1,monthly_industry_30,monthly industry,epsilon_greedy_momentum,7,calibration,block,constant_a006,0.12133012345679012
-0.05287242128159896,-0.19558153842641576,0.019278874074074068,0.012888652482269497,0.1082,1.0143108594168517,309.9999999999999,0.9906082327831773,0.010110185185185182,0.08343333333333333,108,9,0,monthly_industry_30,monthly industry,epsilon_greedy_momentum,7,calibration,block,constant_a007,0.12133012345679012
-0.005632708916323737,-0.08036745788751715,0.019278874074074078,-0.0106,inf,1.0,309.9999999999999,0.9907407407407407,0.01219907407407408,0.1576222222222222,108,71,0,monthly_industry_30,monthly industry,epsilon_greedy_momentum,7,calibration,block,constant_a008,0.12133012345679012
-0.029593570171778546,-0.05668995087565373,-0.003171101837467892,0.1461,0.1461,20.000000000000004,1.1071428571428565,0.8148148148148148,0.01513333333333333,0.24232222222222222,108,0,3,monthly_industry_30,monthly industry,epsilon_greedy_momentum,7,calibration,block,constant_a009,0.12133012345679012
0.01942260916127769,0.019278874074074064,0.01971007933568489,-0.0333,inf,1.0,1.1071428571428565,0.9907407407407407,0.004490740740740739,0.16894074074074072,108,81,0,monthly_industry_30,monthly industry,epsilon_greedy_momentum,7,calibration,block,constant_a010,0.12133012345679012
0.027048248010973882,0.016031612972271216,0.04471443287869879,0.0004208191126279826,0.0475,1.0948312142119287,309.99999999999994,0.9898626739424822,0.005515740740740741,0.23192222222222222,108,0,0,monthly_industry_30,monthly industry,epsilon_greedy_momentum,7,calibration,block,constant_a011,0.12133012345679012
0.14774202086027802,-0.710745737644277,1.1330927238820308,0.0654,0.0654,2.014285532072295,309.99999999999994,0.9813492080363676,0.01081574074074074,0.17674444444444445,108,4,1,monthly_industry_30,monthly industry,epsilon_greedy_momentum,7,calibration,block,constant_a012,0.12133012345679012
0.01927887407407409,0.019278874074074057,0.019278874074074085,,inf,0.0,0.0,1.0,0.009680555555555555,0.16028888888888887,108,200,0,monthly_industry_30,monthly industry,epsilon_greedy_momentum,7,calibration,block,constant_a013,0.12133012345679012
-0.4192901429061328,-1.299766012505388,0.022234848730158723,0.13390000000000002,0.13390000000000002,1.0287230243354923,309.99999999999994,0.9904747868117084,0.009813888888888888,0.1906925925925926,108,5,0,monthly_industry_30,monthly industry,epsilon_greedy_momentum,7,calibration,block,constant_a014,0.12133012345679012
0.11931205796544786,0.0052354564907736495,0.3258333927025817,0.028399999999999998,inf,1.0,309.9999999999999,0.9907407407407407,0.011383333333333332,0.1517,108,79,0,monthly_industry_30,monthly industry,epsilon_greedy_momentum,7,calibration,block,constant_a015,0.12133012345679012
0.024725751475302107,0.007721284594032969,0.04353927252869464,0.0435,0.0435,6.0,1.1071428571428568,0.9444444444444444,0.005846296296296298,0.21665185185185185,108,4,2,monthly_industry_30,monthly industry,epsilon_greedy_momentum,7,calibration,block,constant_a016,0.12133012345679012
0.0507791305653788,0.031431019188195124,0.07479652081806638,0.38060000000000005,0.38060000000000005,18.00000000000002,1.1071428571428568,0.8333333333333331,-0.0003518518518518532,0.29553703703703704,108,0,3,monthly_industry_30,monthly industry,epsilon_greedy_momentum,7,calibration,block,constant_a017,0.12133012345679012
0.01927887407407409,0.019278874074074057,0.019278874074074085,,inf,0.0,0.0,1.0,0.007457407407407407,0.13156296296296294,108,200,0,monthly_industry_30,monthly industry,epsilon_greedy_momentum,7,calibration,block,constant_a018,0.12133012345679012
0.01920323085439939,0.019051944415049964,0.019278874074074085,-0.011899999999999999,inf,1.0,1.1071428571428568,0.9907407407407407,0.008509259259259258,0.09720740740740741,108,91,0,monthly_industry_30,monthly industry,epsilon_greedy_momentum,7,calibration,block,constant_a019,0.12133012345679012
0.01927887407407409,0.019278874074074057,0.019278874074074085,,inf,0.0,0.0,1.0,0.01028611111111111,0.11100000000000002,108,200,0,monthly_industry_30,monthly industry,epsilon_greedy_momentum,7,calibration,block,constant_a020,0.12133012345679012
0.01927887407407409,0.019278874074074057,0.019278874074074085,,inf,0.0,0.0,1.0,0.008956481481481482,0.10537407407407408,108,200,0,monthly_industry_30,monthly industry,epsilon_greedy_momentum,7,calibration,block,constant_a021,0.12133012345679012
0.21272749675877736,-0.018828682469834636,0.8352941936018397,-0.0184,inf,1.0,309.9999999999999,0.9907407407407407,0.009407407407407408,0.13405555555555554,108,67,0,monthly_industry_30,monthly industry,epsilon_greedy_momentum,7,calibration,block,constant_a022,0.12133012345679012
0.01927887407407409,0.019278874074074057,0.019278874074074085,,inf,0.0,0.0,1.0,0.009435185185185184,0.1265962962962963,108,200,0,monthly_industry_30,monthly industry,epsilon_greedy_momentum,7,calibration,block,constant_a023,0.12133012345679012
0.020139609758965334,0.019232959690378207,0.021503685390946506,-0.014799999999999999,inf,3.0000000000000004,1.1071428571428568,0.9722222222222222,0.011483333333333335,0.11916296296296297,108,34,1,monthly_industry_30,monthly industry,epsilon_greedy_momentum,7,calibration,block,constant_a024,0.12133012345679012
0.01927887407407409,0.019278874074074057,0.019278874074074085,,inf,0.0,0.0,1.0,0.010116666666666666,0.11522222222222221,108,200,0,monthly_industry_30,monthly industry,epsilon_greedy_momentum,7,calibration,block,constant_a025,0.12133012345679012
0.01927887407407409,0.019278874074074057,0.019278874074074085,,inf,0.0,0.0,1.0,0.009475925925925928,0.09744814814814814,108,200,0,monthly_industry_30,monthly industry,epsilon_greedy_momentum,7,calibration,block,constant_a026,0.12133012345679012
-0.4706681405868705,-1.3755480724347302,0.15835248867490573,-0.05008752228163996,inf,2.0071364340788644,309.9999999999999,0.9814154033881587,0.011696296296296293,0.0864962962962963,108,11,1,monthly_industry_30,monthly industry,epsilon_greedy_momentum,7,calibration,block,constant_a027,0.12133012345679012
0.01927887407407409,0.019278874074074057,0.019278874074074085,,inf,0.0,0.0,1.0,0.0033916666666666683,0.17157407407407407,108,200,0,monthly_industry_30,monthly industry,epsilon_greedy_momentum,7,calibration,block,constant_a028,0.12133012345679012
0.01927887407407409,0.019278874074074057,0.019278874074074085,,inf,0.0,0.0,1.0,0.005977777777777777,0.14215185185185186,108,200,0,monthly_industry_30,monthly industry,epsilon_greedy_momentum,7,calibration,block,constant_a029,0.12133012345679012
0.01927887407407409,0.019278874074074057,0.019278874074074085,,inf,0.0,0.0,1.0,0.008955,0.12133012345679012,108,200,0,monthly_industry_30,monthly industry,epsilon_greedy_momentum,7,calibration,block,constant_equal_weight_public,0.12133012345679012
0.01564915965348304,-0.006814916080401192,0.03339210770524614,0.24199795918367348,0.32994210526315787,97.99999999999999,1.107142857142857,0.09259259259259267,0.013036111111111111,0.2308074074074074,108,0,4,monthly_industry_30,monthly industry,epsilon_greedy_momentum,7,calibration,block,momentum_12,0.12133012345679012
0.02029891260289546,0.014228474228932737,0.029159440302333514,,inf,0.0,0.0,1.0,0.009154320987654322,0.09146296296296295,108,200,0,monthly_industry_30,monthly industry,epsilon_greedy_momentum,7,calibration,block,low_vol_12,0.12133012345679012
0.03000521152862499,0.00806855032747336,0.050542022082108055,0.3514333333333333,0.38060000000000005,30.000000000000032,1.107142857142857,0.7222222222222219,0.0024592592592592587,0.2494555555555555,108,0,3,monthly_industry_30,monthly industry,epsilon_greedy_momentum,7,calibration,block,risk_adjusted_12,0.12133012345679012
-0.16615689194365063,-0.8317315533893064,0.18262312491684815,-0.0474787234042554,inf,1.0143108594168517,309.9999999999999,0.9906082327831773,0.011275000000000002,0.13378888888888887,108,11,0,monthly_industry_30,monthly industry,epsilon_greedy_momentum,7,calibration,block,ridge_return_train_only,0.12133012345679012
-0.09145238300653645,-0.31291489716775567,0.019278874074074075,0.029300000000000003,inf,1.0,309.99999999999994,0.9926470588235294,0.005722058823529412,0.07954117647058823,136,65,0,monthly_industry_30,monthly industry,epsilon_greedy_momentum,7,test,iid,constant_a000,0.12133012345679012
-0.01871883981783323,-0.28106227956076507,0.1349710320473032,0.0344,inf,2.0,309.9999999999999,0.9852941176470589,0.005813235294117649,0.08037058823529412,136,16,1,monthly_industry_30,monthly industry,epsilon_greedy_momentum,7,test,iid,constant_a001,0.12133012345679012
0.003935190400875033,-0.012458825840160672,0.019005526919636914,0.058399999999999994,0.0584,11.999999999999996,1.1071428571428565,0.9117647058823529,0.011203676470588236,0.12225294117647058,136,0,3,monthly_industry_30,monthly industry,epsilon_greedy_momentum,7,test,iid,constant_a002,0.12133012345679012
0.020593652046374086,0.01909616081096327,0.022379060346638655,0.003,0.003,5.000000000000001,1.1071428571428565,0.9632352941176471,0.012388235294117648,0.15730882352941175,136,0,2,monthly_industry_30,monthly industry,epsilon_greedy_momentum,7,test,iid,constant_a003,0.12133012345679012
-0.12951855947712354,-0.42711342657952,0.01927887407407407,0.046,inf,1.0,309.9999999999999,0.9926470588235294,0.0059507352941176464,0.1360823529411765,136,71,0,monthly_industry_30,monthly industry,epsilon_greedy_momentum,7,test,iid,constant_a004,0.12133012345679012
0.018792446638655445,0.017522373123054776,0.02031124087048708,0.0385,0.0385,7.000000000000001,1.1071428571428565,0.9485294117647058,0.005198529411764706,0.09060294117647058,136,0,2,monthly_industry_30,monthly industry,epsilon_greedy_momentum,7,test,iid,constant_a005,0.12133012345679012
-0.16439955613912194,-0.5373282927480153,0.01957374143323996,0.06371272084805663,0.1007,1.0215042791729907,309.9999999999999,0.992488939123728,0.004352205882352941,0.14798235294117645,136,4,0,monthly_industry_30,monthly industry,epsilon_greedy_momentum,7,test,iid,constant_a006,0.12133012345679012
0.019278874074074054,0.019278874074074064,0.019278874074074078,,inf,0.0,0.0,1.0,0.008147794117647059,0.0847264705882353,136,200,0,monthly_industry_30,monthly industry,epsilon_greedy_momentum,7,test,iid,constant_a007,0.12133012345679012
-0.08570569891067574,-0.3227130043572982,0.01927887407407407,0.0152,inf,2.0,309.9999999999999,0.9852941176470589,0.006644117647058825,0.12974411764705882,136,24,1,monthly_industry_30,monthly industry,epsilon_greedy_momentum,7,test,iid,constant_a008,0.12133012345679012
-0.2908992127277575,-0.8150541565849737,-0.02487140123647246,0.04053793103448276,0.1711,1.0725672745823231,309.9999999999999,0.9921134759221888,0.0021544117647058834,0.2105794117647059,136,0,0,monthly_industry_30,monthly industry,epsilon_greedy_momentum,7,test,iid,constant_a009,0.12133012345679012
0.052819946148459494,0.017409556580493302,0.12072367842242444,-0.018182517482517462,0.0842,1.0432364870035447,309.9999999999999,0.9923291434779151,0.01612941176470588,0.1451029411764706,136,0,0,monthly_industry_30,monthly industry,epsilon_greedy_momentum,7,test,iid,constant_a010,0.12133012345679012
0.019278874074074054,0.019278874074074064,0.019278874074074078,,inf,0.0,0.0,1.0,0.01574558823529412,0.17915,136,200,0,monthly_industry_30,monthly industry,epsilon_greedy_momentum,7,test,iid,constant_a011,0.12133012345679012
-0.22507586916433214,-0.9576587906471749,0.01947139348720043,0.08789999999999999,0.08789999999999999,1.0215042791729907,309.9999999999999,0.992488939123728,0.016123529411764703,0.12421176470588235,136,2,0,monthly_industry_30,monthly industry,epsilon_greedy_momentum,7,test,iid,constant_a012,0.12133012345679012
0.019278874074074054,0.019278874074074064,0.019278874074074078,,inf,0.0,0.0,1.0,0.012578676470588237,0.14005882352941176,136,200,0,monthly_industry_30,monthly industry,epsilon_greedy_momentum,7,test,iid,constant_a013,0.12133012345679012
0.024163167211328912,0.014414650234788363,0.036510890669351065,0.2351,0.2351,18.0,1.1071428571428565,0.8676470588235294,0.0199125,0.21385882352941174,136,0,3,monthly_industry_30,monthly industry,epsilon_greedy_momentum,7,test,iid,constant_a014,0.12133012345679012
0.08659854851514119,0.06553810560291211,0.11271412597629697,-0.032066666666666625,-0.0002,1.0359670939353356,309.99999999999994,0.9923825948975343,0.012144117647058823,0.14591176470588232,136,2,0,monthly_industry_30,monthly industry,epsilon_greedy_momentum,7,test,iid,constant_a015,0.12133012345679012
0.021498417774185763,0.010711295449762879,0.033176953403472924,0.1746,inf,3.0000000000000004,1.1071428571428568,0.9779411764705882,0.015613235294117645,0.13995294117647059,136,12,1,monthly_industry_30,monthly industry,epsilon_greedy_momentum,7,test,iid,constant_a016,0.12133012345679012
0.026209346098672145,0.012108028906045792,0.04011239481794879,0.12504545454545454,0.1293,33.00000000000002,1.1071428571428568,0.7573529411764705,0.009413235294117648,0.2893911764705882,136,0,3,monthly_industry_30,monthly industry,epsilon_greedy_momentum,7,test,iid,constant_a017,0.12133012345679012
0.019278874074074054,0.019278874074074064,0.019278874074074078,,inf,0.0,0.0,1.0,0.010013235294117651,0.17509411764705882,136,200,0,monthly_industry_30,monthly industry,epsilon_greedy_momentum,7,test,iid,constant_a018,0.12133012345679012
-0.04768767712418284,-0.18162077952069713,0.019278874074074075,0.0101,inf,1.0,309.99999999999994,0.9926470588235294,0.008348529411764708,0.08674705882352941,136,85,0,monthly_industry_30,monthly industry,epsilon_greedy_momentum,7,test,iid,constant_a019,0.12133012345679012
-0.3260038535947706,-1.3618520366013072,0.019278874074074075,0.1322,inf,1.0,309.99999999999994,0.9926470588235294,0.005097058823529412,0.1036735294117647,136,73,0,monthly_industry_30,monthly industry,epsilon_greedy_momentum,7,test,iid,constant_a020,0.12133012345679012
0.019278874074074054,0.019278874074074064,0.019278874074074078,,inf,0.0,0.0,1.0,0.014211029411764706,0.10055882352941177,136,200,0,monthly_industry_30,monthly industry,epsilon_greedy_momentum,7,test,iid,constant_a021,0.12133012345679012
-0.0013317304441900738,-0.009561019419456506,0.010460738197446305,0.0902,0.0902,6.0,1.1071428571428568,0.9558823529411765,0.020024264705882353,0.10592058823529413,136,0,2,monthly_industry_30,monthly industry,epsilon_greedy_momentum,7,test,iid,constant_a022,0.12133012345679012
0.019278874074074054,0.019278874074074064,0.019278874074074078,,inf,0.0,0.0,1.0,0.002658823529411765,0.10287058823529413,136,200,0,monthly_industry_30,monthly industry,epsilon_greedy_momentum,7,test,iid,constant_a023,0.12133012345679012
-0.1770619559912849,-0.5009663677559907,0.055075107625272526,0.056799999999999996,inf,2.9999999999999996,309.99999999999994,0.9779411764705882,0.008090441176470588,0.12422352941176472,136,14,1,monthly_industry_30,monthly industry,epsilon_greedy_momentum,7,test,iid,constant_a024,0.12133012345679012
-0.07823179477124242,-0.370763801307189,0.019278874074074075,0.0235,inf,1.0,309.99999999999994,0.9926470588235294,0.010133823529411765,0.10630294117647059,136,82,0,monthly_industry_30,monthly industry,epsilon_greedy_momentum,7,test,iid,constant_a025,0.12133012345679012
0.02367389449112973,0.017155093477279792,0.03379800497840802,-0.012290459363957586,0.09119999999999999,1.0215042791729907,309.99999999999994,0.992488939123728,0.012989705882352941,0.09431470588235294,136,3,0,monthly_industry_30,monthly industry,epsilon_greedy_momentum,7,test,iid,constant_a026,0.12133012345679012
0.005320000629417507,-0.2602724580231966,0.14629553939108725,-0.006999999999999999,inf,1.0,309.99999999999994,0.9926470588235294,0.01041985294117647,0.09985882352941176,136,70,0,monthly_industry_30,monthly industry,epsilon_greedy_momentum,7,test,iid,constant_a027,0.12133012345679012
0.18809980871459783,0.019278874074074078,0.4446566647603489,-0.025,-0.025,3.0,309.99999999999994,0.9779411764705882,0.011051470588235293,0.1126235294117647,136,6,1,monthly_industry_30,monthly industry,epsilon_greedy_momentum,7,test,iid,constant_a028,0.12133012345679012
0.019278874074074054,0.019278874074074064,0.019278874074074078,,inf,0.0,0.0,1.0,0.008997058823529412,0.08895882352941176,136,200,0,monthly_industry_30,monthly industry,epsilon_greedy_momentum,7,test,iid,constant_a029,0.12133012345679012
0.019278874074074054,0.019278874074074064,0.019278874074074078,,inf,0.0,0.0,1.0,0.01024235294117647,0.10200901960784312,136,200,0,monthly_industry_30,monthly industry,epsilon_greedy_momentum,7,test,iid,constant_equal_weight_public,0.12133012345679012
0.0248642922107902,0.01009129831363103,0.03966977934041735,0.15893859649122805,0.2015522522522522,114.00000000000016,1.107142857142857,0.1617647058823518,0.02070735294117647,0.17675588235294115,136,0,4,monthly_industry_30,monthly industry,epsilon_greedy_momentum,7,test,iid,momentum_12,0.12133012345679012
-0.4988470615545759,-1.4249680937931923,0.02273156765300901,0.1322,inf,2.9999999999999996,309.99999999999994,0.9779411764705882,0.006003799019607842,0.08625,136,12,1,monthly_industry_30,monthly industry,epsilon_greedy_momentum,7,test,iid,low_vol_12,0.12133012345679012
0.024013497208954935,0.01566668337318553,0.03519746757813353,0.15086097560975611,0.1746,40.99999999999997,1.1071428571428568,0.6985294117647061,0.015530686274509806,0.1313264705882353,136,0,3,monthly_industry_30,monthly industry,epsilon_greedy_momentum,7,test,iid,risk_adjusted_12,0.12133012345679012
0.15182044158933938,0.13961907093138543,0.16289788541914518,0.07200000000000001,0.07200000000000001,8.000000000000004,1.1071428571428568,0.9411764705882353,0.009743382352941176,0.13883823529411765,136,0,2,monthly_industry_30,monthly industry,epsilon_greedy_momentum,7,test,iid,ridge_return_train_only,0.12133012345679012
-0.09145238300653645,-0.31291489716775567,0.019278874074074075,0.029300000000000003,inf,1.0,309.99999999999994,0.9926470588235294,0.005722058823529412,0.07954117647058823,136,71,0,monthly_industry_30,monthly industry,epsilon_greedy_momentum,7,test,block,constant_a000,0.12133012345679012
-0.01871883981783323,-0.2823650525360143,0.17124252694757044,0.0344,inf,2.0,309.9999999999999,0.9852941176470589,0.005813235294117649,0.08037058823529412,136,17,1,monthly_industry_30,monthly industry,epsilon_greedy_momentum,7,test,block,constant_a001,0.12133012345679012
0.003935190400875033,-0.022344192072482488,0.032469383076259184,0.058399999999999994,0.0584,11.999999999999996,1.1071428571428565,0.9117647058823529,0.011203676470588236,0.12225294117647058,136,0,3,monthly_industry_30,monthly industry,epsilon_greedy_momentum,7,test,block,constant_a002,0.12133012345679012
0.020593652046374086,0.01915140816215375,0.022706838992569242,0.003,0.003,5.000000000000001,1.1071428571428565,0.9632352941176471,0.012388235294117648,0.15730882352941175,136,1,2,monthly_industry_30,monthly industry,epsilon_greedy_momentum,7,test,block,constant_a003,0.12133012345679012
-0.12951855947712354,-0.42711342657952,0.019278874074074075,0.046,inf,1.0,309.9999999999999,0.9926470588235294,0.0059507352941176464,0.1360823529411765,136,70,0,monthly_industry_30,monthly industry,epsilon_greedy_momentum,7,test,block,constant_a004,0.12133012345679012
0.018792446638655445,0.01768377814347961,0.019687585869903518,0.0385,0.0385,7.000000000000001,1.1071428571428565,0.9485294117647058,0.005198529411764706,0.09060294117647058,136,5,2,monthly_industry_30,monthly industry,epsilon_greedy_momentum,7,test,block,constant_a005,0.12133012345679012
-0.16439955613912194,-0.5314631294477506,0.01986860879240585,0.06371272084805663,0.1007,1.0215042791729907,309.9999999999999,0.992488939123728,0.004352205882352941,0.14798235294117645,136,5,0,monthly_industry_30,monthly industry,epsilon_greedy_momentum,7,test,block,constant_a006,0.12133012345679012
0.019278874074074054,0.019278874074074064,0.019278874074074078,,inf,0.0,0.0,1.0,0.008147794117647059,0.0847264705882353,136,200,0,monthly_industry_30,monthly industry,epsilon_greedy_momentum,7,test,block,constant_a007,0.12133012345679012
-0.08570569891067574,-0.24412145315904107,0.01927887407407407,0.0152,inf,2.0,309.9999999999999,0.9852941176470589,0.006644117647058825,0.12974411764705882,136,19,1,monthly_industry_30,monthly industry,epsilon_greedy_momentum,7,test,block,constant_a008,0.12133012345679012
-0.2908992127277575,-0.8103023333300707,-0.017956854401446815,0.04053793103448276,0.1711,1.0725672745823231,309.9999999999999,0.9921134759221888,0.0021544117647058834,0.2105794117647059,136,1,0,monthly_industry_30,monthly industry,epsilon_greedy_momentum,7,test,block,constant_a009,0.12133012345679012
0.052819946148459494,0.01740769595938375,0.11910072693432916,-0.018182517482517462,0.0842,1.0432364870035447,309.9999999999999,0.9923291434779151,0.01612941176470588,0.1451029411764706,136,0,0,monthly_industry_30,monthly industry,epsilon_greedy_momentum,7,test,block,constant_a010,0.12133012345679012
0.019278874074074054,0.019278874074074064,0.019278874074074078,,inf,0.0,0.0,1.0,0.01574558823529412,0.17915,136,200,0,monthly_industry_30,monthly industry,epsilon_greedy_momentum,7,test,block,constant_a011,0.12133012345679012
-0.22507586916433214,-0.9578948109453773,0.019375106979458448,0.08789999999999999,0.08789999999999999,1.0215042791729907,309.9999999999999,0.992488939123728,0.016123529411764703,0.12421176470588235,136,4,0,monthly_industry_30,monthly industry,epsilon_greedy_momentum,7,test,block,constant_a012,0.12133012345679012
0.019278874074074054,0.019278874074074064,0.019278874074074078,,inf,0.0,0.0,1.0,0.012578676470588237,0.14005882352941176,136,200,0,monthly_industry_30,monthly industry,epsilon_greedy_momentum,7,test,block,constant_a013,0.12133012345679012
0.024163167211328912,0.013592830562363841,0.03585347606092436,0.2351,0.23510000000000003,18.0,1.1071428571428565,0.8676470588235294,0.0199125,0.21385882352941174,136,0,3,monthly_industry_30,monthly industry,epsilon_greedy_momentum,7,test,block,constant_a014,0.12133012345679012
0.08659854851514119,0.06265022517787897,0.11737097079641952,-0.032066666666666625,-0.0002,1.0359670939353356,309.99999999999994,0.9923825948975343,0.012144117647058823,0.14591176470588232,136,3,0,monthly_industry_30,monthly industry,epsilon_greedy_momentum,7,test,block,constant_a015,0.12133012345679012
0.021498417774185763,0.011830754515643945,0.0320768002140236,0.1746,inf,3.0000000000000004,1.1071428571428568,0.9779411764705882,0.015613235294117645,0.13995294117647059,136,29,1,monthly_industry_30,monthly industry,epsilon_greedy_momentum,7,test,block,constant_a016,0.12133012345679012
0.026209346098672145,0.012489040342980293,0.04245167130227508,0.12504545454545454,0.1293,33.00000000000002,1.1071428571428568,0.7573529411764705,0.009413235294117648,0.2893911764705882,136,0,3,monthly_industry_30,monthly industry,epsilon_greedy_momentum,7,test,block,constant_a017,0.12133012345679012
0.019278874074074054,0.019278874074074064,0.019278874074074078,,inf,0.0,0.0,1.0,0.010013235294117651,0.17509411764705882,136,200,0,monthly_industry_30,monthly industry,epsilon_greedy_momentum,7,test,block,constant_a018,0.12133012345679012
-0.04768767712418284,-0.18162077952069716,0.019278874074074075,0.0101,inf,1.0,309.99999999999994,0.9926470588235294,0.008348529411764708,0.08674705882352941,136,82,0,monthly_industry_30,monthly industry,epsilon_greedy_momentum,7,test,block,constant_a019,0.12133012345679012
-0.3260038535947706,-1.016569308932462,0.019278874074074075,0.1322,inf,1.0,309.99999999999994,0.9926470588235294,0.005097058823529412,0.1036735294117647,136,74,0,monthly_industry_30,monthly industry,epsilon_greedy_momentum,7,test,block,constant_a020,0.12133012345679012
0.019278874074074054,0.019278874074074064,0.019278874074074078,,inf,0.0,0.0,1.0,0.014211029411764706,0.10055882352941177,136,200,0,monthly_industry_30,monthly industry,epsilon_greedy_momentum,7,test,block,constant_a021,0.12133012345679012
-0.0013317304441900738,-0.014185152723750961,0.01357483365419278,0.0902,0.0902,6.0,1.1071428571428568,0.9558823529411765,0.020024264705882353,0.10592058823529413,136,3,2,monthly_industry_30,monthly industry,epsilon_greedy_momentum,7,test,block,constant_a022,0.12133012345679012
0.019278874074074054,0.019278874074074064,0.019278874074074078,,inf,0.0,0.0,1.0,0.002658823529411765,0.10287058823529413,136,200,0,monthly_industry_30,monthly industry,epsilon_greedy_momentum,7,test,block,constant_a023,0.12133012345679012
-0.1770619559912849,-0.5588185626906313,0.08912518344226578,0.056799999999999996,inf,2.9999999999999996,309.99999999999994,0.9779411764705882,0.008090441176470588,0.12422352941176472,136,17,1,monthly_industry_30,monthly industry,epsilon_greedy_momentum,7,test,block,constant_a024,0.12133012345679012
-0.07823179477124242,-0.37076380130718894,0.019278874074074075,0.0235,inf,1.0,309.99999999999994,0.9926470588235294,0.010133823529411765,0.10630294117647059,136,73,0,monthly_industry_30,monthly industry,epsilon_greedy_momentum,7,test,block,constant_a025,0.12133012345679012
0.02367389449112973,0.017727662385815433,0.037491202195572684,-0.012290459363957586,0.09119999999999999,1.0215042791729907,309.99999999999994,0.992488939123728,0.012989705882352941,0.09431470588235294,136,5,0,monthly_industry_30,monthly industry,epsilon_greedy_momentum,7,test,block,constant_a026,0.12133012345679012
0.005320000629417507,-0.25831493817894663,0.1522228531866654,-0.006999999999999999,inf,1.0,309.99999999999994,0.9926470588235294,0.01041985294117647,0.09985882352941176,136,77,0,monthly_industry_30,monthly industry,epsilon_greedy_momentum,7,test,block,constant_a027,0.12133012345679012
0.18809980871459783,0.01927887407407407,0.42528166476034884,-0.025,inf,3.0,309.99999999999994,0.9779411764705882,0.011051470588235293,0.1126235294117647,136,10,1,monthly_industry_30,monthly industry,epsilon_greedy_momentum,7,test,block,constant_a028,0.12133012345679012
0.019278874074074054,0.019278874074074064,0.019278874074074078,,inf,0.0,0.0,1.0,0.008997058823529412,0.08895882352941176,136,200,0,monthly_industry_30,monthly industry,epsilon_greedy_momentum,7,test,block,constant_a029,0.12133012345679012
0.019278874074074054,0.019278874074074064,0.019278874074074078,,inf,0.0,0.0,1.0,0.01024235294117647,0.10200901960784312,136,200,0,monthly_industry_30,monthly industry,epsilon_greedy_momentum,7,test,block,constant_equal_weight_public,0.12133012345679012
0.0248642922107902,0.010380362038787554,0.043398984153933035,0.15893859649122805,0.20601228070175437,114.00000000000016,1.107142857142857,0.1617647058823518,0.02070735294117647,0.17675588235294115,136,0,4,monthly_industry_30,monthly industry,epsilon_greedy_momentum,7,test,block,momentum_12,0.12133012345679012
-0.4988470615545759,-1.371084863016055,0.02459854681002321,0.1322,inf,2.9999999999999996,309.99999999999994,0.9779411764705882,0.006003799019607842,0.08625,136,14,1,monthly_industry_30,monthly industry,epsilon_greedy_momentum,7,test,block,low_vol_12,0.12133012345679012
0.024013497208954935,0.01329817247915541,0.03382601375951972,0.15086097560975611,0.1746,40.99999999999997,1.1071428571428568,0.6985294117647061,0.015530686274509806,0.1313264705882353,136,0,3,monthly_industry_30,monthly industry,epsilon_greedy_momentum,7,test,block,risk_adjusted_12,0.12133012345679012
0.15182044158933938,0.13897489848870218,0.1665027649639426,0.07200000000000001,0.07200000000000001,8.000000000000004,1.1071428571428568,0.9411764705882353,0.009743382352941176,0.13883823529411765,136,1,2,monthly_industry_30,monthly industry,epsilon_greedy_momentum,7,test,block,ridge_return_train_only,0.12133012345679012
0.0173130222222222,0.017313022222222203,0.017313022222222214,,inf,0.0,0.0,1.0,0.009589814814814813,0.0832074074074074,108,200,0,monthly_industry_30,monthly industry,epsilon_greedy_momentum,17,calibration,iid,constant_a000,0.12133012345679012
0.03434678591197641,0.0213431346262082,0.04539647856161264,0.0167,inf,2.0,1.1071428571428565,0.9814814814814815,0.011237037037037037,0.08046666666666666,108,21,1,monthly_industry_30,monthly industry,epsilon_greedy_momentum,17,calibration,iid,constant_a001,0.12133012345679012
0.04390209903113578,0.03231344866514091,0.058081385769340084,0.0733,0.0733,10.999999999999998,1.1071428571428565,0.8981481481481481,0.01357037037037037,0.08148518518518519,108,0,3,monthly_industry_30,monthly industry,epsilon_greedy_momentum,17,calibration,iid,constant_a002,0.12133012345679012
0.168999144547325,0.013812020501175765,0.47458616167879186,-0.029220415224913483,0.05750000000000001,1.065196597329388,309.9999999999999,0.9901370685432465,0.009954629629629631,0.2067925925925926,108,0,0,monthly_industry_30,monthly industry,epsilon_greedy_momentum,17,calibration,iid,constant_a003,0.12133012345679012
-0.2536873193415639,-0.8024630110082287,0.017313022222222214,0.0771,inf,1.0,309.9999999999999,0.9907407407407407,0.0031333333333333348,0.1556074074074074,108,80,0,monthly_industry_30,monthly industry,epsilon_greedy_momentum,17,calibration,iid,constant_a004,0.12133012345679012
0.0173130222222222,0.017313022222222203,0.017313022222222214,,inf,0.0,0.0,1.0,0.007787037037037038,0.10028888888888889,108,200,0,monthly_industry_30,monthly industry,epsilon_greedy_momentum,17,calibration,iid,constant_a005,0.12133012345679012
0.23398189168739922,-0.04512548566532794,0.7767532016479537,-0.05704310954063611,0.05139999999999999,1.0215042791729902,309.9999999999999,0.9905416270446945,0.012547222222222222,0.13836666666666664,108,2,0,monthly_industry_30,monthly industry,epsilon_greedy_momentum,17,calibration,iid,constant_a006,0.12133012345679012
0.0019373475308641875,-0.03924112388778656,0.01731302222222221,-0.002386524822695031,inf,1.0143108594168517,309.9999999999999,0.9906082327831773,0.010110185185185182,0.08343333333333333,108,14,0,monthly_industry_30,monthly industry,epsilon_greedy_momentum,17,calibration,iid,constant_a007,0.12133012345679012
0.0173130222222222,0.017313022222222203,0.017313022222222214,,inf,0.0,0.0,1.0,0.01219907407407408,0.1576222222222222,108,200,0,monthly_industry_30,monthly industry,epsilon_greedy_momentum,17,calibration,iid,constant_a008,0.12133012345679012
0.02678437051776442,0.014508662949966125,0.04058099653796256,0.13450434782608695,0.1461,23.000000000000007,1.1071428571428565,0.787037037037037,0.01513333333333333,0.24232222222222222,108,0,3,monthly_industry_30,monthly industry,epsilon_greedy_momentum,17,calibration,iid,constant_a009,0.12133012345679012
0.017476909891240424,0.017313022222222203,0.017804685229276883,-0.0333,inf,1.0,1.1071428571428565,0.9907407407407407,0.004490740740740739,0.16894074074074072,108,83,0,monthly_industry_30,monthly industry,epsilon_greedy_momentum,17,calibration,iid,constant_a010,0.12133012345679012
0.017541183406819497,0.014518821116255135,0.02055947772192827,0.0475,0.0475,10.999999999999998,1.1071428571428565,0.8981481481481481,0.005515740740740741,0.23192222222222222,108,0,3,monthly_industry_30,monthly industry,epsilon_greedy_momentum,17,calibration,iid,constant_a011,0.12133012345679012
0.016528529041740132,0.014959542680776004,0.01731302222222221,0.0583,inf,2.0,1.1071428571428565,0.9814814814814815,0.01081574074074074,0.17674444444444445,108,32,1,monthly_industry_30,monthly industry,epsilon_greedy_momentum,17,calibration,iid,constant_a012,0.12133012345679012
0.0173130222222222,0.017313022222222203,0.017313022222222214,,inf,0.0,0.0,1.0,0.009680555555555555,0.16028888888888887,108,200,0,monthly_industry_30,monthly industry,epsilon_greedy_momentum,17,calibration,iid,constant_a013,0.12133012345679012
0.01850471707818928,0.017145888004850077,0.020544629990814217,-0.0014000000000000002,-0.0014000000000000002,4.0,1.1071428571428565,0.962962962962963,0.009813888888888888,0.1906925925925926,108,9,1,monthly_industry_30,monthly industry,epsilon_greedy_momentum,17,calibration,iid,constant_a014,0.12133012345679012
-0.30994657860082125,-0.9644657802469122,0.017313022222222214,0.0967,inf,1.0,309.99999999999994,0.9907407407407407,0.011383333333333332,0.1517,108,75,0,monthly_industry_30,monthly industry,epsilon_greedy_momentum,17,calibration,iid,constant_a015,0.12133012345679012
0.052574683133365364,0.03564927884760293,0.0692021950598049,0.1149,0.11490000000000002,8.0,1.1071428571428568,0.9259259259259259,0.005846296296296298,0.21665185185185185,108,0,2,monthly_industry_30,monthly industry,epsilon_greedy_momentum,17,calibration,iid,constant_a016,0.12133012345679012
0.002016965100205374,-0.015569144402500965,0.021506448995515605,0.38060000000000005,0.38060000000000005,18.00000000000002,1.1071428571428568,0.8333333333333331,-0.0003518518518518532,0.29553703703703704,108,0,3,monthly_industry_30,monthly industry,epsilon_greedy_momentum,17,calibration,iid,constant_a017,0.12133012345679012
0.0173130222222222,0.017313022222222203,0.017313022222222214,,inf,0.0,0.0,1.0,0.007457407407407407,0.13156296296296294,108,200,0,monthly_industry_30,monthly industry,epsilon_greedy_momentum,17,calibration,iid,constant_a018,0.12133012345679012
0.01725753158436212,0.01709105967078188,0.01731302222222221,-0.011899999999999999,inf,1.0,1.1071428571428568,0.9907407407407407,0.008509259259259258,0.09720740740740741,108,63,0,monthly_industry_30,monthly industry,epsilon_greedy_momentum,17,calibration,iid,constant_a019,0.12133012345679012
-0.3286039860082281,-1.0204380024691342,0.01731302222222221,0.1032,inf,1.0,309.9999999999999,0.9907407407407407,0.01028611111111111,0.11100000000000002,108,75,0,monthly_industry_30,monthly industry,epsilon_greedy_momentum,17,calibration,iid,constant_a020,0.12133012345679012
0.0173130222222222,0.017313022222222203,0.017313022222222214,,inf,0.0,0.0,1.0,0.008956481481481482,0.10537407407407408,108,200,0,monthly_industry_30,monthly industry,epsilon_greedy_momentum,17,calibration,iid,constant_a021,0.12133012345679012
0.023272838115555344,0.008940044408864927,0.03919709206764194,,inf,0.0,0.0,1.0,0.009407407407407408,0.13405555555555554,108,200,0,monthly_industry_30,monthly industry,epsilon_greedy_momentum,17,calibration,iid,constant_a022,0.12133012345679012
0.0173130222222222,0.017313022222222203,0.017313022222222214,,inf,0.0,0.0,1.0,0.009435185185185184,0.1265962962962963,108,200,0,monthly_industry_30,monthly industry,epsilon_greedy_momentum,17,calibration,iid,constant_a023,0.12133012345679012
0.018234215652557298,0.01728661637529393,0.019650752998236324,-0.014799999999999999,inf,3.0000000000000004,1.1071428571428568,0.9722222222222222,0.011483333333333335,0.11916296296296297,108,10,1,monthly_industry_30,monthly industry,epsilon_greedy_momentum,17,calibration,iid,constant_a024,0.12133012345679012
0.013831199176954712,0.0033857300411522374,0.01731302222222221,-0.0161,inf,1.0,309.9999999999999,0.9907407407407407,0.010116666666666666,0.11522222222222221,108,71,0,monthly_industry_30,monthly industry,epsilon_greedy_momentum,17,calibration,iid,constant_a025,0.12133012345679012
0.0173130222222222,0.017313022222222203,0.017313022222222214,,inf,0.0,0.0,1.0,0.009475925925925928,0.09744814814814814,108,200,0,monthly_industry_30,monthly industry,epsilon_greedy_momentum,17,calibration,iid,constant_a026,0.12133012345679012
-0.07640449945679857,-0.08614564008330211,-0.06584994273573558,0.031400000000000004,inf,2.0,1.107142857142857,0.9814814814814815,0.011696296296296293,0.0864962962962963,108,25,1,monthly_industry_30,monthly industry,epsilon_greedy_momentum,17,calibration,iid,constant_a027,0.12133012345679012
0.0173130222222222,0.017313022222222203,0.017313022222222214,,inf,0.0,0.0,1.0,0.0033916666666666683,0.17157407407407407,108,200,0,monthly_industry_30,monthly industry,epsilon_greedy_momentum,17,calibration,iid,constant_a028,0.12133012345679012
0.0173130222222222,0.017313022222222203,0.017313022222222214,,inf,0.0,0.0,1.0,0.005977777777777777,0.14215185185185186,108,200,0,monthly_industry_30,monthly industry,epsilon_greedy_momentum,17,calibration,iid,constant_a029,0.12133012345679012
0.017199100411522603,0.01697125679012341,0.017313022222222214,-0.01727333333333333,inf,1.0,309.9999999999999,0.9907407407407407,0.008955,0.12133012345679012,108,79,0,monthly_industry_30,monthly industry,epsilon_greedy_momentum,17,calibration,iid,constant_equal_weight_public,0.12133012345679012
0.013940985530603387,-0.005679481569840276,0.033915285436530135,0.23282000000000003,0.3261647058823529,100.0,1.107142857142857,0.07407407407407407,0.013036111111111111,0.2308074074074074,108,0,4,monthly_industry_30,monthly industry,epsilon_greedy_momentum,17,calibration,iid,momentum_12,0.12133012345679012
0.012538367816915854,0.007914069688539301,0.01657496525189588,,inf,0.0,0.0,1.0,0.009154320987654322,0.09146296296296295,108,200,0,monthly_industry_30,monthly industry,epsilon_greedy_momentum,17,calibration,iid,low_vol_12,0.12133012345679012
0.003908619892934274,-0.012936900415080032,0.02105676437180902,0.3431,0.38060000000000005,35.00000000000001,1.107142857142857,0.6759259259259258,0.0024592592592592587,0.2494555555555555,108,0,3,monthly_industry_30,monthly industry,epsilon_greedy_momentum,17,calibration,iid,risk_adjusted_12,0.12133012345679012
0.11939557372897341,0.10519749732950759,0.13169289291376748,0.29309999999999997,0.29309999999999997,7.000000000000003,1.1071428571428568,0.9351851851851851,0.011225925925925927,0.20785555555555554,108,0,2,monthly_industry_30,monthly industry,epsilon_greedy_momentum,17,calibration,iid,ridge_return_train_only,0.12133012345679012
0.0173130222222222,0.017313022222222203,0.017313022222222214,,inf,0.0,0.0,1.0,0.009589814814814813,0.0832074074074074,108,200,0,monthly_industry_30,monthly industry,epsilon_greedy_momentum,17,calibration,block,constant_a000,0.12133012345679012
0.03434678591197641,0.015930350291982757,0.05568498213240285,0.0167,inf,2.0,1.1071428571428565,0.9814814814814815,0.011237037037037037,0.08046666666666666,108,22,1,monthly_industry_30,monthly industry,epsilon_greedy_momentum,17,calibration,block,constant_a001,0.12133012345679012
0.04390209903113578,0.030735168123084775,0.05839231205978511,0.0733,0.0733,10.999999999999998,1.1071428571428565,0.8981481481481481,0.01357037037037037,0.08148518518518519,108,0,3,monthly_industry_30,monthly industry,epsilon_greedy_momentum,17,calibration,block,constant_a002,0.12133012345679012
0.168999144547325,0.014437408676146374,0.4791154911375669,-0.029220415224913483,0.05750000000000001,1.065196597329388,309.9999999999999,0.9901370685432465,0.009954629629629631,0.2067925925925926,108,0,0,monthly_industry_30,monthly industry,epsilon_greedy_momentum,17,calibration,block,constant_a003,0.12133012345679012
-0.2536873193415639,-1.0666883440329196,0.01731302222222221,0.0771,inf,1.0,309.9999999999999,0.9907407407407407,0.0031333333333333348,0.1556074074074074,108,67,0,monthly_industry_30,monthly industry,epsilon_greedy_momentum,17,calibration,block,constant_a004,0.12133012345679012
0.0173130222222222,0.017313022222222203,0.017313022222222214,,inf,0.0,0.0,1.0,0.007787037037037038,0.10028888888888889,108,200,0,monthly_industry_30,monthly industry,epsilon_greedy_momentum,17,calibration,block,constant_a005,0.12133012345679012
0.23398189168739922,-0.04785292053589369,0.7871577361892239,-0.05704310954063611,inf,1.0215042791729902,309.9999999999999,0.9905416270446945,0.012547222222222222,0.13836666666666664,108,11,0,monthly_industry_30,monthly industry,epsilon_greedy_momentum,17,calibration,block,constant_a006,0.12133012345679012
0.0019373475308641875,-0.026252281427836532,0.017313022222222207,-0.002386524822695031,inf,1.0143108594168517,309.9999999999999,0.9906082327831773,0.010110185185185182,0.08343333333333333,108,13,0,monthly_industry_30,monthly industry,epsilon_greedy_momentum,17,calibration,block,constant_a007,0.12133012345679012
0.0173130222222222,0.017313022222222203,0.017313022222222214,,inf,0.0,0.0,1.0,0.01219907407407408,0.1576222222222222,108,200,0,monthly_industry_30,monthly industry,epsilon_greedy_momentum,17,calibration,block,constant_a008,0.12133012345679012
0.02678437051776442,0.005881721824209781,0.04534375739398996,0.13450434782608695,0.1461,23.000000000000007,1.1071428571428565,0.787037037037037,0.01513333333333333,0.24232222222222222,108,0,3,monthly_industry_30,monthly industry,epsilon_greedy_momentum,17,calibration,block,constant_a009,0.12133012345679012
0.017476909891240424,0.017313022222222203,0.017804685229276883,-0.0333,inf,1.0,1.1071428571428565,0.9907407407407407,0.004490740740740739,0.16894074074074072,108,72,0,monthly_industry_30,monthly industry,epsilon_greedy_momentum,17,calibration,block,constant_a010,0.12133012345679012
0.017541183406819497,0.01453201107179599,0.020577406385582014,0.0475,0.0475,10.999999999999998,1.1071428571428565,0.8981481481481481,0.005515740740740741,0.23192222222222222,108,0,3,monthly_industry_30,monthly industry,epsilon_greedy_momentum,17,calibration,block,constant_a011,0.12133012345679012
0.016528529041740132,0.014193768871252196,0.01731302222222221,0.0583,inf,2.0,1.1071428571428565,0.9814814814814815,0.01081574074074074,0.17674444444444445,108,35,1,monthly_industry_30,monthly industry,epsilon_greedy_momentum,17,calibration,block,constant_a012,0.12133012345679012
0.0173130222222222,0.017313022222222203,0.017313022222222214,,inf,0.0,0.0,1.0,0.009680555555555555,0.16028888888888887,108,200,0,monthly_industry_30,monthly industry,epsilon_greedy_momentum,17,calibration,block,constant_a013,0.12133012345679012
0.01850471707818928,0.016989705070546722,0.020342593174603178,-0.0014000000000000002,-0.0014000000000000002,4.0,1.1071428571428565,0.962962962962963,0.009813888888888888,0.1906925925925926,108,4,1,monthly_industry_30,monthly industry,epsilon_greedy_momentum,17,calibration,block,constant_a014,0.12133012345679012
-0.30994657860082125,-0.9644657802469125,0.01731302222222221,0.0967,inf,1.0,309.99999999999994,0.9907407407407407,0.011383333333333332,0.1517,108,81,0,monthly_industry_30,monthly industry,epsilon_greedy_momentum,17,calibration,block,constant_a015,0.12133012345679012
0.052574683133365364,0.02822759771122241,0.07949268032827968,0.1149,0.11490000000000002,8.0,1.1071428571428568,0.9259259259259259,0.005846296296296298,0.21665185185185185,108,3,2,monthly_industry_30,monthly industry,epsilon_greedy_momentum,17,calibration,block,constant_a016,0.12133012345679012
0.002016965100205374,-0.02078359917734434,0.0228611537957538,0.38060000000000005,0.38060000000000005,18.00000000000002,1.1071428571428568,0.8333333333333331,-0.0003518518518518532,0.29553703703703704,108,0,3,monthly_industry_30,monthly industry,epsilon_greedy_momentum,17,calibration,block,constant_a017,0.12133012345679012
0.0173130222222222,0.017313022222222203,0.017313022222222214,,inf,0.0,0.0,1.0,0.007457407407407407,0.13156296296296294,108,200,0,monthly_industry_30,monthly industry,epsilon_greedy_momentum,17,calibration,block,constant_a018,0.12133012345679012
0.01725753158436212,0.01714655030864196,0.01731302222222221,-0.011899999999999999,inf,1.0,1.1071428571428568,0.9907407407407407,0.008509259259259258,0.09720740740740741,108,75,0,monthly_industry_30,monthly industry,epsilon_greedy_momentum,17,calibration,block,constant_a019,0.12133012345679012
-0.3286039860082281,-1.0204380024691342,0.017313022222222214,0.1032,inf,1.0,309.9999999999999,0.9907407407407407,0.01028611111111111,0.11100000000000002,108,76,0,monthly_industry_30,monthly industry,epsilon_greedy_momentum,17,calibration,block,constant_a020,0.12133012345679012
0.0173130222222222,0.017313022222222203,0.017313022222222214,,inf,0.0,0.0,1.0,0.008956481481481482,0.10537407407407408,108,200,0,monthly_industry_30,monthly industry,epsilon_greedy_momentum,17,calibration,block,constant_a021,0.12133012345679012
0.023272838115555344,0.002681842487782067,0.04338423125298684,,inf,0.0,0.0,1.0,0.009407407407407408,0.13405555555555554,108,200,0,monthly_industry_30,monthly industry,epsilon_greedy_momentum,17,calibration,block,constant_a022,0.12133012345679012
0.0173130222222222,0.017313022222222203,0.017313022222222214,,inf,0.0,0.0,1.0,0.009435185185185184,0.1265962962962963,108,200,0,monthly_industry_30,monthly industry,epsilon_greedy_momentum,17,calibration,block,constant_a023,0.12133012345679012
0.018234215652557298,0.017287260420340962,0.020102364315108746,-0.014799999999999999,inf,3.0000000000000004,1.1071428571428568,0.9722222222222222,0.011483333333333335,0.11916296296296297,108,45,1,monthly_industry_30,monthly industry,epsilon_greedy_momentum,17,calibration,block,constant_a024,0.12133012345679012
0.013831199176954712,0.0067805075102880434,0.01731302222222221,-0.0161,inf,1.0,309.9999999999999,0.9907407407407407,0.010116666666666666,0.11522222222222221,108,65,0,monthly_industry_30,monthly industry,epsilon_greedy_momentum,17,calibration,block,constant_a025,0.12133012345679012
0.0173130222222222,0.017313022222222203,0.017313022222222214,,inf,0.0,0.0,1.0,0.009475925925925928,0.09744814814814814,108,200,0,monthly_industry_30,monthly industry,epsilon_greedy_momentum,17,calibration,block,constant_a026,0.12133012345679012
-0.07640449945679857,-0.09033375903239979,-0.06053929713880398,0.031400000000000004,inf,2.0,1.107142857142857,0.9814814814814815,0.011696296296296293,0.0864962962962963,108,47,1,monthly_industry_30,monthly industry,epsilon_greedy_momentum,17,calibration,block,constant_a027,0.12133012345679012
0.0173130222222222,0.017313022222222203,0.017313022222222214,,inf,0.0,0.0,1.0,0.0033916666666666683,0.17157407407407407,108,200,0,monthly_industry_30,monthly industry,epsilon_greedy_momentum,17,calibration,block,constant_a028,0.12133012345679012
0.0173130222222222,0.017313022222222203,0.017313022222222214,,inf,0.0,0.0,1.0,0.005977777777777777,0.14215185185185186,108,200,0,monthly_industry_30,monthly industry,epsilon_greedy_momentum,17,calibration,block,constant_a029,0.12133012345679012
0.017199100411522603,0.016971256790123408,0.01731302222222221,-0.01727333333333333,inf,1.0,309.9999999999999,0.9907407407407407,0.008955,0.12133012345679012,108,71,0,monthly_industry_30,monthly industry,epsilon_greedy_momentum,17,calibration,block,constant_equal_weight_public,0.12133012345679012
0.013940985530603387,-0.009883911397286874,0.034203591579070325,0.23282000000000003,0.34508019801980194,100.0,1.107142857142857,0.07407407407407407,0.013036111111111111,0.2308074074074074,108,0,4,monthly_industry_30,monthly industry,epsilon_greedy_momentum,17,calibration,block,momentum_12,0.12133012345679012
0.012538367816915854,0.004465653790912137,0.01719450866033832,,inf,0.0,0.0,1.0,0.009154320987654322,0.09146296296296295,108,200,0,monthly_industry_30,monthly industry,epsilon_greedy_momentum,17,calibration,block,low_vol_12,0.12133012345679012
0.003908619892934274,-0.017323292584881064,0.021191748536891118,0.3431,0.38060000000000005,35.00000000000001,1.107142857142857,0.6759259259259258,0.0024592592592592587,0.2494555555555555,108,0,3,monthly_industry_30,monthly industry,epsilon_greedy_momentum,17,calibration,block,risk_adjusted_12,0.12133012345679012
0.11939557372897341,0.10706523312518115,0.13358122403561973,0.29309999999999997,0.29309999999999997,7.000000000000003,1.1071428571428568,0.9351851851851851,0.011225925925925927,0.20785555555555554,108,0,2,monthly_industry_30,monthly industry,epsilon_greedy_momentum,17,calibration,block,ridge_return_train_only,0.12133012345679012
0.01731302222222223,0.01731302222222221,0.01731302222222222,,inf,0.0,0.0,1.0,0.005722058823529412,0.07954117647058823,136,200,0,monthly_industry_30,monthly industry,epsilon_greedy_momentum,17,test,iid,constant_a000,0.12133012345679012
-0.013624068608353733,-0.02043885648592683,-0.006303072306776503,,inf,0.0,0.0,1.0,0.005813235294117649,0.08037058823529412,136,200,0,monthly_industry_30,monthly industry,epsilon_greedy_momentum,17,test,iid,constant_a001,0.12133012345679012
0.039007344679649766,0.029529239759440832,0.048530856942821166,0.0584,0.0584,12.999999999999995,1.1071428571428565,0.9044117647058824,0.011203676470588236,0.12225294117647058,136,0,3,monthly_industry_30,monthly industry,epsilon_greedy_momentum,17,test,iid,constant_a002,0.12133012345679012
0.15515232168534063,0.01794493887838468,0.4272968070389827,-0.07162816901408446,-0.0259,1.0287230243354928,309.9999999999999,0.9924358601151801,0.012388235294117648,0.15730882352941175,136,0,0,monthly_industry_30,monthly industry,epsilon_greedy_momentum,17,test,iid,constant_a003,0.12133012345679012
0.04395245686274508,0.01731302222222221,0.12387076078431365,-0.028999999999999998,inf,1.0,309.99999999999994,0.9926470588235294,0.0059507352941176464,0.1360823529411765,136,64,0,monthly_industry_30,monthly industry,epsilon_greedy_momentum,17,test,iid,constant_a004,0.12133012345679012
-0.030534471218487545,-0.12902531804242526,0.018020017148109232,0.006725874125874124,0.0385,1.0432364870035447,309.9999999999999,0.9923291434779151,0.005198529411764706,0.09060294117647058,136,0,0,monthly_industry_30,monthly industry,epsilon_greedy_momentum,17,test,iid,constant_a005,0.12133012345679012
-0.02307410372772353,-0.029489124345610265,-0.016037517560228625,0.0097,inf,2.999999999999999,1.1071428571428565,0.9779411764705882,0.004352205882352941,0.14798235294117645,136,10,1,monthly_industry_30,monthly industry,epsilon_greedy_momentum,17,test,iid,constant_a006,0.12133012345679012
0.01731302222222223,0.01731302222222221,0.01731302222222222,,inf,0.0,0.0,1.0,0.008147794117647059,0.0847264705882353,136,200,0,monthly_industry_30,monthly industry,epsilon_greedy_momentum,17,test,iid,constant_a007,0.12133012345679012
-0.0319519549019609,-0.13048190915032687,0.017313022222222217,0.0043,inf,1.0,309.9999999999999,0.9926470588235294,0.006644117647058825,0.12974411764705882,136,68,0,monthly_industry_30,monthly industry,epsilon_greedy_momentum,17,test,iid,constant_a008,0.12133012345679012
0.18582721108287567,0.023983418852146644,0.49604861741401923,-0.0003602739726026608,0.1711,1.0873845839922456,309.99999999999994,0.9920045251177041,0.0021544117647058834,0.2105794117647059,136,0,0,monthly_industry_30,monthly industry,epsilon_greedy_momentum,17,test,iid,constant_a009,0.12133012345679012
0.016307498797852475,0.012153709598214282,0.020606851820728283,0.1414,0.1414,9.0,1.1071428571428565,0.9338235294117647,0.01612941176470588,0.1451029411764706,136,0,2,monthly_industry_30,monthly industry,epsilon_greedy_momentum,17,test,iid,constant_a010,0.12133012345679012
0.01731302222222223,0.01731302222222221,0.01731302222222222,,inf,0.0,0.0,1.0,0.01574558823529412,0.17915,136,200,0,monthly_industry_30,monthly industry,epsilon_greedy_momentum,17,test,iid,constant_a011,0.12133012345679012
0.017311076038748846,0.016889278851540606,0.01761946663836367,0.0017000000000000001,0.0017000000000000001,2.999999999999999,1.1071428571428565,0.9779411764705882,0.016123529411764703,0.12421176470588235,136,6,1,monthly_industry_30,monthly industry,epsilon_greedy_momentum,17,test,iid,constant_a012,0.12133012345679012
0.01731302222222223,0.01731302222222221,0.01731302222222222,,inf,0.0,0.0,1.0,0.012578676470588237,0.14005882352941176,136,200,0,monthly_industry_30,monthly industry,epsilon_greedy_momentum,17,test,iid,constant_a013,0.12133012345679012
0.023589867343604177,0.011314448521241827,0.03415800385066527,0.23509999999999998,0.23510000000000003,20.000000000000004,1.1071428571428565,0.8529411764705882,0.0199125,0.21385882352941174,136,0,3,monthly_industry_30,monthly industry,epsilon_greedy_momentum,17,test,iid,constant_a014,0.12133012345679012
-0.1537202895774978,-0.49765680133753437,0.019338517041024735,0.0581,0.0581,1.0359670939353358,309.9999999999999,0.9923825948975343,0.012144117647058823,0.14591176470588232,136,0,0,monthly_industry_30,monthly industry,epsilon_greedy_momentum,17,test,iid,constant_a015,0.12133012345679012
0.06557195142100483,0.054445851094196605,0.0776509567839126,0.1746,0.1746,5.0,1.1071428571428568,0.9632352941176471,0.015613235294117645,0.13995294117647059,136,1,2,monthly_industry_30,monthly industry,epsilon_greedy_momentum,17,test,iid,constant_a016,0.12133012345679012
0.0010099394998378509,-0.01226561950140517,0.014809181447842448,0.16244285714285714,0.1873,35.000000000000014,1.1071428571428568,0.7426470588235293,0.009413235294117648,0.2893911764705882,136,0,3,monthly_industry_30,monthly industry,epsilon_greedy_momentum,17,test,iid,constant_a017,0.12133012345679012
0.01731302222222223,0.01731302222222221,0.01731302222222222,,inf,0.0,0.0,1.0,0.010013235294117651,0.17509411764705882,136,200,0,monthly_industry_30,monthly industry,epsilon_greedy_momentum,17,test,iid,constant_a018,0.12133012345679012
-0.05383430784313739,-0.1961289679738562,0.017313022222222217,0.0139,inf,1.0,309.9999999999999,0.9926470588235294,0.008348529411764708,0.08674705882352941,136,68,0,monthly_industry_30,monthly industry,epsilon_greedy_momentum,17,test,iid,constant_a019,0.12133012345679012
0.01731302222222223,0.01731302222222221,0.01731302222222222,,inf,0.0,0.0,1.0,0.005097058823529412,0.1036735294117647,136,200,0,monthly_industry_30,monthly industry,epsilon_greedy_momentum,17,test,iid,constant_a020,0.12133012345679012
0.006342162745098025,-0.02657041568627451,0.017313022222222217,-0.0125,inf,1.0,309.9999999999999,0.9926470588235294,0.014211029411764706,0.10055882352941177,136,73,0,monthly_industry_30,monthly industry,epsilon_greedy_momentum,17,test,iid,constant_a021,0.12133012345679012
0.015714659220007015,0.004426471007330188,0.024833181178728396,0.0902,0.0902,7.0,1.1071428571428568,0.9485294117647058,0.020024264705882353,0.10592058823529413,136,0,2,monthly_industry_30,monthly industry,epsilon_greedy_momentum,17,test,iid,constant_a022,0.12133012345679012
0.01731302222222223,0.01731302222222221,0.01731302222222222,,inf,0.0,0.0,1.0,0.002658823529411765,0.10287058823529413,136,200,0,monthly_industry_30,monthly industry,epsilon_greedy_momentum,17,test,iid,constant_a023,0.12133012345679012
0.2725374611461278,0.016321266083099896,0.790842187223975,-0.1171797153024913,inf,1.0071427660361474,309.99999999999994,0.9925945384850283,0.008090441176470588,0.12422352941176472,136,28,0,monthly_industry_30,monthly industry,epsilon_greedy_momentum,17,test,iid,constant_a024,0.12133012345679012
0.01731302222222223,0.01731302222222221,0.01731302222222222,,inf,0.0,0.0,1.0,0.010133823529411765,0.10630294117647059,136,200,0,monthly_industry_30,monthly industry,epsilon_greedy_momentum,17,test,iid,constant_a025,0.12133012345679012
0.017804511881419252,0.017014752509337067,0.0190857609126984,-0.0051,inf,2.0,1.107142857142857,0.9852941176470589,0.012989705882352941,0.09431470588235294,136,25,1,monthly_industry_30,monthly industry,epsilon_greedy_momentum,17,test,iid,constant_a026,0.12133012345679012
-0.10216162381827697,-0.11650533749167653,-0.08932426336931588,-0.0323,inf,1.0,1.107142857142857,0.9926470588235294,0.01041985294117647,0.09985882352941176,136,72,0,monthly_industry_30,monthly industry,epsilon_greedy_momentum,17,test,iid,constant_a027,0.12133012345679012
-0.2858784254901939,-0.8922613209150321,0.017313022222222217,0.1157,inf,1.0,309.99999999999994,0.9926470588235294,0.011051470588235293,0.1126235294117647,136,67,0,monthly_industry_30,monthly industry,epsilon_greedy_momentum,17,test,iid,constant_a028,0.12133012345679012
0.01731302222222223,0.01731302222222221,0.01731302222222222,,inf,0.0,0.0,1.0,0.008997058823529412,0.08895882352941176,136,200,0,monthly_industry_30,monthly industry,epsilon_greedy_momentum,17,test,iid,constant_a029,0.12133012345679012
0.01731302222222223,0.01731302222222221,0.01731302222222222,,inf,0.0,0.0,1.0,0.01024235294117647,0.10200901960784312,136,200,0,monthly_industry_30,monthly industry,epsilon_greedy_momentum,17,test,iid,constant_equal_weight_public,0.12133012345679012
0.020534497839302047,0.0003093767149488804,0.035390991054703655,0.1805222222222222,0.20290399999999995,126.0000000000003,1.107142857142857,0.07352941176470373,0.02070735294117647,0.17675588235294115,136,0,4,monthly_industry_30,monthly industry,epsilon_greedy_momentum,17,test,iid,momentum_12,0.12133012345679012
-0.05811389045611639,-0.20098030720919718,0.015896338514664158,0.0139,inf,1.0,309.9999999999999,0.9926470588235294,0.006003799019607842,0.08625,136,68,0,monthly_industry_30,monthly industry,epsilon_greedy_momentum,17,test,iid,low_vol_12,0.12133012345679012
-0.15798274189491163,-0.506306412359342,0.0224183454443103,0.084448623853211,0.18564347826086958,1.3630731576733264,309.9999999999999,0.989977403252402,0.015530686274509806,0.1313264705882353,136,0,0,monthly_industry_30,monthly industry,epsilon_greedy_momentum,17,test,iid,risk_adjusted_12,0.12133012345679012
0.1041781554828899,0.09318665925134414,0.11343556839200801,0.0975,0.09750000000000002,11.000000000000004,1.1071428571428568,0.9191176470588235,0.01373455882352941,0.14781470588235296,136,0,3,monthly_industry_30,monthly industry,epsilon_greedy_momentum,17,test,iid,ridge_return_train_only,0.12133012345679012
0.01731302222222223,0.01731302222222221,0.017313022222222217,,inf,0.0,0.0,1.0,0.005722058823529412,0.07954117647058823,136,200,0,monthly_industry_30,monthly industry,epsilon_greedy_momentum,17,test,block,constant_a000,0.12133012345679012
-0.013624068608353733,-0.024220115632191418,-0.004236413602501749,,inf,0.0,0.0,1.0,0.005813235294117649,0.08037058823529412,136,200,0,monthly_industry_30,monthly industry,epsilon_greedy_momentum,17,test,block,constant_a001,0.12133012345679012
0.039007344679649766,0.025822407832184518,0.05208426339128607,0.0584,0.0584,12.999999999999995,1.1071428571428565,0.9044117647058824,0.011203676470588236,0.12225294117647058,136,0,3,monthly_industry_30,monthly industry,epsilon_greedy_momentum,17,test,block,constant_a002,0.12133012345679012
0.15515232168534063,0.017851705265814654,0.428054059638481,-0.07162816901408446,-0.0259,1.0287230243354928,309.9999999999999,0.9924358601151801,0.012388235294117648,0.15730882352941175,136,0,0,monthly_industry_30,monthly industry,epsilon_greedy_momentum,17,test,block,constant_a003,0.12133012345679012
0.04395245686274508,0.01731302222222221,0.0972313261437908,-0.028999999999999998,inf,1.0,309.99999999999994,0.9926470588235294,0.0059507352941176464,0.1360823529411765,136,79,0,monthly_industry_30,monthly industry,epsilon_greedy_momentum,17,test,block,constant_a004,0.12133012345679012
-0.030534471218487545,-0.12596442596434407,0.017642567282621372,0.006725874125874124,0.0385,1.0432364870035447,309.9999999999999,0.9923291434779151,0.005198529411764706,0.09060294117647058,136,3,0,monthly_industry_30,monthly industry,epsilon_greedy_momentum,17,test,block,constant_a005,0.12133012345679012
-0.02307410372772353,-0.031379664868035936,-0.013709832713778741,0.0097,inf,2.999999999999999,1.1071428571428565,0.9779411764705882,0.004352205882352941,0.14798235294117645,136,15,1,monthly_industry_30,monthly industry,epsilon_greedy_momentum,17,test,block,constant_a006,0.12133012345679012
0.01731302222222223,0.01731302222222221,0.017313022222222217,,inf,0.0,0.0,1.0,0.008147794117647059,0.0847264705882353,136,200,0,monthly_industry_30,monthly industry,epsilon_greedy_momentum,17,test,block,constant_a007,0.12133012345679012
-0.0319519549019609,-0.13048190915032687,0.017313022222222217,0.0043,inf,1.0,309.9999999999999,0.9926470588235294,0.006644117647058825,0.12974411764705882,136,74,0,monthly_industry_30,monthly industry,epsilon_greedy_momentum,17,test,block,constant_a008,0.12133012345679012
0.18582721108287567,0.01918787764135196,0.5037364037898266,-0.0003602739726026608,0.1711,1.0873845839922456,309.99999999999994,0.9920045251177041,0.0021544117647058834,0.2105794117647059,136,1,0,monthly_industry_30,monthly industry,epsilon_greedy_momentum,17,test,block,constant_a009,0.12133012345679012
0.016307498797852475,0.013058313930030345,0.019428867034897282,0.1414,0.1414,9.0,1.1071428571428565,0.9338235294117647,0.01612941176470588,0.1451029411764706,136,0,2,monthly_industry_30,monthly industry,epsilon_greedy_momentum,17,test,block,constant_a010,0.12133012345679012
0.01731302222222223,0.01731302222222221,0.017313022222222217,,inf,0.0,0.0,1.0,0.01574558823529412,0.17915,136,200,0,monthly_industry_30,monthly industry,epsilon_greedy_momentum,17,test,block,constant_a011,0.12133012345679012
0.017311076038748846,0.017044059232026138,0.01750645419000933,0.0017000000000000001,0.0017000000000000003,2.999999999999999,1.1071428571428565,0.9779411764705882,0.016123529411764703,0.12421176470588235,136,8,1,monthly_industry_30,monthly industry,epsilon_greedy_momentum,17,test,block,constant_a012,0.12133012345679012
0.01731302222222223,0.01731302222222221,0.017313022222222217,,inf,0.0,0.0,1.0,0.012578676470588237,0.14005882352941176,136,200,0,monthly_industry_30,monthly industry,epsilon_greedy_momentum,17,test,block,constant_a013,0.12133012345679012
0.023589867343604177,0.012959005350431837,0.0356390860530462,0.23509999999999998,0.2351,20.000000000000004,1.1071428571428565,0.8529411764705882,0.0199125,0.21385882352941174,136,0,3,monthly_industry_30,monthly industry,epsilon_greedy_momentum,17,test,block,constant_a014,0.12133012345679012
-0.1537202895774978,-0.4979097073824104,0.019055730169234345,0.0581,0.0581,1.0359670939353358,309.9999999999999,0.9923825948975343,0.012144117647058823,0.14591176470588232,136,2,0,monthly_industry_30,monthly industry,epsilon_greedy_momentum,17,test,block,constant_a015,0.12133012345679012
0.06557195142100483,0.046370420430841046,0.08283617207038418,0.1746,0.1746,5.0,1.1071428571428568,0.9632352941176471,0.015613235294117645,0.13995294117647059,136,8,2,monthly_industry_30,monthly industry,epsilon_greedy_momentum,17,test,block,constant_a016,0.12133012345679012
0.0010099394998378509,-0.011829545300374106,0.01528054594456345,0.16244285714285714,0.1873,35.000000000000014,1.1071428571428568,0.7426470588235293,0.009413235294117648,0.2893911764705882,136,0,3,monthly_industry_30,monthly industry,epsilon_greedy_momentum,17,test,block,constant_a017,0.12133012345679012
0.01731302222222223,0.01731302222222221,0.017313022222222217,,inf,0.0,0.0,1.0,0.010013235294117651,0.17509411764705882,136,200,0,monthly_industry_30,monthly industry,epsilon_greedy_momentum,17,test,block,constant_a018,0.12133012345679012
-0.05383430784313739,-0.19612896797385618,0.017313022222222217,0.0139,inf,1.0,309.9999999999999,0.9926470588235294,0.008348529411764708,0.08674705882352941,136,70,0,monthly_industry_30,monthly industry,epsilon_greedy_momentum,17,test,block,constant_a019,0.12133012345679012
0.01731302222222223,0.01731302222222221,0.017313022222222217,,inf,0.0,0.0,1.0,0.005097058823529412,0.1036735294117647,136,200,0,monthly_industry_30,monthly industry,epsilon_greedy_momentum,17,test,block,constant_a020,0.12133012345679012
0.006342162745098025,-0.01587382769607842,0.017313022222222217,-0.0125,inf,1.0,309.9999999999999,0.9926470588235294,0.014211029411764706,0.10055882352941177,136,78,0,monthly_industry_30,monthly industry,epsilon_greedy_momentum,17,test,block,constant_a021,0.12133012345679012
0.015714659220007015,0.0018809973212293501,0.031076820794672586,0.0902,0.0902,7.0,1.1071428571428568,0.9485294117647058,0.020024264705882353,0.10592058823529413,136,1,2,monthly_industry_30,monthly industry,epsilon_greedy_momentum,17,test,block,constant_a022,0.12133012345679012
0.01731302222222223,0.01731302222222221,0.017313022222222217,,inf,0.0,0.0,1.0,0.002658823529411765,0.10287058823529413,136,200,0,monthly_industry_30,monthly industry,epsilon_greedy_momentum,17,test,block,constant_a023,0.12133012345679012
0.2725374611461278,0.016321266083099892,0.7844739732026146,-0.1171797153024913,inf,1.0071427660361474,309.99999999999994,0.9925945384850283,0.008090441176470588,0.12422352941176472,136,26,0,monthly_industry_30,monthly industry,epsilon_greedy_momentum,17,test,block,constant_a024,0.12133012345679012
0.01731302222222223,0.01731302222222221,0.017313022222222217,,inf,0.0,0.0,1.0,0.010133823529411765,0.10630294117647059,136,200,0,monthly_industry_30,monthly industry,epsilon_greedy_momentum,17,test,block,constant_a025,0.12133012345679012
0.017804511881419252,0.017014752509337063,0.019480312915207743,-0.0051,inf,2.0,1.107142857142857,0.9852941176470589,0.012989705882352941,0.09431470588235294,136,23,1,monthly_industry_30,monthly industry,epsilon_greedy_momentum,17,test,block,constant_a026,0.12133012345679012
-0.10216162381827697,-0.12339442406688116,-0.08047103965377111,-0.0323,inf,1.0,1.107142857142857,0.9926470588235294,0.01041985294117647,0.09985882352941176,136,78,0,monthly_industry_30,monthly industry,epsilon_greedy_momentum,17,test,block,constant_a027,0.12133012345679012
-0.2858784254901939,-0.8922613209150322,0.017313022222222217,0.1157,inf,1.0,309.99999999999994,0.9926470588235294,0.011051470588235293,0.1126235294117647,136,64,0,monthly_industry_30,monthly industry,epsilon_greedy_momentum,17,test,block,constant_a028,0.12133012345679012
0.01731302222222223,0.01731302222222221,0.017313022222222217,,inf,0.0,0.0,1.0,0.008997058823529412,0.08895882352941176,136,200,0,monthly_industry_30,monthly industry,epsilon_greedy_momentum,17,test,block,constant_a029,0.12133012345679012
0.01731302222222223,0.01731302222222221,0.017313022222222217,,inf,0.0,0.0,1.0,0.01024235294117647,0.10200901960784312,136,200,0,monthly_industry_30,monthly industry,epsilon_greedy_momentum,17,test,block,constant_equal_weight_public,0.12133012345679012
0.020534497839302047,0.0016543274149234428,0.04123800885785199,0.1805222222222222,0.20202635658914725,126.0000000000003,1.107142857142857,0.07352941176470373,0.02070735294117647,0.17675588235294115,136,0,4,monthly_industry_30,monthly industry,epsilon_greedy_momentum,17,test,block,momentum_12,0.12133012345679012
-0.05811389045611639,-0.19983138810262968,0.015678682830569824,0.0139,inf,1.0,309.9999999999999,0.9926470588235294,0.006003799019607842,0.08625,136,70,0,monthly_industry_30,monthly industry,epsilon_greedy_momentum,17,test,block,low_vol_12,0.12133012345679012
-0.15798274189491163,-0.5035151668437299,0.02292765372698544,0.084448623853211,0.18518333333333334,1.3630731576733264,309.9999999999999,0.989977403252402,0.015530686274509806,0.1313264705882353,136,0,0,monthly_industry_30,monthly industry,epsilon_greedy_momentum,17,test,block,risk_adjusted_12,0.12133012345679012
0.1041781554828899,0.09363167398258539,0.11636193712797312,0.0975,0.0975,11.000000000000004,1.1071428571428568,0.9191176470588235,0.01373455882352941,0.14781470588235296,136,0,3,monthly_industry_30,monthly industry,epsilon_greedy_momentum,17,test,block,ridge_return_train_only,0.12133012345679012
-0.06176216899862825,-0.2977711648834012,0.01690749629629629,0.0105,inf,1.0,309.99999999999994,0.9907407407407407,0.009589814814814813,0.0832074074074074,108,72,0,monthly_industry_30,monthly industry,epsilon_greedy_momentum,27,calibration,iid,constant_a000,0.12133012345679012
0.01618659776601998,0.013763950112433858,0.018435820740005875,0.0738,inf,2.999999999999999,1.1071428571428565,0.9722222222222222,0.011237037037037037,0.08046666666666666,108,12,1,monthly_industry_30,monthly industry,epsilon_greedy_momentum,27,calibration,iid,constant_a001,0.12133012345679012
-0.049010292839373144,-0.06663324650365052,-0.03396292445872155,0.0733,0.0733,9.999999999999998,1.1071428571428565,0.9074074074074074,0.01357037037037037,0.08148518518518519,108,0,2,monthly_industry_30,monthly industry,epsilon_greedy_momentum,27,calibration,iid,constant_a002,0.12133012345679012
0.016771564060356643,0.01263385028365667,0.020713858154761892,0.05750000000000001,0.05750000000000001,8.0,1.1071428571428565,0.9259259259259259,0.009954629629629631,0.2067925925925926,108,0,2,monthly_industry_30,monthly industry,epsilon_greedy_momentum,27,calibration,iid,constant_a003,0.12133012345679012
0.01690749629629629,0.01690749629629629,0.01690749629629629,,inf,0.0,0.0,1.0,0.0031333333333333348,0.1556074074074074,108,200,0,monthly_industry_30,monthly industry,epsilon_greedy_momentum,27,calibration,iid,constant_a004,0.12133012345679012
-0.11256772455418379,-0.5009933871056235,0.01690749629629629,0.0282,inf,1.0,309.99999999999994,0.9907407407407407,0.007787037037037038,0.10028888888888889,108,71,0,monthly_industry_30,monthly industry,epsilon_greedy_momentum,27,calibration,iid,constant_a005,0.12133012345679012
0.015472080570252787,0.01347558628086419,0.01690749629629629,0.05139999999999999,inf,2.999999999999999,1.1071428571428565,0.9722222222222222,0.012547222222222222,0.13836666666666664,108,10,1,monthly_industry_30,monthly industry,epsilon_greedy_momentum,27,calibration,iid,constant_a006,0.12133012345679012
0.015355292337840479,0.011777427003723296,0.01690749629629629,0.1082,inf,2.0,1.1071428571428565,0.9814814814814815,0.010110185185185182,0.08343333333333333,108,29,1,monthly_industry_30,monthly industry,epsilon_greedy_momentum,27,calibration,iid,constant_a007,0.12133012345679012
0.01690749629629629,0.01690749629629629,0.01690749629629629,,inf,0.0,0.0,1.0,0.01219907407407408,0.1576222222222222,108,200,0,monthly_industry_30,monthly industry,epsilon_greedy_momentum,27,calibration,iid,constant_a008,0.12133012345679012
0.014547364122304483,-0.0057324486427912736,0.030262929558946064,0.13450434782608695,0.1461,23.000000000000007,1.1071428571428565,0.787037037037037,0.01513333333333333,0.24232222222222222,108,0,3,monthly_industry_30,monthly industry,epsilon_greedy_momentum,27,calibration,iid,constant_a009,0.12133012345679012
0.01707554114246521,0.01690749629629629,0.01741163083480305,-0.0333,inf,1.0,1.1071428571428565,0.9907407407407407,0.004490740740740739,0.16894074074074072,108,75,0,monthly_industry_30,monthly industry,epsilon_greedy_momentum,27,calibration,iid,constant_a010,0.12133012345679012
0.017853796355085237,0.014472161013374481,0.02196276931069958,0.046,0.046,11.999999999999996,1.1071428571428565,0.888888888888889,0.005515740740740741,0.23192222222222222,108,0,3,monthly_industry_30,monthly industry,epsilon_greedy_momentum,27,calibration,iid,constant_a011,0.12133012345679012
-0.22701057004703099,-0.9556601838349984,0.01690749629629629,0.0678,0.0678,1.0143108594168517,309.9999999999999,0.9906082327831773,0.01081574074074074,0.17674444444444445,108,7,0,monthly_industry_30,monthly industry,epsilon_greedy_momentum,27,calibration,iid,constant_a012,0.12133012345679012
0.01690749629629629,0.01690749629629629,0.01690749629629629,,inf,0.0,0.0,1.0,0.009680555555555555,0.16028888888888887,108,200,0,monthly_industry_30,monthly industry,epsilon_greedy_momentum,27,calibration,iid,constant_a013,0.12133012345679012
0.017275288242210456,0.01658955159709974,0.018321717754262192,-0.0014000000000000002,-0.0014000000000000002,2.999999999999999,1.1071428571428565,0.9722222222222222,0.009813888888888888,0.1906925925925926,108,9,1,monthly_industry_30,monthly industry,epsilon_greedy_momentum,27,calibration,iid,constant_a014,0.12133012345679012
0.04472857174211248,0.01690749629629629,0.10037072263374486,-0.026600000000000002,inf,1.0,309.9999999999999,0.9907407407407407,0.011383333333333332,0.1517,108,54,0,monthly_industry_30,monthly industry,epsilon_greedy_momentum,27,calibration,iid,constant_a015,0.12133012345679012
0.03848461491593759,0.01755024684029586,0.05915458523014382,0.04349999999999999,0.0435,7.0,1.1071428571428568,0.9351851851851852,0.005846296296296298,0.21665185185185185,108,0,2,monthly_industry_30,monthly industry,epsilon_greedy_momentum,27,calibration,iid,constant_a016,0.12133012345679012
0.03334797399196882,0.01184720634553059,0.05489721168867512,0.38060000000000005,0.38060000000000005,17.00000000000002,1.1071428571428568,0.8425925925925923,-0.0003518518518518532,0.29553703703703704,108,0,3,monthly_industry_30,monthly industry,epsilon_greedy_momentum,27,calibration,iid,constant_a017,0.12133012345679012
0.10644153470507539,0.01690749629629629,0.28550961152263415,-0.0481,inf,1.0,309.9999999999999,0.9907407407407407,0.007457407407407407,0.13156296296296294,108,64,0,monthly_industry_30,monthly industry,epsilon_greedy_momentum,27,calibration,iid,constant_a018,0.12133012345679012
0.028890201244366046,0.01675349591416813,0.06494226634651183,-0.020445195729537395,inf,1.0071427660361474,309.9999999999999,0.9906746040181839,0.008509259259259258,0.09720740740740741,108,17,0,monthly_industry_30,monthly industry,epsilon_greedy_momentum,27,calibration,iid,constant_a019,0.12133012345679012
0.01690749629629629,0.01690749629629629,0.01690749629629629,,inf,0.0,0.0,1.0,0.01028611111111111,0.11100000000000002,108,200,0,monthly_industry_30,monthly industry,epsilon_greedy_momentum,27,calibration,iid,constant_a020,0.12133012345679012
0.01690749629629629,0.01690749629629629,0.01690749629629629,,inf,0.0,0.0,1.0,0.008956481481481482,0.10537407407407408,108,200,0,monthly_industry_30,monthly industry,epsilon_greedy_momentum,27,calibration,iid,constant_a021,0.12133012345679012
0.01690749629629629,0.01690749629629629,0.01690749629629629,,inf,0.0,0.0,1.0,0.009407407407407408,0.13405555555555554,108,200,0,monthly_industry_30,monthly industry,epsilon_greedy_momentum,27,calibration,iid,constant_a022,0.12133012345679012
-0.19638253936899716,-0.8362526463648817,0.01690749629629629,0.0574,inf,1.0,309.99999999999994,0.9907407407407407,0.009435185185185184,0.1265962962962963,108,68,0,monthly_industry_30,monthly industry,epsilon_greedy_momentum,27,calibration,iid,constant_a023,0.12133012345679012
0.017841161258083472,0.016864287046835187,0.019307971849892212,-0.014799999999999999,inf,3.0000000000000004,1.1071428571428568,0.9722222222222222,0.011483333333333335,0.11916296296296297,108,10,1,monthly_industry_30,monthly industry,epsilon_greedy_momentum,27,calibration,iid,constant_a024,0.12133012345679012
0.0542007939643347,0.01690749629629629,0.12878738930041153,-0.029900000000000003,inf,1.0,309.9999999999999,0.9907407407407407,0.010116666666666666,0.11522222222222221,108,70,0,monthly_industry_30,monthly industry,epsilon_greedy_momentum,27,calibration,iid,constant_a025,0.12133012345679012
-0.016984391220850468,-0.08476816625514398,0.01690749629629629,-0.0051,inf,1.0,309.9999999999999,0.9907407407407407,0.009475925925925928,0.09744814814814814,108,74,0,monthly_industry_30,monthly industry,epsilon_greedy_momentum,27,calibration,iid,constant_a026,0.12133012345679012
-0.08643330761272774,-0.49594089530284513,0.1239315821412682,-0.051007801418439684,0.031400000000000004,1.0143108594168517,309.9999999999999,0.9906082327831773,0.011696296296296293,0.0864962962962963,108,4,0,monthly_industry_30,monthly industry,epsilon_greedy_momentum,27,calibration,iid,constant_a027,0.12133012345679012
0.01690749629629629,0.01690749629629629,0.01690749629629629,,inf,0.0,0.0,1.0,0.0033916666666666683,0.17157407407407407,108,200,0,monthly_industry_30,monthly industry,epsilon_greedy_momentum,27,calibration,iid,constant_a028,0.12133012345679012
0.01690749629629629,0.01690749629629629,0.01690749629629629,,inf,0.0,0.0,1.0,0.005977777777777777,0.14215185185185186,108,200,0,monthly_industry_30,monthly industry,epsilon_greedy_momentum,27,calibration,iid,constant_a029,0.12133012345679012
0.003089065569272977,-0.024547795884773647,0.01690749629629629,-0.012093333333333333,inf,1.0,309.9999999999999,0.9907407407407407,0.008955,0.12133012345679012,108,78,0,monthly_industry_30,monthly industry,epsilon_greedy_momentum,27,calibration,iid,constant_equal_weight_public,0.12133012345679012
0.011135200951696135,-0.012687339568419989,0.033028551474549174,0.2429865979381444,0.33106138613861386,96.99999999999999,1.107142857142857,0.10185185185185197,0.013036111111111111,0.2308074074074074,108,0,4,monthly_industry_30,monthly industry,epsilon_greedy_momentum,27,calibration,iid,momentum_12,0.12133012345679012
-0.05742901982747757,-0.2908983749276511,0.025458983049532653,0.0105,inf,1.0,309.99999999999994,0.9907407407407407,0.009154320987654322,0.09146296296296295,108,72,0,monthly_industry_30,monthly industry,epsilon_greedy_momentum,27,calibration,iid,low_vol_12,0.12133012345679012
-0.16889936786671683,-0.5717673342243891,0.049458807857617894,0.07442651757188501,0.38060000000000005,1.2490788316142403,309.9999999999999,0.9884344552628311,0.0024592592592592587,0.2494555555555555,108,0,0,monthly_industry_30,monthly industry,epsilon_greedy_momentum,27,calibration,iid,risk_adjusted_12,0.12133012345679012
-0.04984823523842149,-0.45752577517342463,0.15984338282329172,-0.03513886925795062,0.29309999999999997,1.0215042791729907,309.9999999999999,0.9905416270446945,0.006048148148148148,0.2117888888888889,108,3,0,monthly_industry_30,monthly industry,epsilon_greedy_momentum,27,calibration,iid,ridge_return_train_only,0.12133012345679012
-0.06176216899862825,-0.21910149958847694,0.01690749629629629,0.0105,inf,1.0,309.99999999999994,0.9907407407407407,0.009589814814814813,0.0832074074074074,108,78,0,monthly_industry_30,monthly industry,epsilon_greedy_momentum,27,calibration,block,constant_a000,0.12133012345679012
0.01618659776601998,0.0140133923824221,0.0180144854595336,0.0738,inf,2.999999999999999,1.1071428571428565,0.9722222222222222,0.011237037037037037,0.08046666666666666,108,22,1,monthly_industry_30,monthly industry,epsilon_greedy_momentum,27,calibration,block,constant_a001,0.12133012345679012
-0.049010292839373144,-0.07662842889569804,-0.023558094308679146,0.0733,0.0733,9.999999999999998,1.1071428571428565,0.9074074074074074,0.01357037037037037,0.08148518518518519,108,0,2,monthly_industry_30,monthly industry,epsilon_greedy_momentum,27,calibration,block,constant_a002,0.12133012345679012
0.016771564060356643,0.013391529428522436,0.02064384561458945,0.05750000000000001,0.05750000000000001,8.0,1.1071428571428565,0.9259259259259259,0.009954629629629631,0.2067925925925926,108,1,2,monthly_industry_30,monthly industry,epsilon_greedy_momentum,27,calibration,block,constant_a003,0.12133012345679012
0.01690749629629629,0.01690749629629629,0.01690749629629629,,inf,0.0,0.0,1.0,0.0031333333333333348,0.1556074074074074,108,200,0,monthly_industry_30,monthly industry,epsilon_greedy_momentum,27,calibration,block,constant_a004,0.12133012345679012
-0.11256772455418379,-0.3715181662551436,0.01690749629629629,0.0282,inf,1.0,309.99999999999994,0.9907407407407407,0.007787037037037038,0.10028888888888889,108,73,0,monthly_industry_30,monthly industry,epsilon_greedy_momentum,27,calibration,block,constant_a005,0.12133012345679012
0.015472080570252787,0.012815807306241423,0.01690749629629629,0.05139999999999999,inf,2.999999999999999,1.1071428571428565,0.9722222222222222,0.012547222222222222,0.13836666666666664,108,15,1,monthly_industry_30,monthly industry,epsilon_greedy_momentum,27,calibration,block,constant_a006,0.12133012345679012
0.015355292337840479,0.011238053733098174,0.01690749629629629,0.1082,inf,2.0,1.1071428571428565,0.9814814814814815,0.010110185185185182,0.08343333333333333,108,39,1,monthly_industry_30,monthly industry,epsilon_greedy_momentum,27,calibration,block,constant_a007,0.12133012345679012
0.01690749629629629,0.01690749629629629,0.01690749629629629,,inf,0.0,0.0,1.0,0.01219907407407408,0.1576222222222222,108,200,0,monthly_industry_30,monthly industry,epsilon_greedy_momentum,27,calibration,block,constant_a008,0.12133012345679012
0.014547364122304483,-0.00824791876167386,0.03585888199065075,0.13450434782608695,0.1461,23.000000000000007,1.1071428571428565,0.787037037037037,0.01513333333333333,0.24232222222222222,108,0,3,monthly_industry_30,monthly industry,epsilon_greedy_momentum,27,calibration,block,constant_a009,0.12133012345679012
0.01707554114246521,0.01690749629629629,0.01757967568097197,-0.0333,inf,1.0,1.1071428571428565,0.9907407407407407,0.004490740740740739,0.16894074074074072,108,76,0,monthly_industry_30,monthly industry,epsilon_greedy_momentum,27,calibration,block,constant_a010,0.12133012345679012
0.017853796355085237,0.013781604439300408,0.021892882990887704,0.046,0.046,11.999999999999996,1.1071428571428565,0.888888888888889,0.005515740740740741,0.23192222222222222,108,0,3,monthly_industry_30,monthly industry,epsilon_greedy_momentum,27,calibration,block,constant_a011,0.12133012345679012
-0.22701057004703099,-0.7208619640640304,0.01690749629629629,0.0678,inf,1.0143108594168517,309.9999999999999,0.9906082327831773,0.01081574074074074,0.17674444444444445,108,17,0,monthly_industry_30,monthly industry,epsilon_greedy_momentum,27,calibration,block,constant_a012,0.12133012345679012
0.01690749629629629,0.01690749629629629,0.01690749629629629,,inf,0.0,0.0,1.0,0.009680555555555555,0.16028888888888887,108,200,0,monthly_industry_30,monthly industry,epsilon_greedy_momentum,27,calibration,block,constant_a013,0.12133012345679012
0.017275288242210456,0.016451699007446592,0.01846666942288849,-0.0014000000000000002,inf,2.999999999999999,1.1071428571428565,0.9722222222222222,0.009813888888888888,0.1906925925925926,108,21,1,monthly_industry_30,monthly industry,epsilon_greedy_momentum,27,calibration,block,constant_a014,0.12133012345679012
0.04472857174211248,0.01690749629629629,0.10037072263374486,-0.026600000000000002,inf,1.0,309.9999999999999,0.9907407407407407,0.011383333333333332,0.1517,108,68,0,monthly_industry_30,monthly industry,epsilon_greedy_momentum,27,calibration,block,constant_a015,0.12133012345679012
0.03848461491593759,0.014372792878977473,0.06730209178744023,0.04349999999999999,0.0435,7.0,1.1071428571428568,0.9351851851851852,0.005846296296296298,0.21665185185185185,108,4,2,monthly_industry_30,monthly industry,epsilon_greedy_momentum,27,calibration,block,constant_a016,0.12133012345679012
0.03334797399196882,0.008673073653144377,0.05345488669209887,0.38060000000000005,0.38060000000000005,17.00000000000002,1.1071428571428568,0.8425925925925923,-0.0003518518518518532,0.29553703703703704,108,0,3,monthly_industry_30,monthly industry,epsilon_greedy_momentum,27,calibration,block,constant_a017,0.12133012345679012
0.10644153470507539,0.01690749629629629,0.2855096115226342,-0.0481,inf,1.0,309.9999999999999,0.9907407407407407,0.007457407407407407,0.13156296296296294,108,71,0,monthly_industry_30,monthly industry,epsilon_greedy_momentum,27,calibration,block,constant_a018,0.12133012345679012
0.028890201244366046,0.01675349591416813,0.053305329136782334,-0.020445195729537395,inf,1.0071427660361474,309.9999999999999,0.9906746040181839,0.008509259259259258,0.09720740740740741,108,25,0,monthly_industry_30,monthly industry,epsilon_greedy_momentum,27,calibration,block,constant_a019,0.12133012345679012
0.01690749629629629,0.01690749629629629,0.01690749629629629,,inf,0.0,0.0,1.0,0.01028611111111111,0.11100000000000002,108,200,0,monthly_industry_30,monthly industry,epsilon_greedy_momentum,27,calibration,block,constant_a020,0.12133012345679012
0.01690749629629629,0.01690749629629629,0.01690749629629629,,inf,0.0,0.0,1.0,0.008956481481481482,0.10537407407407408,108,200,0,monthly_industry_30,monthly industry,epsilon_greedy_momentum,27,calibration,block,constant_a021,0.12133012345679012
0.01690749629629629,0.01690749629629629,0.01690749629629629,,inf,0.0,0.0,1.0,0.009407407407407408,0.13405555555555554,108,200,0,monthly_industry_30,monthly industry,epsilon_greedy_momentum,27,calibration,block,constant_a022,0.12133012345679012
-0.19638253936899716,-0.622962610699587,0.01690749629629629,0.0574,inf,1.0,309.99999999999994,0.9907407407407407,0.009435185185185184,0.1265962962962963,108,80,0,monthly_industry_30,monthly industry,epsilon_greedy_momentum,27,calibration,block,constant_a023,0.12133012345679012
0.017841161258083472,0.016885891671565737,0.020663760768175575,-0.014799999999999999,inf,3.0000000000000004,1.1071428571428568,0.9722222222222222,0.011483333333333335,0.11916296296296297,108,46,1,monthly_industry_30,monthly industry,epsilon_greedy_momentum,27,calibration,block,constant_a024,0.12133012345679012
0.0542007939643347,0.01690749629629629,0.12971972174211271,-0.029900000000000003,inf,1.0,309.9999999999999,0.9907407407407407,0.010116666666666666,0.11522222222222221,108,81,0,monthly_industry_30,monthly industry,epsilon_greedy_momentum,27,calibration,block,constant_a025,0.12133012345679012
-0.016984391220850468,-0.08561546344307264,0.01690749629629629,-0.0051,inf,1.0,309.9999999999999,0.9907407407407407,0.009475925925925928,0.09744814814814814,108,69,0,monthly_industry_30,monthly industry,epsilon_greedy_momentum,27,calibration,block,constant_a026,0.12133012345679012
-0.08643330761272774,-0.4986486781149387,0.12793437024670112,-0.051007801418439684,inf,1.0143108594168517,309.9999999999999,0.9906082327831773,0.011696296296296293,0.0864962962962963,108,23,0,monthly_industry_30,monthly industry,epsilon_greedy_momentum,27,calibration,block,constant_a027,0.12133012345679012
0.01690749629629629,0.01690749629629629,0.01690749629629629,,inf,0.0,0.0,1.0,0.0033916666666666683,0.17157407407407407,108,200,0,monthly_industry_30,monthly industry,epsilon_greedy_momentum,27,calibration,block,constant_a028,0.12133012345679012
0.01690749629629629,0.01690749629629629,0.01690749629629629,,inf,0.0,0.0,1.0,0.005977777777777777,0.14215185185185186,108,200,0,monthly_industry_30,monthly industry,epsilon_greedy_momentum,27,calibration,block,constant_a029,0.12133012345679012
0.003089065569272977,-0.024547795884773647,0.01690749629629629,-0.012093333333333333,inf,1.0,309.9999999999999,0.9907407407407407,0.008955,0.12133012345679012,108,65,0,monthly_industry_30,monthly industry,epsilon_greedy_momentum,27,calibration,block,constant_equal_weight_public,0.12133012345679012
0.011135200951696135,-0.019563045703718432,0.03457350612363343,0.2429865979381444,0.3466714285714286,96.99999999999999,1.107142857142857,0.10185185185185197,0.013036111111111111,0.2308074074074074,108,0,4,monthly_industry_30,monthly industry,epsilon_greedy_momentum,27,calibration,block,momentum_12,0.12133012345679012
-0.05742901982747757,-0.21910149958847688,0.028358865579665427,0.0105,inf,1.0,309.99999999999994,0.9907407407407407,0.009154320987654322,0.09146296296296295,108,78,0,monthly_industry_30,monthly industry,epsilon_greedy_momentum,27,calibration,block,low_vol_12,0.12133012345679012
-0.16889936786671683,-0.5846694811231529,0.04151506965717607,0.07442651757188501,0.38060000000000005,1.2490788316142403,309.9999999999999,0.9884344552628311,0.0024592592592592587,0.2494555555555555,108,0,0,monthly_industry_30,monthly industry,epsilon_greedy_momentum,27,calibration,block,risk_adjusted_12,0.12133012345679012
-0.04984823523842149,-0.4613658499680185,0.15916160668286777,-0.03513886925795062,0.29309999999999997,1.0215042791729907,309.9999999999999,0.9905416270446945,0.006048148148148148,0.2117888888888889,108,7,0,monthly_industry_30,monthly industry,epsilon_greedy_momentum,27,calibration,block,ridge_return_train_only,0.12133012345679012
-0.045126677995642676,-0.1862389177559912,0.03395138747276693,0.013999999999999999,inf,2.0,309.9999999999999,0.9852941176470589,0.005722058823529412,0.07954117647058823,136,22,1,monthly_industry_30,monthly industry,epsilon_greedy_momentum,27,test,iid,constant_a000,0.12133012345679012
0.01690749629629629,0.01690749629629629,0.01690749629629629,,inf,0.0,0.0,1.0,0.005813235294117649,0.08037058823529412,136,200,0,monthly_industry_30,monthly industry,epsilon_greedy_momentum,27,test,iid,constant_a001,0.12133012345679012
-0.058976484828335264,-0.11969581250462942,-0.027462294836169118,0.030275601374570485,0.0584,1.0799632704595012,309.9999999999999,0.9920590935995625,0.011203676470588236,0.12225294117647058,136,0,0,monthly_industry_30,monthly industry,epsilon_greedy_momentum,27,test,iid,constant_a002,0.12133012345679012
0.1556843614768137,0.017176751841153116,0.4341680150071986,-0.07162816901408446,-0.0259,1.0287230243354928,309.9999999999999,0.9924358601151801,0.012388235294117648,0.15730882352941175,136,2,0,monthly_industry_30,monthly industry,epsilon_greedy_momentum,27,test,iid,constant_a003,0.12133012345679012
0.01690749629629629,0.01690749629629629,0.01690749629629629,,inf,0.0,0.0,1.0,0.0059507352941176464,0.1360823529411765,136,200,0,monthly_industry_30,monthly industry,epsilon_greedy_momentum,27,test,iid,constant_a004,0.12133012345679012
-0.07053441403672578,-0.24815880779936927,0.01757828555224867,0.022498606271777036,0.0385,1.050531202571199,309.99999999999994,0.992275505863447,0.005198529411764706,0.09060294117647058,136,0,0,monthly_industry_30,monthly industry,epsilon_greedy_momentum,27,test,iid,constant_a005,0.12133012345679012
-0.06026303873327107,-0.2172407714845934,0.017374592631497036,0.02242957746478876,0.1007,1.0287230243354926,309.9999999999999,0.9924358601151801,0.004352205882352941,0.14798235294117645,136,0,0,monthly_industry_30,monthly industry,epsilon_greedy_momentum,27,test,iid,constant_a006,0.12133012345679012
0.01690749629629629,0.01690749629629629,0.01690749629629629,,inf,0.0,0.0,1.0,0.008147794117647059,0.0847264705882353,136,200,0,monthly_industry_30,monthly industry,epsilon_greedy_momentum,27,test,iid,constant_a007,0.12133012345679012
0.01690749629629629,0.01690749629629629,0.01690749629629629,,inf,0.0,0.0,1.0,0.006644117647058825,0.12974411764705882,136,200,0,monthly_industry_30,monthly industry,epsilon_greedy_momentum,27,test,iid,constant_a008,0.12133012345679012
0.017534653181246643,0.0035036095898893877,0.030732544755534757,0.1711,0.1711,9.999999999999998,1.1071428571428565,0.9264705882352942,0.0021544117647058834,0.2105794117647059,136,0,2,monthly_industry_30,monthly industry,epsilon_greedy_momentum,27,test,iid,constant_a009,0.12133012345679012
0.015931684461562397,0.011886829137099281,0.020166823584656077,0.1414,0.1414,9.0,1.1071428571428565,0.9338235294117647,0.01612941176470588,0.1451029411764706,136,0,2,monthly_industry_30,monthly industry,epsilon_greedy_momentum,27,test,iid,constant_a010,0.12133012345679012
0.43219923267973903,0.01690749629629629,1.2627827054466219,-0.1991,inf,1.0,309.99999999999994,0.9926470588235294,0.01574558823529412,0.17915,136,70,0,monthly_industry_30,monthly industry,epsilon_greedy_momentum,27,test,iid,constant_a011,0.12133012345679012
0.11901601388888902,0.016584352207049482,0.32329766764180695,-0.05227243816254423,0.0017000000000000001,1.0215042791729907,309.99999999999994,0.992488939123728,0.016123529411764703,0.12421176470588235,136,2,0,monthly_industry_30,monthly industry,epsilon_greedy_momentum,27,test,iid,constant_a012,0.12133012345679012
0.01690749629629629,0.01690749629629629,0.01690749629629629,,inf,0.0,0.0,1.0,0.012578676470588237,0.14005882352941176,136,200,0,monthly_industry_30,monthly industry,epsilon_greedy_momentum,27,test,iid,constant_a013,0.12133012345679012
0.023523265585122938,0.011465349716775595,0.038702764130096476,0.2351,0.2351,16.999999999999996,1.1071428571428565,0.875,0.0199125,0.21385882352941174,136,0,3,monthly_industry_30,monthly industry,epsilon_greedy_momentum,27,test,iid,constant_a014,0.12133012345679012
0.016623953874883277,0.015982138233932457,0.017087544957205096,0.0175,0.0175,4.0,1.1071428571428565,0.9705882352941176,0.012144117647058823,0.14591176470588232,136,2,1,monthly_industry_30,monthly industry,epsilon_greedy_momentum,27,test,iid,constant_a015,0.12133012345679012
-0.21096130928239773,-0.7976145063535681,0.08725304574725808,0.050643859649122776,0.1746,1.0359670939353351,309.99999999999994,0.9923825948975343,0.015613235294117645,0.13995294117647059,136,0,0,monthly_industry_30,monthly industry,epsilon_greedy_momentum,27,test,iid,constant_a016,0.12133012345679012
0.0226120871787652,0.007397256116365532,0.04152611596062216,0.16149999999999998,0.1873,32.00000000000003,1.1071428571428568,0.7647058823529409,0.009413235294117648,0.2893911764705882,136,0,3,monthly_industry_30,monthly industry,epsilon_greedy_momentum,27,test,iid,constant_a017,0.12133012345679012
0.01690749629629629,0.01690749629629629,0.01690749629629629,,inf,0.0,0.0,1.0,0.010013235294117651,0.17509411764705882,136,200,0,monthly_industry_30,monthly industry,epsilon_greedy_momentum,27,test,iid,constant_a018,0.12133012345679012
0.01690749629629629,0.01690749629629629,0.01690749629629629,,inf,0.0,0.0,1.0,0.008348529411764708,0.08674705882352941,136,200,0,monthly_industry_30,monthly industry,epsilon_greedy_momentum,27,test,iid,constant_a019,0.12133012345679012
-0.13332282614379065,-0.433783471023965,0.01690749629629629,0.049,inf,1.0,309.9999999999999,0.9926470588235294,0.005097058823529412,0.1036735294117647,136,65,0,monthly_industry_30,monthly industry,epsilon_greedy_momentum,27,test,iid,constant_a020,0.12133012345679012
-0.13719782614378992,-0.44540847102396447,0.01690749629629629,0.0507,inf,1.0,309.9999999999999,0.9926470588235294,0.014211029411764706,0.10055882352941177,136,75,0,monthly_industry_30,monthly industry,epsilon_greedy_momentum,27,test,iid,constant_a021,0.12133012345679012
0.0165374787815126,0.013094976872276684,0.019512117267156855,0.0902,0.0902,7.0,1.1071428571428568,0.9485294117647058,0.020024264705882353,0.10592058823529413,136,0,2,monthly_industry_30,monthly industry,epsilon_greedy_momentum,27,test,iid,constant_a022,0.12133012345679012
-0.00544782614379085,-0.05015847102396514,0.01690749629629629,-0.0070999999999999995,inf,1.0,309.99999999999994,0.9926470588235294,0.002658823529411765,0.10287058823529413,136,83,0,monthly_industry_30,monthly industry,epsilon_greedy_momentum,27,test,iid,constant_a023,0.12133012345679012
-0.5288545488951116,-1.4376181175210088,0.01690749629629629,0.14029999999999998,0.14029999999999998,2.007136434078864,309.99999999999994,0.9852416438670671,0.008090441176470588,0.12422352941176472,136,7,1,monthly_industry_30,monthly industry,epsilon_greedy_momentum,27,test,iid,constant_a024,0.12133012345679012
0.0187139385620915,0.01690749629629629,0.022371984150326818,-0.0177,inf,1.0,309.9999999999999,0.9926470588235294,0.010133823529411765,0.10630294117647059,136,73,0,monthly_industry_30,monthly industry,epsilon_greedy_momentum,27,test,iid,constant_a025,0.12133012345679012
0.016525511749144097,0.014858976882975406,0.01859641994884064,0.09119999999999999,0.09119999999999999,3.0,1.107142857142857,0.9779411764705882,0.012989705882352941,0.09431470588235294,136,5,1,monthly_industry_30,monthly industry,epsilon_greedy_momentum,27,test,iid,constant_a026,0.12133012345679012
0.09641731748415756,0.08628640547862004,0.10749366687091431,-0.0323,inf,1.0,1.107142857142857,0.9926470588235294,0.01041985294117647,0.09985882352941176,136,73,0,monthly_industry_30,monthly industry,epsilon_greedy_momentum,27,test,iid,constant_a027,0.12133012345679012
0.0011453808278867202,-0.25065422298474904,0.2192850867102398,0.0344,inf,2.0,309.9999999999999,0.9852941176470589,0.011051470588235293,0.1126235294117647,136,28,1,monthly_industry_30,monthly industry,epsilon_greedy_momentum,27,test,iid,constant_a028,0.12133012345679012
0.01690749629629629,0.01690749629629629,0.01690749629629629,,inf,0.0,0.0,1.0,0.008997058823529412,0.08895882352941176,136,200,0,monthly_industry_30,monthly industry,epsilon_greedy_momentum,27,test,iid,constant_a029,0.12133012345679012
-0.031060816339869266,-0.12699744161220006,0.01690749629629629,0.004136666666666666,inf,1.0,309.9999999999999,0.9926470588235294,0.01024235294117647,0.10200901960784312,136,88,0,monthly_industry_30,monthly industry,epsilon_greedy_momentum,27,test,iid,constant_equal_weight_public,0.12133012345679012
0.021152968309900523,0.004290511979245911,0.0402125019089695,0.18378983050847453,0.21058373983739834,118.00000000000018,1.107142857142857,0.13235294117646923,0.02070735294117647,0.17675588235294115,136,0,4,monthly_industry_30,monthly industry,epsilon_greedy_momentum,27,test,iid,momentum_12,0.12133012345679012
-0.05365490236233367,-0.19444802292942862,0.018323300920097478,0.013999999999999999,inf,1.0,309.9999999999999,0.9926470588235294,0.006003799019607842,0.08625,136,72,0,monthly_industry_30,monthly industry,epsilon_greedy_momentum,27,test,iid,low_vol_12,0.12133012345679012
0.01944944741302935,0.009450533060237576,0.02906370589001961,0.17276666666666668,0.1873,44.99999999999996,1.107142857142857,0.6691176470588238,0.015530686274509806,0.1313264705882353,136,0,3,monthly_industry_30,monthly industry,epsilon_greedy_momentum,27,test,iid,risk_adjusted_12,0.12133012345679012
0.14680839624146372,0.13359306307841176,0.16121359918165817,0.1746,0.1746,6.0,1.1071428571428568,0.9558823529411765,0.006902941176470589,0.1615,136,0,2,monthly_industry_30,monthly industry,epsilon_greedy_momentum,27,test,iid,ridge_return_train_only,0.12133012345679012
-0.045126677995642676,-0.1944452357298474,0.04215770544662309,0.013999999999999999,inf,2.0,309.9999999999999,0.9852941176470589,0.005722058823529412,0.07954117647058823,136,38,1,monthly_industry_30,monthly industry,epsilon_greedy_momentum,27,test,block,constant_a000,0.12133012345679012
0.01690749629629629,0.01690749629629629,0.01690749629629629,,inf,0.0,0.0,1.0,0.005813235294117649,0.08037058823529412,136,200,0,monthly_industry_30,monthly industry,epsilon_greedy_momentum,27,test,block,constant_a001,0.12133012345679012
-0.058976484828335264,-0.11645232508108211,-0.01706535658476022,0.030275601374570485,0.0584,1.0799632704595012,309.9999999999999,0.9920590935995625,0.011203676470588236,0.12225294117647058,136,0,0,monthly_industry_30,monthly industry,epsilon_greedy_momentum,27,test,block,constant_a002,0.12133012345679012
0.1556843614768137,0.0171271136399004,0.4307192729127767,-0.07162816901408446,-0.0259,1.0287230243354928,309.9999999999999,0.9924358601151801,0.012388235294117648,0.15730882352941175,136,1,0,monthly_industry_30,monthly industry,epsilon_greedy_momentum,27,test,block,constant_a003,0.12133012345679012
0.01690749629629629,0.01690749629629629,0.01690749629629629,,inf,0.0,0.0,1.0,0.0059507352941176464,0.1360823529411765,136,200,0,monthly_industry_30,monthly industry,epsilon_greedy_momentum,27,test,block,constant_a004,0.12133012345679012
-0.07053441403672578,-0.24476526512215938,0.01712725003073451,0.022498606271777036,0.0385,1.050531202571199,309.99999999999994,0.992275505863447,0.005198529411764706,0.09060294117647058,136,2,0,monthly_industry_30,monthly industry,epsilon_greedy_momentum,27,test,block,constant_a005,0.12133012345679012
-0.06026303873327107,-0.28756509833819566,0.017064243567927163,0.02242957746478876,0.10070000000000001,1.0287230243354926,309.9999999999999,0.9924358601151801,0.004352205882352941,0.14798235294117645,136,7,0,monthly_industry_30,monthly industry,epsilon_greedy_momentum,27,test,block,constant_a006,0.12133012345679012
0.01690749629629629,0.01690749629629629,0.01690749629629629,,inf,0.0,0.0,1.0,0.008147794117647059,0.0847264705882353,136,200,0,monthly_industry_30,monthly industry,epsilon_greedy_momentum,27,test,block,constant_a007,0.12133012345679012
0.01690749629629629,0.01690749629629629,0.01690749629629629,,inf,0.0,0.0,1.0,0.006644117647058825,0.12974411764705882,136,200,0,monthly_industry_30,monthly industry,epsilon_greedy_momentum,27,test,block,constant_a008,0.12133012345679012
0.017534653181246643,5.2006334195740996e-05,0.03637940214420295,0.1711,0.1711,9.999999999999998,1.1071428571428565,0.9264705882352942,0.0021544117647058834,0.2105794117647059,136,0,2,monthly_industry_30,monthly industry,epsilon_greedy_momentum,27,test,block,constant_a009,0.12133012345679012
0.015931684461562397,0.012848193016845625,0.019526185151338308,0.1414,0.1414,9.0,1.1071428571428565,0.9338235294117647,0.01612941176470588,0.1451029411764706,136,0,2,monthly_industry_30,monthly industry,epsilon_greedy_momentum,27,test,block,constant_a010,0.12133012345679012
0.43219923267973903,0.01690749629629629,1.2627827054466219,-0.1991,inf,1.0,309.99999999999994,0.9926470588235294,0.01574558823529412,0.17915,136,75,0,monthly_industry_30,monthly industry,epsilon_greedy_momentum,27,test,block,constant_a011,0.12133012345679012
0.11901601388888902,0.01675601720354808,0.3233697102838081,-0.05227243816254423,0.0017000000000000001,1.0215042791729907,309.99999999999994,0.992488939123728,0.016123529411764703,0.12421176470588235,136,2,0,monthly_industry_30,monthly industry,epsilon_greedy_momentum,27,test,block,constant_a012,0.12133012345679012
0.01690749629629629,0.01690749629629629,0.01690749629629629,,inf,0.0,0.0,1.0,0.012578676470588237,0.14005882352941176,136,200,0,monthly_industry_30,monthly industry,epsilon_greedy_momentum,27,test,block,constant_a013,0.12133012345679012
0.023523265585122938,0.011622691649548706,0.03793749867763771,0.2351,0.23510000000000003,16.999999999999996,1.1071428571428565,0.875,0.0199125,0.21385882352941174,136,0,3,monthly_industry_30,monthly industry,epsilon_greedy_momentum,27,test,block,constant_a014,0.12133012345679012
0.016623953874883277,0.01583717171607531,0.01717371492296918,0.0175,inf,4.0,1.1071428571428565,0.9705882352941176,0.012144117647058823,0.14591176470588232,136,10,1,monthly_industry_30,monthly industry,epsilon_greedy_momentum,27,test,block,constant_a015,0.12133012345679012
-0.21096130928239773,-0.7964385278876577,0.09365909224605,0.050643859649122776,0.1746,1.0359670939353351,309.99999999999994,0.9923825948975343,0.015613235294117645,0.13995294117647059,136,8,0,monthly_industry_30,monthly industry,epsilon_greedy_momentum,27,test,block,constant_a016,0.12133012345679012
0.0226120871787652,0.003963301832539554,0.044517666383684734,0.16149999999999998,0.1873,32.00000000000003,1.1071428571428568,0.7647058823529409,0.009413235294117648,0.2893911764705882,136,0,3,monthly_industry_30,monthly industry,epsilon_greedy_momentum,27,test,block,constant_a017,0.12133012345679012
0.01690749629629629,0.01690749629629629,0.01690749629629629,,inf,0.0,0.0,1.0,0.010013235294117651,0.17509411764705882,136,200,0,monthly_industry_30,monthly industry,epsilon_greedy_momentum,27,test,block,constant_a018,0.12133012345679012
0.01690749629629629,0.01690749629629629,0.01690749629629629,,inf,0.0,0.0,1.0,0.008348529411764708,0.08674705882352941,136,200,0,monthly_industry_30,monthly industry,epsilon_greedy_momentum,27,test,block,constant_a019,0.12133012345679012
-0.13332282614379065,-0.433783471023965,0.01690749629629629,0.049,inf,1.0,309.9999999999999,0.9926470588235294,0.005097058823529412,0.1036735294117647,136,72,0,monthly_industry_30,monthly industry,epsilon_greedy_momentum,27,test,block,constant_a020,0.12133012345679012
-0.13719782614378992,-0.4454084710239644,0.01690749629629629,0.0507,inf,1.0,309.9999999999999,0.9926470588235294,0.014211029411764706,0.10055882352941177,136,60,0,monthly_industry_30,monthly industry,epsilon_greedy_momentum,27,test,block,constant_a021,0.12133012345679012
0.0165374787815126,0.013116329237861806,0.01865460606481481,0.0902,0.0902,7.0,1.1071428571428568,0.9485294117647058,0.020024264705882353,0.10592058823529413,136,1,2,monthly_industry_30,monthly industry,epsilon_greedy_momentum,27,test,block,constant_a022,0.12133012345679012
-0.00544782614379085,-0.05015847102396514,0.01690749629629629,-0.0070999999999999995,inf,1.0,309.99999999999994,0.9926470588235294,0.002658823529411765,0.10287058823529413,136,80,0,monthly_industry_30,monthly industry,epsilon_greedy_momentum,27,test,block,constant_a023,0.12133012345679012
-0.5288545488951116,-1.43247694828198,0.01690749629629629,0.14029999999999998,inf,2.007136434078864,309.99999999999994,0.9852416438670671,0.008090441176470588,0.12422352941176472,136,11,1,monthly_industry_30,monthly industry,epsilon_greedy_momentum,27,test,block,constant_a024,0.12133012345679012
0.0187139385620915,0.01690749629629629,0.022326823093681926,-0.0177,inf,1.0,309.9999999999999,0.9926470588235294,0.010133823529411765,0.10630294117647059,136,75,0,monthly_industry_30,monthly industry,epsilon_greedy_momentum,27,test,block,constant_a025,0.12133012345679012
0.016525511749144097,0.01514734273264861,0.017501710480859002,0.09119999999999999,inf,3.0,1.107142857142857,0.9779411764705882,0.012989705882352941,0.09431470588235294,136,20,1,monthly_industry_30,monthly industry,epsilon_greedy_momentum,27,test,block,constant_a026,0.12133012345679012
0.09641731748415756,0.07962712760200186,0.11154168570349465,-0.0323,inf,1.0,1.107142857142857,0.9926470588235294,0.01041985294117647,0.09985882352941176,136,66,0,monthly_industry_30,monthly industry,epsilon_greedy_momentum,27,test,block,constant_a027,0.12133012345679012
0.0011453808278867202,-0.33394523572984713,0.21928508671023977,0.0344,inf,2.0,309.9999999999999,0.9852941176470589,0.011051470588235293,0.1126235294117647,136,34,1,monthly_industry_30,monthly industry,epsilon_greedy_momentum,27,test,block,constant_a028,0.12133012345679012
0.01690749629629629,0.01690749629629629,0.01690749629629629,,inf,0.0,0.0,1.0,0.008997058823529412,0.08895882352941176,136,200,0,monthly_industry_30,monthly industry,epsilon_greedy_momentum,27,test,block,constant_a029,0.12133012345679012
-0.031060816339869266,-0.17496575424836555,0.01690749629629629,0.004136666666666666,inf,1.0,309.9999999999999,0.9926470588235294,0.01024235294117647,0.10200901960784312,136,71,0,monthly_industry_30,monthly industry,epsilon_greedy_momentum,27,test,block,constant_equal_weight_public,0.12133012345679012
0.021152968309900523,0.002464592694496089,0.04298333208039709,0.18378983050847453,0.20380819672131145,118.00000000000018,1.107142857142857,0.13235294117646923,0.02070735294117647,0.17675588235294115,136,0,4,monthly_industry_30,monthly industry,epsilon_greedy_momentum,27,test,block,momentum_12,0.12133012345679012
-0.05365490236233367,-0.19488559090604474,0.018054253731033178,0.013999999999999999,inf,1.0,309.9999999999999,0.9926470588235294,0.006003799019607842,0.08625,136,83,0,monthly_industry_30,monthly industry,epsilon_greedy_momentum,27,test,block,low_vol_12,0.12133012345679012
0.01944944741302935,0.00814974246939026,0.031036244623390614,0.17276666666666668,0.1873,44.99999999999996,1.107142857142857,0.6691176470588238,0.015530686274509806,0.1313264705882353,136,0,3,monthly_industry_30,monthly industry,epsilon_greedy_momentum,27,test,block,risk_adjusted_12,0.12133012345679012
0.14680839624146372,0.12837289854554762,0.16341661146532152,0.1746,0.17460000000000003,6.0,1.1071428571428568,0.9558823529411765,0.006902941176470589,0.1615,136,5,2,monthly_industry_30,monthly industry,epsilon_greedy_momentum,27,test,block,ridge_return_train_only,0.12133012345679012
-0.00321963070336815,-0.07400896611025659,0.025031560470565747,0.1035,0.10350000000000001,4.639680618563107,30.621573151278437,0.9570399942725638,0.009589814814814813,0.0832074074074074,108,1,1,monthly_industry_30,monthly industry,risk_averse_low_volatility,7,calibration,iid,constant_a000,0.12133012345679012
0.017465859597109407,-0.02406211859714017,0.06142743760795656,0.0438,0.0438,10.91399570881983,26.16413167490137,0.8989444841775942,0.011237037037037037,0.08046666666666666,108,0,3,monthly_industry_30,monthly industry,risk_averse_low_volatility,7,calibration,iid,constant_a001,0.12133012345679012
-0.057426831123884275,-0.07917429347960989,-0.026430266013088084,0.0004,inf,1.974559821228536,26.313289877951146,0.9817170386923284,0.01357037037037037,0.08148518518518519,108,31,0,monthly_industry_30,monthly industry,risk_averse_low_volatility,7,calibration,iid,constant_a002,0.12133012345679012
0.017090896351665892,0.014057585185185186,0.023157518684627346,-0.024700000000000003,inf,1.0,30.782262454558992,0.9907407407407407,0.009954629629629631,0.2067925925925926,108,69,0,monthly_industry_30,monthly industry,risk_averse_low_volatility,7,calibration,iid,constant_a003,0.12133012345679012
-0.020322806859599155,-0.0428280109072222,0.010608560212836172,0.0184,inf,2.9991899765364143,26.93298828258408,0.9722297224394777,0.0031333333333333348,0.1556074074074074,108,13,1,monthly_industry_30,monthly industry,risk_averse_low_volatility,7,calibration,iid,constant_a004,0.12133012345679012
0.0004900492954196924,-0.02655723890219049,0.02310225996121164,0.0383,0.0383,3.870531046557712,29.89939220709671,0.9641617495689101,0.007787037037037038,0.10028888888888889,108,3,1,monthly_industry_30,monthly industry,risk_averse_low_volatility,7,calibration,iid,constant_a005,0.12133012345679012
-0.004950755050787121,-0.06175150098691488,0.032520298084295025,0.051399999999999994,inf,1.9794469839482265,41.51632545204275,0.9816717871856646,0.012547222222222222,0.13836666666666664,108,27,0,monthly_industry_30,monthly industry,risk_averse_low_volatility,7,calibration,iid,constant_a006,0.12133012345679012
-0.008244727031485863,-0.05627106164490915,0.03213830459595355,0.0461,0.0461,4.8515958211088845,29.209034433091922,0.955077816471214,0.010110185185185182,0.08343333333333333,108,0,1,monthly_industry_30,monthly industry,risk_averse_low_volatility,7,calibration,iid,constant_a007,0.12133012345679012
0.005490815106014304,-0.037610696893986655,0.03136956641295807,0.0363,0.0363,2.932083695830344,36.93700061291662,0.9728510768904598,0.01219907407407408,0.1576222222222222,108,9,1,monthly_industry_30,monthly industry,risk_averse_low_volatility,7,calibration,iid,constant_a008,0.12133012345679012
-0.026051403184773836,-0.09728093996809878,0.014057585185185186,0.0646,0.0646,2.9602526116218666,43.18027928364096,0.9725902535960939,0.01513333333333333,0.24232222222222222,108,9,1,monthly_industry_30,monthly industry,risk_averse_low_volatility,7,calibration,iid,constant_a009,0.12133012345679012
0.026398192986658988,0.014057585185185186,0.04480968483045606,-0.0255,inf,1.922052459348934,44.01093548876911,0.9822032179689913,0.004490740740740739,0.16894074074074072,108,21,0,monthly_industry_30,monthly industry,risk_averse_low_volatility,7,calibration,iid,constant_a010,0.12133012345679012
0.07583066591009535,0.014057585185185186,0.26114990808482613,-0.1216,inf,1.0,62.03592070885188,0.9907407407407407,0.005515740740740741,0.23192222222222222,108,70,0,monthly_industry_30,monthly industry,risk_averse_low_volatility,7,calibration,iid,constant_a011,0.12133012345679012
0.09252999264017969,0.014285826832010927,0.2763014766463596,-0.0149,-0.014899999999999998,2.7845094793922156,59.009404605599975,0.9742175048204424,0.01081574074074074,0.17674444444444445,108,5,1,monthly_industry_30,monthly industry,risk_averse_low_volatility,7,calibration,iid,constant_a012,0.12133012345679012
0.05401631847130111,0.014057585185185186,0.11567007317725181,-0.0708,inf,1.972563188573227,41.13746222357249,0.9817355260317294,0.009680555555555555,0.16028888888888887,108,22,0,monthly_industry_30,monthly industry,risk_averse_low_volatility,7,calibration,iid,constant_a013,0.12133012345679012
0.047299250202036534,0.014057585185185186,0.11461362186116092,-0.0867,inf,1.0,49.421537416839634,0.9907407407407407,0.009813888888888888,0.1906925925925926,108,67,0,monthly_industry_30,monthly industry,risk_averse_low_volatility,7,calibration,iid,constant_a014,0.12133012345679012
0.04717010890309633,0.014057585185185186,0.10047408308166182,-0.0398,inf,2.9640540747388213,34.04891440440591,0.9725550548635294,0.011383333333333332,0.1517,108,11,1,monthly_industry_30,monthly industry,risk_averse_low_volatility,7,calibration,iid,constant_a015,0.12133012345679012
0.063792278716727,0.013935502878364413,0.1600787739477287,-0.0137,inf,2.9792117939682607,43.13261816706327,0.972414705611405,0.005846296296296298,0.21665185185185185,108,15,1,monthly_industry_30,monthly industry,risk_averse_low_volatility,7,calibration,iid,constant_a016,0.12133012345679012
0.06288988583786141,-0.007141524030001415,0.18262108538779792,-0.0013,inf,1.895519998454839,96.52739537018516,0.9824488889031959,-0.0003518518518518532,0.29553703703703704,108,21,0,monthly_industry_30,monthly industry,risk_averse_low_volatility,7,calibration,iid,constant_a017,0.12133012345679012
0.045858172399490506,0.011730518159638804,0.11068489647302428,-0.007700000000000001,inf,2.775726702191148,40.86337139219845,0.9742988268315634,0.007457407407407407,0.13156296296296294,108,12,1,monthly_industry_30,monthly industry,risk_averse_low_volatility,7,calibration,iid,constant_a018,0.12133012345679012
-0.029899798986262435,-0.10650046490917084,0.040893480805861464,0.07139999999999999,0.07139999999999999,10.48349446295791,31.384641430253833,0.9029306068244638,0.008509259259259258,0.09720740740740741,108,0,3,monthly_industry_30,monthly industry,risk_averse_low_volatility,7,calibration,iid,constant_a019,0.12133012345679012
0.03223196926621053,0.014057585185185186,0.054064753665991346,-0.0341,inf,2.991894795407725,27.64146590768234,0.9722972704128915,0.01028611111111111,0.11100000000000002,108,11,1,monthly_industry_30,monthly industry,risk_averse_low_volatility,7,calibration,iid,constant_a020,0.12133012345679012
0.025351615900775164,-0.03516328515435787,0.07360797699584605,0.058499999999999996,0.058499999999999996,5.7801134010175845,37.4180808145692,0.9464804314720594,0.008956481481481482,0.10537407407407408,108,0,2,monthly_industry_30,monthly industry,risk_averse_low_volatility,7,calibration,iid,constant_a021,0.12133012345679012
-0.03311934532533533,-0.09431420530212699,0.014057585185185186,0.0687,inf,2.9769120145786854,37.43665785902046,0.9724359998650122,0.009407407407407408,0.13405555555555554,108,16,1,monthly_industry_30,monthly industry,risk_averse_low_volatility,7,calibration,iid,constant_a022,0.12133012345679012
0.024318613106387298,0.014057585185185186,0.04784384470762509,-0.0232,inf,1.9967072759194882,28.57917553925316,0.9815119696674122,0.009435185185185184,0.1265962962962963,108,34,0,monthly_industry_30,monthly industry,risk_averse_low_volatility,7,calibration,iid,constant_a023,0.12133012345679012
0.031552651012250306,-0.038495889389185224,0.11909625724075076,0.051399999999999994,inf,1.9719371430921717,36.73308228491421,0.9817413227491466,0.011483333333333335,0.11916296296296297,108,31,0,monthly_industry_30,monthly industry,risk_averse_low_volatility,7,calibration,iid,constant_a024,0.12133012345679012
0.004893803696786826,-0.013433759280009895,0.014057585185185186,0.025099999999999997,inf,1.0,25.274500357122637,0.9907407407407407,0.010116666666666666,0.11522222222222221,108,77,0,monthly_industry_30,monthly industry,risk_averse_low_volatility,7,calibration,iid,constant_a025,0.12133012345679012
0.035738113018828704,0.0021439926740547378,0.07534212352547537,0.0192,0.0192,4.897500374450971,29.12385935276326,0.9546527743106392,0.009475925925925928,0.09744814814814814,108,1,1,monthly_industry_30,monthly industry,risk_averse_low_volatility,7,calibration,iid,constant_a026,0.12133012345679012
0.03452356700244767,0.014057585185185186,0.060601649932173644,-0.0236,inf,2.9931887398957864,28.39385928102688,0.9722852894454094,0.011696296296296293,0.0864962962962963,108,16,1,monthly_industry_30,monthly industry,risk_averse_low_volatility,7,calibration,iid,constant_a027,0.12133012345679012
-0.0038105668855497937,-0.03558144649359599,0.02035138394847348,0.041299999999999996,inf,2.9959254851412043,30.991732986460434,0.9722599492116555,0.0033916666666666683,0.17157407407407407,108,14,1,monthly_industry_30,monthly industry,risk_averse_low_volatility,7,calibration,iid,constant_a028,0.12133012345679012
-0.021368021802611208,-0.0976591893603511,0.030732719932816194,0.111,0.11100000000000002,3.995281322620706,25.262143562139574,0.9630066544201786,0.005977777777777777,0.14215185185185186,108,3,1,monthly_industry_30,monthly industry,risk_averse_low_volatility,7,calibration,iid,constant_a029,0.12133012345679012
-0.018134357199509097,-0.08842091114356435,0.024510092301276428,0.06791999999999998,0.06791999999999998,5.954707119172629,31.336219640920216,0.9448638229706238,0.008955,0.12133012345679012,108,1,2,monthly_industry_30,monthly industry,risk_averse_low_volatility,7,calibration,iid,constant_equal_weight_public,0.12133012345679012
0.02376222889969033,-0.07199501876789106,0.12491080116435209,0.051399999999999994,inf,1.9992710988531617,43.13261816706327,0.9814882305661744,0.013036111111111111,0.2308074074074074,108,23,0,monthly_industry_30,monthly industry,risk_averse_low_volatility,7,calibration,iid,momentum_12,0.12133012345679012
0.022580083642720645,0.0094990832030723,0.042223791609301814,-0.0011,-0.0011,3.969918412803866,17.567054710996022,0.963241496177742,0.009154320987654322,0.09146296296296295,108,2,1,monthly_industry_30,monthly industry,risk_averse_low_volatility,7,calibration,iid,low_vol_12,0.12133012345679012
0.011223652208272036,0.008666823110087022,0.013407223700400893,-0.0101,inf,1.0,16.566633382207318,0.9907407407407407,0.0024592592592592587,0.2494555555555555,108,77,0,monthly_industry_30,monthly industry,risk_averse_low_volatility,7,calibration,iid,risk_adjusted_12,0.12133012345679012
0.002095538493338861,-0.06729110027533697,0.030164642383561358,0.1035,0.10350000000000001,3.819926134363772,30.621573151278437,0.9646303135707058,0.011241666666666665,0.10371481481481482,108,3,1,monthly_industry_30,monthly industry,risk_averse_low_volatility,7,calibration,iid,ridge_return_train_only,0.12133012345679012
-0.00321963070336815,-0.05081890102025905,0.025043925438180178,0.1035,0.1035,4.639680618563107,30.621573151278437,0.9570399942725638,0.009589814814814813,0.0832074074074074,108,1,1,monthly_industry_30,monthly industry,risk_averse_low_volatility,7,calibration,block,constant_a000,0.12133012345679012
0.017465859597109407,-0.030033139224831175,0.06017750321824551,0.0438,0.0438,10.91399570881983,26.16413167490137,0.8989444841775942,0.011237037037037037,0.08046666666666666,108,0,3,monthly_industry_30,monthly industry,risk_averse_low_volatility,7,calibration,block,constant_a001,0.12133012345679012
-0.057426831123884275,-0.08029248666359393,-0.02834797473971709,0.0004,inf,1.974559821228536,26.313289877951146,0.9817170386923284,0.01357037037037037,0.08148518518518519,108,29,0,monthly_industry_30,monthly industry,risk_averse_low_volatility,7,calibration,block,constant_a002,0.12133012345679012
0.017090896351665892,0.014057585185185186,0.02315751868462735,-0.024700000000000003,inf,1.0,30.782262454558992,0.9907407407407407,0.009954629629629631,0.2067925925925926,108,73,0,monthly_industry_30,monthly industry,risk_averse_low_volatility,7,calibration,block,constant_a003,0.12133012345679012
-0.020322806859599155,-0.0466742696479254,0.00918255862929753,0.0184,0.0184,2.9991899765364143,26.93298828258408,0.9722297224394777,0.0031333333333333348,0.1556074074074074,108,8,1,monthly_industry_30,monthly industry,risk_averse_low_volatility,7,calibration,block,constant_a004,0.12133012345679012
0.0004900492954196924,-0.02873712899351764,0.02181991147062553,0.0383,0.0383,3.870531046557712,29.89939220709671,0.9641617495689101,0.007787037037037038,0.10028888888888889,108,2,1,monthly_industry_30,monthly industry,risk_averse_low_volatility,7,calibration,block,constant_a005,0.12133012345679012
-0.004950755050787121,-0.061430148421841475,0.03252029808429501,0.051399999999999994,inf,1.9794469839482265,41.51632545204275,0.9816717871856646,0.012547222222222222,0.13836666666666664,108,23,0,monthly_industry_30,monthly industry,risk_averse_low_volatility,7,calibration,block,constant_a006,0.12133012345679012
-0.008244727031485863,-0.050311592697381974,0.0276864389544746,0.0461,0.0461,4.8515958211088845,29.209034433091922,0.955077816471214,0.010110185185185182,0.08343333333333333,108,1,1,monthly_industry_30,monthly industry,risk_averse_low_volatility,7,calibration,block,constant_a007,0.12133012345679012
0.005490815106014304,-0.03504365720916321,0.03136956641295806,0.0363,0.0363,2.932083695830344,36.93700061291662,0.9728510768904598,0.01219907407407408,0.1576222222222222,108,9,1,monthly_industry_30,monthly industry,risk_averse_low_volatility,7,calibration,block,constant_a008,0.12133012345679012
-0.026051403184773836,-0.09106526118479365,0.014057585185185186,0.0646,0.0646,2.9602526116218666,43.18027928364096,0.9725902535960939,0.01513333333333333,0.24232222222222222,108,8,1,monthly_industry_30,monthly industry,risk_averse_low_volatility,7,calibration,block,constant_a009,0.12133012345679012
0.026398192986658988,0.014057585185185186,0.04649189647665173,-0.0255,inf,1.922052459348934,44.01093548876911,0.9822032179689913,0.004490740740740739,0.16894074074074072,108,22,0,monthly_industry_30,monthly industry,risk_averse_low_volatility,7,calibration,block,constant_a010,0.12133012345679012
0.07583066591009535,0.014057585185185186,0.200921154378039,-0.1216,inf,1.0,62.03592070885188,0.9907407407407407,0.005515740740740741,0.23192222222222222,108,69,0,monthly_industry_30,monthly industry,risk_averse_low_volatility,7,calibration,block,constant_a011,0.12133012345679012
0.09252999264017969,0.014291679181929536,0.23278333417501526,-0.0149,-0.014899999999999998,2.7845094793922156,59.009404605599975,0.9742175048204424,0.01081574074074074,0.17674444444444445,108,4,1,monthly_industry_30,monthly industry,risk_averse_low_volatility,7,calibration,block,constant_a012,0.12133012345679012
0.05401631847130111,0.014057585185185186,0.11567007317725178,-0.0708,inf,1.972563188573227,41.13746222357249,0.9817355260317294,0.009680555555555555,0.16028888888888887,108,22,0,monthly_industry_30,monthly industry,risk_averse_low_volatility,7,calibration,block,constant_a013,0.12133012345679012
0.047299250202036534,0.014057585185185186,0.11378258023573945,-0.0867,inf,1.0,49.421537416839634,0.9907407407407407,0.009813888888888888,0.1906925925925926,108,63,0,monthly_industry_30,monthly industry,risk_averse_low_volatility,7,calibration,block,constant_a014,0.12133012345679012
0.04717010890309633,0.014057585185185186,0.09371896262241487,-0.0398,-0.0398,2.9640540747388213,34.04891440440591,0.9725550548635294,0.011383333333333332,0.1517,108,7,1,monthly_industry_30,monthly industry,risk_averse_low_volatility,7,calibration,block,constant_a015,0.12133012345679012
0.063792278716727,0.013938480495603945,0.16023174677094748,-0.0137,inf,2.9792117939682607,43.13261816706327,0.972414705611405,0.005846296296296298,0.21665185185185185,108,20,1,monthly_industry_30,monthly industry,risk_averse_low_volatility,7,calibration,block,constant_a016,0.12133012345679012
0.06288988583786141,-0.007141524030001413,0.18175359635840055,-0.0013,inf,1.895519998454839,96.52739537018516,0.9824488889031959,-0.0003518518518518532,0.29553703703703704,108,25,0,monthly_industry_30,monthly industry,risk_averse_low_volatility,7,calibration,block,constant_a017,0.12133012345679012
0.045858172399490506,0.012864963334592666,0.1112096503972813,-0.007700000000000001,-0.007699999999999999,2.775726702191148,40.86337139219845,0.9742988268315634,0.007457407407407407,0.13156296296296294,108,8,1,monthly_industry_30,monthly industry,risk_averse_low_volatility,7,calibration,block,constant_a018,0.12133012345679012
-0.029899798986262435,-0.0984492660518966,0.02047819149611864,0.07139999999999999,0.07139999999999999,10.48349446295791,31.384641430253833,0.9029306068244638,0.008509259259259258,0.09720740740740741,108,0,3,monthly_industry_30,monthly industry,risk_averse_low_volatility,7,calibration,block,constant_a019,0.12133012345679012
0.03223196926621053,0.014057585185185186,0.052047873535105406,-0.0341,-0.0341,2.991894795407725,27.64146590768234,0.9722972704128915,0.01028611111111111,0.11100000000000002,108,8,1,monthly_industry_30,monthly industry,risk_averse_low_volatility,7,calibration,block,constant_a020,0.12133012345679012
0.025351615900775164,-0.042003052835105775,0.08017749519917224,0.058499999999999996,0.0585,5.7801134010175845,37.4180808145692,0.9464804314720594,0.008956481481481482,0.10537407407407408,108,1,2,monthly_industry_30,monthly industry,risk_averse_low_volatility,7,calibration,block,constant_a021,0.12133012345679012
-0.03311934532533533,-0.08544925425099886,0.004879140794133333,0.0687,0.0687,2.9769120145786854,37.43665785902046,0.9724359998650122,0.009407407407407408,0.13405555555555554,108,5,1,monthly_industry_30,monthly industry,risk_averse_low_volatility,7,calibration,block,constant_a022,0.12133012345679012
0.024318613106387298,0.014057585185185186,0.04000210084054582,-0.0232,inf,1.9967072759194882,28.57917553925316,0.9815119696674122,0.009435185185185184,0.1265962962962963,108,18,0,monthly_industry_30,monthly industry,risk_averse_low_volatility,7,calibration,block,constant_a023,0.12133012345679012
0.031552651012250306,-0.020978633506838214,0.1195336338864275,0.051399999999999994,inf,1.9719371430921717,36.73308228491421,0.9817413227491466,0.011483333333333335,0.11916296296296297,108,27,0,monthly_industry_30,monthly industry,risk_averse_low_volatility,7,calibration,block,constant_a024,0.12133012345679012
0.004893803696786826,-0.013433759280009895,0.014057585185185186,0.025099999999999997,inf,1.0,25.274500357122637,0.9907407407407407,0.010116666666666666,0.11522222222222221,108,69,0,monthly_industry_30,monthly industry,risk_averse_low_volatility,7,calibration,block,constant_a025,0.12133012345679012
0.035738113018828704,0.006495474097557585,0.06815650153579926,0.0192,0.0192,4.897500374450971,29.12385935276326,0.9546527743106392,0.009475925925925928,0.09744814814814814,108,0,1,monthly_industry_30,monthly industry,risk_averse_low_volatility,7,calibration,block,constant_a026,0.12133012345679012
0.03452356700244767,0.014057585185185186,0.06292863142663117,-0.0236,inf,2.9931887398957864,28.39385928102688,0.9722852894454094,0.011696296296296293,0.0864962962962963,108,11,1,monthly_industry_30,monthly industry,risk_averse_low_volatility,7,calibration,block,constant_a027,0.12133012345679012
-0.0038105668855497937,-0.035660118978137124,0.017233589244702644,0.041299999999999996,inf,2.9959254851412043,30.991732986460434,0.9722599492116555,0.0033916666666666683,0.17157407407407407,108,10,1,monthly_industry_30,monthly industry,risk_averse_low_volatility,7,calibration,block,constant_a028,0.12133012345679012
-0.021368021802611208,-0.10952209452110485,0.027366931171373603,0.111,0.11100000000000002,3.995281322620706,25.262143562139574,0.9630066544201786,0.005977777777777777,0.14215185185185186,108,9,1,monthly_industry_30,monthly industry,risk_averse_low_volatility,7,calibration,block,constant_a029,0.12133012345679012
-0.018134357199509097,-0.07547207528144075,0.028427604622137833,0.06791999999999998,0.06791999999999998,5.954707119172629,31.336219640920216,0.9448638229706238,0.008955,0.12133012345679012,108,1,2,monthly_industry_30,monthly industry,risk_averse_low_volatility,7,calibration,block,constant_equal_weight_public,0.12133012345679012
0.02376222889969033,-0.05505386624449659,0.14997883649806135,0.051399999999999994,inf,1.9992710988531617,43.13261816706327,0.9814882305661744,0.013036111111111111,0.2308074074074074,108,26,0,monthly_industry_30,monthly industry,risk_averse_low_volatility,7,calibration,block,momentum_12,0.12133012345679012
0.022580083642720645,0.010102430001530528,0.03842642989474902,-0.0011,-0.0011,3.969918412803866,17.567054710996022,0.963241496177742,0.009154320987654322,0.09146296296296295,108,2,1,monthly_industry_30,monthly industry,risk_averse_low_volatility,7,calibration,block,low_vol_12,0.12133012345679012
0.011223652208272036,0.008329535101033113,0.013448998501557728,-0.0101,inf,1.0,16.566633382207318,0.9907407407407407,0.0024592592592592587,0.2494555555555555,108,73,0,monthly_industry_30,monthly industry,risk_averse_low_volatility,7,calibration,block,risk_adjusted_12,0.12133012345679012
0.002095538493338861,-0.04506022118479101,0.03057796337399096,0.1035,0.1035,3.819926134363772,30.621573151278437,0.9646303135707058,0.011241666666666665,0.10371481481481482,108,3,1,monthly_industry_30,monthly industry,risk_averse_low_volatility,7,calibration,block,ridge_return_train_only,0.12133012345679012
0.002538231249097896,-0.0340390649235144,0.034872690953659774,0.08779999999999999,0.08779999999999999,2.9941673794118895,23.59888680106988,0.9779840633866773,0.005722058823529412,0.07954117647058823,136,9,1,monthly_industry_30,monthly industry,risk_averse_low_volatility,7,test,iid,constant_a000,0.12133012345679012
0.021543102662917615,-0.002609758234640067,0.051254421426235104,0.0159,0.0159,6.853117599817053,28.26746142552011,0.9496094294131099,0.005813235294117649,0.08037058823529412,136,0,2,monthly_industry_30,monthly industry,risk_averse_low_volatility,7,test,iid,constant_a001,0.12133012345679012
0.0024537479751003052,-0.06365739336633937,0.08246333731413141,0.1417,0.1417,4.886673430062977,45.231639636557865,0.9640685777201252,0.011203676470588236,0.12225294117647058,136,1,1,monthly_industry_30,monthly industry,risk_averse_low_volatility,7,test,iid,constant_a002,0.12133012345679012
0.009984642229387932,-0.0635981137066865,0.05822747245170889,0.1005,inf,1.9946694197374082,34.08075761019479,0.9853333130901661,0.012388235294117648,0.15730882352941175,136,31,0,monthly_industry_30,monthly industry,risk_averse_low_volatility,7,test,iid,constant_a003,0.12133012345679012
0.019362337919680207,-0.03999582067137292,0.10326057610357173,0.0053,0.0053,4.8575755926747135,36.276313187385604,0.9642825324068036,0.0059507352941176464,0.1360823529411765,136,1,1,monthly_industry_30,monthly industry,risk_averse_low_volatility,7,test,iid,constant_a004,0.12133012345679012
0.025470586393661947,0.005334165170678251,0.04302562299640517,0.0043,0.0043,6.871795899956838,26.296062522555264,0.9494720889709056,0.005198529411764706,0.09060294117647058,136,0,2,monthly_industry_30,monthly industry,risk_averse_low_volatility,7,test,iid,constant_a005,0.12133012345679012
0.013509287386915916,0.01241269179037738,0.014057585185185188,-0.0111,inf,1.0,25.212629863762157,0.9926470588235294,0.004352205882352941,0.14798235294117645,136,77,0,monthly_industry_30,monthly industry,risk_averse_low_volatility,7,test,iid,constant_a006,0.12133012345679012
0.04655270690208463,0.01670667497813539,0.08531676448506126,-0.0083,-0.0083,4.905000331531728,25.59447035245222,0.9639338210916785,0.008147794117647059,0.0847264705882353,136,1,1,monthly_industry_30,monthly industry,risk_averse_low_volatility,7,test,iid,constant_a007,0.12133012345679012
0.05010881306011609,0.010770910277170425,0.09971192145028676,0.003,0.0030000000000000005,3.94416646521514,36.9697230464562,0.9709987759910651,0.006644117647058825,0.12974411764705882,136,4,1,monthly_industry_30,monthly industry,risk_averse_low_volatility,7,test,iid,constant_a008,0.12133012345679012
0.05139344488182336,0.007943013068879354,0.10543636637153762,0.0168,0.0168,4.529206774085335,63.50683100681053,0.9666970090140784,0.0021544117647058834,0.2105794117647059,136,0,1,monthly_industry_30,monthly industry,risk_averse_low_volatility,7,test,iid,constant_a009,0.12133012345679012
0.007518196058047568,-0.019351573181260306,0.0297779798780847,0.0361,0.0361,3.855762908480279,43.58040502881796,0.9716488021435273,0.01612941176470588,0.1451029411764706,136,4,1,monthly_industry_30,monthly industry,risk_averse_low_volatility,7,test,iid,constant_a010,0.12133012345679012
-0.0365306337199172,-0.13350068483664934,0.04311786154369757,0.1162,0.11620000000000001,2.9856191502144642,38.79226847085088,0.9780469180131289,0.01574558823529412,0.17915,136,6,1,monthly_industry_30,monthly industry,risk_averse_low_volatility,7,test,iid,constant_a011,0.12133012345679012
0.05626209160591115,0.014057585185185186,0.12326185635176826,-0.0716,inf,1.9902876644648269,35.26161176211478,0.985365531878935,0.016123529411764703,0.12421176470588235,136,28,0,monthly_industry_30,monthly industry,risk_averse_low_volatility,7,test,iid,constant_a012,0.12133012345679012
0.013920913494223431,0.013510898421338166,0.014057585185185188,-0.013500000000000002,inf,1.0,33.335444457021225,0.9926470588235294,0.012578676470588237,0.14005882352941176,136,74,0,monthly_industry_30,monthly industry,risk_averse_low_volatility,7,test,iid,constant_a013,0.12133012345679012
0.02092051693065272,-0.1635233380483954,0.2383696857657391,0.09960000000000001,0.09960000000000002,4.292073916591306,79.91110189917669,0.9684406329662404,0.0199125,0.21385882352941174,136,0,1,monthly_industry_30,monthly industry,risk_averse_low_volatility,7,test,iid,constant_a014,0.12133012345679012
-0.01806760343722878,-0.08721803075618721,0.04914614178599758,0.0661,0.0661,5.7308828914477665,43.751500929349895,0.9578611552099429,0.012144117647058823,0.14591176470588232,136,0,2,monthly_industry_30,monthly industry,risk_averse_low_volatility,7,test,iid,constant_a015,0.12133012345679012
-0.00950332722723113,-0.05662515205206394,0.014057585185185188,0.0848,inf,1.0,32.41313331785511,0.9926470588235294,0.015613235294117645,0.13995294117647059,136,69,0,monthly_industry_30,monthly industry,risk_averse_low_volatility,7,test,iid,constant_a016,0.12133012345679012
-0.014016084263024833,-0.07892455778665858,0.022710557656507008,0.08650000000000001,inf,1.9894000030454229,43.819878578942294,0.9853720588011365,0.009413235294117648,0.2893911764705882,136,27,0,monthly_industry_30,monthly industry,risk_averse_low_volatility,7,test,iid,constant_a017,0.12133012345679012
0.21183192751832158,-0.0588126216981218,0.5998499712819955,0.0929,0.0929,7.248560453962685,66.42657561868639,0.9467017613679214,0.010013235294117651,0.17509411764705882,136,0,2,monthly_industry_30,monthly industry,risk_averse_low_volatility,7,test,iid,constant_a018,0.12133012345679012
-0.015846801849053675,-0.06559865081208298,0.038091669764941084,0.1305,0.1305,4.733176442811657,29.22993593528273,0.9651972320381496,0.008348529411764708,0.08674705882352941,136,1,1,monthly_industry_30,monthly industry,risk_averse_low_volatility,7,test,iid,constant_a019,0.12133012345679012
0.012132157074336222,-0.022660158495526692,0.04768533397449154,0.0305,0.030500000000000003,4.968893718978232,27.796675213072035,0.9634640167722188,0.005097058823529412,0.1036735294117647,136,2,1,monthly_industry_30,monthly industry,risk_averse_low_volatility,7,test,iid,constant_a020,0.12133012345679012
0.015946552633353397,-0.01965781157454921,0.05334002726525503,0.0519,0.05190000000000001,3.975291627826362,30.27101787919962,0.9707699145012767,0.014211029411764706,0.10055882352941177,136,4,1,monthly_industry_30,monthly industry,risk_averse_low_volatility,7,test,iid,constant_a021,0.12133012345679012
0.0041037950783995745,-0.05807835415430315,0.06872384075339043,0.09820000000000001,0.09820000000000001,7.8360593504277665,38.319405786435716,0.9423819165409724,0.020024264705882353,0.10592058823529413,136,0,2,monthly_industry_30,monthly industry,risk_averse_low_volatility,7,test,iid,constant_a022,0.12133012345679012
-0.011652272398537345,-0.07010707007114898,0.025251249260731457,0.1253,0.1253,3.9041899716757498,28.03214970564857,0.9712927207965019,0.002658823529411765,0.10287058823529413,136,1,1,monthly_industry_30,monthly industry,risk_averse_low_volatility,7,test,iid,constant_a023,0.12133012345679012
0.04324726537825746,0.009547991238510897,0.1000973312804848,-0.0053,inf,2.9094780091900914,35.978710443519304,0.9786067793441905,0.008090441176470588,0.12422352941176472,136,11,1,monthly_industry_30,monthly industry,risk_averse_low_volatility,7,test,iid,constant_a024,0.12133012345679012
-0.008820897642736006,-0.07852455564175692,0.042920021761946134,0.1121,0.11210000000000002,4.989132308487547,28.376981925160354,0.9633152036140622,0.010133823529411765,0.10630294117647059,136,2,1,monthly_industry_30,monthly industry,risk_averse_low_volatility,7,test,iid,constant_a025,0.12133012345679012
0.037291731691739854,-0.007280363591245378,0.08284302854172827,0.0455,inf,2.9715974296523027,30.732399787918716,0.9781500188996154,0.012989705882352941,0.09431470588235294,136,11,1,monthly_industry_30,monthly industry,risk_averse_low_volatility,7,test,iid,constant_a026,0.12133012345679012
-0.01737891251046464,-0.05848973025300438,0.01664737248672752,0.0513,0.051300000000000005,3.828965878192296,40.54905787601132,0.971845839130939,0.01041985294117647,0.09985882352941176,136,3,1,monthly_industry_30,monthly industry,risk_averse_low_volatility,7,test,iid,constant_a027,0.12133012345679012
-0.006393825772209337,-0.04375024738857905,0.03442980943555244,0.0286,0.028600000000000004,6.898782974934093,36.8935283776385,0.9492736545960728,0.011051470588235293,0.1126235294117647,136,0,2,monthly_industry_30,monthly industry,risk_averse_low_volatility,7,test,iid,constant_a028,0.12133012345679012
-0.006303849897941821,-0.028736881462078062,0.00660221089290546,0.0161,0.0161,5.9919663249280335,28.30639653421624,0.9559414240814115,0.008997058823529412,0.08895882352941176,136,2,2,monthly_industry_30,monthly industry,risk_averse_low_volatility,7,test,iid,constant_a029,0.12133012345679012
-0.013759040822424781,-0.0675490857288314,0.03654228618975033,0.06444333333333334,0.06444333333333334,5.972576930243635,30.193943691031617,0.9560839931599733,0.01024235294117647,0.10200901960784312,136,0,2,monthly_industry_30,monthly industry,risk_averse_low_volatility,7,test,iid,constant_equal_weight_public,0.12133012345679012
0.010161897364703356,0.007367173102738747,0.012506089081770451,,inf,0.0,0.0,1.0,0.02070735294117647,0.17675588235294115,136,200,0,monthly_industry_30,monthly industry,risk_averse_low_volatility,7,test,iid,momentum_12,0.12133012345679012
0.015644178173528422,0.006046331330973854,0.029094957682925845,0.0101,0.0101,5.9162510407181506,21.619947908716075,0.9564981541123665,0.006003799019607842,0.08625,136,0,2,monthly_industry_30,monthly industry,risk_averse_low_volatility,7,test,iid,low_vol_12,0.12133012345679012
-0.025867767519555003,-0.11674920182742989,0.040287855715375034,0.0929,0.0929,4.369244833604774,49.23998066198115,0.9678731997529061,0.015530686274509806,0.1313264705882353,136,2,1,monthly_industry_30,monthly industry,risk_averse_low_volatility,7,test,iid,risk_adjusted_12,0.12133012345679012
0.00313266988303674,-0.05469138880944579,0.06510018829871737,0.08779999999999999,0.08779999999999999,3.7671997740238585,45.231639636557865,0.9723000016615893,0.00794264705882353,0.0895264705882353,136,5,1,monthly_industry_30,monthly industry,risk_averse_low_volatility,7,test,iid,ridge_return_train_only,0.12133012345679012
0.002538231249097896,-0.039875427125505264,0.03475603512279207,0.08779999999999999,0.08779999999999999,2.9941673794118895,23.59888680106988,0.9779840633866773,0.005722058823529412,0.07954117647058823,136,6,1,monthly_industry_30,monthly industry,risk_averse_low_volatility,7,test,block,constant_a000,0.12133012345679012
0.021543102662917615,-0.00015640388875754052,0.05284514044804895,0.0159,0.0159,6.853117599817053,28.26746142552011,0.9496094294131099,0.005813235294117649,0.08037058823529412,136,1,2,monthly_industry_30,monthly industry,risk_averse_low_volatility,7,test,block,constant_a001,0.12133012345679012
0.0024537479751003052,-0.06094426943763919,0.09841374423396541,0.1417,0.1417,4.886673430062977,45.231639636557865,0.9640685777201252,0.011203676470588236,0.12225294117647058,136,0,1,monthly_industry_30,monthly industry,risk_averse_low_volatility,7,test,block,constant_a002,0.12133012345679012
0.009984642229387932,-0.0635981137066865,0.07949445520966454,0.1005,inf,1.9946694197374082,34.08075761019479,0.9853333130901661,0.012388235294117648,0.15730882352941175,136,27,0,monthly_industry_30,monthly industry,risk_averse_low_volatility,7,test,block,constant_a003,0.12133012345679012
0.019362337919680207,-0.04205118657533757,0.08955459038355126,0.0053,0.0053,4.8575755926747135,36.276313187385604,0.9642825324068036,0.0059507352941176464,0.1360823529411765,136,1,1,monthly_industry_30,monthly industry,risk_averse_low_volatility,7,test,block,constant_a004,0.12133012345679012
0.025470586393661947,0.008559784730976749,0.04328018840247506,0.0043,0.0043,6.871795899956838,26.296062522555264,0.9494720889709056,0.005198529411764706,0.09060294117647058,136,0,2,monthly_industry_30,monthly industry,risk_averse_low_volatility,7,test,block,constant_a005,0.12133012345679012
0.013509287386915916,0.01241269179037738,0.014057585185185188,-0.0111,inf,1.0,25.212629863762157,0.9926470588235294,0.004352205882352941,0.14798235294117645,136,83,0,monthly_industry_30,monthly industry,risk_averse_low_volatility,7,test,block,constant_a006,0.12133012345679012
0.04655270690208463,0.011890491901009593,0.08721051278919359,-0.0083,-0.0083,4.905000331531728,25.59447035245222,0.9639338210916785,0.008147794117647059,0.0847264705882353,136,2,1,monthly_industry_30,monthly industry,risk_averse_low_volatility,7,test,block,constant_a007,0.12133012345679012
0.05010881306011609,0.009833954155564833,0.10422224771377295,0.003,0.0030000000000000005,3.94416646521514,36.9697230464562,0.9709987759910651,0.006644117647058825,0.12974411764705882,136,3,1,monthly_industry_30,monthly industry,risk_averse_low_volatility,7,test,block,constant_a008,0.12133012345679012
0.05139344488182336,0.0020472859621348295,0.11354294353336408,0.0168,0.0168,4.529206774085335,63.50683100681053,0.9666970090140784,0.0021544117647058834,0.2105794117647059,136,1,1,monthly_industry_30,monthly industry,risk_averse_low_volatility,7,test,block,constant_a009,0.12133012345679012
0.007518196058047568,-0.010652207061861962,0.025157172171283913,0.0361,0.0361,3.855762908480279,43.58040502881796,0.9716488021435273,0.01612941176470588,0.1451029411764706,136,2,1,monthly_industry_30,monthly industry,risk_averse_low_volatility,7,test,block,constant_a010,0.12133012345679012
-0.0365306337199172,-0.12430057630716834,0.02861512929020492,0.1162,inf,2.9856191502144642,38.79226847085088,0.9780469180131289,0.01574558823529412,0.17915,136,19,1,monthly_industry_30,monthly industry,risk_averse_low_volatility,7,test,block,constant_a011,0.12133012345679012
0.05626209160591115,0.014057585185185188,0.1258155475278341,-0.0716,inf,1.9902876644648269,35.26161176211478,0.985365531878935,0.016123529411764703,0.12421176470588235,136,27,0,monthly_industry_30,monthly industry,risk_averse_low_volatility,7,test,block,constant_a012,0.12133012345679012
0.013920913494223431,0.013647570112299922,0.014057585185185188,-0.013500000000000002,inf,1.0,33.335444457021225,0.9926470588235294,0.012578676470588237,0.14005882352941176,136,88,0,monthly_industry_30,monthly industry,risk_averse_low_volatility,7,test,block,constant_a013,0.12133012345679012
0.02092051693065272,-0.1937746317812311,0.24009946573987512,0.09960000000000001,0.09960000000000001,4.292073916591306,79.91110189917669,0.9684406329662404,0.0199125,0.21385882352941174,136,3,1,monthly_industry_30,monthly industry,risk_averse_low_volatility,7,test,block,constant_a014,0.12133012345679012
-0.01806760343722878,-0.09578251632403534,0.05137021567071371,0.0661,0.0661,5.7308828914477665,43.751500929349895,0.9578611552099429,0.012144117647058823,0.14591176470588232,136,1,2,monthly_industry_30,monthly industry,risk_averse_low_volatility,7,test,block,constant_a015,0.12133012345679012
-0.00950332722723113,-0.05721417486237434,0.014057585185185188,0.0848,inf,1.0,32.41313331785511,0.9926470588235294,0.015613235294117645,0.13995294117647059,136,78,0,monthly_industry_30,monthly industry,risk_averse_low_volatility,7,test,block,constant_a016,0.12133012345679012
-0.014016084263024833,-0.07881639563076705,0.027037043892167916,0.08650000000000001,inf,1.9894000030454229,43.819878578942294,0.9853720588011365,0.009413235294117648,0.2893911764705882,136,25,0,monthly_industry_30,monthly industry,risk_averse_low_volatility,7,test,block,constant_a017,0.12133012345679012
0.21183192751832158,-0.03862593388471335,0.5749708245802102,0.0929,0.09290000000000001,7.248560453962685,66.42657561868639,0.9467017613679214,0.010013235294117651,0.17509411764705882,136,0,2,monthly_industry_30,monthly industry,risk_averse_low_volatility,7,test,block,constant_a018,0.12133012345679012
-0.015846801849053675,-0.07765271713794912,0.03760365726223276,0.1305,0.1305,4.733176442811657,29.22993593528273,0.9651972320381496,0.008348529411764708,0.08674705882352941,136,3,1,monthly_industry_30,monthly industry,risk_averse_low_volatility,7,test,block,constant_a019,0.12133012345679012
0.012132157074336222,-0.013928974502342272,0.044189186713107995,0.0305,0.030500000000000003,4.968893718978232,27.796675213072035,0.9634640167722188,0.005097058823529412,0.1036735294117647,136,1,1,monthly_industry_30,monthly industry,risk_averse_low_volatility,7,test,block,constant_a020,0.12133012345679012
0.015946552633353397,-0.021397755263929168,0.05898968060529578,0.0519,0.05190000000000001,3.975291627826362,30.27101787919962,0.9707699145012767,0.014211029411764706,0.10055882352941177,136,1,1,monthly_industry_30,monthly industry,risk_averse_low_volatility,7,test,block,constant_a021,0.12133012345679012
0.0041037950783995745,-0.06492653097871999,0.06389786867114561,0.09820000000000001,0.09820000000000001,7.8360593504277665,38.319405786435716,0.9423819165409724,0.020024264705882353,0.10592058823529413,136,0,2,monthly_industry_30,monthly industry,risk_averse_low_volatility,7,test,block,constant_a022,0.12133012345679012
-0.011652272398537345,-0.07541385449660083,0.02548605427211001,0.1253,0.1253,3.9041899716757498,28.03214970564857,0.9712927207965019,0.002658823529411765,0.10287058823529413,136,3,1,monthly_industry_30,monthly industry,risk_averse_low_volatility,7,test,block,constant_a023,0.12133012345679012
0.04324726537825746,0.00949162131417747,0.09288810386031289,-0.0053,-0.0053,2.9094780091900914,35.978710443519304,0.9786067793441905,0.008090441176470588,0.12422352941176472,136,8,1,monthly_industry_30,monthly industry,risk_averse_low_volatility,7,test,block,constant_a024,0.12133012345679012
-0.008820897642736006,-0.07269118399372607,0.044498804443684814,0.1121,0.11210000000000002,4.989132308487547,28.376981925160354,0.9633152036140622,0.010133823529411765,0.10630294117647059,136,2,1,monthly_industry_30,monthly industry,risk_averse_low_volatility,7,test,block,constant_a025,0.12133012345679012
0.037291731691739854,-0.01763849182247066,0.08335687378761651,0.0455,0.045500000000000006,2.9715974296523027,30.732399787918716,0.9781500188996154,0.012989705882352941,0.09431470588235294,136,8,1,monthly_industry_30,monthly industry,risk_averse_low_volatility,7,test,block,constant_a026,0.12133012345679012
-0.01737891251046464,-0.053768293885475424,0.016656956294932947,0.0513,0.051300000000000005,3.828965878192296,40.54905787601132,0.971845839130939,0.01041985294117647,0.09985882352941176,136,4,1,monthly_industry_30,monthly industry,risk_averse_low_volatility,7,test,block,constant_a027,0.12133012345679012
-0.006393825772209337,-0.04464129383334635,0.03617586107861217,0.0286,0.028600000000000004,6.898782974934093,36.8935283776385,0.9492736545960728,0.011051470588235293,0.1126235294117647,136,0,2,monthly_industry_30,monthly industry,risk_averse_low_volatility,7,test,block,constant_a028,0.12133012345679012
-0.006303849897941821,-0.02575024049061532,0.008526706707271733,0.0161,0.0161,5.9919663249280335,28.30639653421624,0.9559414240814115,0.008997058823529412,0.08895882352941176,136,0,2,monthly_industry_30,monthly industry,risk_averse_low_volatility,7,test,block,constant_a029,0.12133012345679012
-0.013759040822424781,-0.06310708056264046,0.04081688506468702,0.06444333333333334,0.06444333333333334,5.972576930243635,30.193943691031617,0.9560839931599733,0.01024235294117647,0.10200901960784312,136,0,2,monthly_industry_30,monthly industry,risk_averse_low_volatility,7,test,block,constant_equal_weight_public,0.12133012345679012
0.010161897364703356,0.006332841068120744,0.013195574283669893,,inf,0.0,0.0,1.0,0.02070735294117647,0.17675588235294115,136,200,0,monthly_industry_30,monthly industry,risk_averse_low_volatility,7,test,block,momentum_12,0.12133012345679012
0.015644178173528422,0.0016372942330626942,0.03157816290687159,0.0101,0.0101,5.9162510407181506,21.619947908716075,0.9564981541123665,0.006003799019607842,0.08625,136,2,2,monthly_industry_30,monthly industry,risk_averse_low_volatility,7,test,block,low_vol_12,0.12133012345679012
-0.025867767519555003,-0.12897744482580648,0.0443995247539768,0.0929,0.0929,4.369244833604774,49.23998066198115,0.9678731997529061,0.015530686274509806,0.1313264705882353,136,1,1,monthly_industry_30,monthly industry,risk_averse_low_volatility,7,test,block,risk_adjusted_12,0.12133012345679012
0.00313266988303674,-0.04867361030432816,0.06475208415355713,0.08779999999999999,0.08779999999999999,3.7671997740238585,45.231639636557865,0.9723000016615893,0.00794264705882353,0.0895264705882353,136,3,1,monthly_industry_30,monthly industry,risk_averse_low_volatility,7,test,block,ridge_return_train_only,0.12133012345679012
-0.000997765313407725,-0.033933498116475905,0.02994790328539042,0.08650000000000001,0.08650000000000001,3.699715533953039,29.27809408989003,0.96574337468562,0.009589814814814813,0.0832074074074074,108,4,1,monthly_industry_30,monthly industry,risk_averse_low_volatility,17,calibration,iid,constant_a000,0.12133012345679012
0.0036269215731661165,-0.07433531812889511,0.06599796125440587,0.16649999999999998,0.16649999999999998,6.84139918835988,26.393032978012947,0.93665371121889,0.011237037037037037,0.08046666666666666,108,1,2,monthly_industry_30,monthly industry,risk_averse_low_volatility,17,calibration,iid,constant_a001,0.12133012345679012
0.040439648240899684,0.01017294074074074,0.07722396415159584,-0.034300000000000004,inf,2.949909059269155,36.22509002516547,0.9726860272289893,0.01357037037037037,0.08148518518518519,108,11,1,monthly_industry_30,monthly industry,risk_averse_low_volatility,17,calibration,iid,constant_a002,0.12133012345679012
0.19267064358880487,0.0015568962881972082,0.5721128553713769,0.0060999999999999995,0.0060999999999999995,3.720551516158851,55.46063415607153,0.9655504489244551,0.009954629629629631,0.2067925925925926,108,2,1,monthly_industry_30,monthly industry,risk_averse_low_volatility,17,calibration,iid,constant_a003,0.12133012345679012
-0.008988797207318735,-0.06127073690762863,0.0195949038085697,0.08650000000000001,inf,1.9997356507631945,26.60488421717574,0.9814839291596,0.0031333333333333348,0.1556074074074074,108,26,0,monthly_industry_30,monthly industry,risk_averse_low_volatility,17,calibration,iid,constant_a004,0.12133012345679012
0.00350755168160455,-0.030454960559746416,0.034025452031088116,0.032,0.032,6.876247216225329,29.89939220709671,0.9363310442942099,0.007787037037037038,0.10028888888888889,108,0,2,monthly_industry_30,monthly industry,risk_averse_low_volatility,17,calibration,iid,constant_a005,0.12133012345679012
0.060501137749837,0.007102998809220453,0.17305330561813964,-0.0001,-9.999999999999999e-05,3.9646094015467233,41.62427591993015,0.9632906536893822,0.012547222222222222,0.13836666666666664,108,3,1,monthly_industry_30,monthly industry,risk_averse_low_volatility,17,calibration,iid,constant_a006,0.12133012345679012
0.054152011963067445,0.006974409859785947,0.11180033158773389,0.0285,0.028500000000000004,5.770699742837801,31.57820400383426,0.9465675949737241,0.010110185185185182,0.08343333333333333,108,0,2,monthly_industry_30,monthly industry,risk_averse_low_volatility,17,calibration,iid,constant_a007,0.12133012345679012
0.03725076416574969,0.007250081694070447,0.08300305425536877,0.0178,0.0178,4.63776659486702,53.03289410028539,0.9570577167141943,0.01219907407407408,0.1576222222222222,108,1,1,monthly_industry_30,monthly industry,risk_averse_low_volatility,17,calibration,iid,constant_a008,0.12133012345679012
-0.05321480906128106,-0.7412881620832147,0.8201199920898665,0.2521,0.2521,4.378392286608281,221.89653922668344,0.9594593306795529,0.01513333333333333,0.24232222222222222,108,0,1,monthly_industry_30,monthly industry,risk_averse_low_volatility,17,calibration,iid,constant_a009,0.12133012345679012
0.010172940740740731,0.010172940740740736,0.010172940740740743,,inf,0.0,0.0,1.0,0.004490740740740739,0.16894074074074072,108,200,0,monthly_industry_30,monthly industry,risk_averse_low_volatility,17,calibration,iid,constant_a010,0.12133012345679012
-0.006699403223157145,-0.04044409115095288,0.010172940740740743,0.0473,inf,1.0,31.705583960301187,0.9907407407407407,0.005515740740740741,0.23192222222222222,108,73,0,monthly_industry_30,monthly industry,risk_averse_low_volatility,17,calibration,iid,constant_a011,0.12133012345679012
-0.0006633954507080005,-0.0699297675447709,0.05484932652525279,0.061,0.061000000000000006,5.8740523018232995,44.06492276941894,0.9456106268349694,0.01081574074074074,0.17674444444444445,108,0,2,monthly_industry_30,monthly industry,risk_averse_low_volatility,17,calibration,iid,constant_a012,0.12133012345679012
0.017291824168275124,0.009544140111462754,0.031948791442862605,-0.009600000000000001,inf,1.9618263613458784,39.50988478274542,0.9818349410986493,0.009680555555555555,0.16028888888888887,108,25,0,monthly_industry_30,monthly industry,risk_averse_low_volatility,17,calibration,iid,constant_a013,0.12133012345679012
-0.05662697591975321,-0.25962709303133635,0.012741204572939107,0.138,inf,1.8493577663650527,49.62496667416358,0.9828763169781014,0.009813888888888888,0.1906925925925926,108,26,0,monthly_industry_30,monthly industry,risk_averse_low_volatility,17,calibration,iid,constant_a014,0.12133012345679012
0.036129731299158155,0.01011108897108421,0.07600042046548701,-0.0021,-0.0021,3.969801127364886,36.283233148097565,0.9632425821540288,0.011383333333333332,0.1517,108,2,1,monthly_industry_30,monthly industry,risk_averse_low_volatility,17,calibration,iid,constant_a015,0.12133012345679012
-0.009700470657359107,-0.045341189987325975,0.013816082934978515,0.0215,0.0215,3.9765577507299277,44.57568451243505,0.9631800208265747,0.005846296296296298,0.21665185185185185,108,2,1,monthly_industry_30,monthly industry,risk_averse_low_volatility,17,calibration,iid,constant_a016,0.12133012345679012
0.010172940740740731,0.010172940740740736,0.010172940740740743,,inf,0.0,0.0,1.0,-0.0003518518518518532,0.29553703703703704,108,200,0,monthly_industry_30,monthly industry,risk_averse_low_volatility,17,calibration,iid,constant_a017,0.12133012345679012
0.006019535083893384,-0.0022872762298013294,0.010172940740740743,0.0001,inf,1.0,43.6649857387545,0.9907407407407407,0.007457407407407407,0.13156296296296294,108,79,0,monthly_industry_30,monthly industry,risk_averse_low_volatility,17,calibration,iid,constant_a018,0.12133012345679012
0.0019502653826554352,-0.017924781891572268,0.012367516401265941,0.044500000000000005,inf,1.9975682055293906,18.38373718851851,0.9815039980969501,0.008509259259259258,0.09720740740740741,108,33,0,monthly_industry_30,monthly industry,risk_averse_low_volatility,17,calibration,iid,constant_a019,0.12133012345679012
0.00441129973304178,-0.02268848070046461,0.020736291713315348,0.030899999999999997,inf,2.9929078152850908,28.253511814142666,0.9722878905992122,0.01028611111111111,0.11100000000000002,108,12,1,monthly_industry_30,monthly industry,risk_averse_low_volatility,17,calibration,iid,constant_a020,0.12133012345679012
0.01308553390627473,0.010172940740740736,0.01898353506648113,-0.0194,inf,1.0,34.09104168936765,0.9907407407407407,0.008956481481481482,0.10537407407407408,108,73,0,monthly_industry_30,monthly industry,risk_averse_low_volatility,17,calibration,iid,constant_a021,0.12133012345679012
0.026913259707543907,0.010172940740740736,0.05950649733408802,-0.0115,inf,1.9891796555168646,37.516496933063465,0.9815816698563253,0.009407407407407408,0.13405555555555554,108,31,0,monthly_industry_30,monthly industry,risk_averse_low_volatility,17,calibration,iid,constant_a022,0.12133012345679012
0.048014166002719426,0.0018841907119743948,0.11610002497170066,0.0341,0.0341,3.9751584646950735,31.16698601166938,0.9631929771787493,0.009435185185185184,0.1265962962962963,108,2,1,monthly_industry_30,monthly industry,risk_averse_low_volatility,17,calibration,iid,constant_a023,0.12133012345679012
0.054170077151903764,0.0051247507372766555,0.12522880640597445,0.0088,0.0088,3.962658463875886,32.81963471190677,0.9633087179270752,0.011483333333333335,0.11916296296296297,108,4,1,monthly_industry_30,monthly industry,risk_averse_low_volatility,17,calibration,iid,constant_a024,0.12133012345679012
-0.03523556338209222,-0.08930416274667094,0.0016643660681339926,0.10090000000000002,0.1009,4.971115099864569,29.266100534699635,0.9539711564827354,0.010116666666666666,0.11522222222222221,108,1,1,monthly_industry_30,monthly industry,risk_averse_low_volatility,17,calibration,iid,constant_a025,0.12133012345679012
-0.008993183432423243,-0.04466380140982016,0.01900053010296712,0.0492,0.0492,4.930878768851595,26.9918215261528,0.954343715103226,0.009475925925925928,0.09744814814814814,108,2,1,monthly_industry_30,monthly industry,risk_averse_low_volatility,17,calibration,iid,constant_a026,0.12133012345679012
0.014656788864911133,-0.001172960334040282,0.03495973484064386,0.005600000000000001,0.005600000000000001,3.94320246207032,28.962979703558798,0.9634888660919415,0.011696296296296293,0.0864962962962963,108,3,1,monthly_industry_30,monthly industry,risk_averse_low_volatility,17,calibration,iid,constant_a027,0.12133012345679012
0.010172940740740731,0.010172940740740736,0.010172940740740743,,inf,0.0,0.0,1.0,0.0033916666666666683,0.17157407407407407,108,200,0,monthly_industry_30,monthly industry,risk_averse_low_volatility,17,calibration,iid,constant_a028,0.12133012345679012
0.005147652517919166,-0.04676242578869265,0.0585648335530963,0.0417,0.0417,4.734586782066069,46.90960901120452,0.9561612334993883,0.005977777777777777,0.14215185185185186,108,0,1,monthly_industry_30,monthly industry,risk_averse_low_volatility,17,calibration,iid,constant_a029,0.12133012345679012
0.022953767582866196,0.010172940740740741,0.04251331659478436,-0.012093333333333333,inf,2.968541362975128,31.73638138702179,0.9725135058983785,0.008955,0.12133012345679012,108,11,1,monthly_industry_30,monthly industry,risk_averse_low_volatility,17,calibration,iid,constant_equal_weight_public,0.12133012345679012
0.010125087246713052,0.010029380258657706,0.010172940740740743,-0.01,inf,1.0,29.88409401308672,0.9907407407407407,0.013036111111111111,0.2308074074074074,108,77,0,monthly_industry_30,monthly industry,risk_averse_low_volatility,17,calibration,iid,momentum_12,0.12133012345679012
0.009377112111000249,-0.005040329854228193,0.02072979235934704,0.0196,inf,2.962643322555323,18.22710495025657,0.972568117383747,0.009154320987654322,0.09146296296296295,108,13,1,monthly_industry_30,monthly industry,risk_averse_low_volatility,17,calibration,iid,low_vol_12,0.12133012345679012
0.02483511350973885,0.010077233752685384,0.04855676357942166,-0.01,inf,2.9278849350764626,30.32184035187028,0.9728899543048476,0.0024592592592592587,0.2494555555555555,108,10,1,monthly_industry_30,monthly industry,risk_averse_low_volatility,17,calibration,iid,risk_adjusted_12,0.12133012345679012
0.03644821197268164,0.02462829901691603,0.05161411544451221,-0.030799999999999998,inf,1.9986171688705558,29.27809408989003,0.9814942854734208,0.012489814814814813,0.09812592592592592,108,21,0,monthly_industry_30,monthly industry,risk_averse_low_volatility,17,calibration,iid,ridge_return_train_only,0.12133012345679012
-0.000997765313407725,-0.03878209194376911,0.026654278994425365,0.08650000000000001,0.08650000000000001,3.699715533953039,29.27809408989003,0.96574337468562,0.009589814814814813,0.0832074074074074,108,1,1,monthly_industry_30,monthly industry,risk_averse_low_volatility,17,calibration,block,constant_a000,0.12133012345679012
0.0036269215731661165,-0.07892410958162838,0.07193980242402345,0.16649999999999998,0.16649999999999998,6.84139918835988,26.393032978012947,0.93665371121889,0.011237037037037037,0.08046666666666666,108,1,2,monthly_industry_30,monthly industry,risk_averse_low_volatility,17,calibration,block,constant_a001,0.12133012345679012
0.040439648240899684,0.0160711385184761,0.08680132141472577,-0.034300000000000004,-0.034300000000000004,2.949909059269155,36.22509002516547,0.9726860272289893,0.01357037037037037,0.08148518518518519,108,3,1,monthly_industry_30,monthly industry,risk_averse_low_volatility,17,calibration,block,constant_a002,0.12133012345679012
0.19267064358880487,0.001561899729782778,0.5639749622048985,0.0060999999999999995,0.0061,3.720551516158851,55.46063415607153,0.9655504489244551,0.009954629629629631,0.2067925925925926,108,4,1,monthly_industry_30,monthly industry,risk_averse_low_volatility,17,calibration,block,constant_a003,0.12133012345679012
-0.008988797207318735,-0.05673423617126655,0.024131404544931744,0.08650000000000001,inf,1.9997356507631945,26.60488421717574,0.9814839291596,0.0031333333333333348,0.1556074074074074,108,35,0,monthly_industry_30,monthly industry,risk_averse_low_volatility,17,calibration,block,constant_a004,0.12133012345679012
0.00350755168160455,-0.03306707422477202,0.031562670665079146,0.032,0.032,6.876247216225329,29.89939220709671,0.9363310442942099,0.007787037037037038,0.10028888888888889,108,0,2,monthly_industry_30,monthly industry,risk_averse_low_volatility,17,calibration,block,constant_a005,0.12133012345679012
0.060501137749837,0.006643316225960472,0.168040053343047,-0.0001,-9.999999999999999e-05,3.9646094015467233,41.62427591993015,0.9632906536893822,0.012547222222222222,0.13836666666666664,108,4,1,monthly_industry_30,monthly industry,risk_averse_low_volatility,17,calibration,block,constant_a006,0.12133012345679012
0.054152011963067445,0.007210546910458355,0.10624729073677613,0.0285,0.028500000000000004,5.770699742837801,31.57820400383426,0.9465675949737241,0.010110185185185182,0.08343333333333333,108,1,2,monthly_industry_30,monthly industry,risk_averse_low_volatility,17,calibration,block,constant_a007,0.12133012345679012
0.03725076416574969,0.010002621823640707,0.07653536666101991,0.0178,0.0178,4.63776659486702,53.03289410028539,0.9570577167141943,0.01219907407407408,0.1576222222222222,108,1,1,monthly_industry_30,monthly industry,risk_averse_low_volatility,17,calibration,block,constant_a008,0.12133012345679012
-0.05321480906128106,-0.7321796612656352,0.926269843249753,0.2521,0.2521,4.378392286608281,221.89653922668344,0.9594593306795529,0.01513333333333333,0.24232222222222222,108,0,1,monthly_industry_30,monthly industry,risk_averse_low_volatility,17,calibration,block,constant_a009,0.12133012345679012
0.010172940740740731,0.010172940740740734,0.010172940740740745,,inf,0.0,0.0,1.0,0.004490740740740739,0.16894074074074072,108,200,0,monthly_industry_30,monthly industry,risk_averse_low_volatility,17,calibration,block,constant_a010,0.12133012345679012
-0.006699403223157145,-0.040444091150952856,0.010172940740740743,0.0473,inf,1.0,31.705583960301187,0.9907407407407407,0.005515740740740741,0.23192222222222222,108,73,0,monthly_industry_30,monthly industry,risk_averse_low_volatility,17,calibration,block,constant_a011,0.12133012345679012
-0.0006633954507080005,-0.062375386531525995,0.05465385159762356,0.061,0.061000000000000006,5.8740523018232995,44.06492276941894,0.9456106268349694,0.01081574074074074,0.17674444444444445,108,0,2,monthly_industry_30,monthly industry,risk_averse_low_volatility,17,calibration,block,constant_a012,0.12133012345679012
0.017291824168275124,0.009753740321222082,0.03215839165262193,-0.009600000000000001,inf,1.9618263613458784,39.50988478274542,0.9818349410986493,0.009680555555555555,0.16028888888888887,108,35,0,monthly_industry_30,monthly industry,risk_averse_low_volatility,17,calibration,block,constant_a013,0.12133012345679012
-0.05662697591975321,-0.1928271763708423,0.014025336489038285,0.138,inf,1.8493577663650527,49.62496667416358,0.9828763169781014,0.009813888888888888,0.1906925925925926,108,19,0,monthly_industry_30,monthly industry,risk_averse_low_volatility,17,calibration,block,constant_a014,0.12133012345679012
0.036129731299158155,0.007637018184823084,0.0766234402228657,-0.0021,-0.0021,3.969801127364886,36.283233148097565,0.9632425821540288,0.011383333333333332,0.1517,108,3,1,monthly_industry_30,monthly industry,risk_averse_low_volatility,17,calibration,block,constant_a015,0.12133012345679012
-0.009700470657359107,-0.04300054568955465,0.015103842040510905,0.0215,0.0215,3.9765577507299277,44.57568451243505,0.9631800208265747,0.005846296296296298,0.21665185185185185,108,0,1,monthly_industry_30,monthly industry,risk_averse_low_volatility,17,calibration,block,constant_a016,0.12133012345679012
0.010172940740740731,0.010172940740740734,0.010172940740740745,,inf,0.0,0.0,1.0,-0.0003518518518518532,0.29553703703703704,108,200,0,monthly_industry_30,monthly industry,risk_averse_low_volatility,17,calibration,block,constant_a017,0.12133012345679012
0.006019535083893384,-0.006440681886648686,0.010172940740740745,0.0001,inf,1.0,43.6649857387545,0.9907407407407407,0.007457407407407407,0.13156296296296294,108,85,0,monthly_industry_30,monthly industry,risk_averse_low_volatility,17,calibration,block,constant_a018,0.12133012345679012
0.0019502653826554352,-0.017746308534293286,0.012340422874592782,0.044500000000000005,inf,1.9975682055293906,18.38373718851851,0.9815039980969501,0.008509259259259258,0.09720740740740741,108,26,0,monthly_industry_30,monthly industry,risk_averse_low_volatility,17,calibration,block,constant_a019,0.12133012345679012
0.00441129973304178,-0.017690251479417076,0.026331249913815042,0.030899999999999997,0.0309,2.9929078152850908,28.253511814142666,0.9722878905992122,0.01028611111111111,0.11100000000000002,108,6,1,monthly_industry_30,monthly industry,risk_averse_low_volatility,17,calibration,block,constant_a020,0.12133012345679012
0.01308553390627473,0.010172940740740736,0.018910720237342766,-0.0194,inf,1.0,34.09104168936765,0.9907407407407407,0.008956481481481482,0.10537407407407408,108,73,0,monthly_industry_30,monthly industry,risk_averse_low_volatility,17,calibration,block,constant_a021,0.12133012345679012
0.026913259707543907,0.01017294074074074,0.05947192329615046,-0.0115,inf,1.9891796555168646,37.516496933063465,0.9815816698563253,0.009407407407407408,0.13405555555555554,108,24,0,monthly_industry_30,monthly industry,risk_averse_low_volatility,17,calibration,block,constant_a022,0.12133012345679012
0.048014166002719426,0.0013325997699715265,0.11708638972630216,0.0341,0.0341,3.9751584646950735,31.16698601166938,0.9631929771787493,0.009435185185185184,0.1265962962962963,108,0,1,monthly_industry_30,monthly industry,risk_averse_low_volatility,17,calibration,block,constant_a023,0.12133012345679012
0.054170077151903764,0.004407339032205881,0.13242737783910527,0.0088,0.0088,3.962658463875886,32.81963471190677,0.9633087179270752,0.011483333333333335,0.11916296296296297,108,4,1,monthly_industry_30,monthly industry,risk_averse_low_volatility,17,calibration,block,constant_a024,0.12133012345679012
-0.03523556338209222,-0.08114697546743449,0.0016482742828396874,0.10090000000000002,0.1009,4.971115099864569,29.266100534699635,0.9539711564827354,0.010116666666666666,0.11522222222222221,108,1,1,monthly_industry_30,monthly industry,risk_averse_low_volatility,17,calibration,block,constant_a025,0.12133012345679012
-0.008993183432423243,-0.03941074016763281,0.015438123539736646,0.0492,0.0492,4.930878768851595,26.9918215261528,0.954343715103226,0.009475925925925928,0.09744814814814814,108,1,1,monthly_industry_30,monthly industry,risk_averse_low_volatility,17,calibration,block,constant_a026,0.12133012345679012
0.014656788864911133,-0.0030104516911649074,0.03392785556541123,0.005600000000000001,0.005600000000000001,3.94320246207032,28.962979703558798,0.9634888660919415,0.011696296296296293,0.0864962962962963,108,4,1,monthly_industry_30,monthly industry,risk_averse_low_volatility,17,calibration,block,constant_a027,0.12133012345679012
0.010172940740740731,0.010172940740740734,0.010172940740740745,,inf,0.0,0.0,1.0,0.0033916666666666683,0.17157407407407407,108,200,0,monthly_industry_30,monthly industry,risk_averse_low_volatility,17,calibration,block,constant_a028,0.12133012345679012
0.005147652517919166,-0.04920620969755571,0.06621997970410394,0.0417,0.0417,4.734586782066069,46.90960901120452,0.9561612334993883,0.005977777777777777,0.14215185185185186,108,0,1,monthly_industry_30,monthly industry,risk_averse_low_volatility,17,calibration,block,constant_a029,0.12133012345679012
0.022953767582866196,0.010172940740740743,0.042513316594784356,-0.012093333333333333,-0.012093333333333331,2.968541362975128,31.73638138702179,0.9725135058983785,0.008955,0.12133012345679012,108,6,1,monthly_industry_30,monthly industry,risk_averse_low_volatility,17,calibration,block,constant_equal_weight_public,0.12133012345679012
0.010125087246713052,0.010029380258657706,0.010172940740740743,-0.01,inf,1.0,29.88409401308672,0.9907407407407407,0.013036111111111111,0.2308074074074074,108,62,0,monthly_industry_30,monthly industry,risk_averse_low_volatility,17,calibration,block,momentum_12,0.12133012345679012
0.009377112111000249,-0.003822348969552003,0.02070263126060539,0.0196,inf,2.962643322555323,18.22710495025657,0.972568117383747,0.009154320987654322,0.09146296296296295,108,12,1,monthly_industry_30,monthly industry,risk_averse_low_volatility,17,calibration,block,low_vol_12,0.12133012345679012
0.02483511350973885,0.010123890909362365,0.051727620784977515,-0.01,inf,2.9278849350764626,30.32184035187028,0.9728899543048476,0.0024592592592592587,0.2494555555555555,108,12,1,monthly_industry_30,monthly industry,risk_averse_low_volatility,17,calibration,block,risk_adjusted_12,0.12133012345679012
0.03644821197268164,0.021010995259475473,0.05251884981325894,-0.030799999999999998,inf,1.9986171688705558,29.27809408989003,0.9814942854734208,0.012489814814814813,0.09812592592592592,108,30,0,monthly_industry_30,monthly industry,risk_averse_low_volatility,17,calibration,block,ridge_return_train_only,0.12133012345679012
0.0015129063786115894,-0.01485642317248407,0.018477324227670462,0.04190000000000001,0.04190000000000001,6.905577640176196,23.993413919107635,0.9492236938222338,0.005722058823529412,0.07954117647058823,136,0,2,monthly_industry_30,monthly industry,risk_averse_low_volatility,17,test,iid,constant_a000,0.12133012345679012
0.02157490539924041,-0.005914962968927009,0.05353643943979766,0.0368,0.0368,4.915168511164708,24.909060968675757,0.9638590550649654,0.005813235294117649,0.08037058823529412,136,1,1,monthly_industry_30,monthly industry,risk_averse_low_volatility,17,test,iid,constant_a001,0.12133012345679012
0.04454112792288309,-0.01907771773616171,0.12249688720018444,0.05690000000000001,0.05690000000000001,6.264602470390305,46.23541655119659,0.9539367465412477,0.011203676470588236,0.12225294117647058,136,0,2,monthly_industry_30,monthly industry,risk_averse_low_volatility,17,test,iid,constant_a002,0.12133012345679012
0.019194184349975864,-0.023232850875471306,0.05847143954808421,0.0513,inf,2.9181970958779906,47.37491823872173,0.9785426684126618,0.012388235294117648,0.15730882352941175,136,11,1,monthly_industry_30,monthly industry,risk_averse_low_volatility,17,test,iid,constant_a003,0.12133012345679012
-0.023265340769282737,-0.09798458282198597,0.04336476738390688,0.0806,0.0806,3.670995941141672,54.220601980987844,0.973007382785723,0.0059507352941176464,0.1360823529411765,136,1,1,monthly_industry_30,monthly industry,risk_averse_low_volatility,17,test,iid,constant_a004,0.12133012345679012
0.03242976290174598,0.0015919319589292457,0.06653551975028436,0.023700000000000002,0.023700000000000002,6.886704585458192,29.074038467347922,0.9493624662833956,0.005198529411764706,0.09060294117647058,136,1,2,monthly_industry_30,monthly industry,risk_averse_low_volatility,17,test,iid,constant_a005,0.12133012345679012
0.018470088768193144,0.009713755492040796,0.03553425028686458,-0.009300000000000001,-0.009300000000000001,2.8362243946439896,47.37509281544801,0.9791454088629118,0.004352205882352941,0.14798235294117645,136,8,1,monthly_industry_30,monthly industry,risk_averse_low_volatility,17,test,iid,constant_a006,0.12133012345679012
0.01145196553076979,-0.007410569378438993,0.031058853260837488,0.0202,0.0202,6.745306752571446,32.8138098029569,0.9504021562310923,0.008147794117647059,0.0847264705882353,136,0,2,monthly_industry_30,monthly industry,risk_averse_low_volatility,17,test,iid,constant_a007,0.12133012345679012
-0.0023255415384673085,-0.05011599866614268,0.017036280934108264,0.05159999999999999,inf,1.9999988784176337,35.07200235478551,0.985294125893988,0.006644117647058825,0.12974411764705882,136,32,0,monthly_industry_30,monthly industry,risk_averse_low_volatility,17,test,iid,constant_a008,0.12133012345679012
-0.038359332755843044,-0.12185136921708348,0.010172940740740743,0.122,0.12200000000000001,2.950787885463382,38.20829420519049,0.9783030302539457,0.0021544117647058834,0.2105794117647059,136,7,1,monthly_industry_30,monthly industry,risk_averse_low_volatility,17,test,iid,constant_a009,0.12133012345679012
0.06832093671149925,0.010172940740740743,0.15532034374610085,-0.0717,inf,1.9825974314627504,39.08860107657118,0.9854220777098327,0.01612941176470588,0.1451029411764706,136,26,0,monthly_industry_30,monthly industry,risk_averse_low_volatility,17,test,iid,constant_a010,0.12133012345679012
0.018592574272522994,-0.13994185381982963,0.1753864953615372,0.17989999999999998,0.17989999999999998,3.9429269346646594,48.774606001818,0.9710078901862893,0.01574558823529412,0.17915,136,2,1,monthly_industry_30,monthly industry,risk_averse_low_volatility,17,test,iid,constant_a011,0.12133012345679012
-0.016999798930727585,-0.05851888694364826,0.010172940740740743,0.1007,inf,2.92569184605372,36.74630186838412,0.9784875599554873,0.016123529411764703,0.12421176470588235,136,13,1,monthly_industry_30,monthly industry,risk_averse_low_volatility,17,test,iid,constant_a012,0.12133012345679012
1.04646664860885e-05,-0.0414673378216342,0.02107248546671408,0.054700000000000006,inf,1.9699250795445122,37.07589833824966,0.9855152567680551,0.012578676470588237,0.14005882352941176,136,31,0,monthly_industry_30,monthly industry,risk_averse_low_volatility,17,test,iid,constant_a013,0.12133012345679012
0.12874807982230438,0.010172940740740741,0.4844734970669942,-0.2884,inf,1.0,57.9606417795107,0.9926470588235294,0.0199125,0.21385882352941174,136,80,0,monthly_industry_30,monthly industry,risk_averse_low_volatility,17,test,iid,constant_a014,0.12133012345679012
-0.04788196775325479,-0.15331093869474485,0.023958966105314783,0.1066,0.10660000000000001,2.7827179051496955,59.505640380023905,0.9795388389327229,0.012144117647058823,0.14591176470588232,136,9,1,monthly_industry_30,monthly industry,risk_averse_low_volatility,17,test,iid,constant_a015,0.12133012345679012
0.005131539778081188,-0.05595100546953114,0.0441727696222697,0.06280000000000001,inf,2.704148583341906,51.18739742503348,0.9801165545342507,0.015613235294117645,0.13995294117647059,136,10,1,monthly_industry_30,monthly industry,risk_averse_low_volatility,17,test,iid,constant_a016,0.12133012345679012
-0.011711365644806253,-0.05547997841590015,0.010172940740740747,0.06079999999999999,inf,1.0,41.93521696256721,0.9926470588235294,0.009413235294117648,0.2893911764705882,136,61,0,monthly_industry_30,monthly industry,risk_averse_low_volatility,17,test,iid,constant_a017,0.12133012345679012
-0.05689875410724233,-0.14061105646855526,0.010172940740740745,0.1094,inf,2.9908300192106325,43.887768697947195,0.9780086027999219,0.010013235294117651,0.17509411764705882,136,14,1,monthly_industry_30,monthly industry,risk_averse_low_volatility,17,test,iid,constant_a018,0.12133012345679012
0.005475670332286419,-0.01654628283101606,0.022317163140123927,0.0301,0.030100000000000002,3.9834676715127957,25.732623142841103,0.9707097965329942,0.008348529411764708,0.08674705882352941,136,3,1,monthly_industry_30,monthly industry,risk_averse_low_volatility,17,test,iid,constant_a019,0.12133012345679012
-0.016775591446011727,-0.08089461786023872,0.021513347939980845,0.1386,0.1386,6.898824032682338,28.369106302895847,0.9492733527008652,0.005097058823529412,0.1036735294117647,136,0,2,monthly_industry_30,monthly industry,risk_averse_low_volatility,17,test,iid,constant_a020,0.12133012345679012
-0.013540832452301615,-0.059487478869602595,0.02439498587880838,0.091,0.091,5.984922591089879,31.103172407350797,0.9559932162419862,0.014211029411764706,0.10055882352941177,136,0,2,monthly_industry_30,monthly industry,risk_averse_low_volatility,17,test,iid,constant_a021,0.12133012345679012
-0.012615354039153932,-0.06771104165167717,0.04499541691178321,0.09820000000000001,0.09820000000000001,4.967443553424223,33.7737969746581,0.9634746797542336,0.020024264705882353,0.10592058823529413,136,1,1,monthly_industry_30,monthly industry,risk_averse_low_volatility,17,test,iid,constant_a022,0.12133012345679012
0.021879284737642755,-0.05282133841978746,0.09891719148412245,0.0559,0.055900000000000005,6.879345386641392,29.651431305745636,0.9494165780394015,0.002658823529411765,0.10287058823529413,136,0,2,monthly_industry_30,monthly industry,risk_averse_low_volatility,17,test,iid,constant_a023,0.12133012345679012
0.04379702069492379,-0.033059106774436305,0.11831527738489092,0.0722,0.0722,3.979093702763483,35.44479610187221,0.9707419580679155,0.008090441176470588,0.12422352941176472,136,1,1,monthly_industry_30,monthly industry,risk_averse_low_volatility,17,test,iid,constant_a024,0.12133012345679012
0.042684459797355176,0.00841407680886279,0.08662782431205071,0.0352,0.0352,8.788078382235732,36.01168658716273,0.9353817766012078,0.010133823529411765,0.10630294117647059,136,0,2,monthly_industry_30,monthly industry,risk_averse_low_volatility,17,test,iid,constant_a025,0.12133012345679012
0.02837479130967234,-0.03938703654262468,0.10905986536636593,0.07,0.07,6.841301564274612,36.69164930843491,0.9496963120273926,0.012989705882352941,0.09431470588235294,136,0,2,monthly_industry_30,monthly industry,risk_averse_low_volatility,17,test,iid,constant_a026,0.12133012345679012
0.004847545476881508,-0.021038839171787296,0.027179860183157316,0.043,0.043,5.6597178005743505,40.046942823415314,0.9583844279369533,0.01041985294117647,0.09985882352941176,136,2,2,monthly_industry_30,monthly industry,risk_averse_low_volatility,17,test,iid,constant_a027,0.12133012345679012
0.005179904645625102,-0.03532746011108473,0.03285505581899131,0.0653,0.0653,2.990411944380107,32.10511321758758,0.978011676879558,0.011051470588235293,0.1126235294117647,136,8,1,monthly_industry_30,monthly industry,risk_averse_low_volatility,17,test,iid,constant_a028,0.12133012345679012
-0.04888781346479676,-0.10926432250616588,0.0046214141604873195,0.14029999999999998,0.14029999999999998,5.985122240393901,28.475219616861672,0.9559917482323977,0.008997058823529412,0.08895882352941176,136,1,2,monthly_industry_30,monthly industry,risk_averse_low_volatility,17,test,iid,constant_a029,0.12133012345679012
0.010307631895615866,0.002145029815206073,0.018736249006904054,0.0034533333333333343,inf,1.997467842676589,27.145007431401353,0.9853127364509074,0.01024235294117647,0.10200901960784312,136,22,0,monthly_industry_30,monthly industry,risk_averse_low_volatility,17,test,iid,constant_equal_weight_public,0.12133012345679012
0.010172940740740726,0.01017294074074074,0.010172940740740747,,inf,0.0,0.0,1.0,0.02070735294117647,0.17675588235294115,136,200,0,monthly_industry_30,monthly industry,risk_averse_low_volatility,17,test,iid,momentum_12,0.12133012345679012
0.02337390664633731,-0.004815138879253211,0.05736292927948944,0.0212,0.0212,8.86052406284724,24.909060968675757,0.9348490877731821,0.006003799019607842,0.08625,136,0,2,monthly_industry_30,monthly industry,risk_averse_low_volatility,17,test,iid,low_vol_12,0.12133012345679012
0.023065768572923383,-0.00944100421725224,0.05839444681866612,0.0222,0.0222,5.906119241212408,27.735934865754487,0.9565726526381441,0.015530686274509806,0.1313264705882353,136,0,2,monthly_industry_30,monthly industry,risk_averse_low_volatility,17,test,iid,risk_adjusted_12,0.12133012345679012
0.021408444664418033,0.00951520528654072,0.033492136377450535,0.016399999999999998,0.016399999999999998,5.948444490177917,23.993413919107635,0.9562614375722212,0.002271323529411765,0.0966264705882353,136,0,2,monthly_industry_30,monthly industry,risk_averse_low_volatility,17,test,iid,ridge_return_train_only,0.12133012345679012
0.0015129063786115894,-0.02061379031916525,0.017417538017623333,0.04190000000000001,0.04190000000000001,6.905577640176196,23.993413919107635,0.9492236938222338,0.005722058823529412,0.07954117647058823,136,1,2,monthly_industry_30,monthly industry,risk_averse_low_volatility,17,test,block,constant_a000,0.12133012345679012
0.02157490539924041,-3.9267685383550026e-05,0.05195333296926026,0.0368,0.0368,4.915168511164708,24.909060968675757,0.9638590550649654,0.005813235294117649,0.08037058823529412,136,1,1,monthly_industry_30,monthly industry,risk_averse_low_volatility,17,test,block,constant_a001,0.12133012345679012
0.04454112792288309,-0.024564893776392975,0.11829448472474917,0.05690000000000001,0.05690000000000001,6.264602470390305,46.23541655119659,0.9539367465412477,0.011203676470588236,0.12225294117647058,136,0,2,monthly_industry_30,monthly industry,risk_averse_low_volatility,17,test,block,constant_a002,0.12133012345679012
0.019194184349975864,-0.020785087850539313,0.05917345655049115,0.0513,inf,2.9181970958779906,47.37491823872173,0.9785426684126618,0.012388235294117648,0.15730882352941175,136,13,1,monthly_industry_30,monthly industry,risk_averse_low_volatility,17,test,block,constant_a003,0.12133012345679012
-0.023265340769282737,-0.08222404119397175,0.04481626800500233,0.0806,0.0806,3.670995941141672,54.220601980987844,0.973007382785723,0.0059507352941176464,0.1360823529411765,136,2,1,monthly_industry_30,monthly industry,risk_averse_low_volatility,17,test,block,constant_a004,0.12133012345679012
0.03242976290174598,0.0022640635673355637,0.06877431957724481,0.023700000000000002,0.023700000000000006,6.886704585458192,29.074038467347922,0.9493624662833956,0.005198529411764706,0.09060294117647058,136,0,2,monthly_industry_30,monthly industry,risk_averse_low_volatility,17,test,block,constant_a005,0.12133012345679012
0.018470088768193144,0.009719424445728453,0.031002624890920264,-0.009300000000000001,-0.009300000000000001,2.8362243946439896,47.37509281544801,0.9791454088629118,0.004352205882352941,0.14798235294117645,136,7,1,monthly_industry_30,monthly industry,risk_averse_low_volatility,17,test,block,constant_a006,0.12133012345679012
0.01145196553076979,-0.00716768768650447,0.028950185245697438,0.0202,0.0202,6.745306752571446,32.8138098029569,0.9504021562310923,0.008147794117647059,0.0847264705882353,136,0,2,monthly_industry_30,monthly industry,risk_averse_low_volatility,17,test,block,constant_a007,0.12133012345679012
-0.0023255415384673085,-0.03427163804266799,0.02046795103079202,0.05159999999999999,inf,1.9999988784176337,35.07200235478551,0.985294125893988,0.006644117647058825,0.12974411764705882,136,20,0,monthly_industry_30,monthly industry,risk_averse_low_volatility,17,test,block,constant_a008,0.12133012345679012
-0.038359332755843044,-0.09776460723013618,0.010172940740740743,0.122,0.12200000000000001,2.950787885463382,38.20829420519049,0.9783030302539457,0.0021544117647058834,0.2105794117647059,136,8,1,monthly_industry_30,monthly industry,risk_averse_low_volatility,17,test,block,constant_a009,0.12133012345679012
0.06832093671149925,0.010172940740740741,0.1553086286449674,-0.0717,inf,1.9825974314627504,39.08860107657118,0.9854220777098327,0.01612941176470588,0.1451029411764706,136,28,0,monthly_industry_30,monthly industry,risk_averse_low_volatility,17,test,block,constant_a010,0.12133012345679012
0.018592574272522994,-0.10294574228525367,0.19315680172549024,0.17989999999999998,0.1799,3.9429269346646594,48.774606001818,0.9710078901862893,0.01574558823529412,0.17915,136,5,1,monthly_industry_30,monthly industry,risk_averse_low_volatility,17,test,block,constant_a011,0.12133012345679012
-0.016999798930727585,-0.058322631211566875,0.010172940740740743,0.1007,0.10070000000000001,2.92569184605372,36.74630186838412,0.9784875599554873,0.016123529411764703,0.12421176470588235,136,8,1,monthly_industry_30,monthly industry,risk_averse_low_volatility,17,test,block,constant_a012,0.12133012345679012
1.04646664860885e-05,-0.031214032207996456,0.017439303891389632,0.054700000000000006,inf,1.9699250795445122,37.07589833824966,0.9855152567680551,0.012578676470588237,0.14005882352941176,136,28,0,monthly_industry_30,monthly industry,risk_averse_low_volatility,17,test,block,constant_a013,0.12133012345679012
0.12874807982230438,0.01017294074074074,0.3658983579854309,-0.2884,inf,1.0,57.9606417795107,0.9926470588235294,0.0199125,0.21385882352941174,136,81,0,monthly_industry_30,monthly industry,risk_averse_low_volatility,17,test,block,constant_a014,0.12133012345679012
-0.04788196775325479,-0.14430118067237788,0.023958966105314783,0.1066,inf,2.7827179051496955,59.505640380023905,0.9795388389327229,0.012144117647058823,0.14591176470588232,136,11,1,monthly_industry_30,monthly industry,risk_averse_low_volatility,17,test,block,constant_a015,0.12133012345679012
0.005131539778081188,-0.05278514669644156,0.04741980426133601,0.06280000000000001,0.06280000000000001,2.704148583341906,51.18739742503348,0.9801165545342507,0.015613235294117645,0.13995294117647059,136,7,1,monthly_industry_30,monthly industry,risk_averse_low_volatility,17,test,block,constant_a016,0.12133012345679012
-0.011711365644806253,-0.05547997841590017,0.010172940740740747,0.06079999999999999,inf,1.0,41.93521696256721,0.9926470588235294,0.009413235294117648,0.2893911764705882,136,63,0,monthly_industry_30,monthly industry,risk_averse_low_volatility,17,test,block,constant_a017,0.12133012345679012
-0.05689875410724233,-0.15771614481337398,0.010172940740740743,0.1094,inf,2.9908300192106325,43.887768697947195,0.9780086027999219,0.010013235294117651,0.17509411764705882,136,10,1,monthly_industry_30,monthly industry,risk_averse_low_volatility,17,test,block,constant_a018,0.12133012345679012
0.005475670332286419,-0.015546101082614259,0.02232920703802396,0.0301,0.0301,3.9834676715127957,25.732623142841103,0.9707097965329942,0.008348529411764708,0.08674705882352941,136,0,1,monthly_industry_30,monthly industry,risk_averse_low_volatility,17,test,block,constant_a019,0.12133012345679012
-0.016775591446011727,-0.07471653134054644,0.023123216564435483,0.1386,0.1386,6.898824032682338,28.369106302895847,0.9492733527008652,0.005097058823529412,0.1036735294117647,136,0,2,monthly_industry_30,monthly industry,risk_averse_low_volatility,17,test,block,constant_a020,0.12133012345679012
-0.013540832452301615,-0.06604102847699156,0.026785828582688114,0.091,0.091,5.984922591089879,31.103172407350797,0.9559932162419862,0.014211029411764706,0.10055882352941177,136,0,2,monthly_industry_30,monthly industry,risk_averse_low_volatility,17,test,block,constant_a021,0.12133012345679012
-0.012615354039153932,-0.08736736318695724,0.050929785871516614,0.09820000000000001,0.09820000000000001,4.967443553424223,33.7737969746581,0.9634746797542336,0.020024264705882353,0.10592058823529413,136,0,1,monthly_industry_30,monthly industry,risk_averse_low_volatility,17,test,block,constant_a022,0.12133012345679012
0.021879284737642755,-0.048345069362388485,0.12106036726518019,0.0559,0.055900000000000005,6.879345386641392,29.651431305745636,0.9494165780394015,0.002658823529411765,0.10287058823529413,136,0,2,monthly_industry_30,monthly industry,risk_averse_low_volatility,17,test,block,constant_a023,0.12133012345679012
0.04379702069492379,-0.017246707672380922,0.1284099625734197,0.0722,0.0722,3.979093702763483,35.44479610187221,0.9707419580679155,0.008090441176470588,0.12422352941176472,136,4,1,monthly_industry_30,monthly industry,risk_averse_low_volatility,17,test,block,constant_a024,0.12133012345679012
0.042684459797355176,0.004083051610890269,0.07964083838722848,0.0352,0.0352,8.788078382235732,36.01168658716273,0.9353817766012078,0.010133823529411765,0.10630294117647059,136,0,2,monthly_industry_30,monthly industry,risk_averse_low_volatility,17,test,block,constant_a025,0.12133012345679012
0.02837479130967234,-0.040028774861265694,0.11344502024147232,0.07,0.07,6.841301564274612,36.69164930843491,0.9496963120273926,0.012989705882352941,0.09431470588235294,136,0,2,monthly_industry_30,monthly industry,risk_averse_low_volatility,17,test,block,constant_a026,0.12133012345679012
0.004847545476881508,-0.018004527899526456,0.024818016149627763,0.043,0.043,5.6597178005743505,40.046942823415314,0.9583844279369533,0.01041985294117647,0.09985882352941176,136,0,2,monthly_industry_30,monthly industry,risk_averse_low_volatility,17,test,block,constant_a027,0.12133012345679012
0.005179904645625102,-0.035327460111084716,0.0370127696639686,0.0653,0.0653,2.990411944380107,32.10511321758758,0.978011676879558,0.011051470588235293,0.1126235294117647,136,6,1,monthly_industry_30,monthly industry,risk_averse_low_volatility,17,test,block,constant_a028,0.12133012345679012
-0.04888781346479676,-0.10530178740141781,0.0021068006630980685,0.14029999999999998,0.14029999999999998,5.985122240393901,28.475219616861672,0.9559917482323977,0.008997058823529412,0.08895882352941176,136,2,2,monthly_industry_30,monthly industry,risk_averse_low_volatility,17,test,block,constant_a029,0.12133012345679012
0.010307631895615866,0.002145029815206071,0.018736249006904054,0.0034533333333333343,inf,1.997467842676589,27.145007431401353,0.9853127364509074,0.01024235294117647,0.10200901960784312,136,20,0,monthly_industry_30,monthly industry,risk_averse_low_volatility,17,test,block,constant_equal_weight_public,0.12133012345679012
0.010172940740740726,0.01017294074074074,0.010172940740740747,,inf,0.0,0.0,1.0,0.02070735294117647,0.17675588235294115,136,200,0,monthly_industry_30,monthly industry,risk_averse_low_volatility,17,test,block,momentum_12,0.12133012345679012
0.02337390664633731,-0.003265881213095529,0.05809165104122059,0.0212,0.0212,8.86052406284724,24.909060968675757,0.9348490877731821,0.006003799019607842,0.08625,136,1,2,monthly_industry_30,monthly industry,risk_averse_low_volatility,17,test,block,low_vol_12,0.12133012345679012
0.023065768572923383,-0.005937409644249826,0.06556136454326891,0.0222,0.0222,5.906119241212408,27.735934865754487,0.9565726526381441,0.015530686274509806,0.1313264705882353,136,0,2,monthly_industry_30,monthly industry,risk_averse_low_volatility,17,test,block,risk_adjusted_12,0.12133012345679012
0.021408444664418033,0.0060389652628418415,0.03196740865526943,0.016399999999999998,0.016399999999999998,5.948444490177917,23.993413919107635,0.9562614375722212,0.002271323529411765,0.0966264705882353,136,1,2,monthly_industry_30,monthly industry,risk_averse_low_volatility,17,test,block,ridge_return_train_only,0.12133012345679012
0.001635462041838173,-0.02635368518962302,0.022915906635384134,0.0374,0.0374,5.859832034663224,23.315408609350936,0.9457422959753405,0.009589814814814813,0.0832074074074074,108,1,2,monthly_industry_30,monthly industry,risk_averse_low_volatility,27,calibration,iid,constant_a000,0.12133012345679012
-0.0023841190838251435,-0.036791365149011476,0.029360912825936104,0.0438,0.0438,5.9555514267012715,24.60615493078714,0.9448560053083216,0.011237037037037037,0.08046666666666666,108,1,2,monthly_industry_30,monthly industry,risk_averse_low_volatility,27,calibration,iid,constant_a001,0.12133012345679012
0.049062760317510785,-0.001907550739991113,0.10648041686285784,0.0332,0.0332,5.591595580317644,33.487927728269554,0.9482259668489107,0.01357037037037037,0.08148518518518519,108,1,2,monthly_industry_30,monthly industry,risk_averse_low_volatility,27,calibration,iid,constant_a002,0.12133012345679012
0.03544384378808337,-0.019773610832910966,0.11400934219716136,0.0182,inf,1.936648758144562,54.59312839224037,0.982068067054217,0.009954629629629631,0.2067925925925926,108,26,0,monthly_industry_30,monthly industry,risk_averse_low_volatility,27,calibration,iid,constant_a003,0.12133012345679012
0.012095799999999992,0.012095799999999992,0.012095799999999993,,inf,0.0,0.0,1.0,0.0031333333333333348,0.1556074074074074,108,200,0,monthly_industry_30,monthly industry,risk_averse_low_volatility,27,calibration,iid,constant_a004,0.12133012345679012
-0.013910285559878888,-0.06469603281617457,0.01224616621514191,0.1108,inf,2.9464173866135255,26.877774305407463,0.9727183575313563,0.007787037037037038,0.10028888888888889,108,16,1,monthly_industry_30,monthly industry,risk_averse_low_volatility,27,calibration,iid,constant_a005,0.12133012345679012
0.0032809798692095683,-0.05828542785163139,0.04586260275352485,0.0732,0.0732,2.990844073897361,31.758444165880405,0.9723069993157651,0.012547222222222222,0.13836666666666664,108,8,1,monthly_industry_30,monthly industry,risk_averse_low_volatility,27,calibration,iid,constant_a006,0.12133012345679012
0.009730854372448304,-0.0806111225578127,0.07079468931817799,0.024700000000000003,0.024700000000000003,5.904982983264222,29.55032387979668,0.9453242316364424,0.010110185185185182,0.08343333333333333,108,0,2,monthly_industry_30,monthly industry,risk_averse_low_volatility,27,calibration,iid,constant_a007,0.12133012345679012
0.06170052707141219,-0.025134268553518337,0.19688197521201303,0.0246,0.024600000000000004,4.776542772907142,49.307786503726284,0.9557727521027116,0.01219907407407408,0.1576222222222222,108,2,1,monthly_industry_30,monthly industry,risk_averse_low_volatility,27,calibration,iid,constant_a008,0.12133012345679012
0.050565620566392556,0.012095799999999993,0.1252465747041201,-0.044199999999999996,inf,1.9999835391202228,34.25314146308445,0.981481633897035,0.01513333333333333,0.24232222222222222,108,20,0,monthly_industry_30,monthly industry,risk_averse_low_volatility,27,calibration,iid,constant_a009,0.12133012345679012
-0.07423752910992408,-0.22382314766658432,0.012095799999999993,0.1266,inf,1.9988497576741802,40.735143365400404,0.9814921318733872,0.004490740740740739,0.16894074074074072,108,24,0,monthly_industry_30,monthly industry,risk_averse_low_volatility,27,calibration,iid,constant_a010,0.12133012345679012
-0.039894584446231125,-0.1073381936392533,0.012095799999999993,0.055099999999999996,0.0551,2.9897137325396734,38.34449541337729,0.9723174654394474,0.005515740740740741,0.23192222222222222,108,8,1,monthly_industry_30,monthly industry,risk_averse_low_volatility,27,calibration,iid,constant_a011,0.12133012345679012
0.012095799999999992,0.012095799999999992,0.012095799999999993,,inf,0.0,0.0,1.0,0.01081574074074074,0.17674444444444445,108,200,0,monthly_industry_30,monthly industry,risk_averse_low_volatility,27,calibration,iid,constant_a012,0.12133012345679012
0.007374296871527965,-0.07768106439617058,0.09520438944472405,0.0708,0.0708,3.9311870119363284,40.43563395599316,0.9636001202598488,0.009680555555555555,0.16028888888888887,108,6,1,monthly_industry_30,monthly industry,risk_averse_low_volatility,27,calibration,iid,constant_a013,0.12133012345679012
0.01240086817592951,-0.041375953907760485,0.0632116382317746,0.038900000000000004,inf,2.899776770868179,42.141019121734026,0.9731502150845539,0.009813888888888888,0.1906925925925926,108,14,1,monthly_industry_30,monthly industry,risk_averse_low_volatility,27,calibration,iid,constant_a014,0.12133012345679012
-0.017583268779318945,-0.08036184802093943,0.027993588905816102,0.0443,0.0443,3.913602197146386,37.80938403055064,0.963762942619015,0.011383333333333332,0.1517,108,1,1,monthly_industry_30,monthly industry,risk_averse_low_volatility,27,calibration,iid,constant_a015,0.12133012345679012
0.012095799999999992,0.012095799999999992,0.012095799999999993,,inf,0.0,0.0,1.0,0.005846296296296298,0.21665185185185185,108,200,0,monthly_industry_30,monthly industry,risk_averse_low_volatility,27,calibration,iid,constant_a016,0.12133012345679012
0.012095799999999992,0.012095799999999992,0.012095799999999993,,inf,0.0,0.0,1.0,-0.0003518518518518532,0.29553703703703704,108,200,0,monthly_industry_30,monthly industry,risk_averse_low_volatility,27,calibration,iid,constant_a017,0.12133012345679012
0.03641460340160105,0.012095799999999993,0.07189693563187204,-0.0203,-0.0203,2.8794884965352594,50.13404407195375,0.9733380694765253,0.007457407407407407,0.13156296296296294,108,9,1,monthly_industry_30,monthly industry,risk_averse_low_volatility,27,calibration,iid,constant_a018,0.12133012345679012
0.016544780924592568,-0.012186157180725738,0.041152468925124946,0.0204,0.0204,6.527095371463227,35.286423492915354,0.9395639317457108,0.008509259259259258,0.09720740740740741,108,0,2,monthly_industry_30,monthly industry,risk_averse_low_volatility,27,calibration,iid,constant_a019,0.12133012345679012
0.035726126868250746,-0.010907686423261271,0.08703528615617158,0.0385,0.0385,8.891275872323419,29.772911052310583,0.9176733715525609,0.01028611111111111,0.11100000000000002,108,0,2,monthly_industry_30,monthly industry,risk_averse_low_volatility,27,calibration,iid,constant_a020,0.12133012345679012
0.0015843588338360758,-0.04353734470894209,0.035513355277305717,0.0828,0.0828,3.839600299457486,32.19131483516838,0.9644481453753937,0.008956481481481482,0.10537407407407408,108,3,1,monthly_industry_30,monthly industry,risk_averse_low_volatility,27,calibration,iid,constant_a021,0.12133012345679012
0.02834384920228751,0.012095799999999993,0.05859409084660955,-0.0302,inf,1.9988836520042803,38.67520159434062,0.9814918180369974,0.009407407407407408,0.13405555555555554,108,24,0,monthly_industry_30,monthly industry,risk_averse_low_volatility,27,calibration,iid,constant_a022,0.12133012345679012
-0.012103760968348967,-0.058812445061577526,0.021787513550869997,0.040999999999999995,inf,1.961759497338333,41.03293102976767,0.9818355602098302,0.009435185185185184,0.1265962962962963,108,32,0,monthly_industry_30,monthly industry,risk_averse_low_volatility,27,calibration,iid,constant_a023,0.12133012345679012
-0.013684137831156176,-0.07852966912157291,0.02305639153835118,0.0929,0.0929,3.980516637224729,29.84119305070231,0.9631433644701414,0.011483333333333335,0.11916296296296297,108,3,1,monthly_industry_30,monthly industry,risk_averse_low_volatility,27,calibration,iid,constant_a024,0.12133012345679012
0.03733709320527096,-0.0055954128351926955,0.09391568524607605,0.0409,0.0409,4.98379234049549,28.998524025920375,0.9538537746250417,0.010116666666666666,0.11522222222222221,108,2,1,monthly_industry_30,monthly industry,risk_averse_low_volatility,27,calibration,iid,constant_a025,0.12133012345679012
0.0011599150867718042,-0.05256126559914516,0.036746849832983534,0.08650000000000001,0.08650000000000001,4.956720788554581,29.30424999143015,0.9541044371430132,0.009475925925925928,0.09744814814814814,108,1,1,monthly_industry_30,monthly industry,risk_averse_low_volatility,27,calibration,iid,constant_a026,0.12133012345679012
0.041152530502149606,0.012516731216561704,0.07445285366760568,-0.0083,-0.0083,4.95607010420656,27.219409117431688,0.9541104619980874,0.011696296296296293,0.0864962962962963,108,1,1,monthly_industry_30,monthly industry,risk_averse_low_volatility,27,calibration,iid,constant_a027,0.12133012345679012
0.008075335953181946,3.4407859545856255e-05,0.012095799999999993,0.0029999999999999996,inf,1.0,28.763637373067272,0.9907407407407407,0.0033916666666666683,0.17157407407407407,108,76,0,monthly_industry_30,monthly industry,risk_averse_low_volatility,27,calibration,iid,constant_a028,0.12133012345679012
-0.019128694220588452,-0.10597150638774734,0.028392550041622444,0.1852,0.18520000000000003,2.944302519712164,29.827092490140814,0.9727379396322948,0.005977777777777777,0.14215185185185186,108,9,1,monthly_industry_30,monthly industry,risk_averse_low_volatility,27,calibration,iid,constant_a029,0.12133012345679012
0.007799286833082113,-0.0141778188324963,0.02569912971293374,0.022456666666666666,inf,2.984930252116213,31.73638138702179,0.9723617569248498,0.008955,0.12133012345679012,108,11,1,monthly_industry_30,monthly industry,risk_averse_low_volatility,27,calibration,iid,constant_equal_weight_public,0.12133012345679012
0.003504575085298488,-0.043884913941564775,0.042559733340591856,0.0475,inf,1.9995157143782987,34.25314146308445,0.9814859656076084,0.013036111111111111,0.2308074074074074,108,22,0,monthly_industry_30,monthly industry,risk_averse_low_volatility,27,calibration,iid,momentum_12,0.12133012345679012
0.02308854120801946,0.011382098962247934,0.03588138841065706,0.008100000000000001,0.008100000000000001,5.823125634475726,23.36294259197739,0.9460821700511507,0.009154320987654322,0.09146296296296295,108,0,2,monthly_industry_30,monthly industry,risk_averse_low_volatility,27,calibration,iid,low_vol_12,0.12133012345679012
0.026916659761987517,0.011731690826603977,0.05077512339769718,-0.0083,-0.0083,3.76048424236461,34.25314146308445,0.9651807014595869,0.0024592592592592587,0.2494555555555555,108,4,1,monthly_industry_30,monthly industry,risk_averse_low_volatility,27,calibration,iid,risk_adjusted_12,0.12133012345679012
0.051419885721506346,0.009303032539674273,0.105630652712615,-0.015300000000000001,-0.0153,5.857401330728932,29.55032387979668,0.9457648024932507,0.010005555555555554,0.09748888888888889,108,0,2,monthly_industry_30,monthly industry,risk_averse_low_volatility,27,calibration,iid,ridge_return_train_only,0.12133012345679012
0.001635462041838173,-0.025215011503789242,0.0235635334616783,0.0374,0.0374,5.859832034663224,23.315408609350936,0.9457422959753405,0.009589814814814813,0.0832074074074074,108,0,2,monthly_industry_30,monthly industry,risk_averse_low_volatility,27,calibration,block,constant_a000,0.12133012345679012
-0.0023841190838251435,-0.035292643025815924,0.030966726066085835,0.0438,0.0438,5.9555514267012715,24.60615493078714,0.9448560053083216,0.011237037037037037,0.08046666666666666,108,2,2,monthly_industry_30,monthly industry,risk_averse_low_volatility,27,calibration,block,constant_a001,0.12133012345679012
0.049062760317510785,0.0032275065143887016,0.09670885014865668,0.0332,0.0332,5.591595580317644,33.487927728269554,0.9482259668489107,0.01357037037037037,0.08148518518518519,108,2,2,monthly_industry_30,monthly industry,risk_averse_low_volatility,27,calibration,block,constant_a002,0.12133012345679012
0.03544384378808337,-0.009416052312214903,0.13762296440885233,0.0182,inf,1.936648758144562,54.59312839224037,0.982068067054217,0.009954629629629631,0.2067925925925926,108,22,0,monthly_industry_30,monthly industry,risk_averse_low_volatility,27,calibration,block,constant_a003,0.12133012345679012
0.012095799999999992,0.012095799999999992,0.012095799999999997,,inf,0.0,0.0,1.0,0.0031333333333333348,0.1556074074074074,108,200,0,monthly_industry_30,monthly industry,risk_averse_low_volatility,27,calibration,block,constant_a004,0.12133012345679012
-0.013910285559878888,-0.06537952073384343,0.01224616621514191,0.1108,inf,2.9464173866135255,26.877774305407463,0.9727183575313563,0.007787037037037038,0.10028888888888889,108,12,1,monthly_industry_30,monthly industry,risk_averse_low_volatility,27,calibration,block,constant_a005,0.12133012345679012
0.0032809798692095683,-0.05828542785163139,0.04240215747309389,0.0732,0.0732,2.990844073897361,31.758444165880405,0.9723069993157651,0.012547222222222222,0.13836666666666664,108,8,1,monthly_industry_30,monthly industry,risk_averse_low_volatility,27,calibration,block,constant_a006,0.12133012345679012
0.009730854372448304,-0.05909451298060212,0.07080212540947609,0.024700000000000003,0.024700000000000003,5.904982983264222,29.55032387979668,0.9453242316364424,0.010110185185185182,0.08343333333333333,108,0,2,monthly_industry_30,monthly industry,risk_averse_low_volatility,27,calibration,block,constant_a007,0.12133012345679012
0.06170052707141219,-0.021314328889231758,0.23197377438538735,0.0246,0.0246,4.776542772907142,49.307786503726284,0.9557727521027116,0.01219907407407408,0.1576222222222222,108,1,1,monthly_industry_30,monthly industry,risk_averse_low_volatility,27,calibration,block,constant_a008,0.12133012345679012
0.050565620566392556,0.012095799999999992,0.11732313480881518,-0.044199999999999996,inf,1.9999835391202228,34.25314146308445,0.981481633897035,0.01513333333333333,0.24232222222222222,108,23,0,monthly_industry_30,monthly industry,risk_averse_low_volatility,27,calibration,block,constant_a009,0.12133012345679012
-0.07423752910992408,-0.21067499664878567,0.012095799999999993,0.1266,inf,1.9988497576741802,40.735143365400404,0.9814921318733872,0.004490740740740739,0.16894074074074072,108,25,0,monthly_industry_30,monthly industry,risk_averse_low_volatility,27,calibration,block,constant_a010,0.12133012345679012
-0.039894584446231125,-0.1004284463278391,0.0022847485310645726,0.055099999999999996,0.055099999999999996,2.9897137325396734,38.34449541337729,0.9723174654394474,0.005515740740740741,0.23192222222222222,108,4,1,monthly_industry_30,monthly industry,risk_averse_low_volatility,27,calibration,block,constant_a011,0.12133012345679012
0.012095799999999992,0.012095799999999992,0.012095799999999997,,inf,0.0,0.0,1.0,0.01081574074074074,0.17674444444444445,108,200,0,monthly_industry_30,monthly industry,risk_averse_low_volatility,27,calibration,block,constant_a012,0.12133012345679012
0.007374296871527965,-0.07421649584654591,0.09372562914573612,0.0708,0.0708,3.9311870119363284,40.43563395599316,0.9636001202598488,0.009680555555555555,0.16028888888888887,108,2,1,monthly_industry_30,monthly industry,risk_averse_low_volatility,27,calibration,block,constant_a013,0.12133012345679012
0.01240086817592951,-0.04121638706855198,0.06632319159634052,0.038900000000000004,inf,2.899776770868179,42.141019121734026,0.9731502150845539,0.009813888888888888,0.1906925925925926,108,11,1,monthly_industry_30,monthly industry,risk_averse_low_volatility,27,calibration,block,constant_a014,0.12133012345679012
-0.017583268779318945,-0.06829997385222826,0.028403730226974403,0.0443,0.0443,3.913602197146386,37.80938403055064,0.963762942619015,0.011383333333333332,0.1517,108,4,1,monthly_industry_30,monthly industry,risk_averse_low_volatility,27,calibration,block,constant_a015,0.12133012345679012
0.012095799999999992,0.012095799999999992,0.012095799999999997,,inf,0.0,0.0,1.0,0.005846296296296298,0.21665185185185185,108,200,0,monthly_industry_30,monthly industry,risk_averse_low_volatility,27,calibration,block,constant_a016,0.12133012345679012
0.012095799999999992,0.012095799999999992,0.012095799999999997,,inf,0.0,0.0,1.0,-0.0003518518518518532,0.29553703703703704,108,200,0,monthly_industry_30,monthly industry,risk_averse_low_volatility,27,calibration,block,constant_a017,0.12133012345679012
0.03641460340160105,0.012095799999999993,0.07102732000862862,-0.0203,inf,2.8794884965352594,50.13404407195375,0.9733380694765253,0.007457407407407407,0.13156296296296294,108,10,1,monthly_industry_30,monthly industry,risk_averse_low_volatility,27,calibration,block,constant_a018,0.12133012345679012
0.016544780924592568,-0.015073148122918859,0.049565244279202884,0.0204,0.0204,6.527095371463227,35.286423492915354,0.9395639317457108,0.008509259259259258,0.09720740740740741,108,0,2,monthly_industry_30,monthly industry,risk_averse_low_volatility,27,calibration,block,constant_a019,0.12133012345679012
0.035726126868250746,-0.017384185449506907,0.07839920722255428,0.0385,0.0385,8.891275872323419,29.772911052310583,0.9176733715525609,0.01028611111111111,0.11100000000000002,108,0,2,monthly_industry_30,monthly industry,risk_averse_low_volatility,27,calibration,block,constant_a020,0.12133012345679012
0.0015843588338360758,-0.04302363586553362,0.03221922373213791,0.0828,0.0828,3.839600299457486,32.19131483516838,0.9644481453753937,0.008956481481481482,0.10537407407407408,108,1,1,monthly_industry_30,monthly industry,risk_averse_low_volatility,27,calibration,block,constant_a021,0.12133012345679012
0.02834384920228751,0.012095799999999993,0.05695955976011919,-0.0302,inf,1.9988836520042803,38.67520159434062,0.9814918180369974,0.009407407407407408,0.13405555555555554,108,24,0,monthly_industry_30,monthly industry,risk_averse_low_volatility,27,calibration,block,constant_a022,0.12133012345679012
-0.012103760968348967,-0.05339744043761059,0.03609265263976069,0.040999999999999995,inf,1.961759497338333,41.03293102976767,0.9818355602098302,0.009435185185185184,0.1265962962962963,108,24,0,monthly_industry_30,monthly industry,risk_averse_low_volatility,27,calibration,block,constant_a023,0.12133012345679012
-0.013684137831156176,-0.06708789209264507,0.019860132122469523,0.0929,0.0929,3.980516637224729,29.84119305070231,0.9631433644701414,0.011483333333333335,0.11916296296296297,108,1,1,monthly_industry_30,monthly industry,risk_averse_low_volatility,27,calibration,block,constant_a024,0.12133012345679012
0.03733709320527096,-0.013596523427958062,0.09203310726187036,0.0409,0.0409,4.98379234049549,28.998524025920375,0.9538537746250417,0.010116666666666666,0.11522222222222221,108,2,1,monthly_industry_30,monthly industry,risk_averse_low_volatility,27,calibration,block,constant_a025,0.12133012345679012
0.0011599150867718042,-0.04910121408095311,0.040379948610883086,0.08650000000000001,0.08650000000000001,4.956720788554581,29.30424999143015,0.9541044371430132,0.009475925925925928,0.09744814814814814,108,1,1,monthly_industry_30,monthly industry,risk_averse_low_volatility,27,calibration,block,constant_a026,0.12133012345679012
0.041152530502149606,0.013955937821390957,0.07950451914221703,-0.0083,-0.0083,4.95607010420656,27.219409117431688,0.9541104619980874,0.011696296296296293,0.0864962962962963,108,1,1,monthly_industry_30,monthly industry,risk_averse_low_volatility,27,calibration,block,constant_a027,0.12133012345679012
0.008075335953181946,3.440785954585632e-05,0.012095799999999993,0.0029999999999999996,inf,1.0,28.763637373067272,0.9907407407407407,0.0033916666666666683,0.17157407407407407,108,69,0,monthly_industry_30,monthly industry,risk_averse_low_volatility,27,calibration,block,constant_a028,0.12133012345679012
-0.019128694220588452,-0.10484118531945533,0.027809217462065577,0.1852,inf,2.944302519712164,29.827092490140814,0.9727379396322948,0.005977777777777777,0.14215185185185186,108,10,1,monthly_industry_30,monthly industry,risk_averse_low_volatility,27,calibration,block,constant_a029,0.12133012345679012
0.007799286833082113,-0.014093196459860381,0.02116468647528916,0.022456666666666666,0.02245666666666667,2.984930252116213,31.73638138702179,0.9723617569248498,0.008955,0.12133012345679012,108,7,1,monthly_industry_30,monthly industry,risk_averse_low_volatility,27,calibration,block,constant_equal_weight_public,0.12133012345679012
0.003504575085298488,-0.04221689219481585,0.04184232837043813,0.0475,inf,1.9995157143782987,34.25314146308445,0.9814859656076084,0.013036111111111111,0.2308074074074074,108,22,0,monthly_industry_30,monthly industry,risk_averse_low_volatility,27,calibration,block,momentum_12,0.12133012345679012
0.02308854120801946,0.009097390762218776,0.03742656581777207,0.008100000000000001,0.008100000000000001,5.823125634475726,23.36294259197739,0.9460821700511507,0.009154320987654322,0.09146296296296295,108,0,2,monthly_industry_30,monthly industry,risk_averse_low_volatility,27,calibration,block,low_vol_12,0.12133012345679012
0.026916659761987517,0.011705205279797614,0.05869299378930807,-0.0083,-0.0083,3.76048424236461,34.25314146308445,0.9651807014595869,0.0024592592592592587,0.2494555555555555,108,3,1,monthly_industry_30,monthly industry,risk_averse_low_volatility,27,calibration,block,risk_adjusted_12,0.12133012345679012
0.051419885721506346,0.003844062999228394,0.09971337287618906,-0.015300000000000001,-0.0153,5.857401330728932,29.55032387979668,0.9457648024932507,0.010005555555555554,0.09748888888888889,108,1,2,monthly_industry_30,monthly industry,risk_averse_low_volatility,27,calibration,block,ridge_return_train_only,0.12133012345679012
0.0007598374452565589,-0.03995351091001246,0.031828670563905974,0.0676,0.0676,10.854386087698561,29.195665067077577,0.9201883375904517,0.005722058823529412,0.07954117647058823,136,0,3,monthly_industry_30,monthly industry,risk_averse_low_volatility,27,test,iid,constant_a000,0.12133012345679012
0.01877224060267731,-0.0004728745252393351,0.042572855984795925,0.012199999999999999,0.012199999999999999,5.904470905555513,29.62540900444459,0.9565847727532683,0.005813235294117649,0.08037058823529412,136,0,2,monthly_industry_30,monthly industry,risk_averse_low_volatility,27,test,iid,constant_a001,0.12133012345679012
0.02084173205714559,0.010743663110931943,0.047772498384229756,-0.0095,inf,1.9369467289704285,35.420798388407235,0.9857577446399233,0.011203676470588236,0.12225294117647058,136,26,0,monthly_industry_30,monthly industry,risk_averse_low_volatility,27,test,iid,constant_a002,0.12133012345679012
0.031700938050098194,-0.004418516396172332,0.06838513953438091,0.0225,inf,2.995017122085564,35.17711030939454,0.9779778152787826,0.012388235294117648,0.15730882352941175,136,11,1,monthly_industry_30,monthly industry,risk_averse_low_volatility,27,test,iid,constant_a003,0.12133012345679012
-0.06063966844550823,-0.15384502985320658,0.006019174360905227,0.1038,0.10380000000000002,4.935996394671104,37.604522344335784,0.9637059088627125,0.0059507352941176464,0.1360823529411765,136,0,1,monthly_industry_30,monthly industry,risk_averse_low_volatility,27,test,iid,constant_a004,0.12133012345679012
0.043530535767282684,0.012744713569210555,0.08841896600158314,-0.0008,-0.0007999999999999999,7.948952096111034,27.33449571333099,0.941551822822713,0.005198529411764706,0.09060294117647058,136,0,2,monthly_industry_30,monthly industry,risk_averse_low_volatility,27,test,iid,constant_a005,0.12133012345679012
0.050918967406849466,0.0016406512808727486,0.13873482118968292,0.0029,0.0029000000000000002,2.9966464370920014,35.11470816690105,0.9779658350213823,0.004352205882352941,0.14798235294117645,136,8,1,monthly_industry_30,monthly industry,risk_averse_low_volatility,27,test,iid,constant_a006,0.12133012345679012
-0.0030441347402053974,-0.03393621564497135,0.031219275531200963,0.0315,0.0315,3.7357816601499203,33.776059459919814,0.97253101720478,0.008147794117647059,0.0847264705882353,136,5,1,monthly_industry_30,monthly industry,risk_averse_low_volatility,27,test,iid,constant_a007,0.12133012345679012
0.033438031724185475,-0.04629610315536371,0.10350235929643654,0.0724,0.0724,5.897878165526258,36.921602146552544,0.9566332487828951,0.006644117647058825,0.12974411764705882,136,1,2,monthly_industry_30,monthly industry,risk_averse_low_volatility,27,test,iid,constant_a008,0.12133012345679012
0.012095799999999992,0.012095799999999993,0.012095799999999997,,inf,0.0,0.0,1.0,0.0021544117647058834,0.2105794117647059,136,200,0,monthly_industry_30,monthly industry,risk_averse_low_volatility,27,test,iid,constant_a009,0.12133012345679012
-0.0505955042714435,-0.13104451322284563,0.019692579480180463,0.086,0.086,7.654789896612224,55.55537416064326,0.943714780171969,0.01612941176470588,0.1451029411764706,136,0,2,monthly_industry_30,monthly industry,risk_averse_low_volatility,27,test,iid,constant_a010,0.12133012345679012
-0.11683883473680995,-0.2716723159674194,-9.249544715383382e-05,0.081,0.081,6.321019012123222,93.0131337157424,0.9535219190285057,0.01574558823529412,0.17915,136,0,2,monthly_industry_30,monthly industry,risk_averse_low_volatility,27,test,iid,constant_a011,0.12133012345679012
-0.024908036605173756,-0.08450376562394456,0.012095799999999995,0.07719999999999999,inf,1.9906723791480851,34.15155664939475,0.9853627030944994,0.016123529411764703,0.12421176470588235,136,24,0,monthly_industry_30,monthly industry,risk_averse_low_volatility,27,test,iid,constant_a012,0.12133012345679012
0.05861549594723273,0.012095799999999993,0.13429953231664268,-0.05,inf,1.9694911171655407,62.27089218101316,0.9855184476679004,0.012578676470588237,0.14005882352941176,136,29,0,monthly_industry_30,monthly industry,risk_averse_low_volatility,27,test,iid,constant_a013,0.12133012345679012
-0.004511886232825206,-0.038142450854296225,0.012095799999999997,0.0037,inf,1.0,142.99024599350628,0.9926470588235294,0.0199125,0.21385882352941174,136,87,0,monthly_industry_30,monthly industry,risk_averse_low_volatility,27,test,iid,constant_a014,0.12133012345679012
0.0159275971735888,0.011701172473587873,0.022536240689268232,-0.009899999999999999,-0.009899999999999999,2.9681164138685565,30.760128823543297,0.9781756146039077,0.012144117647058823,0.14591176470588232,136,6,1,monthly_industry_30,monthly industry,risk_averse_low_volatility,27,test,iid,constant_a015,0.12133012345679012
0.06356300026807714,0.012095799999999993,0.13235458783181664,-0.08310000000000001,inf,1.7567944727543077,65.88100357914458,0.9870823935826889,0.015613235294117645,0.13995294117647059,136,31,0,monthly_industry_30,monthly industry,risk_averse_low_volatility,27,test,iid,constant_a016,0.12133012345679012
-0.005287430859184442,-0.04005389257755331,0.012095799999999997,0.042699999999999995,inf,1.0,43.14417157608946,0.9926470588235294,0.009413235294117648,0.2893911764705882,136,75,0,monthly_industry_30,monthly industry,risk_averse_low_volatility,27,test,iid,constant_a017,0.12133012345679012
0.07509995037181398,-0.1016431208988228,0.3350631135346071,0.1553,0.1553,4.759589196854428,50.78652625424664,0.9650030206113644,0.010013235294117651,0.17509411764705882,136,1,1,monthly_industry_30,monthly industry,risk_averse_low_volatility,27,test,iid,constant_a018,0.12133012345679012
-0.08415308976135347,-0.1998841425194381,0.006002110214961615,0.07780000000000001,0.07780000000000001,6.959497749313148,26.26114256027363,0.948827222431521,0.008348529411764708,0.08674705882352941,136,0,2,monthly_industry_30,monthly industry,risk_averse_low_volatility,27,test,iid,constant_a019,0.12133012345679012
-0.0004671817330235019,-0.03949768072261964,0.0330659820484829,0.0663,inf,2.9701828754225508,28.687445323562837,0.9781604200336577,0.005097058823529412,0.1036735294117647,136,11,1,monthly_industry_30,monthly industry,risk_averse_low_volatility,27,test,iid,constant_a020,0.12133012345679012
0.027108071766793536,-0.006937959247155992,0.07078753865823255,0.0403,0.04030000000000001,2.9722270396330863,30.912505668872505,0.9781453894144626,0.014211029411764706,0.10055882352941177,136,9,1,monthly_industry_30,monthly industry,risk_averse_low_volatility,27,test,iid,constant_a021,0.12133012345679012
0.023665385195542926,-0.013088471219700868,0.06116730985320867,0.026600000000000002,0.026600000000000002,4.9763072812339715,32.639368603078964,0.9634095052850443,0.020024264705882353,0.10592058823529413,136,0,1,monthly_industry_30,monthly industry,risk_averse_low_volatility,27,test,iid,constant_a022,0.12133012345679012
0.004165594596027337,-0.04576560012597418,0.05745017584918977,0.13269999999999998,0.13269999999999998,2.9048714181541753,29.539530934573285,0.9786406513371017,0.002658823529411765,0.10287058823529413,136,9,1,monthly_industry_30,monthly industry,risk_averse_low_volatility,27,test,iid,constant_a023,0.12133012345679012
0.030332587391557784,-0.008007443457139532,0.08436230031046264,0.0341,0.0341,3.9409428816775987,39.190924898674496,0.9710224788111941,0.008090441176470588,0.12422352941176472,136,4,1,monthly_industry_30,monthly industry,risk_averse_low_volatility,27,test,iid,constant_a024,0.12133012345679012
0.013067427798817284,-0.015208793133551677,0.04193492450095567,0.027000000000000003,0.027000000000000007,6.94582997039549,32.803643751939006,0.9489277208059155,0.010133823529411765,0.10630294117647059,136,0,2,monthly_industry_30,monthly industry,risk_averse_low_volatility,27,test,iid,constant_a025,0.12133012345679012
0.014573683247475907,-0.01691471403328833,0.0468944695776497,0.030600000000000002,0.030600000000000006,3.9730253657082946,32.227299492585,0.9707865781933214,0.012989705882352941,0.09431470588235294,136,2,1,monthly_industry_30,monthly industry,risk_averse_low_volatility,27,test,iid,constant_a026,0.12133012345679012
-0.0670240658944025,-0.16794734753468046,0.01026752732705821,0.2212,0.22120000000000004,8.925297189582473,26.881019854099126,0.9343728147824818,0.01041985294117647,0.09985882352941176,136,0,2,monthly_industry_30,monthly industry,risk_averse_low_volatility,27,test,iid,constant_a027,0.12133012345679012
0.020938573110351275,0.0025021707361693128,0.043962177667079945,0.0216,0.0216,3.9657692048322857,30.956622375892106,0.9708399323174096,0.011051470588235293,0.1126235294117647,136,5,1,monthly_industry_30,monthly industry,risk_averse_low_volatility,27,test,iid,constant_a028,0.12133012345679012
-0.008108019759864487,-0.05449421669827075,0.02691986154146187,0.073,0.073,3.948976088998192,26.034208732850583,0.9709634111103074,0.008997058823529412,0.08895882352941176,136,5,1,monthly_industry_30,monthly industry,risk_averse_low_volatility,27,test,iid,constant_a029,0.12133012345679012
-0.011911835679165872,-0.038208441447524964,0.010549900831709872,0.03629333333333333,0.03629333333333333,3.960832954341845,32.151788838889395,0.9708762282768982,0.01024235294117647,0.10200901960784312,136,3,1,monthly_industry_30,monthly industry,risk_averse_low_volatility,27,test,iid,constant_equal_weight_public,0.12133012345679012
0.007837030785844752,-0.0007193700283662079,0.012095799999999995,0.0029,inf,1.9962878879735688,35.420798388407235,0.9853214125884296,0.02070735294117647,0.17675588235294115,136,16,0,monthly_industry_30,monthly industry,risk_averse_low_volatility,27,test,iid,momentum_12,0.12133012345679012
0.01205929224870818,-0.012669949188486044,0.037148689876275655,0.0636,inf,2.9976529859064707,20.349264459482168,0.9779584339271583,0.006003799019607842,0.08625,136,12,1,monthly_industry_30,monthly industry,risk_averse_low_volatility,27,test,iid,low_vol_12,0.12133012345679012
0.005671178597685246,-0.009423789483890093,0.013023696402214341,0.025,inf,1.8326412154239065,35.420798388407235,0.9865246969454124,0.015530686274509806,0.1313264705882353,136,25,0,monthly_industry_30,monthly industry,risk_averse_low_volatility,27,test,iid,risk_adjusted_12,0.12133012345679012
-0.0695984752216096,-0.17238640786851417,0.020258697483842195,0.07780000000000001,0.07780000000000001,8.857245010983023,26.653798100736463,0.9348731984486542,0.011052941176470588,0.08465000000000002,136,0,2,monthly_industry_30,monthly industry,risk_averse_low_volatility,27,test,iid,ridge_return_train_only,0.12133012345679012
0.0007598374452565589,-0.04106482544171844,0.039897924861699754,0.0676,0.0676,10.854386087698561,29.195665067077577,0.9201883375904517,0.005722058823529412,0.07954117647058823,136,0,3,monthly_industry_30,monthly industry,risk_averse_low_volatility,27,test,block,constant_a000,0.12133012345679012
0.01877224060267731,1.2666856478617185e-05,0.043683016219930905,0.012199999999999999,0.012199999999999999,5.904470905555513,29.62540900444459,0.9565847727532683,0.005813235294117649,0.08037058823529412,136,0,2,monthly_industry_30,monthly industry,risk_averse_low_volatility,27,test,block,constant_a001,0.12133012345679012
0.02084173205714559,0.010067594666397917,0.04036180150503886,-0.0095,inf,1.9369467289704285,35.420798388407235,0.9857577446399233,0.011203676470588236,0.12225294117647058,136,31,0,monthly_industry_30,monthly industry,risk_averse_low_volatility,27,test,block,constant_a002,0.12133012345679012
0.031700938050098194,-0.004348852145512344,0.0820304391563779,0.0225,0.0225,2.995017122085564,35.17711030939454,0.9779778152787826,0.012388235294117648,0.15730882352941175,136,5,1,monthly_industry_30,monthly industry,risk_averse_low_volatility,27,test,block,constant_a003,0.12133012345679012
-0.06063966844550823,-0.13067386225583735,0.0002186436022396637,0.1038,0.10380000000000002,4.935996394671104,37.604522344335784,0.9637059088627125,0.0059507352941176464,0.1360823529411765,136,1,1,monthly_industry_30,monthly industry,risk_averse_low_volatility,27,test,block,constant_a004,0.12133012345679012
0.043530535767282684,0.013612730423633375,0.07909289057679347,-0.0008,-0.0007999999999999999,7.948952096111034,27.33449571333099,0.941551822822713,0.005198529411764706,0.09060294117647058,136,0,2,monthly_industry_30,monthly industry,risk_averse_low_volatility,27,test,block,constant_a005,0.12133012345679012
0.050918967406849466,0.0019262810308657377,0.13902045093967585,0.0029,0.0029000000000000002,2.9966464370920014,35.11470816690105,0.9779658350213823,0.004352205882352941,0.14798235294117645,136,8,1,monthly_industry_30,monthly industry,risk_averse_low_volatility,27,test,block,constant_a006,0.12133012345679012
-0.0030441347402053974,-0.04860868034297888,0.029643887877746296,0.0315,0.0315,3.7357816601499203,33.776059459919814,0.97253101720478,0.008147794117647059,0.0847264705882353,136,6,1,monthly_industry_30,monthly industry,risk_averse_low_volatility,27,test,block,constant_a007,0.12133012345679012
0.033438031724185475,-0.04852046111433244,0.11538940460724613,0.0724,0.0724,5.897878165526258,36.921602146552544,0.9566332487828951,0.006644117647058825,0.12974411764705882,136,0,2,monthly_industry_30,monthly industry,risk_averse_low_volatility,27,test,block,constant_a008,0.12133012345679012
0.012095799999999992,0.012095799999999993,0.012095799999999997,,inf,0.0,0.0,1.0,0.0021544117647058834,0.2105794117647059,136,200,0,monthly_industry_30,monthly industry,risk_averse_low_volatility,27,test,block,constant_a009,0.12133012345679012
-0.0505955042714435,-0.12362389091931245,0.03191991673492433,0.086,0.086,7.654789896612224,55.55537416064326,0.943714780171969,0.01612941176470588,0.1451029411764706,136,0,2,monthly_industry_30,monthly industry,risk_averse_low_volatility,27,test,block,constant_a010,0.12133012345679012
-0.11683883473680995,-0.2717292071697627,-0.011188352060107466,0.081,0.081,6.321019012123222,93.0131337157424,0.9535219190285057,0.01574558823529412,0.17915,136,0,2,monthly_industry_30,monthly industry,risk_averse_low_volatility,27,test,block,constant_a011,0.12133012345679012
-0.024908036605173756,-0.09217841687546084,0.012095799999999997,0.07719999999999999,inf,1.9906723791480851,34.15155664939475,0.9853627030944994,0.016123529411764703,0.12421176470588235,136,25,0,monthly_industry_30,monthly industry,risk_averse_low_volatility,27,test,block,constant_a012,0.12133012345679012
0.05861549594723273,0.012095799999999993,0.14610851721376428,-0.05,inf,1.9694911171655407,62.27089218101316,0.9855184476679004,0.012578676470588237,0.14005882352941176,136,24,0,monthly_industry_30,monthly industry,risk_averse_low_volatility,27,test,block,constant_a013,0.12133012345679012
-0.004511886232825206,-0.0377272586984756,0.012095799999999997,0.0037,inf,1.0,142.99024599350628,0.9926470588235294,0.0199125,0.21385882352941174,136,67,0,monthly_industry_30,monthly industry,risk_averse_low_volatility,27,test,block,constant_a014,0.12133012345679012
0.0159275971735888,0.011325795070415371,0.024003924467870592,-0.009899999999999999,-0.009899999999999997,2.9681164138685565,30.760128823543297,0.9781756146039077,0.012144117647058823,0.14591176470588232,136,7,1,monthly_industry_30,monthly industry,risk_averse_low_volatility,27,test,block,constant_a015,0.12133012345679012
0.06356300026807714,0.012095799999999995,0.1327813729939719,-0.08310000000000001,inf,1.7567944727543077,65.88100357914458,0.9870823935826889,0.015613235294117645,0.13995294117647059,136,22,0,monthly_industry_30,monthly industry,risk_averse_low_volatility,27,test,block,constant_a016,0.12133012345679012
-0.005287430859184442,-0.04005389257755331,0.012095799999999997,0.042699999999999995,inf,1.0,43.14417157608946,0.9926470588235294,0.009413235294117648,0.2893911764705882,136,74,0,monthly_industry_30,monthly industry,risk_averse_low_volatility,27,test,block,constant_a017,0.12133012345679012
0.07509995037181398,-0.15985402095579798,0.32459060579059373,0.1553,0.1553,4.759589196854428,50.78652625424664,0.9650030206113644,0.010013235294117651,0.17509411764705882,136,4,1,monthly_industry_30,monthly industry,risk_averse_low_volatility,27,test,block,constant_a018,0.12133012345679012
-0.08415308976135347,-0.20141661982661052,0.011851577315037155,0.07780000000000001,0.07780000000000001,6.959497749313148,26.26114256027363,0.948827222431521,0.008348529411764708,0.08674705882352941,136,1,2,monthly_industry_30,monthly industry,risk_averse_low_volatility,27,test,block,constant_a019,0.12133012345679012
-0.0004671817330235019,-0.03586964256986558,0.03640584369399128,0.0663,inf,2.9701828754225508,28.687445323562837,0.9781604200336577,0.005097058823529412,0.1036735294117647,136,11,1,monthly_industry_30,monthly industry,risk_averse_low_volatility,27,test,block,constant_a020,0.12133012345679012
0.027108071766793536,-0.006887626977516574,0.07089191162929183,0.0403,0.0403,2.9722270396330863,30.912505668872505,0.9781453894144626,0.014211029411764706,0.10055882352941177,136,4,1,monthly_industry_30,monthly industry,risk_averse_low_volatility,27,test,block,constant_a021,0.12133012345679012
0.023665385195542926,-0.012688960280756207,0.06128775885082459,0.026600000000000002,0.026600000000000002,4.9763072812339715,32.639368603078964,0.9634095052850443,0.020024264705882353,0.10592058823529413,136,0,1,monthly_industry_30,monthly industry,risk_averse_low_volatility,27,test,block,constant_a022,0.12133012345679012
0.004165594596027337,-0.047783434960335304,0.05643181656974501,0.13269999999999998,inf,2.9048714181541753,29.539530934573285,0.9786406513371017,0.002658823529411765,0.10287058823529413,136,12,1,monthly_industry_30,monthly industry,risk_averse_low_volatility,27,test,block,constant_a023,0.12133012345679012
0.030332587391557784,-0.013817869034518261,0.08591178348169748,0.0341,0.0341,3.9409428816775987,39.190924898674496,0.9710224788111941,0.008090441176470588,0.12422352941176472,136,2,1,monthly_industry_30,monthly industry,risk_averse_low_volatility,27,test,block,constant_a024,0.12133012345679012
0.013067427798817284,-0.011597624232324986,0.03745670306801761,0.027000000000000003,0.027000000000000003,6.94582997039549,32.803643751939006,0.9489277208059155,0.010133823529411765,0.10630294117647059,136,0,2,monthly_industry_30,monthly industry,risk_averse_low_volatility,27,test,block,constant_a025,0.12133012345679012
0.014573683247475907,-0.021050605040384234,0.052721389980320436,0.030600000000000002,0.030600000000000006,3.9730253657082946,32.227299492585,0.9707865781933214,0.012989705882352941,0.09431470588235294,136,5,1,monthly_industry_30,monthly industry,risk_averse_low_volatility,27,test,block,constant_a026,0.12133012345679012
-0.0670240658944025,-0.17734905050016686,-0.003424431094428272,0.2212,0.22120000000000004,8.925297189582473,26.881019854099126,0.9343728147824818,0.01041985294117647,0.09985882352941176,136,0,2,monthly_industry_30,monthly industry,risk_averse_low_volatility,27,test,block,constant_a027,0.12133012345679012
0.020938573110351275,0.0007164164562219281,0.04696778013859019,0.0216,0.0216,3.9657692048322857,30.956622375892106,0.9708399323174096,0.011051470588235293,0.1126235294117647,136,6,1,monthly_industry_30,monthly industry,risk_averse_low_volatility,27,test,block,constant_a028,0.12133012345679012
-0.008108019759864487,-0.03966420797668613,0.014577243973454779,0.073,0.073,3.948976088998192,26.034208732850583,0.9709634111103074,0.008997058823529412,0.08895882352941176,136,3,1,monthly_industry_30,monthly industry,risk_averse_low_volatility,27,test,block,constant_a029,0.12133012345679012
-0.011911835679165872,-0.0362350705597857,0.009042649142627009,0.03629333333333333,0.03629333333333333,3.960832954341845,32.151788838889395,0.9708762282768982,0.01024235294117647,0.10200901960784312,136,2,1,monthly_industry_30,monthly industry,risk_averse_low_volatility,27,test,block,constant_equal_weight_public,0.12133012345679012
0.007837030785844752,-4.439197931704416e-06,0.012095799999999997,0.0029,inf,1.9962878879735688,35.420798388407235,0.9853214125884296,0.02070735294117647,0.17675588235294115,136,25,0,monthly_industry_30,monthly industry,risk_averse_low_volatility,27,test,block,momentum_12,0.12133012345679012
0.01205929224870818,-0.009023774295732902,0.028274207678389056,0.0636,inf,2.9976529859064707,20.349264459482168,0.9779584339271583,0.006003799019607842,0.08625,136,19,1,monthly_industry_30,monthly industry,risk_averse_low_volatility,27,test,block,low_vol_12,0.12133012345679012
0.005671178597685246,-0.0045637455878632,0.013261289863991336,0.025,inf,1.8326412154239065,35.420798388407235,0.9865246969454124,0.015530686274509806,0.1313264705882353,136,28,0,monthly_industry_30,monthly industry,risk_averse_low_volatility,27,test,block,risk_adjusted_12,0.12133012345679012
-0.0695984752216096,-0.18561630592747289,0.03328204008921534,0.07780000000000001,0.07780000000000001,8.857245010983023,26.653798100736463,0.9348731984486542,0.011052941176470588,0.08465000000000002,136,0,2,monthly_industry_30,monthly industry,risk_averse_low_volatility,27,test,block,ridge_return_train_only,0.12133012345679012
0.017930770370370382,0.01793077037037038,0.017930770370370382,,inf,0.0,0.0,1.0,0.009589814814814813,0.0832074074074074,108,200,0,monthly_industry_30,monthly industry,return_seeking_recent_winner,7,calibration,iid,constant_a000,0.12133012345679012
0.03737152422555539,0.028794025436223926,0.04669711478039466,0.0738,0.0738,3.0,1.0197368421052628,0.9722222222222222,0.011237037037037037,0.08046666666666666,108,4,1,monthly_industry_30,monthly industry,return_seeking_recent_winner,7,calibration,iid,constant_a001,0.12133012345679012
-0.012628426395416595,-0.0271588908839426,0.007389386025171367,0.0733,0.0733,12.000000000000007,1.0197368421052628,0.8888888888888888,0.01357037037037037,0.08148518518518519,108,0,3,monthly_industry_30,monthly industry,return_seeking_recent_winner,7,calibration,iid,constant_a002,0.12133012345679012
0.017504209413580257,0.014634209470660972,0.02109226678613007,0.0575,0.0575,9.000000000000002,1.0197368421052628,0.9166666666666666,0.009954629629629631,0.2067925925925926,108,0,2,monthly_industry_30,monthly industry,return_seeking_recent_winner,7,calibration,iid,constant_a003,0.12133012345679012
0.017930770370370382,0.01793077037037038,0.017930770370370382,,inf,0.0,0.0,1.0,0.0031333333333333348,0.1556074074074074,108,200,0,monthly_industry_30,monthly industry,return_seeking_recent_winner,7,calibration,iid,constant_a004,0.12133012345679012
0.017930770370370382,0.01793077037037038,0.017930770370370382,,inf,0.0,0.0,1.0,0.007787037037037038,0.10028888888888889,108,200,0,monthly_industry_30,monthly industry,return_seeking_recent_winner,7,calibration,iid,constant_a005,0.12133012345679012
-0.7617322905142225,-2.3186704612738915,0.017754858491264177,0.036510111621799034,0.051399999999999994,1.003949960245031,1549.9999999999995,0.9907041670347683,0.012547222222222222,0.13836666666666664,108,3,0,monthly_industry_30,monthly industry,return_seeking_recent_winner,7,calibration,iid,constant_a006,0.12133012345679012
0.016481785306115094,0.013835421090873408,0.017930770370370382,0.1082,inf,2.0,1.0197368421052628,0.9814814814814815,0.010110185185185182,0.08343333333333333,108,30,1,monthly_industry_30,monthly industry,return_seeking_recent_winner,7,calibration,iid,constant_a007,0.12133012345679012
0.017930770370370382,0.01793077037037038,0.017930770370370382,,inf,0.0,0.0,1.0,0.01219907407407408,0.1576222222222222,108,200,0,monthly_industry_30,monthly industry,return_seeking_recent_winner,7,calibration,iid,constant_a008,0.12133012345679012
-0.003964613119473389,-0.02181441271222472,0.012713902273511948,0.13128333333333334,0.1461,24.00000000000003,1.0197368421052628,0.7777777777777775,0.01513333333333333,0.24232222222222222,108,0,3,monthly_industry_30,monthly industry,return_seeking_recent_winner,7,calibration,iid,constant_a009,0.12133012345679012
0.018075886756371392,0.01793077037037038,0.01836611952837341,-0.0333,inf,1.0,1.0197368421052628,0.9907407407407407,0.004490740740740739,0.16894074074074072,108,64,0,monthly_industry_30,monthly industry,return_seeking_recent_winner,7,calibration,iid,constant_a010,0.12133012345679012
0.017905930476138917,0.014501064375541486,0.021636985238317644,0.0475,0.0475,14.00000000000001,1.0197368421052628,0.8703703703703702,0.005515740740740741,0.23192222222222222,108,0,3,monthly_industry_30,monthly industry,return_seeking_recent_winner,7,calibration,iid,constant_a011,0.12133012345679012
0.017196545296368507,0.015742548694137617,0.017930770370370382,0.0583,inf,2.0,1.0197368421052628,0.9814814814814815,0.01081574074074074,0.17674444444444445,108,23,1,monthly_industry_30,monthly industry,return_seeking_recent_winner,7,calibration,iid,constant_a012,0.12133012345679012
0.017930770370370382,0.01793077037037038,0.017930770370370382,,inf,0.0,0.0,1.0,0.009680555555555555,0.16028888888888887,108,200,0,monthly_industry_30,monthly industry,return_seeking_recent_winner,7,calibration,iid,constant_a013,0.12133012345679012
0.019161136584903624,0.017924524097538093,0.020866733578577372,-0.0176,-0.0176,3.0,1.0197368421052628,0.9722222222222222,0.009813888888888888,0.1906925925925926,108,8,1,monthly_industry_30,monthly industry,return_seeking_recent_winner,7,calibration,iid,constant_a014,0.12133012345679012
0.035047409649939194,0.01675054952497492,0.056625756974028135,,inf,0.0,0.0,1.0,0.011383333333333332,0.1517,108,200,0,monthly_industry_30,monthly industry,return_seeking_recent_winner,7,calibration,iid,constant_a015,0.12133012345679012
-1.9751998581268646,-6.021993946892841,0.058268497586188975,0.06812041884816758,0.11490000000000002,1.0105505174843576,1549.9999999999995,0.9906430507640337,0.005846296296296298,0.21665185185185185,108,0,0,monthly_industry_30,monthly industry,return_seeking_recent_winner,7,calibration,iid,constant_a016,0.12133012345679012
0.03857602466982666,0.022715269185436756,0.059486371999240555,0.38060000000000005,0.38060000000000005,19.000000000000014,1.019736842105263,0.824074074074074,-0.0003518518518518532,0.29553703703703704,108,0,3,monthly_industry_30,monthly industry,return_seeking_recent_winner,7,calibration,iid,constant_a017,0.12133012345679012
0.017930770370370382,0.01793077037037038,0.017930770370370382,,inf,0.0,0.0,1.0,0.007457407407407407,0.13156296296296294,108,200,0,monthly_industry_30,monthly industry,return_seeking_recent_winner,7,calibration,iid,constant_a018,0.12133012345679012
0.017873827789509796,0.017759942627788617,0.017930770370370382,-0.011899999999999999,inf,1.0,1.019736842105263,0.9907407407407407,0.008509259259259258,0.09720740740740741,108,75,0,monthly_industry_30,monthly industry,return_seeking_recent_winner,7,calibration,iid,constant_a019,0.12133012345679012
0.017930770370370382,0.01793077037037038,0.017930770370370382,,inf,0.0,0.0,1.0,0.01028611111111111,0.11100000000000002,108,200,0,monthly_industry_30,monthly industry,return_seeking_recent_winner,7,calibration,iid,constant_a020,0.12133012345679012
0.017930770370370382,0.01793077037037038,0.017930770370370382,,inf,0.0,0.0,1.0,0.008956481481481482,0.10537407407407408,108,200,0,monthly_industry_30,monthly industry,return_seeking_recent_winner,7,calibration,iid,constant_a021,0.12133012345679012
0.017930770370370382,0.01793077037037038,0.017930770370370382,,inf,0.0,0.0,1.0,0.009407407407407408,0.13405555555555554,108,200,0,monthly_industry_30,monthly industry,return_seeking_recent_winner,7,calibration,iid,constant_a022,0.12133012345679012
0.017930770370370382,0.01793077037037038,0.017930770370370382,,inf,0.0,0.0,1.0,0.009435185185185184,0.1265962962962963,108,200,0,monthly_industry_30,monthly industry,return_seeking_recent_winner,7,calibration,iid,constant_a023,0.12133012345679012
0.01876173965507907,0.017871648853873375,0.02044661323561928,-0.0148,-0.0148,3.0000000000000004,1.019736842105263,0.9722222222222222,0.011483333333333335,0.11916296296296297,108,7,1,monthly_industry_30,monthly industry,return_seeking_recent_winner,7,calibration,iid,constant_a024,0.12133012345679012
0.017930770370370382,0.01793077037037038,0.017930770370370382,,inf,0.0,0.0,1.0,0.010116666666666666,0.11522222222222221,108,200,0,monthly_industry_30,monthly industry,return_seeking_recent_winner,7,calibration,iid,constant_a025,0.12133012345679012
0.017930770370370382,0.01793077037037038,0.017930770370370382,,inf,0.0,0.0,1.0,0.009475925925925928,0.09744814814814814,108,200,0,monthly_industry_30,monthly industry,return_seeking_recent_winner,7,calibration,iid,constant_a026,0.12133012345679012
0.1302688889927096,0.1166029260147082,0.14223930914771454,0.031400000000000004,inf,2.0,1.019736842105263,0.9814814814814815,0.011696296296296293,0.0864962962962963,108,32,1,monthly_industry_30,monthly industry,return_seeking_recent_winner,7,calibration,iid,constant_a027,0.12133012345679012
0.017930770370370382,0.01793077037037038,0.017930770370370382,,inf,0.0,0.0,1.0,0.0033916666666666683,0.17157407407407407,108,200,0,monthly_industry_30,monthly industry,return_seeking_recent_winner,7,calibration,iid,constant_a028,0.12133012345679012
0.017930770370370382,0.01793077037037038,0.017930770370370382,,inf,0.0,0.0,1.0,0.005977777777777777,0.14215185185185186,108,200,0,monthly_industry_30,monthly industry,return_seeking_recent_winner,7,calibration,iid,constant_a029,0.12133012345679012
0.017930770370370382,0.01793077037037038,0.017930770370370382,,inf,0.0,0.0,1.0,0.008955,0.12133012345679012,108,200,0,monthly_industry_30,monthly industry,return_seeking_recent_winner,7,calibration,iid,constant_equal_weight_public,0.12133012345679012
0.011748255063692007,-0.005032307743237061,0.026289602220879282,0.23299433962264152,0.32257735849056624,105.99999999999983,1.019736842105263,0.018518518518520044,0.013036111111111111,0.2308074074074074,108,0,4,monthly_industry_30,monthly industry,return_seeking_recent_winner,7,calibration,iid,momentum_12,0.12133012345679012
0.021786660161230594,0.017361997401978725,0.02801861989269905,,inf,0.0,0.0,1.0,0.009154320987654322,0.09146296296296295,108,200,0,monthly_industry_30,monthly industry,return_seeking_recent_winner,7,calibration,iid,low_vol_12,0.12133012345679012
0.030914124514490337,0.014440973483110176,0.051549958943461344,0.3431,0.38060000000000005,35.000000000000014,1.019736842105263,0.6759259259259258,0.0024592592592592587,0.2494555555555555,108,0,3,monthly_industry_30,monthly industry,return_seeking_recent_winner,7,calibration,iid,risk_adjusted_12,0.12133012345679012
0.17053115804386196,0.1558505136861998,0.18443397337776354,0.29309999999999997,0.29309999999999997,4.0,1.019736842105263,0.962962962962963,0.010805555555555556,0.20012592592592593,108,1,1,monthly_industry_30,monthly industry,return_seeking_recent_winner,7,calibration,iid,ridge_return_train_only,0.12133012345679012
0.017930770370370382,0.01793077037037038,0.017930770370370382,,inf,0.0,0.0,1.0,0.009589814814814813,0.0832074074074074,108,200,0,monthly_industry_30,monthly industry,return_seeking_recent_winner,7,calibration,block,constant_a000,0.12133012345679012
0.03737152422555539,0.02214571347885959,0.051297622210216436,0.0738,inf,3.0,1.0197368421052628,0.9722222222222222,0.011237037037037037,0.08046666666666666,108,21,1,monthly_industry_30,monthly industry,return_seeking_recent_winner,7,calibration,block,constant_a001,0.12133012345679012
-0.012628426395416595,-0.039029886629755324,0.01440131811050431,0.0733,0.0733,12.000000000000007,1.0197368421052628,0.8888888888888888,0.01357037037037037,0.08148518518518519,108,0,3,monthly_industry_30,monthly industry,return_seeking_recent_winner,7,calibration,block,constant_a002,0.12133012345679012
0.017504209413580257,0.014882761258099605,0.02083441284801188,0.0575,0.0575,9.000000000000002,1.0197368421052628,0.9166666666666666,0.009954629629629631,0.2067925925925926,108,1,2,monthly_industry_30,monthly industry,return_seeking_recent_winner,7,calibration,block,constant_a003,0.12133012345679012
0.017930770370370382,0.01793077037037038,0.017930770370370382,,inf,0.0,0.0,1.0,0.0031333333333333348,0.1556074074074074,108,200,0,monthly_industry_30,monthly industry,return_seeking_recent_winner,7,calibration,block,constant_a004,0.12133012345679012
0.017930770370370382,0.01793077037037038,0.017930770370370382,,inf,0.0,0.0,1.0,0.007787037037037038,0.10028888888888889,108,200,0,monthly_industry_30,monthly industry,return_seeking_recent_winner,7,calibration,block,constant_a005,0.12133012345679012
-0.7617322905142225,-2.338767564649324,0.01775485849126418,0.036510111621799034,0.051399999999999994,1.003949960245031,1549.9999999999995,0.9907041670347683,0.012547222222222222,0.13836666666666664,108,4,0,monthly_industry_30,monthly industry,return_seeking_recent_winner,7,calibration,block,constant_a006,0.12133012345679012
0.016481785306115094,0.013325757830662055,0.017930770370370382,0.1082,inf,2.0,1.0197368421052628,0.9814814814814815,0.010110185185185182,0.08343333333333333,108,27,1,monthly_industry_30,monthly industry,return_seeking_recent_winner,7,calibration,block,constant_a007,0.12133012345679012
0.017930770370370382,0.01793077037037038,0.017930770370370382,,inf,0.0,0.0,1.0,0.01219907407407408,0.1576222222222222,108,200,0,monthly_industry_30,monthly industry,return_seeking_recent_winner,7,calibration,block,constant_a008,0.12133012345679012
-0.003964613119473389,-0.029704857410276227,0.021190009992417328,0.13128333333333334,0.1461,24.00000000000003,1.0197368421052628,0.7777777777777775,0.01513333333333333,0.24232222222222222,108,0,3,monthly_industry_30,monthly industry,return_seeking_recent_winner,7,calibration,block,constant_a009,0.12133012345679012
0.018075886756371392,0.01793077037037038,0.01836611952837341,-0.0333,inf,1.0,1.0197368421052628,0.9907407407407407,0.004490740740740739,0.16894074074074072,108,81,0,monthly_industry_30,monthly industry,return_seeking_recent_winner,7,calibration,block,constant_a010,0.12133012345679012
0.017905930476138917,0.013552850763482789,0.021436188265738947,0.0475,0.0475,14.00000000000001,1.0197368421052628,0.8703703703703702,0.005515740740740741,0.23192222222222222,108,0,3,monthly_industry_30,monthly industry,return_seeking_recent_winner,7,calibration,block,constant_a011,0.12133012345679012
0.017196545296368507,0.015727733809720427,0.017930770370370382,0.0583,inf,2.0,1.0197368421052628,0.9814814814814815,0.01081574074074074,0.17674444444444445,108,54,1,monthly_industry_30,monthly industry,return_seeking_recent_winner,7,calibration,block,constant_a012,0.12133012345679012
0.017930770370370382,0.01793077037037038,0.017930770370370382,,inf,0.0,0.0,1.0,0.009680555555555555,0.16028888888888887,108,200,0,monthly_industry_30,monthly industry,return_seeking_recent_winner,7,calibration,block,constant_a013,0.12133012345679012
0.019161136584903624,0.017924524097538093,0.021159216111765407,-0.0176,-0.0176,3.0,1.0197368421052628,0.9722222222222222,0.009813888888888888,0.1906925925925926,108,8,1,monthly_industry_30,monthly industry,return_seeking_recent_winner,7,calibration,block,constant_a014,0.12133012345679012
0.035047409649939194,0.006959770750278668,0.07275181621146831,,inf,0.0,0.0,1.0,0.011383333333333332,0.1517,108,200,0,monthly_industry_30,monthly industry,return_seeking_recent_winner,7,calibration,block,constant_a015,0.12133012345679012
-1.9751998581268646,-6.083232991142035,0.06528509531798052,0.06812041884816758,0.11490000000000002,1.0105505174843576,1549.9999999999995,0.9906430507640337,0.005846296296296298,0.21665185185185185,108,1,0,monthly_industry_30,monthly industry,return_seeking_recent_winner,7,calibration,block,constant_a016,0.12133012345679012
0.03857602466982666,0.017137587509549416,0.05721554239269656,0.38060000000000005,0.38060000000000005,19.000000000000014,1.019736842105263,0.824074074074074,-0.0003518518518518532,0.29553703703703704,108,0,3,monthly_industry_30,monthly industry,return_seeking_recent_winner,7,calibration,block,constant_a017,0.12133012345679012
0.017930770370370382,0.01793077037037038,0.017930770370370382,,inf,0.0,0.0,1.0,0.007457407407407407,0.13156296296296294,108,200,0,monthly_industry_30,monthly industry,return_seeking_recent_winner,7,calibration,block,constant_a018,0.12133012345679012
0.017873827789509796,0.017759942627788617,0.017930770370370382,-0.011899999999999999,inf,1.0,1.019736842105263,0.9907407407407407,0.008509259259259258,0.09720740740740741,108,73,0,monthly_industry_30,monthly industry,return_seeking_recent_winner,7,calibration,block,constant_a019,0.12133012345679012
0.017930770370370382,0.01793077037037038,0.017930770370370382,,inf,0.0,0.0,1.0,0.01028611111111111,0.11100000000000002,108,200,0,monthly_industry_30,monthly industry,return_seeking_recent_winner,7,calibration,block,constant_a020,0.12133012345679012
0.017930770370370382,0.01793077037037038,0.017930770370370382,,inf,0.0,0.0,1.0,0.008956481481481482,0.10537407407407408,108,200,0,monthly_industry_30,monthly industry,return_seeking_recent_winner,7,calibration,block,constant_a021,0.12133012345679012
0.017930770370370382,0.01793077037037038,0.017930770370370382,,inf,0.0,0.0,1.0,0.009407407407407408,0.13405555555555554,108,200,0,monthly_industry_30,monthly industry,return_seeking_recent_winner,7,calibration,block,constant_a022,0.12133012345679012
0.017930770370370382,0.01793077037037038,0.017930770370370382,,inf,0.0,0.0,1.0,0.009435185185185184,0.1265962962962963,108,200,0,monthly_industry_30,monthly industry,return_seeking_recent_winner,7,calibration,block,constant_a023,0.12133012345679012
0.01876173965507907,0.01790120961212188,0.0204837276001056,-0.0148,inf,3.0000000000000004,1.019736842105263,0.9722222222222222,0.011483333333333335,0.11916296296296297,108,30,1,monthly_industry_30,monthly industry,return_seeking_recent_winner,7,calibration,block,constant_a024,0.12133012345679012
0.017930770370370382,0.01793077037037038,0.017930770370370382,,inf,0.0,0.0,1.0,0.010116666666666666,0.11522222222222221,108,200,0,monthly_industry_30,monthly industry,return_seeking_recent_winner,7,calibration,block,constant_a025,0.12133012345679012
0.017930770370370382,0.01793077037037038,0.017930770370370382,,inf,0.0,0.0,1.0,0.009475925925925928,0.09744814814814814,108,200,0,monthly_industry_30,monthly industry,return_seeking_recent_winner,7,calibration,block,constant_a026,0.12133012345679012
0.1302688889927096,0.1088817202562165,0.15241189335971267,0.031400000000000004,inf,2.0,1.019736842105263,0.9814814814814815,0.011696296296296293,0.0864962962962963,108,45,1,monthly_industry_30,monthly industry,return_seeking_recent_winner,7,calibration,block,constant_a027,0.12133012345679012
0.017930770370370382,0.01793077037037038,0.017930770370370382,,inf,0.0,0.0,1.0,0.0033916666666666683,0.17157407407407407,108,200,0,monthly_industry_30,monthly industry,return_seeking_recent_winner,7,calibration,block,constant_a028,0.12133012345679012
0.017930770370370382,0.01793077037037038,0.017930770370370382,,inf,0.0,0.0,1.0,0.005977777777777777,0.14215185185185186,108,200,0,monthly_industry_30,monthly industry,return_seeking_recent_winner,7,calibration,block,constant_a029,0.12133012345679012
0.017930770370370382,0.01793077037037038,0.017930770370370382,,inf,0.0,0.0,1.0,0.008955,0.12133012345679012,108,200,0,monthly_industry_30,monthly industry,return_seeking_recent_winner,7,calibration,block,constant_equal_weight_public,0.12133012345679012
0.011748255063692007,-0.009730075642758105,0.030285163248262338,0.23299433962264152,0.3390226415094342,105.99999999999983,1.019736842105263,0.018518518518520044,0.013036111111111111,0.2308074074074074,108,0,4,monthly_industry_30,monthly industry,return_seeking_recent_winner,7,calibration,block,momentum_12,0.12133012345679012
0.021786660161230594,0.0164597643730935,0.030077940984936137,,inf,0.0,0.0,1.0,0.009154320987654322,0.09146296296296295,108,200,0,monthly_industry_30,monthly industry,return_seeking_recent_winner,7,calibration,block,low_vol_12,0.12133012345679012
0.030914124514490337,0.010965804062812551,0.05138168444578371,0.3431,0.38060000000000005,35.000000000000014,1.019736842105263,0.6759259259259258,0.0024592592592592587,0.2494555555555555,108,0,3,monthly_industry_30,monthly industry,return_seeking_recent_winner,7,calibration,block,risk_adjusted_12,0.12133012345679012
0.17053115804386196,0.1503764682549051,0.19245422937939619,0.29309999999999997,inf,4.0,1.019736842105263,0.962962962962963,0.010805555555555556,0.20012592592592593,108,12,1,monthly_industry_30,monthly industry,return_seeking_recent_winner,7,calibration,block,ridge_return_train_only,0.12133012345679012
0.017930770370370382,0.017930770370370375,0.01793077037037038,,inf,0.0,0.0,1.0,0.005722058823529412,0.07954117647058823,136,200,0,monthly_industry_30,monthly industry,return_seeking_recent_winner,7,test,iid,constant_a000,0.12133012345679012
0.01696817230301173,0.01223290961214236,0.022646478750146564,,inf,0.0,0.0,1.0,0.005813235294117649,0.08037058823529412,136,200,0,monthly_industry_30,monthly industry,return_seeking_recent_winner,7,test,iid,constant_a001,0.12133012345679012
0.5460696589808053,-0.013867944421350555,1.6497043077706326,-0.07029054142204837,0.0584,1.017172687307421,1549.9999999999998,0.992520789063916,0.011203676470588236,0.12225294117647058,136,0,0,monthly_industry_30,monthly industry,return_seeking_recent_winner,7,test,iid,constant_a002,0.12133012345679012
0.019192290927789256,0.017832090050148353,0.021083647530207264,0.003,0.003,5.0,1.0197368421052628,0.9632352941176471,0.012388235294117648,0.15730882352941175,136,1,2,monthly_industry_30,monthly industry,return_seeking_recent_winner,7,test,iid,constant_a003,0.12133012345679012
0.017930770370370382,0.017930770370370375,0.01793077037037038,,inf,0.0,0.0,1.0,0.0059507352941176464,0.1360823529411765,136,200,0,monthly_industry_30,monthly industry,return_seeking_recent_winner,7,test,iid,constant_a004,0.12133012345679012
0.01755350228543173,0.01613927488067596,0.01856801500347581,0.0385,0.038500000000000006,6.999999999999999,1.0197368421052628,0.9485294117647058,0.005198529411764706,0.09060294117647058,136,0,2,monthly_industry_30,monthly industry,return_seeking_recent_winner,7,test,iid,constant_a005,0.12133012345679012
0.01695959788441694,0.014841377205344865,0.018487190180938976,0.1007,0.1007,4.0,1.0197368421052628,0.9705882352941176,0.004352205882352941,0.14798235294117645,136,1,1,monthly_industry_30,monthly industry,return_seeking_recent_winner,7,test,iid,constant_a006,0.12133012345679012
0.017930770370370382,0.017930770370370375,0.01793077037037038,,inf,0.0,0.0,1.0,0.008147794117647059,0.0847264705882353,136,200,0,monthly_industry_30,monthly industry,return_seeking_recent_winner,7,test,iid,constant_a007,0.12133012345679012
0.017930770370370382,0.017930770370370375,0.01793077037037038,,inf,0.0,0.0,1.0,0.006644117647058825,0.12974411764705882,136,200,0,monthly_industry_30,monthly industry,return_seeking_recent_winner,7,test,iid,constant_a008,0.12133012345679012
0.004808736143262429,-0.006680734923733236,0.018703738670242036,0.1711,0.1711,12.000000000000007,1.0197368421052628,0.9117647058823529,0.0021544117647058834,0.2105794117647059,136,0,3,monthly_industry_30,monthly industry,return_seeking_recent_winner,7,test,iid,constant_a009,0.12133012345679012
0.016962943132238284,0.012790552511538246,0.020769606920167563,0.1414,0.1414,9.000000000000002,1.0197368421052628,0.9338235294117647,0.01612941176470588,0.1451029411764706,136,0,2,monthly_industry_30,monthly industry,return_seeking_recent_winner,7,test,iid,constant_a010,0.12133012345679012
0.017930770370370382,0.017930770370370375,0.01793077037037038,,inf,0.0,0.0,1.0,0.01574558823529412,0.17915,136,200,0,monthly_industry_30,monthly industry,return_seeking_recent_winner,7,test,iid,constant_a011,0.12133012345679012
0.017882321317796136,0.0174891919927474,0.018227001590270617,0.0017000000000000001,inf,2.0,1.0197368421052628,0.9852941176470589,0.016123529411764703,0.12421176470588235,136,22,1,monthly_industry_30,monthly industry,return_seeking_recent_winner,7,test,iid,constant_a012,0.12133012345679012
0.017930770370370382,0.017930770370370375,0.01793077037037038,,inf,0.0,0.0,1.0,0.012578676470588237,0.14005882352941176,136,200,0,monthly_industry_30,monthly industry,return_seeking_recent_winner,7,test,iid,constant_a013,0.12133012345679012
0.023535746813725493,0.01241638897264864,0.032484802779927775,0.23090909090909092,0.2351,22.000000000000025,1.0197368421052628,0.8382352941176469,0.0199125,0.21385882352941174,136,0,3,monthly_industry_30,monthly industry,return_seeking_recent_winner,7,test,iid,constant_a014,0.12133012345679012
0.07584972595705286,0.06341133019719632,0.08756846138027773,0.0175,0.0175,6.0,1.0197368421052628,0.9558823529411765,0.012144117647058823,0.14591176470588232,136,0,2,monthly_industry_30,monthly industry,return_seeking_recent_winner,7,test,iid,constant_a015,0.12133012345679012
0.05932739671339902,0.04737191310863716,0.07305499764144306,0.1746,0.1746,5.999999999999999,1.019736842105263,0.9558823529411765,0.015613235294117645,0.13995294117647059,136,2,2,monthly_industry_30,monthly industry,return_seeking_recent_winner,7,test,iid,constant_a016,0.12133012345679012
0.016811127852633168,0.003105261913233242,0.030320143048723373,0.1634176470588235,0.1873,34.000000000000014,1.019736842105263,0.7499999999999999,0.009413235294117648,0.2893911764705882,136,0,3,monthly_industry_30,monthly industry,return_seeking_recent_winner,7,test,iid,constant_a017,0.12133012345679012
0.017930770370370382,0.017930770370370375,0.01793077037037038,,inf,0.0,0.0,1.0,0.010013235294117651,0.17509411764705882,136,200,0,monthly_industry_30,monthly industry,return_seeking_recent_winner,7,test,iid,constant_a018,0.12133012345679012
0.017930770370370382,0.017930770370370375,0.01793077037037038,,inf,0.0,0.0,1.0,0.008348529411764708,0.08674705882352941,136,200,0,monthly_industry_30,monthly industry,return_seeking_recent_winner,7,test,iid,constant_a019,0.12133012345679012
0.017930770370370382,0.017930770370370375,0.01793077037037038,,inf,0.0,0.0,1.0,0.005097058823529412,0.1036735294117647,136,200,0,monthly_industry_30,monthly industry,return_seeking_recent_winner,7,test,iid,constant_a020,0.12133012345679012
0.017930770370370382,0.017930770370370375,0.01793077037037038,,inf,0.0,0.0,1.0,0.014211029411764706,0.10055882352941177,136,200,0,monthly_industry_30,monthly industry,return_seeking_recent_winner,7,test,iid,constant_a021,0.12133012345679012
0.017536256735896122,0.014128230407117165,0.020048071009094438,0.0902,0.0902,7.0,1.019736842105263,0.9485294117647058,0.020024264705882353,0.10592058823529413,136,0,2,monthly_industry_30,monthly industry,return_seeking_recent_winner,7,test,iid,constant_a022,0.12133012345679012
0.017930770370370382,0.017930770370370375,0.01793077037037038,,inf,0.0,0.0,1.0,0.002658823529411765,0.10287058823529413,136,200,0,monthly_industry_30,monthly industry,return_seeking_recent_winner,7,test,iid,constant_a023,0.12133012345679012
0.017469408653680782,0.016546685220301578,0.01793077037037038,0.0436,inf,1.0,1.019736842105263,0.9926470588235294,0.008090441176470588,0.12422352941176472,136,66,0,monthly_industry_30,monthly industry,return_seeking_recent_winner,7,test,iid,constant_a024,0.12133012345679012
0.5486830198257079,0.017930770370370375,1.6101875187363857,-0.0645,inf,1.0,1549.9999999999998,0.9926470588235294,0.010133823529411765,0.10630294117647059,136,75,0,monthly_industry_30,monthly industry,return_seeking_recent_winner,7,test,iid,constant_a025,0.12133012345679012
0.843491997756134,0.015916980399771394,3.3192542009644446,-0.0868885095206828,0.09119999999999999,1.0039499602450308,1549.9999999999995,0.9926180149981984,0.012989705882352941,0.09431470588235294,136,3,0,monthly_industry_30,monthly industry,return_seeking_recent_winner,7,test,iid,constant_a026,0.12133012345679012
0.11078129557555415,0.09830085607467565,0.12313964096925738,-0.0323,inf,1.0,1.019736842105263,0.9926470588235294,0.01041985294117647,0.09985882352941176,136,83,0,monthly_industry_30,monthly industry,return_seeking_recent_winner,7,test,iid,constant_a027,0.12133012345679012
0.017930770370370382,0.017930770370370375,0.01793077037037038,,inf,0.0,0.0,1.0,0.011051470588235293,0.1126235294117647,136,200,0,monthly_industry_30,monthly industry,return_seeking_recent_winner,7,test,iid,constant_a028,0.12133012345679012
0.2056315492374727,0.017930770370370375,0.5810331069716775,-0.0344,inf,1.0,1549.9999999999998,0.9926470588235294,0.008997058823529412,0.08895882352941176,136,64,0,monthly_industry_30,monthly industry,return_seeking_recent_winner,7,test,iid,constant_a029,0.12133012345679012
0.017930770370370382,0.017930770370370375,0.01793077037037038,,inf,0.0,0.0,1.0,0.01024235294117647,0.10200901960784312,136,200,0,monthly_industry_30,monthly industry,return_seeking_recent_winner,7,test,iid,constant_equal_weight_public,0.12133012345679012
0.020254796021506247,0.003069215501799415,0.0361832021818674,0.17819393939393938,0.20550370370370374,131.99999999999977,1.019736842105263,0.029411764705884025,0.02070735294117647,0.17675588235294115,136,0,4,monthly_industry_30,monthly industry,return_seeking_recent_winner,7,test,iid,momentum_12,0.12133012345679012
0.01691260616432736,0.013857492826852022,0.019679167618929475,,inf,0.0,0.0,1.0,0.006003799019607842,0.08625,136,200,0,monthly_industry_30,monthly industry,return_seeking_recent_winner,7,test,iid,low_vol_12,0.12133012345679012
0.024206785198482753,0.014613810716128056,0.03586758906338338,0.16828113207547168,0.1873,52.999999999999915,1.019736842105263,0.6102941176470594,0.015530686274509806,0.1313264705882353,136,0,4,monthly_industry_30,monthly industry,return_seeking_recent_winner,7,test,iid,risk_adjusted_12,0.12133012345679012
0.14967190739447012,0.13893869653041593,0.15959422108945373,0.0975,0.0975,6.999999999999999,1.019736842105263,0.9485294117647058,0.006327941176470588,0.17566176470588235,136,0,2,monthly_industry_30,monthly industry,return_seeking_recent_winner,7,test,iid,ridge_return_train_only,0.12133012345679012
0.017930770370370382,0.017930770370370372,0.01793077037037038,,inf,0.0,0.0,1.0,0.005722058823529412,0.07954117647058823,136,200,0,monthly_industry_30,monthly industry,return_seeking_recent_winner,7,test,block,constant_a000,0.12133012345679012
0.01696817230301173,0.007568354258422075,0.025473160824143155,,inf,0.0,0.0,1.0,0.005813235294117649,0.08037058823529412,136,200,0,monthly_industry_30,monthly industry,return_seeking_recent_winner,7,test,block,constant_a001,0.12133012345679012
0.5460696589808053,-0.01571513864217933,1.6546125020079723,-0.07029054142204837,0.0584,1.017172687307421,1549.9999999999998,0.992520789063916,0.011203676470588236,0.12225294117647058,136,0,0,monthly_industry_30,monthly industry,return_seeking_recent_winner,7,test,block,constant_a002,0.12133012345679012
0.019192290927789256,0.01799052417225663,0.020788006010904005,0.003,0.003,5.0,1.0197368421052628,0.9632352941176471,0.012388235294117648,0.15730882352941175,136,1,2,monthly_industry_30,monthly industry,return_seeking_recent_winner,7,test,block,constant_a003,0.12133012345679012
0.017930770370370382,0.017930770370370372,0.01793077037037038,,inf,0.0,0.0,1.0,0.0059507352941176464,0.1360823529411765,136,200,0,monthly_industry_30,monthly industry,return_seeking_recent_winner,7,test,block,constant_a004,0.12133012345679012
0.01755350228543173,0.01638587473644795,0.018407825962027724,0.0385,0.038500000000000006,6.999999999999999,1.0197368421052628,0.9485294117647058,0.005198529411764706,0.09060294117647058,136,8,2,monthly_industry_30,monthly industry,return_seeking_recent_winner,7,test,block,constant_a005,0.12133012345679012
0.01695959788441694,0.014847912057820212,0.01833797295249972,0.1007,inf,4.0,1.0197368421052628,0.9705882352941176,0.004352205882352941,0.14798235294117645,136,10,1,monthly_industry_30,monthly industry,return_seeking_recent_winner,7,test,block,constant_a006,0.12133012345679012
0.017930770370370382,0.017930770370370372,0.01793077037037038,,inf,0.0,0.0,1.0,0.008147794117647059,0.0847264705882353,136,200,0,monthly_industry_30,monthly industry,return_seeking_recent_winner,7,test,block,constant_a007,0.12133012345679012
0.017930770370370382,0.017930770370370372,0.01793077037037038,,inf,0.0,0.0,1.0,0.006644117647058825,0.12974411764705882,136,200,0,monthly_industry_30,monthly industry,return_seeking_recent_winner,7,test,block,constant_a008,0.12133012345679012
0.004808736143262429,-0.011478986987370808,0.022176141605550204,0.1711,0.1711,12.000000000000007,1.0197368421052628,0.9117647058823529,0.0021544117647058834,0.2105794117647059,136,1,3,monthly_industry_30,monthly industry,return_seeking_recent_winner,7,test,block,constant_a009,0.12133012345679012
0.016962943132238284,0.013449427662574539,0.02000701478480465,0.1414,0.1414,9.000000000000002,1.0197368421052628,0.9338235294117647,0.01612941176470588,0.1451029411764706,136,0,2,monthly_industry_30,monthly industry,return_seeking_recent_winner,7,test,block,constant_a010,0.12133012345679012
0.017930770370370382,0.017930770370370372,0.01793077037037038,,inf,0.0,0.0,1.0,0.01574558823529412,0.17915,136,200,0,monthly_industry_30,monthly industry,return_seeking_recent_winner,7,test,block,constant_a011,0.12133012345679012
0.017882321317796136,0.017636384785288395,0.018081020024043985,0.0017000000000000001,inf,2.0,1.0197368421052628,0.9852941176470589,0.016123529411764703,0.12421176470588235,136,52,1,monthly_industry_30,monthly industry,return_seeking_recent_winner,7,test,block,constant_a012,0.12133012345679012
0.017930770370370382,0.017930770370370372,0.01793077037037038,,inf,0.0,0.0,1.0,0.012578676470588237,0.14005882352941176,136,200,0,monthly_industry_30,monthly industry,return_seeking_recent_winner,7,test,block,constant_a013,0.12133012345679012
0.023535746813725493,0.010851053938410163,0.03457503689800482,0.23090909090909092,0.2351,22.000000000000025,1.0197368421052628,0.8382352941176469,0.0199125,0.21385882352941174,136,0,3,monthly_industry_30,monthly industry,return_seeking_recent_winner,7,test,block,constant_a014,0.12133012345679012
0.07584972595705286,0.059144842319947974,0.09173718005194804,0.0175,0.0175,6.0,1.0197368421052628,0.9558823529411765,0.012144117647058823,0.14591176470588232,136,6,2,monthly_industry_30,monthly industry,return_seeking_recent_winner,7,test,block,constant_a015,0.12133012345679012
0.05932739671339902,0.04568850416834027,0.07410174685987847,0.1746,0.1746,5.999999999999999,1.019736842105263,0.9558823529411765,0.015613235294117645,0.13995294117647059,136,5,2,monthly_industry_30,monthly industry,return_seeking_recent_winner,7,test,block,constant_a016,0.12133012345679012
0.016811127852633168,0.002519635834844816,0.03278227970183377,0.1634176470588235,0.1873,34.000000000000014,1.019736842105263,0.7499999999999999,0.009413235294117648,0.2893911764705882,136,0,3,monthly_industry_30,monthly industry,return_seeking_recent_winner,7,test,block,constant_a017,0.12133012345679012
0.017930770370370382,0.017930770370370372,0.01793077037037038,,inf,0.0,0.0,1.0,0.010013235294117651,0.17509411764705882,136,200,0,monthly_industry_30,monthly industry,return_seeking_recent_winner,7,test,block,constant_a018,0.12133012345679012
0.017930770370370382,0.017930770370370372,0.01793077037037038,,inf,0.0,0.0,1.0,0.008348529411764708,0.08674705882352941,136,200,0,monthly_industry_30,monthly industry,return_seeking_recent_winner,7,test,block,constant_a019,0.12133012345679012
0.017930770370370382,0.017930770370370372,0.01793077037037038,,inf,0.0,0.0,1.0,0.005097058823529412,0.1036735294117647,136,200,0,monthly_industry_30,monthly industry,return_seeking_recent_winner,7,test,block,constant_a020,0.12133012345679012
0.017930770370370382,0.017930770370370372,0.01793077037037038,,inf,0.0,0.0,1.0,0.014211029411764706,0.10055882352941177,136,200,0,monthly_industry_30,monthly industry,return_seeking_recent_winner,7,test,block,constant_a021,0.12133012345679012
0.017536256735896122,0.015038708931028558,0.019667956636459417,0.0902,0.0902,7.0,1.019736842105263,0.9485294117647058,0.020024264705882353,0.10592058823529413,136,2,2,monthly_industry_30,monthly industry,return_seeking_recent_winner,7,test,block,constant_a022,0.12133012345679012
0.017930770370370382,0.017930770370370372,0.01793077037037038,,inf,0.0,0.0,1.0,0.002658823529411765,0.10287058823529413,136,200,0,monthly_industry_30,monthly industry,return_seeking_recent_winner,7,test,block,constant_a023,0.12133012345679012
0.017469408653680782,0.016546685220301578,0.01793077037037038,0.0436,inf,1.0,1.019736842105263,0.9926470588235294,0.008090441176470588,0.12422352941176472,136,83,0,monthly_industry_30,monthly industry,return_seeking_recent_winner,7,test,block,constant_a024,0.12133012345679012
0.5486830198257079,0.017930770370370372,1.6101875187363859,-0.0645,inf,1.0,1549.9999999999998,0.9926470588235294,0.010133823529411765,0.10630294117647059,136,69,0,monthly_industry_30,monthly industry,return_seeking_recent_winner,7,test,block,constant_a025,0.12133012345679012
0.843491997756134,0.016293789914161944,3.3211293098459347,-0.0868885095206828,inf,1.0039499602450308,1549.9999999999995,0.9926180149981984,0.012989705882352941,0.09431470588235294,136,12,0,monthly_industry_30,monthly industry,return_seeking_recent_winner,7,test,block,constant_a026,0.12133012345679012
0.11078129557555415,0.09056805536461135,0.12630211466426666,-0.0323,inf,1.0,1.019736842105263,0.9926470588235294,0.01041985294117647,0.09985882352941176,136,62,0,monthly_industry_30,monthly industry,return_seeking_recent_winner,7,test,block,constant_a027,0.12133012345679012
0.017930770370370382,0.017930770370370372,0.01793077037037038,,inf,0.0,0.0,1.0,0.011051470588235293,0.1126235294117647,136,200,0,monthly_industry_30,monthly industry,return_seeking_recent_winner,7,test,block,constant_a028,0.12133012345679012
0.2056315492374727,0.017930770370370375,0.5857256264433561,-0.0344,inf,1.0,1549.9999999999998,0.9926470588235294,0.008997058823529412,0.08895882352941176,136,67,0,monthly_industry_30,monthly industry,return_seeking_recent_winner,7,test,block,constant_a029,0.12133012345679012
0.017930770370370382,0.017930770370370372,0.01793077037037038,,inf,0.0,0.0,1.0,0.01024235294117647,0.10200901960784312,136,200,0,monthly_industry_30,monthly industry,return_seeking_recent_winner,7,test,block,constant_equal_weight_public,0.12133012345679012
0.020254796021506247,0.003543804353394804,0.03833375941841936,0.17819393939393938,0.20811538461538467,131.99999999999977,1.019736842105263,0.029411764705884025,0.02070735294117647,0.17675588235294115,136,0,4,monthly_industry_30,monthly industry,return_seeking_recent_winner,7,test,block,momentum_12,0.12133012345679012
0.01691260616432736,0.013201394759826363,0.019771242411188748,,inf,0.0,0.0,1.0,0.006003799019607842,0.08625,136,200,0,monthly_industry_30,monthly industry,return_seeking_recent_winner,7,test,block,low_vol_12,0.12133012345679012
0.024206785198482753,0.013995623274578935,0.034935604614923794,0.16828113207547168,0.18729999999999997,52.999999999999915,1.019736842105263,0.6102941176470594,0.015530686274509806,0.1313264705882353,136,0,4,monthly_industry_30,monthly industry,return_seeking_recent_winner,7,test,block,risk_adjusted_12,0.12133012345679012
0.14967190739447012,0.13483539753887736,0.16080058860759,0.0975,0.0975,6.999999999999999,1.019736842105263,0.9485294117647058,0.006327941176470588,0.17566176470588235,136,0,2,monthly_industry_30,monthly industry,return_seeking_recent_winner,7,test,block,ridge_return_train_only,0.12133012345679012
0.018230222222222193,0.018230222222222207,0.018230222222222224,,inf,0.0,0.0,1.0,0.009589814814814813,0.0832074074074074,108,200,0,monthly_industry_30,monthly industry,return_seeking_recent_winner,17,calibration,iid,constant_a000,0.12133012345679012
0.03737152422555539,0.029316287431598517,0.046316589985082264,0.0738,0.0738,3.0,1.0197368421052628,0.9722222222222222,0.011237037037037037,0.08046666666666666,108,6,1,monthly_industry_30,monthly industry,return_seeking_recent_winner,17,calibration,iid,constant_a001,0.12133012345679012
-0.018328523840737267,-0.0337081163641979,0.0023305912005326945,0.0733,0.0733,12.000000000000007,1.0197368421052628,0.8888888888888888,0.01357037037037037,0.08148518518518519,108,0,3,monthly_industry_30,monthly industry,return_seeking_recent_winner,17,calibration,iid,constant_a002,0.12133012345679012
0.01777821442495125,0.014838941737058695,0.02087289616160386,0.0575,0.0575,9.000000000000002,1.0197368421052628,0.9166666666666666,0.009954629629629631,0.2067925925925926,108,0,2,monthly_industry_30,monthly industry,return_seeking_recent_winner,17,calibration,iid,constant_a003,0.12133012345679012
0.018230222222222193,0.018230222222222207,0.018230222222222224,,inf,0.0,0.0,1.0,0.0031333333333333348,0.1556074074074074,108,200,0,monthly_industry_30,monthly industry,return_seeking_recent_winner,17,calibration,iid,constant_a004,0.12133012345679012
0.018230222222222193,0.018230222222222207,0.018230222222222224,,inf,0.0,0.0,1.0,0.007787037037037038,0.10028888888888889,108,200,0,monthly_industry_30,monthly industry,return_seeking_recent_winner,17,calibration,iid,constant_a005,0.12133012345679012
0.06378537135975944,0.047016539382441526,0.08291944738290091,0.05139999999999999,inf,3.0,1.0197368421052628,0.9722222222222222,0.012547222222222222,0.13836666666666664,108,12,1,monthly_industry_30,monthly industry,return_seeking_recent_winner,17,calibration,iid,constant_a006,0.12133012345679012
-0.771574829218104,-2.34954213940329,0.018230222222222217,0.03763955321944811,inf,1.0026324423195618,1549.9999999999998,0.9907163662748188,0.010110185185185182,0.08343333333333333,108,12,0,monthly_industry_30,monthly industry,return_seeking_recent_winner,17,calibration,iid,constant_a007,0.12133012345679012
0.018230222222222193,0.018230222222222207,0.018230222222222224,,inf,0.0,0.0,1.0,0.01219907407407408,0.1576222222222222,108,200,0,monthly_industry_30,monthly industry,return_seeking_recent_winner,17,calibration,iid,constant_a008,0.12133012345679012
-0.019642675688709255,-0.03688371353124576,-0.0037907019180532958,0.13128333333333334,0.1461,24.00000000000003,1.0197368421052628,0.7777777777777775,0.01513333333333333,0.24232222222222222,108,0,3,monthly_industry_30,monthly industry,return_seeking_recent_winner,17,calibration,iid,constant_a009,0.12133012345679012
0.018372511181503112,0.01823022222222221,0.01865708910006498,-0.0333,inf,1.0,1.0197368421052628,0.9907407407407407,0.004490740740740739,0.16894074074074072,108,85,0,monthly_industry_30,monthly industry,return_seeking_recent_winner,17,calibration,iid,constant_a010,0.12133012345679012
0.018165798353909437,0.015519482632120413,0.021253744162199485,0.0475,0.0475,14.00000000000001,1.0197368421052628,0.8703703703703702,0.005515740740740741,0.23192222222222222,108,0,3,monthly_industry_30,monthly industry,return_seeking_recent_winner,17,calibration,iid,constant_a011,0.12133012345679012
0.017490342294780133,0.01602786341238899,0.01823022222222222,0.0583,inf,2.0,1.0197368421052628,0.9814814814814815,0.01081574074074074,0.17674444444444445,108,26,1,monthly_industry_30,monthly industry,return_seeking_recent_winner,17,calibration,iid,constant_a012,0.12133012345679012
0.018230222222222193,0.018230222222222207,0.018230222222222224,,inf,0.0,0.0,1.0,0.009680555555555555,0.16028888888888887,108,200,0,monthly_industry_30,monthly industry,return_seeking_recent_winner,17,calibration,iid,constant_a013,0.12133012345679012
0.019293195067143148,0.01791225127923976,0.021303491688325748,-0.0014000000000000002,-0.0014000000000000002,4.0,1.0197368421052628,0.962962962962963,0.009813888888888888,0.1906925925925926,108,1,1,monthly_industry_30,monthly industry,return_seeking_recent_winner,17,calibration,iid,constant_a014,0.12133012345679012
0.058025135802090115,0.03828335786601473,0.08281609056853895,,inf,0.0,0.0,1.0,0.011383333333333332,0.1517,108,200,0,monthly_industry_30,monthly industry,return_seeking_recent_winner,17,calibration,iid,constant_a015,0.12133012345679012
0.05272127954357843,0.03504847068602613,0.07044776409490731,0.11490000000000002,0.11490000000000002,8.000000000000002,1.019736842105263,0.9259259259259259,0.005846296296296298,0.21665185185185185,108,0,2,monthly_industry_30,monthly industry,return_seeking_recent_winner,17,calibration,iid,constant_a016,0.12133012345679012
0.03193602140669648,0.011085674078202278,0.052890076119447356,0.38060000000000005,0.38060000000000005,18.000000000000014,1.019736842105263,0.8333333333333333,-0.0003518518518518532,0.29553703703703704,108,0,3,monthly_industry_30,monthly industry,return_seeking_recent_winner,17,calibration,iid,constant_a017,0.12133012345679012
0.018230222222222193,0.018230222222222207,0.018230222222222224,,inf,0.0,0.0,1.0,0.007457407407407407,0.13156296296296294,108,200,0,monthly_industry_30,monthly industry,return_seeking_recent_winner,17,calibration,iid,constant_a018,0.12133012345679012
0.018170452214641513,0.01805091219948017,0.01823022222222222,-0.011899999999999999,inf,1.0,1.019736842105263,0.9907407407407407,0.008509259259259258,0.09720740740740741,108,77,0,monthly_industry_30,monthly industry,return_seeking_recent_winner,17,calibration,iid,constant_a019,0.12133012345679012
0.018230222222222193,0.018230222222222207,0.018230222222222224,,inf,0.0,0.0,1.0,0.01028611111111111,0.11100000000000002,108,200,0,monthly_industry_30,monthly industry,return_seeking_recent_winner,17,calibration,iid,constant_a020,0.12133012345679012
-0.47447204115226327,-1.472194124485595,0.01823022222222222,0.0161,inf,1.0,1549.9999999999995,0.9907407407407407,0.008956481481481482,0.10537407407407408,108,69,0,monthly_industry_30,monthly industry,return_seeking_recent_winner,17,calibration,iid,constant_a021,0.12133012345679012
0.05137518792758897,0.033498833404027886,0.06673796728793595,,inf,0.0,0.0,1.0,0.009407407407407408,0.13405555555555554,108,200,0,monthly_industry_30,monthly industry,return_seeking_recent_winner,17,calibration,iid,constant_a022,0.12133012345679012
0.018230222222222193,0.018230222222222207,0.018230222222222224,,inf,0.0,0.0,1.0,0.009435185185185184,0.1265962962962963,108,200,0,monthly_industry_30,monthly industry,return_seeking_recent_winner,17,calibration,iid,constant_a023,0.12133012345679012
0.019052709226770603,0.018165445852285026,0.020387955900070396,-0.0148,inf,3.0000000000000004,1.019736842105263,0.9722222222222222,0.011483333333333335,0.11916296296296297,108,12,1,monthly_industry_30,monthly industry,return_seeking_recent_winner,17,calibration,iid,constant_a024,0.12133012345679012
0.018230222222222193,0.018230222222222207,0.018230222222222224,,inf,0.0,0.0,1.0,0.010116666666666666,0.11522222222222221,108,200,0,monthly_industry_30,monthly industry,return_seeking_recent_winner,17,calibration,iid,constant_a025,0.12133012345679012
0.018230222222222193,0.018230222222222207,0.018230222222222224,,inf,0.0,0.0,1.0,0.009475925925925928,0.09744814814814814,108,200,0,monthly_industry_30,monthly industry,return_seeking_recent_winner,17,calibration,iid,constant_a026,0.12133012345679012
0.13205587240224598,0.11716269387515878,0.14523536751573915,0.031400000000000004,inf,2.0,1.019736842105263,0.9814814814814815,0.011696296296296293,0.0864962962962963,108,31,1,monthly_industry_30,monthly industry,return_seeking_recent_winner,17,calibration,iid,constant_a027,0.12133012345679012
0.018230222222222193,0.018230222222222207,0.018230222222222224,,inf,0.0,0.0,1.0,0.0033916666666666683,0.17157407407407407,108,200,0,monthly_industry_30,monthly industry,return_seeking_recent_winner,17,calibration,iid,constant_a028,0.12133012345679012
0.018230222222222193,0.018230222222222207,0.018230222222222224,,inf,0.0,0.0,1.0,0.005977777777777777,0.14215185185185186,108,200,0,monthly_industry_30,monthly industry,return_seeking_recent_winner,17,calibration,iid,constant_a029,0.12133012345679012
0.018230222222222193,0.018230222222222207,0.018230222222222224,,inf,0.0,0.0,1.0,0.008955,0.12133012345679012,108,200,0,monthly_industry_30,monthly industry,return_seeking_recent_winner,17,calibration,iid,constant_equal_weight_public,0.12133012345679012
0.010549110014202405,-0.00736594234134605,0.027967542364266518,0.23299433962264152,0.3328822429906544,105.99999999999983,1.019736842105263,0.018518518518520044,0.013036111111111111,0.2308074074074074,108,0,4,monthly_industry_30,monthly industry,return_seeking_recent_winner,17,calibration,iid,momentum_12,0.12133012345679012
0.021211252156492697,0.016170691537340215,0.027116605731609515,,inf,0.0,0.0,1.0,0.009154320987654322,0.09146296296296295,108,200,0,monthly_industry_30,monthly industry,return_seeking_recent_winner,17,calibration,iid,low_vol_12,0.12133012345679012
0.030948444440871525,0.01303256456671371,0.048964411376259086,0.3431,0.38060000000000005,35.000000000000014,1.019736842105263,0.6759259259259258,0.0024592592592592587,0.2494555555555555,108,0,3,monthly_industry_30,monthly industry,return_seeking_recent_winner,17,calibration,iid,risk_adjusted_12,0.12133012345679012
0.18454466783884133,0.16719813500257663,0.20034435871970468,0.11490000000000002,inf,2.0,1.019736842105263,0.9814814814814815,0.013123148148148148,0.1865148148148148,108,20,1,monthly_industry_30,monthly industry,return_seeking_recent_winner,17,calibration,iid,ridge_return_train_only,0.12133012345679012
0.018230222222222193,0.018230222222222207,0.018230222222222224,,inf,0.0,0.0,1.0,0.009589814814814813,0.0832074074074074,108,200,0,monthly_industry_30,monthly industry,return_seeking_recent_winner,17,calibration,block,constant_a000,0.12133012345679012
0.03737152422555539,0.023522445515336755,0.05158789955788868,0.0738,inf,3.0,1.0197368421052628,0.9722222222222222,0.011237037037037037,0.08046666666666666,108,23,1,monthly_industry_30,monthly industry,return_seeking_recent_winner,17,calibration,block,constant_a001,0.12133012345679012
-0.018328523840737267,-0.04379501384526158,0.01589140323782969,0.0733,0.0733,12.000000000000007,1.0197368421052628,0.8888888888888888,0.01357037037037037,0.08148518518518519,108,0,3,monthly_industry_30,monthly industry,return_seeking_recent_winner,17,calibration,block,constant_a002,0.12133012345679012
0.01777821442495125,0.014638286272200561,0.02171559672135586,0.0575,0.0575,9.000000000000002,1.0197368421052628,0.9166666666666666,0.009954629629629631,0.2067925925925926,108,1,2,monthly_industry_30,monthly industry,return_seeking_recent_winner,17,calibration,block,constant_a003,0.12133012345679012
0.018230222222222193,0.018230222222222207,0.018230222222222224,,inf,0.0,0.0,1.0,0.0031333333333333348,0.1556074074074074,108,200,0,monthly_industry_30,monthly industry,return_seeking_recent_winner,17,calibration,block,constant_a004,0.12133012345679012
0.018230222222222193,0.018230222222222207,0.018230222222222224,,inf,0.0,0.0,1.0,0.007787037037037038,0.10028888888888889,108,200,0,monthly_industry_30,monthly industry,return_seeking_recent_winner,17,calibration,block,constant_a005,0.12133012345679012
0.06378537135975944,0.03662061745167075,0.09883350709678153,0.05139999999999999,inf,3.0,1.0197368421052628,0.9722222222222222,0.012547222222222222,0.13836666666666664,108,15,1,monthly_industry_30,monthly industry,return_seeking_recent_winner,17,calibration,block,constant_a006,0.12133012345679012
-0.771574829218104,-2.348807699331273,0.01823022222222222,0.03763955321944811,inf,1.0026324423195618,1549.9999999999998,0.9907163662748188,0.010110185185185182,0.08343333333333333,108,11,0,monthly_industry_30,monthly industry,return_seeking_recent_winner,17,calibration,block,constant_a007,0.12133012345679012
0.018230222222222193,0.018230222222222207,0.018230222222222224,,inf,0.0,0.0,1.0,0.01219907407407408,0.1576222222222222,108,200,0,monthly_industry_30,monthly industry,return_seeking_recent_winner,17,calibration,block,constant_a008,0.12133012345679012
-0.019642675688709255,-0.039564771958652385,0.0003422604267483257,0.13128333333333334,0.1461,24.00000000000003,1.0197368421052628,0.7777777777777775,0.01513333333333333,0.24232222222222222,108,0,3,monthly_industry_30,monthly industry,return_seeking_recent_winner,17,calibration,block,constant_a009,0.12133012345679012
0.018372511181503112,0.018230222222222207,0.018799378059345888,-0.0333,inf,1.0,1.0197368421052628,0.9907407407407407,0.004490740740740739,0.16894074074074072,108,82,0,monthly_industry_30,monthly industry,return_seeking_recent_winner,17,calibration,block,constant_a010,0.12133012345679012
0.018165798353909437,0.014108067911387264,0.022322365635829546,0.0475,0.0475,14.00000000000001,1.0197368421052628,0.8703703703703702,0.005515740740740741,0.23192222222222222,108,0,3,monthly_industry_30,monthly industry,return_seeking_recent_winner,17,calibration,block,constant_a011,0.12133012345679012
0.017490342294780133,0.016010150415583704,0.01823022222222222,0.0583,inf,2.0,1.0197368421052628,0.9814814814814815,0.01081574074074074,0.17674444444444445,108,45,1,monthly_industry_30,monthly industry,return_seeking_recent_winner,17,calibration,block,constant_a012,0.12133012345679012
0.018230222222222193,0.018230222222222207,0.018230222222222224,,inf,0.0,0.0,1.0,0.009680555555555555,0.16028888888888887,108,200,0,monthly_industry_30,monthly industry,return_seeking_recent_winner,17,calibration,block,constant_a013,0.12133012345679012
0.019293195067143148,0.017900498917045697,0.021450693953730785,-0.0014000000000000002,-0.0014000000000000002,4.0,1.0197368421052628,0.962962962962963,0.009813888888888888,0.1906925925925926,108,7,1,monthly_industry_30,monthly industry,return_seeking_recent_winner,17,calibration,block,constant_a014,0.12133012345679012
0.058025135802090115,0.02525226517600123,0.09447608600861,,inf,0.0,0.0,1.0,0.011383333333333332,0.1517,108,200,0,monthly_industry_30,monthly industry,return_seeking_recent_winner,17,calibration,block,constant_a015,0.12133012345679012
0.05272127954357843,0.03355381492986999,0.07862924074784243,0.11490000000000002,0.11490000000000002,8.000000000000002,1.019736842105263,0.9259259259259259,0.005846296296296298,0.21665185185185185,108,2,2,monthly_industry_30,monthly industry,return_seeking_recent_winner,17,calibration,block,constant_a016,0.12133012345679012
0.03193602140669648,0.00880588610530246,0.052235166432162444,0.38060000000000005,0.38060000000000005,18.000000000000014,1.019736842105263,0.8333333333333333,-0.0003518518518518532,0.29553703703703704,108,0,3,monthly_industry_30,monthly industry,return_seeking_recent_winner,17,calibration,block,constant_a017,0.12133012345679012
0.018230222222222193,0.018230222222222207,0.018230222222222224,,inf,0.0,0.0,1.0,0.007457407407407407,0.13156296296296294,108,200,0,monthly_industry_30,monthly industry,return_seeking_recent_winner,17,calibration,block,constant_a018,0.12133012345679012
0.018170452214641513,0.017991142191899505,0.01823022222222222,-0.011899999999999999,inf,1.0,1.019736842105263,0.9907407407407407,0.008509259259259258,0.09720740740740741,108,69,0,monthly_industry_30,monthly industry,return_seeking_recent_winner,17,calibration,block,constant_a019,0.12133012345679012
0.018230222222222193,0.018230222222222207,0.018230222222222224,,inf,0.0,0.0,1.0,0.01028611111111111,0.11100000000000002,108,200,0,monthly_industry_30,monthly industry,return_seeking_recent_winner,17,calibration,block,constant_a020,0.12133012345679012
-0.47447204115226327,-1.4598765679012327,0.01823022222222222,0.0161,inf,1.0,1549.9999999999995,0.9907407407407407,0.008956481481481482,0.10537407407407408,108,64,0,monthly_industry_30,monthly industry,return_seeking_recent_winner,17,calibration,block,constant_a021,0.12133012345679012
0.05137518792758897,0.025028645383489846,0.07678797012250106,,inf,0.0,0.0,1.0,0.009407407407407408,0.13405555555555554,108,200,0,monthly_industry_30,monthly industry,return_seeking_recent_winner,17,calibration,block,constant_a022,0.12133012345679012
0.018230222222222193,0.018230222222222207,0.018230222222222224,,inf,0.0,0.0,1.0,0.009435185185185184,0.1265962962962963,108,200,0,monthly_industry_30,monthly industry,return_seeking_recent_winner,17,calibration,block,constant_a023,0.12133012345679012
0.019052709226770603,0.018197024332629395,0.020380159109676183,-0.0148,inf,3.0000000000000004,1.019736842105263,0.9722222222222222,0.011483333333333335,0.11916296296296297,108,41,1,monthly_industry_30,monthly industry,return_seeking_recent_winner,17,calibration,block,constant_a024,0.12133012345679012
0.018230222222222193,0.018230222222222207,0.018230222222222224,,inf,0.0,0.0,1.0,0.010116666666666666,0.11522222222222221,108,200,0,monthly_industry_30,monthly industry,return_seeking_recent_winner,17,calibration,block,constant_a025,0.12133012345679012
0.018230222222222193,0.018230222222222207,0.018230222222222224,,inf,0.0,0.0,1.0,0.009475925925925928,0.09744814814814814,108,200,0,monthly_industry_30,monthly industry,return_seeking_recent_winner,17,calibration,block,constant_a026,0.12133012345679012
0.13205587240224598,0.10971646763634776,0.1559706115249218,0.031400000000000004,inf,2.0,1.019736842105263,0.9814814814814815,0.011696296296296293,0.0864962962962963,108,50,1,monthly_industry_30,monthly industry,return_seeking_recent_winner,17,calibration,block,constant_a027,0.12133012345679012
0.018230222222222193,0.018230222222222207,0.018230222222222224,,inf,0.0,0.0,1.0,0.0033916666666666683,0.17157407407407407,108,200,0,monthly_industry_30,monthly industry,return_seeking_recent_winner,17,calibration,block,constant_a028,0.12133012345679012
0.018230222222222193,0.018230222222222207,0.018230222222222224,,inf,0.0,0.0,1.0,0.005977777777777777,0.14215185185185186,108,200,0,monthly_industry_30,monthly industry,return_seeking_recent_winner,17,calibration,block,constant_a029,0.12133012345679012
0.018230222222222193,0.018230222222222207,0.018230222222222224,,inf,0.0,0.0,1.0,0.008955,0.12133012345679012,108,200,0,monthly_industry_30,monthly industry,return_seeking_recent_winner,17,calibration,block,constant_equal_weight_public,0.12133012345679012
0.010549110014202405,-0.009208640781070417,0.031036103605985205,0.23299433962264152,0.3379981308411217,105.99999999999983,1.019736842105263,0.018518518518520044,0.013036111111111111,0.2308074074074074,108,0,4,monthly_industry_30,monthly industry,return_seeking_recent_winner,17,calibration,block,momentum_12,0.12133012345679012
0.021211252156492697,0.01574493368587187,0.03150050559186106,,inf,0.0,0.0,1.0,0.009154320987654322,0.09146296296296295,108,200,0,monthly_industry_30,monthly industry,return_seeking_recent_winner,17,calibration,block,low_vol_12,0.12133012345679012
0.030948444440871525,0.00688369788775689,0.05131334912583651,0.3431,0.38060000000000005,35.000000000000014,1.019736842105263,0.6759259259259258,0.0024592592592592587,0.2494555555555555,108,0,3,monthly_industry_30,monthly industry,return_seeking_recent_winner,17,calibration,block,risk_adjusted_12,0.12133012345679012
0.18454466783884133,0.1604344095872097,0.2107989337064763,0.11490000000000002,inf,2.0,1.019736842105263,0.9814814814814815,0.013123148148148148,0.1865148148148148,108,46,1,monthly_industry_30,monthly industry,return_seeking_recent_winner,17,calibration,block,ridge_return_train_only,0.12133012345679012
0.018230222222222228,0.018230222222222217,0.018230222222222228,,inf,0.0,0.0,1.0,0.005722058823529412,0.07954117647058823,136,200,0,monthly_industry_30,monthly industry,return_seeking_recent_winner,17,test,iid,constant_a000,0.12133012345679012
0.01696817230301173,0.011653672385191572,0.021654442120859912,,inf,0.0,0.0,1.0,0.005813235294117649,0.08037058823529412,136,200,0,monthly_industry_30,monthly industry,return_seeking_recent_winner,17,test,iid,constant_a001,0.12133012345679012
-0.006669522846493047,-0.019452909072587496,0.009111114202473077,0.0584,0.0584,13.000000000000009,1.0197368421052628,0.9044117647058822,0.011203676470588236,0.12225294117647058,136,0,3,monthly_industry_30,monthly industry,return_seeking_recent_winner,17,test,iid,constant_a002,0.12133012345679012
0.019480516232370154,0.018026868034055732,0.021298713103607675,0.003,0.003,5.0,1.0197368421052628,0.9632352941176471,0.012388235294117648,0.15730882352941175,136,3,2,monthly_industry_30,monthly industry,return_seeking_recent_winner,17,test,iid,constant_a003,0.12133012345679012
0.018230222222222228,0.018230222222222217,0.018230222222222228,,inf,0.0,0.0,1.0,0.0059507352941176464,0.1360823529411765,136,200,0,monthly_industry_30,monthly industry,return_seeking_recent_winner,17,test,iid,constant_a004,0.12133012345679012
0.017837236971104235,0.01674929456376849,0.01896888876526488,0.0385,0.038500000000000006,6.999999999999999,1.0197368421052628,0.9485294117647058,0.005198529411764706,0.09060294117647058,136,0,2,monthly_industry_30,monthly industry,return_seeking_recent_winner,17,test,iid,constant_a005,0.12133012345679012
0.10927000371331237,0.09702504881829005,0.11986237149441491,0.1007,0.1007,4.0,1.0197368421052628,0.9705882352941176,0.004352205882352941,0.14798235294117645,136,2,1,monthly_industry_30,monthly industry,return_seeking_recent_winner,17,test,iid,constant_a006,0.12133012345679012
-0.33200392810457524,-1.3827063790849647,0.018230222222222228,0.0125,inf,1.0,1549.9999999999995,0.9926470588235294,0.008147794117647059,0.0847264705882353,136,79,0,monthly_industry_30,monthly industry,return_seeking_recent_winner,17,test,iid,constant_a007,0.12133012345679012
0.018230222222222228,0.018230222222222217,0.018230222222222228,,inf,0.0,0.0,1.0,0.006644117647058825,0.12974411764705882,136,200,0,monthly_industry_30,monthly industry,return_seeking_recent_winner,17,test,iid,constant_a008,0.12133012345679012
-0.029746472875247388,-0.041450358745601844,-0.01693195156228165,0.1711,0.1711,12.000000000000007,1.0197368421052628,0.9117647058823529,0.0021544117647058834,0.2105794117647059,136,0,3,monthly_industry_30,monthly industry,return_seeking_recent_winner,17,test,iid,constant_a009,0.12133012345679012
0.017242187199002414,0.013001402095158243,0.02070052305856553,0.1414,0.1414,9.000000000000002,1.0197368421052628,0.9338235294117647,0.01612941176470588,0.1451029411764706,136,0,2,monthly_industry_30,monthly industry,return_seeking_recent_winner,17,test,iid,constant_a010,0.12133012345679012
0.018230222222222228,0.018230222222222217,0.018230222222222228,,inf,0.0,0.0,1.0,0.01574558823529412,0.17915,136,200,0,monthly_industry_30,monthly industry,return_seeking_recent_winner,17,test,iid,constant_a011,0.12133012345679012
0.01820779800911593,0.017781907916236673,0.01848457608251634,0.0017000000000000001,inf,3.0,1.0197368421052628,0.9779411764705882,0.016123529411764703,0.12421176470588235,136,10,1,monthly_industry_30,monthly industry,return_seeking_recent_winner,17,test,iid,constant_a012,0.12133012345679012
0.018230222222222228,0.018230222222222217,0.018230222222222228,,inf,0.0,0.0,1.0,0.012578676470588237,0.14005882352941176,136,200,0,monthly_industry_30,monthly industry,return_seeking_recent_winner,17,test,iid,constant_a013,0.12133012345679012
0.024671549944100507,0.013300637289839181,0.03565953025294548,0.23290476190476192,0.2351,21.00000000000002,1.0197368421052628,0.8455882352941175,0.0199125,0.21385882352941174,136,0,3,monthly_industry_30,monthly industry,return_seeking_recent_winner,17,test,iid,constant_a014,0.12133012345679012
0.11273704385010677,0.09963333423549356,0.1265536770046014,0.0175,0.0175,6.0,1.0197368421052628,0.9558823529411765,0.012144117647058823,0.14591176470588232,136,0,2,monthly_industry_30,monthly industry,return_seeking_recent_winner,17,test,iid,constant_a015,0.12133012345679012
0.06512122617271861,0.05298518654077621,0.07664585801128049,0.1746,0.1746,5.999999999999999,1.019736842105263,0.9558823529411765,0.015613235294117645,0.13995294117647059,136,0,2,monthly_industry_30,monthly industry,return_seeking_recent_winner,17,test,iid,constant_a016,0.12133012345679012
0.01257591343627271,-0.0015435124572624225,0.03020893707735776,0.16065135135135133,0.1873,36.999999999999986,1.019736842105263,0.7279411764705883,0.009413235294117648,0.2893911764705882,136,0,3,monthly_industry_30,monthly industry,return_seeking_recent_winner,17,test,iid,constant_a017,0.12133012345679012
0.018230222222222228,0.018230222222222217,0.018230222222222228,,inf,0.0,0.0,1.0,0.010013235294117651,0.17509411764705882,136,200,0,monthly_industry_30,monthly industry,return_seeking_recent_winner,17,test,iid,constant_a018,0.12133012345679012
0.018230222222222228,0.018230222222222217,0.018230222222222228,,inf,0.0,0.0,1.0,0.008348529411764708,0.08674705882352941,136,200,0,monthly_industry_30,monthly industry,return_seeking_recent_winner,17,test,iid,constant_a019,0.12133012345679012
0.018230222222222228,0.018230222222222217,0.018230222222222228,,inf,0.0,0.0,1.0,0.005097058823529412,0.1036735294117647,136,200,0,monthly_industry_30,monthly industry,return_seeking_recent_winner,17,test,iid,constant_a020,0.12133012345679012
0.018230222222222228,0.018230222222222217,0.018230222222222228,,inf,0.0,0.0,1.0,0.014211029411764706,0.10055882352941177,136,200,0,monthly_industry_30,monthly industry,return_seeking_recent_winner,17,test,iid,constant_a021,0.12133012345679012
0.03328928851306685,0.022237088072340778,0.041735390852426654,0.0902,0.0902,7.0,1.019736842105263,0.9485294117647058,0.020024264705882353,0.10592058823529413,136,0,2,monthly_industry_30,monthly industry,return_seeking_recent_winner,17,test,iid,constant_a022,0.12133012345679012
0.018230222222222228,0.018230222222222217,0.018230222222222228,,inf,0.0,0.0,1.0,0.002658823529411765,0.10287058823529413,136,200,0,monthly_industry_30,monthly industry,return_seeking_recent_winner,17,test,iid,constant_a023,0.12133012345679012
0.017766615196078434,0.01683940114379085,0.018230222222222228,0.0436,inf,1.0,1.019736842105263,0.9926470588235294,0.008090441176470588,0.12422352941176472,136,87,0,monthly_industry_30,monthly industry,return_seeking_recent_winner,17,test,iid,constant_a024,0.12133012345679012
0.018230222222222228,0.018230222222222217,0.018230222222222228,,inf,0.0,0.0,1.0,0.010133823529411765,0.10630294117647059,136,200,0,monthly_industry_30,monthly industry,return_seeking_recent_winner,17,test,iid,constant_a025,0.12133012345679012
0.01784864069487444,0.015670226199690405,0.019367265958247327,0.09119999999999999,0.09119999999999999,3.0000000000000004,1.019736842105263,0.9779411764705882,0.012989705882352941,0.09431470588235294,136,6,1,monthly_industry_30,monthly industry,return_seeking_recent_winner,17,test,iid,constant_a026,0.12133012345679012
0.11336853011906572,0.09993622424327794,0.123980582359648,-0.0323,inf,1.0,1.019736842105263,0.9926470588235294,0.01041985294117647,0.09985882352941176,136,74,0,monthly_industry_30,monthly industry,return_seeking_recent_winner,17,test,iid,constant_a027,0.12133012345679012
0.018230222222222228,0.018230222222222217,0.018230222222222228,,inf,0.0,0.0,1.0,0.011051470588235293,0.1126235294117647,136,200,0,monthly_industry_30,monthly industry,return_seeking_recent_winner,17,test,iid,constant_a028,0.12133012345679012
0.018230222222222228,0.018230222222222217,0.018230222222222228,,inf,0.0,0.0,1.0,0.008997058823529412,0.08895882352941176,136,200,0,monthly_industry_30,monthly industry,return_seeking_recent_winner,17,test,iid,constant_a029,0.12133012345679012
0.018230222222222228,0.018230222222222217,0.018230222222222228,,inf,0.0,0.0,1.0,0.01024235294117647,0.10200901960784312,136,200,0,monthly_industry_30,monthly industry,return_seeking_recent_winner,17,test,iid,constant_equal_weight_public,0.12133012345679012
0.02155513734644345,0.0004816008125293522,0.041100734489981486,0.1771074074074074,0.20207611940298506,134.99999999999977,1.019736842105263,0.0073529411764722274,0.02070735294117647,0.17675588235294115,136,0,4,monthly_industry_30,monthly industry,return_seeking_recent_winner,17,test,iid,momentum_12,0.12133012345679012
0.01935159259708655,0.01586392033587397,0.02361109111646422,,inf,0.0,0.0,1.0,0.006003799019607842,0.08625,136,200,0,monthly_industry_30,monthly industry,return_seeking_recent_winner,17,test,iid,low_vol_12,0.12133012345679012
0.0319430190174149,0.017061161693267008,0.04692345293970342,0.16903076923076918,0.1873,51.99999999999991,1.019736842105263,0.6176470588235301,0.015530686274509806,0.1313264705882353,136,0,4,monthly_industry_30,monthly industry,return_seeking_recent_winner,17,test,iid,risk_adjusted_12,0.12133012345679012
0.16730326872700874,0.15592752106942817,0.17686166076814858,0.031,0.031,6.0,1.019736842105263,0.9558823529411765,0.00781985294117647,0.17402647058823528,136,0,2,monthly_industry_30,monthly industry,return_seeking_recent_winner,17,test,iid,ridge_return_train_only,0.12133012345679012
0.018230222222222228,0.018230222222222214,0.018230222222222228,,inf,0.0,0.0,1.0,0.005722058823529412,0.07954117647058823,136,200,0,monthly_industry_30,monthly industry,return_seeking_recent_winner,17,test,block,constant_a000,0.12133012345679012
0.01696817230301173,0.009285913313890162,0.02589586266398212,,inf,0.0,0.0,1.0,0.005813235294117649,0.08037058823529412,136,200,0,monthly_industry_30,monthly industry,return_seeking_recent_winner,17,test,block,constant_a001,0.12133012345679012
-0.006669522846493047,-0.026650696272826034,0.01277453002930209,0.0584,0.0584,13.000000000000009,1.0197368421052628,0.9044117647058822,0.011203676470588236,0.12225294117647058,136,0,3,monthly_industry_30,monthly industry,return_seeking_recent_winner,17,test,block,constant_a002,0.12133012345679012
0.019480516232370154,0.01831309691853715,0.021092859393812346,0.003,0.003,5.0,1.0197368421052628,0.9632352941176471,0.012388235294117648,0.15730882352941175,136,0,2,monthly_industry_30,monthly industry,return_seeking_recent_winner,17,test,block,constant_a003,0.12133012345679012
0.018230222222222228,0.018230222222222214,0.018230222222222228,,inf,0.0,0.0,1.0,0.0059507352941176464,0.1360823529411765,136,200,0,monthly_industry_30,monthly industry,return_seeking_recent_winner,17,test,block,constant_a004,0.12133012345679012
0.017837236971104235,0.016805951525950293,0.01866985551846835,0.0385,0.038500000000000006,6.999999999999999,1.0197368421052628,0.9485294117647058,0.005198529411764706,0.09060294117647058,136,7,2,monthly_industry_30,monthly industry,return_seeking_recent_winner,17,test,block,constant_a005,0.12133012345679012
0.10927000371331237,0.09007055867717552,0.12747575909091338,0.1007,0.1007,4.0,1.0197368421052628,0.9705882352941176,0.004352205882352941,0.14798235294117645,136,8,1,monthly_industry_30,monthly industry,return_seeking_recent_winner,17,test,block,constant_a006,0.12133012345679012
-0.33200392810457524,-1.032472228758168,0.018230222222222228,0.0125,inf,1.0,1549.9999999999995,0.9926470588235294,0.008147794117647059,0.0847264705882353,136,81,0,monthly_industry_30,monthly industry,return_seeking_recent_winner,17,test,block,constant_a007,0.12133012345679012
0.018230222222222228,0.018230222222222214,0.018230222222222228,,inf,0.0,0.0,1.0,0.006644117647058825,0.12974411764705882,136,200,0,monthly_industry_30,monthly industry,return_seeking_recent_winner,17,test,block,constant_a008,0.12133012345679012
-0.029746472875247388,-0.04683119604988941,-0.017153497186934066,0.1711,0.1711,12.000000000000007,1.0197368421052628,0.9117647058823529,0.0021544117647058834,0.2105794117647059,136,1,3,monthly_industry_30,monthly industry,return_seeking_recent_winner,17,test,block,constant_a009,0.12133012345679012
0.017242187199002414,0.01482493775531045,0.020789952146757825,0.1414,0.1414,9.000000000000002,1.0197368421052628,0.9338235294117647,0.01612941176470588,0.1451029411764706,136,0,2,monthly_industry_30,monthly industry,return_seeking_recent_winner,17,test,block,constant_a010,0.12133012345679012
0.018230222222222228,0.018230222222222214,0.018230222222222228,,inf,0.0,0.0,1.0,0.01574558823529412,0.17915,136,200,0,monthly_industry_30,monthly industry,return_seeking_recent_winner,17,test,block,constant_a011,0.12133012345679012
0.01820779800911593,0.017974904777261783,0.018418267027863783,0.0017000000000000001,inf,3.0,1.0197368421052628,0.9779411764705882,0.016123529411764703,0.12421176470588235,136,13,1,monthly_industry_30,monthly industry,return_seeking_recent_winner,17,test,block,constant_a012,0.12133012345679012
0.018230222222222228,0.018230222222222214,0.018230222222222228,,inf,0.0,0.0,1.0,0.012578676470588237,0.14005882352941176,136,200,0,monthly_industry_30,monthly industry,return_seeking_recent_winner,17,test,block,constant_a013,0.12133012345679012
0.024671549944100507,0.01279277693390953,0.03883328147037324,0.23290476190476192,0.2351,21.00000000000002,1.0197368421052628,0.8455882352941175,0.0199125,0.21385882352941174,136,0,3,monthly_industry_30,monthly industry,return_seeking_recent_winner,17,test,block,constant_a014,0.12133012345679012
0.11273704385010677,0.09555604688824022,0.1278379700589401,0.0175,0.0175,6.0,1.0197368421052628,0.9558823529411765,0.012144117647058823,0.14591176470588232,136,1,2,monthly_industry_30,monthly industry,return_seeking_recent_winner,17,test,block,constant_a015,0.12133012345679012
0.06512122617271861,0.051924420111630766,0.07932350247789255,0.1746,0.1746,5.999999999999999,1.019736842105263,0.9558823529411765,0.015613235294117645,0.13995294117647059,136,7,2,monthly_industry_30,monthly industry,return_seeking_recent_winner,17,test,block,constant_a016,0.12133012345679012
0.01257591343627271,-0.00145444571955093,0.02910333558467582,0.16065135135135133,0.1873,36.999999999999986,1.019736842105263,0.7279411764705883,0.009413235294117648,0.2893911764705882,136,0,3,monthly_industry_30,monthly industry,return_seeking_recent_winner,17,test,block,constant_a017,0.12133012345679012
0.018230222222222228,0.018230222222222214,0.018230222222222228,,inf,0.0,0.0,1.0,0.010013235294117651,0.17509411764705882,136,200,0,monthly_industry_30,monthly industry,return_seeking_recent_winner,17,test,block,constant_a018,0.12133012345679012
0.018230222222222228,0.018230222222222214,0.018230222222222228,,inf,0.0,0.0,1.0,0.008348529411764708,0.08674705882352941,136,200,0,monthly_industry_30,monthly industry,return_seeking_recent_winner,17,test,block,constant_a019,0.12133012345679012
0.018230222222222228,0.018230222222222214,0.018230222222222228,,inf,0.0,0.0,1.0,0.005097058823529412,0.1036735294117647,136,200,0,monthly_industry_30,monthly industry,return_seeking_recent_winner,17,test,block,constant_a020,0.12133012345679012
0.018230222222222228,0.018230222222222214,0.018230222222222228,,inf,0.0,0.0,1.0,0.014211029411764706,0.10055882352941177,136,200,0,monthly_industry_30,monthly industry,return_seeking_recent_winner,17,test,block,constant_a021,0.12133012345679012
0.03328928851306685,0.02049854784710704,0.048061294621619226,0.0902,0.0902,7.0,1.019736842105263,0.9485294117647058,0.020024264705882353,0.10592058823529413,136,2,2,monthly_industry_30,monthly industry,return_seeking_recent_winner,17,test,block,constant_a022,0.12133012345679012
0.018230222222222228,0.018230222222222214,0.018230222222222228,,inf,0.0,0.0,1.0,0.002658823529411765,0.10287058823529413,136,200,0,monthly_industry_30,monthly industry,return_seeking_recent_winner,17,test,block,constant_a023,0.12133012345679012
0.017766615196078434,0.016839401143790848,0.018230222222222228,0.0436,inf,1.0,1.019736842105263,0.9926470588235294,0.008090441176470588,0.12422352941176472,136,75,0,monthly_industry_30,monthly industry,return_seeking_recent_winner,17,test,block,constant_a024,0.12133012345679012
0.018230222222222228,0.018230222222222214,0.018230222222222228,,inf,0.0,0.0,1.0,0.010133823529411765,0.10630294117647059,136,200,0,monthly_industry_30,monthly industry,return_seeking_recent_winner,17,test,block,constant_a025,0.12133012345679012
0.01784864069487444,0.016586731098963706,0.019014560312392494,0.09119999999999999,inf,3.0000000000000004,1.019736842105263,0.9779411764705882,0.012989705882352941,0.09431470588235294,136,13,1,monthly_industry_30,monthly industry,return_seeking_recent_winner,17,test,block,constant_a026,0.12133012345679012
0.11336853011906572,0.09680292645778592,0.12742938582366506,-0.0323,inf,1.0,1.019736842105263,0.9926470588235294,0.01041985294117647,0.09985882352941176,136,81,0,monthly_industry_30,monthly industry,return_seeking_recent_winner,17,test,block,constant_a027,0.12133012345679012
0.018230222222222228,0.018230222222222214,0.018230222222222228,,inf,0.0,0.0,1.0,0.011051470588235293,0.1126235294117647,136,200,0,monthly_industry_30,monthly industry,return_seeking_recent_winner,17,test,block,constant_a028,0.12133012345679012
0.018230222222222228,0.018230222222222214,0.018230222222222228,,inf,0.0,0.0,1.0,0.008997058823529412,0.08895882352941176,136,200,0,monthly_industry_30,monthly industry,return_seeking_recent_winner,17,test,block,constant_a029,0.12133012345679012
0.018230222222222228,0.018230222222222214,0.018230222222222228,,inf,0.0,0.0,1.0,0.01024235294117647,0.10200901960784312,136,200,0,monthly_industry_30,monthly industry,return_seeking_recent_winner,17,test,block,constant_equal_weight_public,0.12133012345679012
0.02155513734644345,0.0023951299858928693,0.039988318409551346,0.1771074074074074,0.2002029411764706,134.99999999999977,1.019736842105263,0.0073529411764722274,0.02070735294117647,0.17675588235294115,136,0,4,monthly_industry_30,monthly industry,return_seeking_recent_winner,17,test,block,momentum_12,0.12133012345679012
0.01935159259708655,0.01522486843398347,0.025134363167786226,,inf,0.0,0.0,1.0,0.006003799019607842,0.08625,136,200,0,monthly_industry_30,monthly industry,return_seeking_recent_winner,17,test,block,low_vol_12,0.12133012345679012
0.0319430190174149,0.017719742054042347,0.045495633822239145,0.16903076923076918,0.1873,51.99999999999991,1.019736842105263,0.6176470588235301,0.015530686274509806,0.1313264705882353,136,0,4,monthly_industry_30,monthly industry,return_seeking_recent_winner,17,test,block,risk_adjusted_12,0.12133012345679012
0.16730326872700874,0.1542069400842364,0.17928587971939217,0.031,0.031,6.0,1.019736842105263,0.9558823529411765,0.00781985294117647,0.17402647058823528,136,0,2,monthly_industry_30,monthly industry,return_seeking_recent_winner,17,test,block,ridge_return_train_only,0.12133012345679012
0.016704000000000035,0.016704,0.016704000000000014,,inf,0.0,0.0,1.0,0.009589814814814813,0.0832074074074074,108,200,0,monthly_industry_30,monthly industry,return_seeking_recent_winner,27,calibration,iid,constant_a000,0.12133012345679012
-0.017465884713397602,-0.02397052350237258,-0.01101496736060974,0.0738,inf,3.0,1.0197368421052628,0.9722222222222222,0.011237037037037037,0.08046666666666666,108,13,1,monthly_industry_30,monthly industry,return_seeking_recent_winner,27,calibration,iid,constant_a001,0.12133012345679012
-0.01672857576448961,-0.036679145284804454,0.00374323414831788,0.0733,0.0733,12.000000000000007,1.0197368421052628,0.8888888888888888,0.01357037037037037,0.08148518518518519,108,0,3,monthly_industry_30,monthly industry,return_seeking_recent_winner,27,calibration,iid,constant_a002,0.12133012345679012
0.01638168762183239,0.01343766014863548,0.02006231256091618,0.0575,0.0575,9.000000000000002,1.0197368421052628,0.9166666666666666,0.009954629629629631,0.2067925925925926,108,0,2,monthly_industry_30,monthly industry,return_seeking_recent_winner,27,calibration,iid,constant_a003,0.12133012345679012
0.016704000000000035,0.016704,0.016704000000000014,,inf,0.0,0.0,1.0,0.0031333333333333348,0.1556074074074074,108,200,0,monthly_industry_30,monthly industry,return_seeking_recent_winner,27,calibration,iid,constant_a004,0.12133012345679012
0.016704000000000035,0.016704,0.016704000000000014,,inf,0.0,0.0,1.0,0.007787037037037038,0.10028888888888889,108,200,0,monthly_industry_30,monthly industry,return_seeking_recent_winner,27,calibration,iid,constant_a005,0.12133012345679012
0.015387670808966898,0.013726708333333339,0.016704000000000007,0.05139999999999999,0.051399999999999994,3.0,1.0197368421052628,0.9722222222222222,0.012547222222222222,0.13836666666666664,108,8,1,monthly_industry_30,monthly industry,return_seeking_recent_winner,27,calibration,iid,constant_a006,0.12133012345679012
0.0884152183235872,0.01316596637426901,0.23587479879385997,-0.019681734559789717,inf,1.0026324423195618,1549.9999999999995,0.9907163662748188,0.010110185185185182,0.08343333333333333,108,12,0,monthly_industry_30,monthly industry,return_seeking_recent_winner,27,calibration,iid,constant_a007,0.12133012345679012
0.016704000000000035,0.016704,0.016704000000000014,,inf,0.0,0.0,1.0,0.01219907407407408,0.1576222222222222,108,200,0,monthly_industry_30,monthly industry,return_seeking_recent_winner,27,calibration,iid,constant_a008,0.12133012345679012
0.013323674560634562,0.004988131926152388,0.022930753954929023,0.13450434782608697,0.1461,23.00000000000003,1.0197368421052628,0.7870370370370368,0.01513333333333333,0.24232222222222222,108,0,3,monthly_industry_30,monthly industry,return_seeking_recent_winner,27,calibration,iid,constant_a009,0.12133012345679012
0.016860699561403545,0.016704000000000004,0.017174098684210534,-0.0333,inf,1.0,1.0197368421052628,0.9907407407407407,0.004490740740740739,0.16894074074074072,108,67,0,monthly_industry_30,monthly industry,return_seeking_recent_winner,27,calibration,iid,constant_a010,0.12133012345679012
0.016841324561403543,0.013542993299220278,0.021017856024610135,0.0475,0.0475,14.00000000000001,1.0197368421052628,0.8703703703703702,0.005515740740740741,0.23192222222222222,108,0,3,monthly_industry_30,monthly industry,return_seeking_recent_winner,27,calibration,iid,constant_a011,0.12133012345679012
0.015992941276803153,0.01387124658869397,0.01670400000000001,0.0583,inf,2.0,1.0197368421052628,0.9814814814814815,0.01081574074074074,0.17674444444444445,108,26,1,monthly_industry_30,monthly industry,return_seeking_recent_winner,27,calibration,iid,constant_a012,0.12133012345679012
0.016704000000000035,0.016704,0.016704000000000014,,inf,0.0,0.0,1.0,0.009680555555555555,0.16028888888888887,108,200,0,monthly_industry_30,monthly industry,return_seeking_recent_winner,27,calibration,iid,constant_a013,0.12133012345679012
0.01782461525341134,0.01643995614035089,0.019709896229288502,-0.0014000000000000002,-0.0014000000000000002,4.0,1.0197368421052628,0.962962962962963,0.009813888888888888,0.1906925925925926,108,1,1,monthly_industry_30,monthly industry,return_seeking_recent_winner,27,calibration,iid,constant_a014,0.12133012345679012
0.058025135802090115,0.03829230757535138,0.08068967077627154,,inf,0.0,0.0,1.0,0.011383333333333332,0.1517,108,200,0,monthly_industry_30,monthly industry,return_seeking_recent_winner,27,calibration,iid,constant_a015,0.12133012345679012
0.045799359649750696,0.029388807725859837,0.06471880253712624,0.11490000000000002,0.11490000000000002,8.000000000000002,1.019736842105263,0.9259259259259259,0.005846296296296298,0.21665185185185185,108,0,2,monthly_industry_30,monthly industry,return_seeking_recent_winner,27,calibration,iid,constant_a016,0.12133012345679012
-0.902100192876083,-2.7088726127038236,0.007361665447527025,0.07043859649122815,0.38060000000000005,1.0251478195080634,1549.9999999999995,0.9905078905601106,-0.0003518518518518532,0.29553703703703704,108,0,0,monthly_industry_30,monthly industry,return_seeking_recent_winner,27,calibration,iid,constant_a017,0.12133012345679012
0.016704000000000035,0.016704,0.016704000000000014,,inf,0.0,0.0,1.0,0.007457407407407407,0.13156296296296294,108,200,0,monthly_industry_30,monthly industry,return_seeking_recent_winner,27,calibration,iid,constant_a018,0.12133012345679012
0.016658640594541946,0.016567921783625733,0.016704000000000014,-0.011899999999999999,inf,1.0,1.019736842105263,0.9907407407407407,0.008509259259259258,0.09720740740740741,108,60,0,monthly_industry_30,monthly industry,return_seeking_recent_winner,27,calibration,iid,constant_a019,0.12133012345679012
0.016704000000000035,0.016704,0.016704000000000014,,inf,0.0,0.0,1.0,0.01028611111111111,0.11100000000000002,108,200,0,monthly_industry_30,monthly industry,return_seeking_recent_winner,27,calibration,iid,constant_a020,0.12133012345679012
0.016704000000000035,0.016704,0.016704000000000014,,inf,0.0,0.0,1.0,0.008956481481481482,0.10537407407407408,108,200,0,monthly_industry_30,monthly industry,return_seeking_recent_winner,27,calibration,iid,constant_a021,0.12133012345679012
0.02453794543128833,0.007799909280917847,0.04081040964234609,,inf,0.0,0.0,1.0,0.009407407407407408,0.13405555555555554,108,200,0,monthly_industry_30,monthly industry,return_seeking_recent_winner,27,calibration,iid,constant_a022,0.12133012345679012
0.016704000000000035,0.016704,0.016704000000000014,,inf,0.0,0.0,1.0,0.009435185185185184,0.1265962962962963,108,200,0,monthly_industry_30,monthly industry,return_seeking_recent_winner,27,calibration,iid,constant_a023,0.12133012345679012
0.01756971881091621,0.016685572977582847,0.018909464181286556,-0.0148,inf,3.0000000000000004,1.019736842105263,0.9722222222222222,0.011483333333333335,0.11916296296296297,108,10,1,monthly_industry_30,monthly industry,return_seeking_recent_winner,27,calibration,iid,constant_a024,0.12133012345679012
0.016704000000000035,0.016704,0.016704000000000014,,inf,0.0,0.0,1.0,0.010116666666666666,0.11522222222222221,108,200,0,monthly_industry_30,monthly industry,return_seeking_recent_winner,27,calibration,iid,constant_a025,0.12133012345679012
0.016704000000000035,0.016704,0.016704000000000014,,inf,0.0,0.0,1.0,0.009475925925925928,0.09744814814814814,108,200,0,monthly_industry_30,monthly industry,return_seeking_recent_winner,27,calibration,iid,constant_a026,0.12133012345679012
0.13205587240224598,0.11800465095920787,0.14545463527229827,0.031400000000000004,inf,2.0,1.019736842105263,0.9814814814814815,0.011696296296296293,0.0864962962962963,108,28,1,monthly_industry_30,monthly industry,return_seeking_recent_winner,27,calibration,iid,constant_a027,0.12133012345679012
0.016704000000000035,0.016704,0.016704000000000014,,inf,0.0,0.0,1.0,0.0033916666666666683,0.17157407407407407,108,200,0,monthly_industry_30,monthly industry,return_seeking_recent_winner,27,calibration,iid,constant_a028,0.12133012345679012
0.016704000000000035,0.016704,0.016704000000000014,,inf,0.0,0.0,1.0,0.005977777777777777,0.14215185185185186,108,200,0,monthly_industry_30,monthly industry,return_seeking_recent_winner,27,calibration,iid,constant_a029,0.12133012345679012
0.016704000000000035,0.016704,0.016704000000000014,,inf,0.0,0.0,1.0,0.008955,0.12133012345679012,108,200,0,monthly_industry_30,monthly industry,return_seeking_recent_winner,27,calibration,iid,constant_equal_weight_public,0.12133012345679012
0.012523220795152725,-0.00681591828330086,0.030706913870809028,0.23299433962264152,0.3260915887850468,105.99999999999983,1.019736842105263,0.018518518518520044,0.013036111111111111,0.2308074074074074,108,0,4,monthly_industry_30,monthly industry,return_seeking_recent_winner,27,calibration,iid,momentum_12,0.12133012345679012
0.016894906309453957,0.010497102647911774,0.023607658511782717,,inf,0.0,0.0,1.0,0.009154320987654322,0.09146296296296295,108,200,0,monthly_industry_30,monthly industry,return_seeking_recent_winner,27,calibration,iid,low_vol_12,0.12133012345679012
0.026875397740475628,0.006999744757718607,0.04191853600243576,0.3445705882352942,0.38060000000000005,34.000000000000014,1.019736842105263,0.6851851851851851,0.0024592592592592587,0.2494555555555555,108,0,3,monthly_industry_30,monthly industry,return_seeking_recent_winner,27,calibration,iid,risk_adjusted_12,0.12133012345679012
0.17819855785414018,0.16331177632581884,0.19246233672586874,0.11490000000000002,inf,2.0,1.019736842105263,0.9814814814814815,0.013128703703703705,0.14288518518518517,108,27,1,monthly_industry_30,monthly industry,return_seeking_recent_winner,27,calibration,iid,ridge_return_train_only,0.12133012345679012
0.016704000000000035,0.016704,0.01670400000000002,,inf,0.0,0.0,1.0,0.009589814814814813,0.0832074074074074,108,200,0,monthly_industry_30,monthly industry,return_seeking_recent_winner,27,calibration,block,constant_a000,0.12133012345679012
-0.017465884713397602,-0.027649161145514474,-0.007657189174302962,0.0738,inf,3.0,1.0197368421052628,0.9722222222222222,0.011237037037037037,0.08046666666666666,108,40,1,monthly_industry_30,monthly industry,return_seeking_recent_winner,27,calibration,block,constant_a001,0.12133012345679012
-0.01672857576448961,-0.04924772740585224,0.008312259055407663,0.0733,0.0733,12.000000000000007,1.0197368421052628,0.8888888888888888,0.01357037037037037,0.08148518518518519,108,0,3,monthly_industry_30,monthly industry,return_seeking_recent_winner,27,calibration,block,constant_a002,0.12133012345679012
0.01638168762183239,0.013191805372807022,0.019354212962962962,0.0575,0.0575,9.000000000000002,1.0197368421052628,0.9166666666666666,0.009954629629629631,0.2067925925925926,108,0,2,monthly_industry_30,monthly industry,return_seeking_recent_winner,27,calibration,block,constant_a003,0.12133012345679012
0.016704000000000035,0.016704,0.01670400000000002,,inf,0.0,0.0,1.0,0.0031333333333333348,0.1556074074074074,108,200,0,monthly_industry_30,monthly industry,return_seeking_recent_winner,27,calibration,block,constant_a004,0.12133012345679012
0.016704000000000035,0.016704,0.01670400000000002,,inf,0.0,0.0,1.0,0.007787037037037038,0.10028888888888889,108,200,0,monthly_industry_30,monthly industry,return_seeking_recent_winner,27,calibration,block,constant_a005,0.12133012345679012
0.015387670808966898,0.01345855531189085,0.016704000000000014,0.05139999999999999,inf,3.0,1.0197368421052628,0.9722222222222222,0.012547222222222222,0.13836666666666664,108,17,1,monthly_industry_30,monthly industry,return_seeking_recent_winner,27,calibration,block,constant_a006,0.12133012345679012
0.0884152183235872,0.012919492202729053,0.23611511111111133,-0.019681734559789717,inf,1.0026324423195618,1549.9999999999995,0.9907163662748188,0.010110185185185182,0.08343333333333333,108,21,0,monthly_industry_30,monthly industry,return_seeking_recent_winner,27,calibration,block,constant_a007,0.12133012345679012
0.016704000000000035,0.016704,0.01670400000000002,,inf,0.0,0.0,1.0,0.01219907407407408,0.1576222222222222,108,200,0,monthly_industry_30,monthly industry,return_seeking_recent_winner,27,calibration,block,constant_a008,0.12133012345679012
0.013323674560634562,0.0018049073615164786,0.027364913679231967,0.13450434782608697,0.1461,23.00000000000003,1.0197368421052628,0.7870370370370368,0.01513333333333333,0.24232222222222222,108,0,3,monthly_industry_30,monthly industry,return_seeking_recent_winner,27,calibration,block,constant_a009,0.12133012345679012
0.016860699561403545,0.016704000000000004,0.017330798245614037,-0.0333,inf,1.0,1.0197368421052628,0.9907407407407407,0.004490740740740739,0.16894074074074072,108,69,0,monthly_industry_30,monthly industry,return_seeking_recent_winner,27,calibration,block,constant_a010,0.12133012345679012
0.016841324561403543,0.013030611415692023,0.021066544682017553,0.0475,0.0475,14.00000000000001,1.0197368421052628,0.8703703703703702,0.005515740740740741,0.23192222222222222,108,1,3,monthly_industry_30,monthly industry,return_seeking_recent_winner,27,calibration,block,constant_a011,0.12133012345679012
0.015992941276803153,0.014570823830409366,0.01670400000000002,0.0583,inf,2.0,1.0197368421052628,0.9814814814814815,0.01081574074074074,0.17674444444444445,108,46,1,monthly_industry_30,monthly industry,return_seeking_recent_winner,27,calibration,block,constant_a012,0.12133012345679012
0.016704000000000035,0.016704,0.01670400000000002,,inf,0.0,0.0,1.0,0.009680555555555555,0.16028888888888887,108,200,0,monthly_industry_30,monthly industry,return_seeking_recent_winner,27,calibration,block,constant_a013,0.12133012345679012
0.01782461525341134,0.016559499512670574,0.019698083333333335,-0.0014000000000000002,-0.0014000000000000002,4.0,1.0197368421052628,0.962962962962963,0.009813888888888888,0.1906925925925926,108,2,1,monthly_industry_30,monthly industry,return_seeking_recent_winner,27,calibration,block,constant_a014,0.12133012345679012
0.058025135802090115,0.023132597202974853,0.09160710553597175,,inf,0.0,0.0,1.0,0.011383333333333332,0.1517,108,200,0,monthly_industry_30,monthly industry,return_seeking_recent_winner,27,calibration,block,constant_a015,0.12133012345679012
0.045799359649750696,0.019782041993487313,0.07153038036132864,0.11490000000000002,0.11490000000000002,8.000000000000002,1.019736842105263,0.9259259259259259,0.005846296296296298,0.21665185185185185,108,2,2,monthly_industry_30,monthly industry,return_seeking_recent_winner,27,calibration,block,constant_a016,0.12133012345679012
-0.902100192876083,-2.7073823924314553,0.005242505387762487,0.07043859649122815,0.38060000000000005,1.0251478195080634,1549.9999999999995,0.9905078905601106,-0.0003518518518518532,0.29553703703703704,108,0,0,monthly_industry_30,monthly industry,return_seeking_recent_winner,27,calibration,block,constant_a017,0.12133012345679012
0.016704000000000035,0.016704,0.01670400000000002,,inf,0.0,0.0,1.0,0.007457407407407407,0.13156296296296294,108,200,0,monthly_industry_30,monthly industry,return_seeking_recent_winner,27,calibration,block,constant_a018,0.12133012345679012
0.016658640594541946,0.016566787798489285,0.01670400000000002,-0.011899999999999999,inf,1.0,1.019736842105263,0.9907407407407407,0.008509259259259258,0.09720740740740741,108,73,0,monthly_industry_30,monthly industry,return_seeking_recent_winner,27,calibration,block,constant_a019,0.12133012345679012
0.016704000000000035,0.016704,0.01670400000000002,,inf,0.0,0.0,1.0,0.01028611111111111,0.11100000000000002,108,200,0,monthly_industry_30,monthly industry,return_seeking_recent_winner,27,calibration,block,constant_a020,0.12133012345679012
0.016704000000000035,0.016704,0.01670400000000002,,inf,0.0,0.0,1.0,0.008956481481481482,0.10537407407407408,108,200,0,monthly_industry_30,monthly industry,return_seeking_recent_winner,27,calibration,block,constant_a021,0.12133012345679012
0.02453794543128833,0.0002881555179362552,0.04650684861772406,,inf,0.0,0.0,1.0,0.009407407407407408,0.13405555555555554,108,200,0,monthly_industry_30,monthly industry,return_seeking_recent_winner,27,calibration,block,constant_a022,0.12133012345679012
0.016704000000000035,0.016704,0.01670400000000002,,inf,0.0,0.0,1.0,0.009435185185185184,0.1265962962962963,108,200,0,monthly_industry_30,monthly industry,return_seeking_recent_winner,27,calibration,block,constant_a023,0.12133012345679012
0.01756971881091621,0.016686022417154004,0.0193195834551657,-0.0148,inf,3.0000000000000004,1.019736842105263,0.9722222222222222,0.011483333333333335,0.11916296296296297,108,25,1,monthly_industry_30,monthly industry,return_seeking_recent_winner,27,calibration,block,constant_a024,0.12133012345679012
0.016704000000000035,0.016704,0.01670400000000002,,inf,0.0,0.0,1.0,0.010116666666666666,0.11522222222222221,108,200,0,monthly_industry_30,monthly industry,return_seeking_recent_winner,27,calibration,block,constant_a025,0.12133012345679012
0.016704000000000035,0.016704,0.01670400000000002,,inf,0.0,0.0,1.0,0.009475925925925928,0.09744814814814814,108,200,0,monthly_industry_30,monthly industry,return_seeking_recent_winner,27,calibration,block,constant_a026,0.12133012345679012
0.13205587240224598,0.11086813480114009,0.15155943395575333,0.031400000000000004,inf,2.0,1.019736842105263,0.9814814814814815,0.011696296296296293,0.0864962962962963,108,56,1,monthly_industry_30,monthly industry,return_seeking_recent_winner,27,calibration,block,constant_a027,0.12133012345679012
0.016704000000000035,0.016704,0.01670400000000002,,inf,0.0,0.0,1.0,0.0033916666666666683,0.17157407407407407,108,200,0,monthly_industry_30,monthly industry,return_seeking_recent_winner,27,calibration,block,constant_a028,0.12133012345679012
0.016704000000000035,0.016704,0.01670400000000002,,inf,0.0,0.0,1.0,0.005977777777777777,0.14215185185185186,108,200,0,monthly_industry_30,monthly industry,return_seeking_recent_winner,27,calibration,block,constant_a029,0.12133012345679012
0.016704000000000035,0.016704,0.01670400000000002,,inf,0.0,0.0,1.0,0.008955,0.12133012345679012,108,200,0,monthly_industry_30,monthly industry,return_seeking_recent_winner,27,calibration,block,constant_equal_weight_public,0.12133012345679012
0.012523220795152725,-0.010669648465286221,0.032681809524183085,0.23299433962264152,0.3421654205607477,105.99999999999983,1.019736842105263,0.018518518518520044,0.013036111111111111,0.2308074074074074,108,0,4,monthly_industry_30,monthly industry,return_seeking_recent_winner,27,calibration,block,momentum_12,0.12133012345679012
0.016894906309453957,0.00891388007923022,0.02576468501161986,,inf,0.0,0.0,1.0,0.009154320987654322,0.09146296296296295,108,200,0,monthly_industry_30,monthly industry,return_seeking_recent_winner,27,calibration,block,low_vol_12,0.12133012345679012
0.026875397740475628,0.0007443255875436879,0.04666616852040177,0.3445705882352942,0.38060000000000005,34.000000000000014,1.019736842105263,0.6851851851851851,0.0024592592592592587,0.2494555555555555,108,0,3,monthly_industry_30,monthly industry,return_seeking_recent_winner,27,calibration,block,risk_adjusted_12,0.12133012345679012
0.17819855785414018,0.1515877874486275,0.1994704946912669,0.11490000000000002,inf,2.0,1.019736842105263,0.9814814814814815,0.013128703703703705,0.14288518518518517,108,55,1,monthly_industry_30,monthly industry,return_seeking_recent_winner,27,calibration,block,ridge_return_train_only,0.12133012345679012
0.016704000000000014,0.016704,0.016704000000000007,,inf,0.0,0.0,1.0,0.005722058823529412,0.07954117647058823,136,200,0,monthly_industry_30,monthly industry,return_seeking_recent_winner,27,test,iid,constant_a000,0.12133012345679012
-0.03808694512139992,-0.04502276563994894,-0.031708553115924076,,inf,0.0,0.0,1.0,0.005813235294117649,0.08037058823529412,136,200,0,monthly_industry_30,monthly industry,return_seeking_recent_winner,27,test,iid,constant_a001,0.12133012345679012
-0.006279855684616865,-0.020656649035964623,0.008113460965966442,0.0584,0.0584,13.000000000000009,1.0197368421052628,0.9044117647058822,0.011203676470588236,0.12225294117647058,136,0,3,monthly_industry_30,monthly industry,return_seeking_recent_winner,27,test,iid,constant_a002,0.12133012345679012
0.01801151257739938,0.01677260954431115,0.01998206254837462,0.003,0.003,5.0,1.0197368421052628,0.9632352941176471,0.012388235294117648,0.15730882352941175,136,0,2,monthly_industry_30,monthly industry,return_seeking_recent_winner,27,test,iid,constant_a003,0.12133012345679012
0.016704000000000014,0.016704,0.016704000000000007,,inf,0.0,0.0,1.0,0.0059507352941176464,0.1360823529411765,136,200,0,monthly_industry_30,monthly industry,return_seeking_recent_winner,27,test,iid,constant_a004,0.12133012345679012
0.01639112074303407,0.015130364599458207,0.0174771082381966,0.0385,0.038500000000000006,6.999999999999999,1.0197368421052628,0.9485294117647058,0.005198529411764706,0.09060294117647058,136,1,2,monthly_industry_30,monthly industry,return_seeking_recent_winner,27,test,iid,constant_a005,0.12133012345679012
0.015478726199690429,0.013715720418924148,0.016704,0.1007,0.1007,3.0,1.0197368421052628,0.9779411764705882,0.004352205882352941,0.14798235294117645,136,9,1,monthly_industry_30,monthly industry,return_seeking_recent_winner,27,test,iid,constant_a006,0.12133012345679012
0.016704000000000014,0.016704,0.016704000000000007,,inf,0.0,0.0,1.0,0.008147794117647059,0.0847264705882353,136,200,0,monthly_industry_30,monthly industry,return_seeking_recent_winner,27,test,iid,constant_a007,0.12133012345679012
0.016704000000000014,0.016704,0.016704000000000007,,inf,0.0,0.0,1.0,0.006644117647058825,0.12974411764705882,136,200,0,monthly_industry_30,monthly industry,return_seeking_recent_winner,27,test,iid,constant_a008,0.12133012345679012
0.021108046191535706,0.013010407568745039,0.030116147024005765,0.1711,0.1711,12.000000000000007,1.0197368421052628,0.9117647058823529,0.0021544117647058834,0.2105794117647059,136,0,3,monthly_industry_30,monthly industry,return_seeking_recent_winner,27,test,iid,constant_a009,0.12133012345679012
0.015818958397832837,0.011091515383126936,0.01933148693885449,0.1414,0.1414,9.000000000000002,1.0197368421052628,0.9338235294117647,0.01612941176470588,0.1451029411764706,136,0,2,monthly_industry_30,monthly industry,return_seeking_recent_winner,27,test,iid,constant_a010,0.12133012345679012
0.016704000000000014,0.016704,0.016704000000000007,,inf,0.0,0.0,1.0,0.01574558823529412,0.17915,136,200,0,monthly_industry_30,monthly industry,return_seeking_recent_winner,27,test,iid,constant_a011,0.12133012345679012
-1.1595061518962846,-3.512065111406734,0.016932542521284833,0.08650000000000001,0.08650000000000001,1.003949960245031,1549.9999999999998,0.9926180149981984,0.016123529411764703,0.12421176470588235,136,5,0,monthly_industry_30,monthly industry,return_seeking_recent_winner,27,test,iid,constant_a012,0.12133012345679012
0.016704000000000014,0.016704,0.016704000000000007,,inf,0.0,0.0,1.0,0.012578676470588237,0.14005882352941176,136,200,0,monthly_industry_30,monthly industry,return_seeking_recent_winner,27,test,iid,constant_a013,0.12133012345679012
0.022511341331269304,0.010504285676277089,0.03444504041698917,0.23090909090909092,0.23510000000000003,22.000000000000025,1.0197368421052628,0.8382352941176469,0.0199125,0.21385882352941174,136,0,3,monthly_industry_30,monthly industry,return_seeking_recent_winner,27,test,iid,constant_a014,0.12133012345679012
0.11273704385010677,0.10055615768779694,0.12494044327583802,0.0175,0.0175,6.0,1.0197368421052628,0.9558823529411765,0.012144117647058823,0.14591176470588232,136,0,2,monthly_industry_30,monthly industry,return_seeking_recent_winner,27,test,iid,constant_a015,0.12133012345679012
0.06089880583463705,0.046588550399757594,0.0723946372430919,0.0975,0.09750000000000002,5.0,1.019736842105263,0.9632352941176471,0.015613235294117645,0.13995294117647059,136,2,2,monthly_industry_30,monthly industry,return_seeking_recent_winner,27,test,iid,constant_a016,0.12133012345679012
0.0001617662403107929,-0.01317585570488156,0.015374057348658345,0.16065135135135133,0.1873,36.999999999999986,1.019736842105263,0.7279411764705883,0.009413235294117648,0.2893911764705882,136,0,3,monthly_industry_30,monthly industry,return_seeking_recent_winner,27,test,iid,constant_a017,0.12133012345679012
0.016704000000000014,0.016704,0.016704000000000007,,inf,0.0,0.0,1.0,0.010013235294117651,0.17509411764705882,136,200,0,monthly_industry_30,monthly industry,return_seeking_recent_winner,27,test,iid,constant_a018,0.12133012345679012
0.016704000000000014,0.016704,0.016704000000000007,,inf,0.0,0.0,1.0,0.008348529411764708,0.08674705882352941,136,200,0,monthly_industry_30,monthly industry,return_seeking_recent_winner,27,test,iid,constant_a019,0.12133012345679012
0.016704000000000014,0.016704,0.016704000000000007,,inf,0.0,0.0,1.0,0.005097058823529412,0.1036735294117647,136,200,0,monthly_industry_30,monthly industry,return_seeking_recent_winner,27,test,iid,constant_a020,0.12133012345679012
0.016704000000000014,0.016704,0.016704000000000007,,inf,0.0,0.0,1.0,0.014211029411764706,0.10055882352941177,136,200,0,monthly_industry_30,monthly industry,return_seeking_recent_winner,27,test,iid,constant_a021,0.12133012345679012
0.007592368467229236,-0.004020588579834868,0.020677888424194654,0.0902,0.0902,7.0,1.019736842105263,0.9485294117647058,0.020024264705882353,0.10592058823529413,136,2,2,monthly_industry_30,monthly industry,return_seeking_recent_winner,27,test,iid,constant_a022,0.12133012345679012
0.016704000000000014,0.016704,0.016704000000000007,,inf,0.0,0.0,1.0,0.002658823529411765,0.10287058823529413,136,200,0,monthly_industry_30,monthly industry,return_seeking_recent_winner,27,test,iid,constant_a023,0.12133012345679012
0.01625183668730652,0.015336205979102164,0.016704000000000007,0.0436,inf,1.0,1.019736842105263,0.9926470588235294,0.008090441176470588,0.12422352941176472,136,87,0,monthly_industry_30,monthly industry,return_seeking_recent_winner,27,test,iid,constant_a024,0.12133012345679012
0.016704000000000014,0.016704,0.016704000000000007,,inf,0.0,0.0,1.0,0.010133823529411765,0.10630294117647059,136,200,0,monthly_industry_30,monthly industry,return_seeking_recent_winner,27,test,iid,constant_a025,0.12133012345679012
0.016356749613003114,0.014100596096168733,0.018092397953753874,0.09119999999999999,0.09119999999999999,3.0000000000000004,1.019736842105263,0.9779411764705882,0.012989705882352941,0.09431470588235294,136,5,1,monthly_industry_30,monthly industry,return_seeking_recent_winner,27,test,iid,constant_a026,0.12133012345679012
0.11336853011906572,0.10161478314775259,0.12473689113811222,-0.0323,inf,1.0,1.019736842105263,0.9926470588235294,0.01041985294117647,0.09985882352941176,136,74,0,monthly_industry_30,monthly industry,return_seeking_recent_winner,27,test,iid,constant_a027,0.12133012345679012
0.016704000000000014,0.016704,0.016704000000000007,,inf,0.0,0.0,1.0,0.011051470588235293,0.1126235294117647,136,200,0,monthly_industry_30,monthly industry,return_seeking_recent_winner,27,test,iid,constant_a028,0.12133012345679012
0.016704000000000014,0.016704,0.016704000000000007,,inf,0.0,0.0,1.0,0.008997058823529412,0.08895882352941176,136,200,0,monthly_industry_30,monthly industry,return_seeking_recent_winner,27,test,iid,constant_a029,0.12133012345679012
0.2566424803921551,0.016704,0.7365194411764706,-0.03775666666666667,inf,1.0,1549.9999999999995,0.9926470588235294,0.01024235294117647,0.10200901960784312,136,84,0,monthly_industry_30,monthly industry,return_seeking_recent_winner,27,test,iid,constant_equal_weight_public,0.12133012345679012
0.022204620219907562,0.005305769328359637,0.038692240799336655,0.16957462686567165,0.2030763358778626,133.99999999999974,1.019736842105263,0.014705882352943012,0.02070735294117647,0.17675588235294115,136,0,4,monthly_industry_30,monthly industry,return_seeking_recent_winner,27,test,iid,momentum_12,0.12133012345679012
0.007412428998214683,0.001501794519780308,0.012321559473493213,,inf,0.0,0.0,1.0,0.006003799019607842,0.08625,136,200,0,monthly_industry_30,monthly industry,return_seeking_recent_winner,27,test,iid,low_vol_12,0.12133012345679012
0.02834420578790609,0.018177190070767787,0.04262966407376249,0.14653076923076921,0.1873,51.999999999999915,1.019736842105263,0.6176470588235301,0.015530686274509806,0.1313264705882353,136,0,4,monthly_industry_30,monthly industry,return_seeking_recent_winner,27,test,iid,risk_adjusted_12,0.12133012345679012
0.16214708416189683,0.15039996209559592,0.1722189679166191,-0.0441,-0.04409999999999999,2.9999999999999996,1.019736842105263,0.9779411764705882,0.0106625,0.15289411764705882,136,6,1,monthly_industry_30,monthly industry,return_seeking_recent_winner,27,test,iid,ridge_return_train_only,0.12133012345679012
0.016704000000000014,0.016704,0.016704000000000014,,inf,0.0,0.0,1.0,0.005722058823529412,0.07954117647058823,136,200,0,monthly_industry_30,monthly industry,return_seeking_recent_winner,27,test,block,constant_a000,0.12133012345679012
-0.03808694512139992,-0.04739368129049173,-0.027435958338008548,,inf,0.0,0.0,1.0,0.005813235294117649,0.08037058823529412,136,200,0,monthly_industry_30,monthly industry,return_seeking_recent_winner,27,test,block,constant_a001,0.12133012345679012
-0.006279855684616865,-0.026726117225028496,0.014030592669604547,0.0584,0.0584,13.000000000000009,1.0197368421052628,0.9044117647058822,0.011203676470588236,0.12225294117647058,136,0,3,monthly_industry_30,monthly industry,return_seeking_recent_winner,27,test,block,constant_a002,0.12133012345679012
0.01801151257739938,0.016704000000000004,0.019876573021478335,0.003,0.003,5.0,1.0197368421052628,0.9632352941176471,0.012388235294117648,0.15730882352941175,136,2,2,monthly_industry_30,monthly industry,return_seeking_recent_winner,27,test,block,constant_a003,0.12133012345679012
0.016704000000000014,0.016704,0.016704000000000014,,inf,0.0,0.0,1.0,0.0059507352941176464,0.1360823529411765,136,200,0,monthly_industry_30,monthly industry,return_seeking_recent_winner,27,test,block,constant_a004,0.12133012345679012
0.01639112074303407,0.015563828487809605,0.01717124567047214,0.0385,inf,6.999999999999999,1.0197368421052628,0.9485294117647058,0.005198529411764706,0.09060294117647058,136,10,2,monthly_industry_30,monthly industry,return_seeking_recent_winner,27,test,block,constant_a005,0.12133012345679012
0.015478726199690429,0.013124183823529416,0.016704000000000007,0.1007,inf,3.0,1.0197368421052628,0.9779411764705882,0.004352205882352941,0.14798235294117645,136,19,1,monthly_industry_30,monthly industry,return_seeking_recent_winner,27,test,block,constant_a006,0.12133012345679012
0.016704000000000014,0.016704,0.016704000000000014,,inf,0.0,0.0,1.0,0.008147794117647059,0.0847264705882353,136,200,0,monthly_industry_30,monthly industry,return_seeking_recent_winner,27,test,block,constant_a007,0.12133012345679012
0.016704000000000014,0.016704,0.016704000000000014,,inf,0.0,0.0,1.0,0.006644117647058825,0.12974411764705882,136,200,0,monthly_industry_30,monthly industry,return_seeking_recent_winner,27,test,block,constant_a008,0.12133012345679012
0.021108046191535706,0.008988252091720456,0.03314971788075594,0.1711,0.1711,12.000000000000007,1.0197368421052628,0.9117647058823529,0.0021544117647058834,0.2105794117647059,136,0,3,monthly_industry_30,monthly industry,return_seeking_recent_winner,27,test,block,constant_a009,0.12133012345679012
0.015818958397832837,0.012756825125773997,0.019472904943885455,0.1414,0.1414,9.000000000000002,1.0197368421052628,0.9338235294117647,0.01612941176470588,0.1451029411764706,136,0,2,monthly_industry_30,monthly industry,return_seeking_recent_winner,27,test,block,constant_a010,0.12133012345679012
0.016704000000000014,0.016704,0.016704000000000014,,inf,0.0,0.0,1.0,0.01574558823529412,0.17915,136,200,0,monthly_industry_30,monthly industry,return_seeking_recent_winner,27,test,block,constant_a011,0.12133012345679012
-1.1595061518962846,-3.5119925316369964,0.016853901315789482,0.08650000000000001,0.08650000000000001,1.003949960245031,1549.9999999999998,0.9926180149981984,0.016123529411764703,0.12421176470588235,136,6,0,monthly_industry_30,monthly industry,return_seeking_recent_winner,27,test,block,constant_a012,0.12133012345679012
0.016704000000000014,0.016704,0.016704000000000014,,inf,0.0,0.0,1.0,0.012578676470588237,0.14005882352941176,136,200,0,monthly_industry_30,monthly industry,return_seeking_recent_winner,27,test,block,constant_a013,0.12133012345679012
0.022511341331269304,0.010944488825464407,0.03722517821207431,0.23090909090909092,0.2351,22.000000000000025,1.0197368421052628,0.8382352941176469,0.0199125,0.21385882352941174,136,0,3,monthly_industry_30,monthly industry,return_seeking_recent_winner,27,test,block,constant_a014,0.12133012345679012
0.11273704385010677,0.09634679835500867,0.12942881491920294,0.0175,0.0175,6.0,1.0197368421052628,0.9558823529411765,0.012144117647058823,0.14591176470588232,136,3,2,monthly_industry_30,monthly industry,return_seeking_recent_winner,27,test,block,constant_a015,0.12133012345679012
0.06089880583463705,0.04501316092331446,0.07549527148809712,0.0975,inf,5.0,1.019736842105263,0.9632352941176471,0.015613235294117645,0.13995294117647059,136,11,2,monthly_industry_30,monthly industry,return_seeking_recent_winner,27,test,block,constant_a016,0.12133012345679012
0.0001617662403107929,-0.015132817182147075,0.015403056789914703,0.16065135135135133,0.1873,36.999999999999986,1.019736842105263,0.7279411764705883,0.009413235294117648,0.2893911764705882,136,0,3,monthly_industry_30,monthly industry,return_seeking_recent_winner,27,test,block,constant_a017,0.12133012345679012
0.016704000000000014,0.016704,0.016704000000000014,,inf,0.0,0.0,1.0,0.010013235294117651,0.17509411764705882,136,200,0,monthly_industry_30,monthly industry,return_seeking_recent_winner,27,test,block,constant_a018,0.12133012345679012
0.016704000000000014,0.016704,0.016704000000000014,,inf,0.0,0.0,1.0,0.008348529411764708,0.08674705882352941,136,200,0,monthly_industry_30,monthly industry,return_seeking_recent_winner,27,test,block,constant_a019,0.12133012345679012
0.016704000000000014,0.016704,0.016704000000000014,,inf,0.0,0.0,1.0,0.005097058823529412,0.1036735294117647,136,200,0,monthly_industry_30,monthly industry,return_seeking_recent_winner,27,test,block,constant_a020,0.12133012345679012
0.016704000000000014,0.016704,0.016704000000000014,,inf,0.0,0.0,1.0,0.014211029411764706,0.10055882352941177,136,200,0,monthly_industry_30,monthly industry,return_seeking_recent_winner,27,test,block,constant_a021,0.12133012345679012
0.007592368467229236,-0.005748270842926337,0.023902982759651817,0.0902,0.0902,7.0,1.019736842105263,0.9485294117647058,0.020024264705882353,0.10592058823529413,136,4,2,monthly_industry_30,monthly industry,return_seeking_recent_winner,27,test,block,constant_a022,0.12133012345679012
0.016704000000000014,0.016704,0.016704000000000014,,inf,0.0,0.0,1.0,0.002658823529411765,0.10287058823529413,136,200,0,monthly_industry_30,monthly industry,return_seeking_recent_winner,27,test,block,constant_a023,0.12133012345679012
0.01625183668730652,0.01489534674922601,0.01670400000000001,0.0436,inf,1.0,1.019736842105263,0.9926470588235294,0.008090441176470588,0.12422352941176472,136,73,0,monthly_industry_30,monthly industry,return_seeking_recent_winner,27,test,block,constant_a024,0.12133012345679012
0.016704000000000014,0.016704,0.016704000000000014,,inf,0.0,0.0,1.0,0.010133823529411765,0.10630294117647059,136,200,0,monthly_industry_30,monthly industry,return_seeking_recent_winner,27,test,block,constant_a025,0.12133012345679012
0.016356749613003114,0.014911842492260068,0.017714649187306506,0.09119999999999999,inf,3.0000000000000004,1.019736842105263,0.9779411764705882,0.012989705882352941,0.09431470588235294,136,15,1,monthly_industry_30,monthly industry,return_seeking_recent_winner,27,test,block,constant_a026,0.12133012345679012
0.11336853011906572,0.09618669643410567,0.129822772116949,-0.0323,inf,1.0,1.019736842105263,0.9926470588235294,0.01041985294117647,0.09985882352941176,136,75,0,monthly_industry_30,monthly industry,return_seeking_recent_winner,27,test,block,constant_a027,0.12133012345679012
0.016704000000000014,0.016704,0.016704000000000014,,inf,0.0,0.0,1.0,0.011051470588235293,0.1126235294117647,136,200,0,monthly_industry_30,monthly industry,return_seeking_recent_winner,27,test,block,constant_a028,0.12133012345679012
0.016704000000000014,0.016704,0.016704000000000014,,inf,0.0,0.0,1.0,0.008997058823529412,0.08895882352941176,136,200,0,monthly_industry_30,monthly industry,return_seeking_recent_winner,27,test,block,constant_a029,0.12133012345679012
0.2566424803921551,0.016704,0.742517903186276,-0.03775666666666667,inf,1.0,1549.9999999999995,0.9926470588235294,0.01024235294117647,0.10200901960784312,136,78,0,monthly_industry_30,monthly industry,return_seeking_recent_winner,27,test,block,constant_equal_weight_public,0.12133012345679012
0.022204620219907562,0.0025932273631518567,0.045640776509341265,0.16957462686567165,0.20459253731343285,133.99999999999974,1.019736842105263,0.014705882352943012,0.02070735294117647,0.17675588235294115,136,0,4,monthly_industry_30,monthly industry,return_seeking_recent_winner,27,test,block,momentum_12,0.12133012345679012
0.007412428998214683,-0.0006453640032931568,0.013878881483387282,,inf,0.0,0.0,1.0,0.006003799019607842,0.08625,136,200,0,monthly_industry_30,monthly industry,return_seeking_recent_winner,27,test,block,low_vol_12,0.12133012345679012
0.02834420578790609,0.015353914817708219,0.042031610934774234,0.14653076923076921,0.1873,51.999999999999915,1.019736842105263,0.6176470588235301,0.015530686274509806,0.1313264705882353,136,0,4,monthly_industry_30,monthly industry,return_seeking_recent_winner,27,test,block,risk_adjusted_12,0.12133012345679012
0.16214708416189683,0.1470740711434689,0.17528118008407798,-0.0441,inf,2.9999999999999996,1.019736842105263,0.9779411764705882,0.0106625,0.15289411764705882,136,10,1,monthly_industry_30,monthly industry,return_seeking_recent_winner,27,test,block,ridge_return_train_only,0.12133012345679012
-0.03456557655462141,-0.13180097183993444,0.018542634426471822,0.0537,0.053700000000000005,2.5968365208482864,73.68443471241287,0.9759552173995529,0.009589814814814813,0.0832074074074074,108,1,1,monthly_industry_30,monthly industry,market_state_mixed,7,calibration,iid,constant_a000,0.12133012345679012
-0.013733381138081847,-0.06533920612737934,0.010773464095526073,0.16649999999999998,0.16649999999999998,4.525535957360261,16.952576242714407,0.9580968892837013,0.011237037037037037,0.08046666666666666,108,1,1,monthly_industry_30,monthly industry,market_state_mixed,7,calibration,iid,constant_a001,0.12133012345679012
0.022132145166630483,-0.12006274274156788,0.16556020374034594,0.0733,0.0733,3.1535076056122677,73.40794821668912,0.9708008555035901,0.01357037037037037,0.08148518518518519,108,0,1,monthly_industry_30,monthly industry,market_state_mixed,7,calibration,iid,constant_a002,0.12133012345679012
-0.03210034105667089,-0.09908610232882176,0.013745770370370365,0.0208,0.020800000000000003,2.1457947776340367,76.62019989618432,0.9801315298367219,0.009954629629629631,0.2067925925925926,108,9,1,monthly_industry_30,monthly industry,market_state_mixed,7,calibration,iid,constant_a003,0.12133012345679012
0.01374577037037035,0.01374577037037036,0.013745770370370372,,inf,0.0,0.0,1.0,0.0031333333333333348,0.1556074074074074,108,200,0,monthly_industry_30,monthly industry,market_state_mixed,7,calibration,iid,constant_a004,0.12133012345679012
0.00654991959926999,-0.02459016592192102,0.030973720598142962,0.042199999999999994,inf,2.8052953877964746,25.67691943439242,0.9740250427055882,0.007787037037037038,0.10028888888888889,108,11,1,monthly_industry_30,monthly industry,market_state_mixed,7,calibration,iid,constant_a005,0.12133012345679012
-0.07917682200624426,-0.30356582928957615,0.07248618699750368,0.125,inf,2.4791457090088675,77.21946237699412,0.9770449471388067,0.012547222222222222,0.13836666666666664,108,13,1,monthly_industry_30,monthly industry,market_state_mixed,7,calibration,iid,constant_a006,0.12133012345679012
0.020983929530646657,0.01374577037037036,0.035641201830206325,-0.0548,inf,1.0,19.041185192418308,0.9907407407407407,0.010110185185185182,0.08343333333333333,108,73,0,monthly_industry_30,monthly industry,market_state_mixed,7,calibration,iid,constant_a007,0.12133012345679012
-0.0016309554813073472,-0.03448109583152161,0.015329350479826278,0.0111,0.011100000000000002,1.0986726321448141,70.03447185258104,0.9898271052579184,0.01219907407407408,0.1576222222222222,108,5,0,monthly_industry_30,monthly industry,market_state_mixed,7,calibration,iid,constant_a008,0.12133012345679012
0.1834948188661155,0.0013287297596427839,0.5274328071451538,0.011039750256500632,0.034,3.757282040642563,46.99773443491736,0.9652103514755318,0.01513333333333333,0.24232222222222222,108,0,1,monthly_industry_30,monthly industry,market_state_mixed,7,calibration,iid,constant_a009,0.12133012345679012
-0.0705861303983467,-0.28179759348193467,0.06301069419582304,0.08460000000000001,0.08460000000000001,3.9200626269349494,77.48258227203249,0.9637031238246764,0.004490740740740739,0.16894074074074072,108,2,1,monthly_industry_30,monthly industry,market_state_mixed,7,calibration,iid,constant_a010,0.12133012345679012
0.0077111214867452045,-0.004358176280505174,0.01374577037037037,0.0412,inf,1.0,11.861551399468091,0.9907407407407407,0.005515740740740741,0.23192222222222222,108,77,0,monthly_industry_30,monthly industry,market_state_mixed,7,calibration,iid,constant_a011,0.12133012345679012
0.06322055996030472,0.012088595355202967,0.11326020191201752,0.03208435488334956,0.0989,3.442762107602905,77.30672747629629,0.9681225730777508,0.01081574074074074,0.17674444444444445,108,0,1,monthly_industry_30,monthly industry,market_state_mixed,7,calibration,iid,constant_a012,0.12133012345679012
0.0091259284467504,-0.00011375540048957898,0.013745770370370369,-0.0032,inf,1.7866941628660675,34.97730763782378,0.9834565355290179,0.009680555555555555,0.16028888888888887,108,29,0,monthly_industry_30,monthly industry,market_state_mixed,7,calibration,iid,constant_a013,0.12133012345679012
0.01374577037037035,0.01374577037037036,0.013745770370370372,,inf,0.0,0.0,1.0,0.009813888888888888,0.1906925925925926,108,200,0,monthly_industry_30,monthly industry,market_state_mixed,7,calibration,iid,constant_a014,0.12133012345679012
0.01374577037037035,0.01374577037037036,0.013745770370370372,,inf,0.0,0.0,1.0,0.011383333333333332,0.1517,108,200,0,monthly_industry_30,monthly industry,market_state_mixed,7,calibration,iid,constant_a015,0.12133012345679012
0.031582477941424734,0.012001685979115271,0.061920309346160614,-0.011200000000000003,-0.0112,2.2206788120844214,73.98982895230557,0.9794381591473664,0.005846296296296298,0.21665185185185185,108,9,1,monthly_industry_30,monthly industry,market_state_mixed,7,calibration,iid,constant_a016,0.12133012345679012
-0.002457103328836218,-0.01983194420797289,0.010077960734348454,0.2837174549704846,0.38060000000000005,1.1495777758467474,77.49597938726578,0.9893557613347523,-0.0003518518518518532,0.29553703703703704,108,2,0,monthly_industry_30,monthly industry,market_state_mixed,7,calibration,iid,constant_a017,0.12133012345679012
-0.3421440952212869,-0.7291321463311747,0.012784181376414211,0.014,0.014,5.99218337802111,77.4987002124263,0.9445168205738786,0.007457407407407407,0.13156296296296294,108,0,2,monthly_industry_30,monthly industry,market_state_mixed,7,calibration,iid,constant_a018,0.12133012345679012
0.04676082196337304,-0.06499296013844444,0.20220199103321757,0.032505717038751644,0.0346,2.527372123515816,71.73606461610636,0.9765984062637424,0.008509259259259258,0.09720740740740741,108,0,1,monthly_industry_30,monthly industry,market_state_mixed,7,calibration,iid,constant_a019,0.12133012345679012
0.043755069624443456,-0.022379837038537128,0.16555131196795092,0.025979634668419196,0.0278,1.7698975525645178,50.848403772722854,0.9836120596984766,0.01028611111111111,0.11100000000000002,108,2,0,monthly_industry_30,monthly industry,market_state_mixed,7,calibration,iid,constant_a020,0.12133012345679012
0.04735540285542963,0.00774397124559097,0.10016349766702028,0.015372562454020758,0.069,3.01659022985859,71.96029716626292,0.9720686089827908,0.008956481481481482,0.10537407407407408,108,0,1,monthly_industry_30,monthly industry,market_state_mixed,7,calibration,iid,constant_a021,0.12133012345679012
0.02297126547919817,-0.028691953737315954,0.08122607278174919,0.0060999999999999995,0.0061,2.040762757044626,76.98154515370398,0.9811040485458831,0.009407407407407408,0.13405555555555554,108,8,1,monthly_industry_30,monthly industry,market_state_mixed,7,calibration,iid,constant_a022,0.12133012345679012
0.01374577037037035,0.01374577037037036,0.013745770370370372,,inf,0.0,0.0,1.0,0.009435185185185184,0.1265962962962963,108,200,0,monthly_industry_30,monthly industry,market_state_mixed,7,calibration,iid,constant_a023,0.12133012345679012
0.015314262861253555,0.01249856963391933,0.019698448579471006,-0.0044,inf,1.5322656307582936,24.6921594698214,0.9858123552707565,0.011483333333333335,0.11916296296296297,108,35,0,monthly_industry_30,monthly industry,market_state_mixed,7,calibration,iid,constant_a024,0.12133012345679012
0.006353726716386183,-0.02760271388840339,0.03217443667042527,0.0321,0.0321,4.328594961041624,62.5126365251018,0.9599204170273924,0.010116666666666666,0.11522222222222221,108,2,1,monthly_industry_30,monthly industry,market_state_mixed,7,calibration,iid,constant_a025,0.12133012345679012
0.01374577037037035,0.01374577037037036,0.013745770370370372,,inf,0.0,0.0,1.0,0.009475925925925928,0.09744814814814814,108,200,0,monthly_industry_30,monthly industry,market_state_mixed,7,calibration,iid,constant_a026,0.12133012345679012
-0.03441684727962522,-0.13519850733955405,0.05682301520918542,0.0746,0.0746,3.7575401281896896,77.44609501792378,0.9652079617760214,0.011696296296296293,0.0864962962962963,108,0,1,monthly_industry_30,monthly industry,market_state_mixed,7,calibration,iid,constant_a027,0.12133012345679012
0.013057708172953248,0.01168158377811904,0.013745770370370372,-0.0064,inf,1.0,10.116123098645275,0.9907407407407407,0.0033916666666666683,0.17157407407407407,108,74,0,monthly_industry_30,monthly industry,market_state_mixed,7,calibration,iid,constant_a028,0.12133012345679012
0.022220813380415764,-0.06714553237594321,0.12006220214682016,0.0251,inf,1.9998795184583822,74.96535327018472,0.9814825970513112,0.005977777777777777,0.14215185185185186,108,18,0,monthly_industry_30,monthly industry,market_state_mixed,7,calibration,iid,constant_a029,0.12133012345679012
0.0003863562519869943,-0.025326209142201184,0.013745770370370369,0.005626666666666667,inf,1.871690680968425,68.72412393009564,0.9826695307317739,0.008955,0.12133012345679012,108,24,0,monthly_industry_30,monthly industry,market_state_mixed,7,calibration,iid,constant_equal_weight_public,0.12133012345679012
0.02292085384304244,-0.07121331989014966,0.15058296816449482,0.2980897551566085,0.38060000000000005,7.088107241880548,21.18988356022238,0.9343693773899949,0.013036111111111111,0.2308074074074074,108,0,2,monthly_industry_30,monthly industry,market_state_mixed,7,calibration,iid,momentum_12,0.12133012345679012
0.011711983845983572,-0.008662020365415213,0.028509994976563244,0.04349999999999999,0.0435,6.712024436878449,13.594658521860556,0.9378516255844588,0.009154320987654322,0.09146296296296295,108,0,2,monthly_industry_30,monthly industry,market_state_mixed,7,calibration,iid,low_vol_12,0.12133012345679012
-0.006297352757809734,-0.03658745613588567,0.013811423026890632,0.2988041856890257,0.38060000000000005,19.44116253315919,8.93938489486909,0.8199892358040816,0.0024592592592592587,0.2494555555555555,108,0,3,monthly_industry_30,monthly industry,market_state_mixed,7,calibration,iid,risk_adjusted_12,0.12133012345679012
-0.3806281572871165,-0.7785815131360297,-0.04068795917837853,0.048765024115892126,0.0733,5.687016018085451,77.4987002124263,0.9473424442769866,0.006340740740740742,0.12042592592592592,108,0,2,monthly_industry_30,monthly industry,market_state_mixed,7,calibration,iid,ridge_return_train_only,0.12133012345679012
-0.03456557655462141,-0.1674223616462434,0.017652004409662986,0.0537,0.053700000000000005,2.5968365208482864,73.68443471241287,0.9759552173995529,0.009589814814814813,0.0832074074074074,108,0,1,monthly_industry_30,monthly industry,market_state_mixed,7,calibration,block,constant_a000,0.12133012345679012
-0.013733381138081847,-0.046769861694327404,0.010307047767080106,0.16649999999999998,0.16649999999999998,4.525535957360261,16.952576242714407,0.9580968892837013,0.011237037037037037,0.08046666666666666,108,1,1,monthly_industry_30,monthly industry,market_state_mixed,7,calibration,block,constant_a001,0.12133012345679012
0.022132145166630483,-0.12597882754424702,0.18536036091833502,0.0733,0.0733,3.1535076056122677,73.40794821668912,0.9708008555035901,0.01357037037037037,0.08148518518518519,108,0,1,monthly_industry_30,monthly industry,market_state_mixed,7,calibration,block,constant_a002,0.12133012345679012
-0.03210034105667089,-0.09752144878233028,0.013745770370370365,0.0208,inf,2.1457947776340367,76.62019989618432,0.9801315298367219,0.009954629629629631,0.2067925925925926,108,13,1,monthly_industry_30,monthly industry,market_state_mixed,7,calibration,block,constant_a003,0.12133012345679012
0.01374577037037035,0.013745770370370359,0.013745770370370376,,inf,0.0,0.0,1.0,0.0031333333333333348,0.1556074074074074,108,200,0,monthly_industry_30,monthly industry,market_state_mixed,7,calibration,block,constant_a004,0.12133012345679012
0.00654991959926999,-0.020407952775691705,0.025231070522218766,0.042199999999999994,inf,2.8052953877964746,25.67691943439242,0.9740250427055882,0.007787037037037038,0.10028888888888889,108,22,1,monthly_industry_30,monthly industry,market_state_mixed,7,calibration,block,constant_a005,0.12133012345679012
-0.07917682200624426,-0.30405842914560127,0.065713644378446,0.125,0.125,2.4791457090088675,77.21946237699412,0.9770449471388067,0.012547222222222222,0.13836666666666664,108,6,1,monthly_industry_30,monthly industry,market_state_mixed,7,calibration,block,constant_a006,0.12133012345679012
0.020983929530646657,0.013745770370370359,0.03546024785119937,-0.0548,inf,1.0,19.041185192418308,0.9907407407407407,0.010110185185185182,0.08343333333333333,108,80,0,monthly_industry_30,monthly industry,market_state_mixed,7,calibration,block,constant_a007,0.12133012345679012
-0.0016309554813073472,-0.03397526910671149,0.015339405242840205,0.0111,inf,1.0986726321448141,70.03447185258104,0.9898271052579184,0.01219907407407408,0.1576222222222222,108,13,0,monthly_industry_30,monthly industry,market_state_mixed,7,calibration,block,constant_a008,0.12133012345679012
0.1834948188661155,0.007700313961146514,0.5268042505959699,0.011039750256500632,0.034,3.757282040642563,46.99773443491736,0.9652103514755318,0.01513333333333333,0.24232222222222222,108,0,1,monthly_industry_30,monthly industry,market_state_mixed,7,calibration,block,constant_a009,0.12133012345679012
-0.0705861303983467,-0.2726617191065517,0.06301069419582304,0.08460000000000001,0.08460000000000001,3.9200626269349494,77.48258227203249,0.9637031238246764,0.004490740740740739,0.16894074074074072,108,0,1,monthly_industry_30,monthly industry,market_state_mixed,7,calibration,block,constant_a010,0.12133012345679012
0.0077111214867452045,-0.004358176280505174,0.013745770370370372,0.0412,inf,1.0,11.861551399468091,0.9907407407407407,0.005515740740740741,0.23192222222222222,108,75,0,monthly_industry_30,monthly industry,market_state_mixed,7,calibration,block,constant_a011,0.12133012345679012
0.06322055996030472,0.01536810608503277,0.13331069295900744,0.03208435488334956,0.0989,3.442762107602905,77.30672747629629,0.9681225730777508,0.01081574074074074,0.17674444444444445,108,0,1,monthly_industry_30,monthly industry,market_state_mixed,7,calibration,block,constant_a012,0.12133012345679012
0.0091259284467504,0.0022951385481894395,0.013745770370370369,-0.0032,inf,1.7866941628660675,34.97730763782378,0.9834565355290179,0.009680555555555555,0.16028888888888887,108,21,0,monthly_industry_30,monthly industry,market_state_mixed,7,calibration,block,constant_a013,0.12133012345679012
0.01374577037037035,0.013745770370370359,0.013745770370370376,,inf,0.0,0.0,1.0,0.009813888888888888,0.1906925925925926,108,200,0,monthly_industry_30,monthly industry,market_state_mixed,7,calibration,block,constant_a014,0.12133012345679012
0.01374577037037035,0.013745770370370359,0.013745770370370376,,inf,0.0,0.0,1.0,0.011383333333333332,0.1517,108,200,0,monthly_industry_30,monthly industry,market_state_mixed,7,calibration,block,constant_a015,0.12133012345679012
0.031582477941424734,0.01272489694816881,0.05896396237190926,-0.011200000000000003,-0.011200000000000002,2.2206788120844214,73.98982895230557,0.9794381591473664,0.005846296296296298,0.21665185185185185,108,1,1,monthly_industry_30,monthly industry,market_state_mixed,7,calibration,block,constant_a016,0.12133012345679012
-0.002457103328836218,-0.023506332170668328,0.013745770370370362,0.2837174549704846,inf,1.1495777758467474,77.49597938726578,0.9893557613347523,-0.0003518518518518532,0.29553703703703704,108,10,0,monthly_industry_30,monthly industry,market_state_mixed,7,calibration,block,constant_a017,0.12133012345679012
-0.3421440952212869,-0.7133020527144754,-0.06272006662060776,0.014,0.014,5.99218337802111,77.4987002124263,0.9445168205738786,0.007457407407407407,0.13156296296296294,108,0,2,monthly_industry_30,monthly industry,market_state_mixed,7,calibration,block,constant_a018,0.12133012345679012
0.04676082196337304,-0.06789316028893869,0.1805773783165031,0.032505717038751644,0.0346,2.527372123515816,71.73606461610636,0.9765984062637424,0.008509259259259258,0.09720740740740741,108,2,1,monthly_industry_30,monthly industry,market_state_mixed,7,calibration,block,constant_a019,0.12133012345679012
0.043755069624443456,-0.02337817220282521,0.1793469394041525,0.025979634668419196,0.0278,1.7698975525645178,50.848403772722854,0.9836120596984766,0.01028611111111111,0.11100000000000002,108,2,0,monthly_industry_30,monthly industry,market_state_mixed,7,calibration,block,constant_a020,0.12133012345679012
0.04735540285542963,0.009291896374683679,0.09695350667726689,0.015372562454020758,0.069,3.01659022985859,71.96029716626292,0.9720686089827908,0.008956481481481482,0.10537407407407408,108,2,1,monthly_industry_30,monthly industry,market_state_mixed,7,calibration,block,constant_a021,0.12133012345679012
0.02297126547919817,-0.02581271487384395,0.07042486061023326,0.0060999999999999995,inf,2.040762757044626,76.98154515370398,0.9811040485458831,0.009407407407407408,0.13405555555555554,108,14,1,monthly_industry_30,monthly industry,market_state_mixed,7,calibration,block,constant_a022,0.12133012345679012
0.01374577037037035,0.013745770370370359,0.013745770370370376,,inf,0.0,0.0,1.0,0.009435185185185184,0.1265962962962963,108,200,0,monthly_industry_30,monthly industry,market_state_mixed,7,calibration,block,constant_a023,0.12133012345679012
0.015314262861253555,0.012513967173875516,0.020322767410078147,-0.0044,inf,1.5322656307582936,24.6921594698214,0.9858123552707565,0.011483333333333335,0.11916296296296297,108,28,0,monthly_industry_30,monthly industry,market_state_mixed,7,calibration,block,constant_a024,0.12133012345679012
0.006353726716386183,-0.024231252790772522,0.034067641926644306,0.0321,0.0321,4.328594961041624,62.5126365251018,0.9599204170273924,0.010116666666666666,0.11522222222222221,108,1,1,monthly_industry_30,monthly industry,market_state_mixed,7,calibration,block,constant_a025,0.12133012345679012
0.01374577037037035,0.013745770370370359,0.013745770370370376,,inf,0.0,0.0,1.0,0.009475925925925928,0.09744814814814814,108,200,0,monthly_industry_30,monthly industry,market_state_mixed,7,calibration,block,constant_a026,0.12133012345679012
-0.03441684727962522,-0.1460871886801083,0.035514046734975435,0.0746,0.0746,3.7575401281896896,77.44609501792378,0.9652079617760214,0.011696296296296293,0.0864962962962963,108,0,1,monthly_industry_30,monthly industry,market_state_mixed,7,calibration,block,constant_a027,0.12133012345679012
0.013057708172953248,0.011681583778119044,0.013745770370370372,-0.0064,inf,1.0,10.116123098645275,0.9907407407407407,0.0033916666666666683,0.17157407407407407,108,71,0,monthly_industry_30,monthly industry,market_state_mixed,7,calibration,block,constant_a028,0.12133012345679012
0.022220813380415764,-0.06714553237594323,0.12006220214682016,0.0251,inf,1.9998795184583822,74.96535327018472,0.9814825970513112,0.005977777777777777,0.14215185185185186,108,29,0,monthly_industry_30,monthly industry,market_state_mixed,7,calibration,block,constant_a029,0.12133012345679012
0.0003863562519869943,-0.026358273596128003,0.01374577037037037,0.005626666666666667,inf,1.871690680968425,68.72412393009564,0.9826695307317739,0.008955,0.12133012345679012,108,23,0,monthly_industry_30,monthly industry,market_state_mixed,7,calibration,block,constant_equal_weight_public,0.12133012345679012
0.02292085384304244,-0.07578892139340516,0.14230814731788333,0.2980897551566085,0.38060000000000005,7.088107241880548,21.18988356022238,0.9343693773899949,0.013036111111111111,0.2308074074074074,108,0,2,monthly_industry_30,monthly industry,market_state_mixed,7,calibration,block,momentum_12,0.12133012345679012
0.011711983845983572,-0.015449603506060386,0.02836384732656333,0.04349999999999999,0.0435,6.712024436878449,13.594658521860556,0.9378516255844588,0.009154320987654322,0.09146296296296295,108,0,2,monthly_industry_30,monthly industry,market_state_mixed,7,calibration,block,low_vol_12,0.12133012345679012
-0.006297352757809734,-0.03441544917714565,0.017015735168605727,0.2988041856890257,0.38060000000000005,19.44116253315919,8.93938489486909,0.8199892358040816,0.0024592592592592587,0.2494555555555555,108,0,3,monthly_industry_30,monthly industry,market_state_mixed,7,calibration,block,risk_adjusted_12,0.12133012345679012
-0.3806281572871165,-0.7450815774038062,-0.08122665596005471,0.048765024115892126,0.0733,5.687016018085451,77.4987002124263,0.9473424442769866,0.006340740740740742,0.12042592592592592,108,0,2,monthly_industry_30,monthly industry,market_state_mixed,7,calibration,block,ridge_return_train_only,0.12133012345679012
0.03813739613985968,0.013745770370370378,0.07562490129617021,-0.0195,-0.019499999999999997,2.9977684349534144,73.01560090406608,0.9779575850371073,0.005722058823529412,0.07954117647058823,136,8,1,monthly_industry_30,monthly industry,market_state_mixed,7,test,iid,constant_a000,0.12133012345679012
0.01781242761427527,0.013745770370370374,0.02594574210208525,-0.053399999999999996,inf,1.0,13.9471978232008,0.9926470588235294,0.005813235294117649,0.08037058823529412,136,73,0,monthly_industry_30,monthly industry,market_state_mixed,7,test,iid,constant_a001,0.12133012345679012
-0.04405897647078662,-0.06575100690489313,-0.02103662235445092,0.0873,0.0873,4.326031744628175,47.92991283055689,0.9681909430542046,0.011203676470588236,0.12225294117647058,136,0,1,monthly_industry_30,monthly industry,market_state_mixed,7,test,iid,constant_a002,0.12133012345679012
0.059103468479633305,0.01599384745987021,0.11805231854159733,-0.006027029424251538,0.012199999999999999,4.05416431602412,35.0821497704347,0.9701899682645285,0.012388235294117648,0.15730882352941175,136,0,1,monthly_industry_30,monthly industry,market_state_mixed,7,test,iid,constant_a003,0.12133012345679012
0.013745770370370336,0.013745770370370372,0.01374577037037038,,inf,0.0,0.0,1.0,0.0059507352941176464,0.1360823529411765,136,200,0,monthly_industry_30,monthly industry,market_state_mixed,7,test,iid,constant_a004,0.12133012345679012
0.03602084913181346,-0.0379511221569591,0.09667575119974119,0.0233,0.0233,4.931632080978754,77.48213129403449,0.963737999404568,0.005198529411764706,0.09060294117647058,136,0,1,monthly_industry_30,monthly industry,market_state_mixed,7,test,iid,constant_a005,0.12133012345679012
0.01392737066557728,0.009403171754515782,0.01915551562532927,0.1007,0.10070000000000001,2.2784974514193257,10.341448405635555,0.9832463422689756,0.004352205882352941,0.14798235294117645,136,7,1,monthly_industry_30,monthly industry,market_state_mixed,7,test,iid,constant_a006,0.12133012345679012
0.01597995653301849,0.013745770370370378,0.01927931439894201,-0.0158,-0.0158,2.153676259199012,19.822036076629654,0.9841641451529485,0.008147794117647059,0.0847264705882353,136,6,1,monthly_industry_30,monthly industry,market_state_mixed,7,test,iid,constant_a007,0.12133012345679012
0.06354694408185707,0.013745770370370376,0.12439148157054986,-0.0553,inf,1.9996873040745922,66.16269612815582,0.9852964168818045,0.006644117647058825,0.12974411764705882,136,23,0,monthly_industry_30,monthly industry,market_state_mixed,7,test,iid,constant_a008,0.12133012345679012
0.014661705174734412,0.013745770370370374,0.016493574783462618,-0.0154,inf,1.0,75.30220179976153,0.9926470588235294,0.0021544117647058834,0.2105794117647059,136,71,0,monthly_industry_30,monthly industry,market_state_mixed,7,test,iid,constant_a009,0.12133012345679012
0.024871964892434345,0.004516074554021183,0.05186820320832376,0.061399999999999996,0.0614,2.795299321569102,29.669976378583687,0.9794463285178743,0.01612941176470588,0.1451029411764706,136,3,1,monthly_industry_30,monthly industry,market_state_mixed,7,test,iid,constant_a010,0.12133012345679012
-0.12814411343563004,-0.30431777592136755,-0.007882195727725408,0.1032,0.10320000000000001,3.7102363114054957,77.36676691479072,0.9727188506514302,0.01574558823529412,0.17915,136,1,1,monthly_industry_30,monthly industry,market_state_mixed,7,test,iid,constant_a011,0.12133012345679012
-0.0175258665742263,-0.06628261894737214,0.015499809788574744,0.0669,0.0669,3.074046536958206,46.31881182097749,0.9773967166400132,0.016123529411764703,0.12421176470588235,136,2,1,monthly_industry_30,monthly industry,market_state_mixed,7,test,iid,constant_a012,0.12133012345679012
0.039806125246717075,0.013745770370370376,0.11798718987575733,-0.086,inf,1.0,49.05191407271979,0.9926470588235294,0.012578676470588237,0.14005882352941176,136,71,0,monthly_industry_30,monthly industry,market_state_mixed,7,test,iid,constant_a013,0.12133012345679012
0.02914075193741467,-0.011775194767612091,0.10134277536042254,0.07364259968062954,0.0999,2.2768689990522524,75.89238484766648,0.9832583161834393,0.0199125,0.21385882352941174,136,1,1,monthly_industry_30,monthly industry,market_state_mixed,7,test,iid,constant_a014,0.12133012345679012
-0.18813534816071192,-0.6096273218716618,0.05470564516042719,0.35020000000000007,0.3502,3.206403146770208,77.47547900380998,0.9764235062737485,0.012144117647058823,0.14591176470588232,136,0,1,monthly_industry_30,monthly industry,market_state_mixed,7,test,iid,constant_a015,0.12133012345679012
-0.004885329394117484,-0.12896930359718387,0.05870469433885652,0.10075659275270102,0.1746,2.164862364459441,75.22153559888105,0.9840818943789746,0.015613235294117645,0.13995294117647059,136,1,1,monthly_industry_30,monthly industry,market_state_mixed,7,test,iid,constant_a016,0.12133012345679012
0.019606405649062193,-0.018966857326925574,0.06212992648313384,0.07064346363519393,0.1073,2.8825808558024377,77.45259143209192,0.9788045525308644,0.009413235294117648,0.2893911764705882,136,0,1,monthly_industry_30,monthly industry,market_state_mixed,7,test,iid,constant_a017,0.12133012345679012
0.043252324696727996,-0.036784009020325026,0.10242020067438574,0.07188395921744385,inf,1.444656455234254,74.32475147530373,0.9893775260644541,0.010013235294117651,0.17509411764705882,136,11,0,monthly_industry_30,monthly industry,market_state_mixed,7,test,iid,constant_a018,0.12133012345679012
0.03560583200466755,-0.003472071049909756,0.09807996283622505,0.042699999999999995,inf,1.9342333930674045,76.29389908427562,0.9857776956392102,0.008348529411764708,0.08674705882352941,136,27,0,monthly_industry_30,monthly industry,market_state_mixed,7,test,iid,constant_a019,0.12133012345679012
-0.0009385237139804747,-0.08123105900451712,0.10001956068699272,0.08380000000000001,0.08380000000000003,2.7848061771526287,75.63827364917688,0.9795234839915248,0.005097058823529412,0.1036735294117647,136,6,1,monthly_industry_30,monthly industry,market_state_mixed,7,test,iid,constant_a020,0.12133012345679012
-0.00957753647110593,-0.0733631557119581,0.034697186974230895,0.0632,0.0632,6.161198769810694,76.54436516072951,0.954697067869039,0.014211029411764706,0.10055882352941177,136,0,2,monthly_industry_30,monthly industry,market_state_mixed,7,test,iid,constant_a021,0.12133012345679012
0.011518384036182387,-0.1196829496144876,0.1117161842501917,0.07719999999999999,0.07719999999999999,3.333540027969639,71.58242178691961,0.9754886762649291,0.020024264705882353,0.10592058823529413,136,0,1,monthly_industry_30,monthly industry,market_state_mixed,7,test,iid,constant_a022,0.12133012345679012
-0.010032425949881914,-0.0472182836146666,0.013745770370370378,0.0189,inf,1.956526173894963,63.44435083898059,0.9856137781331252,0.002658823529411765,0.10287058823529413,136,31,0,monthly_industry_30,monthly industry,market_state_mixed,7,test,iid,constant_a023,0.12133012345679012
0.01898999589498301,0.011656274027011948,0.034740084938349035,-0.0125,inf,1.9965009269652731,76.03635187124188,0.9853198461252554,0.008090441176470588,0.12422352941176472,136,20,0,monthly_industry_30,monthly industry,market_state_mixed,7,test,iid,constant_a024,0.12133012345679012
-0.012055171583948483,-0.09694032036140983,0.04906643789686682,0.1121,inf,2.4971792139110005,72.32955289893003,0.9816383881330073,0.010133823529411765,0.10630294117647059,136,11,1,monthly_industry_30,monthly industry,market_state_mixed,7,test,iid,constant_a025,0.12133012345679012
0.03970599161597007,0.004012206975275037,0.08541000163763923,0.0034999999999999996,0.0035,4.994225027749866,69.28695481453134,0.9632777571488981,0.012989705882352941,0.09431470588235294,136,0,1,monthly_industry_30,monthly industry,market_state_mixed,7,test,iid,constant_a026,0.12133012345679012
0.009717459020647254,-0.059552231413188515,0.0703726664951404,0.0403,0.0403,4.3972346029363765,71.29190409551695,0.9676673926254679,0.01041985294117647,0.09985882352941176,136,0,1,monthly_industry_30,monthly industry,market_state_mixed,7,test,iid,constant_a027,0.12133012345679012
0.021103945530096997,0.013745770370370376,0.03402602722098924,-0.015400000000000002,inf,1.6320714159021625,73.75654779528597,0.9879994748830724,0.011051470588235293,0.1126235294117647,136,28,0,monthly_industry_30,monthly industry,market_state_mixed,7,test,iid,constant_a028,0.12133012345679012
0.015149655541955876,0.009145688809072086,0.023356556486658214,0.022400000000000003,inf,1.8111326320657097,31.689419925697955,0.9866828482936345,0.008997058823529412,0.08895882352941176,136,10,0,monthly_industry_30,monthly industry,market_state_mixed,7,test,iid,constant_a029,0.12133012345679012
0.009915921668204559,0.0022562242638729697,0.013745770370370378,0.028866666666666655,inf,1.0,12.223178482888427,0.9926470588235294,0.01024235294117647,0.10200901960784312,136,75,0,monthly_industry_30,monthly industry,market_state_mixed,7,test,iid,constant_equal_weight_public,0.12133012345679012
0.029292378603599775,0.003134159517537342,0.0720306891141442,0.1267743955731221,0.1746,13.652995807434987,19.67821506314574,0.899610324945331,0.02070735294117647,0.17675588235294115,136,0,3,monthly_industry_30,monthly industry,market_state_mixed,7,test,iid,momentum_12,0.12133012345679012
0.0670639589693877,0.012435362948558255,0.15032959746696561,0.023900000000000005,0.0239,3.4904708961021296,76.29389908427562,0.9743347728227785,0.006003799019607842,0.08625,136,0,1,monthly_industry_30,monthly industry,market_state_mixed,7,test,iid,low_vol_12,0.12133012345679012
0.007833068895154534,-0.02415749460951598,0.03861807310472805,0.11975476330383904,0.15695537348585822,34.52645103091326,8.2746990967003,0.7461290365374025,0.015530686274509806,0.1313264705882353,136,0,3,monthly_industry_30,monthly industry,market_state_mixed,7,test,iid,risk_adjusted_12,0.12133012345679012
0.04900572660641,-0.029150370284458594,0.10643847104488648,0.07188395921744385,inf,1.444656455234254,74.32475147530373,0.9893775260644541,0.006269117647058824,0.1702970588235294,136,11,0,monthly_industry_30,monthly industry,market_state_mixed,7,test,iid,ridge_return_train_only,0.12133012345679012
0.03813739613985968,0.013745770370370378,0.06930153933623563,-0.0195,inf,2.9977684349534144,73.01560090406608,0.9779575850371073,0.005722058823529412,0.07954117647058823,136,10,1,monthly_industry_30,monthly industry,market_state_mixed,7,test,block,constant_a000,0.12133012345679012
0.01781242761427527,0.013745770370370372,0.030012399345990197,-0.053399999999999996,inf,1.0,13.9471978232008,0.9926470588235294,0.005813235294117649,0.08037058823529412,136,76,0,monthly_industry_30,monthly industry,market_state_mixed,7,test,block,constant_a001,0.12133012345679012
-0.04405897647078662,-0.0660012510059607,-0.01965921602136802,0.0873,0.0873,4.326031744628175,47.92991283055689,0.9681909430542046,0.011203676470588236,0.12225294117647058,136,0,1,monthly_industry_30,monthly industry,market_state_mixed,7,test,block,constant_a002,0.12133012345679012
0.059103468479633305,0.018635585284469697,0.11469599434249388,-0.006027029424251538,0.012199999999999999,4.05416431602412,35.0821497704347,0.9701899682645285,0.012388235294117648,0.15730882352941175,136,0,1,monthly_industry_30,monthly industry,market_state_mixed,7,test,block,constant_a003,0.12133012345679012
0.013745770370370336,0.013745770370370369,0.01374577037037038,,inf,0.0,0.0,1.0,0.0059507352941176464,0.1360823529411765,136,200,0,monthly_industry_30,monthly industry,market_state_mixed,7,test,block,constant_a004,0.12133012345679012
0.03602084913181346,-0.020509355020641717,0.09347958726585108,0.0233,0.0233,4.931632080978754,77.48213129403449,0.963737999404568,0.005198529411764706,0.09060294117647058,136,0,1,monthly_industry_30,monthly industry,market_state_mixed,7,test,block,constant_a005,0.12133012345679012
0.01392737066557728,0.009554553738899026,0.019483957897539282,0.1007,0.10070000000000001,2.2784974514193257,10.341448405635555,0.9832463422689756,0.004352205882352941,0.14798235294117645,136,5,1,monthly_industry_30,monthly industry,market_state_mixed,7,test,block,constant_a006,0.12133012345679012
0.01597995653301849,0.0139214837010254,0.0193069287255337,-0.0158,-0.0158,2.153676259199012,19.822036076629654,0.9841641451529485,0.008147794117647059,0.0847264705882353,136,5,1,monthly_industry_30,monthly industry,market_state_mixed,7,test,block,constant_a007,0.12133012345679012
0.06354694408185707,0.013745770370370376,0.152303262249594,-0.0553,inf,1.9996873040745922,66.16269612815582,0.9852964168818045,0.006644117647058825,0.12974411764705882,136,18,0,monthly_industry_30,monthly industry,market_state_mixed,7,test,block,constant_a008,0.12133012345679012
0.014661705174734412,0.013745770370370372,0.016493574783462618,-0.0154,inf,1.0,75.30220179976153,0.9926470588235294,0.0021544117647058834,0.2105794117647059,136,79,0,monthly_industry_30,monthly industry,market_state_mixed,7,test,block,constant_a009,0.12133012345679012
0.024871964892434345,0.009059344972137538,0.04791263596946515,0.061399999999999996,0.0614,2.795299321569102,29.669976378583687,0.9794463285178743,0.01612941176470588,0.1451029411764706,136,7,1,monthly_industry_30,monthly industry,market_state_mixed,7,test,block,constant_a010,0.12133012345679012
-0.12814411343563004,-0.3015629887207507,0.0018453556789555109,0.1032,0.10320000000000001,3.7102363114054957,77.36676691479072,0.9727188506514302,0.01574558823529412,0.17915,136,0,1,monthly_industry_30,monthly industry,market_state_mixed,7,test,block,constant_a011,0.12133012345679012
-0.0175258665742263,-0.06906104285333461,0.015210252554079044,0.0669,0.0669,3.074046536958206,46.31881182097749,0.9773967166400132,0.016123529411764703,0.12421176470588235,136,1,1,monthly_industry_30,monthly industry,market_state_mixed,7,test,block,constant_a012,0.12133012345679012
0.039806125246717075,0.01374577037037037,0.09257834387131941,-0.086,inf,1.0,49.05191407271979,0.9926470588235294,0.012578676470588237,0.14005882352941176,136,78,0,monthly_industry_30,monthly industry,market_state_mixed,7,test,block,constant_a013,0.12133012345679012
0.02914075193741467,-0.02532179362011937,0.09439604158961641,0.07364259968062954,0.0999,2.2768689990522524,75.89238484766648,0.9832583161834393,0.0199125,0.21385882352941174,136,4,1,monthly_industry_30,monthly industry,market_state_mixed,7,test,block,constant_a014,0.12133012345679012
-0.18813534816071192,-0.6138334655243041,0.05266555598300688,0.35020000000000007,0.3502,3.206403146770208,77.47547900380998,0.9764235062737485,0.012144117647058823,0.14591176470588232,136,0,1,monthly_industry_30,monthly industry,market_state_mixed,7,test,block,constant_a015,0.12133012345679012
-0.004885329394117484,-0.12920224010695988,0.05918951494686983,0.10075659275270102,0.1746,2.164862364459441,75.22153559888105,0.9840818943789746,0.015613235294117645,0.13995294117647059,136,1,1,monthly_industry_30,monthly industry,market_state_mixed,7,test,block,constant_a016,0.12133012345679012
0.019606405649062193,-0.02362887796540056,0.06550580840846758,0.07064346363519393,0.1073,2.8825808558024377,77.45259143209192,0.9788045525308644,0.009413235294117648,0.2893911764705882,136,0,1,monthly_industry_30,monthly industry,market_state_mixed,7,test,block,constant_a017,0.12133012345679012
0.043252324696727996,-0.04719358223988322,0.10096871390765456,0.07188395921744385,0.0929,1.444656455234254,74.32475147530373,0.9893775260644541,0.010013235294117651,0.17509411764705882,136,4,0,monthly_industry_30,monthly industry,market_state_mixed,7,test,block,constant_a018,0.12133012345679012
0.03560583200466755,-0.006113655777745441,0.09640734137314544,0.042699999999999995,inf,1.9342333930674045,76.29389908427562,0.9857776956392102,0.008348529411764708,0.08674705882352941,136,21,0,monthly_industry_30,monthly industry,market_state_mixed,7,test,block,constant_a019,0.12133012345679012
-0.0009385237139804747,-0.09685424006952825,0.09833943077963873,0.08380000000000001,0.08380000000000003,2.7848061771526287,75.63827364917688,0.9795234839915248,0.005097058823529412,0.1036735294117647,136,1,1,monthly_industry_30,monthly industry,market_state_mixed,7,test,block,constant_a020,0.12133012345679012
-0.00957753647110593,-0.06285352480449018,0.03318092569054012,0.0632,0.0632,6.161198769810694,76.54436516072951,0.954697067869039,0.014211029411764706,0.10055882352941177,136,0,2,monthly_industry_30,monthly industry,market_state_mixed,7,test,block,constant_a021,0.12133012345679012
0.011518384036182387,-0.11973236673770125,0.14278203001529802,0.07719999999999999,0.07719999999999999,3.333540027969639,71.58242178691961,0.9754886762649291,0.020024264705882353,0.10592058823529413,136,0,1,monthly_industry_30,monthly industry,market_state_mixed,7,test,block,constant_a022,0.12133012345679012
-0.010032425949881914,-0.05576714384089992,0.013745770370370378,0.0189,inf,1.956526173894963,63.44435083898059,0.9856137781331252,0.002658823529411765,0.10287058823529413,136,28,0,monthly_industry_30,monthly industry,market_state_mixed,7,test,block,constant_a023,0.12133012345679012
0.01898999589498301,0.011656274027011948,0.03611567003106,-0.0125,inf,1.9965009269652731,76.03635187124188,0.9853198461252554,0.008090441176470588,0.12422352941176472,136,22,0,monthly_industry_30,monthly industry,market_state_mixed,7,test,block,constant_a024,0.12133012345679012
-0.012055171583948483,-0.11007214464202375,0.0603250073233158,0.1121,inf,2.4971792139110005,72.32955289893003,0.9816383881330073,0.010133823529411765,0.10630294117647059,136,11,1,monthly_industry_30,monthly industry,market_state_mixed,7,test,block,constant_a025,0.12133012345679012
0.03970599161597007,0.005251496777551384,0.0799353154247506,0.0034999999999999996,0.0035,4.994225027749866,69.28695481453134,0.9632777571488981,0.012989705882352941,0.09431470588235294,136,0,1,monthly_industry_30,monthly industry,market_state_mixed,7,test,block,constant_a026,0.12133012345679012
0.009717459020647254,-0.06178454601442644,0.08355037025231427,0.0403,0.0403,4.3972346029363765,71.29190409551695,0.9676673926254679,0.01041985294117647,0.09985882352941176,136,0,1,monthly_industry_30,monthly industry,market_state_mixed,7,test,block,constant_a027,0.12133012345679012
0.021103945530096997,0.013745770370370374,0.03404845557884626,-0.015400000000000002,inf,1.6320714159021625,73.75654779528597,0.9879994748830724,0.011051470588235293,0.1126235294117647,136,28,0,monthly_industry_30,monthly industry,market_state_mixed,7,test,block,constant_a028,0.12133012345679012
0.015149655541955876,0.009048582240241382,0.02246525598297452,0.022400000000000003,0.022400000000000007,1.8111326320657097,31.689419925697955,0.9866828482936345,0.008997058823529412,0.08895882352941176,136,6,0,monthly_industry_30,monthly industry,market_state_mixed,7,test,block,constant_a029,0.12133012345679012
0.009915921668204559,0.0022562242638729697,0.013745770370370378,0.028866666666666655,inf,1.0,12.223178482888427,0.9926470588235294,0.01024235294117647,0.10200901960784312,136,66,0,monthly_industry_30,monthly industry,market_state_mixed,7,test,block,constant_equal_weight_public,0.12133012345679012
0.029292378603599775,-0.003556355041548501,0.06697855599326256,0.1267743955731221,0.1746,13.652995807434987,19.67821506314574,0.899610324945331,0.02070735294117647,0.17675588235294115,136,0,3,monthly_industry_30,monthly industry,market_state_mixed,7,test,block,momentum_12,0.12133012345679012
0.0670639589693877,0.022782909630037117,0.14908747403856143,0.023900000000000005,0.0239,3.4904708961021296,76.29389908427562,0.9743347728227785,0.006003799019607842,0.08625,136,0,1,monthly_industry_30,monthly industry,market_state_mixed,7,test,block,low_vol_12,0.12133012345679012
0.007833068895154534,-0.018156794762077096,0.04164824392098896,0.11975476330383904,0.15305078299193445,34.52645103091326,8.2746990967003,0.7461290365374025,0.015530686274509806,0.1313264705882353,136,0,3,monthly_industry_30,monthly industry,market_state_mixed,7,test,block,risk_adjusted_12,0.12133012345679012
0.04900572660641,-0.04101525724626879,0.10700539884477346,0.07188395921744385,0.0929,1.444656455234254,74.32475147530373,0.9893775260644541,0.006269117647058824,0.1702970588235294,136,4,0,monthly_industry_30,monthly industry,market_state_mixed,7,test,block,ridge_return_train_only,0.12133012345679012
0.011021891361401047,0.002573774228352037,0.0185428582215147,0.0159,0.0159,1.3771974463128553,77.0336246103979,0.9872481717933995,0.009589814814814813,0.0832074074074074,108,8,0,monthly_industry_30,monthly industry,market_state_mixed,17,calibration,iid,constant_a000,0.12133012345679012
-0.036978709282477956,-0.047645331606415535,-0.026316155298037214,0.0438,inf,2.386106732450949,25.06258258839843,0.9779064191439727,0.011237037037037037,0.08046666666666666,108,10,1,monthly_industry_30,monthly industry,market_state_mixed,17,calibration,iid,constant_a001,0.12133012345679012
0.0029459152984569912,-0.005586381279618797,0.012875595664224864,-0.0452,inf,1.0,6.455515929737335,0.9907407407407407,0.01357037037037037,0.08148518518518519,108,80,0,monthly_industry_30,monthly industry,market_state_mixed,17,calibration,iid,constant_a002,0.12133012345679012
-0.03312972992292228,-0.18605594051702212,0.05567510397686472,0.0855,0.0855,2.0636871563326156,73.40337862424055,0.9808917855895128,0.009954629629629631,0.2067925925925926,108,3,1,monthly_industry_30,monthly industry,market_state_mixed,17,calibration,iid,constant_a003,0.12133012345679012
0.011522592592592586,0.011522592592592586,0.011522592592592588,,inf,0.0,0.0,1.0,0.0031333333333333348,0.1556074074074074,108,200,0,monthly_industry_30,monthly industry,market_state_mixed,17,calibration,iid,constant_a004,0.12133012345679012
0.011522592592592586,0.011522592592592586,0.011522592592592588,,inf,0.0,0.0,1.0,0.007787037037037038,0.10028888888888889,108,200,0,monthly_industry_30,monthly industry,market_state_mixed,17,calibration,iid,constant_a005,0.12133012345679012
0.0413079603555929,0.011522592592592588,0.07420306485664234,-0.0638,inf,1.8855987626834736,33.704612637015245,0.9825407521973752,0.012547222222222222,0.13836666666666664,108,27,0,monthly_industry_30,monthly industry,market_state_mixed,17,calibration,iid,constant_a006,0.12133012345679012
-0.11754781926918227,-0.3341953754892062,0.04983000331799219,0.0395,0.0395,4.0172790615965965,77.49475502789976,0.9628029716518833,0.010110185185185182,0.08343333333333333,108,2,1,monthly_industry_30,monthly industry,market_state_mixed,17,calibration,iid,constant_a007,0.12133012345679012
0.021725573820776816,0.009823208492744652,0.05573328570502546,0.043899999999999995,inf,1.1182566177979305,27.9046530956662,0.9896457720574265,0.01219907407407408,0.1576222222222222,108,27,0,monthly_industry_30,monthly industry,market_state_mixed,17,calibration,iid,constant_a008,0.12133012345679012
-0.0927030505935132,-0.418515896051266,0.02467803974760997,0.2809,0.2809,1.9604181324887109,48.48080422815604,0.9818479802547342,0.01513333333333333,0.24232222222222222,108,0,0,monthly_industry_30,monthly industry,market_state_mixed,17,calibration,iid,constant_a009,0.12133012345679012
0.13364332769365397,0.020255166762416836,0.2729304371391732,-0.0241,-0.024099999999999996,3.9027647179652827,77.36199199349888,0.9638632896484696,0.004490740740740739,0.16894074074074072,108,4,1,monthly_industry_30,monthly industry,market_state_mixed,17,calibration,iid,constant_a010,0.12133012345679012
0.09686843169976413,0.011522592592592586,0.18900036906693918,-0.0758,inf,1.910248843800817,77.26177875218666,0.982312510705548,0.005515740740740741,0.23192222222222222,108,28,0,monthly_industry_30,monthly industry,market_state_mixed,17,calibration,iid,constant_a011,0.12133012345679012
0.08512680178631153,0.0035822975162039866,0.2678442466423118,0.04704719902181205,0.09890000000000002,2.1059831143864716,66.39551263728093,0.9805001563482734,0.01081574074074074,0.17674444444444445,108,8,1,monthly_industry_30,monthly industry,market_state_mixed,17,calibration,iid,constant_a012,0.12133012345679012
0.06420517558819097,0.011522592592592588,0.15386070256487344,-0.0352,inf,1.9975864305337414,77.44900742095885,0.9815038293469098,0.009680555555555555,0.16028888888888887,108,33,0,monthly_industry_30,monthly industry,market_state_mixed,17,calibration,iid,constant_a013,0.12133012345679012
-0.005723491884723945,-0.07379028844424912,0.04956639336979061,0.07577443318615211,inf,1.8794695467285143,74.50438034501967,0.9825975041969582,0.009813888888888888,0.1906925925925926,108,12,0,monthly_industry_30,monthly industry,market_state_mixed,17,calibration,iid,constant_a014,0.12133012345679012
0.0333859794758043,0.004823988592041061,0.07783615488548261,-0.0036,-0.0035999999999999995,2.4689862037460855,77.46231546600718,0.9771390166319807,0.011383333333333332,0.1517,108,5,1,monthly_industry_30,monthly industry,market_state_mixed,17,calibration,iid,constant_a015,0.12133012345679012
-0.1575988110777957,-0.4947795279484078,0.06047072279123343,0.1335,0.1335,2.2982841164207817,76.56709163810088,0.9787195915146224,0.005846296296296298,0.21665185185185185,108,3,1,monthly_industry_30,monthly industry,market_state_mixed,17,calibration,iid,constant_a016,0.12133012345679012
-0.00831074799718129,-0.0353736416513063,0.011522592592592588,0.3806,inf,2.6344550262697846,4.039942249647585,0.9756068979049094,-0.0003518518518518532,0.29553703703703704,108,10,1,monthly_industry_30,monthly industry,market_state_mixed,17,calibration,iid,constant_a017,0.12133012345679012
-0.01820446781092497,-0.08209370163437535,0.027797382951580876,0.1266,0.1266,1.8418392968438888,75.69298709600346,0.9829459324366306,0.007457407407407407,0.13156296296296294,108,8,0,monthly_industry_30,monthly industry,market_state_mixed,17,calibration,iid,constant_a018,0.12133012345679012
0.028138818936964533,0.00020507412299974388,0.06639160805460267,0.024689142384410324,0.0482,3.1558150580111293,77.23668097489552,0.9707794902036007,0.008509259259259258,0.09720740740740741,108,1,1,monthly_industry_30,monthly industry,market_state_mixed,17,calibration,iid,constant_a019,0.12133012345679012
0.026373719313330754,0.009901669888636373,0.061869702479635434,0.02666065451199009,0.0278,3.418680147178004,21.62369555851048,0.9683455541927962,0.01028611111111111,0.11100000000000002,108,0,1,monthly_industry_30,monthly industry,market_state_mixed,17,calibration,iid,constant_a020,0.12133012345679012
0.01041711237394479,-0.0024478606047277245,0.02404628115474751,0.0284,0.0284,1.83356033877083,35.28515401146289,0.9830225894558257,0.008956481481481482,0.10537407407407408,108,5,0,monthly_industry_30,monthly industry,market_state_mixed,17,calibration,iid,constant_a021,0.12133012345679012
-0.006464638824910173,-0.14556853255858274,0.07485856192432984,0.0735,0.0735,3.6846319378293075,76.30246703269874,0.9658830376126916,0.009407407407407408,0.13405555555555554,108,0,1,monthly_industry_30,monthly industry,market_state_mixed,17,calibration,iid,constant_a022,0.12133012345679012
0.0021579722814083074,-0.01680538384873986,0.011522592592592588,0.0024,inf,1.0,72.64300717568928,0.9907407407407407,0.009435185185185184,0.1265962962962963,108,60,0,monthly_industry_30,monthly industry,market_state_mixed,17,calibration,iid,constant_a023,0.12133012345679012
-0.02694806492280163,-0.10023114343756792,0.013375378468189673,0.08655408924675878,0.1115,1.4017705161798246,70.43848825159465,0.9870206433687053,0.011483333333333335,0.11916296296296297,108,4,0,monthly_industry_30,monthly industry,market_state_mixed,17,calibration,iid,constant_a024,0.12133012345679012
0.00016704458225993616,-0.021997952939921614,0.011522592592592588,0.0403,inf,1.3116261387317198,38.8059228743435,0.9878553135302619,0.010116666666666666,0.11522222222222221,108,39,0,monthly_industry_30,monthly industry,market_state_mixed,17,calibration,iid,constant_a025,0.12133012345679012
-0.05732348421202343,-0.16096893142382657,0.012069864128847134,0.106,0.106,1.5895987782081138,63.2841315279159,0.9852814927943693,0.009475925925925928,0.09744814814814814,108,7,0,monthly_industry_30,monthly industry,market_state_mixed,17,calibration,iid,constant_a026,0.12133012345679012
0.03295274546337946,-0.0007236509364326761,0.09292344990735892,0.0537,0.053700000000000005,3.4870174939729766,46.823512920127754,0.9677128009817317,0.011696296296296293,0.0864962962962963,108,1,1,monthly_industry_30,monthly industry,market_state_mixed,17,calibration,iid,constant_a027,0.12133012345679012
0.05274977491517791,0.011522592592592586,0.1345319512126353,-0.046387872837806016,inf,1.0579387179819548,75.52040550113874,0.9902042711297967,0.0033916666666666683,0.17157407407407407,108,36,0,monthly_industry_30,monthly industry,market_state_mixed,17,calibration,iid,constant_a028,0.12133012345679012
0.10112756579772725,0.011522592592592588,0.21279122172673545,-0.0332,-0.0332,2.945833041801824,76.51661222873702,0.9727237681314646,0.005977777777777777,0.14215185185185186,108,6,1,monthly_industry_30,monthly industry,market_state_mixed,17,calibration,iid,constant_a029,0.12133012345679012
-0.10115613909840082,-0.26317087109977705,0.019164034443778878,0.08993666666666664,0.08993666666666664,5.743517070101099,60.895246898552806,0.9468192863879528,0.008955,0.12133012345679012,108,1,2,monthly_industry_30,monthly industry,market_state_mixed,17,calibration,iid,constant_equal_weight_public,0.12133012345679012
0.02423096772678334,0.005191114395009936,0.04123860320302404,0.2684952998060464,0.38060000000000005,9.971459148848968,11.563737043901162,0.9076716745476947,0.013036111111111111,0.2308074074074074,108,0,2,monthly_industry_30,monthly industry,market_state_mixed,17,calibration,iid,momentum_12,0.12133012345679012
0.020486411756937366,0.0070835076087038895,0.03570784927957051,0.029264164252832948,0.043899999999999995,2.974003589611605,77.0336246103979,0.9724629297258185,0.009154320987654322,0.09146296296296295,108,0,1,monthly_industry_30,monthly industry,market_state_mixed,17,calibration,iid,low_vol_12,0.12133012345679012
-0.010141312000357035,-0.04252762526943915,0.018522337839794,0.30524158767793186,0.363819625823248,24.530317212433136,11.563737043901162,0.7728674332182117,0.0024592592592592587,0.2494555555555555,108,0,3,monthly_industry_30,monthly industry,market_state_mixed,17,calibration,iid,risk_adjusted_12,0.12133012345679012
-0.22219590238246903,-0.6104467955990046,0.06317013858645276,0.1263,0.1263,3.754007081343652,77.49475502789976,0.9652406751727439,0.004346296296296297,0.17707407407407408,108,4,1,monthly_industry_30,monthly industry,market_state_mixed,17,calibration,iid,ridge_return_train_only,0.12133012345679012
0.011021891361401047,0.0025756781306455682,0.017619515753166393,0.0159,0.0159,1.3771974463128553,77.0336246103979,0.9872481717933995,0.009589814814814813,0.0832074074074074,108,9,0,monthly_industry_30,monthly industry,market_state_mixed,17,calibration,block,constant_a000,0.12133012345679012
-0.036978709282477956,-0.05158355237411744,-0.02316338530901022,0.0438,inf,2.386106732450949,25.06258258839843,0.9779064191439727,0.011237037037037037,0.08046666666666666,108,12,1,monthly_industry_30,monthly industry,market_state_mixed,17,calibration,block,constant_a001,0.12133012345679012
0.0029459152984569912,-0.011664070833006622,0.016855717737509112,-0.0452,inf,1.0,6.455515929737335,0.9907407407407407,0.01357037037037037,0.08148518518518519,108,80,0,monthly_industry_30,monthly industry,market_state_mixed,17,calibration,block,constant_a002,0.12133012345679012
-0.03312972992292228,-0.18634314609159294,0.05742571854657979,0.0855,0.0855,2.0636871563326156,73.40337862424055,0.9808917855895128,0.009954629629629631,0.2067925925925926,108,6,1,monthly_industry_30,monthly industry,market_state_mixed,17,calibration,block,constant_a003,0.12133012345679012
0.011522592592592586,0.011522592592592586,0.011522592592592588,,inf,0.0,0.0,1.0,0.0031333333333333348,0.1556074074074074,108,200,0,monthly_industry_30,monthly industry,market_state_mixed,17,calibration,block,constant_a004,0.12133012345679012
0.011522592592592586,0.011522592592592586,0.011522592592592588,,inf,0.0,0.0,1.0,0.007787037037037038,0.10028888888888889,108,200,0,monthly_industry_30,monthly industry,market_state_mixed,17,calibration,block,constant_a005,0.12133012345679012
0.0413079603555929,0.011522592592592588,0.08171990346864623,-0.0638,inf,1.8855987626834736,33.704612637015245,0.9825407521973752,0.012547222222222222,0.13836666666666664,108,20,0,monthly_industry_30,monthly industry,market_state_mixed,17,calibration,block,constant_a006,0.12133012345679012
-0.11754781926918227,-0.35390058690512743,0.04511746175315611,0.0395,0.0395,4.0172790615965965,77.49475502789976,0.9628029716518833,0.010110185185185182,0.08343333333333333,108,1,1,monthly_industry_30,monthly industry,market_state_mixed,17,calibration,block,constant_a007,0.12133012345679012
0.021725573820776816,0.009823208492744652,0.044680612426917274,0.043899999999999995,inf,1.1182566177979305,27.9046530956662,0.9896457720574265,0.01219907407407408,0.1576222222222222,108,28,0,monthly_industry_30,monthly industry,market_state_mixed,17,calibration,block,constant_a008,0.12133012345679012
-0.0927030505935132,-0.3152052171654519,0.02675083582371999,0.2809,0.2809,1.9604181324887109,48.48080422815604,0.9818479802547342,0.01513333333333333,0.24232222222222222,108,1,0,monthly_industry_30,monthly industry,market_state_mixed,17,calibration,block,constant_a009,0.12133012345679012
0.13364332769365397,0.020531974918063193,0.29870840629809914,-0.0241,-0.0241,3.9027647179652827,77.36199199349888,0.9638632896484696,0.004490740740740739,0.16894074074074072,108,1,1,monthly_industry_30,monthly industry,market_state_mixed,17,calibration,block,constant_a010,0.12133012345679012
0.09686843169976413,0.011522592592592586,0.22836299678637628,-0.0758,inf,1.910248843800817,77.26177875218666,0.982312510705548,0.005515740740740741,0.23192222222222222,108,26,0,monthly_industry_30,monthly industry,market_state_mixed,17,calibration,block,constant_a011,0.12133012345679012
0.08512680178631153,0.003582297516203987,0.2680427540192215,0.04704719902181205,0.09890000000000002,2.1059831143864716,66.39551263728093,0.9805001563482734,0.01081574074074074,0.17674444444444445,108,6,1,monthly_industry_30,monthly industry,market_state_mixed,17,calibration,block,constant_a012,0.12133012345679012
0.06420517558819097,0.011522592592592588,0.13828872335699474,-0.0352,inf,1.9975864305337414,77.44900742095885,0.9815038293469098,0.009680555555555555,0.16028888888888887,108,25,0,monthly_industry_30,monthly industry,market_state_mixed,17,calibration,block,constant_a013,0.12133012345679012
-0.005723491884723945,-0.09125438136899526,0.04262601555970255,0.07577443318615211,0.0787,1.8794695467285143,74.50438034501967,0.9825975041969582,0.009813888888888888,0.1906925925925926,108,1,0,monthly_industry_30,monthly industry,market_state_mixed,17,calibration,block,constant_a014,0.12133012345679012
0.0333859794758043,0.006525866187665476,0.09644432593494826,-0.0036,-0.0035999999999999995,2.4689862037460855,77.46231546600718,0.9771390166319807,0.011383333333333332,0.1517,108,2,1,monthly_industry_30,monthly industry,market_state_mixed,17,calibration,block,constant_a015,0.12133012345679012
-0.1575988110777957,-0.5215374823208285,0.0612178064742177,0.1335,0.1335,2.2982841164207817,76.56709163810088,0.9787195915146224,0.005846296296296298,0.21665185185185185,108,5,1,monthly_industry_30,monthly industry,market_state_mixed,17,calibration,block,constant_a016,0.12133012345679012
-0.00831074799718129,-0.043867799466979544,0.011522592592592588,0.3806,inf,2.6344550262697846,4.039942249647585,0.9756068979049094,-0.0003518518518518532,0.29553703703703704,108,20,1,monthly_industry_30,monthly industry,market_state_mixed,17,calibration,block,constant_a017,0.12133012345679012
-0.01820446781092497,-0.07951298867771721,0.035717728839897656,0.1266,0.1266,1.8418392968438888,75.69298709600346,0.9829459324366306,0.007457407407407407,0.13156296296296294,108,4,0,monthly_industry_30,monthly industry,market_state_mixed,17,calibration,block,constant_a018,0.12133012345679012
0.028138818936964533,0.003834606362037741,0.07259376785963852,0.024689142384410324,0.0482,3.1558150580111293,77.23668097489552,0.9707794902036007,0.008509259259259258,0.09720740740740741,108,0,1,monthly_industry_30,monthly industry,market_state_mixed,17,calibration,block,constant_a019,0.12133012345679012
0.026373719313330754,0.009496980143406188,0.06665845205153179,0.02666065451199009,0.0278,3.418680147178004,21.62369555851048,0.9683455541927962,0.01028611111111111,0.11100000000000002,108,1,1,monthly_industry_30,monthly industry,market_state_mixed,17,calibration,block,constant_a020,0.12133012345679012
0.01041711237394479,0.003431885775284634,0.01876623808204807,0.0284,inf,1.83356033877083,35.28515401146289,0.9830225894558257,0.008956481481481482,0.10537407407407408,108,36,0,monthly_industry_30,monthly industry,market_state_mixed,17,calibration,block,constant_a021,0.12133012345679012
-0.006464638824910173,-0.13470743069107208,0.0851066831241254,0.0735,0.0735,3.6846319378293075,76.30246703269874,0.9658830376126916,0.009407407407407408,0.13405555555555554,108,1,1,monthly_industry_30,monthly industry,market_state_mixed,17,calibration,block,constant_a022,0.12133012345679012
0.0021579722814083074,-0.016571268340960257,0.011522592592592588,0.0024,inf,1.0,72.64300717568928,0.9907407407407407,0.009435185185185184,0.1265962962962963,108,63,0,monthly_industry_30,monthly industry,market_state_mixed,17,calibration,block,constant_a023,0.12133012345679012
-0.02694806492280163,-0.10228938790312732,0.013831727499835519,0.08655408924675878,0.11150000000000002,1.4017705161798246,70.43848825159465,0.9870206433687053,0.011483333333333335,0.11916296296296297,108,9,0,monthly_industry_30,monthly industry,market_state_mixed,17,calibration,block,constant_a024,0.12133012345679012
0.00016704458225993616,-0.02016181867544093,0.011522592592592588,0.0403,inf,1.3116261387317198,38.8059228743435,0.9878553135302619,0.010116666666666666,0.11522222222222221,108,33,0,monthly_industry_30,monthly industry,market_state_mixed,17,calibration,block,constant_a025,0.12133012345679012
-0.05732348421202343,-0.17769361155633975,0.012069864128847134,0.106,0.106,1.5895987782081138,63.2841315279159,0.9852814927943693,0.009475925925925928,0.09744814814814814,108,6,0,monthly_industry_30,monthly industry,market_state_mixed,17,calibration,block,constant_a026,0.12133012345679012
0.03295274546337946,0.0014620519152593369,0.07982831042114823,0.0537,0.053700000000000005,3.4870174939729766,46.823512920127754,0.9677128009817317,0.011696296296296293,0.0864962962962963,108,0,1,monthly_industry_30,monthly industry,market_state_mixed,17,calibration,block,constant_a027,0.12133012345679012
0.05274977491517791,0.011522592592592588,0.17508694518750736,-0.046387872837806016,inf,1.0579387179819548,75.52040550113874,0.9902042711297967,0.0033916666666666683,0.17157407407407407,108,27,0,monthly_industry_30,monthly industry,market_state_mixed,17,calibration,block,constant_a028,0.12133012345679012
0.10112756579772725,0.011522592592592586,0.23188121981793255,-0.0332,inf,2.945833041801824,76.51661222873702,0.9727237681314646,0.005977777777777777,0.14215185185185186,108,11,1,monthly_industry_30,monthly industry,market_state_mixed,17,calibration,block,constant_a029,0.12133012345679012
-0.10115613909840082,-0.2626342058229403,0.011585955295473566,0.08993666666666664,0.08993666666666665,5.743517070101099,60.895246898552806,0.9468192863879528,0.008955,0.12133012345679012,108,2,2,monthly_industry_30,monthly industry,market_state_mixed,17,calibration,block,constant_equal_weight_public,0.12133012345679012
0.02423096772678334,0.0035733747754999627,0.040837501856770375,0.2684952998060464,0.38060000000000005,9.971459148848968,11.563737043901162,0.9076716745476947,0.013036111111111111,0.2308074074074074,108,0,2,monthly_industry_30,monthly industry,market_state_mixed,17,calibration,block,momentum_12,0.12133012345679012
0.020486411756937366,0.00747851043785213,0.03644231394184707,0.029264164252832948,0.043899999999999995,2.974003589611605,77.0336246103979,0.9724629297258185,0.009154320987654322,0.09146296296296295,108,0,1,monthly_industry_30,monthly industry,market_state_mixed,17,calibration,block,low_vol_12,0.12133012345679012
-0.010141312000357035,-0.05201417442251405,0.02283811259223381,0.30524158767793186,0.37379198282440734,24.530317212433136,11.563737043901162,0.7728674332182117,0.0024592592592592587,0.2494555555555555,108,0,3,monthly_industry_30,monthly industry,market_state_mixed,17,calibration,block,risk_adjusted_12,0.12133012345679012
-0.22219590238246903,-0.5778404519087775,0.0628297426442978,0.1263,0.1263,3.754007081343652,77.49475502789976,0.9652406751727439,0.004346296296296297,0.17707407407407408,108,5,1,monthly_industry_30,monthly industry,market_state_mixed,17,calibration,block,ridge_return_train_only,0.12133012345679012
0.016233652344900186,0.006297415033961636,0.03196251521969379,0.0058,inf,1.6076108574533943,69.1123436954718,0.9881793319304898,0.005722058823529412,0.07954117647058823,136,12,0,monthly_industry_30,monthly industry,market_state_mixed,17,test,iid,constant_a000,0.12133012345679012
0.050781654307607615,-0.03216636873197005,0.1614565007864615,-0.027000000000000003,-0.027,3.122802090225887,76.80134879019836,0.9770382199248097,0.005813235294117649,0.08037058823529412,136,4,1,monthly_industry_30,monthly industry,market_state_mixed,17,test,iid,constant_a001,0.12133012345679012
-0.10382064232109736,-0.3159519742769272,-0.015722501617143326,0.1585,0.1585,3.3797845452742994,72.84969817462773,0.9751486430494537,0.011203676470588236,0.12225294117647058,136,0,1,monthly_industry_30,monthly industry,market_state_mixed,17,test,iid,constant_a002,0.12133012345679012
-0.06976093532181492,-0.19879611810638823,0.010928159292522534,0.0622,0.062200000000000005,3.346339286528063,77.38030498683224,0.9753945640696466,0.012388235294117648,0.15730882352941175,136,0,1,monthly_industry_30,monthly industry,market_state_mixed,17,test,iid,constant_a003,0.12133012345679012
0.011522592592592586,0.011522592592592588,0.011522592592592591,,inf,0.0,0.0,1.0,0.0059507352941176464,0.1360823529411765,136,200,0,monthly_industry_30,monthly industry,market_state_mixed,17,test,iid,constant_a004,0.12133012345679012
0.007799900926404491,-0.027997889162072565,0.05058005200740996,0.01642552058536237,0.0385,3.363042343241106,77.425325624179,0.9752717474761683,0.005198529411764706,0.09060294117647058,136,0,1,monthly_industry_30,monthly industry,market_state_mixed,17,test,iid,constant_a005,0.12133012345679012
-0.020086530007911472,-0.07737948321850813,0.01152259259259259,0.05849866918984083,0.1007,1.7863097650207436,72.43890581430384,0.9868653693748475,0.004352205882352941,0.14798235294117645,136,9,0,monthly_industry_30,monthly industry,market_state_mixed,17,test,iid,constant_a006,0.12133012345679012
-0.0029518029530450655,-0.11538739786038567,0.07126580816851742,0.0602,0.060200000000000004,2.364247848527599,72.94078839991347,0.9826158246431794,0.008147794117647059,0.0847264705882353,136,1,1,monthly_industry_30,monthly industry,market_state_mixed,17,test,iid,constant_a007,0.12133012345679012
-0.026915607891340797,-0.09815893597455445,0.011060375897302865,0.0516561785124734,0.051699999999999996,2.280781080222433,76.49151501743151,0.9832295508807174,0.006644117647058825,0.12974411764705882,136,2,1,monthly_industry_30,monthly industry,market_state_mixed,17,test,iid,constant_a008,0.12133012345679012
-0.003887062165554227,-0.02079597365282566,0.008167840376373765,0.059000000000000004,inf,1.0,7.20138349578467,0.9926470588235294,0.0021544117647058834,0.2105794117647059,136,77,0,monthly_industry_30,monthly industry,market_state_mixed,17,test,iid,constant_a009,0.12133012345679012
0.00595404999786357,-0.03552332117714872,0.045454403605592004,0.1263,0.1263,3.2788726210292394,74.3744550331058,0.9758906424924321,0.01612941176470588,0.1451029411764706,136,3,1,monthly_industry_30,monthly industry,market_state_mixed,17,test,iid,constant_a010,0.12133012345679012
0.12371448405611493,0.01152259259259259,0.32615216025818927,-0.0805,-0.0805,1.7783004692932447,71.63993720628568,0.9869242612551967,0.01574558823529412,0.17915,136,8,0,monthly_industry_30,monthly industry,market_state_mixed,17,test,iid,constant_a011,0.12133012345679012
0.02454369821451676,-0.02692618702020458,0.10990273458649269,0.05450000000000001,0.05450000000000001,3.3050519694611893,75.09487152339844,0.9756981472833736,0.016123529411764703,0.12421176470588235,136,1,1,monthly_industry_30,monthly industry,market_state_mixed,17,test,iid,constant_a012,0.12133012345679012
-0.10353641819228587,-0.27777517814828945,0.009678377802343287,0.0895,0.0895,3.6150447867136015,77.37426551368678,0.9734187883329882,0.012578676470588237,0.14005882352941176,136,0,1,monthly_industry_30,monthly industry,market_state_mixed,17,test,iid,constant_a013,0.12133012345679012
-0.00853633463226026,-0.06871311630681864,0.011522592592592591,0.024399999999999998,inf,1.0,75.94145927937608,0.9926470588235294,0.0199125,0.21385882352941174,136,73,0,monthly_industry_30,monthly industry,market_state_mixed,17,test,iid,constant_a014,0.12133012345679012
-0.05859890289250798,-0.21062179121146493,0.019528466541125517,0.1211,inf,1.3054606364871477,75.78828300186944,0.9904010247317121,0.012144117647058823,0.14591176470588232,136,10,0,monthly_industry_30,monthly industry,market_state_mixed,17,test,iid,constant_a015,0.12133012345679012
0.026040545317776175,-0.01574207642616179,0.06386137497850018,0.08789548167315607,0.1746,4.026532665029573,71.4574549916701,0.9703931421689002,0.015613235294117645,0.13995294117647059,136,0,1,monthly_industry_30,monthly industry,market_state_mixed,17,test,iid,constant_a016,0.12133012345679012
0.006839437446615143,-0.14041069476930113,0.1341053060871594,0.0641,0.0641,6.131499904837905,77.48034070898895,0.9549154418761918,0.009413235294117648,0.2893911764705882,136,0,2,monthly_industry_30,monthly industry,market_state_mixed,17,test,iid,constant_a017,0.12133012345679012
-0.03351731446797778,-0.11929415118203768,0.013335072586731278,0.15127017849324018,0.1666,3.053976496882428,77.47522961620561,0.9775442904640997,0.010013235294117651,0.17509411764705882,136,0,1,monthly_industry_30,monthly industry,market_state_mixed,17,test,iid,constant_a018,0.12133012345679012
0.05433524676798073,6.939954732908031e-05,0.13569541778245653,0.0132,0.013200000000000002,2.8088774727050705,62.36126409699228,0.9793464891712862,0.008348529411764708,0.08674705882352941,136,3,1,monthly_industry_30,monthly industry,market_state_mixed,17,test,iid,constant_a019,0.12133012345679012
-0.016094892362150864,-0.05658847109143259,0.01152259259259259,0.030499999999999996,inf,1.9855925075002634,56.7814368803136,0.9854000550919099,0.005097058823529412,0.1036735294117647,136,31,0,monthly_industry_30,monthly industry,market_state_mixed,17,test,iid,constant_a020,0.12133012345679012
0.016532138730256756,-0.009332695717752571,0.06067160628936887,0.1139,0.11390000000000002,3.68087572399129,40.740795193991154,0.9729347373235935,0.014211029411764706,0.10055882352941177,136,0,1,monthly_industry_30,monthly industry,market_state_mixed,17,test,iid,constant_a021,0.12133012345679012
0.025021995622322907,0.0023844476252355825,0.050376500713211404,0.03690519446069952,0.0444,3.7460633263726058,26.417888700188506,0.9724554167178485,0.020024264705882353,0.10592058823529413,136,1,1,monthly_industry_30,monthly industry,market_state_mixed,17,test,iid,constant_a022,0.12133012345679012
0.04214076115124767,-0.0277000677098524,0.13991479025316275,0.0359,0.0359,5.560522207756027,71.31026329128994,0.9591138072959116,0.002658823529411765,0.10287058823529413,136,0,2,monthly_industry_30,monthly industry,market_state_mixed,17,test,iid,constant_a023,0.12133012345679012
0.01268258254791818,0.011522592592592588,0.015002562458569372,-0.0285,inf,1.0,9.292268845209506,0.9926470588235294,0.008090441176470588,0.12422352941176472,136,77,0,monthly_industry_30,monthly industry,market_state_mixed,17,test,iid,constant_a024,0.12133012345679012
0.010372552848980763,-0.020162730868624242,0.039757796822973986,0.028399999999999998,inf,1.9961370126595999,39.29090823905091,0.9853225219657382,0.010133823529411765,0.10630294117647059,136,25,0,monthly_industry_30,monthly industry,market_state_mixed,17,test,iid,constant_a025,0.12133012345679012
0.019643164193042538,0.009684878796045938,0.03140339484708784,-0.0045000000000000005,inf,2.8040699475843858,11.863096286973803,0.979381838620703,0.012989705882352941,0.09431470588235294,136,13,1,monthly_industry_30,monthly industry,market_state_mixed,17,test,iid,constant_a026,0.12133012345679012
0.01875979056261645,0.0013281437233335905,0.04245529385762914,0.0025,0.0025000000000000005,2.8645572835948236,76.98653961625118,0.9789370787970969,0.01041985294117647,0.09985882352941176,136,8,1,monthly_industry_30,monthly industry,market_state_mixed,17,test,iid,constant_a027,0.12133012345679012
0.0045713050501120026,-0.019192751679913928,0.018096913689302427,0.0129,inf,1.8884166655423618,57.01396913839337,0.9861145833416003,0.011051470588235293,0.1126235294117647,136,27,0,monthly_industry_30,monthly industry,market_state_mixed,17,test,iid,constant_a028,0.12133012345679012
0.045391889665063447,0.008047853380958796,0.10441414675739971,-0.0084,-0.0084,2.6631501174718304,75.66861810650747,0.9804180138421189,0.008997058823529412,0.08895882352941176,136,9,1,monthly_industry_30,monthly industry,market_state_mixed,17,test,iid,constant_a029,0.12133012345679012
0.0355154109569957,0.011522592592592588,0.08356929639472363,-0.05517666666666667,inf,1.4548059794802513,58.18668179728544,0.989302897209704,0.01024235294117647,0.10200901960784312,136,23,0,monthly_industry_30,monthly industry,market_state_mixed,17,test,iid,constant_equal_weight_public,0.12133012345679012
0.038333630733741055,-0.007665524212136545,0.08690891109797014,0.12031585841323417,0.1746,15.108664353405608,17.22648999035952,0.8889068797543705,0.02070735294117647,0.17675588235294115,136,0,3,monthly_industry_30,monthly industry,market_state_mixed,17,test,iid,momentum_12,0.12133012345679012
0.011568596601549044,-0.0021682213280175646,0.032432228264342534,0.015499999999999998,0.015500000000000002,4.088109460161398,11.90395624253773,0.9699403716164603,0.006003799019607842,0.08625,136,0,1,monthly_industry_30,monthly industry,market_state_mixed,17,test,iid,low_vol_12,0.12133012345679012
0.025197040031953274,-0.012830819509988219,0.0636994424131726,0.13032187983494298,0.16967927347977788,30.95057029866752,7.840288156542243,0.77242227721568,0.015530686274509806,0.1313264705882353,136,0,3,monthly_industry_30,monthly industry,market_state_mixed,17,test,iid,risk_adjusted_12,0.12133012345679012
0.011946471825058064,-0.10578023415220467,0.08702325434378026,0.0602,inf,1.9340952015336546,72.94078839991347,0.985778711753429,0.010066911764705882,0.11839999999999999,136,11,0,monthly_industry_30,monthly industry,market_state_mixed,17,test,iid,ridge_return_train_only,0.12133012345679012
0.016233652344900186,0.005107241789712837,0.033312746733768814,0.0058,inf,1.6076108574533943,69.1123436954718,0.9881793319304898,0.005722058823529412,0.07954117647058823,136,18,0,monthly_industry_30,monthly industry,market_state_mixed,17,test,block,constant_a000,0.12133012345679012
0.050781654307607615,-0.027790459985501996,0.15987343768556672,-0.027000000000000003,-0.027000000000000003,3.122802090225887,76.80134879019836,0.9770382199248097,0.005813235294117649,0.08037058823529412,136,1,1,monthly_industry_30,monthly industry,market_state_mixed,17,test,block,constant_a001,0.12133012345679012
-0.10382064232109736,-0.2495509568723154,-0.015723411186037473,0.1585,0.1585,3.3797845452742994,72.84969817462773,0.9751486430494537,0.011203676470588236,0.12225294117647058,136,0,1,monthly_industry_30,monthly industry,market_state_mixed,17,test,block,constant_a002,0.12133012345679012
-0.06976093532181492,-0.1717158864839674,0.009226840935681623,0.0622,0.062200000000000005,3.346339286528063,77.38030498683224,0.9753945640696466,0.012388235294117648,0.15730882352941175,136,0,1,monthly_industry_30,monthly industry,market_state_mixed,17,test,block,constant_a003,0.12133012345679012
0.011522592592592586,0.011522592592592588,0.011522592592592591,,inf,0.0,0.0,1.0,0.0059507352941176464,0.1360823529411765,136,200,0,monthly_industry_30,monthly industry,market_state_mixed,17,test,block,constant_a004,0.12133012345679012
0.007799900926404491,-0.028175237375195467,0.05183248812036431,0.01642552058536237,0.0385,3.363042343241106,77.425325624179,0.9752717474761683,0.005198529411764706,0.09060294117647058,136,0,1,monthly_industry_30,monthly industry,market_state_mixed,17,test,block,constant_a005,0.12133012345679012
-0.020086530007911472,-0.09662536185653865,0.01152259259259259,0.05849866918984083,0.1007,1.7863097650207436,72.43890581430384,0.9868653693748475,0.004352205882352941,0.14798235294117645,136,9,0,monthly_industry_30,monthly industry,market_state_mixed,17,test,block,constant_a006,0.12133012345679012
-0.0029518029530450655,-0.10902382014484856,0.0721297694987585,0.0602,0.060200000000000004,2.364247848527599,72.94078839991347,0.9826158246431794,0.008147794117647059,0.0847264705882353,136,1,1,monthly_industry_30,monthly industry,market_state_mixed,17,test,block,constant_a007,0.12133012345679012
-0.026915607891340797,-0.1025889433429864,0.011294409667069813,0.0516561785124734,0.051699999999999996,2.280781080222433,76.49151501743151,0.9832295508807174,0.006644117647058825,0.12974411764705882,136,5,1,monthly_industry_30,monthly industry,market_state_mixed,17,test,block,constant_a008,0.12133012345679012
-0.003887062165554227,-0.029818638156878432,0.010407870044619029,0.059000000000000004,inf,1.0,7.20138349578467,0.9926470588235294,0.0021544117647058834,0.2105794117647059,136,84,0,monthly_industry_30,monthly industry,market_state_mixed,17,test,block,constant_a009,0.12133012345679012
0.00595404999786357,-0.029924634133006483,0.05097537462927531,0.1263,0.1263,3.2788726210292394,74.3744550331058,0.9758906424924321,0.01612941176470588,0.1451029411764706,136,3,1,monthly_industry_30,monthly industry,market_state_mixed,17,test,block,constant_a010,0.12133012345679012
0.12371448405611493,0.011522592592592588,0.31070228593969296,-0.0805,inf,1.7783004692932447,71.63993720628568,0.9869242612551967,0.01574558823529412,0.17915,136,14,0,monthly_industry_30,monthly industry,market_state_mixed,17,test,block,constant_a011,0.12133012345679012
0.02454369821451676,-0.03131601766315654,0.09298799281364477,0.05450000000000001,0.05450000000000001,3.3050519694611893,75.09487152339844,0.9756981472833736,0.016123529411764703,0.12421176470588235,136,1,1,monthly_industry_30,monthly industry,market_state_mixed,17,test,block,constant_a012,0.12133012345679012
-0.10353641819228587,-0.2700184216300285,0.011522592592592588,0.0895,0.0895,3.6150447867136015,77.37426551368678,0.9734187883329882,0.012578676470588237,0.14005882352941176,136,2,1,monthly_industry_30,monthly industry,market_state_mixed,17,test,block,constant_a013,0.12133012345679012
-0.00853633463226026,-0.04865418908196587,0.011522592592592591,0.024399999999999998,inf,1.0,75.94145927937608,0.9926470588235294,0.0199125,0.21385882352941174,136,67,0,monthly_industry_30,monthly industry,market_state_mixed,17,test,block,constant_a014,0.12133012345679012
-0.05859890289250798,-0.2756916061388871,0.02003832188087894,0.1211,0.12110000000000001,1.3054606364871477,75.78828300186944,0.9904010247317121,0.012144117647058823,0.14591176470588232,136,8,0,monthly_industry_30,monthly industry,market_state_mixed,17,test,block,constant_a015,0.12133012345679012
0.026040545317776175,-0.00988895686780697,0.06291470758758429,0.08789548167315607,0.17459999999999998,4.026532665029573,71.4574549916701,0.9703931421689002,0.015613235294117645,0.13995294117647059,136,0,1,monthly_industry_30,monthly industry,market_state_mixed,17,test,block,constant_a016,0.12133012345679012
0.006839437446615143,-0.12695928046126817,0.09606295369913156,0.0641,0.0641,6.131499904837905,77.48034070898895,0.9549154418761918,0.009413235294117648,0.2893911764705882,136,0,2,monthly_industry_30,monthly industry,market_state_mixed,17,test,block,constant_a017,0.12133012345679012
-0.03351731446797778,-0.0912654846306872,0.01164145659052761,0.15127017849324018,0.1666,3.053976496882428,77.47522961620561,0.9775442904640997,0.010013235294117651,0.17509411764705882,136,1,1,monthly_industry_30,monthly industry,market_state_mixed,17,test,block,constant_a018,0.12133012345679012
0.05433524676798073,0.006545392864860787,0.13918015079681867,0.0132,0.013200000000000002,2.8088774727050705,62.36126409699228,0.9793464891712862,0.008348529411764708,0.08674705882352941,136,3,1,monthly_industry_30,monthly industry,market_state_mixed,17,test,block,constant_a019,0.12133012345679012
-0.016094892362150864,-0.06051541299809938,0.01152259259259259,0.030499999999999996,inf,1.9855925075002634,56.7814368803136,0.9854000550919099,0.005097058823529412,0.1036735294117647,136,23,0,monthly_industry_30,monthly industry,market_state_mixed,17,test,block,constant_a020,0.12133012345679012
0.016532138730256756,-0.015307697739060142,0.057153869953128426,0.1139,0.11390000000000002,3.68087572399129,40.740795193991154,0.9729347373235935,0.014211029411764706,0.10055882352941177,136,0,1,monthly_industry_30,monthly industry,market_state_mixed,17,test,block,constant_a021,0.12133012345679012
0.025021995622322907,0.008145761717936056,0.0485739445860011,0.03690519446069952,0.0444,3.7460633263726058,26.417888700188506,0.9724554167178485,0.020024264705882353,0.10592058823529413,136,0,1,monthly_industry_30,monthly industry,market_state_mixed,17,test,block,constant_a022,0.12133012345679012
0.04214076115124767,-0.018929586684427072,0.14459896706831243,0.0359,0.0359,5.560522207756027,71.31026329128994,0.9591138072959116,0.002658823529411765,0.10287058823529413,136,2,2,monthly_industry_30,monthly industry,market_state_mixed,17,test,block,constant_a023,0.12133012345679012
0.01268258254791818,0.011522592592592588,0.015002562458569372,-0.0285,inf,1.0,9.292268845209506,0.9926470588235294,0.008090441176470588,0.12422352941176472,136,68,0,monthly_industry_30,monthly industry,market_state_mixed,17,test,block,constant_a024,0.12133012345679012
0.010372552848980763,-0.020162730868624242,0.038607757079362155,0.028399999999999998,inf,1.9961370126595999,39.29090823905091,0.9853225219657382,0.010133823529411765,0.10630294117647059,136,29,0,monthly_industry_30,monthly industry,market_state_mixed,17,test,block,constant_a025,0.12133012345679012
0.019643164193042538,0.010297450061561486,0.037755061174867946,-0.0045000000000000005,inf,2.8040699475843858,11.863096286973803,0.979381838620703,0.012989705882352941,0.09431470588235294,136,15,1,monthly_industry_30,monthly industry,market_state_mixed,17,test,block,constant_a026,0.12133012345679012
0.01875979056261645,0.0013308497322187165,0.04355952847730681,0.0025,0.0025,2.8645572835948236,76.98653961625118,0.9789370787970969,0.01041985294117647,0.09985882352941176,136,7,1,monthly_industry_30,monthly industry,market_state_mixed,17,test,block,constant_a027,0.12133012345679012
0.0045713050501120026,-0.019192751679913928,0.021384074237657348,0.0129,inf,1.8884166655423618,57.01396913839337,0.9861145833416003,0.011051470588235293,0.1126235294117647,136,26,0,monthly_industry_30,monthly industry,market_state_mixed,17,test,block,constant_a028,0.12133012345679012
0.045391889665063447,0.008047853380958796,0.10468150756089815,-0.0084,-0.0084,2.6631501174718304,75.66861810650747,0.9804180138421189,0.008997058823529412,0.08895882352941176,136,3,1,monthly_industry_30,monthly industry,market_state_mixed,17,test,block,constant_a029,0.12133012345679012
0.0355154109569957,0.01152259259259259,0.08623099604268897,-0.05517666666666667,inf,1.4548059794802513,58.18668179728544,0.989302897209704,0.01024235294117647,0.10200901960784312,136,24,0,monthly_industry_30,monthly industry,market_state_mixed,17,test,block,constant_equal_weight_public,0.12133012345679012
0.038333630733741055,0.000940782055004729,0.0900481309292034,0.12031585841323417,0.1746,15.108664353405608,17.22648999035952,0.8889068797543705,0.02070735294117647,0.17675588235294115,136,0,3,monthly_industry_30,monthly industry,market_state_mixed,17,test,block,momentum_12,0.12133012345679012
0.011568596601549044,-0.0038433715163779204,0.03238832961364907,0.015499999999999998,0.015500000000000002,4.088109460161398,11.90395624253773,0.9699403716164603,0.006003799019607842,0.08625,136,0,1,monthly_industry_30,monthly industry,market_state_mixed,17,test,block,low_vol_12,0.12133012345679012
0.025197040031953274,-0.00250828871193032,0.05964376627475727,0.13032187983494298,0.15896633734270754,30.95057029866752,7.840288156542243,0.77242227721568,0.015530686274509806,0.1313264705882353,136,0,3,monthly_industry_30,monthly industry,market_state_mixed,17,test,block,risk_adjusted_12,0.12133012345679012
0.011946471825058064,-0.0971853106322329,0.08691392652279707,0.0602,0.060200000000000004,1.9340952015336546,72.94078839991347,0.985778711753429,0.010066911764705882,0.11839999999999999,136,7,0,monthly_industry_30,monthly industry,market_state_mixed,17,test,block,ridge_return_train_only,0.12133012345679012
0.02984213501103977,0.004916540795043605,0.0724969773583794,0.0159,0.0159,2.822479233993854,47.65867572138576,0.9738659330185754,0.009589814814814813,0.0832074074074074,108,1,1,monthly_industry_30,monthly industry,market_state_mixed,27,calibration,iid,constant_a000,0.12133012345679012
0.045058979674024786,0.0034819323353835283,0.10159237507570322,0.0167,0.0167,3.970246992877561,30.22669312043326,0.9632384537696522,0.011237037037037037,0.08046666666666666,108,1,1,monthly_industry_30,monthly industry,market_state_mixed,27,calibration,iid,constant_a001,0.12133012345679012
-0.01607766773938693,-0.06135524500096234,0.026129937907230373,0.047068008280988005,0.0562,2.5601828988290016,77.39987012650222,0.9762946027886203,0.01357037037037037,0.08148518518518519,108,0,1,monthly_industry_30,monthly industry,market_state_mixed,27,calibration,iid,constant_a002,0.12133012345679012
0.011593952719554837,-0.009305191598596543,0.037658058095381634,0.0384,inf,1.9299552397670112,20.256074079195074,0.9821300440762314,0.009954629629629631,0.2067925925925926,108,30,0,monthly_industry_30,monthly industry,market_state_mixed,27,calibration,iid,constant_a003,0.12133012345679012
-0.05302818146690428,-0.2012905703169007,0.09962742151259923,0.08650000000000001,0.08650000000000001,2.9986064920111413,74.26276091968118,0.9722351250739709,0.0031333333333333348,0.1556074074074074,108,3,1,monthly_industry_30,monthly industry,market_state_mixed,27,calibration,iid,constant_a004,0.12133012345679012
0.03902522197376524,0.02487191471814612,0.05207886808035859,,inf,0.0,0.0,1.0,0.007787037037037038,0.10028888888888889,108,200,0,monthly_industry_30,monthly industry,market_state_mixed,27,calibration,iid,constant_a005,0.12133012345679012
0.10122441429679602,0.013031288888888892,0.22003819556657836,-0.006999999999999999,-0.006999999999999998,3.993030911001287,74.8740388894215,0.9630274915648029,0.012547222222222222,0.13836666666666664,108,6,1,monthly_industry_30,monthly industry,market_state_mixed,27,calibration,iid,constant_a006,0.12133012345679012
-0.032955316262387284,-0.10524880283538038,0.008635782930711492,0.036699999999999997,0.036699999999999997,2.4634327920888692,77.05372766512234,0.9771904371102883,0.010110185185185182,0.08343333333333333,108,8,1,monthly_industry_30,monthly industry,market_state_mixed,27,calibration,iid,constant_a007,0.12133012345679012
0.026392559298572933,0.013031288888888893,0.046855165958488196,-0.0236,-0.023599999999999996,1.8238614853062995,50.97679899193296,0.9831123936545713,0.01219907407407408,0.1576222222222222,108,9,0,monthly_industry_30,monthly industry,market_state_mixed,27,calibration,iid,constant_a008,0.12133012345679012
0.16140907130554025,0.01413717983067293,0.45943753043721935,0.01404837797767225,0.034,1.6472141829163884,54.76324803496812,0.9847480168248482,0.01513333333333333,0.24232222222222222,108,0,0,monthly_industry_30,monthly industry,market_state_mixed,27,calibration,iid,constant_a009,0.12133012345679012
0.03182579040131548,0.013031288888888888,0.0694147934261683,-0.039599999999999996,inf,1.0,76.39836779636587,0.9907407407407407,0.004490740740740739,0.16894074074074072,108,70,0,monthly_industry_30,monthly industry,market_state_mixed,27,calibration,iid,constant_a010,0.12133012345679012
-0.00888810683337031,-0.12677668877751935,0.062466912583083185,0.0525,inf,1.999998516780692,76.80433700189407,0.9814814952149936,0.005515740740740741,0.23192222222222222,108,26,0,monthly_industry_30,monthly industry,market_state_mixed,27,calibration,iid,constant_a011,0.12133012345679012
0.03069020547161627,0.0003405498980180929,0.07742480182630626,0.010314517691274915,0.0116,2.614489604149252,73.68740937704575,0.975791762924544,0.01081574074074074,0.17674444444444445,108,4,1,monthly_industry_30,monthly industry,market_state_mixed,27,calibration,iid,constant_a012,0.12133012345679012
-0.006261211269576585,-0.04532852409046914,0.013031288888888897,0.1056,inf,1.0,17.563579023960344,0.9907407407407407,0.009680555555555555,0.16028888888888887,108,74,0,monthly_industry_30,monthly industry,market_state_mixed,27,calibration,iid,constant_a013,0.12133012345679012
-0.2953484457562698,-0.8437344929003032,-0.0026706839620811735,0.3643,0.3643,2.618984518995739,77.28687810167852,0.975750143342632,0.009813888888888888,0.1906925925925926,108,1,1,monthly_industry_30,monthly industry,market_state_mixed,27,calibration,iid,constant_a014,0.12133012345679012
0.006955509068163691,-0.00681889526873771,0.01412670905831831,0.0051,inf,1.4179466199782318,39.41289745333432,0.9868708646298312,0.011383333333333332,0.1517,108,25,0,monthly_industry_30,monthly industry,market_state_mixed,27,calibration,iid,constant_a015,0.12133012345679012
-0.027335281358065115,-0.10840681081086315,0.013217317534370446,0.0412,inf,1.9391670095442364,75.66139383842608,0.9820447499116275,0.005846296296296298,0.21665185185185185,108,11,0,monthly_industry_30,monthly industry,market_state_mixed,27,calibration,iid,constant_a016,0.12133012345679012
0.13637938583985948,0.0060578751200289875,0.3246785172799073,0.16002728603925656,0.32498280968513227,5.57289506316208,77.49980208274604,0.9483991197855363,-0.0003518518518518532,0.29553703703703704,108,0,2,monthly_industry_30,monthly industry,market_state_mixed,27,calibration,iid,constant_a017,0.12133012345679012
0.06509801305216778,0.013031288888888888,0.15824864462173824,-0.0296,inf,1.9993705664846837,77.1785384947948,0.9814873095695863,0.007457407407407407,0.13156296296296294,108,32,0,monthly_industry_30,monthly industry,market_state_mixed,27,calibration,iid,constant_a018,0.12133012345679012
0.009568588365813115,-0.01429916584370918,0.03329986590115142,-0.002,-0.002,2.870859718509523,20.389554433539463,0.9734179655693562,0.008509259259259258,0.09720740740740741,108,3,1,monthly_industry_30,monthly industry,market_state_mixed,27,calibration,iid,constant_a019,0.12133012345679012
-0.04261451060852222,-0.08260768816645535,-0.01834353889950864,-0.0005,-0.0005,1.9282430550691976,41.73189836176105,0.9821458976382482,0.01028611111111111,0.11100000000000002,108,1,0,monthly_industry_30,monthly industry,market_state_mixed,27,calibration,iid,constant_a020,0.12133012345679012
0.009473002753648527,0.004075040050585941,0.013031288888888893,0.069,inf,1.7637413918739835,5.056197477859136,0.983669061186352,0.008956481481481482,0.10537407407407408,108,27,0,monthly_industry_30,monthly industry,market_state_mixed,27,calibration,iid,constant_a021,0.12133012345679012
-0.007476830828770065,-0.11198773169247742,0.08354986558546203,0.084,0.084,2.172989805172947,48.72951764286125,0.9798797240261764,0.009407407407407408,0.13405555555555554,108,2,1,monthly_industry_30,monthly industry,market_state_mixed,27,calibration,iid,constant_a022,0.12133012345679012
0.013031288888888885,0.013031288888888883,0.013031288888888897,,inf,0.0,0.0,1.0,0.009435185185185184,0.1265962962962963,108,200,0,monthly_industry_30,monthly industry,market_state_mixed,27,calibration,iid,constant_a023,0.12133012345679012
-0.005249764502661421,-0.041811871285762116,0.013031288888888895,0.0755,inf,1.0,22.301197588632704,0.9907407407407407,0.011483333333333335,0.11916296296296297,108,72,0,monthly_industry_30,monthly industry,market_state_mixed,27,calibration,iid,constant_a024,0.12133012345679012
-0.0037984491142497873,-0.03950089727323825,0.021452328684116364,0.024,inf,2.3207803829479214,47.81933232180957,0.9785112927504822,0.010116666666666666,0.11522222222222221,108,12,1,monthly_industry_30,monthly industry,market_state_mixed,27,calibration,iid,constant_a025,0.12133012345679012
0.025669317918791474,0.013031288888888888,0.05091448317538115,-0.0131,inf,1.9665321587839524,63.127124540177654,0.9817913689001486,0.009475925925925928,0.09744814814814814,108,37,0,monthly_industry_30,monthly industry,market_state_mixed,27,calibration,iid,constant_a026,0.12133012345679012
0.027982859341231323,-0.01693372203866006,0.0855522417918546,0.0746,0.0746,2.83356303110311,74.94471478351043,0.9737633052675638,0.011696296296296293,0.0864962962962963,108,1,1,monthly_industry_30,monthly industry,market_state_mixed,27,calibration,iid,constant_a027,0.12133012345679012
-0.013156681331046948,-0.07181505184804192,0.019134364107564816,0.02732256383683652,0.03389681763671944,2.8977082855358147,77.46922928900187,0.9731693677265202,0.0033916666666666683,0.17157407407407407,108,1,1,monthly_industry_30,monthly industry,market_state_mixed,27,calibration,iid,constant_a028,0.12133012345679012
-0.013808904907437594,-0.05103987525130795,0.013031288888888893,0.0154,inf,1.9937516634121553,70.10583853127363,0.9815393364498874,0.005977777777777777,0.14215185185185186,108,29,0,monthly_industry_30,monthly industry,market_state_mixed,27,calibration,iid,constant_a029,0.12133012345679012
0.009098245437128576,-0.01166025062879806,0.021990654599534556,0.009266666666666668,inf,1.8671073473343798,68.87470351434725,0.9827119690061632,0.008955,0.12133012345679012,108,32,0,monthly_industry_30,monthly industry,market_state_mixed,27,calibration,iid,constant_equal_weight_public,0.12133012345679012
-0.01928552168285527,-0.11860909257588335,0.05329560291522854,0.195957236637417,0.38060000000000005,3.4167596216762703,75.66139383842608,0.9683633368363308,0.013036111111111111,0.2308074074074074,108,0,1,monthly_industry_30,monthly industry,market_state_mixed,27,calibration,iid,momentum_12,0.12133012345679012
0.03614485837662592,-0.0012480883319271798,0.0851360088988891,0.02717512629563108,0.035834177295426296,6.064395791422814,47.65867572138576,0.9438481871164555,0.009154320987654322,0.09146296296296295,108,0,2,monthly_industry_30,monthly industry,market_state_mixed,27,calibration,iid,low_vol_12,0.12133012345679012
-0.005570779307660419,-0.04113127524257149,0.02795467683775905,0.3303856853319119,0.38060000000000005,20.063721835525385,11.563737043901162,0.8142247978192094,0.0024592592592592587,0.2494555555555555,108,0,3,monthly_industry_30,monthly industry,market_state_mixed,27,calibration,iid,risk_adjusted_12,0.12133012345679012
0.06462079465045349,0.028735933586269895,0.08680738250082243,0.029100000000000004,0.029100000000000004,1.8168018226764915,77.05372766512234,0.9831777609011436,0.00976388888888889,0.08358518518518519,108,9,0,monthly_industry_30,monthly industry,market_state_mixed,27,calibration,iid,ridge_return_train_only,0.12133012345679012
0.02984213501103977,0.0022192758543614324,0.07463718370341708,0.0159,0.0159,2.822479233993854,47.65867572138576,0.9738659330185754,0.009589814814814813,0.0832074074074074,108,0,1,monthly_industry_30,monthly industry,market_state_mixed,27,calibration,block,constant_a000,0.12133012345679012
0.045058979674024786,0.0034819323353835266,0.09908825133571164,0.0167,0.0167,3.970246992877561,30.22669312043326,0.9632384537696522,0.011237037037037037,0.08046666666666666,108,1,1,monthly_industry_30,monthly industry,market_state_mixed,27,calibration,block,constant_a001,0.12133012345679012
-0.01607766773938693,-0.05517905560528425,0.03175359800683444,0.047068008280988005,0.0562,2.5601828988290016,77.39987012650222,0.9762946027886203,0.01357037037037037,0.08148518518518519,108,0,1,monthly_industry_30,monthly industry,market_state_mixed,27,calibration,block,constant_a002,0.12133012345679012
0.011593952719554837,-0.01590748882560599,0.036256655330280906,0.0384,inf,1.9299552397670112,20.256074079195074,0.9821300440762314,0.009954629629629631,0.2067925925925926,108,27,0,monthly_industry_30,monthly industry,market_state_mixed,27,calibration,block,constant_a003,0.12133012345679012
-0.05302818146690428,-0.21862155085749377,0.06917534327779691,0.08650000000000001,inf,2.9986064920111413,74.26276091968118,0.9722351250739709,0.0031333333333333348,0.1556074074074074,108,10,1,monthly_industry_30,monthly industry,market_state_mixed,27,calibration,block,constant_a004,0.12133012345679012
0.03902522197376524,0.015256149245631687,0.060639112396307676,,inf,0.0,0.0,1.0,0.007787037037037038,0.10028888888888889,108,200,0,monthly_industry_30,monthly industry,market_state_mixed,27,calibration,block,constant_a005,0.12133012345679012
0.10122441429679602,0.013031288888888888,0.21593390381636243,-0.006999999999999999,-0.006999999999999998,3.993030911001287,74.8740388894215,0.9630274915648029,0.012547222222222222,0.13836666666666664,108,6,1,monthly_industry_30,monthly industry,market_state_mixed,27,calibration,block,constant_a006,0.12133012345679012
-0.032955316262387284,-0.12469988479333192,0.011349672785942344,0.036699999999999997,inf,2.4634327920888692,77.05372766512234,0.9771904371102883,0.010110185185185182,0.08343333333333333,108,10,1,monthly_industry_30,monthly industry,market_state_mixed,27,calibration,block,constant_a007,0.12133012345679012
0.026392559298572933,0.013031288888888895,0.04628816725956318,-0.0236,-0.0236,1.8238614853062995,50.97679899193296,0.9831123936545713,0.01219907407407408,0.1576222222222222,108,7,0,monthly_industry_30,monthly industry,market_state_mixed,27,calibration,block,constant_a008,0.12133012345679012
0.16140907130554025,0.013397454523340112,0.4540520306553495,0.01404837797767225,0.034,1.6472141829163884,54.76324803496812,0.9847480168248482,0.01513333333333333,0.24232222222222222,108,0,0,monthly_industry_30,monthly industry,market_state_mixed,27,calibration,block,constant_a009,0.12133012345679012
0.03182579040131548,0.013031288888888883,0.06988465596397907,-0.039599999999999996,inf,1.0,76.39836779636587,0.9907407407407407,0.004490740740740739,0.16894074074074072,108,72,0,monthly_industry_30,monthly industry,market_state_mixed,27,calibration,block,constant_a010,0.12133012345679012
-0.00888810683337031,-0.12677668877751938,0.06239781588864272,0.0525,inf,1.999998516780692,76.80433700189407,0.9814814952149936,0.005515740740740741,0.23192222222222222,108,23,0,monthly_industry_30,monthly industry,market_state_mixed,27,calibration,block,constant_a011,0.12133012345679012
0.03069020547161627,0.005366205790321586,0.08054280246665178,0.010314517691274915,0.0116,2.614489604149252,73.68740937704575,0.975791762924544,0.01081574074074074,0.17674444444444445,108,3,1,monthly_industry_30,monthly industry,market_state_mixed,27,calibration,block,constant_a012,0.12133012345679012
-0.006261211269576585,-0.06413871174497293,0.0130312888888889,0.1056,inf,1.0,17.563579023960344,0.9907407407407407,0.009680555555555555,0.16028888888888887,108,75,0,monthly_industry_30,monthly industry,market_state_mixed,27,calibration,block,constant_a013,0.12133012345679012
-0.2953484457562698,-0.8556422199879479,0.01401650303791013,0.3643,0.36430000000000007,2.618984518995739,77.28687810167852,0.975750143342632,0.009813888888888888,0.1906925925925926,108,1,1,monthly_industry_30,monthly industry,market_state_mixed,27,calibration,block,constant_a014,0.12133012345679012
0.006955509068163691,-0.006957266058460419,0.014654133584339868,0.0051,inf,1.4179466199782318,39.41289745333432,0.9868708646298312,0.011383333333333332,0.1517,108,33,0,monthly_industry_30,monthly industry,market_state_mixed,27,calibration,block,constant_a015,0.12133012345679012
-0.027335281358065115,-0.10347310291198596,0.013217317534370445,0.0412,0.04120000000000001,1.9391670095442364,75.66139383842608,0.9820447499116275,0.005846296296296298,0.21665185185185185,108,9,0,monthly_industry_30,monthly industry,market_state_mixed,27,calibration,block,constant_a016,0.12133012345679012
0.13637938583985948,0.016583824906684197,0.312102328837118,0.16002728603925656,0.33064586411411295,5.57289506316208,77.49980208274604,0.9483991197855363,-0.0003518518518518532,0.29553703703703704,108,0,2,monthly_industry_30,monthly industry,market_state_mixed,27,calibration,block,constant_a017,0.12133012345679012
0.06509801305216778,0.01303128888888889,0.1582486446217383,-0.0296,inf,1.9993705664846837,77.1785384947948,0.9814873095695863,0.007457407407407407,0.13156296296296294,108,27,0,monthly_industry_30,monthly industry,market_state_mixed,27,calibration,block,constant_a018,0.12133012345679012
0.009568588365813115,-0.017963047325974407,0.040632481613944935,-0.002,-0.002,2.870859718509523,20.389554433539463,0.9734179655693562,0.008509259259259258,0.09720740740740741,108,4,1,monthly_industry_30,monthly industry,market_state_mixed,27,calibration,block,constant_a019,0.12133012345679012
-0.04261451060852222,-0.08037292663463685,-0.01536073022313078,-0.0005,-0.0005,1.9282430550691976,41.73189836176105,0.9821458976382482,0.01028611111111111,0.11100000000000002,108,6,0,monthly_industry_30,monthly industry,market_state_mixed,27,calibration,block,constant_a020,0.12133012345679012
0.009473002753648527,0.004125591214925869,0.013031288888888895,0.069,inf,1.7637413918739835,5.056197477859136,0.983669061186352,0.008956481481481482,0.10537407407407408,108,31,0,monthly_industry_30,monthly industry,market_state_mixed,27,calibration,block,constant_a021,0.12133012345679012
-0.007476830828770065,-0.09629438285005577,0.06075976635161515,0.084,0.084,2.172989805172947,48.72951764286125,0.9798797240261764,0.009407407407407408,0.13405555555555554,108,3,1,monthly_industry_30,monthly industry,market_state_mixed,27,calibration,block,constant_a022,0.12133012345679012
0.013031288888888885,0.013031288888888881,0.0130312888888889,,inf,0.0,0.0,1.0,0.009435185185185184,0.1265962962962963,108,200,0,monthly_industry_30,monthly industry,market_state_mixed,27,calibration,block,constant_a023,0.12133012345679012
-0.005249764502661421,-0.04181187128576211,0.0130312888888889,0.0755,inf,1.0,22.301197588632704,0.9907407407407407,0.011483333333333335,0.11916296296296297,108,70,0,monthly_industry_30,monthly industry,market_state_mixed,27,calibration,block,constant_a024,0.12133012345679012
-0.0037984491142497873,-0.03947345996001162,0.021452328684116374,0.024,inf,2.3207803829479214,47.81933232180957,0.9785112927504822,0.010116666666666666,0.11522222222222221,108,17,1,monthly_industry_30,monthly industry,market_state_mixed,27,calibration,block,constant_a025,0.12133012345679012
0.025669317918791474,0.013031288888888885,0.05094537597859639,-0.0131,inf,1.9665321587839524,63.127124540177654,0.9817913689001486,0.009475925925925928,0.09744814814814814,108,41,0,monthly_industry_30,monthly industry,market_state_mixed,27,calibration,block,constant_a026,0.12133012345679012
0.027982859341231323,-0.012257482536656024,0.07603467623609562,0.0746,0.0746,2.83356303110311,74.94471478351043,0.9737633052675638,0.011696296296296293,0.0864962962962963,108,0,1,monthly_industry_30,monthly industry,market_state_mixed,27,calibration,block,constant_a027,0.12133012345679012
-0.013156681331046948,-0.07573143205538829,0.021994472310448033,0.02732256383683652,0.036000000000000004,2.8977082855358147,77.46922928900187,0.9731693677265202,0.0033916666666666683,0.17157407407407407,108,2,1,monthly_industry_30,monthly industry,market_state_mixed,27,calibration,block,constant_a028,0.12133012345679012
-0.013808904907437594,-0.05714784466268764,0.013031288888888892,0.0154,inf,1.9937516634121553,70.10583853127363,0.9815393364498874,0.005977777777777777,0.14215185185185186,108,24,0,monthly_industry_30,monthly industry,market_state_mixed,27,calibration,block,constant_a029,0.12133012345679012
0.009098245437128576,-0.015593294080558364,0.025923698051294877,0.009266666666666668,inf,1.8671073473343798,68.87470351434725,0.9827119690061632,0.008955,0.12133012345679012,108,22,0,monthly_industry_30,monthly industry,market_state_mixed,27,calibration,block,constant_equal_weight_public,0.12133012345679012
-0.01928552168285527,-0.10553896891544454,0.05289605806140063,0.195957236637417,0.38060000000000005,3.4167596216762703,75.66139383842608,0.9683633368363308,0.013036111111111111,0.2308074074074074,108,0,1,monthly_industry_30,monthly industry,market_state_mixed,27,calibration,block,momentum_12,0.12133012345679012
0.03614485837662592,-0.007374581495838856,0.089191285920196,0.02717512629563108,0.035394886218892044,6.064395791422814,47.65867572138576,0.9438481871164555,0.009154320987654322,0.09146296296296295,108,0,2,monthly_industry_30,monthly industry,market_state_mixed,27,calibration,block,low_vol_12,0.12133012345679012
-0.005570779307660419,-0.04571053142462933,0.02649616372412371,0.3303856853319119,0.38060000000000005,20.063721835525385,11.563737043901162,0.8142247978192094,0.0024592592592592587,0.2494555555555555,108,0,3,monthly_industry_30,monthly industry,market_state_mixed,27,calibration,block,risk_adjusted_12,0.12133012345679012
0.06462079465045349,0.03068791966626635,0.09040892373771077,0.029100000000000004,inf,1.8168018226764915,77.05372766512234,0.9831777609011436,0.00976388888888889,0.08358518518518519,108,10,0,monthly_industry_30,monthly industry,market_state_mixed,27,calibration,block,ridge_return_train_only,0.12133012345679012
0.008045181410137256,-0.032228780170106996,0.04276358798913038,0.048799999999999996,0.048799999999999996,5.126643993623018,70.99147982129641,0.9623040882821837,0.005722058823529412,0.07954117647058823,136,0,2,monthly_industry_30,monthly industry,market_state_mixed,27,test,iid,constant_a000,0.12133012345679012
0.07771556057028206,-0.025345256450711073,0.1870307612845367,0.030699999999999998,0.0307,5.206052377931961,77.05829333112148,0.9617202031034414,0.005813235294117649,0.08037058823529412,136,1,2,monthly_industry_30,monthly industry,market_state_mixed,27,test,iid,constant_a001,0.12133012345679012
-0.011054616419060113,-0.06204090911655545,0.020567081471709197,0.04467040387876548,0.05840000000000001,1.4960585180284593,73.56271459614773,0.988999569720379,0.011203676470588236,0.12225294117647058,136,0,0,monthly_industry_30,monthly industry,market_state_mixed,27,test,iid,constant_a002,0.12133012345679012
0.00660286824019128,-0.0074752276770301005,0.015884864765348606,0.004106369145378738,0.012199999999999999,2.2753537371166397,77.463023198812,0.9832694578153188,0.012388235294117648,0.15730882352941175,136,4,1,monthly_industry_30,monthly industry,market_state_mixed,27,test,iid,constant_a003,0.12133012345679012
0.031268283701409626,-0.004443371169703735,0.0735817635983853,0.0338,0.0338,2.7513267835956765,53.95315236711247,0.9797696560029729,0.0059507352941176464,0.1360823529411765,136,7,1,monthly_industry_30,monthly industry,market_state_mixed,27,test,iid,constant_a004,0.12133012345679012
0.002278870095163487,-0.03503245236484271,0.06789972466718139,0.035053523965088866,0.038500000000000006,1.1329766954389728,72.04234259703547,0.9916692890041252,0.005198529411764706,0.09060294117647058,136,9,0,monthly_industry_30,monthly industry,market_state_mixed,27,test,iid,constant_a005,0.12133012345679012
0.017473851375720797,0.004471017930870004,0.03167480624971847,0.0784,0.0784,2.0754289286470198,34.69314143373618,0.984739493171713,0.004352205882352941,0.14798235294117645,136,4,1,monthly_industry_30,monthly industry,market_state_mixed,27,test,iid,constant_a006,0.12133012345679012
0.10238779628600182,0.016890610837970502,0.25841356295917733,0.08380000000000001,0.08380000000000001,2.173009799385844,25.798821283837306,0.9840219867692217,0.008147794117647059,0.0847264705882353,136,6,1,monthly_industry_30,monthly industry,market_state_mixed,27,test,iid,constant_a007,0.12133012345679012
0.013031288888888872,0.01303128888888889,0.013031288888888897,,inf,0.0,0.0,1.0,0.006644117647058825,0.12974411764705882,136,200,0,monthly_industry_30,monthly industry,market_state_mixed,27,test,iid,constant_a008,0.12133012345679012
-0.010362913639087265,-0.06056995911484259,0.016449929308691994,0.0302,inf,1.9995567307572917,77.17997763328427,0.9852973769797257,0.0021544117647058834,0.2105794117647059,136,27,0,monthly_industry_30,monthly industry,market_state_mixed,27,test,iid,constant_a009,0.12133012345679012
0.013031288888888872,0.01303128888888889,0.013031288888888897,,inf,0.0,0.0,1.0,0.01612941176470588,0.1451029411764706,136,200,0,monthly_industry_30,monthly industry,market_state_mixed,27,test,iid,constant_a010,0.12133012345679012
0.07520224450138688,-0.03271794308142834,0.23202104589442915,0.0401,0.0401,5.335507314593036,77.48439571616325,0.9607683285691688,0.01574558823529412,0.17915,136,0,2,monthly_industry_30,monthly industry,market_state_mixed,27,test,iid,constant_a011,0.12133012345679012
-0.0007955471947291836,-0.08133799175654188,0.05313720862662924,0.0751,0.0751,3.5067166033470367,63.694300239491746,0.9742153190930365,0.016123529411764703,0.12421176470588235,136,0,1,monthly_industry_30,monthly industry,market_state_mixed,27,test,iid,constant_a012,0.12133012345679012
0.011728514961034133,-0.042239372276939725,0.0643936282711533,0.021,inf,1.9980422158857705,73.6264592964712,0.985308513118487,0.012578676470588237,0.14005882352941176,136,33,0,monthly_industry_30,monthly industry,market_state_mixed,27,test,iid,constant_a013,0.12133012345679012
0.03551840625746907,-0.10627143765123073,0.20593266689078302,0.1015,0.10150000000000002,4.102532638379839,75.02748854662653,0.9698343188354424,0.0199125,0.21385882352941174,136,1,1,monthly_industry_30,monthly industry,market_state_mixed,27,test,iid,constant_a014,0.12133012345679012
-0.012935669520718085,-0.06214018916036234,0.017803718527884715,0.0496,0.049600000000000005,2.14075275218376,50.457144073826825,0.9842591709398253,0.012144117647058823,0.14591176470588232,136,8,1,monthly_industry_30,monthly industry,market_state_mixed,27,test,iid,constant_a015,0.12133012345679012
0.012912921595421645,0.006858181542871944,0.021222936221931405,0.1746,0.1746,3.9888290825471775,1.874085420778078,0.9706703743930355,0.015613235294117645,0.13995294117647059,136,3,1,monthly_industry_30,monthly industry,market_state_mixed,27,test,iid,constant_a016,0.12133012345679012
0.06064340761510092,0.013128812850164264,0.18458879082370178,-0.0207,-0.0207,1.9687733706889776,17.040146995692563,0.9855237252155222,0.009413235294117648,0.2893911764705882,136,3,0,monthly_industry_30,monthly industry,market_state_mixed,27,test,iid,constant_a017,0.12133012345679012
-0.030599081218477268,-0.17978427074182798,0.07408500914128535,0.1094,0.10940000000000001,3.6419718999069652,77.4866846559835,0.9732207948536252,0.010013235294117651,0.17509411764705882,136,0,1,monthly_industry_30,monthly industry,market_state_mixed,27,test,iid,constant_a018,0.12133012345679012
-0.012234842703112193,-0.020793516301197943,-0.0016150712207214282,0.011439775640928497,0.013900000000000001,2.3162147380354545,66.44973725450338,0.9829690092791511,0.008348529411764708,0.08674705882352941,136,0,1,monthly_industry_30,monthly industry,market_state_mixed,27,test,iid,constant_a019,0.12133012345679012
-0.014045878463812741,-0.035946472180935385,0.01993150645412824,0.0622,inf,2.4065976740238977,56.69282979321185,0.9823044288674714,0.005097058823529412,0.1036735294117647,136,15,1,monthly_industry_30,monthly industry,market_state_mixed,27,test,iid,constant_a020,0.12133012345679012
0.014400545303556788,-0.019453345748509154,0.05679735168638561,0.08339956348172367,0.1139,5.487044847349227,52.18058888424564,0.9596540820047851,0.014211029411764706,0.10055882352941177,136,0,2,monthly_industry_30,monthly industry,market_state_mixed,27,test,iid,constant_a021,0.12133012345679012
0.07903120057857756,-0.007379345106196248,0.220625859196093,0.03894167009090269,0.051399999999999994,4.208305263110329,71.75861678140848,0.9690565789477181,0.020024264705882353,0.10592058823529413,136,0,1,monthly_industry_30,monthly industry,market_state_mixed,27,test,iid,constant_a022,0.12133012345679012
-0.09389532034203234,-0.31244718073324523,0.05532019805393591,0.09820000000000001,0.09820000000000001,5.991609323605381,77.47618952945992,0.955944049091137,0.002658823529411765,0.10287058823529413,136,2,2,monthly_industry_30,monthly industry,market_state_mixed,27,test,iid,constant_a023,0.12133012345679012
0.05101730965458823,0.013031288888888892,0.13366646879250502,-0.0276,inf,1.9999487513884993,73.81125159663495,0.9852944944750845,0.008090441176470588,0.12422352941176472,136,27,0,monthly_industry_30,monthly industry,market_state_mixed,27,test,iid,constant_a024,0.12133012345679012
0.034472611377592006,-0.009754688235223996,0.09807181475142006,0.0592,inf,2.5268919393678915,74.14621596563718,0.9814199122105303,0.010133823529411765,0.10630294117647059,136,13,1,monthly_industry_30,monthly industry,market_state_mixed,27,test,iid,constant_a025,0.12133012345679012
0.009522879732349977,0.003218336956214925,0.013031288888888895,0.0506,inf,1.7980920415389592,11.863096286973803,0.9867787349886841,0.012989705882352941,0.09431470588235294,136,35,0,monthly_industry_30,monthly industry,market_state_mixed,27,test,iid,constant_a026,0.12133012345679012
0.019637373091937336,0.007605621839823994,0.039565327647454226,0.010084788720222289,0.025,2.3474353477160133,72.8220634496675,0.9827394459726764,0.01041985294117647,0.09985882352941176,136,0,1,monthly_industry_30,monthly industry,market_state_mixed,27,test,iid,constant_a027,0.12133012345679012
0.0174465540314389,0.013031288888888892,0.030692349459088823,-0.0707,inf,1.0,10.412510489957917,0.9926470588235294,0.011051470588235293,0.1126235294117647,136,77,0,monthly_industry_30,monthly industry,market_state_mixed,27,test,iid,constant_a028,0.12133012345679012
0.003233081231992173,-0.019821863336523096,0.026555512363642755,0.0636,0.0636,3.786734847792306,49.942517179013564,0.9721563614132919,0.008997058823529412,0.08895882352941176,136,2,1,monthly_industry_30,monthly industry,market_state_mixed,27,test,iid,constant_a029,0.12133012345679012
0.0007694733388848805,-0.04574738684170288,0.050571564575243984,0.043533333333333334,0.043533333333333334,5.61373826755325,62.6491901335162,0.958722512738579,0.01024235294117647,0.10200901960784312,136,0,2,monthly_industry_30,monthly industry,market_state_mixed,27,test,iid,constant_equal_weight_public,0.12133012345679012
0.0635405011238697,0.009027217223521046,0.19123947509148806,0.14395206929403415,0.1746,6.740502821604505,17.040146995692563,0.950437479252908,0.02070735294117647,0.17675588235294115,136,0,2,monthly_industry_30,monthly industry,market_state_mixed,27,test,iid,momentum_12,0.12133012345679012
-0.03677419812529585,-0.15067391774708375,0.03379901089169438,0.0849,0.0849,3.391589176706709,77.47271548544366,0.9750618442889213,0.006003799019607842,0.08625,136,0,1,monthly_industry_30,monthly industry,market_state_mixed,27,test,iid,low_vol_12,0.12133012345679012
-0.008827573317152013,-0.03758579522977004,0.013696590492707916,0.1290878166680351,0.15587562363896926,28.38280016549307,10.412510489957917,0.7913029399596098,0.015530686274509806,0.1313264705882353,136,0,3,monthly_industry_30,monthly industry,market_state_mixed,27,test,iid,risk_adjusted_12,0.12133012345679012
0.052944563642987844,0.045229832942030826,0.060289131301165554,0.0584,0.05840000000000001,3.903960827046426,2.7792907643307534,0.9712944056834821,0.011302941176470587,0.09007941176470587,136,4,1,monthly_industry_30,monthly industry,market_state_mixed,27,test,iid,ridge_return_train_only,0.12133012345679012
0.008045181410137256,-0.034591555077307545,0.04310691484209692,0.048799999999999996,0.048799999999999996,5.126643993623018,70.99147982129641,0.9623040882821837,0.005722058823529412,0.07954117647058823,136,1,2,monthly_industry_30,monthly industry,market_state_mixed,27,test,block,constant_a000,0.12133012345679012
0.07771556057028206,-0.0374442508968126,0.21064912420233547,0.030699999999999998,0.0307,5.206052377931961,77.05829333112148,0.9617202031034414,0.005813235294117649,0.08037058823529412,136,0,2,monthly_industry_30,monthly industry,market_state_mixed,27,test,block,constant_a001,0.12133012345679012
-0.011054616419060113,-0.0763828237726948,0.02230154682800011,0.04467040387876548,0.05840000000000001,1.4960585180284593,73.56271459614773,0.988999569720379,0.011203676470588236,0.12225294117647058,136,2,0,monthly_industry_30,monthly industry,market_state_mixed,27,test,block,constant_a002,0.12133012345679012
0.00660286824019128,-0.006394955567671948,0.015462720578133745,0.004106369145378738,0.012199999999999999,2.2753537371166397,77.463023198812,0.9832694578153188,0.012388235294117648,0.15730882352941175,136,4,1,monthly_industry_30,monthly industry,market_state_mixed,27,test,block,constant_a003,0.12133012345679012
0.031268283701409626,-0.004443371169703736,0.0766978704369551,0.0338,inf,2.7513267835956765,53.95315236711247,0.9797696560029729,0.0059507352941176464,0.1360823529411765,136,16,1,monthly_industry_30,monthly industry,market_state_mixed,27,test,block,constant_a004,0.12133012345679012
0.002278870095163487,-0.03915678332511903,0.07874241335129174,0.035053523965088866,0.038500000000000006,1.1329766954389728,72.04234259703547,0.9916692890041252,0.005198529411764706,0.09060294117647058,136,7,0,monthly_industry_30,monthly industry,market_state_mixed,27,test,block,constant_a005,0.12133012345679012
0.017473851375720797,0.005049453453582333,0.03321194644984954,0.0784,inf,2.0754289286470198,34.69314143373618,0.984739493171713,0.004352205882352941,0.14798235294117645,136,11,1,monthly_industry_30,monthly industry,market_state_mixed,27,test,block,constant_a006,0.12133012345679012
0.10238779628600182,0.015923765189222436,0.2586727021888151,0.08380000000000001,0.08380000000000001,2.173009799385844,25.798821283837306,0.9840219867692217,0.008147794117647059,0.0847264705882353,136,3,1,monthly_industry_30,monthly industry,market_state_mixed,27,test,block,constant_a007,0.12133012345679012
0.013031288888888872,0.013031288888888888,0.013031288888888897,,inf,0.0,0.0,1.0,0.006644117647058825,0.12974411764705882,136,200,0,monthly_industry_30,monthly industry,market_state_mixed,27,test,block,constant_a008,0.12133012345679012
-0.010362913639087265,-0.06109783683771196,0.016449929308691987,0.0302,inf,1.9995567307572917,77.17997763328427,0.9852973769797257,0.0021544117647058834,0.2105794117647059,136,18,0,monthly_industry_30,monthly industry,market_state_mixed,27,test,block,constant_a009,0.12133012345679012
0.013031288888888872,0.013031288888888888,0.013031288888888897,,inf,0.0,0.0,1.0,0.01612941176470588,0.1451029411764706,136,200,0,monthly_industry_30,monthly industry,market_state_mixed,27,test,block,constant_a010,0.12133012345679012
0.07520224450138688,-0.0358053941880935,0.23557612793964008,0.0401,0.0401,5.335507314593036,77.48439571616325,0.9607683285691688,0.01574558823529412,0.17915,136,0,2,monthly_industry_30,monthly industry,market_state_mixed,27,test,block,constant_a011,0.12133012345679012
-0.0007955471947291836,-0.07373900599007761,0.054612184727123245,0.0751,0.0751,3.5067166033470367,63.694300239491746,0.9742153190930365,0.016123529411764703,0.12421176470588235,136,1,1,monthly_industry_30,monthly industry,market_state_mixed,27,test,block,constant_a012,0.12133012345679012
0.011728514961034133,-0.04223937227693972,0.06439362827115332,0.021,inf,1.9980422158857705,73.6264592964712,0.985308513118487,0.012578676470588237,0.14005882352941176,136,26,0,monthly_industry_30,monthly industry,market_state_mixed,27,test,block,constant_a013,0.12133012345679012
0.03551840625746907,-0.13737135659821578,0.20911730566021441,0.1015,0.10150000000000002,4.102532638379839,75.02748854662653,0.9698343188354424,0.0199125,0.21385882352941174,136,0,1,monthly_industry_30,monthly industry,market_state_mixed,27,test,block,constant_a014,0.12133012345679012
-0.012935669520718085,-0.08047540786769784,0.017369335108582563,0.0496,0.0496,2.14075275218376,50.457144073826825,0.9842591709398253,0.012144117647058823,0.14591176470588232,136,3,1,monthly_industry_30,monthly industry,market_state_mixed,27,test,block,constant_a015,0.12133012345679012
0.012912921595421645,0.008096047737249128,0.018894330442165132,0.1746,inf,3.9888290825471775,1.874085420778078,0.9706703743930355,0.015613235294117645,0.13995294117647059,136,10,1,monthly_industry_30,monthly industry,market_state_mixed,27,test,block,constant_a016,0.12133012345679012
0.06064340761510092,0.013126374751132371,0.1493042145221991,-0.0207,-0.0207,1.9687733706889776,17.040146995692563,0.9855237252155222,0.009413235294117648,0.2893911764705882,136,5,0,monthly_industry_30,monthly industry,market_state_mixed,27,test,block,constant_a017,0.12133012345679012
-0.030599081218477268,-0.176953957508496,0.0711432207763099,0.1094,0.10940000000000001,3.6419718999069652,77.4866846559835,0.9732207948536252,0.010013235294117651,0.17509411764705882,136,1,1,monthly_industry_30,monthly industry,market_state_mixed,27,test,block,constant_a018,0.12133012345679012
-0.012234842703112193,-0.02744284434333563,0.0029022292317389506,0.011439775640928497,0.0139,2.3162147380354545,66.44973725450338,0.9829690092791511,0.008348529411764708,0.08674705882352941,136,2,1,monthly_industry_30,monthly industry,market_state_mixed,27,test,block,constant_a019,0.12133012345679012
-0.014045878463812741,-0.03803549202481557,0.016983765873023134,0.0622,inf,2.4065976740238977,56.69282979321185,0.9823044288674714,0.005097058823529412,0.1036735294117647,136,14,1,monthly_industry_30,monthly industry,market_state_mixed,27,test,block,constant_a020,0.12133012345679012
0.014400545303556788,-0.014930661773964043,0.052147172263183696,0.08339956348172367,0.1139,5.487044847349227,52.18058888424564,0.9596540820047851,0.014211029411764706,0.10055882352941177,136,0,2,monthly_industry_30,monthly industry,market_state_mixed,27,test,block,constant_a021,0.12133012345679012
0.07903120057857756,0.005192340080289913,0.20072711005878305,0.03894167009090269,0.051399999999999994,4.208305263110329,71.75861678140848,0.9690565789477181,0.020024264705882353,0.10592058823529413,136,0,1,monthly_industry_30,monthly industry,market_state_mixed,27,test,block,constant_a022,0.12133012345679012
-0.09389532034203234,-0.3140432165454481,0.06595750774184014,0.09820000000000001,0.09820000000000001,5.991609323605381,77.47618952945992,0.955944049091137,0.002658823529411765,0.10287058823529413,136,0,2,monthly_industry_30,monthly industry,market_state_mixed,27,test,block,constant_a023,0.12133012345679012
0.05101730965458823,0.013031288888888892,0.11133489960639656,-0.0276,inf,1.9999487513884993,73.81125159663495,0.9852944944750845,0.008090441176470588,0.12422352941176472,136,21,0,monthly_industry_30,monthly industry,market_state_mixed,27,test,block,constant_a024,0.12133012345679012
0.034472611377592006,-0.009794731554144558,0.08853763706759811,0.0592,inf,2.5268919393678915,74.14621596563718,0.9814199122105303,0.010133823529411765,0.10630294117647059,136,10,1,monthly_industry_30,monthly industry,market_state_mixed,27,test,block,constant_a025,0.12133012345679012
0.009522879732349977,0.003250234224719826,0.013031288888888895,0.0506,inf,1.7980920415389592,11.863096286973803,0.9867787349886841,0.012989705882352941,0.09431470588235294,136,18,0,monthly_industry_30,monthly industry,market_state_mixed,27,test,block,constant_a026,0.12133012345679012
0.019637373091937336,0.007917360522771113,0.039598349010790145,0.010084788720222289,0.025,2.3474353477160133,72.8220634496675,0.9827394459726764,0.01041985294117647,0.09985882352941176,136,0,1,monthly_industry_30,monthly industry,market_state_mixed,27,test,block,constant_a027,0.12133012345679012
0.0174465540314389,0.013031288888888888,0.026277084316538846,-0.0707,inf,1.0,10.412510489957917,0.9926470588235294,0.011051470588235293,0.1126235294117647,136,82,0,monthly_industry_30,monthly industry,market_state_mixed,27,test,block,constant_a028,0.12133012345679012
0.003233081231992173,-0.013812801437606824,0.018123330175914706,0.0636,0.0636,3.786734847792306,49.942517179013564,0.9721563614132919,0.008997058823529412,0.08895882352941176,136,3,1,monthly_industry_30,monthly industry,market_state_mixed,27,test,block,constant_a029,0.12133012345679012
0.0007694733388848805,-0.05138485810964752,0.052226384551498944,0.043533333333333334,0.043533333333333334,5.61373826755325,62.6491901335162,0.958722512738579,0.01024235294117647,0.10200901960784312,136,0,2,monthly_industry_30,monthly industry,market_state_mixed,27,test,block,constant_equal_weight_public,0.12133012345679012
0.0635405011238697,0.009953306620979254,0.15832722225728424,0.14395206929403415,0.1746,6.740502821604505,17.040146995692563,0.950437479252908,0.02070735294117647,0.17675588235294115,136,0,2,monthly_industry_30,monthly industry,market_state_mixed,27,test,block,momentum_12,0.12133012345679012
-0.03677419812529585,-0.16213999600264292,0.029739985662972073,0.0849,0.0849,3.391589176706709,77.47271548544366,0.9750618442889213,0.006003799019607842,0.08625,136,0,1,monthly_industry_30,monthly industry,market_state_mixed,27,test,block,low_vol_12,0.12133012345679012
-0.008827573317152013,-0.03142331044718681,0.011148609444066137,0.1290878166680351,0.15675903939113822,28.38280016549307,10.412510489957917,0.7913029399596098,0.015530686274509806,0.1313264705882353,136,0,3,monthly_industry_30,monthly industry,market_state_mixed,27,test,block,risk_adjusted_12,0.12133012345679012
0.052944563642987844,0.042103926163258094,0.06206823785494129,0.0584,inf,3.903960827046426,2.7792907643307534,0.9712944056834821,0.011302941176470587,0.09007941176470587,136,30,1,monthly_industry_30,monthly industry,market_state_mixed,27,test,block,ridge_return_train_only,0.12133012345679012
0.017344666666666623,0.017344666666666644,0.017344666666666658,,inf,0.0,0.0,1.0,0.009589814814814813,0.0832074074074074,108,200,0,monthly_industry_30,monthly industry,low_overlap_concentration,7,calibration,iid,constant_a000,0.12133012345679012
0.013024666172711736,0.004423457439510947,0.02242524938746082,0.0738,0.0738,3.0,1.0097719869706845,0.9722222222222222,0.011237037037037037,0.08046666666666666,108,9,1,monthly_industry_30,monthly industry,low_overlap_concentration,7,calibration,iid,constant_a001,0.12133012345679012
-0.0167940619613754,-0.03517405613406453,0.00023606451440174892,0.0733,0.0733,12.99999999999999,1.0097719869706845,0.8796296296296298,0.01357037037037037,0.08148518518518519,108,0,3,monthly_industry_30,monthly industry,low_overlap_concentration,7,calibration,iid,constant_a002,0.12133012345679012
0.01697159331644344,0.013547054002292176,0.020558545104958373,0.0575,0.05750000000000001,8.999999999999998,1.0097719869706845,0.9166666666666667,0.009954629629629631,0.2067925925925926,108,0,2,monthly_industry_30,monthly industry,low_overlap_concentration,7,calibration,iid,constant_a003,0.12133012345679012
0.017344666666666623,0.017344666666666644,0.017344666666666658,,inf,0.0,0.0,1.0,0.0031333333333333348,0.1556074074074074,108,200,0,monthly_industry_30,monthly industry,low_overlap_concentration,7,calibration,iid,constant_a004,0.12133012345679012
0.017344666666666623,0.017344666666666644,0.017344666666666658,,inf,0.0,0.0,1.0,0.007787037037037038,0.10028888888888889,108,200,0,monthly_industry_30,monthly industry,low_overlap_concentration,7,calibration,iid,constant_a005,0.12133012345679012
-0.034710209459491874,-0.04373791999258276,-0.023189971691626298,0.051399999999999994,0.051399999999999994,3.0,1.0097719869706845,0.9722222222222222,0.012547222222222222,0.13836666666666664,108,7,1,monthly_industry_30,monthly industry,low_overlap_concentration,7,calibration,iid,constant_a006,0.12133012345679012
0.01592080090079218,0.012393119299674259,0.01734466666666665,0.1082,inf,2.0,1.0097719869706845,0.9814814814814815,0.010110185185185182,0.08343333333333333,108,33,1,monthly_industry_30,monthly industry,low_overlap_concentration,7,calibration,iid,constant_a007,0.12133012345679012
0.017344666666666623,0.017344666666666644,0.017344666666666658,,inf,0.0,0.0,1.0,0.01219907407407408,0.1576222222222222,108,200,0,monthly_industry_30,monthly industry,low_overlap_concentration,7,calibration,iid,constant_a008,0.12133012345679012
-0.0021005791402995315,-0.01748946385949847,0.01226234185355273,0.13128333333333334,0.1461,23.999999999999964,1.0097719869706845,0.7777777777777781,0.01513333333333333,0.24232222222222222,108,0,3,monthly_industry_30,monthly industry,low_overlap_concentration,7,calibration,iid,constant_a009,0.12133012345679012
0.01749384489484051,0.017344666666666647,0.017792201351188308,-0.0333,inf,1.0,1.0097719869706845,0.9907407407407407,0.004490740740740739,0.16894074074074072,108,66,0,monthly_industry_30,monthly industry,low_overlap_concentration,7,calibration,iid,constant_a010,0.12133012345679012
0.017396788354043468,0.01302602100675593,0.02148581248743312,0.0475,0.04750000000000001,13.999999999999986,1.0097719869706845,0.8703703703703705,0.005515740740740741,0.23192222222222222,108,0,3,monthly_industry_30,monthly industry,low_overlap_concentration,7,calibration,iid,constant_a011,0.12133012345679012
0.01662857626573366,0.015214060240479336,0.017344666666666654,0.0583,inf,2.0,1.0097719869706845,0.9814814814814815,0.01081574074074074,0.17674444444444445,108,32,1,monthly_industry_30,monthly industry,low_overlap_concentration,7,calibration,iid,constant_a012,0.12133012345679012
0.017344666666666623,0.017344666666666644,0.017344666666666658,,inf,0.0,0.0,1.0,0.009680555555555555,0.16028888888888887,108,200,0,monthly_industry_30,monthly industry,low_overlap_concentration,7,calibration,iid,constant_a013,0.12133012345679012
0.018430371013793335,0.01719558816905938,0.020133980551534147,-0.0014000000000000002,-0.0014000000000000002,4.0,1.0097719869706845,0.962962962962963,0.009813888888888888,0.1906925925925926,108,5,1,monthly_industry_30,monthly industry,low_overlap_concentration,7,calibration,iid,constant_a014,0.12133012345679012
0.058025135802090115,0.038962204396258304,0.0785880618227052,,inf,0.0,0.0,1.0,0.011383333333333332,0.1517,108,200,0,monthly_industry_30,monthly industry,low_overlap_concentration,7,calibration,iid,constant_a015,0.12133012345679012
0.043371753483808874,0.027837286763306192,0.0597455402054707,0.1149,0.1149,8.0,1.0097719869706843,0.9259259259259259,0.005846296296296298,0.21665185185185185,108,0,2,monthly_industry_30,monthly industry,low_overlap_concentration,7,calibration,iid,constant_a016,0.12133012345679012
0.035763143972927805,0.014617969429221568,0.05437619892430482,0.38060000000000005,0.38060000000000005,18.99999999999999,1.0097719869706843,0.8240740740740742,-0.0003518518518518532,0.29553703703703704,108,0,3,monthly_industry_30,monthly industry,low_overlap_concentration,7,calibration,iid,constant_a017,0.12133012345679012
0.017344666666666623,0.017344666666666644,0.017344666666666658,,inf,0.0,0.0,1.0,0.007457407407407407,0.13156296296296294,108,200,0,monthly_industry_30,monthly industry,low_overlap_concentration,7,calibration,iid,constant_a018,0.12133012345679012
0.017293760445570388,0.017191948003377953,0.017344666666666658,-0.011899999999999999,inf,1.0,1.0097719869706843,0.9907407407407407,0.008509259259259258,0.09720740740740741,108,74,0,monthly_industry_30,monthly industry,low_overlap_concentration,7,calibration,iid,constant_a019,0.12133012345679012
0.06557284948093456,0.05358465017381067,0.07735475144229609,,inf,0.0,0.0,1.0,0.01028611111111111,0.11100000000000002,108,200,0,monthly_industry_30,monthly industry,low_overlap_concentration,7,calibration,iid,constant_a020,0.12133012345679012
0.017344666666666623,0.017344666666666644,0.017344666666666658,,inf,0.0,0.0,1.0,0.008956481481481482,0.10537407407407408,108,200,0,monthly_industry_30,monthly industry,low_overlap_concentration,7,calibration,iid,constant_a021,0.12133012345679012
0.013348401139285301,-0.003465141047425369,0.02600222188938071,,inf,0.0,0.0,1.0,0.009407407407407408,0.13405555555555554,108,200,0,monthly_industry_30,monthly industry,low_overlap_concentration,7,calibration,iid,constant_a022,0.12133012345679012
0.017344666666666623,0.017344666666666644,0.017344666666666658,,inf,0.0,0.0,1.0,0.009435185185185184,0.1265962962962963,108,200,0,monthly_industry_30,monthly industry,low_overlap_concentration,7,calibration,iid,constant_a023,0.12133012345679012
0.018183955483170425,0.017297082720070762,0.019506482527043862,-0.0148,inf,3.0,1.0097719869706843,0.9722222222222222,0.011483333333333335,0.11916296296296297,108,10,1,monthly_industry_30,monthly industry,low_overlap_concentration,7,calibration,iid,constant_a024,0.12133012345679012
0.017344666666666623,0.017344666666666644,0.017344666666666658,,inf,0.0,0.0,1.0,0.010116666666666666,0.11522222222222221,108,200,0,monthly_industry_30,monthly industry,low_overlap_concentration,7,calibration,iid,constant_a025,0.12133012345679012
0.017344666666666623,0.017344666666666644,0.017344666666666658,,inf,0.0,0.0,1.0,0.009475925925925928,0.09744814814814814,108,200,0,monthly_industry_30,monthly industry,low_overlap_concentration,7,calibration,iid,constant_a026,0.12133012345679012
0.13208064944113207,0.11618172804825223,0.14705616176295605,0.031400000000000004,inf,2.0,1.009771986970684,0.9814814814814815,0.011696296296296293,0.0864962962962963,108,26,1,monthly_industry_30,monthly industry,low_overlap_concentration,7,calibration,iid,constant_a027,0.12133012345679012
0.017344666666666623,0.017344666666666644,0.017344666666666658,,inf,0.0,0.0,1.0,0.0033916666666666683,0.17157407407407407,108,200,0,monthly_industry_30,monthly industry,low_overlap_concentration,7,calibration,iid,constant_a028,0.12133012345679012
0.017344666666666623,0.017344666666666644,0.017344666666666658,,inf,0.0,0.0,1.0,0.005977777777777777,0.14215185185185186,108,200,0,monthly_industry_30,monthly industry,low_overlap_concentration,7,calibration,iid,constant_a029,0.12133012345679012
0.017344666666666623,0.017344666666666644,0.017344666666666658,,inf,0.0,0.0,1.0,0.008955,0.12133012345679012,108,200,0,monthly_industry_30,monthly industry,low_overlap_concentration,7,calibration,iid,constant_equal_weight_public,0.12133012345679012
0.013053695032748254,-0.004020327538997145,0.02894170941720724,0.2308074074074074,0.3149962962962961,108.00000000000067,1.0097719869706845,-6.217248937900877e-15,0.013036111111111111,0.2308074074074074,108,0,4,monthly_industry_30,monthly industry,low_overlap_concentration,7,calibration,iid,momentum_12,0.12133012345679012
0.018231496377452125,0.011679971043691709,0.02481911296081411,,inf,0.0,0.0,1.0,0.009154320987654322,0.09146296296296295,108,200,0,monthly_industry_30,monthly industry,low_overlap_concentration,7,calibration,iid,low_vol_12,0.12133012345679012
0.02946821374483178,0.010433518720676471,0.05000973236602558,0.3431,0.38060000000000005,34.999999999999964,1.0097719869706845,0.6759259259259263,0.0024592592592592587,0.2494555555555555,108,0,3,monthly_industry_30,monthly industry,low_overlap_concentration,7,calibration,iid,risk_adjusted_12,0.12133012345679012
0.18228627549015416,0.169358261939894,0.19642168391942574,-0.1082,inf,1.0,1.0097719869706843,0.9907407407407407,0.013705555555555558,0.17064444444444446,108,66,0,monthly_industry_30,monthly industry,low_overlap_concentration,7,calibration,iid,ridge_return_train_only,0.12133012345679012
0.017344666666666623,0.01734466666666664,0.01734466666666666,,inf,0.0,0.0,1.0,0.009589814814814813,0.0832074074074074,108,200,0,monthly_industry_30,monthly industry,low_overlap_concentration,7,calibration,block,constant_a000,0.12133012345679012
0.013024666172711736,-0.0027968332698895112,0.026064472077119618,0.0738,inf,3.0,1.0097719869706845,0.9722222222222222,0.011237037037037037,0.08046666666666666,108,30,1,monthly_industry_30,monthly industry,low_overlap_concentration,7,calibration,block,constant_a001,0.12133012345679012
-0.0167940619613754,-0.04439840342758359,0.008113458610943376,0.0733,0.0733,12.99999999999999,1.0097719869706845,0.8796296296296298,0.01357037037037037,0.08148518518518519,108,0,3,monthly_industry_30,monthly industry,low_overlap_concentration,7,calibration,block,constant_a002,0.12133012345679012
0.01697159331644344,0.014251986578598127,0.020276206468411946,0.0575,0.05750000000000001,8.999999999999998,1.0097719869706845,0.9166666666666667,0.009954629629629631,0.2067925925925926,108,0,2,monthly_industry_30,monthly industry,low_overlap_concentration,7,calibration,block,constant_a003,0.12133012345679012
0.017344666666666623,0.01734466666666664,0.01734466666666666,,inf,0.0,0.0,1.0,0.0031333333333333348,0.1556074074074074,108,200,0,monthly_industry_30,monthly industry,low_overlap_concentration,7,calibration,block,constant_a004,0.12133012345679012
0.017344666666666623,0.01734466666666664,0.01734466666666666,,inf,0.0,0.0,1.0,0.007787037037037038,0.10028888888888889,108,200,0,monthly_industry_30,monthly industry,low_overlap_concentration,7,calibration,block,constant_a005,0.12133012345679012
-0.034710209459491874,-0.047682747433618645,-0.01802196576900705,0.051399999999999994,inf,3.0,1.0097719869706845,0.9722222222222222,0.012547222222222222,0.13836666666666664,108,17,1,monthly_industry_30,monthly industry,low_overlap_concentration,7,calibration,block,constant_a006,0.12133012345679012
0.01592080090079218,0.013066817976635692,0.017344666666666658,0.1082,inf,2.0,1.0097719869706845,0.9814814814814815,0.010110185185185182,0.08343333333333333,108,31,1,monthly_industry_30,monthly industry,low_overlap_concentration,7,calibration,block,constant_a007,0.12133012345679012
0.017344666666666623,0.01734466666666664,0.01734466666666666,,inf,0.0,0.0,1.0,0.01219907407407408,0.1576222222222222,108,200,0,monthly_industry_30,monthly industry,low_overlap_concentration,7,calibration,block,constant_a008,0.12133012345679012
-0.0021005791402995315,-0.028848974747122388,0.018615453336087905,0.13128333333333334,0.1461,23.999999999999964,1.0097719869706845,0.7777777777777781,0.01513333333333333,0.24232222222222222,108,0,3,monthly_industry_30,monthly industry,low_overlap_concentration,7,calibration,block,constant_a009,0.12133012345679012
0.01749384489484051,0.01734466666666664,0.017792201351188308,-0.0333,inf,1.0,1.0097719869706845,0.9907407407407407,0.004490740740740739,0.16894074074074072,108,83,0,monthly_industry_30,monthly industry,low_overlap_concentration,7,calibration,block,constant_a010,0.12133012345679012
0.017396788354043468,0.01367785406864518,0.0214583973338159,0.0475,0.04750000000000001,13.999999999999986,1.0097719869706845,0.8703703703703705,0.005515740740740741,0.23192222222222222,108,2,3,monthly_industry_30,monthly industry,low_overlap_concentration,7,calibration,block,constant_a011,0.12133012345679012
0.01662857626573366,0.014497749029838731,0.017344666666666658,0.0583,inf,2.0,1.0097719869706845,0.9814814814814815,0.01081574074074074,0.17674444444444445,108,48,1,monthly_industry_30,monthly industry,low_overlap_concentration,7,calibration,block,constant_a012,0.12133012345679012
0.017344666666666623,0.01734466666666664,0.01734466666666666,,inf,0.0,0.0,1.0,0.009680555555555555,0.16028888888888887,108,200,0,monthly_industry_30,monthly industry,low_overlap_concentration,7,calibration,block,constant_a013,0.12133012345679012
0.018430371013793335,0.017051284272328767,0.0201013875115615,-0.0014000000000000002,-0.0014000000000000002,4.0,1.0097719869706845,0.962962962962963,0.009813888888888888,0.1906925925925926,108,9,1,monthly_industry_30,monthly industry,low_overlap_concentration,7,calibration,block,constant_a014,0.12133012345679012
0.058025135802090115,0.02075000556089694,0.09231233493403532,,inf,0.0,0.0,1.0,0.011383333333333332,0.1517,108,200,0,monthly_industry_30,monthly industry,low_overlap_concentration,7,calibration,block,constant_a015,0.12133012345679012
0.043371753483808874,0.023570760598149124,0.06788668150161677,0.1149,0.1149,8.0,1.0097719869706843,0.9259259259259259,0.005846296296296298,0.21665185185185185,108,2,2,monthly_industry_30,monthly industry,low_overlap_concentration,7,calibration,block,constant_a016,0.12133012345679012
0.035763143972927805,0.01459449829127737,0.055474815392485693,0.38060000000000005,0.38060000000000005,18.99999999999999,1.0097719869706843,0.8240740740740742,-0.0003518518518518532,0.29553703703703704,108,0,3,monthly_industry_30,monthly industry,low_overlap_concentration,7,calibration,block,constant_a017,0.12133012345679012
0.017344666666666623,0.01734466666666664,0.01734466666666666,,inf,0.0,0.0,1.0,0.007457407407407407,0.13156296296296294,108,200,0,monthly_industry_30,monthly industry,low_overlap_concentration,7,calibration,block,constant_a018,0.12133012345679012
0.017293760445570388,0.01719194800337795,0.017344666666666658,-0.011899999999999999,inf,1.0,1.0097719869706843,0.9907407407407407,0.008509259259259258,0.09720740740740741,108,72,0,monthly_industry_30,monthly industry,low_overlap_concentration,7,calibration,block,constant_a019,0.12133012345679012
0.06557284948093456,0.04896249059645046,0.08297967841835109,,inf,0.0,0.0,1.0,0.01028611111111111,0.11100000000000002,108,200,0,monthly_industry_30,monthly industry,low_overlap_concentration,7,calibration,block,constant_a020,0.12133012345679012
0.017344666666666623,0.01734466666666664,0.01734466666666666,,inf,0.0,0.0,1.0,0.008956481481481482,0.10537407407407408,108,200,0,monthly_industry_30,monthly industry,low_overlap_concentration,7,calibration,block,constant_a021,0.12133012345679012
0.013348401139285301,-0.008240730663165084,0.03321047632483665,,inf,0.0,0.0,1.0,0.009407407407407408,0.13405555555555554,108,200,0,monthly_industry_30,monthly industry,low_overlap_concentration,7,calibration,block,constant_a022,0.12133012345679012
0.017344666666666623,0.01734466666666664,0.01734466666666666,,inf,0.0,0.0,1.0,0.009435185185185184,0.1265962962962963,108,200,0,monthly_industry_30,monthly industry,low_overlap_concentration,7,calibration,block,constant_a023,0.12133012345679012
0.018183955483170425,0.017320874693368703,0.019522906748904164,-0.0148,inf,3.0,1.0097719869706843,0.9722222222222222,0.011483333333333335,0.11916296296296297,108,30,1,monthly_industry_30,monthly industry,low_overlap_concentration,7,calibration,block,constant_a024,0.12133012345679012
0.017344666666666623,0.01734466666666664,0.01734466666666666,,inf,0.0,0.0,1.0,0.010116666666666666,0.11522222222222221,108,200,0,monthly_industry_30,monthly industry,low_overlap_concentration,7,calibration,block,constant_a025,0.12133012345679012
0.017344666666666623,0.01734466666666664,0.01734466666666666,,inf,0.0,0.0,1.0,0.009475925925925928,0.09744814814814814,108,200,0,monthly_industry_30,monthly industry,low_overlap_concentration,7,calibration,block,constant_a026,0.12133012345679012
0.13208064944113207,0.10842186013309282,0.15254792501011205,0.031400000000000004,inf,2.0,1.009771986970684,0.9814814814814815,0.011696296296296293,0.0864962962962963,108,46,1,monthly_industry_30,monthly industry,low_overlap_concentration,7,calibration,block,constant_a027,0.12133012345679012
0.017344666666666623,0.01734466666666664,0.01734466666666666,,inf,0.0,0.0,1.0,0.0033916666666666683,0.17157407407407407,108,200,0,monthly_industry_30,monthly industry,low_overlap_concentration,7,calibration,block,constant_a028,0.12133012345679012
0.017344666666666623,0.01734466666666664,0.01734466666666666,,inf,0.0,0.0,1.0,0.005977777777777777,0.14215185185185186,108,200,0,monthly_industry_30,monthly industry,low_overlap_concentration,7,calibration,block,constant_a029,0.12133012345679012
0.017344666666666623,0.01734466666666664,0.01734466666666666,,inf,0.0,0.0,1.0,0.008955,0.12133012345679012,108,200,0,monthly_industry_30,monthly industry,low_overlap_concentration,7,calibration,block,constant_equal_weight_public,0.12133012345679012
0.013053695032748254,-0.007966812628511373,0.030908439722513933,0.2308074074074074,0.3417111111111111,108.00000000000067,1.0097719869706845,-6.217248937900877e-15,0.013036111111111111,0.2308074074074074,108,0,4,monthly_industry_30,monthly industry,low_overlap_concentration,7,calibration,block,momentum_12,0.12133012345679012
0.018231496377452125,0.010143108710418864,0.02748561016870047,,inf,0.0,0.0,1.0,0.009154320987654322,0.09146296296296295,108,200,0,monthly_industry_30,monthly industry,low_overlap_concentration,7,calibration,block,low_vol_12,0.12133012345679012
0.02946821374483178,0.006996345569524518,0.049179932083490925,0.3431,0.38060000000000005,34.999999999999964,1.0097719869706845,0.6759259259259263,0.0024592592592592587,0.2494555555555555,108,0,3,monthly_industry_30,monthly industry,low_overlap_concentration,7,calibration,block,risk_adjusted_12,0.12133012345679012
0.18228627549015416,0.15618997174769308,0.20285217443509218,-0.1082,inf,1.0,1.0097719869706843,0.9907407407407407,0.013705555555555558,0.17064444444444446,108,70,0,monthly_industry_30,monthly industry,low_overlap_concentration,7,calibration,block,ridge_return_train_only,0.12133012345679012
0.017344666666666644,0.017344666666666658,0.017344666666666668,,inf,0.0,0.0,1.0,0.005722058823529412,0.07954117647058823,136,200,0,monthly_industry_30,monthly industry,low_overlap_concentration,7,test,iid,constant_a000,0.12133012345679012
-0.028010067727889665,-0.03551239864164291,-0.02137997036041719,,inf,0.0,0.0,1.0,0.005813235294117649,0.08037058823529412,136,200,0,monthly_industry_30,monthly industry,low_overlap_concentration,7,test,iid,constant_a001,0.12133012345679012
-0.00661393968592254,-0.021211080414728054,0.00744158087322124,0.0584,0.05840000000000001,12.99999999999999,1.0097719869706845,0.9044117647058825,0.011203676470588236,0.12225294117647058,136,0,3,monthly_industry_30,monthly industry,low_overlap_concentration,7,test,iid,constant_a002,0.12133012345679012
0.018615618158012378,0.01738258843089353,0.020420891486236183,0.003,0.003,5.000000000000001,1.0097719869706845,0.9632352941176471,0.012388235294117648,0.15730882352941175,136,0,2,monthly_industry_30,monthly industry,low_overlap_concentration,7,test,iid,constant_a003,0.12133012345679012
0.017344666666666644,0.017344666666666658,0.017344666666666668,,inf,0.0,0.0,1.0,0.0059507352941176464,0.1360823529411765,136,200,0,monthly_industry_30,monthly industry,low_overlap_concentration,7,test,iid,constant_a004,0.12133012345679012
-0.011369531295905953,-0.07005064972935426,0.01770102373938174,-0.0154025674358141,0.0385,1.0045647134767481,3100.0000000000014,0.9926134947538474,0.005198529411764706,0.09060294117647058,136,0,0,monthly_industry_30,monthly industry,low_overlap_concentration,7,test,iid,constant_a005,0.12133012345679012
-0.03874246324898486,-0.05221487851738114,-0.025529073085007924,0.1007,0.1007,4.0,1.0097719869706845,0.9705882352941176,0.004352205882352941,0.14798235294117645,136,8,1,monthly_industry_30,monthly industry,low_overlap_concentration,7,test,iid,constant_a006,0.12133012345679012
0.017344666666666644,0.017344666666666658,0.017344666666666668,,inf,0.0,0.0,1.0,0.008147794117647059,0.0847264705882353,136,200,0,monthly_industry_30,monthly industry,low_overlap_concentration,7,test,iid,constant_a007,0.12133012345679012
0.017344666666666644,0.017344666666666658,0.017344666666666668,,inf,0.0,0.0,1.0,0.006644117647058825,0.12974411764705882,136,200,0,monthly_industry_30,monthly industry,low_overlap_concentration,7,test,iid,constant_a008,0.12133012345679012
0.006922414199850496,-0.006867619918105756,0.021683214622189053,0.1711,0.1711,11.999999999999991,1.0097719869706845,0.911764705882353,0.0021544117647058834,0.2105794117647059,136,0,3,monthly_industry_30,monthly industry,low_overlap_concentration,7,test,iid,constant_a009,0.12133012345679012
0.0164254623171744,0.012592428490451552,0.020003205862393816,0.1414,0.1414,8.999999999999998,1.0097719869706845,0.9338235294117647,0.01612941176470588,0.1451029411764706,136,0,2,monthly_industry_30,monthly industry,low_overlap_concentration,7,test,iid,constant_a010,0.12133012345679012
0.017344666666666644,0.017344666666666658,0.017344666666666668,,inf,0.0,0.0,1.0,0.01574558823529412,0.17915,136,200,0,monthly_industry_30,monthly industry,low_overlap_concentration,7,test,iid,constant_a011,0.12133012345679012
0.01734218678546335,0.01695391312192629,0.017659304687998974,0.0017,inf,3.0,1.0097719869706845,0.9779411764705882,0.016123529411764703,0.12421176470588235,136,12,1,monthly_industry_30,monthly industry,low_overlap_concentration,7,test,iid,constant_a012,0.12133012345679012
0.017344666666666644,0.017344666666666658,0.017344666666666668,,inf,0.0,0.0,1.0,0.012578676470588237,0.14005882352941176,136,200,0,monthly_industry_30,monthly industry,low_overlap_concentration,7,test,iid,constant_a013,0.12133012345679012
0.022810517883374896,0.011309630245257713,0.035297778393849386,0.23290476190476192,0.2351,20.99999999999997,1.0097719869706845,0.8455882352941179,0.0199125,0.21385882352941174,136,0,3,monthly_industry_30,monthly industry,low_overlap_concentration,7,test,iid,constant_a014,0.12133012345679012
0.11275489842447284,0.10188665435416938,0.1253500162046503,0.0175,0.0175,6.000000000000001,1.0097719869706845,0.9558823529411764,0.012144117647058823,0.14591176470588232,136,1,2,monthly_industry_30,monthly industry,low_overlap_concentration,7,test,iid,constant_a015,0.12133012345679012
0.052927610922641505,0.040504158670676894,0.06525238231796564,0.1746,0.1746,6.0,1.0097719869706843,0.9558823529411765,0.015613235294117645,0.13995294117647059,136,0,2,monthly_industry_30,monthly industry,low_overlap_concentration,7,test,iid,constant_a016,0.12133012345679012
0.0164067488974127,0.002041564037076863,0.028854503009689815,0.16065135135135133,0.1873,36.999999999999964,1.0097719869706843,0.7279411764705885,0.009413235294117648,0.2893911764705882,136,0,3,monthly_industry_30,monthly industry,low_overlap_concentration,7,test,iid,constant_a017,0.12133012345679012
0.017344666666666644,0.017344666666666658,0.017344666666666668,,inf,0.0,0.0,1.0,0.010013235294117651,0.17509411764705882,136,200,0,monthly_industry_30,monthly industry,low_overlap_concentration,7,test,iid,constant_a018,0.12133012345679012
0.017344666666666644,0.017344666666666658,0.017344666666666668,,inf,0.0,0.0,1.0,0.008348529411764708,0.08674705882352941,136,200,0,monthly_industry_30,monthly industry,low_overlap_concentration,7,test,iid,constant_a019,0.12133012345679012
0.03440040502307956,0.028371351852802713,0.039800914605965215,,inf,0.0,0.0,1.0,0.005097058823529412,0.1036735294117647,136,200,0,monthly_industry_30,monthly industry,low_overlap_concentration,7,test,iid,constant_a020,0.12133012345679012
0.017344666666666644,0.017344666666666658,0.017344666666666668,,inf,0.0,0.0,1.0,0.014211029411764706,0.10055882352941177,136,200,0,monthly_industry_30,monthly industry,low_overlap_concentration,7,test,iid,constant_a021,0.12133012345679012
0.007675568284972449,-0.004706150299646023,0.018321174253803568,0.09020000000000002,0.09020000000000002,7.000000000000001,1.0097719869706843,0.9485294117647058,0.020024264705882353,0.10592058823529413,136,0,2,monthly_industry_30,monthly industry,low_overlap_concentration,7,test,iid,constant_a022,0.12133012345679012
0.017344666666666644,0.017344666666666658,0.017344666666666668,,inf,0.0,0.0,1.0,0.002658823529411765,0.10287058823529413,136,200,0,monthly_industry_30,monthly industry,low_overlap_concentration,7,test,iid,constant_a023,0.12133012345679012
0.016892165069936745,0.015987161876476974,0.017344666666666668,0.0436,inf,1.0,1.0097719869706843,0.9926470588235294,0.008090441176470588,0.12422352941176472,136,80,0,monthly_industry_30,monthly industry,low_overlap_concentration,7,test,iid,constant_a024,0.12133012345679012
0.017344666666666644,0.017344666666666658,0.017344666666666668,,inf,0.0,0.0,1.0,0.010133823529411765,0.10630294117647059,136,200,0,monthly_industry_30,monthly industry,low_overlap_concentration,7,test,iid,constant_a025,0.12133012345679012
0.016986539151817054,0.014924628436961107,0.01877896362649294,0.09119999999999999,0.0912,3.0,1.0097719869706843,0.9779411764705882,0.012989705882352941,0.09431470588235294,136,9,1,monthly_industry_30,monthly industry,low_overlap_concentration,7,test,iid,constant_a026,0.12133012345679012
0.11337188707110989,0.10229135766597242,0.12700730769569632,-0.0323,inf,1.0,1.009771986970684,0.9926470588235294,0.01041985294117647,0.09985882352941176,136,76,0,monthly_industry_30,monthly industry,low_overlap_concentration,7,test,iid,constant_a027,0.12133012345679012
0.017344666666666644,0.017344666666666658,0.017344666666666668,,inf,0.0,0.0,1.0,0.011051470588235293,0.1126235294117647,136,200,0,monthly_industry_30,monthly industry,low_overlap_concentration,7,test,iid,constant_a028,0.12133012345679012
0.017344666666666644,0.017344666666666658,0.017344666666666668,,inf,0.0,0.0,1.0,0.008997058823529412,0.08895882352941176,136,200,0,monthly_industry_30,monthly industry,low_overlap_concentration,7,test,iid,constant_a029,0.12133012345679012
0.017344666666666644,0.017344666666666658,0.017344666666666668,,inf,0.0,0.0,1.0,0.01024235294117647,0.10200901960784312,136,200,0,monthly_industry_30,monthly industry,low_overlap_concentration,7,test,iid,constant_equal_weight_public,0.12133012345679012
0.020529198729341863,0.003980703026719375,0.0357757532318722,0.17710740740740738,0.20210882352941173,135.0000000000009,1.0097719869706845,0.007352941176463901,0.02070735294117647,0.17675588235294115,136,0,4,monthly_industry_30,monthly industry,low_overlap_concentration,7,test,iid,momentum_12,0.12133012345679012
0.009047797540781149,0.003457512701868008,0.01420351557837438,,inf,0.0,0.0,1.0,0.006003799019607842,0.08625,136,200,0,monthly_industry_30,monthly industry,low_overlap_concentration,7,test,iid,low_vol_12,0.12133012345679012
0.02322609128352219,0.009675277010955906,0.036464490397352556,0.1682811320754717,0.1873,52.99999999999998,1.0097719869706845,0.610294117647059,0.015530686274509806,0.1313264705882353,136,0,4,monthly_industry_30,monthly industry,low_overlap_concentration,7,test,iid,risk_adjusted_12,0.12133012345679012
0.16026196844134077,0.1495089754999151,0.17159330028268172,0.030999999999999996,0.031,5.000000000000002,1.0097719869706845,0.9632352941176471,0.010005882352941175,0.1548794117647059,136,0,2,monthly_industry_30,monthly industry,low_overlap_concentration,7,test,iid,ridge_return_train_only,0.12133012345679012
0.017344666666666644,0.017344666666666658,0.017344666666666668,,inf,0.0,0.0,1.0,0.005722058823529412,0.07954117647058823,136,200,0,monthly_industry_30,monthly industry,low_overlap_concentration,7,test,block,constant_a000,0.12133012345679012
-0.028010067727889665,-0.03904073405034333,-0.01607735642914161,,inf,0.0,0.0,1.0,0.005813235294117649,0.08037058823529412,136,200,0,monthly_industry_30,monthly industry,low_overlap_concentration,7,test,block,constant_a001,0.12133012345679012
-0.00661393968592254,-0.029066702570115285,0.01327521310021543,0.0584,0.05840000000000001,12.99999999999999,1.0097719869706845,0.9044117647058825,0.011203676470588236,0.12225294117647058,136,0,3,monthly_industry_30,monthly industry,low_overlap_concentration,7,test,block,constant_a002,0.12133012345679012
0.018615618158012378,0.017193611707223604,0.020162267843456594,0.003,0.003,5.000000000000001,1.0097719869706845,0.9632352941176471,0.012388235294117648,0.15730882352941175,136,0,2,monthly_industry_30,monthly industry,low_overlap_concentration,7,test,block,constant_a003,0.12133012345679012
0.017344666666666644,0.017344666666666658,0.017344666666666668,,inf,0.0,0.0,1.0,0.0059507352941176464,0.1360823529411765,136,200,0,monthly_industry_30,monthly industry,low_overlap_concentration,7,test,block,constant_a004,0.12133012345679012
-0.011369531295905953,-0.06845678466500604,0.0174605678250942,-0.0154025674358141,0.0385,1.0045647134767481,3100.0000000000014,0.9926134947538474,0.005198529411764706,0.09060294117647058,136,3,0,monthly_industry_30,monthly industry,low_overlap_concentration,7,test,block,constant_a005,0.12133012345679012
-0.03874246324898486,-0.0599130600340521,-0.01582973352146087,0.1007,inf,4.0,1.0097719869706845,0.9705882352941176,0.004352205882352941,0.14798235294117645,136,18,1,monthly_industry_30,monthly industry,low_overlap_concentration,7,test,block,constant_a006,0.12133012345679012
0.017344666666666644,0.017344666666666658,0.017344666666666668,,inf,0.0,0.0,1.0,0.008147794117647059,0.0847264705882353,136,200,0,monthly_industry_30,monthly industry,low_overlap_concentration,7,test,block,constant_a007,0.12133012345679012
0.017344666666666644,0.017344666666666658,0.017344666666666668,,inf,0.0,0.0,1.0,0.006644117647058825,0.12974411764705882,136,200,0,monthly_industry_30,monthly industry,low_overlap_concentration,7,test,block,constant_a008,0.12133012345679012
0.006922414199850496,-0.014603665632101547,0.02473896403521533,0.1711,0.1711,11.999999999999991,1.0097719869706845,0.911764705882353,0.0021544117647058834,0.2105794117647059,136,1,3,monthly_industry_30,monthly industry,low_overlap_concentration,7,test,block,constant_a009,0.12133012345679012
0.0164254623171744,0.013413859563613722,0.019747860389921434,0.1414,0.1414,8.999999999999998,1.0097719869706845,0.9338235294117647,0.01612941176470588,0.1451029411764706,136,0,2,monthly_industry_30,monthly industry,low_overlap_concentration,7,test,block,constant_a010,0.12133012345679012
0.017344666666666644,0.017344666666666658,0.017344666666666668,,inf,0.0,0.0,1.0,0.01574558823529412,0.17915,136,200,0,monthly_industry_30,monthly industry,low_overlap_concentration,7,test,block,constant_a011,0.12133012345679012
0.01734218678546335,0.01708485765552149,0.017548927700070247,0.0017,inf,3.0,1.0097719869706845,0.9779411764705882,0.016123529411764703,0.12421176470588235,136,19,1,monthly_industry_30,monthly industry,low_overlap_concentration,7,test,block,constant_a012,0.12133012345679012
0.017344666666666644,0.017344666666666658,0.017344666666666668,,inf,0.0,0.0,1.0,0.012578676470588237,0.14005882352941176,136,200,0,monthly_industry_30,monthly industry,low_overlap_concentration,7,test,block,constant_a013,0.12133012345679012
0.022810517883374896,0.010908532353739538,0.036692542037906374,0.23290476190476192,0.2351,20.99999999999997,1.0097719869706845,0.8455882352941179,0.0199125,0.21385882352941174,136,0,3,monthly_industry_30,monthly industry,low_overlap_concentration,7,test,block,constant_a014,0.12133012345679012
0.11275489842447284,0.09523680110988095,0.12835638893524104,0.0175,0.0175,6.000000000000001,1.0097719869706845,0.9558823529411764,0.012144117647058823,0.14591176470588232,136,2,2,monthly_industry_30,monthly industry,low_overlap_concentration,7,test,block,constant_a015,0.12133012345679012
0.052927610922641505,0.03577966032454339,0.06806765673736397,0.1746,0.1746,6.0,1.0097719869706843,0.9558823529411765,0.015613235294117645,0.13995294117647059,136,5,2,monthly_industry_30,monthly industry,low_overlap_concentration,7,test,block,constant_a016,0.12133012345679012
0.0164067488974127,-0.0008484081979998406,0.032601705425878556,0.16065135135135133,0.1873,36.999999999999964,1.0097719869706843,0.7279411764705885,0.009413235294117648,0.2893911764705882,136,0,3,monthly_industry_30,monthly industry,low_overlap_concentration,7,test,block,constant_a017,0.12133012345679012
0.017344666666666644,0.017344666666666658,0.017344666666666668,,inf,0.0,0.0,1.0,0.010013235294117651,0.17509411764705882,136,200,0,monthly_industry_30,monthly industry,low_overlap_concentration,7,test,block,constant_a018,0.12133012345679012
0.017344666666666644,0.017344666666666658,0.017344666666666668,,inf,0.0,0.0,1.0,0.008348529411764708,0.08674705882352941,136,200,0,monthly_industry_30,monthly industry,low_overlap_concentration,7,test,block,constant_a019,0.12133012345679012
0.03440040502307956,0.026742718735552923,0.04218692324382993,,inf,0.0,0.0,1.0,0.005097058823529412,0.1036735294117647,136,200,0,monthly_industry_30,monthly industry,low_overlap_concentration,7,test,block,constant_a020,0.12133012345679012
0.017344666666666644,0.017344666666666658,0.017344666666666668,,inf,0.0,0.0,1.0,0.014211029411764706,0.10055882352941177,136,200,0,monthly_industry_30,monthly industry,low_overlap_concentration,7,test,block,constant_a021,0.12133012345679012
0.007675568284972449,-0.006640130464887712,0.02417434858987464,0.09020000000000002,0.09020000000000002,7.000000000000001,1.0097719869706843,0.9485294117647058,0.020024264705882353,0.10592058823529413,136,1,2,monthly_industry_30,monthly industry,low_overlap_concentration,7,test,block,constant_a022,0.12133012345679012
0.017344666666666644,0.017344666666666658,0.017344666666666668,,inf,0.0,0.0,1.0,0.002658823529411765,0.10287058823529413,136,200,0,monthly_industry_30,monthly industry,low_overlap_concentration,7,test,block,constant_a023,0.12133012345679012
0.016892165069936745,0.015987161876476967,0.017344666666666668,0.0436,inf,1.0,1.0097719869706843,0.9926470588235294,0.008090441176470588,0.12422352941176472,136,74,0,monthly_industry_30,monthly industry,low_overlap_concentration,7,test,block,constant_a024,0.12133012345679012
0.017344666666666644,0.017344666666666658,0.017344666666666668,,inf,0.0,0.0,1.0,0.010133823529411765,0.10630294117647059,136,200,0,monthly_industry_30,monthly industry,low_overlap_concentration,7,test,block,constant_a025,0.12133012345679012
0.016986539151817054,0.01510748218049435,0.01788337507185284,0.09119999999999999,inf,3.0,1.0097719869706843,0.9779411764705882,0.012989705882352941,0.09431470588235294,136,20,1,monthly_industry_30,monthly industry,low_overlap_concentration,7,test,block,constant_a026,0.12133012345679012
0.11337188707110989,0.09554900791515249,0.13340971873035382,-0.0323,inf,1.0,1.009771986970684,0.9926470588235294,0.01041985294117647,0.09985882352941176,136,87,0,monthly_industry_30,monthly industry,low_overlap_concentration,7,test,block,constant_a027,0.12133012345679012
0.017344666666666644,0.017344666666666658,0.017344666666666668,,inf,0.0,0.0,1.0,0.011051470588235293,0.1126235294117647,136,200,0,monthly_industry_30,monthly industry,low_overlap_concentration,7,test,block,constant_a028,0.12133012345679012
0.017344666666666644,0.017344666666666658,0.017344666666666668,,inf,0.0,0.0,1.0,0.008997058823529412,0.08895882352941176,136,200,0,monthly_industry_30,monthly industry,low_overlap_concentration,7,test,block,constant_a029,0.12133012345679012
0.017344666666666644,0.017344666666666658,0.017344666666666668,,inf,0.0,0.0,1.0,0.01024235294117647,0.10200901960784312,136,200,0,monthly_industry_30,monthly industry,low_overlap_concentration,7,test,block,constant_equal_weight_public,0.12133012345679012
0.020529198729341863,0.003145470797865201,0.0412860384073842,0.17710740740740738,0.20441492537313424,135.0000000000009,1.0097719869706845,0.007352941176463901,0.02070735294117647,0.17675588235294115,136,0,4,monthly_industry_30,monthly industry,low_overlap_concentration,7,test,block,momentum_12,0.12133012345679012
0.009047797540781149,0.0017666672764680537,0.015203372751037714,,inf,0.0,0.0,1.0,0.006003799019607842,0.08625,136,200,0,monthly_industry_30,monthly industry,low_overlap_concentration,7,test,block,low_vol_12,0.12133012345679012
0.02322609128352219,0.009660726414429749,0.04131185847326879,0.1682811320754717,0.1873,52.99999999999998,1.0097719869706845,0.610294117647059,0.015530686274509806,0.1313264705882353,136,0,4,monthly_industry_30,monthly industry,low_overlap_concentration,7,test,block,risk_adjusted_12,0.12133012345679012
0.16026196844134077,0.14732549604457368,0.17242252296941005,0.030999999999999996,0.031,5.000000000000002,1.0097719869706845,0.9632352941176471,0.010005882352941175,0.1548794117647059,136,0,2,monthly_industry_30,monthly industry,low_overlap_concentration,7,test,block,ridge_return_train_only,0.12133012345679012
0.017342222222222196,0.01734222222222221,0.017342222222222228,,inf,0.0,0.0,1.0,0.009589814814814813,0.0832074074074074,108,200,0,monthly_industry_30,monthly industry,low_overlap_concentration,17,calibration,iid,constant_a000,0.12133012345679012
0.037389651347033155,0.02909638662028319,0.04588486033138657,0.0738,inf,3.0,1.0097719869706845,0.9722222222222222,0.011237037037037037,0.08046666666666666,108,10,1,monthly_industry_30,monthly industry,low_overlap_concentration,17,calibration,iid,constant_a001,0.12133012345679012
-0.0167866149484533,-0.035482889001310886,0.0017532933983210256,0.0733,0.0733,12.99999999999999,1.0097719869706845,0.8796296296296298,0.01357037037037037,0.08148518518518519,108,0,3,monthly_industry_30,monthly industry,low_overlap_concentration,17,calibration,iid,constant_a002,0.12133012345679012
0.016969354566292654,0.014277427631667129,0.020359867109690212,0.0575,0.05750000000000001,8.999999999999998,1.0097719869706845,0.9166666666666667,0.009954629629629631,0.2067925925925926,108,0,2,monthly_industry_30,monthly industry,low_overlap_concentration,17,calibration,iid,constant_a003,0.12133012345679012
0.017342222222222196,0.01734222222222221,0.017342222222222228,,inf,0.0,0.0,1.0,0.0031333333333333348,0.1556074074074074,108,200,0,monthly_industry_30,monthly industry,low_overlap_concentration,17,calibration,iid,constant_a004,0.12133012345679012
0.017342222222222196,0.01734222222222221,0.017342222222222228,,inf,0.0,0.0,1.0,0.007787037037037038,0.10028888888888889,108,200,0,monthly_industry_30,monthly industry,low_overlap_concentration,17,calibration,iid,constant_a005,0.12133012345679012
-0.01734625811464657,-0.027864880127316496,-0.0008468549517881802,0.051399999999999994,0.051399999999999994,3.0,1.0097719869706845,0.9722222222222222,0.012547222222222222,0.13836666666666664,108,9,1,monthly_industry_30,monthly industry,low_overlap_concentration,17,calibration,iid,constant_a006,0.12133012345679012
0.015918402166190785,0.013570827736893606,0.017342222222222217,0.1082,inf,2.0,1.0097719869706845,0.9814814814814815,0.010110185185185182,0.08343333333333333,108,23,1,monthly_industry_30,monthly industry,low_overlap_concentration,17,calibration,iid,constant_a007,0.12133012345679012
0.017342222222222196,0.01734222222222221,0.017342222222222228,,inf,0.0,0.0,1.0,0.01219907407407408,0.1576222222222222,108,200,0,monthly_industry_30,monthly industry,low_overlap_concentration,17,calibration,iid,constant_a008,0.12133012345679012
-0.004809651315206644,-0.01981218717530662,0.010833803674171586,0.13450434782608697,0.1461,22.999999999999964,1.0097719869706845,0.7870370370370374,0.01513333333333333,0.24232222222222222,108,0,3,monthly_industry_30,monthly industry,low_overlap_concentration,17,calibration,iid,constant_a009,0.12133012345679012
0.017491423305317597,0.01734222222222221,0.017789825471508425,-0.0333,inf,1.0,1.0097719869706845,0.9907407407407407,0.004490740740740739,0.16894074074074072,108,63,0,monthly_industry_30,monthly industry,low_overlap_concentration,17,calibration,iid,constant_a010,0.12133012345679012
0.017394663878500263,0.013770050451736569,0.021183576661170756,0.0475,0.04750000000000001,13.999999999999986,1.0097719869706845,0.8703703703703705,0.005515740740740741,0.23192222222222222,108,0,3,monthly_industry_30,monthly industry,low_overlap_concentration,17,calibration,iid,constant_a011,0.12133012345679012
0.016626177531132266,0.015202897682336694,0.01734222222222222,0.0583,inf,2.0,1.0097719869706845,0.9814814814814815,0.01081574074074074,0.17674444444444445,108,31,1,monthly_industry_30,monthly industry,low_overlap_concentration,17,calibration,iid,constant_a012,0.12133012345679012
0.017342222222222196,0.01734222222222221,0.017342222222222228,,inf,0.0,0.0,1.0,0.009680555555555555,0.16028888888888887,108,200,0,monthly_industry_30,monthly industry,low_overlap_concentration,17,calibration,iid,constant_a013,0.12133012345679012
0.01842801798903497,0.01719316657953646,0.020128006528062622,-0.0014000000000000002,-0.0014000000000000002,4.0,1.0097719869706845,0.962962962962963,0.009813888888888888,0.1906925925925926,108,3,1,monthly_industry_30,monthly industry,low_overlap_concentration,17,calibration,iid,constant_a014,0.12133012345679012
0.059670375110974054,0.04077416912257251,0.07730711257692231,,inf,0.0,0.0,1.0,0.011383333333333332,0.1517,108,200,0,monthly_industry_30,monthly industry,low_overlap_concentration,17,calibration,iid,constant_a015,0.12133012345679012
0.05095808458692989,0.03392180618047306,0.06895100506807841,0.1149,0.1149,8.0,1.0097719869706843,0.9259259259259259,0.005846296296296298,0.21665185185185185,108,0,2,monthly_industry_30,monthly industry,low_overlap_concentration,17,calibration,iid,constant_a016,0.12133012345679012
0.0388823905983497,0.0163736083559146,0.05996268990449248,0.38060000000000005,0.38060000000000005,18.99999999999999,1.0097719869706843,0.8240740740740742,-0.0003518518518518532,0.29553703703703704,108,0,3,monthly_industry_30,monthly industry,low_overlap_concentration,17,calibration,iid,constant_a017,0.12133012345679012
0.017342222222222196,0.01734222222222221,0.017342222222222228,,inf,0.0,0.0,1.0,0.007457407407407407,0.13156296296296294,108,200,0,monthly_industry_30,monthly industry,low_overlap_concentration,17,calibration,iid,constant_a018,0.12133012345679012
0.01729133885604748,0.017188300039543695,0.017342222222222224,-0.011899999999999999,inf,1.0,1.0097719869706843,0.9907407407407407,0.008509259259259258,0.09720740740740741,108,75,0,monthly_industry_30,monthly industry,low_overlap_concentration,17,calibration,iid,constant_a019,0.12133012345679012
0.017342222222222196,0.01734222222222221,0.017342222222222228,,inf,0.0,0.0,1.0,0.01028611111111111,0.11100000000000002,108,200,0,monthly_industry_30,monthly industry,low_overlap_concentration,17,calibration,iid,constant_a020,0.12133012345679012
0.017342222222222196,0.01734222222222221,0.017342222222222228,,inf,0.0,0.0,1.0,0.008956481481481482,0.10537407407407408,108,200,0,monthly_industry_30,monthly industry,low_overlap_concentration,17,calibration,iid,constant_a021,0.12133012345679012
0.018094985600633853,0.0016948302173495169,0.031240549953130282,,inf,0.0,0.0,1.0,0.009407407407407408,0.13405555555555554,108,200,0,monthly_industry_30,monthly industry,low_overlap_concentration,17,calibration,iid,constant_a022,0.12133012345679012
0.017342222222222196,0.01734222222222221,0.017342222222222228,,inf,0.0,0.0,1.0,0.009435185185185184,0.1265962962962963,108,200,0,monthly_industry_30,monthly industry,low_overlap_concentration,17,calibration,iid,constant_a023,0.12133012345679012
0.018181579603490546,0.017317858875886372,0.019513098500690336,-0.0148,-0.0148,3.0,1.0097719869706843,0.9722222222222222,0.011483333333333335,0.11916296296296297,108,6,1,monthly_industry_30,monthly industry,low_overlap_concentration,17,calibration,iid,constant_a024,0.12133012345679012
0.017342222222222196,0.01734222222222221,0.017342222222222228,,inf,0.0,0.0,1.0,0.010116666666666666,0.11522222222222221,108,200,0,monthly_industry_30,monthly industry,low_overlap_concentration,17,calibration,iid,constant_a025,0.12133012345679012
0.017342222222222196,0.01734222222222221,0.017342222222222228,,inf,0.0,0.0,1.0,0.009475925925925928,0.09744814814814814,108,200,0,monthly_industry_30,monthly industry,low_overlap_concentration,17,calibration,iid,constant_a026,0.12133012345679012
-5.285512434105443,-16.115373576161495,0.134366871246264,-0.08354505208333332,0.031400000000000004,1.001303143523402,3100.0000000000014,0.9907286745970055,0.011696296296296293,0.0864962962962963,108,4,0,monthly_industry_30,monthly industry,low_overlap_concentration,17,calibration,iid,constant_a027,0.12133012345679012
0.017342222222222196,0.01734222222222221,0.017342222222222228,,inf,0.0,0.0,1.0,0.0033916666666666683,0.17157407407407407,108,200,0,monthly_industry_30,monthly industry,low_overlap_concentration,17,calibration,iid,constant_a028,0.12133012345679012
0.017342222222222196,0.01734222222222221,0.017342222222222228,,inf,0.0,0.0,1.0,0.005977777777777777,0.14215185185185186,108,200,0,monthly_industry_30,monthly industry,low_overlap_concentration,17,calibration,iid,constant_a029,0.12133012345679012
0.017342222222222196,0.01734222222222221,0.017342222222222228,,inf,0.0,0.0,1.0,0.008955,0.12133012345679012,108,200,0,monthly_industry_30,monthly industry,low_overlap_concentration,17,calibration,iid,constant_equal_weight_public,0.12133012345679012
0.012250168918132513,-0.005814526485819967,0.02671578275325601,0.23189065420560748,0.32519629629629615,107.00000000000064,1.0097719869706845,0.009259259259253305,0.013036111111111111,0.2308074074074074,108,0,4,monthly_industry_30,monthly industry,low_overlap_concentration,17,calibration,iid,momentum_12,0.12133012345679012
0.01936646373705293,0.0134065940124831,0.025160489448511247,,inf,0.0,0.0,1.0,0.009154320987654322,0.09146296296296295,108,200,0,monthly_industry_30,monthly industry,low_overlap_concentration,17,calibration,iid,low_vol_12,0.12133012345679012
0.030886295964066987,0.014296009910035812,0.049465857920595754,0.3431,0.38060000000000005,34.999999999999964,1.0097719869706845,0.6759259259259263,0.0024592592592592587,0.2494555555555555,108,0,3,monthly_industry_30,monthly industry,low_overlap_concentration,17,calibration,iid,risk_adjusted_12,0.12133012345679012
-5.237071013719846,-16.066834337615116,0.18263945396674897,-0.08470000000000001,inf,1.0,3100.0000000000014,0.9907407407407407,0.010612962962962965,0.17164444444444443,108,69,0,monthly_industry_30,monthly industry,low_overlap_concentration,17,calibration,iid,ridge_return_train_only,0.12133012345679012
0.017342222222222196,0.017342222222222207,0.017342222222222228,,inf,0.0,0.0,1.0,0.009589814814814813,0.0832074074074074,108,200,0,monthly_industry_30,monthly industry,low_overlap_concentration,17,calibration,block,constant_a000,0.12133012345679012
0.037389651347033155,0.02591901602416411,0.0508647840810217,0.0738,inf,3.0,1.0097719869706845,0.9722222222222222,0.011237037037037037,0.08046666666666666,108,30,1,monthly_industry_30,monthly industry,low_overlap_concentration,17,calibration,block,constant_a001,0.12133012345679012
-0.0167866149484533,-0.04551036810281466,0.007353146800122859,0.0733,0.0733,12.99999999999999,1.0097719869706845,0.8796296296296298,0.01357037037037037,0.08148518518518519,108,0,3,monthly_industry_30,monthly industry,low_overlap_concentration,17,calibration,block,constant_a002,0.12133012345679012
0.016969354566292654,0.01356964031983485,0.020030513146606616,0.0575,0.05750000000000001,8.999999999999998,1.0097719869706845,0.9166666666666667,0.009954629629629631,0.2067925925925926,108,2,2,monthly_industry_30,monthly industry,low_overlap_concentration,17,calibration,block,constant_a003,0.12133012345679012
0.017342222222222196,0.017342222222222207,0.017342222222222228,,inf,0.0,0.0,1.0,0.0031333333333333348,0.1556074074074074,108,200,0,monthly_industry_30,monthly industry,low_overlap_concentration,17,calibration,block,constant_a004,0.12133012345679012
0.017342222222222196,0.017342222222222207,0.017342222222222228,,inf,0.0,0.0,1.0,0.007787037037037038,0.10028888888888889,108,200,0,monthly_industry_30,monthly industry,low_overlap_concentration,17,calibration,block,constant_a005,0.12133012345679012
-0.01734625811464657,-0.038775783967548993,-0.0004275884313306588,0.051399999999999994,inf,3.0,1.0097719869706845,0.9722222222222222,0.012547222222222222,0.13836666666666664,108,13,1,monthly_industry_30,monthly industry,low_overlap_concentration,17,calibration,block,constant_a006,0.12133012345679012
0.015918402166190785,0.012140756859827611,0.017342222222222228,0.1082,inf,2.0,1.0097719869706845,0.9814814814814815,0.010110185185185182,0.08343333333333333,108,38,1,monthly_industry_30,monthly industry,low_overlap_concentration,17,calibration,block,constant_a007,0.12133012345679012
0.017342222222222196,0.017342222222222207,0.017342222222222228,,inf,0.0,0.0,1.0,0.01219907407407408,0.1576222222222222,108,200,0,monthly_industry_30,monthly industry,low_overlap_concentration,17,calibration,block,constant_a008,0.12133012345679012
-0.004809651315206644,-0.03515735377725293,0.016732070859251946,0.13450434782608697,0.1461,22.999999999999964,1.0097719869706845,0.7870370370370374,0.01513333333333333,0.24232222222222222,108,0,3,monthly_industry_30,monthly industry,low_overlap_concentration,17,calibration,block,constant_a009,0.12133012345679012
0.017491423305317597,0.01734222222222221,0.017789825471508425,-0.0333,inf,1.0,1.0097719869706845,0.9907407407407407,0.004490740740740739,0.16894074074074072,108,78,0,monthly_industry_30,monthly industry,low_overlap_concentration,17,calibration,block,constant_a010,0.12133012345679012
0.017394663878500263,0.013676426304607173,0.021303111017278584,0.0475,0.04750000000000001,13.999999999999986,1.0097719869706845,0.8703703703703705,0.005515740740740741,0.23192222222222222,108,0,3,monthly_industry_30,monthly industry,low_overlap_concentration,17,calibration,block,constant_a011,0.12133012345679012
0.016626177531132266,0.015194088148952426,0.017342222222222228,0.0583,inf,2.0,1.0097719869706845,0.9814814814814815,0.01081574074074074,0.17674444444444445,108,58,1,monthly_industry_30,monthly industry,low_overlap_concentration,17,calibration,block,constant_a012,0.12133012345679012
0.017342222222222196,0.017342222222222207,0.017342222222222228,,inf,0.0,0.0,1.0,0.009680555555555555,0.16028888888888887,108,200,0,monthly_industry_30,monthly industry,low_overlap_concentration,17,calibration,block,constant_a013,0.12133012345679012
0.01842801798903497,0.01719557673489632,0.02089896068752429,-0.0014000000000000002,-0.0014000000000000002,4.0,1.0097719869706845,0.962962962962963,0.009813888888888888,0.1906925925925926,108,3,1,monthly_industry_30,monthly industry,low_overlap_concentration,17,calibration,block,constant_a014,0.12133012345679012
0.059670375110974054,0.031131147693407784,0.09287354133411121,,inf,0.0,0.0,1.0,0.011383333333333332,0.1517,108,200,0,monthly_industry_30,monthly industry,low_overlap_concentration,17,calibration,block,constant_a015,0.12133012345679012
0.05095808458692989,0.02497126219508953,0.07285803016982607,0.1149,0.1149,8.0,1.0097719869706843,0.9259259259259259,0.005846296296296298,0.21665185185185185,108,2,2,monthly_industry_30,monthly industry,low_overlap_concentration,17,calibration,block,constant_a016,0.12133012345679012
0.0388823905983497,0.017314885470482134,0.06185123412813382,0.38060000000000005,0.38060000000000005,18.99999999999999,1.0097719869706843,0.8240740740740742,-0.0003518518518518532,0.29553703703703704,108,0,3,monthly_industry_30,monthly industry,low_overlap_concentration,17,calibration,block,constant_a017,0.12133012345679012
0.017342222222222196,0.017342222222222207,0.017342222222222228,,inf,0.0,0.0,1.0,0.007457407407407407,0.13156296296296294,108,200,0,monthly_industry_30,monthly industry,low_overlap_concentration,17,calibration,block,constant_a018,0.12133012345679012
0.01729133885604748,0.017189572123698062,0.017342222222222224,-0.011899999999999999,inf,1.0,1.0097719869706843,0.9907407407407407,0.008509259259259258,0.09720740740740741,108,79,0,monthly_industry_30,monthly industry,low_overlap_concentration,17,calibration,block,constant_a019,0.12133012345679012
0.017342222222222196,0.017342222222222207,0.017342222222222228,,inf,0.0,0.0,1.0,0.01028611111111111,0.11100000000000002,108,200,0,monthly_industry_30,monthly industry,low_overlap_concentration,17,calibration,block,constant_a020,0.12133012345679012
0.017342222222222196,0.017342222222222207,0.017342222222222228,,inf,0.0,0.0,1.0,0.008956481481481482,0.10537407407407408,108,200,0,monthly_industry_30,monthly industry,low_overlap_concentration,17,calibration,block,constant_a021,0.12133012345679012
0.018094985600633853,-0.0031040318270621897,0.03985337582128356,,inf,0.0,0.0,1.0,0.009407407407407408,0.13405555555555554,108,200,0,monthly_industry_30,monthly industry,low_overlap_concentration,17,calibration,block,constant_a022,0.12133012345679012
0.017342222222222196,0.017342222222222207,0.017342222222222228,,inf,0.0,0.0,1.0,0.009435185185185184,0.1265962962962963,108,200,0,monthly_industry_30,monthly industry,low_overlap_concentration,17,calibration,block,constant_a023,0.12133012345679012
0.018181579603490546,0.017318453103845784,0.019907832602780125,-0.0148,inf,3.0,1.0097719869706843,0.9722222222222222,0.011483333333333335,0.11916296296296297,108,27,1,monthly_industry_30,monthly industry,low_overlap_concentration,17,calibration,block,constant_a024,0.12133012345679012
0.017342222222222196,0.017342222222222207,0.017342222222222228,,inf,0.0,0.0,1.0,0.010116666666666666,0.11522222222222221,108,200,0,monthly_industry_30,monthly industry,low_overlap_concentration,17,calibration,block,constant_a025,0.12133012345679012
0.017342222222222196,0.017342222222222207,0.017342222222222228,,inf,0.0,0.0,1.0,0.009475925925925928,0.09744814814814814,108,200,0,monthly_industry_30,monthly industry,low_overlap_concentration,17,calibration,block,constant_a026,0.12133012345679012
-5.285512434105443,-16.250817140743965,0.13872931302348634,-0.08354505208333332,inf,1.001303143523402,3100.0000000000014,0.9907286745970055,0.011696296296296293,0.0864962962962963,108,14,0,monthly_industry_30,monthly industry,low_overlap_concentration,17,calibration,block,constant_a027,0.12133012345679012
0.017342222222222196,0.017342222222222207,0.017342222222222228,,inf,0.0,0.0,1.0,0.0033916666666666683,0.17157407407407407,108,200,0,monthly_industry_30,monthly industry,low_overlap_concentration,17,calibration,block,constant_a028,0.12133012345679012
0.017342222222222196,0.017342222222222207,0.017342222222222228,,inf,0.0,0.0,1.0,0.005977777777777777,0.14215185185185186,108,200,0,monthly_industry_30,monthly industry,low_overlap_concentration,17,calibration,block,constant_a029,0.12133012345679012
0.017342222222222196,0.017342222222222207,0.017342222222222228,,inf,0.0,0.0,1.0,0.008955,0.12133012345679012,108,200,0,monthly_industry_30,monthly industry,low_overlap_concentration,17,calibration,block,constant_equal_weight_public,0.12133012345679012
0.012250168918132513,-0.006929625650728281,0.030677614086410537,0.23189065420560748,0.3417111111111111,107.00000000000064,1.0097719869706845,0.009259259259253305,0.013036111111111111,0.2308074074074074,108,0,4,monthly_industry_30,monthly industry,low_overlap_concentration,17,calibration,block,momentum_12,0.12133012345679012
0.01936646373705293,0.01322407283766266,0.029711864854984556,,inf,0.0,0.0,1.0,0.009154320987654322,0.09146296296296295,108,200,0,monthly_industry_30,monthly industry,low_overlap_concentration,17,calibration,block,low_vol_12,0.12133012345679012
0.030886295964066987,0.009643347372445979,0.052378560278623656,0.3431,0.38060000000000005,34.999999999999964,1.0097719869706845,0.6759259259259263,0.0024592592592592587,0.2494555555555555,108,0,3,monthly_industry_30,monthly industry,low_overlap_concentration,17,calibration,block,risk_adjusted_12,0.12133012345679012
-5.237071013719846,-16.20717683220668,0.18837643741501475,-0.08470000000000001,inf,1.0,3100.0000000000014,0.9907407407407407,0.010612962962962965,0.17164444444444443,108,71,0,monthly_industry_30,monthly industry,low_overlap_concentration,17,calibration,block,ridge_return_train_only,0.12133012345679012
0.017342222222222186,0.01734222222222222,0.017342222222222228,,inf,0.0,0.0,1.0,0.005722058823529412,0.07954117647058823,136,200,0,monthly_industry_30,monthly industry,low_overlap_concentration,17,test,iid,constant_a000,0.12133012345679012
0.01696817230301173,0.009977082049896129,0.021815038286024654,,inf,0.0,0.0,1.0,0.005813235294117649,0.08037058823529412,136,200,0,monthly_industry_30,monthly industry,low_overlap_concentration,17,test,iid,constant_a001,0.12133012345679012
-3.226291997061162,-9.672110903069184,0.0060634919790422195,0.030482289977294887,0.0584,1.0084855955699514,3100.0000000000014,0.9925846647384562,0.011203676470588236,0.12225294117647058,136,0,0,monthly_industry_30,monthly industry,low_overlap_concentration,17,test,iid,constant_a002,0.12133012345679012
0.0186132644610504,0.017198774789231652,0.02055146074173426,0.003,0.003,5.000000000000001,1.0097719869706845,0.9632352941176471,0.012388235294117648,0.15730882352941175,136,0,2,monthly_industry_30,monthly industry,low_overlap_concentration,17,test,iid,constant_a003,0.12133012345679012
0.017342222222222186,0.01734222222222222,0.017342222222222228,,inf,0.0,0.0,1.0,0.0059507352941176464,0.1360823529411765,136,200,0,monthly_industry_30,monthly industry,low_overlap_concentration,17,test,iid,constant_a004,0.12133012345679012
0.01699922973749757,0.015647104623065296,0.018254100774946245,0.0385,0.0385,7.000000000000001,1.0097719869706845,0.9485294117647058,0.005198529411764706,0.09060294117647058,136,1,2,monthly_industry_30,monthly industry,low_overlap_concentration,17,test,iid,constant_a005,0.12133012345679012
-0.009674347394556151,-0.020178846429632556,-0.0005934612565392772,0.1007,0.1007,4.0,1.0097719869706845,0.9705882352941176,0.004352205882352941,0.14798235294117645,136,3,1,monthly_industry_30,monthly industry,low_overlap_concentration,17,test,iid,constant_a006,0.12133012345679012
0.017342222222222186,0.01734222222222222,0.017342222222222228,,inf,0.0,0.0,1.0,0.008147794117647059,0.0847264705882353,136,200,0,monthly_industry_30,monthly industry,low_overlap_concentration,17,test,iid,constant_a007,0.12133012345679012
0.017342222222222186,0.01734222222222222,0.017342222222222228,,inf,0.0,0.0,1.0,0.006644117647058825,0.12974411764705882,136,200,0,monthly_industry_30,monthly industry,low_overlap_concentration,17,test,iid,constant_a008,0.12133012345679012
0.0050134291465368745,-0.005213657692516331,0.018639028160880994,0.1711,0.1711,10.999999999999993,1.0097719869706845,0.9191176470588236,0.0021544117647058834,0.2105794117647059,136,0,3,monthly_industry_30,monthly industry,low_overlap_concentration,17,test,iid,constant_a009,0.12133012345679012
0.01642318121819843,0.012970506389580803,0.019613330179791784,0.1414,0.1414,8.999999999999998,1.0097719869706845,0.9338235294117647,0.01612941176470588,0.1451029411764706,136,0,2,monthly_industry_30,monthly industry,low_overlap_concentration,17,test,iid,constant_a010,0.12133012345679012
0.017342222222222186,0.01734222222222222,0.017342222222222228,,inf,0.0,0.0,1.0,0.01574558823529412,0.17915,136,200,0,monthly_industry_30,monthly industry,low_overlap_concentration,17,test,iid,constant_a011,0.12133012345679012
0.017339796789508383,0.01691800785324988,0.017657664183751674,0.0017,inf,3.0,1.0097719869706845,0.9779411764705882,0.016123529411764703,0.12421176470588235,136,14,1,monthly_industry_30,monthly industry,low_overlap_concentration,17,test,iid,constant_a012,0.12133012345679012
0.017342222222222186,0.01734222222222222,0.017342222222222228,,inf,0.0,0.0,1.0,0.012578676470588237,0.14005882352941176,136,200,0,monthly_industry_30,monthly industry,low_overlap_concentration,17,test,iid,constant_a013,0.12133012345679012
0.022988563581784485,0.01409811851993783,0.03439516244065489,0.23090909090909092,0.2351,21.999999999999968,1.0097719869706845,0.8382352941176473,0.0199125,0.21385882352941174,136,0,3,monthly_industry_30,monthly industry,low_overlap_concentration,17,test,iid,constant_a014,0.12133012345679012
0.111195511391672,0.09975196815448391,0.12387207167838285,0.0175,0.0175,6.000000000000001,1.0097719869706845,0.9558823529411764,0.012144117647058823,0.14591176470588232,136,0,2,monthly_industry_30,monthly industry,low_overlap_concentration,17,test,iid,constant_a015,0.12133012345679012
0.06302468748732756,0.05298628784423264,0.07575196919460515,0.1746,0.1746,6.0,1.0097719869706843,0.9558823529411765,0.015613235294117645,0.13995294117647059,136,1,2,monthly_industry_30,monthly industry,low_overlap_concentration,17,test,iid,constant_a016,0.12133012345679012
0.017721121405764456,0.002031907949316133,0.030515909108362625,0.16065135135135133,0.1873,36.999999999999964,1.0097719869706843,0.7279411764705885,0.009413235294117648,0.2893911764705882,136,0,3,monthly_industry_30,monthly industry,low_overlap_concentration,17,test,iid,constant_a017,0.12133012345679012
0.017342222222222186,0.01734222222222222,0.017342222222222228,,inf,0.0,0.0,1.0,0.010013235294117651,0.17509411764705882,136,200,0,monthly_industry_30,monthly industry,low_overlap_concentration,17,test,iid,constant_a018,0.12133012345679012
0.017342222222222186,0.01734222222222222,0.017342222222222228,,inf,0.0,0.0,1.0,0.008348529411764708,0.08674705882352941,136,200,0,monthly_industry_30,monthly industry,low_overlap_concentration,17,test,iid,constant_a019,0.12133012345679012
0.017342222222222186,0.01734222222222222,0.017342222222222228,,inf,0.0,0.0,1.0,0.005097058823529412,0.1036735294117647,136,200,0,monthly_industry_30,monthly industry,low_overlap_concentration,17,test,iid,constant_a020,0.12133012345679012
0.017342222222222186,0.01734222222222222,0.017342222222222228,,inf,0.0,0.0,1.0,0.014211029411764706,0.10055882352941177,136,200,0,monthly_industry_30,monthly industry,low_overlap_concentration,17,test,iid,constant_a021,0.12133012345679012
0.007600562865889194,-0.003326851992241906,0.018347339131803253,0.09020000000000002,0.09020000000000002,7.000000000000001,1.0097719869706843,0.9485294117647058,0.020024264705882353,0.10592058823529413,136,0,2,monthly_industry_30,monthly industry,low_overlap_concentration,17,test,iid,constant_a022,0.12133012345679012
0.017342222222222186,0.01734222222222222,0.017342222222222228,,inf,0.0,0.0,1.0,0.002658823529411765,0.10287058823529413,136,200,0,monthly_industry_30,monthly industry,low_overlap_concentration,17,test,iid,constant_a023,0.12133012345679012
0.01688973877498879,0.015984771880522025,0.017342222222222228,0.0436,inf,1.0,1.0097719869706843,0.9926470588235294,0.008090441176470588,0.12422352941176472,136,81,0,monthly_industry_30,monthly industry,low_overlap_concentration,17,test,iid,constant_a024,0.12133012345679012
0.017342222222222186,0.01734222222222222,0.017342222222222228,,inf,0.0,0.0,1.0,0.010133823529411765,0.10630294117647059,136,200,0,monthly_industry_30,monthly industry,low_overlap_concentration,17,test,iid,constant_a025,0.12133012345679012
0.01698414915586209,0.014742719337463546,0.01842646406825489,0.09119999999999999,0.0912,3.0,1.0097719869706843,0.9779411764705882,0.012989705882352941,0.09431470588235294,136,9,1,monthly_industry_30,monthly industry,low_overlap_concentration,17,test,iid,constant_a026,0.12133012345679012
0.10479140672821385,0.0942887069236598,0.1171486552543655,-0.0323,inf,1.0,1.009771986970684,0.9926470588235294,0.01041985294117647,0.09985882352941176,136,58,0,monthly_industry_30,monthly industry,low_overlap_concentration,17,test,iid,constant_a027,0.12133012345679012
0.017342222222222186,0.01734222222222222,0.017342222222222228,,inf,0.0,0.0,1.0,0.011051470588235293,0.1126235294117647,136,200,0,monthly_industry_30,monthly industry,low_overlap_concentration,17,test,iid,constant_a028,0.12133012345679012
0.017342222222222186,0.01734222222222222,0.017342222222222228,,inf,0.0,0.0,1.0,0.008997058823529412,0.08895882352941176,136,200,0,monthly_industry_30,monthly industry,low_overlap_concentration,17,test,iid,constant_a029,0.12133012345679012
0.017342222222222186,0.01734222222222222,0.017342222222222228,,inf,0.0,0.0,1.0,0.01024235294117647,0.10200901960784312,136,200,0,monthly_industry_30,monthly industry,low_overlap_concentration,17,test,iid,constant_equal_weight_public,0.12133012345679012
0.0208692788648345,0.003105233232601072,0.03967581416868038,0.17710740740740738,0.20100298507462683,135.0000000000009,1.0097719869706845,0.007352941176463901,0.02070735294117647,0.17675588235294115,136,0,4,monthly_industry_30,monthly industry,low_overlap_concentration,17,test,iid,momentum_12,0.12133012345679012
0.014327197853083375,0.010325545472048059,0.017593444210542288,,inf,0.0,0.0,1.0,0.006003799019607842,0.08625,136,200,0,monthly_industry_30,monthly industry,low_overlap_concentration,17,test,iid,low_vol_12,0.12133012345679012
0.02696193646923364,0.015599614089038398,0.04058346993624039,0.1682811320754717,0.18729999999999997,52.99999999999998,1.0097719869706845,0.610294117647059,0.015530686274509806,0.1313264705882353,136,0,4,monthly_industry_30,monthly industry,low_overlap_concentration,17,test,iid,risk_adjusted_12,0.12133012345679012
0.151276194918527,0.13907441347907798,0.1615265010712268,0.0975,0.09750000000000002,6.000000000000002,1.0097719869706845,0.9558823529411764,0.011324999999999998,0.1548794117647059,136,1,2,monthly_industry_30,monthly industry,low_overlap_concentration,17,test,iid,ridge_return_train_only,0.12133012345679012
0.017342222222222186,0.017342222222222214,0.01734222222222223,,inf,0.0,0.0,1.0,0.005722058823529412,0.07954117647058823,136,200,0,monthly_industry_30,monthly industry,low_overlap_concentration,17,test,block,constant_a000,0.12133012345679012
0.01696817230301173,0.008735926029409544,0.02449940251958756,,inf,0.0,0.0,1.0,0.005813235294117649,0.08037058823529412,136,200,0,monthly_industry_30,monthly industry,low_overlap_concentration,17,test,block,constant_a001,0.12133012345679012
-3.226291997061162,-9.751780085198716,0.004810128070757902,0.030482289977294887,0.0584,1.0084855955699514,3100.0000000000014,0.9925846647384562,0.011203676470588236,0.12225294117647058,136,0,0,monthly_industry_30,monthly industry,low_overlap_concentration,17,test,block,constant_a002,0.12133012345679012
0.0186132644610504,0.01734222222222222,0.020177297734240277,0.003,0.003,5.000000000000001,1.0097719869706845,0.9632352941176471,0.012388235294117648,0.15730882352941175,136,3,2,monthly_industry_30,monthly industry,low_overlap_concentration,17,test,block,constant_a003,0.12133012345679012
0.017342222222222186,0.017342222222222214,0.01734222222222223,,inf,0.0,0.0,1.0,0.0059507352941176464,0.1360823529411765,136,200,0,monthly_industry_30,monthly industry,low_overlap_concentration,17,test,block,constant_a004,0.12133012345679012
0.01699922973749757,0.016031454035468694,0.01771152858944881,0.0385,0.0385,7.000000000000001,1.0097719869706845,0.9485294117647058,0.005198529411764706,0.09060294117647058,136,5,2,monthly_industry_30,monthly industry,low_overlap_concentration,17,test,block,constant_a005,0.12133012345679012
-0.009674347394556151,-0.02455629112407264,0.005095645527753886,0.1007,0.1007,4.0,1.0097719869706845,0.9705882352941176,0.004352205882352941,0.14798235294117645,136,9,1,monthly_industry_30,monthly industry,low_overlap_concentration,17,test,block,constant_a006,0.12133012345679012
0.017342222222222186,0.017342222222222214,0.01734222222222223,,inf,0.0,0.0,1.0,0.008147794117647059,0.0847264705882353,136,200,0,monthly_industry_30,monthly industry,low_overlap_concentration,17,test,block,constant_a007,0.12133012345679012
0.017342222222222186,0.017342222222222214,0.01734222222222223,,inf,0.0,0.0,1.0,0.006644117647058825,0.12974411764705882,136,200,0,monthly_industry_30,monthly industry,low_overlap_concentration,17,test,block,constant_a008,0.12133012345679012
0.0050134291465368745,-0.013063112513129574,0.023022680890482653,0.1711,0.1711,10.999999999999993,1.0097719869706845,0.9191176470588236,0.0021544117647058834,0.2105794117647059,136,1,3,monthly_industry_30,monthly industry,low_overlap_concentration,17,test,block,constant_a009,0.12133012345679012
0.01642318121819843,0.012555099476272586,0.019634223550169257,0.1414,0.1414,8.999999999999998,1.0097719869706845,0.9338235294117647,0.01612941176470588,0.1451029411764706,136,0,2,monthly_industry_30,monthly industry,low_overlap_concentration,17,test,block,constant_a010,0.12133012345679012
0.017342222222222186,0.017342222222222214,0.01734222222222223,,inf,0.0,0.0,1.0,0.01574558823529412,0.17915,136,200,0,monthly_industry_30,monthly industry,low_overlap_concentration,17,test,block,constant_a011,0.12133012345679012
0.017339796789508383,0.01705939243096804,0.01755243752794277,0.0017,inf,3.0,1.0097719869706845,0.9779411764705882,0.016123529411764703,0.12421176470588235,136,22,1,monthly_industry_30,monthly industry,low_overlap_concentration,17,test,block,constant_a012,0.12133012345679012
0.017342222222222186,0.017342222222222214,0.01734222222222223,,inf,0.0,0.0,1.0,0.012578676470588237,0.14005882352941176,136,200,0,monthly_industry_30,monthly industry,low_overlap_concentration,17,test,block,constant_a013,0.12133012345679012
0.022988563581784485,0.011407747706031384,0.03837798694939433,0.23090909090909092,0.2351,21.999999999999968,1.0097719869706845,0.8382352941176473,0.0199125,0.21385882352941174,136,0,3,monthly_industry_30,monthly industry,low_overlap_concentration,17,test,block,constant_a014,0.12133012345679012
0.111195511391672,0.09562449639628853,0.12882366626190425,0.0175,0.0175,6.000000000000001,1.0097719869706845,0.9558823529411764,0.012144117647058823,0.14591176470588232,136,7,2,monthly_industry_30,monthly industry,low_overlap_concentration,17,test,block,constant_a015,0.12133012345679012
0.06302468748732756,0.048343759463330235,0.07895070914618377,0.1746,0.1746,6.0,1.0097719869706843,0.9558823529411765,0.015613235294117645,0.13995294117647059,136,7,2,monthly_industry_30,monthly industry,low_overlap_concentration,17,test,block,constant_a016,0.12133012345679012
0.017721121405764456,0.002483881548456176,0.033281885055655755,0.16065135135135133,0.1873,36.999999999999964,1.0097719869706843,0.7279411764705885,0.009413235294117648,0.2893911764705882,136,0,3,monthly_industry_30,monthly industry,low_overlap_concentration,17,test,block,constant_a017,0.12133012345679012
0.017342222222222186,0.017342222222222214,0.01734222222222223,,inf,0.0,0.0,1.0,0.010013235294117651,0.17509411764705882,136,200,0,monthly_industry_30,monthly industry,low_overlap_concentration,17,test,block,constant_a018,0.12133012345679012
0.017342222222222186,0.017342222222222214,0.01734222222222223,,inf,0.0,0.0,1.0,0.008348529411764708,0.08674705882352941,136,200,0,monthly_industry_30,monthly industry,low_overlap_concentration,17,test,block,constant_a019,0.12133012345679012
0.017342222222222186,0.017342222222222214,0.01734222222222223,,inf,0.0,0.0,1.0,0.005097058823529412,0.1036735294117647,136,200,0,monthly_industry_30,monthly industry,low_overlap_concentration,17,test,block,constant_a020,0.12133012345679012
0.017342222222222186,0.017342222222222214,0.01734222222222223,,inf,0.0,0.0,1.0,0.014211029411764706,0.10055882352941177,136,200,0,monthly_industry_30,monthly industry,low_overlap_concentration,17,test,block,constant_a021,0.12133012345679012
0.007600562865889194,-0.007492587026391387,0.024935140084865335,0.09020000000000002,0.09020000000000002,7.000000000000001,1.0097719869706843,0.9485294117647058,0.020024264705882353,0.10592058823529413,136,2,2,monthly_industry_30,monthly industry,low_overlap_concentration,17,test,block,constant_a022,0.12133012345679012
0.017342222222222186,0.017342222222222214,0.01734222222222223,,inf,0.0,0.0,1.0,0.002658823529411765,0.10287058823529413,136,200,0,monthly_industry_30,monthly industry,low_overlap_concentration,17,test,block,constant_a023,0.12133012345679012
0.01688973877498879,0.015984771880522025,0.017342222222222228,0.0436,inf,1.0,1.0097719869706843,0.9926470588235294,0.008090441176470588,0.12422352941176472,136,83,0,monthly_industry_30,monthly industry,low_overlap_concentration,17,test,block,constant_a024,0.12133012345679012
0.017342222222222186,0.017342222222222214,0.01734222222222223,,inf,0.0,0.0,1.0,0.010133823529411765,0.10630294117647059,136,200,0,monthly_industry_30,monthly industry,low_overlap_concentration,17,test,block,constant_a025,0.12133012345679012
0.01698414915586209,0.015372341870515852,0.017880948776904902,0.09119999999999999,inf,3.0,1.0097719869706843,0.9779411764705882,0.012989705882352941,0.09431470588235294,136,14,1,monthly_industry_30,monthly industry,low_overlap_concentration,17,test,block,constant_a026,0.12133012345679012
0.10479140672821385,0.08791281505106838,0.12121164199270724,-0.0323,inf,1.0,1.009771986970684,0.9926470588235294,0.01041985294117647,0.09985882352941176,136,67,0,monthly_industry_30,monthly industry,low_overlap_concentration,17,test,block,constant_a027,0.12133012345679012
0.017342222222222186,0.017342222222222214,0.01734222222222223,,inf,0.0,0.0,1.0,0.011051470588235293,0.1126235294117647,136,200,0,monthly_industry_30,monthly industry,low_overlap_concentration,17,test,block,constant_a028,0.12133012345679012
0.017342222222222186,0.017342222222222214,0.01734222222222223,,inf,0.0,0.0,1.0,0.008997058823529412,0.08895882352941176,136,200,0,monthly_industry_30,monthly industry,low_overlap_concentration,17,test,block,constant_a029,0.12133012345679012
0.017342222222222186,0.017342222222222214,0.01734222222222223,,inf,0.0,0.0,1.0,0.01024235294117647,0.10200901960784312,136,200,0,monthly_industry_30,monthly industry,low_overlap_concentration,17,test,block,constant_equal_weight_public,0.12133012345679012
0.0208692788648345,0.0031943363835210906,0.04444485411373411,0.17710740740740738,0.2062444444444444,135.0000000000009,1.0097719869706845,0.007352941176463901,0.02070735294117647,0.17675588235294115,136,0,4,monthly_industry_30,monthly industry,low_overlap_concentration,17,test,block,momentum_12,0.12133012345679012
0.014327197853083375,0.009456486905456694,0.018427648039917838,,inf,0.0,0.0,1.0,0.006003799019607842,0.08625,136,200,0,monthly_industry_30,monthly industry,low_overlap_concentration,17,test,block,low_vol_12,0.12133012345679012
0.02696193646923364,0.015061223661596682,0.04150063075092498,0.1682811320754717,0.1873,52.99999999999998,1.0097719869706845,0.610294117647059,0.015530686274509806,0.1313264705882353,136,0,4,monthly_industry_30,monthly industry,low_overlap_concentration,17,test,block,risk_adjusted_12,0.12133012345679012
0.151276194918527,0.13865270119506656,0.1627813621301609,0.0975,0.09750000000000002,6.000000000000002,1.0097719869706845,0.9558823529411764,0.011324999999999998,0.1548794117647059,136,0,2,monthly_industry_30,monthly industry,low_overlap_concentration,17,test,block,ridge_return_train_only,0.12133012345679012
0.01814977777777775,0.018149777777777768,0.018149777777777782,,inf,0.0,0.0,1.0,0.009589814814814813,0.0832074074074074,108,200,0,monthly_industry_30,monthly industry,low_overlap_concentration,27,calibration,iid,constant_a000,0.12133012345679012
0.037389651347033155,0.02933228217994471,0.046959169238317784,0.0738,0.0738,3.0,1.0097719869706845,0.9722222222222222,0.011237037037037037,0.08046666666666666,108,7,1,monthly_industry_30,monthly industry,low_overlap_concentration,27,calibration,iid,constant_a001,0.12133012345679012
-0.023415862342618245,-0.04570456378431085,-0.007053947852945806,0.0733,0.0733,12.99999999999999,1.0097719869706845,0.8796296296296298,0.01357037037037037,0.08148518518518519,108,0,3,monthly_industry_30,monthly industry,low_overlap_concentration,27,calibration,iid,constant_a002,0.12133012345679012
0.017708956207021335,0.014623711552123959,0.021281536872830138,0.0575,0.05750000000000001,8.999999999999998,1.0097719869706845,0.9166666666666667,0.009954629629629631,0.2067925925925926,108,0,2,monthly_industry_30,monthly industry,low_overlap_concentration,27,calibration,iid,constant_a003,0.12133012345679012
0.01814977777777775,0.018149777777777768,0.018149777777777782,,inf,0.0,0.0,1.0,0.0031333333333333348,0.1556074074074074,108,200,0,monthly_industry_30,monthly industry,low_overlap_concentration,27,calibration,iid,constant_a004,0.12133012345679012
0.01814977777777775,0.018149777777777768,0.018149777777777782,,inf,0.0,0.0,1.0,0.007787037037037038,0.10028888888888889,108,200,0,monthly_industry_30,monthly industry,low_overlap_concentration,27,calibration,iid,constant_a005,0.12133012345679012
0.016805758796798947,0.014513676116942131,0.01814977777777777,0.051399999999999994,0.051399999999999994,3.0,1.0097719869706845,0.9722222222222222,0.012547222222222222,0.13836666666666664,108,8,1,monthly_industry_30,monthly industry,low_overlap_concentration,27,calibration,iid,constant_a006,0.12133012345679012
0.016710856851784812,0.014090598276162523,0.01814977777777778,0.1082,inf,2.0,1.0097719869706845,0.9814814814814815,0.010110185185185182,0.08343333333333333,108,23,1,monthly_industry_30,monthly industry,low_overlap_concentration,27,calibration,iid,constant_a007,0.12133012345679012
0.01814977777777775,0.018149777777777768,0.018149777777777782,,inf,0.0,0.0,1.0,0.01219907407407408,0.1576222222222222,108,200,0,monthly_industry_30,monthly industry,low_overlap_concentration,27,calibration,iid,constant_a008,0.12133012345679012
-0.00403174590821004,-0.01968212825577063,0.01113481420365316,0.13128333333333334,0.1461,23.999999999999964,1.0097719869706845,0.7777777777777781,0.01513333333333333,0.24232222222222222,108,0,3,monthly_industry_30,monthly industry,low_overlap_concentration,27,calibration,iid,constant_a009,0.12133012345679012
0.01829142842589239,0.018149777777777768,0.01857472972212169,-0.0333,inf,1.0,1.0097719869706845,0.9907407407407407,0.004490740740740739,0.16894074074074072,108,85,0,monthly_industry_30,monthly industry,low_overlap_concentration,27,calibration,iid,constant_a010,0.12133012345679012
0.01857755542150907,0.015088302033484801,0.022490120497714514,0.0475,0.04750000000000001,12.99999999999999,1.0097719869706845,0.8796296296296298,0.005515740740740741,0.23192222222222222,108,0,3,monthly_industry_30,monthly industry,low_overlap_concentration,27,calibration,iid,constant_a011,0.12133012345679012
0.017418632216726293,0.01598865203214433,0.01814977777777778,0.0583,inf,2.0,1.0097719869706845,0.9814814814814815,0.01081574074074074,0.17674444444444445,108,32,1,monthly_industry_30,monthly industry,low_overlap_concentration,27,calibration,iid,constant_a012,0.12133012345679012
0.01814977777777775,0.018149777777777768,0.018149777777777782,,inf,0.0,0.0,1.0,0.009680555555555555,0.16028888888888887,108,200,0,monthly_industry_30,monthly industry,low_overlap_concentration,27,calibration,iid,constant_a013,0.12133012345679012
0.01920537180466748,0.017982762633878904,0.0208720936549108,-0.0014000000000000002,-0.0014000000000000002,4.0,1.0097719869706845,0.962962962962963,0.009813888888888888,0.1906925925925926,108,1,1,monthly_industry_30,monthly industry,low_overlap_concentration,27,calibration,iid,constant_a014,0.12133012345679012
0.058025135802090115,0.03728431548622346,0.0821545357492697,,inf,0.0,0.0,1.0,0.011383333333333332,0.1517,108,200,0,monthly_industry_30,monthly industry,low_overlap_concentration,27,calibration,iid,constant_a015,0.12133012345679012
0.045397581259213886,0.028289728165301606,0.06415735798072356,0.1149,0.1149,8.0,1.0097719869706843,0.9259259259259259,0.005846296296296298,0.21665185185185185,108,1,2,monthly_industry_30,monthly industry,low_overlap_concentration,27,calibration,iid,constant_a016,0.12133012345679012
0.03911664791356108,0.02182352340050423,0.058072508252408415,0.38060000000000005,0.38060000000000005,18.99999999999999,1.0097719869706843,0.8240740740740742,-0.0003518518518518532,0.29553703703703704,108,0,3,monthly_industry_30,monthly industry,low_overlap_concentration,27,calibration,iid,constant_a017,0.12133012345679012
0.01814977777777775,0.018149777777777768,0.018149777777777782,,inf,0.0,0.0,1.0,0.007457407407407407,0.13156296296296294,108,200,0,monthly_industry_30,monthly industry,low_overlap_concentration,27,calibration,iid,constant_a018,0.12133012345679012
0.018091343976622272,0.017974476374311335,0.018149777777777782,-0.011899999999999999,inf,1.0,1.0097719869706843,0.9907407407407407,0.008509259259259258,0.09720740740740741,108,72,0,monthly_industry_30,monthly industry,low_overlap_concentration,27,calibration,iid,constant_a019,0.12133012345679012
0.01814977777777775,0.018149777777777768,0.018149777777777782,,inf,0.0,0.0,1.0,0.01028611111111111,0.11100000000000002,108,200,0,monthly_industry_30,monthly industry,low_overlap_concentration,27,calibration,iid,constant_a020,0.12133012345679012
0.01814977777777775,0.018149777777777768,0.018149777777777782,,inf,0.0,0.0,1.0,0.008956481481481482,0.10537407407407408,108,200,0,monthly_industry_30,monthly industry,low_overlap_concentration,27,calibration,iid,constant_a021,0.12133012345679012
0.018094985600633853,0.00245592097258976,0.03295209764565877,,inf,0.0,0.0,1.0,0.009407407407407408,0.13405555555555554,108,200,0,monthly_industry_30,monthly industry,low_overlap_concentration,27,calibration,iid,constant_a022,0.12133012345679012
0.01814977777777775,0.018149777777777768,0.018149777777777782,,inf,0.0,0.0,1.0,0.009435185185185184,0.1265962962962963,108,200,0,monthly_industry_30,monthly industry,low_overlap_concentration,27,calibration,iid,constant_a023,0.12133012345679012
-1.1765363968043316,-3.567544589157664,0.02022767659950939,0.0235,0.0235,1.0019550333833669,3100.0000000000014,0.9907226385797836,0.011483333333333335,0.11916296296296297,108,3,0,monthly_industry_30,monthly industry,low_overlap_concentration,27,calibration,iid,constant_a024,0.12133012345679012
0.01814977777777775,0.018149777777777768,0.018149777777777782,,inf,0.0,0.0,1.0,0.010116666666666666,0.11522222222222221,108,200,0,monthly_industry_30,monthly industry,low_overlap_concentration,27,calibration,iid,constant_a025,0.12133012345679012
0.01814977777777775,0.018149777777777768,0.018149777777777782,,inf,0.0,0.0,1.0,0.009475925925925928,0.09744814814814814,108,200,0,monthly_industry_30,monthly industry,low_overlap_concentration,27,calibration,iid,constant_a026,0.12133012345679012
0.13208064944113207,0.11776412476583697,0.14886813809140895,0.031400000000000004,inf,2.0,1.009771986970684,0.9814814814814815,0.011696296296296293,0.0864962962962963,108,28,1,monthly_industry_30,monthly industry,low_overlap_concentration,27,calibration,iid,constant_a027,0.12133012345679012
0.01814977777777775,0.018149777777777768,0.018149777777777782,,inf,0.0,0.0,1.0,0.0033916666666666683,0.17157407407407407,108,200,0,monthly_industry_30,monthly industry,low_overlap_concentration,27,calibration,iid,constant_a028,0.12133012345679012
0.01814977777777775,0.018149777777777768,0.018149777777777782,,inf,0.0,0.0,1.0,0.005977777777777777,0.14215185185185186,108,200,0,monthly_industry_30,monthly industry,low_overlap_concentration,27,calibration,iid,constant_a029,0.12133012345679012
0.01814977777777775,0.018149777777777768,0.018149777777777782,,inf,0.0,0.0,1.0,0.008955,0.12133012345679012,108,200,0,monthly_industry_30,monthly industry,low_overlap_concentration,27,calibration,iid,constant_equal_weight_public,0.12133012345679012
0.013532315056020197,-0.002116316778725528,0.02808572132288861,0.23189065420560748,0.31461851851851824,107.00000000000064,1.0097719869706845,0.009259259259253305,0.013036111111111111,0.2308074074074074,108,0,4,monthly_industry_30,monthly industry,low_overlap_concentration,27,calibration,iid,momentum_12,0.12133012345679012
0.02043028234528403,0.015166489715260358,0.027146711301450965,,inf,0.0,0.0,1.0,0.009154320987654322,0.09146296296296295,108,200,0,monthly_industry_30,monthly industry,low_overlap_concentration,27,calibration,iid,low_vol_12,0.12133012345679012
0.029686757589103337,0.0129539050826861,0.0468533481828162,0.3431,0.3806000000000001,34.999999999999964,1.0097719869706845,0.6759259259259263,0.0024592592592592587,0.2494555555555555,108,0,3,monthly_industry_30,monthly industry,low_overlap_concentration,27,calibration,iid,risk_adjusted_12,0.12133012345679012
0.17954810782935268,0.1671980375585315,0.19456419648107512,0.1149,inf,2.0,1.0097719869706843,0.9814814814814815,0.013020370370370373,0.17468148148148147,108,32,1,monthly_industry_30,monthly industry,low_overlap_concentration,27,calibration,iid,ridge_return_train_only,0.12133012345679012
0.01814977777777775,0.018149777777777765,0.018149777777777786,,inf,0.0,0.0,1.0,0.009589814814814813,0.0832074074074074,108,200,0,monthly_industry_30,monthly industry,low_overlap_concentration,27,calibration,block,constant_a000,0.12133012345679012
0.037389651347033155,0.02524862068938281,0.052524244808455724,0.0738,inf,3.0,1.0097719869706845,0.9722222222222222,0.011237037037037037,0.08046666666666666,108,24,1,monthly_industry_30,monthly industry,low_overlap_concentration,27,calibration,block,constant_a001,0.12133012345679012
-0.023415862342618245,-0.054509460376320616,0.0018726584066078018,0.0733,0.0733,12.99999999999999,1.0097719869706845,0.8796296296296298,0.01357037037037037,0.08148518518518519,108,0,3,monthly_industry_30,monthly industry,low_overlap_concentration,27,calibration,block,constant_a002,0.12133012345679012
0.017708956207021335,0.014896381050522102,0.02078699605568291,0.0575,0.05750000000000001,8.999999999999998,1.0097719869706845,0.9166666666666667,0.009954629629629631,0.2067925925925926,108,1,2,monthly_industry_30,monthly industry,low_overlap_concentration,27,calibration,block,constant_a003,0.12133012345679012
0.01814977777777775,0.018149777777777765,0.018149777777777786,,inf,0.0,0.0,1.0,0.0031333333333333348,0.1556074074074074,108,200,0,monthly_industry_30,monthly industry,low_overlap_concentration,27,calibration,block,constant_a004,0.12133012345679012
0.01814977777777775,0.018149777777777765,0.018149777777777786,,inf,0.0,0.0,1.0,0.007787037037037038,0.10028888888888889,108,200,0,monthly_industry_30,monthly industry,low_overlap_concentration,27,calibration,block,constant_a005,0.12133012345679012
0.016805758796798947,0.014599649059664075,0.018149777777777775,0.051399999999999994,inf,3.0,1.0097719869706845,0.9722222222222222,0.012547222222222222,0.13836666666666664,108,13,1,monthly_industry_30,monthly industry,low_overlap_concentration,27,calibration,block,constant_a006,0.12133012345679012
0.016710856851784812,0.013565217027921867,0.01814977777777778,0.1082,inf,2.0,1.0097719869706845,0.9814814814814815,0.010110185185185182,0.08343333333333333,108,32,1,monthly_industry_30,monthly industry,low_overlap_concentration,27,calibration,block,constant_a007,0.12133012345679012
0.01814977777777775,0.018149777777777765,0.018149777777777786,,inf,0.0,0.0,1.0,0.01219907407407408,0.1576222222222222,108,200,0,monthly_industry_30,monthly industry,low_overlap_concentration,27,calibration,block,constant_a008,0.12133012345679012
-0.00403174590821004,-0.027261980217567042,0.018457528635495452,0.13128333333333334,0.1461,23.999999999999964,1.0097719869706845,0.7777777777777781,0.01513333333333333,0.24232222222222222,108,0,3,monthly_industry_30,monthly industry,low_overlap_concentration,27,calibration,block,constant_a009,0.12133012345679012
0.01829142842589239,0.018149777777777768,0.01857472972212169,-0.0333,inf,1.0,1.0097719869706845,0.9907407407407407,0.004490740740740739,0.16894074074074072,108,78,0,monthly_industry_30,monthly industry,low_overlap_concentration,27,calibration,block,constant_a010,0.12133012345679012
0.01857755542150907,0.015465906787442526,0.022002054272060714,0.0475,0.04750000000000001,12.99999999999999,1.0097719869706845,0.8796296296296298,0.005515740740740741,0.23192222222222222,108,0,3,monthly_industry_30,monthly industry,low_overlap_concentration,27,calibration,block,constant_a011,0.12133012345679012
0.017418632216726293,0.01593998112625836,0.018149777777777782,0.0583,inf,2.0,1.0097719869706845,0.9814814814814815,0.01081574074074074,0.17674444444444445,108,38,1,monthly_industry_30,monthly industry,low_overlap_concentration,27,calibration,block,constant_a012,0.12133012345679012
0.01814977777777775,0.018149777777777765,0.018149777777777786,,inf,0.0,0.0,1.0,0.009680555555555555,0.16028888888888887,108,200,0,monthly_industry_30,monthly industry,low_overlap_concentration,27,calibration,block,constant_a013,0.12133012345679012
0.01920537180466748,0.017979104495918285,0.02105367766852992,-0.0014000000000000002,-0.0014000000000000002,4.0,1.0097719869706845,0.962962962962963,0.009813888888888888,0.1906925925925926,108,4,1,monthly_industry_30,monthly industry,low_overlap_concentration,27,calibration,block,constant_a014,0.12133012345679012
0.058025135802090115,0.02408802271998965,0.08923379161854292,,inf,0.0,0.0,1.0,0.011383333333333332,0.1517,108,200,0,monthly_industry_30,monthly industry,low_overlap_concentration,27,calibration,block,constant_a015,0.12133012345679012
0.045397581259213886,0.01996694220663457,0.06857657889617992,0.1149,0.1149,8.0,1.0097719869706843,0.9259259259259259,0.005846296296296298,0.21665185185185185,108,4,2,monthly_industry_30,monthly industry,low_overlap_concentration,27,calibration,block,constant_a016,0.12133012345679012
0.03911664791356108,0.018467703494302084,0.06094731496971728,0.38060000000000005,0.38060000000000005,18.99999999999999,1.0097719869706843,0.8240740740740742,-0.0003518518518518532,0.29553703703703704,108,0,3,monthly_industry_30,monthly industry,low_overlap_concentration,27,calibration,block,constant_a017,0.12133012345679012
0.01814977777777775,0.018149777777777765,0.018149777777777786,,inf,0.0,0.0,1.0,0.007457407407407407,0.13156296296296294,108,200,0,monthly_industry_30,monthly industry,low_overlap_concentration,27,calibration,block,constant_a018,0.12133012345679012
0.018091343976622272,0.017974476374311335,0.018149777777777782,-0.011899999999999999,inf,1.0,1.0097719869706843,0.9907407407407407,0.008509259259259258,0.09720740740740741,108,73,0,monthly_industry_30,monthly industry,low_overlap_concentration,27,calibration,block,constant_a019,0.12133012345679012
0.01814977777777775,0.018149777777777765,0.018149777777777786,,inf,0.0,0.0,1.0,0.01028611111111111,0.11100000000000002,108,200,0,monthly_industry_30,monthly industry,low_overlap_concentration,27,calibration,block,constant_a020,0.12133012345679012
0.01814977777777775,0.018149777777777765,0.018149777777777786,,inf,0.0,0.0,1.0,0.008956481481481482,0.10537407407407408,108,200,0,monthly_industry_30,monthly industry,low_overlap_concentration,27,calibration,block,constant_a021,0.12133012345679012
0.018094985600633853,-0.004961562265377901,0.03810913044488549,,inf,0.0,0.0,1.0,0.009407407407407408,0.13405555555555554,108,200,0,monthly_industry_30,monthly industry,low_overlap_concentration,27,calibration,block,constant_a022,0.12133012345679012
0.01814977777777775,0.018149777777777765,0.018149777777777786,,inf,0.0,0.0,1.0,0.009435185185185184,0.1265962962962963,108,200,0,monthly_industry_30,monthly industry,low_overlap_concentration,27,calibration,block,constant_a023,0.12133012345679012
-1.1765363968043316,-3.5683588641975414,0.02024226219487674,0.0235,inf,1.0019550333833669,3100.0000000000014,0.9907226385797836,0.011483333333333335,0.11916296296296297,108,13,0,monthly_industry_30,monthly industry,low_overlap_concentration,27,calibration,block,constant_a024,0.12133012345679012
0.01814977777777775,0.018149777777777765,0.018149777777777786,,inf,0.0,0.0,1.0,0.010116666666666666,0.11522222222222221,108,200,0,monthly_industry_30,monthly industry,low_overlap_concentration,27,calibration,block,constant_a025,0.12133012345679012
0.01814977777777775,0.018149777777777765,0.018149777777777786,,inf,0.0,0.0,1.0,0.009475925925925928,0.09744814814814814,108,200,0,monthly_industry_30,monthly industry,low_overlap_concentration,27,calibration,block,constant_a026,0.12133012345679012
0.13208064944113207,0.10820449028800996,0.15556340249317652,0.031400000000000004,inf,2.0,1.009771986970684,0.9814814814814815,0.011696296296296293,0.0864962962962963,108,51,1,monthly_industry_30,monthly industry,low_overlap_concentration,27,calibration,block,constant_a027,0.12133012345679012
0.01814977777777775,0.018149777777777765,0.018149777777777786,,inf,0.0,0.0,1.0,0.0033916666666666683,0.17157407407407407,108,200,0,monthly_industry_30,monthly industry,low_overlap_concentration,27,calibration,block,constant_a028,0.12133012345679012
0.01814977777777775,0.018149777777777765,0.018149777777777786,,inf,0.0,0.0,1.0,0.005977777777777777,0.14215185185185186,108,200,0,monthly_industry_30,monthly industry,low_overlap_concentration,27,calibration,block,constant_a029,0.12133012345679012
0.01814977777777775,0.018149777777777765,0.018149777777777786,,inf,0.0,0.0,1.0,0.008955,0.12133012345679012,108,200,0,monthly_industry_30,monthly industry,low_overlap_concentration,27,calibration,block,constant_equal_weight_public,0.12133012345679012
0.013532315056020197,-0.008296494584239473,0.0323102861760669,0.23189065420560748,0.3390226415094339,107.00000000000064,1.0097719869706845,0.009259259259253305,0.013036111111111111,0.2308074074074074,108,0,4,monthly_industry_30,monthly industry,low_overlap_concentration,27,calibration,block,momentum_12,0.12133012345679012
0.02043028234528403,0.013982872475906693,0.030211053760571545,,inf,0.0,0.0,1.0,0.009154320987654322,0.09146296296296295,108,200,0,monthly_industry_30,monthly industry,low_overlap_concentration,27,calibration,block,low_vol_12,0.12133012345679012
0.029686757589103337,0.0048646912010527855,0.047678485563618464,0.3431,0.38060000000000005,34.999999999999964,1.0097719869706845,0.6759259259259263,0.0024592592592592587,0.2494555555555555,108,0,3,monthly_industry_30,monthly industry,low_overlap_concentration,27,calibration,block,risk_adjusted_12,0.12133012345679012
0.17954810782935268,0.15966485945587136,0.20176122036186758,0.1149,inf,2.0,1.0097719869706843,0.9814814814814815,0.013020370370370373,0.17468148148148147,108,50,1,monthly_industry_30,monthly industry,low_overlap_concentration,27,calibration,block,ridge_return_train_only,0.12133012345679012
0.018149777777777786,0.018149777777777775,0.01814977777777779,,inf,0.0,0.0,1.0,0.005722058823529412,0.07954117647058823,136,200,0,monthly_industry_30,monthly industry,low_overlap_concentration,27,test,iid,constant_a000,0.12133012345679012
-0.1309965220911254,-0.4319581074414177,0.02140452973684761,0.0344,inf,1.0,3100.0000000000014,0.9926470588235294,0.005813235294117649,0.08037058823529412,136,78,0,monthly_industry_30,monthly industry,low_overlap_concentration,27,test,iid,constant_a001,0.12133012345679012
-0.7515665903030071,-2.259637961079671,-0.0041089017784893735,-0.07593348475016219,0.0584,1.0078315850588306,3100.0000000000014,0.9925894736392733,0.011203676470588236,0.12225294117647058,136,0,0,monthly_industry_30,monthly industry,low_overlap_concentration,27,test,iid,constant_a002,0.12133012345679012
0.019390840348300034,0.018205882986310703,0.021218484580911624,0.003,0.003,5.000000000000001,1.0097719869706845,0.9632352941176471,0.012388235294117648,0.15730882352941175,136,2,2,monthly_industry_30,monthly industry,low_overlap_concentration,27,test,iid,constant_a003,0.12133012345679012
0.018149777777777786,0.018149777777777775,0.01814977777777779,,inf,0.0,0.0,1.0,0.0059507352941176464,0.1360823529411765,136,200,0,monthly_industry_30,monthly industry,low_overlap_concentration,27,test,iid,constant_a004,0.12133012345679012
0.017764813757424797,0.016192960361180307,0.01874443175842542,0.0385,0.0385,7.000000000000001,1.0097719869706845,0.9485294117647058,0.005198529411764706,0.09060294117647058,136,0,2,monthly_industry_30,monthly industry,low_overlap_concentration,27,test,iid,constant_a005,0.12133012345679012
0.017181591237146326,0.015416720998062638,0.018618661770028317,0.1007,0.1007,4.0,1.0097719869706845,0.9705882352941176,0.004352205882352941,0.14798235294117645,136,3,1,monthly_industry_30,monthly industry,low_overlap_concentration,27,test,iid,constant_a006,0.12133012345679012
0.018149777777777786,0.018149777777777775,0.01814977777777779,,inf,0.0,0.0,1.0,0.008147794117647059,0.0847264705882353,136,200,0,monthly_industry_30,monthly industry,low_overlap_concentration,27,test,iid,constant_a007,0.12133012345679012
0.018149777777777786,0.018149777777777775,0.01814977777777779,,inf,0.0,0.0,1.0,0.006644117647058825,0.12974411764705882,136,200,0,monthly_industry_30,monthly industry,low_overlap_concentration,27,test,iid,constant_a008,0.12133012345679012
0.004828385477199904,-0.007424889052417728,0.01864710339480744,0.1711,0.1711,11.999999999999991,1.0097719869706845,0.911764705882353,0.0021544117647058834,0.2105794117647059,136,0,3,monthly_industry_30,monthly industry,low_overlap_concentration,27,test,iid,constant_a009,0.12133012345679012
0.01717677337080327,0.013492159031636542,0.021667544208128425,0.1414,0.1414,8.999999999999998,1.0097719869706845,0.9338235294117647,0.01612941176470588,0.1451029411764706,136,0,2,monthly_industry_30,monthly industry,low_overlap_concentration,27,test,iid,constant_a010,0.12133012345679012
0.018149777777777786,0.018149777777777775,0.01814977777777779,,inf,0.0,0.0,1.0,0.01574558823529412,0.17915,136,200,0,monthly_industry_30,monthly industry,low_overlap_concentration,27,test,iid,constant_a011,0.12133012345679012
0.018129364544080397,0.017738450788784572,0.01846905052053395,0.0017,inf,3.0,1.0097719869706845,0.9779411764705882,0.016123529411764703,0.12421176470588235,136,16,1,monthly_industry_30,monthly industry,low_overlap_concentration,27,test,iid,constant_a012,0.12133012345679012
0.018149777777777786,0.018149777777777775,0.01814977777777779,,inf,0.0,0.0,1.0,0.012578676470588237,0.14005882352941176,136,200,0,monthly_industry_30,monthly industry,low_overlap_concentration,27,test,iid,constant_a013,0.12133012345679012
0.022972956973451773,0.013172939252411059,0.03267375387207002,0.18899999999999997,0.18899999999999997,19.999999999999975,1.0097719869706845,0.8529411764705884,0.0199125,0.21385882352941174,136,0,3,monthly_industry_30,monthly industry,low_overlap_concentration,27,test,iid,constant_a014,0.12133012345679012
0.11275489842447284,0.10008303358143852,0.12621334650037913,0.0175,0.0175,6.000000000000001,1.0097719869706845,0.9558823529411764,0.012144117647058823,0.14591176470588232,136,0,2,monthly_industry_30,monthly industry,low_overlap_concentration,27,test,iid,constant_a015,0.12133012345679012
0.05827898885817011,0.046580485308573935,0.06965480487510849,0.1746,0.1746,6.0,1.0097719869706843,0.9558823529411765,0.015613235294117645,0.13995294117647059,136,0,2,monthly_industry_30,monthly industry,low_overlap_concentration,27,test,iid,constant_a016,0.12133012345679012
0.01218489425454243,-0.00241577187255304,0.02733071381880103,0.16065135135135133,0.1873,36.999999999999964,1.0097719869706843,0.7279411764705885,0.009413235294117648,0.2893911764705882,136,0,3,monthly_industry_30,monthly industry,low_overlap_concentration,27,test,iid,constant_a017,0.12133012345679012
0.018149777777777786,0.018149777777777775,0.01814977777777779,,inf,0.0,0.0,1.0,0.010013235294117651,0.17509411764705882,136,200,0,monthly_industry_30,monthly industry,low_overlap_concentration,27,test,iid,constant_a018,0.12133012345679012
0.06488278431372543,0.018149777777777775,0.15834879738562094,-0.0202,inf,1.0,3100.0000000000014,0.9926470588235294,0.008348529411764708,0.08674705882352941,136,64,0,monthly_industry_30,monthly industry,low_overlap_concentration,27,test,iid,constant_a019,0.12133012345679012
0.018149777777777786,0.018149777777777775,0.01814977777777779,,inf,0.0,0.0,1.0,0.005097058823529412,0.1036735294117647,136,200,0,monthly_industry_30,monthly industry,low_overlap_concentration,27,test,iid,constant_a020,0.12133012345679012
0.018149777777777786,0.018149777777777775,0.01814977777777779,,inf,0.0,0.0,1.0,0.014211029411764706,0.10055882352941177,136,200,0,monthly_industry_30,monthly industry,low_overlap_concentration,27,test,iid,constant_a021,0.12133012345679012
0.007600562865889194,-0.0022709999949856664,0.01955814964117416,0.09020000000000002,0.0902,7.000000000000001,1.0097719869706843,0.9485294117647058,0.020024264705882353,0.10592058823529413,136,0,2,monthly_industry_30,monthly industry,low_overlap_concentration,27,test,iid,constant_a022,0.12133012345679012
0.018149777777777786,0.018149777777777775,0.01814977777777779,,inf,0.0,0.0,1.0,0.002658823529411765,0.10287058823529413,136,200,0,monthly_industry_30,monthly industry,low_overlap_concentration,27,test,iid,constant_a023,0.12133012345679012
0.017691298396883187,0.016315860254199403,0.018149777777777786,0.0436,inf,1.0,1.0097719869706843,0.9926470588235294,0.008090441176470588,0.12422352941176472,136,63,0,monthly_industry_30,monthly industry,low_overlap_concentration,27,test,iid,constant_a024,0.12133012345679012
0.018149777777777786,0.018149777777777775,0.01814977777777779,,inf,0.0,0.0,1.0,0.010133823529411765,0.10630294117647059,136,200,0,monthly_industry_30,monthly industry,low_overlap_concentration,27,test,iid,constant_a025,0.12133012345679012
0.0177737169104341,0.015612630210661895,0.0193764656995806,0.09119999999999999,inf,3.0,1.0097719869706843,0.9779411764705882,0.012989705882352941,0.09431470588235294,136,14,1,monthly_industry_30,monthly industry,low_overlap_concentration,27,test,iid,constant_a026,0.12133012345679012
0.11337188707110989,0.101532959363226,0.12556802412875892,-0.0323,inf,1.0,1.009771986970684,0.9926470588235294,0.01041985294117647,0.09985882352941176,136,61,0,monthly_industry_30,monthly industry,low_overlap_concentration,27,test,iid,constant_a027,0.12133012345679012
0.018149777777777786,0.018149777777777775,0.01814977777777779,,inf,0.0,0.0,1.0,0.011051470588235293,0.1126235294117647,136,200,0,monthly_industry_30,monthly industry,low_overlap_concentration,27,test,iid,constant_a028,0.12133012345679012
0.018149777777777786,0.018149777777777775,0.01814977777777779,,inf,0.0,0.0,1.0,0.008997058823529412,0.08895882352941176,136,200,0,monthly_industry_30,monthly industry,low_overlap_concentration,27,test,iid,constant_a029,0.12133012345679012
0.018149777777777786,0.018149777777777775,0.01814977777777779,,inf,0.0,0.0,1.0,0.01024235294117647,0.10200901960784312,136,200,0,monthly_industry_30,monthly industry,low_overlap_concentration,27,test,iid,constant_equal_weight_public,0.12133012345679012
0.019321740070531807,0.001705407809610834,0.038186008705608405,0.1608609022556391,0.18197575757575746,133.0000000000009,1.0097719869706845,0.022058823529405025,0.02070735294117647,0.17675588235294115,136,0,4,monthly_industry_30,monthly industry,low_overlap_concentration,27,test,iid,momentum_12,0.12133012345679012
-0.8698377507381416,-2.7946234379130064,0.017454781902830546,0.0344,inf,2.0,3100.0000000000014,0.9852941176470589,0.006003799019607842,0.08625,136,24,1,monthly_industry_30,monthly industry,low_overlap_concentration,27,test,iid,low_vol_12,0.12133012345679012
0.0243076547013887,0.013956670264936976,0.03732473789687327,0.16980980392156864,0.1873,50.99999999999997,1.0097719869706845,0.6250000000000002,0.015530686274509806,0.1313264705882353,136,0,4,monthly_industry_30,monthly industry,low_overlap_concentration,27,test,iid,risk_adjusted_12,0.12133012345679012
0.1599718338839873,0.15023566746151595,0.17031497698665568,0.030999999999999996,0.031,5.000000000000002,1.0097719869706845,0.9632352941176471,0.010716176470588234,0.14173235294117648,136,3,2,monthly_industry_30,monthly industry,low_overlap_concentration,27,test,iid,ridge_return_train_only,0.12133012345679012
0.018149777777777786,0.018149777777777775,0.01814977777777779,,inf,0.0,0.0,1.0,0.005722058823529412,0.07954117647058823,136,200,0,monthly_industry_30,monthly industry,low_overlap_concentration,27,test,block,constant_a000,0.12133012345679012
-0.1309965220911254,-0.4321373907492309,0.0248267465203136,0.0344,inf,1.0,3100.0000000000014,0.9926470588235294,0.005813235294117649,0.08037058823529412,136,69,0,monthly_industry_30,monthly industry,low_overlap_concentration,27,test,block,constant_a001,0.12133012345679012
-0.7515665903030071,-2.9463609486682576,0.0016700652675058969,-0.07593348475016219,0.0584,1.0078315850588306,3100.0000000000014,0.9925894736392733,0.011203676470588236,0.12225294117647058,136,0,0,monthly_industry_30,monthly industry,low_overlap_concentration,27,test,block,constant_a002,0.12133012345679012
0.019390840348300034,0.01814938814108706,0.020961184283919854,0.003,0.003,5.000000000000001,1.0097719869706845,0.9632352941176471,0.012388235294117648,0.15730882352941175,136,1,2,monthly_industry_30,monthly industry,low_overlap_concentration,27,test,block,constant_a003,0.12133012345679012
0.018149777777777786,0.018149777777777775,0.01814977777777779,,inf,0.0,0.0,1.0,0.0059507352941176464,0.1360823529411765,136,200,0,monthly_industry_30,monthly industry,low_overlap_concentration,27,test,block,constant_a004,0.12133012345679012
0.017764813757424797,0.016684850325200656,0.018516958096485066,0.0385,0.0385,7.000000000000001,1.0097719869706845,0.9485294117647058,0.005198529411764706,0.09060294117647058,136,6,2,monthly_industry_30,monthly industry,low_overlap_concentration,27,test,block,constant_a005,0.12133012345679012
0.017181591237146326,0.015132090034276473,0.018513741675714807,0.1007,inf,4.0,1.0097719869706845,0.9705882352941176,0.004352205882352941,0.14798235294117645,136,18,1,monthly_industry_30,monthly industry,low_overlap_concentration,27,test,block,constant_a006,0.12133012345679012
0.018149777777777786,0.018149777777777775,0.01814977777777779,,inf,0.0,0.0,1.0,0.008147794117647059,0.0847264705882353,136,200,0,monthly_industry_30,monthly industry,low_overlap_concentration,27,test,block,constant_a007,0.12133012345679012
0.018149777777777786,0.018149777777777775,0.01814977777777779,,inf,0.0,0.0,1.0,0.006644117647058825,0.12974411764705882,136,200,0,monthly_industry_30,monthly industry,low_overlap_concentration,27,test,block,constant_a008,0.12133012345679012
0.004828385477199904,-0.016038824862988466,0.023611211674627878,0.1711,0.1711,11.999999999999991,1.0097719869706845,0.911764705882353,0.0021544117647058834,0.2105794117647059,136,0,3,monthly_industry_30,monthly industry,low_overlap_concentration,27,test,block,constant_a009,0.12133012345679012
0.01717677337080327,0.01360112902109812,0.0203019738641928,0.1414,0.1414,8.999999999999998,1.0097719869706845,0.9338235294117647,0.01612941176470588,0.1451029411764706,136,0,2,monthly_industry_30,monthly industry,low_overlap_concentration,27,test,block,constant_a010,0.12133012345679012
0.018149777777777786,0.018149777777777775,0.01814977777777779,,inf,0.0,0.0,1.0,0.01574558823529412,0.17915,136,200,0,monthly_industry_30,monthly industry,low_overlap_concentration,27,test,block,constant_a011,0.12133012345679012
0.018129364544080397,0.017847590806029254,0.01830791236081838,0.0017,inf,3.0,1.0097719869706845,0.9779411764705882,0.016123529411764703,0.12421176470588235,136,17,1,monthly_industry_30,monthly industry,low_overlap_concentration,27,test,block,constant_a012,0.12133012345679012
0.018149777777777786,0.018149777777777775,0.01814977777777779,,inf,0.0,0.0,1.0,0.012578676470588237,0.14005882352941176,136,200,0,monthly_industry_30,monthly industry,low_overlap_concentration,27,test,block,constant_a013,0.12133012345679012
0.022972956973451773,0.013502975224074423,0.03310056403153011,0.18899999999999997,0.18899999999999997,19.999999999999975,1.0097719869706845,0.8529411764705884,0.0199125,0.21385882352941174,136,0,3,monthly_industry_30,monthly industry,low_overlap_concentration,27,test,block,constant_a014,0.12133012345679012
0.11275489842447284,0.09685477794066476,0.13055862045062006,0.0175,0.0175,6.000000000000001,1.0097719869706845,0.9558823529411764,0.012144117647058823,0.14591176470588232,136,1,2,monthly_industry_30,monthly industry,low_overlap_concentration,27,test,block,constant_a015,0.12133012345679012
0.05827898885817011,0.04584066977341442,0.07603040217124685,0.1746,0.1746,6.0,1.0097719869706843,0.9558823529411765,0.015613235294117645,0.13995294117647059,136,8,2,monthly_industry_30,monthly industry,low_overlap_concentration,27,test,block,constant_a016,0.12133012345679012
0.01218489425454243,-0.001491070253759306,0.02870258002521618,0.16065135135135133,0.1873,36.999999999999964,1.0097719869706843,0.7279411764705885,0.009413235294117648,0.2893911764705882,136,0,3,monthly_industry_30,monthly industry,low_overlap_concentration,27,test,block,constant_a017,0.12133012345679012
0.018149777777777786,0.018149777777777775,0.01814977777777779,,inf,0.0,0.0,1.0,0.010013235294117651,0.17509411764705882,136,200,0,monthly_industry_30,monthly industry,low_overlap_concentration,27,test,block,constant_a018,0.12133012345679012
0.06488278431372543,0.018149777777777775,0.15834879738562097,-0.0202,inf,1.0,3100.0000000000014,0.9926470588235294,0.008348529411764708,0.08674705882352941,136,80,0,monthly_industry_30,monthly industry,low_overlap_concentration,27,test,block,constant_a019,0.12133012345679012
0.018149777777777786,0.018149777777777775,0.01814977777777779,,inf,0.0,0.0,1.0,0.005097058823529412,0.1036735294117647,136,200,0,monthly_industry_30,monthly industry,low_overlap_concentration,27,test,block,constant_a020,0.12133012345679012
0.018149777777777786,0.018149777777777775,0.01814977777777779,,inf,0.0,0.0,1.0,0.014211029411764706,0.10055882352941177,136,200,0,monthly_industry_30,monthly industry,low_overlap_concentration,27,test,block,constant_a021,0.12133012345679012
0.007600562865889194,-0.007317399699259697,0.020776665389123664,0.09020000000000002,0.0902,7.000000000000001,1.0097719869706843,0.9485294117647058,0.020024264705882353,0.10592058823529413,136,1,2,monthly_industry_30,monthly industry,low_overlap_concentration,27,test,block,constant_a022,0.12133012345679012
0.018149777777777786,0.018149777777777775,0.01814977777777779,,inf,0.0,0.0,1.0,0.002658823529411765,0.10287058823529413,136,200,0,monthly_industry_30,monthly industry,low_overlap_concentration,27,test,block,constant_a023,0.12133012345679012
0.017691298396883187,0.016774339635093994,0.018149777777777786,0.0436,inf,1.0,1.0097719869706843,0.9926470588235294,0.008090441176470588,0.12422352941176472,136,74,0,monthly_industry_30,monthly industry,low_overlap_concentration,27,test,block,constant_a024,0.12133012345679012
0.018149777777777786,0.018149777777777775,0.01814977777777779,,inf,0.0,0.0,1.0,0.010133823529411765,0.10630294117647059,136,200,0,monthly_industry_30,monthly industry,low_overlap_concentration,27,test,block,constant_a025,0.12133012345679012
0.0177737169104341,0.016498589219944227,0.019021455195759086,0.09119999999999999,inf,3.0,1.0097719869706843,0.9779411764705882,0.012989705882352941,0.09431470588235294,136,23,1,monthly_industry_30,monthly industry,low_overlap_concentration,27,test,block,constant_a026,0.12133012345679012
0.11337188707110989,0.09564398854770055,0.13117069204532683,-0.0323,inf,1.0,1.009771986970684,0.9926470588235294,0.01041985294117647,0.09985882352941176,136,64,0,monthly_industry_30,monthly industry,low_overlap_concentration,27,test,block,constant_a027,0.12133012345679012
0.018149777777777786,0.018149777777777775,0.01814977777777779,,inf,0.0,0.0,1.0,0.011051470588235293,0.1126235294117647,136,200,0,monthly_industry_30,monthly industry,low_overlap_concentration,27,test,block,constant_a028,0.12133012345679012
0.018149777777777786,0.018149777777777775,0.01814977777777779,,inf,0.0,0.0,1.0,0.008997058823529412,0.08895882352941176,136,200,0,monthly_industry_30,monthly industry,low_overlap_concentration,27,test,block,constant_a029,0.12133012345679012
0.018149777777777786,0.018149777777777775,0.01814977777777779,,inf,0.0,0.0,1.0,0.01024235294117647,0.10200901960784312,136,200,0,monthly_industry_30,monthly industry,low_overlap_concentration,27,test,block,constant_equal_weight_public,0.12133012345679012
0.019321740070531807,0.002089889141459314,0.03600639167973537,0.1608609022556391,0.1824947368421052,133.0000000000009,1.0097719869706845,0.022058823529405025,0.02070735294117647,0.17675588235294115,136,0,4,monthly_industry_30,monthly industry,low_overlap_concentration,27,test,block,momentum_12,0.12133012345679012
-0.8698377507381416,-2.935677562046496,0.01869749462364469,0.0344,inf,2.0,3100.0000000000014,0.9852941176470589,0.006003799019607842,0.08625,136,19,1,monthly_industry_30,monthly industry,low_overlap_concentration,27,test,block,low_vol_12,0.12133012345679012
0.0243076547013887,0.012741235689497612,0.03737069461069822,0.16980980392156864,0.1873,50.99999999999997,1.0097719869706845,0.6250000000000002,0.015530686274509806,0.1313264705882353,136,0,4,monthly_industry_30,monthly industry,low_overlap_concentration,27,test,block,risk_adjusted_12,0.12133012345679012
0.1599718338839873,0.14663309199400426,0.17298784814447155,0.030999999999999996,0.031,5.000000000000002,1.0097719869706845,0.9632352941176471,0.010716176470588234,0.14173235294117648,136,1,2,monthly_industry_30,monthly industry,low_overlap_concentration,27,test,block,ridge_return_train_only,0.12133012345679012
-0.6209409778898297,-1.877346739206702,0.007842888888888885,0.003266909739102256,inf,1.0003241491000752,6199.999999999999,0.9907377393601845,0.009589814814814813,0.0832074074074074,108,32,0,monthly_industry_30,monthly industry,adversarial_support_mismatch,7,calibration,iid,constant_a000,0.12133012345679012
-0.006376593269880314,-0.025992359636310105,0.013984440286761773,,inf,0.0,0.0,1.0,0.011237037037037037,0.08046666666666666,108,200,0,monthly_industry_30,monthly industry,adversarial_support_mismatch,7,calibration,iid,constant_a001,0.12133012345679012
0.22964867223454727,0.19772697177738624,0.2660535203671468,,inf,0.0,0.0,1.0,0.01357037037037037,0.08148518518518519,108,200,0,monthly_industry_30,monthly industry,adversarial_support_mismatch,7,calibration,iid,constant_a002,0.12133012345679012
0.006290800594940336,-0.0019270065063262396,0.015753156662064532,0.3023,0.3023,5.0,1.0048622366288489,0.9537037037037037,0.009954629629629631,0.2067925925925926,108,0,2,monthly_industry_30,monthly industry,adversarial_support_mismatch,7,calibration,iid,constant_a003,0.12133012345679012
0.0008761045681013325,-0.0037770298887488283,0.005157613057006223,0.13470000000000001,0.13470000000000001,18.0,1.0048622366288489,0.8333333333333334,0.0031333333333333348,0.1556074074074074,108,0,3,monthly_industry_30,monthly industry,adversarial_support_mismatch,7,calibration,iid,constant_a004,0.12133012345679012
0.007900308702002909,0.006787855751979239,0.009131058335167506,0.029900000000000003,inf,2.9999999999999996,1.0048622366288489,0.9722222222222222,0.007787037037037038,0.10028888888888889,108,12,1,monthly_industry_30,monthly industry,adversarial_support_mismatch,7,calibration,iid,constant_a005,0.12133012345679012
0.007842888888888875,0.00784288888888888,0.007842888888888889,,inf,0.0,0.0,1.0,0.012547222222222222,0.13836666666666664,108,200,0,monthly_industry_30,monthly industry,adversarial_support_mismatch,7,calibration,iid,constant_a006,0.12133012345679012
0.0048758934207083545,-0.006927570238801863,0.01563828843484421,0.017,0.017,4.0,1.0048622366288489,0.962962962962963,0.010110185185185182,0.08343333333333333,108,4,1,monthly_industry_30,monthly industry,adversarial_support_mismatch,7,calibration,iid,constant_a007,0.12133012345679012
0.007842888888888875,0.00784288888888888,0.007842888888888889,,inf,0.0,0.0,1.0,0.01219907407407408,0.1576222222222222,108,200,0,monthly_industry_30,monthly industry,adversarial_support_mismatch,7,calibration,iid,constant_a008,0.12133012345679012
0.07521467731083688,0.059946537119664946,0.08921727881351385,-0.2981,inf,1.0,1.0048622366288489,0.9907407407407407,0.01513333333333333,0.24232222222222222,108,75,0,monthly_industry_30,monthly industry,adversarial_support_mismatch,7,calibration,iid,constant_a009,0.12133012345679012
0.008253339963049652,0.0075151115112951925,0.009402019488964918,0.0039000000000000003,inf,2.0,1.0048622366288489,0.9814814814814815,0.004490740740740739,0.16894074074074072,108,22,1,monthly_industry_30,monthly industry,adversarial_support_mismatch,7,calibration,iid,constant_a010,0.12133012345679012
-0.03528157796795012,-0.05023497125473675,-0.016998018220650047,0.014599999999999998,inf,2.9999999999999996,1.0048622366288489,0.9722222222222222,0.005515740740740741,0.23192222222222222,108,15,1,monthly_industry_30,monthly industry,adversarial_support_mismatch,7,calibration,iid,constant_a011,0.12133012345679012
0.007842888888888875,0.00784288888888888,0.007842888888888889,,inf,0.0,0.0,1.0,0.01081574074074074,0.17674444444444445,108,200,0,monthly_industry_30,monthly industry,adversarial_support_mismatch,7,calibration,iid,constant_a012,0.12133012345679012
0.007842888888888875,0.00784288888888888,0.007842888888888889,,inf,0.0,0.0,1.0,0.009680555555555555,0.16028888888888887,108,200,0,monthly_industry_30,monthly industry,adversarial_support_mismatch,7,calibration,iid,constant_a013,0.12133012345679012
0.007660390606345573,0.006252300518238387,0.009101187978136605,0.062,0.062,5.0,1.0048622366288489,0.9537037037037037,0.009813888888888888,0.1906925925925926,108,1,2,monthly_industry_30,monthly industry,adversarial_support_mismatch,7,calibration,iid,constant_a014,0.12133012345679012
0.06225662538091258,0.04597299255414722,0.08014871084921177,,inf,0.0,0.0,1.0,0.011383333333333332,0.1517,108,200,0,monthly_industry_30,monthly industry,adversarial_support_mismatch,7,calibration,iid,constant_a015,0.12133012345679012
-0.007175222925965085,-0.019567096840971906,0.004136503531589623,0.0673,0.0673,11.000000000000004,1.004862236628849,0.8981481481481481,0.005846296296296298,0.21665185185185185,108,0,3,monthly_industry_30,monthly industry,adversarial_support_mismatch,7,calibration,iid,constant_a016,0.12133012345679012
0.023062327650412703,0.0069607594712426165,0.03954060940922109,0.23475675675675675,0.2371,37.00000000000003,1.004862236628849,0.6574074074074072,-0.0003518518518518532,0.29553703703703704,108,0,3,monthly_industry_30,monthly industry,adversarial_support_mismatch,7,calibration,iid,constant_a017,0.12133012345679012
0.007958925665806256,0.006042948171158733,0.009995798115466444,0.06160000000000001,0.06160000000000001,3.0,1.004862236628849,0.9722222222222222,0.007457407407407407,0.13156296296296294,108,9,1,monthly_industry_30,monthly industry,adversarial_support_mismatch,7,calibration,iid,constant_a018,0.12133012345679012
0.008725598335234187,0.007842888888888887,0.009697097491512756,-0.0285,-0.028499999999999998,3.0,1.004862236628849,0.9722222222222222,0.008509259259259258,0.09720740740740741,108,7,1,monthly_industry_30,monthly industry,adversarial_support_mismatch,7,calibration,iid,constant_a019,0.12133012345679012
-0.04354501280288177,-0.0553706102659603,-0.032294303142574025,,inf,0.0,0.0,1.0,0.01028611111111111,0.11100000000000002,108,200,0,monthly_industry_30,monthly industry,adversarial_support_mismatch,7,calibration,iid,constant_a020,0.12133012345679012
0.007842888888888875,0.00784288888888888,0.007842888888888889,,inf,0.0,0.0,1.0,0.008956481481481482,0.10537407407407408,108,200,0,monthly_industry_30,monthly industry,adversarial_support_mismatch,7,calibration,iid,constant_a021,0.12133012345679012
-0.12556888138463357,-0.1608473323092822,-0.09573554573771785,,inf,0.0,0.0,1.0,0.009407407407407408,0.13405555555555554,108,200,0,monthly_industry_30,monthly industry,adversarial_support_mismatch,7,calibration,iid,constant_a022,0.12133012345679012
0.007842888888888875,0.00784288888888888,0.007842888888888889,,inf,0.0,0.0,1.0,0.009435185185185184,0.1265962962962963,108,200,0,monthly_industry_30,monthly industry,adversarial_support_mismatch,7,calibration,iid,constant_a023,0.12133012345679012
0.007842888888888875,0.00784288888888888,0.007842888888888889,,inf,0.0,0.0,1.0,0.011483333333333335,0.11916296296296297,108,200,0,monthly_industry_30,monthly industry,adversarial_support_mismatch,7,calibration,iid,constant_a024,0.12133012345679012
0.007842888888888875,0.00784288888888888,0.007842888888888889,,inf,0.0,0.0,1.0,0.010116666666666666,0.11522222222222221,108,200,0,monthly_industry_30,monthly industry,adversarial_support_mismatch,7,calibration,iid,constant_a025,0.12133012345679012
0.007842888888888875,0.00784288888888888,0.007842888888888889,,inf,0.0,0.0,1.0,0.009475925925925928,0.09744814814814814,108,200,0,monthly_industry_30,monthly industry,adversarial_support_mismatch,7,calibration,iid,constant_a026,0.12133012345679012
0.007842888888888875,0.00784288888888888,0.007842888888888889,,inf,0.0,0.0,1.0,0.011696296296296293,0.0864962962962963,108,200,0,monthly_industry_30,monthly industry,adversarial_support_mismatch,7,calibration,iid,constant_a027,0.12133012345679012
0.005596434586576489,0.0016163853372551404,0.008280790018408462,0.1125,0.11250000000000002,8.000000000000002,1.004862236628849,0.9259259259259259,0.0033916666666666683,0.17157407407407407,108,0,2,monthly_industry_30,monthly industry,adversarial_support_mismatch,7,calibration,iid,constant_a028,0.12133012345679012
0.008198976089000923,0.006204669841460404,0.01003856818469829,0.0707,inf,3.0,1.004862236628849,0.9722222222222222,0.005977777777777777,0.14215185185185186,108,16,1,monthly_industry_30,monthly industry,adversarial_support_mismatch,7,calibration,iid,constant_a029,0.12133012345679012
0.007842888888888875,0.00784288888888888,0.007842888888888889,,inf,0.0,0.0,1.0,0.008955,0.12133012345679012,108,200,0,monthly_industry_30,monthly industry,adversarial_support_mismatch,7,calibration,iid,constant_equal_weight_public,0.12133012345679012
0.06374968280150285,0.038174001549502075,0.09397211578802458,,inf,0.0,0.0,1.0,0.013036111111111111,0.2308074074074074,108,200,0,monthly_industry_30,monthly industry,adversarial_support_mismatch,7,calibration,iid,momentum_12,0.12133012345679012
0.0015672698104390445,-0.007003588094631531,0.01012333384509239,0.0546,inf,1.0,1.0048622366288489,0.9907407407407407,0.009154320987654322,0.09146296296296295,108,64,0,monthly_industry_30,monthly industry,adversarial_support_mismatch,7,calibration,iid,low_vol_12,0.12133012345679012
0.027640955999700637,0.013131177061190335,0.0432021492976927,,inf,0.0,0.0,1.0,0.0024592592592592587,0.2494555555555555,108,200,0,monthly_industry_30,monthly industry,adversarial_support_mismatch,7,calibration,iid,risk_adjusted_12,0.12133012345679012
0.274907183060892,0.24671465124575015,0.2996241628301763,,inf,0.0,0.0,1.0,0.011165740740740738,0.1203222222222222,108,200,0,monthly_industry_30,monthly industry,adversarial_support_mismatch,7,calibration,iid,ridge_return_train_only,0.12133012345679012
-0.6209409778898297,-1.8947366709719804,0.007842888888888887,0.003266909739102256,inf,1.0003241491000752,6199.999999999999,0.9907377393601845,0.009589814814814813,0.0832074074074074,108,25,0,monthly_industry_30,monthly industry,adversarial_support_mismatch,7,calibration,block,constant_a000,0.12133012345679012
-0.006376593269880314,-0.04284644332958724,0.027843031170018993,,inf,0.0,0.0,1.0,0.011237037037037037,0.08046666666666666,108,200,0,monthly_industry_30,monthly industry,adversarial_support_mismatch,7,calibration,block,constant_a001,0.12133012345679012
0.22964867223454727,0.1736721049390395,0.2913914888817988,,inf,0.0,0.0,1.0,0.01357037037037037,0.08148518518518519,108,200,0,monthly_industry_30,monthly industry,adversarial_support_mismatch,7,calibration,block,constant_a002,0.12133012345679012
0.006290800594940336,-0.0019558325613115335,0.014422373303386218,0.3023,inf,5.0,1.0048622366288489,0.9537037037037037,0.009954629629629631,0.2067925925925926,108,13,2,monthly_industry_30,monthly industry,adversarial_support_mismatch,7,calibration,block,constant_a003,0.12133012345679012
0.0008761045681013325,-0.004761035237876094,0.0060651071926419485,0.13470000000000001,0.13470000000000001,18.0,1.0048622366288489,0.8333333333333334,0.0031333333333333348,0.1556074074074074,108,0,3,monthly_industry_30,monthly industry,adversarial_support_mismatch,7,calibration,block,constant_a004,0.12133012345679012
0.007900308702002909,0.0071964459701462655,0.008489594395088406,0.029900000000000003,inf,2.9999999999999996,1.0048622366288489,0.9722222222222222,0.007787037037037038,0.10028888888888889,108,16,1,monthly_industry_30,monthly industry,adversarial_support_mismatch,7,calibration,block,constant_a005,0.12133012345679012
0.007842888888888875,0.00784288888888888,0.00784288888888889,,inf,0.0,0.0,1.0,0.012547222222222222,0.13836666666666664,108,200,0,monthly_industry_30,monthly industry,adversarial_support_mismatch,7,calibration,block,constant_a006,0.12133012345679012
0.0048758934207083545,-0.011404578378125576,0.018997257199434816,0.017,inf,4.0,1.0048622366288489,0.962962962962963,0.010110185185185182,0.08343333333333333,108,10,1,monthly_industry_30,monthly industry,adversarial_support_mismatch,7,calibration,block,constant_a007,0.12133012345679012
0.007842888888888875,0.00784288888888888,0.00784288888888889,,inf,0.0,0.0,1.0,0.01219907407407408,0.1576222222222222,108,200,0,monthly_industry_30,monthly industry,adversarial_support_mismatch,7,calibration,block,constant_a008,0.12133012345679012
0.07521467731083688,0.05740836708003342,0.09375958513568623,-0.2981,inf,1.0,1.0048622366288489,0.9907407407407407,0.01513333333333333,0.24232222222222222,108,71,0,monthly_industry_30,monthly industry,adversarial_support_mismatch,7,calibration,block,constant_a009,0.12133012345679012
0.008253339963049652,0.00773362976302432,0.009292760363100349,0.0039000000000000003,inf,2.0,1.0048622366288489,0.9814814814814815,0.004490740740740739,0.16894074074074072,108,48,1,monthly_industry_30,monthly industry,adversarial_support_mismatch,7,calibration,block,constant_a010,0.12133012345679012
-0.03528157796795012,-0.06828754821185343,-0.008726725025022659,0.014599999999999998,inf,2.9999999999999996,1.0048622366288489,0.9722222222222222,0.005515740740740741,0.23192222222222222,108,12,1,monthly_industry_30,monthly industry,adversarial_support_mismatch,7,calibration,block,constant_a011,0.12133012345679012
0.007842888888888875,0.00784288888888888,0.00784288888888889,,inf,0.0,0.0,1.0,0.01081574074074074,0.17674444444444445,108,200,0,monthly_industry_30,monthly industry,adversarial_support_mismatch,7,calibration,block,constant_a012,0.12133012345679012
0.007842888888888875,0.00784288888888888,0.00784288888888889,,inf,0.0,0.0,1.0,0.009680555555555555,0.16028888888888887,108,200,0,monthly_industry_30,monthly industry,adversarial_support_mismatch,7,calibration,block,constant_a013,0.12133012345679012
0.007660390606345573,0.0061017054228278324,0.0088511362810226,0.062,0.062,5.0,1.0048622366288489,0.9537037037037037,0.009813888888888888,0.1906925925925926,108,5,2,monthly_industry_30,monthly industry,adversarial_support_mismatch,7,calibration,block,constant_a014,0.12133012345679012
0.06225662538091258,0.03632985860871483,0.0901393328051912,,inf,0.0,0.0,1.0,0.011383333333333332,0.1517,108,200,0,monthly_industry_30,monthly industry,adversarial_support_mismatch,7,calibration,block,constant_a015,0.12133012345679012
-0.007175222925965085,-0.02163058706711028,0.007138116641672451,0.0673,0.0673,11.000000000000004,1.004862236628849,0.8981481481481481,0.005846296296296298,0.21665185185185185,108,3,3,monthly_industry_30,monthly industry,adversarial_support_mismatch,7,calibration,block,constant_a016,0.12133012345679012
0.023062327650412703,0.005722882609431736,0.040581992529630295,0.23475675675675675,0.2371,37.00000000000003,1.004862236628849,0.6574074074074072,-0.0003518518518518532,0.29553703703703704,108,0,3,monthly_industry_30,monthly industry,adversarial_support_mismatch,7,calibration,block,constant_a017,0.12133012345679012
0.007958925665806256,0.006691965170645159,0.008863682947489173,0.06160000000000001,inf,3.0,1.004862236628849,0.9722222222222222,0.007457407407407407,0.13156296296296294,108,16,1,monthly_industry_30,monthly industry,adversarial_support_mismatch,7,calibration,block,constant_a018,0.12133012345679012
0.008725598335234187,0.007842888888888885,0.009927843634738639,-0.0285,inf,3.0,1.004862236628849,0.9722222222222222,0.008509259259259258,0.09720740740740741,108,17,1,monthly_industry_30,monthly industry,adversarial_support_mismatch,7,calibration,block,constant_a019,0.12133012345679012
-0.04354501280288177,-0.05894080194520745,-0.025159794725722877,,inf,0.0,0.0,1.0,0.01028611111111111,0.11100000000000002,108,200,0,monthly_industry_30,monthly industry,adversarial_support_mismatch,7,calibration,block,constant_a020,0.12133012345679012
0.007842888888888875,0.00784288888888888,0.00784288888888889,,inf,0.0,0.0,1.0,0.008956481481481482,0.10537407407407408,108,200,0,monthly_industry_30,monthly industry,adversarial_support_mismatch,7,calibration,block,constant_a021,0.12133012345679012
-0.12556888138463357,-0.1810215990019578,-0.07604752607470833,,inf,0.0,0.0,1.0,0.009407407407407408,0.13405555555555554,108,200,0,monthly_industry_30,monthly industry,adversarial_support_mismatch,7,calibration,block,constant_a022,0.12133012345679012
0.007842888888888875,0.00784288888888888,0.00784288888888889,,inf,0.0,0.0,1.0,0.009435185185185184,0.1265962962962963,108,200,0,monthly_industry_30,monthly industry,adversarial_support_mismatch,7,calibration,block,constant_a023,0.12133012345679012
0.007842888888888875,0.00784288888888888,0.00784288888888889,,inf,0.0,0.0,1.0,0.011483333333333335,0.11916296296296297,108,200,0,monthly_industry_30,monthly industry,adversarial_support_mismatch,7,calibration,block,constant_a024,0.12133012345679012
0.007842888888888875,0.00784288888888888,0.00784288888888889,,inf,0.0,0.0,1.0,0.010116666666666666,0.11522222222222221,108,200,0,monthly_industry_30,monthly industry,adversarial_support_mismatch,7,calibration,block,constant_a025,0.12133012345679012
0.007842888888888875,0.00784288888888888,0.00784288888888889,,inf,0.0,0.0,1.0,0.009475925925925928,0.09744814814814814,108,200,0,monthly_industry_30,monthly industry,adversarial_support_mismatch,7,calibration,block,constant_a026,0.12133012345679012
0.007842888888888875,0.00784288888888888,0.00784288888888889,,inf,0.0,0.0,1.0,0.011696296296296293,0.0864962962962963,108,200,0,monthly_industry_30,monthly industry,adversarial_support_mismatch,7,calibration,block,constant_a027,0.12133012345679012
0.005596434586576489,1.9471245106085002e-05,0.008926713034662607,0.1125,0.11250000000000002,8.000000000000002,1.004862236628849,0.9259259259259259,0.0033916666666666683,0.17157407407407407,108,3,2,monthly_industry_30,monthly industry,adversarial_support_mismatch,7,calibration,block,constant_a028,0.12133012345679012
0.008198976089000923,0.006935454869239848,0.009823000733670815,0.0707,inf,3.0,1.004862236628849,0.9722222222222222,0.005977777777777777,0.14215185185185186,108,27,1,monthly_industry_30,monthly industry,adversarial_support_mismatch,7,calibration,block,constant_a029,0.12133012345679012
0.007842888888888875,0.00784288888888888,0.00784288888888889,,inf,0.0,0.0,1.0,0.008955,0.12133012345679012,108,200,0,monthly_industry_30,monthly industry,adversarial_support_mismatch,7,calibration,block,constant_equal_weight_public,0.12133012345679012
0.06374968280150285,0.026776876036701265,0.10176625340474381,,inf,0.0,0.0,1.0,0.013036111111111111,0.2308074074074074,108,200,0,monthly_industry_30,monthly industry,adversarial_support_mismatch,7,calibration,block,momentum_12,0.12133012345679012
0.0015672698104390445,-0.010388918276105939,0.013803220578012277,0.0546,inf,1.0,1.0048622366288489,0.9907407407407407,0.009154320987654322,0.09146296296296295,108,70,0,monthly_industry_30,monthly industry,adversarial_support_mismatch,7,calibration,block,low_vol_12,0.12133012345679012
0.027640955999700637,0.010013612832092622,0.0443217796319607,,inf,0.0,0.0,1.0,0.0024592592592592587,0.2494555555555555,108,200,0,monthly_industry_30,monthly industry,adversarial_support_mismatch,7,calibration,block,risk_adjusted_12,0.12133012345679012
0.274907183060892,0.2301274020879552,0.31967890148034744,,inf,0.0,0.0,1.0,0.011165740740740738,0.1203222222222222,108,200,0,monthly_industry_30,monthly industry,adversarial_support_mismatch,7,calibration,block,ridge_return_train_only,0.12133012345679012
0.008195117731803666,0.007625027531488015,0.00901684546773869,0.0069,0.0069,2.9999999999999996,1.0048622366288489,0.9779411764705882,0.005722058823529412,0.07954117647058823,136,9,1,monthly_industry_30,monthly industry,adversarial_support_mismatch,7,test,iid,constant_a000,0.12133012345679012
-0.00988310334678543,-0.018413703475241683,0.0010641164268330294,0.071,0.071,4.0,1.0048622366288489,0.9705882352941176,0.005813235294117649,0.08037058823529412,136,3,1,monthly_industry_30,monthly industry,adversarial_support_mismatch,7,test,iid,constant_a001,0.12133012345679012
0.14326400986957466,0.12342997030187287,0.1586871846101452,0.1417,0.1417,7.000000000000002,1.0048622366288489,0.9485294117647058,0.011203676470588236,0.12225294117647058,136,0,2,monthly_industry_30,monthly industry,adversarial_support_mismatch,7,test,iid,constant_a002,0.12133012345679012
0.007780927310092036,0.004350478568818131,0.01174321851860679,0.11019999999999999,0.11019999999999999,9.0,1.0048622366288489,0.9338235294117647,0.012388235294117648,0.15730882352941175,136,0,2,monthly_industry_30,monthly industry,adversarial_support_mismatch,7,test,iid,constant_a003,0.12133012345679012
0.008045761051260028,0.007842888888888889,0.008456577180061656,-0.0353,inf,1.0,1.0048622366288489,0.9926470588235294,0.0059507352941176464,0.1360823529411765,136,63,0,monthly_industry_30,monthly industry,adversarial_support_mismatch,7,test,iid,constant_a004,0.12133012345679012
0.007711158345780217,0.006766035866939968,0.008318595515407678,0.0415,inf,2.9999999999999996,1.0048622366288489,0.9779411764705882,0.005198529411764706,0.09060294117647058,136,15,1,monthly_industry_30,monthly industry,adversarial_support_mismatch,7,test,iid,constant_a005,0.12133012345679012
0.00775443145729387,0.00496447903226661,0.011046386169108375,0.11460000000000001,0.11460000000000001,18.0,1.0048622366288489,0.8676470588235294,0.004352205882352941,0.14798235294117645,136,0,3,monthly_industry_30,monthly industry,adversarial_support_mismatch,7,test,iid,constant_a006,0.12133012345679012
-0.0029766580419266367,-0.01343934974574134,0.006229457688383408,,inf,0.0,0.0,1.0,0.008147794117647059,0.0847264705882353,136,200,0,monthly_industry_30,monthly industry,adversarial_support_mismatch,7,test,iid,constant_a007,0.12133012345679012
0.008036155750468725,0.007842888888888889,0.00842268947362846,-0.034,inf,1.0,1.0048622366288489,0.9926470588235294,0.006644117647058825,0.12974411764705882,136,88,0,monthly_industry_30,monthly industry,adversarial_support_mismatch,7,test,iid,constant_a008,0.12133012345679012
0.06956527041402219,0.056626198143839616,0.08395859080125613,0.25989999999999996,0.25989999999999996,15.000000000000002,1.0048622366288489,0.8897058823529411,0.0021544117647058834,0.2105794117647059,136,0,3,monthly_industry_30,monthly industry,adversarial_support_mismatch,7,test,iid,constant_a009,0.12133012345679012
0.007842888888888868,0.007842888888888889,0.007842888888888892,,inf,0.0,0.0,1.0,0.01612941176470588,0.1451029411764706,136,200,0,monthly_industry_30,monthly industry,adversarial_support_mismatch,7,test,iid,constant_a010,0.12133012345679012
-0.024200685219584673,-0.037853253536441096,-0.009794841608524143,-0.1604,inf,1.0,1.0048622366288489,0.9926470588235294,0.01574558823529412,0.17915,136,72,0,monthly_industry_30,monthly industry,adversarial_support_mismatch,7,test,iid,constant_a011,0.12133012345679012
0.007842888888888868,0.007842888888888889,0.007842888888888892,,inf,0.0,0.0,1.0,0.016123529411764703,0.12421176470588235,136,200,0,monthly_industry_30,monthly industry,adversarial_support_mismatch,7,test,iid,constant_a012,0.12133012345679012
-0.677935869281046,-2.049493385620915,0.007842888888888892,0.007199999999999999,inf,1.0,6199.999999999999,0.9926470588235294,0.012578676470588237,0.14005882352941176,136,67,0,monthly_industry_30,monthly industry,adversarial_support_mismatch,7,test,iid,constant_a013,0.12133012345679012
0.009301732121481743,0.0032248268424063366,0.01686412483448268,0.2999,0.2999,6.000000000000001,1.0048622366288489,0.9558823529411764,0.0199125,0.21385882352941174,136,0,2,monthly_industry_30,monthly industry,adversarial_support_mismatch,7,test,iid,constant_a014,0.12133012345679012
0.0335515230243591,0.02108093911823668,0.045933674945684407,-0.087,inf,1.0,1.0048622366288489,0.9926470588235294,0.012144117647058823,0.14591176470588232,136,79,0,monthly_industry_30,monthly industry,adversarial_support_mismatch,7,test,iid,constant_a015,0.12133012345679012
-0.015071055950322217,-0.02816074243044685,-0.0016831857464065577,,inf,0.0,0.0,1.0,0.015613235294117645,0.13995294117647059,136,200,0,monthly_industry_30,monthly industry,adversarial_support_mismatch,7,test,iid,constant_a016,0.12133012345679012
0.008062830305095959,-0.010795888169171562,0.0230857569599587,0.37689787234042554,0.40990000000000004,47.000000000000064,1.004862236628849,0.6544117647058818,0.009413235294117648,0.2893911764705882,136,0,3,monthly_industry_30,monthly industry,adversarial_support_mismatch,7,test,iid,constant_a017,0.12133012345679012
0.008310803317761444,0.0077123904513723375,0.009115115083526656,0.004699999999999999,0.004699999999999999,4.0,1.004862236628849,0.9705882352941176,0.010013235294117651,0.17509411764705882,136,2,1,monthly_industry_30,monthly industry,adversarial_support_mismatch,7,test,iid,constant_a018,0.12133012345679012
0.007894291204542308,0.006447379520608895,0.009765146918464845,0.05049999999999999,0.0505,8.000000000000002,1.004862236628849,0.9411764705882353,0.008348529411764708,0.08674705882352941,136,0,2,monthly_industry_30,monthly industry,adversarial_support_mismatch,7,test,iid,constant_a019,0.12133012345679012
-0.0577225895615585,-0.06555817098076007,-0.04998065816962889,0.0705,0.0705,4.0,1.004862236628849,0.9705882352941176,0.005097058823529412,0.1036735294117647,136,3,1,monthly_industry_30,monthly industry,adversarial_support_mismatch,7,test,iid,constant_a020,0.12133012345679012
0.008518637397908901,0.007842888888888889,0.009870134415948983,-0.09929999999999999,inf,1.0,1.004862236628849,0.9926470588235294,0.014211029411764706,0.10055882352941177,136,79,0,monthly_industry_30,monthly industry,adversarial_support_mismatch,7,test,iid,constant_a021,0.12133012345679012
-0.08130059490215699,-0.0957118394532188,-0.06482198053355358,,inf,0.0,0.0,1.0,0.020024264705882353,0.10592058823529413,136,200,0,monthly_industry_30,monthly industry,adversarial_support_mismatch,7,test,iid,constant_a022,0.12133012345679012
0.007654582303153549,0.007288947087424924,0.007842888888888892,0.0169,inf,2.0,1.004862236628849,0.9852941176470589,0.002658823529411765,0.10287058823529413,136,24,1,monthly_industry_30,monthly industry,adversarial_support_mismatch,7,test,iid,constant_a023,0.12133012345679012
0.007842888888888868,0.007842888888888889,0.007842888888888892,,inf,0.0,0.0,1.0,0.008090441176470588,0.12422352941176472,136,200,0,monthly_industry_30,monthly industry,adversarial_support_mismatch,7,test,iid,constant_a024,0.12133012345679012
0.007842888888888868,0.007842888888888889,0.007842888888888892,,inf,0.0,0.0,1.0,0.010133823529411765,0.10630294117647059,136,200,0,monthly_industry_30,monthly industry,adversarial_support_mismatch,7,test,iid,constant_a025,0.12133012345679012
0.007842888888888868,0.007842888888888889,0.007842888888888892,,inf,0.0,0.0,1.0,0.012989705882352941,0.09431470588235294,136,200,0,monthly_industry_30,monthly industry,adversarial_support_mismatch,7,test,iid,constant_a026,0.12133012345679012
0.007842888888888868,0.007842888888888889,0.007842888888888892,,inf,0.0,0.0,1.0,0.01041985294117647,0.09985882352941176,136,200,0,monthly_industry_30,monthly industry,adversarial_support_mismatch,7,test,iid,constant_a027,0.12133012345679012
0.007842888888888868,0.007842888888888889,0.007842888888888892,,inf,0.0,0.0,1.0,0.011051470588235293,0.1126235294117647,136,200,0,monthly_industry_30,monthly industry,adversarial_support_mismatch,7,test,iid,constant_a028,0.12133012345679012
0.007842888888888868,0.007842888888888889,0.007842888888888892,,inf,0.0,0.0,1.0,0.008997058823529412,0.08895882352941176,136,200,0,monthly_industry_30,monthly industry,adversarial_support_mismatch,7,test,iid,constant_a029,0.12133012345679012
0.007842888888888868,0.007842888888888889,0.007842888888888892,,inf,0.0,0.0,1.0,0.01024235294117647,0.10200901960784312,136,200,0,monthly_industry_30,monthly industry,adversarial_support_mismatch,7,test,iid,constant_equal_weight_public,0.12133012345679012
0.03088825859259669,0.020598526036008116,0.04189903974229126,,inf,0.0,0.0,1.0,0.02070735294117647,0.17675588235294115,136,200,0,monthly_industry_30,monthly industry,adversarial_support_mismatch,7,test,iid,momentum_12,0.12133012345679012
0.007062413672432148,0.002232608358072294,0.011654022040281469,0.0415,0.0415,7.000000000000002,1.0048622366288489,0.9485294117647058,0.006003799019607842,0.08625,136,1,2,monthly_industry_30,monthly industry,adversarial_support_mismatch,7,test,iid,low_vol_12,0.12133012345679012
0.015396532101877058,0.003933116216345436,0.02638035085823461,,inf,0.0,0.0,1.0,0.015530686274509806,0.1313264705882353,136,200,0,monthly_industry_30,monthly industry,adversarial_support_mismatch,7,test,iid,risk_adjusted_12,0.12133012345679012
0.17084988697555223,0.15603799531987397,0.1842671846763807,0.1417,0.1417,6.000000000000001,1.0048622366288489,0.9558823529411764,0.014340441176470587,0.13347058823529412,136,0,2,monthly_industry_30,monthly industry,adversarial_support_mismatch,7,test,iid,ridge_return_train_only,0.12133012345679012
0.008195117731803666,0.00772561883878349,0.008984632490651581,0.0069,0.0069,2.9999999999999996,1.0048622366288489,0.9779411764705882,0.005722058823529412,0.07954117647058823,136,8,1,monthly_industry_30,monthly industry,adversarial_support_mismatch,7,test,block,constant_a000,0.12133012345679012
-0.00988310334678543,-0.026647571173040258,0.0041456403635625316,0.071,0.071,4.0,1.0048622366288489,0.9705882352941176,0.005813235294117649,0.08037058823529412,136,5,1,monthly_industry_30,monthly industry,adversarial_support_mismatch,7,test,block,constant_a001,0.12133012345679012
0.14326400986957466,0.11781237145150382,0.16509906525790558,0.1417,0.1417,7.000000000000002,1.0048622366288489,0.9485294117647058,0.011203676470588236,0.12225294117647058,136,4,2,monthly_industry_30,monthly industry,adversarial_support_mismatch,7,test,block,constant_a002,0.12133012345679012
0.007780927310092036,0.005253759454349003,0.010190089119818644,0.11019999999999999,0.11019999999999999,9.0,1.0048622366288489,0.9338235294117647,0.012388235294117648,0.15730882352941175,136,4,2,monthly_industry_30,monthly industry,adversarial_support_mismatch,7,test,block,constant_a003,0.12133012345679012
0.008045761051260028,0.007842888888888889,0.008456577180061653,-0.0353,inf,1.0,1.0048622366288489,0.9926470588235294,0.0059507352941176464,0.1360823529411765,136,70,0,monthly_industry_30,monthly industry,adversarial_support_mismatch,7,test,block,constant_a004,0.12133012345679012
0.007711158345780217,0.007072467785034058,0.008308586709886549,0.0415,inf,2.9999999999999996,1.0048622366288489,0.9779411764705882,0.005198529411764706,0.09060294117647058,136,36,1,monthly_industry_30,monthly industry,adversarial_support_mismatch,7,test,block,constant_a005,0.12133012345679012
0.00775443145729387,0.004533255087340179,0.01044167624813296,0.11460000000000001,0.11460000000000001,18.0,1.0048622366288489,0.8676470588235294,0.004352205882352941,0.14798235294117645,136,0,3,monthly_industry_30,monthly industry,adversarial_support_mismatch,7,test,block,constant_a006,0.12133012345679012
-0.0029766580419266367,-0.01421540282729242,0.008572756241642287,,inf,0.0,0.0,1.0,0.008147794117647059,0.0847264705882353,136,200,0,monthly_industry_30,monthly industry,adversarial_support_mismatch,7,test,block,constant_a007,0.12133012345679012
0.008036155750468725,0.007842888888888887,0.008422689473628462,-0.034,inf,1.0,1.0048622366288489,0.9926470588235294,0.006644117647058825,0.12974411764705882,136,75,0,monthly_industry_30,monthly industry,adversarial_support_mismatch,7,test,block,constant_a008,0.12133012345679012
0.06956527041402219,0.05507679116965564,0.08640691612421673,0.25989999999999996,0.25989999999999996,15.000000000000002,1.0048622366288489,0.8897058823529411,0.0021544117647058834,0.2105794117647059,136,0,3,monthly_industry_30,monthly industry,adversarial_support_mismatch,7,test,block,constant_a009,0.12133012345679012
0.007842888888888868,0.007842888888888887,0.007842888888888892,,inf,0.0,0.0,1.0,0.01612941176470588,0.1451029411764706,136,200,0,monthly_industry_30,monthly industry,adversarial_support_mismatch,7,test,block,constant_a010,0.12133012345679012
-0.024200685219584673,-0.04316066228780288,-0.001147960078350586,-0.1604,inf,1.0,1.0048622366288489,0.9926470588235294,0.01574558823529412,0.17915,136,77,0,monthly_industry_30,monthly industry,adversarial_support_mismatch,7,test,block,constant_a011,0.12133012345679012
0.007842888888888868,0.007842888888888887,0.007842888888888892,,inf,0.0,0.0,1.0,0.016123529411764703,0.12421176470588235,136,200,0,monthly_industry_30,monthly industry,adversarial_support_mismatch,7,test,block,constant_a012,0.12133012345679012
-0.677935869281046,-2.049493385620915,0.007842888888888892,0.007199999999999999,inf,1.0,6199.999999999999,0.9926470588235294,0.012578676470588237,0.14005882352941176,136,75,0,monthly_industry_30,monthly industry,adversarial_support_mismatch,7,test,block,constant_a013,0.12133012345679012
0.009301732121481743,0.005424357888157968,0.014658095966938907,0.2999,0.2999,6.000000000000001,1.0048622366288489,0.9558823529411764,0.0199125,0.21385882352941174,136,8,2,monthly_industry_30,monthly industry,adversarial_support_mismatch,7,test,block,constant_a014,0.12133012345679012
0.0335515230243591,0.014919047600426996,0.05108695181583465,-0.087,inf,1.0,1.0048622366288489,0.9926470588235294,0.012144117647058823,0.14591176470588232,136,74,0,monthly_industry_30,monthly industry,adversarial_support_mismatch,7,test,block,constant_a015,0.12133012345679012
-0.015071055950322217,-0.03571235787876563,0.001668117366507979,,inf,0.0,0.0,1.0,0.015613235294117645,0.13995294117647059,136,200,0,monthly_industry_30,monthly industry,adversarial_support_mismatch,7,test,block,constant_a016,0.12133012345679012
0.008062830305095959,-0.011490293428991834,0.03199678743128383,0.37689787234042554,0.40990000000000004,47.000000000000064,1.004862236628849,0.6544117647058818,0.009413235294117648,0.2893911764705882,136,0,3,monthly_industry_30,monthly industry,adversarial_support_mismatch,7,test,block,constant_a017,0.12133012345679012
0.008310803317761444,0.007657537780320126,0.00911358410530609,0.004699999999999999,0.004699999999999999,4.0,1.004862236628849,0.9705882352941176,0.010013235294117651,0.17509411764705882,136,3,1,monthly_industry_30,monthly industry,adversarial_support_mismatch,7,test,block,constant_a018,0.12133012345679012
0.007894291204542308,0.006347406482717347,0.00948306505360112,0.05049999999999999,0.0505,8.000000000000002,1.004862236628849,0.9411764705882353,0.008348529411764708,0.08674705882352941,136,0,2,monthly_industry_30,monthly industry,adversarial_support_mismatch,7,test,block,constant_a019,0.12133012345679012
-0.0577225895615585,-0.06921777298662,-0.047711446163450785,0.0705,0.0705,4.0,1.004862236628849,0.9705882352941176,0.005097058823529412,0.1036735294117647,136,5,1,monthly_industry_30,monthly industry,adversarial_support_mismatch,7,test,block,constant_a020,0.12133012345679012
0.008518637397908901,0.007842888888888889,0.01054588292496901,-0.09929999999999999,inf,1.0,1.004862236628849,0.9926470588235294,0.014211029411764706,0.10055882352941177,136,76,0,monthly_industry_30,monthly industry,adversarial_support_mismatch,7,test,block,constant_a021,0.12133012345679012
-0.08130059490215699,-0.10640661498880717,-0.05662869896801495,,inf,0.0,0.0,1.0,0.020024264705882353,0.10592058823529413,136,200,0,monthly_industry_30,monthly industry,adversarial_support_mismatch,7,test,block,constant_a022,0.12133012345679012
0.007654582303153549,0.007288947087424924,0.00784288888888889,0.0169,inf,2.0,1.004862236628849,0.9852941176470589,0.002658823529411765,0.10287058823529413,136,32,1,monthly_industry_30,monthly industry,adversarial_support_mismatch,7,test,block,constant_a023,0.12133012345679012
0.007842888888888868,0.007842888888888887,0.007842888888888892,,inf,0.0,0.0,1.0,0.008090441176470588,0.12422352941176472,136,200,0,monthly_industry_30,monthly industry,adversarial_support_mismatch,7,test,block,constant_a024,0.12133012345679012
0.007842888888888868,0.007842888888888887,0.007842888888888892,,inf,0.0,0.0,1.0,0.010133823529411765,0.10630294117647059,136,200,0,monthly_industry_30,monthly industry,adversarial_support_mismatch,7,test,block,constant_a025,0.12133012345679012
0.007842888888888868,0.007842888888888887,0.007842888888888892,,inf,0.0,0.0,1.0,0.012989705882352941,0.09431470588235294,136,200,0,monthly_industry_30,monthly industry,adversarial_support_mismatch,7,test,block,constant_a026,0.12133012345679012
0.007842888888888868,0.007842888888888887,0.007842888888888892,,inf,0.0,0.0,1.0,0.01041985294117647,0.09985882352941176,136,200,0,monthly_industry_30,monthly industry,adversarial_support_mismatch,7,test,block,constant_a027,0.12133012345679012
0.007842888888888868,0.007842888888888887,0.007842888888888892,,inf,0.0,0.0,1.0,0.011051470588235293,0.1126235294117647,136,200,0,monthly_industry_30,monthly industry,adversarial_support_mismatch,7,test,block,constant_a028,0.12133012345679012
0.007842888888888868,0.007842888888888887,0.007842888888888892,,inf,0.0,0.0,1.0,0.008997058823529412,0.08895882352941176,136,200,0,monthly_industry_30,monthly industry,adversarial_support_mismatch,7,test,block,constant_a029,0.12133012345679012
0.007842888888888868,0.007842888888888887,0.007842888888888892,,inf,0.0,0.0,1.0,0.01024235294117647,0.10200901960784312,136,200,0,monthly_industry_30,monthly industry,adversarial_support_mismatch,7,test,block,constant_equal_weight_public,0.12133012345679012
0.03088825859259669,0.017267179914393263,0.04345958580802592,,inf,0.0,0.0,1.0,0.02070735294117647,0.17675588235294115,136,200,0,monthly_industry_30,monthly industry,adversarial_support_mismatch,7,test,block,momentum_12,0.12133012345679012
0.007062413672432148,0.0003543577623592862,0.013451372243872954,0.0415,0.0415,7.000000000000002,1.0048622366288489,0.9485294117647058,0.006003799019607842,0.08625,136,1,2,monthly_industry_30,monthly industry,adversarial_support_mismatch,7,test,block,low_vol_12,0.12133012345679012
0.015396532101877058,0.002219594680782508,0.029728092693454448,,inf,0.0,0.0,1.0,0.015530686274509806,0.1313264705882353,136,200,0,monthly_industry_30,monthly industry,adversarial_support_mismatch,7,test,block,risk_adjusted_12,0.12133012345679012
0.17084988697555223,0.1505576935400182,0.19264668465593207,0.1417,0.1417,6.000000000000001,1.0048622366288489,0.9558823529411764,0.014340441176470587,0.13347058823529412,136,3,2,monthly_industry_30,monthly industry,adversarial_support_mismatch,7,test,block,ridge_return_train_only,0.12133012345679012
0.007580466481248023,0.006412510554855224,0.008164444444444438,0.0546,inf,1.0,1.0048622366288489,0.9907407407407407,0.009589814814814813,0.0832074074074074,108,76,0,monthly_industry_30,monthly industry,adversarial_support_mismatch,17,calibration,iid,constant_a000,0.12133012345679012
-0.006376593269880314,-0.023071602497949876,0.017010470422007557,,inf,0.0,0.0,1.0,0.011237037037037037,0.08046666666666666,108,200,0,monthly_industry_30,monthly industry,adversarial_support_mismatch,17,calibration,iid,constant_a001,0.12133012345679012
0.22964867223454727,0.19873271833216138,0.25822986672771825,,inf,0.0,0.0,1.0,0.01357037037037037,0.08148518518518519,108,200,0,monthly_industry_30,monthly industry,adversarial_support_mismatch,17,calibration,iid,constant_a002,0.12133012345679012
0.006597396935923845,-0.004099123280042162,0.018324243135175496,0.3023,0.3023,5.0,1.0048622366288489,0.9537037037037037,0.009954629629629631,0.2067925925925926,108,1,2,monthly_industry_30,monthly industry,adversarial_support_mismatch,17,calibration,iid,constant_a003,0.12133012345679012
0.0011183545764384913,-0.003628551567054187,0.004993532908471229,0.13470000000000001,0.13470000000000001,16.999999999999996,1.0048622366288489,0.8425925925925926,0.0031333333333333348,0.1556074074074074,108,0,3,monthly_industry_30,monthly industry,adversarial_support_mismatch,17,calibration,iid,constant_a004,0.12133012345679012
0.008212888728815239,0.007323933009184215,0.00914743593719777,0.029900000000000003,0.029900000000000003,2.9999999999999996,1.0048622366288489,0.9722222222222222,0.007787037037037038,0.10028888888888889,108,7,1,monthly_industry_30,monthly industry,adversarial_support_mismatch,17,calibration,iid,constant_a005,0.12133012345679012
0.008164444444444427,0.00816444444444443,0.008164444444444438,,inf,0.0,0.0,1.0,0.012547222222222222,0.13836666666666664,108,200,0,monthly_industry_30,monthly industry,adversarial_support_mismatch,17,calibration,iid,constant_a006,0.12133012345679012
0.0048758934207083545,-0.005334709717387113,0.0177339700436467,0.017,0.017,4.0,1.0048622366288489,0.962962962962963,0.010110185185185182,0.08343333333333333,108,7,1,monthly_industry_30,monthly industry,adversarial_support_mismatch,17,calibration,iid,constant_a007,0.12133012345679012
0.9516870781893021,0.008164444444444433,2.838732345679014,-0.0246,inf,1.0,6199.999999999998,0.9907407407407407,0.01219907407407408,0.1576222222222222,108,75,0,monthly_industry_30,monthly industry,adversarial_support_mismatch,17,calibration,iid,constant_a008,0.12133012345679012
0.07521467731083688,0.060266693648285574,0.08765247595636172,-0.2981,inf,1.0,1.0048622366288489,0.9907407407407407,0.01513333333333333,0.24232222222222222,108,80,0,monthly_industry_30,monthly industry,adversarial_support_mismatch,17,calibration,iid,constant_a009,0.12133012345679012
0.008568911832776391,0.007827691538107522,0.009714599515777243,0.0039000000000000003,inf,2.0,1.0048622366288489,0.9814814814814815,0.004490740740740739,0.16894074074074072,108,34,1,monthly_industry_30,monthly industry,adversarial_support_mismatch,17,calibration,iid,constant_a010,0.12133012345679012
-0.03528157796795012,-0.0510349084346844,-0.017372457705278753,0.014599999999999998,0.0146,2.9999999999999996,1.0048622366288489,0.9722222222222222,0.005515740740740741,0.23192222222222222,108,7,1,monthly_industry_30,monthly industry,adversarial_support_mismatch,17,calibration,iid,constant_a011,0.12133012345679012
0.008164444444444427,0.00816444444444443,0.008164444444444438,,inf,0.0,0.0,1.0,0.01081574074074074,0.17674444444444445,108,200,0,monthly_industry_30,monthly industry,adversarial_support_mismatch,17,calibration,iid,constant_a012,0.12133012345679012
0.008164444444444427,0.00816444444444443,0.008164444444444438,,inf,0.0,0.0,1.0,0.009680555555555555,0.16028888888888887,108,200,0,monthly_industry_30,monthly industry,adversarial_support_mismatch,17,calibration,iid,constant_a013,0.12133012345679012
0.007966986947329086,0.00535705267756501,0.009406450550586592,0.062,0.062,5.0,1.0048622366288489,0.9537037037037037,0.009813888888888888,0.1906925925925926,108,1,2,monthly_industry_30,monthly industry,adversarial_support_mismatch,17,calibration,iid,constant_a014,0.12133012345679012
0.061372197280348276,0.04165803188944987,0.08172755509526683,,inf,0.0,0.0,1.0,0.011383333333333332,0.1517,108,200,0,monthly_industry_30,monthly industry,adversarial_support_mismatch,17,calibration,iid,constant_a015,0.12133012345679012
-0.006975535613649329,-0.017999905991380287,0.007749122511893618,0.0673,0.0673,11.000000000000004,1.004862236628849,0.8981481481481481,0.005846296296296298,0.21665185185185185,108,0,3,monthly_industry_30,monthly industry,adversarial_support_mismatch,17,calibration,iid,constant_a016,0.12133012345679012
0.023062327650412703,0.008185873001638325,0.035110075216586475,0.23475675675675675,0.2371,37.00000000000003,1.004862236628849,0.6574074074074072,-0.0003518518518518532,0.29553703703703704,108,0,3,monthly_industry_30,monthly industry,adversarial_support_mismatch,17,calibration,iid,constant_a017,0.12133012345679012
0.008271505692618588,0.006495049856267207,0.010019532301525361,0.06160000000000001,0.06160000000000001,3.0,1.004862236628849,0.9722222222222222,0.007457407407407407,0.13156296296296294,108,8,1,monthly_industry_30,monthly industry,adversarial_support_mismatch,17,calibration,iid,constant_a018,0.12133012345679012
0.009038178362046524,0.008164444444444434,0.010126869576671927,-0.0285,inf,3.0,1.004862236628849,0.9722222222222222,0.008509259259259258,0.09720740740740741,108,11,1,monthly_industry_30,monthly industry,adversarial_support_mismatch,17,calibration,iid,constant_a019,0.12133012345679012
-0.04354501280288177,-0.055719115650437724,-0.031834055224946915,,inf,0.0,0.0,1.0,0.01028611111111111,0.11100000000000002,108,200,0,monthly_industry_30,monthly industry,adversarial_support_mismatch,17,calibration,iid,constant_a020,0.12133012345679012
0.008164444444444427,0.00816444444444443,0.008164444444444438,,inf,0.0,0.0,1.0,0.008956481481481482,0.10537407407407408,108,200,0,monthly_industry_30,monthly industry,adversarial_support_mismatch,17,calibration,iid,constant_a021,0.12133012345679012
-0.12533277899326917,-0.15172594883352516,-0.08694437313130311,,inf,0.0,0.0,1.0,0.009407407407407408,0.13405555555555554,108,200,0,monthly_industry_30,monthly industry,adversarial_support_mismatch,17,calibration,iid,constant_a022,0.12133012345679012
0.008164444444444427,0.00816444444444443,0.008164444444444438,,inf,0.0,0.0,1.0,0.009435185185185184,0.1265962962962963,108,200,0,monthly_industry_30,monthly industry,adversarial_support_mismatch,17,calibration,iid,constant_a023,0.12133012345679012
0.008164444444444427,0.00816444444444443,0.008164444444444438,,inf,0.0,0.0,1.0,0.011483333333333335,0.11916296296296297,108,200,0,monthly_industry_30,monthly industry,adversarial_support_mismatch,17,calibration,iid,constant_a024,0.12133012345679012
0.008164444444444427,0.00816444444444443,0.008164444444444438,,inf,0.0,0.0,1.0,0.010116666666666666,0.11522222222222221,108,200,0,monthly_industry_30,monthly industry,adversarial_support_mismatch,17,calibration,iid,constant_a025,0.12133012345679012
0.008164444444444427,0.00816444444444443,0.008164444444444438,,inf,0.0,0.0,1.0,0.009475925925925928,0.09744814814814814,108,200,0,monthly_industry_30,monthly industry,adversarial_support_mismatch,17,calibration,iid,constant_a026,0.12133012345679012
0.008164444444444427,0.00816444444444443,0.008164444444444438,,inf,0.0,0.0,1.0,0.011696296296296293,0.0864962962962963,108,200,0,monthly_industry_30,monthly industry,adversarial_support_mismatch,17,calibration,iid,constant_a027,0.12133012345679012
0.005604092682633997,0.0020899390219500952,0.008530713111364552,0.1125,0.11250000000000002,9.000000000000002,1.004862236628849,0.9166666666666666,0.0033916666666666683,0.17157407407407407,108,0,2,monthly_industry_30,monthly industry,adversarial_support_mismatch,17,calibration,iid,constant_a028,0.12133012345679012
0.008511556115813257,0.0065137230292601185,0.010835101029807032,0.0707,0.0707,3.0,1.004862236628849,0.9722222222222222,0.005977777777777777,0.14215185185185186,108,6,1,monthly_industry_30,monthly industry,adversarial_support_mismatch,17,calibration,iid,constant_a029,0.12133012345679012
0.008164444444444427,0.00816444444444443,0.008164444444444438,,inf,0.0,0.0,1.0,0.008955,0.12133012345679012,108,200,0,monthly_industry_30,monthly industry,adversarial_support_mismatch,17,calibration,iid,constant_equal_weight_public,0.12133012345679012
0.06378406595833293,0.038714585639052786,0.09076142930123532,,inf,0.0,0.0,1.0,0.013036111111111111,0.2308074074074074,108,200,0,monthly_industry_30,monthly industry,adversarial_support_mismatch,17,calibration,iid,momentum_12,0.12133012345679012
0.0018744709686531167,-0.00492643583339959,0.011483190880339056,0.0546,inf,1.0,1.0048622366288489,0.9907407407407407,0.009154320987654322,0.09146296296296295,108,76,0,monthly_industry_30,monthly industry,adversarial_support_mismatch,17,calibration,iid,low_vol_12,0.12133012345679012
0.027619480961223308,0.011400639099419227,0.04306585242574941,,inf,0.0,0.0,1.0,0.0024592592592592587,0.2494555555555555,108,200,0,monthly_industry_30,monthly industry,adversarial_support_mismatch,17,calibration,iid,risk_adjusted_12,0.12133012345679012
0.27761689793566735,0.25239615762333445,0.30334816980001306,,inf,0.0,0.0,1.0,0.012221296296296294,0.1203222222222222,108,200,0,monthly_industry_30,monthly industry,adversarial_support_mismatch,17,calibration,iid,ridge_return_train_only,0.12133012345679012
0.007580466481248023,0.006397911105775312,0.008164444444444438,0.0546,inf,1.0,1.0048622366288489,0.9907407407407407,0.009589814814814813,0.0832074074074074,108,78,0,monthly_industry_30,monthly industry,adversarial_support_mismatch,17,calibration,block,constant_a000,0.12133012345679012
-0.006376593269880314,-0.033964609902708,0.027215875545563782,,inf,0.0,0.0,1.0,0.011237037037037037,0.08046666666666666,108,200,0,monthly_industry_30,monthly industry,adversarial_support_mismatch,17,calibration,block,constant_a001,0.12133012345679012
0.22964867223454727,0.17374356290772724,0.2845314129696646,,inf,0.0,0.0,1.0,0.01357037037037037,0.08148518518518519,108,200,0,monthly_industry_30,monthly industry,adversarial_support_mismatch,17,calibration,block,constant_a002,0.12133012345679012
0.006597396935923845,-0.0033954250788696197,0.015063671422187518,0.3023,0.3023,5.0,1.0048622366288489,0.9537037037037037,0.009954629629629631,0.2067925925925926,108,6,2,monthly_industry_30,monthly industry,adversarial_support_mismatch,17,calibration,block,constant_a003,0.12133012345679012
0.0011183545764384913,-0.004911964303579654,0.005182112054878578,0.13470000000000001,0.13470000000000001,16.999999999999996,1.0048622366288489,0.8425925925925926,0.0031333333333333348,0.1556074074074074,108,0,3,monthly_industry_30,monthly industry,adversarial_support_mismatch,17,calibration,block,constant_a004,0.12133012345679012
0.008212888728815239,0.007618631086966659,0.008906842764338252,0.029900000000000003,inf,2.9999999999999996,1.0048622366288489,0.9722222222222222,0.007787037037037038,0.10028888888888889,108,18,1,monthly_industry_30,monthly industry,adversarial_support_mismatch,17,calibration,block,constant_a005,0.12133012345679012
0.008164444444444427,0.00816444444444443,0.00816444444444444,,inf,0.0,0.0,1.0,0.012547222222222222,0.13836666666666664,108,200,0,monthly_industry_30,monthly industry,adversarial_support_mismatch,17,calibration,block,constant_a006,0.12133012345679012
0.0048758934207083545,-0.010444134024674626,0.02107682005993058,0.017,0.017,4.0,1.0048622366288489,0.962962962962963,0.010110185185185182,0.08343333333333333,108,9,1,monthly_industry_30,monthly industry,adversarial_support_mismatch,17,calibration,block,constant_a007,0.12133012345679012
0.9516870781893021,0.008164444444444433,3.78225497942387,-0.0246,inf,1.0,6199.999999999998,0.9907407407407407,0.01219907407407408,0.1576222222222222,108,80,0,monthly_industry_30,monthly industry,adversarial_support_mismatch,17,calibration,block,constant_a008,0.12133012345679012
0.07521467731083688,0.055853116781093,0.09128315608223711,-0.2981,inf,1.0,1.0048622366288489,0.9907407407407407,0.01513333333333333,0.24232222222222222,108,72,0,monthly_industry_30,monthly industry,adversarial_support_mismatch,17,calibration,block,constant_a009,0.12133012345679012
0.008568911832776391,0.008052193475665461,0.009609653957487103,0.0039000000000000003,inf,2.0,1.0048622366288489,0.9814814814814815,0.004490740740740739,0.16894074074074072,108,52,1,monthly_industry_30,monthly industry,adversarial_support_mismatch,17,calibration,block,constant_a010,0.12133012345679012
-0.03528157796795012,-0.05925322479897129,-0.007970172744531035,0.014599999999999998,inf,2.9999999999999996,1.0048622366288489,0.9722222222222222,0.005515740740740741,0.23192222222222222,108,26,1,monthly_industry_30,monthly industry,adversarial_support_mismatch,17,calibration,block,constant_a011,0.12133012345679012
0.008164444444444427,0.00816444444444443,0.00816444444444444,,inf,0.0,0.0,1.0,0.01081574074074074,0.17674444444444445,108,200,0,monthly_industry_30,monthly industry,adversarial_support_mismatch,17,calibration,block,constant_a012,0.12133012345679012
0.008164444444444427,0.00816444444444443,0.00816444444444444,,inf,0.0,0.0,1.0,0.009680555555555555,0.16028888888888887,108,200,0,monthly_industry_30,monthly industry,adversarial_support_mismatch,17,calibration,block,constant_a013,0.12133012345679012
0.007966986947329086,0.0063310345258818955,0.009190821794692215,0.062,0.062,5.0,1.0048622366288489,0.9537037037037037,0.009813888888888888,0.1906925925925926,108,7,2,monthly_industry_30,monthly industry,adversarial_support_mismatch,17,calibration,block,constant_a014,0.12133012345679012
0.061372197280348276,0.03084284225798954,0.08961250612770758,,inf,0.0,0.0,1.0,0.011383333333333332,0.1517,108,200,0,monthly_industry_30,monthly industry,adversarial_support_mismatch,17,calibration,block,constant_a015,0.12133012345679012
-0.006975535613649329,-0.023278225689350337,0.010104672900458406,0.0673,0.0673,11.000000000000004,1.004862236628849,0.8981481481481481,0.005846296296296298,0.21665185185185185,108,2,3,monthly_industry_30,monthly industry,adversarial_support_mismatch,17,calibration,block,constant_a016,0.12133012345679012
0.023062327650412703,0.003902385325000994,0.041001655594569614,0.23475675675675675,0.2371,37.00000000000003,1.004862236628849,0.6574074074074072,-0.0003518518518518532,0.29553703703703704,108,0,3,monthly_industry_30,monthly industry,adversarial_support_mismatch,17,calibration,block,constant_a017,0.12133012345679012
0.008271505692618588,0.007078472147187698,0.009399198898159808,0.06160000000000001,inf,3.0,1.004862236628849,0.9722222222222222,0.007457407407407407,0.13156296296296294,108,16,1,monthly_industry_30,monthly industry,adversarial_support_mismatch,17,calibration,block,constant_a018,0.12133012345679012
0.009038178362046524,0.008164444444444434,0.0101942987274146,-0.0285,inf,3.0,1.004862236628849,0.9722222222222222,0.008509259259259258,0.09720740740740741,108,12,1,monthly_industry_30,monthly industry,adversarial_support_mismatch,17,calibration,block,constant_a019,0.12133012345679012
-0.04354501280288177,-0.060721879541759,-0.025832616955399464,,inf,0.0,0.0,1.0,0.01028611111111111,0.11100000000000002,108,200,0,monthly_industry_30,monthly industry,adversarial_support_mismatch,17,calibration,block,constant_a020,0.12133012345679012
0.008164444444444427,0.00816444444444443,0.00816444444444444,,inf,0.0,0.0,1.0,0.008956481481481482,0.10537407407407408,108,200,0,monthly_industry_30,monthly industry,adversarial_support_mismatch,17,calibration,block,constant_a021,0.12133012345679012
-0.12533277899326917,-0.16975716064665825,-0.06578577851821288,,inf,0.0,0.0,1.0,0.009407407407407408,0.13405555555555554,108,200,0,monthly_industry_30,monthly industry,adversarial_support_mismatch,17,calibration,block,constant_a022,0.12133012345679012
0.008164444444444427,0.00816444444444443,0.00816444444444444,,inf,0.0,0.0,1.0,0.009435185185185184,0.1265962962962963,108,200,0,monthly_industry_30,monthly industry,adversarial_support_mismatch,17,calibration,block,constant_a023,0.12133012345679012
0.008164444444444427,0.00816444444444443,0.00816444444444444,,inf,0.0,0.0,1.0,0.011483333333333335,0.11916296296296297,108,200,0,monthly_industry_30,monthly industry,adversarial_support_mismatch,17,calibration,block,constant_a024,0.12133012345679012
0.008164444444444427,0.00816444444444443,0.00816444444444444,,inf,0.0,0.0,1.0,0.010116666666666666,0.11522222222222221,108,200,0,monthly_industry_30,monthly industry,adversarial_support_mismatch,17,calibration,block,constant_a025,0.12133012345679012
0.008164444444444427,0.00816444444444443,0.00816444444444444,,inf,0.0,0.0,1.0,0.009475925925925928,0.09744814814814814,108,200,0,monthly_industry_30,monthly industry,adversarial_support_mismatch,17,calibration,block,constant_a026,0.12133012345679012
0.008164444444444427,0.00816444444444443,0.00816444444444444,,inf,0.0,0.0,1.0,0.011696296296296293,0.0864962962962963,108,200,0,monthly_industry_30,monthly industry,adversarial_support_mismatch,17,calibration,block,constant_a027,0.12133012345679012
0.005604092682633997,0.00021627103467594997,0.008962371224096408,0.1125,0.11250000000000002,9.000000000000002,1.004862236628849,0.9166666666666666,0.0033916666666666683,0.17157407407407407,108,4,2,monthly_industry_30,monthly industry,adversarial_support_mismatch,17,calibration,block,constant_a028,0.12133012345679012
0.008511556115813257,0.007065402218353768,0.010334899320354017,0.0707,inf,3.0,1.004862236628849,0.9722222222222222,0.005977777777777777,0.14215185185185186,108,18,1,monthly_industry_30,monthly industry,adversarial_support_mismatch,17,calibration,block,constant_a029,0.12133012345679012
0.008164444444444427,0.00816444444444443,0.00816444444444444,,inf,0.0,0.0,1.0,0.008955,0.12133012345679012,108,200,0,monthly_industry_30,monthly industry,adversarial_support_mismatch,17,calibration,block,constant_equal_weight_public,0.12133012345679012
0.06378406595833293,0.02809651887312561,0.10920657064022779,,inf,0.0,0.0,1.0,0.013036111111111111,0.2308074074074074,108,200,0,monthly_industry_30,monthly industry,adversarial_support_mismatch,17,calibration,block,momentum_12,0.12133012345679012
0.0018744709686531167,-0.007550418349999841,0.014673766231612852,0.0546,inf,1.0,1.0048622366288489,0.9907407407407407,0.009154320987654322,0.09146296296296295,108,78,0,monthly_industry_30,monthly industry,adversarial_support_mismatch,17,calibration,block,low_vol_12,0.12133012345679012
0.027619480961223308,0.008574360116702068,0.04566309591978487,,inf,0.0,0.0,1.0,0.0024592592592592587,0.2494555555555555,108,200,0,monthly_industry_30,monthly industry,adversarial_support_mismatch,17,calibration,block,risk_adjusted_12,0.12133012345679012
0.27761689793566735,0.23324075363492774,0.3233755942936457,,inf,0.0,0.0,1.0,0.012221296296296294,0.1203222222222222,108,200,0,monthly_industry_30,monthly industry,adversarial_support_mismatch,17,calibration,block,ridge_return_train_only,0.12133012345679012
0.00850954566159255,0.008050355226639543,0.009121395522822845,0.0069,0.0069,2.9999999999999996,1.0048622366288489,0.9779411764705882,0.005722058823529412,0.07954117647058823,136,8,1,monthly_industry_30,monthly industry,adversarial_support_mismatch,17,test,iid,constant_a000,0.12133012345679012
-0.00988310334678543,-0.02232367689574512,0.0011123451486246623,0.071,0.071,4.0,1.0048622366288489,0.9705882352941176,0.005813235294117649,0.08037058823529412,136,3,1,monthly_industry_30,monthly industry,adversarial_support_mismatch,17,test,iid,constant_a001,0.12133012345679012
0.14326400986957466,0.1279849859988242,0.15759229944268804,0.1417,0.1417,7.000000000000002,1.0048622366288489,0.9485294117647058,0.011203676470588236,0.12225294117647058,136,0,2,monthly_industry_30,monthly industry,adversarial_support_mismatch,17,test,iid,constant_a002,0.12133012345679012
1.163084367962205,0.005476515132254955,4.625118938583807,-0.03192078006149858,0.11019999999999999,1.002919232594765,6199.999999999998,0.9926255938779797,0.012388235294117648,0.15730882352941175,136,0,0,monthly_industry_30,monthly industry,adversarial_support_mismatch,17,test,iid,constant_a003,0.12133012345679012
0.008364940731560029,0.008164444444444438,0.008966429592906847,-0.0353,inf,1.0,1.0048622366288489,0.9926470588235294,0.0059507352941176464,0.1360823529411765,136,67,0,monthly_industry_30,monthly industry,adversarial_support_mismatch,17,test,iid,constant_a004,0.12133012345679012
0.008025586275569097,0.007075771443099115,0.008688808897681165,0.0415,0.0415,2.9999999999999996,1.0048622366288489,0.9779411764705882,0.005198529411764706,0.09060294117647058,136,8,1,monthly_industry_30,monthly industry,adversarial_support_mismatch,17,test,iid,constant_a005,0.12133012345679012
0.008226542303577274,0.005150457450132939,0.011465265834048364,0.11460000000000001,0.11460000000000001,16.999999999999996,1.0048622366288489,0.875,0.004352205882352941,0.14798235294117645,136,0,3,monthly_industry_30,monthly industry,adversarial_support_mismatch,17,test,iid,constant_a006,0.12133012345679012
-0.0029766580419266367,-0.011546868420965495,0.005884604476694252,,inf,0.0,0.0,1.0,0.008147794117647059,0.0847264705882353,136,200,0,monthly_industry_30,monthly industry,adversarial_support_mismatch,17,test,iid,constant_a007,0.12133012345679012
0.008355335430768723,0.008164444444444438,0.008737117403417332,-0.034,inf,1.0,1.0048622366288489,0.9926470588235294,0.006644117647058825,0.12974411764705882,136,74,0,monthly_industry_30,monthly industry,adversarial_support_mismatch,17,test,iid,constant_a008,0.12133012345679012
0.06956527041402219,0.05692432998899268,0.08320492606779645,0.25989999999999996,0.25989999999999996,15.000000000000002,1.0048622366288489,0.8897058823529411,0.0021544117647058834,0.2105794117647059,136,0,3,monthly_industry_30,monthly industry,adversarial_support_mismatch,17,test,iid,constant_a009,0.12133012345679012
0.008164444444444426,0.008164444444444436,0.008164444444444441,,inf,0.0,0.0,1.0,0.01612941176470588,0.1451029411764706,136,200,0,monthly_industry_30,monthly industry,adversarial_support_mismatch,17,test,iid,constant_a010,0.12133012345679012
-0.024200685219584673,-0.03581970283581918,-0.009943124215977242,-0.1604,inf,1.0,1.0048622366288489,0.9926470588235294,0.01574558823529412,0.17915,136,70,0,monthly_industry_30,monthly industry,adversarial_support_mismatch,17,test,iid,constant_a011,0.12133012345679012
0.008164444444444426,0.008164444444444436,0.008164444444444441,,inf,0.0,0.0,1.0,0.016123529411764703,0.12421176470588235,136,200,0,monthly_industry_30,monthly industry,adversarial_support_mismatch,17,test,iid,constant_a012,0.12133012345679012
0.008164444444444426,0.008164444444444436,0.008164444444444441,,inf,0.0,0.0,1.0,0.012578676470588237,0.14005882352941176,136,200,0,monthly_industry_30,monthly industry,adversarial_support_mismatch,17,test,iid,constant_a013,0.12133012345679012
0.009609032425503948,0.002529885104501008,0.017452492823169238,0.2999,0.2999,6.000000000000001,1.0048622366288489,0.9558823529411764,0.0199125,0.21385882352941174,136,0,2,monthly_industry_30,monthly industry,adversarial_support_mismatch,17,test,iid,constant_a014,0.12133012345679012
0.030543466429452343,0.015221463421833656,0.042947405688953805,-0.087,inf,1.0,1.0048622366288489,0.9926470588235294,0.012144117647058823,0.14591176470588232,136,73,0,monthly_industry_30,monthly industry,adversarial_support_mismatch,17,test,iid,constant_a015,0.12133012345679012
-0.011878355216582162,-0.023433866579942873,-0.0008600855518732019,,inf,0.0,0.0,1.0,0.015613235294117645,0.13995294117647059,136,200,0,monthly_industry_30,monthly industry,adversarial_support_mismatch,17,test,iid,constant_a016,0.12133012345679012
0.008062830305095959,-0.01075956326063705,0.02305667869881114,0.37689787234042554,0.40990000000000004,47.000000000000064,1.004862236628849,0.6544117647058818,0.009413235294117648,0.2893911764705882,136,0,3,monthly_industry_30,monthly industry,adversarial_support_mismatch,17,test,iid,constant_a017,0.12133012345679012
0.008622855372294767,0.007974341585364558,0.009415619021514594,0.004699999999999999,0.004699999999999999,4.0,1.004862236628849,0.9705882352941176,0.010013235294117651,0.17509411764705882,136,7,1,monthly_industry_30,monthly industry,adversarial_support_mismatch,17,test,iid,constant_a018,0.12133012345679012
0.008430585163292745,0.0066869624130040965,0.010572257325134258,0.050499999999999996,0.0505,9.000000000000002,1.004862236628849,0.9338235294117647,0.008348529411764708,0.08674705882352941,136,0,2,monthly_industry_30,monthly industry,adversarial_support_mismatch,17,test,iid,constant_a019,0.12133012345679012
-0.0577225895615585,-0.0660586947032592,-0.04856312766095802,0.0705,0.0705,4.0,1.004862236628849,0.9705882352941176,0.005097058823529412,0.1036735294117647,136,2,1,monthly_industry_30,monthly industry,adversarial_support_mismatch,17,test,iid,constant_a020,0.12133012345679012
0.008837817078208897,0.008164444444444438,0.010857934979502328,-0.09929999999999999,inf,1.0,1.004862236628849,0.9926470588235294,0.014211029411764706,0.10055882352941177,136,65,0,monthly_industry_30,monthly industry,adversarial_support_mismatch,17,test,iid,constant_a021,0.12133012345679012
-0.07879640377209758,-0.0946682809658289,-0.05914848429673731,,inf,0.0,0.0,1.0,0.020024264705882353,0.10592058823529413,136,200,0,monthly_industry_30,monthly industry,adversarial_support_mismatch,17,test,iid,constant_a022,0.12133012345679012
0.007971386108197987,0.007581229462611621,0.00816444444444444,0.0169,inf,2.0,1.004862236628849,0.9852941176470589,0.002658823529411765,0.10287058823529413,136,25,1,monthly_industry_30,monthly industry,adversarial_support_mismatch,17,test,iid,constant_a023,0.12133012345679012
0.008164444444444426,0.008164444444444436,0.008164444444444441,,inf,0.0,0.0,1.0,0.008090441176470588,0.12422352941176472,136,200,0,monthly_industry_30,monthly industry,adversarial_support_mismatch,17,test,iid,constant_a024,0.12133012345679012
0.008164444444444426,0.008164444444444436,0.008164444444444441,,inf,0.0,0.0,1.0,0.010133823529411765,0.10630294117647059,136,200,0,monthly_industry_30,monthly industry,adversarial_support_mismatch,17,test,iid,constant_a025,0.12133012345679012
0.008164444444444426,0.008164444444444436,0.008164444444444441,,inf,0.0,0.0,1.0,0.012989705882352941,0.09431470588235294,136,200,0,monthly_industry_30,monthly industry,adversarial_support_mismatch,17,test,iid,constant_a026,0.12133012345679012
0.008164444444444426,0.008164444444444436,0.008164444444444441,,inf,0.0,0.0,1.0,0.01041985294117647,0.09985882352941176,136,200,0,monthly_industry_30,monthly industry,adversarial_support_mismatch,17,test,iid,constant_a027,0.12133012345679012
0.008164444444444426,0.008164444444444436,0.008164444444444441,,inf,0.0,0.0,1.0,0.011051470588235293,0.1126235294117647,136,200,0,monthly_industry_30,monthly industry,adversarial_support_mismatch,17,test,iid,constant_a028,0.12133012345679012
0.008164444444444426,0.008164444444444436,0.008164444444444441,,inf,0.0,0.0,1.0,0.008997058823529412,0.08895882352941176,136,200,0,monthly_industry_30,monthly industry,adversarial_support_mismatch,17,test,iid,constant_a029,0.12133012345679012
0.008164444444444426,0.008164444444444436,0.008164444444444441,,inf,0.0,0.0,1.0,0.01024235294117647,0.10200901960784312,136,200,0,monthly_industry_30,monthly industry,adversarial_support_mismatch,17,test,iid,constant_equal_weight_public,0.12133012345679012
0.03259200579829575,0.022744817740085486,0.04280077107277771,,inf,0.0,0.0,1.0,0.02070735294117647,0.17675588235294115,136,200,0,monthly_industry_30,monthly industry,adversarial_support_mismatch,17,test,iid,momentum_12,0.12133012345679012
0.00728459632939553,0.002882253163763999,0.011820383599860866,0.0415,0.0415,7.000000000000002,1.0048622366288489,0.9485294117647058,0.006003799019607842,0.08625,136,0,2,monthly_industry_30,monthly industry,adversarial_support_mismatch,17,test,iid,low_vol_12,0.12133012345679012
0.01568085837769809,0.004038734720647379,0.027259211588618014,,inf,0.0,0.0,1.0,0.015530686274509806,0.1313264705882353,136,200,0,monthly_industry_30,monthly industry,adversarial_support_mismatch,17,test,iid,risk_adjusted_12,0.12133012345679012
0.17163290825243313,0.1570837134578453,0.18466113153458996,0.1417,0.1417,6.000000000000001,1.0048622366288489,0.9558823529411764,0.014326470588235293,0.13347058823529412,136,1,2,monthly_industry_30,monthly industry,adversarial_support_mismatch,17,test,iid,ridge_return_train_only,0.12133012345679012
0.00850954566159255,0.007941831336532448,0.009242927206809248,0.0069,inf,2.9999999999999996,1.0048622366288489,0.9779411764705882,0.005722058823529412,0.07954117647058823,136,11,1,monthly_industry_30,monthly industry,adversarial_support_mismatch,17,test,block,constant_a000,0.12133012345679012
-0.00988310334678543,-0.025976261612551097,0.0016910962169511218,0.071,0.071,4.0,1.0048622366288489,0.9705882352941176,0.005813235294117649,0.08037058823529412,136,6,1,monthly_industry_30,monthly industry,adversarial_support_mismatch,17,test,block,constant_a001,0.12133012345679012
0.14326400986957466,0.12030270564455323,0.16427562489823255,0.1417,0.1417,7.000000000000002,1.0048622366288489,0.9485294117647058,0.011203676470588236,0.12225294117647058,136,5,2,monthly_industry_30,monthly industry,adversarial_support_mismatch,17,test,block,constant_a002,0.12133012345679012
1.163084367962205,0.005628202534930773,3.5048607076063876,-0.03192078006149858,0.11019999999999999,1.002919232594765,6199.999999999998,0.9926255938779797,0.012388235294117648,0.15730882352941175,136,0,0,monthly_industry_30,monthly industry,adversarial_support_mismatch,17,test,block,constant_a003,0.12133012345679012
0.008364940731560029,0.008164444444444438,0.008966429592906847,-0.0353,inf,1.0,1.0048622366288489,0.9926470588235294,0.0059507352941176464,0.1360823529411765,136,64,0,monthly_industry_30,monthly industry,adversarial_support_mismatch,17,test,block,constant_a004,0.12133012345679012
0.008025586275569097,0.007505657500979858,0.008398715267846732,0.0415,inf,2.9999999999999996,1.0048622366288489,0.9779411764705882,0.005198529411764706,0.09060294117647058,136,42,1,monthly_industry_30,monthly industry,adversarial_support_mismatch,17,test,block,constant_a005,0.12133012345679012
0.008226542303577274,0.005061449150432727,0.011070741649982514,0.11460000000000001,0.11460000000000001,16.999999999999996,1.0048622366288489,0.875,0.004352205882352941,0.14798235294117645,136,0,3,monthly_industry_30,monthly industry,adversarial_support_mismatch,17,test,block,constant_a006,0.12133012345679012
-0.0029766580419266367,-0.01313744314726608,0.00905056276944612,,inf,0.0,0.0,1.0,0.008147794117647059,0.0847264705882353,136,200,0,monthly_industry_30,monthly industry,adversarial_support_mismatch,17,test,block,constant_a007,0.12133012345679012
0.008355335430768723,0.008164444444444436,0.008741889678075442,-0.034,inf,1.0,1.0048622366288489,0.9926470588235294,0.006644117647058825,0.12974411764705882,136,71,0,monthly_industry_30,monthly industry,adversarial_support_mismatch,17,test,block,constant_a008,0.12133012345679012
0.06956527041402219,0.05172714962084387,0.08349691355245362,0.25989999999999996,0.25989999999999996,15.000000000000002,1.0048622366288489,0.8897058823529411,0.0021544117647058834,0.2105794117647059,136,0,3,monthly_industry_30,monthly industry,adversarial_support_mismatch,17,test,block,constant_a009,0.12133012345679012
0.008164444444444426,0.008164444444444436,0.008164444444444441,,inf,0.0,0.0,1.0,0.01612941176470588,0.1451029411764706,136,200,0,monthly_industry_30,monthly industry,adversarial_support_mismatch,17,test,block,constant_a010,0.12133012345679012
-0.024200685219584673,-0.04173018158202616,-0.003500635920299243,-0.1604,inf,1.0,1.0048622366288489,0.9926470588235294,0.01574558823529412,0.17915,136,70,0,monthly_industry_30,monthly industry,adversarial_support_mismatch,17,test,block,constant_a011,0.12133012345679012
0.008164444444444426,0.008164444444444436,0.008164444444444441,,inf,0.0,0.0,1.0,0.016123529411764703,0.12421176470588235,136,200,0,monthly_industry_30,monthly industry,adversarial_support_mismatch,17,test,block,constant_a012,0.12133012345679012
0.008164444444444426,0.008164444444444436,0.008164444444444441,,inf,0.0,0.0,1.0,0.012578676470588237,0.14005882352941176,136,200,0,monthly_industry_30,monthly industry,adversarial_support_mismatch,17,test,block,constant_a013,0.12133012345679012
0.009609032425503948,0.005433523201555067,0.015803082475291566,0.2999,0.2999,6.000000000000001,1.0048622366288489,0.9558823529411764,0.0199125,0.21385882352941174,136,4,2,monthly_industry_30,monthly industry,adversarial_support_mismatch,17,test,block,constant_a014,0.12133012345679012
0.030543466429452343,0.011840656710672314,0.04799357269476963,-0.087,inf,1.0,1.0048622366288489,0.9926470588235294,0.012144117647058823,0.14591176470588232,136,74,0,monthly_industry_30,monthly industry,adversarial_support_mismatch,17,test,block,constant_a015,0.12133012345679012
-0.011878355216582162,-0.029502210742535732,0.0034159670222111637,,inf,0.0,0.0,1.0,0.015613235294117645,0.13995294117647059,136,200,0,monthly_industry_30,monthly industry,adversarial_support_mismatch,17,test,block,constant_a016,0.12133012345679012
0.008062830305095959,-0.015800256729520294,0.028566630922245474,0.37689787234042554,0.40990000000000004,47.000000000000064,1.004862236628849,0.6544117647058818,0.009413235294117648,0.2893911764705882,136,0,3,monthly_industry_30,monthly industry,adversarial_support_mismatch,17,test,block,constant_a017,0.12133012345679012
0.008622855372294767,0.008069129074374204,0.009561260831453046,0.004699999999999999,0.004699999999999999,4.0,1.004862236628849,0.9705882352941176,0.010013235294117651,0.17509411764705882,136,1,1,monthly_industry_30,monthly industry,adversarial_support_mismatch,17,test,block,constant_a018,0.12133012345679012
0.008430585163292745,0.006918705482463107,0.010638109871717451,0.050499999999999996,0.0505,9.000000000000002,1.004862236628849,0.9338235294117647,0.008348529411764708,0.08674705882352941,136,1,2,monthly_industry_30,monthly industry,adversarial_support_mismatch,17,test,block,constant_a019,0.12133012345679012
-0.0577225895615585,-0.06768719610036317,-0.04350442199776256,0.0705,0.0705,4.0,1.004862236628849,0.9705882352941176,0.005097058823529412,0.1036735294117647,136,8,1,monthly_industry_30,monthly industry,adversarial_support_mismatch,17,test,block,constant_a020,0.12133012345679012
0.008837817078208897,0.008164444444444436,0.010184562345737856,-0.09929999999999999,inf,1.0,1.004862236628849,0.9926470588235294,0.014211029411764706,0.10055882352941177,136,74,0,monthly_industry_30,monthly industry,adversarial_support_mismatch,17,test,block,constant_a021,0.12133012345679012
-0.07879640377209758,-0.10611771839096883,-0.04806094189106988,,inf,0.0,0.0,1.0,0.020024264705882353,0.10592058823529413,136,200,0,monthly_industry_30,monthly industry,adversarial_support_mismatch,17,test,block,constant_a022,0.12133012345679012
0.007971386108197987,0.0074234738906367465,0.008164444444444441,0.0169,inf,2.0,1.004862236628849,0.9852941176470589,0.002658823529411765,0.10287058823529413,136,31,1,monthly_industry_30,monthly industry,adversarial_support_mismatch,17,test,block,constant_a023,0.12133012345679012
0.008164444444444426,0.008164444444444436,0.008164444444444441,,inf,0.0,0.0,1.0,0.008090441176470588,0.12422352941176472,136,200,0,monthly_industry_30,monthly industry,adversarial_support_mismatch,17,test,block,constant_a024,0.12133012345679012
0.008164444444444426,0.008164444444444436,0.008164444444444441,,inf,0.0,0.0,1.0,0.010133823529411765,0.10630294117647059,136,200,0,monthly_industry_30,monthly industry,adversarial_support_mismatch,17,test,block,constant_a025,0.12133012345679012
0.008164444444444426,0.008164444444444436,0.008164444444444441,,inf,0.0,0.0,1.0,0.012989705882352941,0.09431470588235294,136,200,0,monthly_industry_30,monthly industry,adversarial_support_mismatch,17,test,block,constant_a026,0.12133012345679012
0.008164444444444426,0.008164444444444436,0.008164444444444441,,inf,0.0,0.0,1.0,0.01041985294117647,0.09985882352941176,136,200,0,monthly_industry_30,monthly industry,adversarial_support_mismatch,17,test,block,constant_a027,0.12133012345679012
0.008164444444444426,0.008164444444444436,0.008164444444444441,,inf,0.0,0.0,1.0,0.011051470588235293,0.1126235294117647,136,200,0,monthly_industry_30,monthly industry,adversarial_support_mismatch,17,test,block,constant_a028,0.12133012345679012
0.008164444444444426,0.008164444444444436,0.008164444444444441,,inf,0.0,0.0,1.0,0.008997058823529412,0.08895882352941176,136,200,0,monthly_industry_30,monthly industry,adversarial_support_mismatch,17,test,block,constant_a029,0.12133012345679012
0.008164444444444426,0.008164444444444436,0.008164444444444441,,inf,0.0,0.0,1.0,0.01024235294117647,0.10200901960784312,136,200,0,monthly_industry_30,monthly industry,adversarial_support_mismatch,17,test,block,constant_equal_weight_public,0.12133012345679012
0.03259200579829575,0.020989870552771323,0.04602784064122006,,inf,0.0,0.0,1.0,0.02070735294117647,0.17675588235294115,136,200,0,monthly_industry_30,monthly industry,adversarial_support_mismatch,17,test,block,momentum_12,0.12133012345679012
0.00728459632939553,0.0006088309160061879,0.013275050355382251,0.0415,0.0415,7.000000000000002,1.0048622366288489,0.9485294117647058,0.006003799019607842,0.08625,136,1,2,monthly_industry_30,monthly industry,adversarial_support_mismatch,17,test,block,low_vol_12,0.12133012345679012
0.01568085837769809,0.000495679338483302,0.02967159016606729,,inf,0.0,0.0,1.0,0.015530686274509806,0.1313264705882353,136,200,0,monthly_industry_30,monthly industry,adversarial_support_mismatch,17,test,block,risk_adjusted_12,0.12133012345679012
0.17163290825243313,0.14850092744269186,0.18954973989251334,0.1417,0.1417,6.000000000000001,1.0048622366288489,0.9558823529411764,0.014326470588235293,0.13347058823529412,136,2,2,monthly_industry_30,monthly industry,adversarial_support_mismatch,17,test,block,ridge_return_train_only,0.12133012345679012
0.0075335735504999096,0.006366498429277472,0.008117111111111118,0.0546,inf,1.0,1.0048622366288489,0.9907407407407407,0.009589814814814813,0.0832074074074074,108,75,0,monthly_industry_30,monthly industry,adversarial_support_mismatch,27,calibration,iid,constant_a000,0.12133012345679012
-0.006376593269880314,-0.028131966957684735,0.013706657884922244,,inf,0.0,0.0,1.0,0.011237037037037037,0.08046666666666666,108,200,0,monthly_industry_30,monthly industry,adversarial_support_mismatch,27,calibration,iid,constant_a001,0.12133012345679012
0.22964867223454727,0.1997595364439728,0.26145634320461153,,inf,0.0,0.0,1.0,0.01357037037037037,0.08148518518518519,108,200,0,monthly_industry_30,monthly industry,adversarial_support_mismatch,27,calibration,iid,constant_a002,0.12133012345679012
0.00655226561551648,-0.0031393674490265418,0.015925342774342877,0.3023,0.3023,5.0,1.0048622366288489,0.9537037037037037,0.009954629629629631,0.2067925925925926,108,4,2,monthly_industry_30,monthly industry,adversarial_support_mismatch,27,calibration,iid,constant_a003,0.12133012345679012
0.0011044008643976292,-0.003283832264508329,0.006223267619771766,0.13470000000000001,0.13470000000000001,18.0,1.0048622366288489,0.8333333333333334,0.0031333333333333348,0.1556074074074074,108,0,3,monthly_industry_30,monthly industry,adversarial_support_mismatch,27,calibration,iid,constant_a004,0.12133012345679012
0.008166876603237503,0.007166309532384901,0.009102293606725766,0.029900000000000003,inf,2.9999999999999996,1.0048622366288489,0.9722222222222222,0.007787037037037038,0.10028888888888889,108,12,1,monthly_industry_30,monthly industry,adversarial_support_mismatch,27,calibration,iid,constant_a005,0.12133012345679012
0.008117111111111124,0.008117111111111115,0.00811711111111112,,inf,0.0,0.0,1.0,0.012547222222222222,0.13836666666666664,108,200,0,monthly_industry_30,monthly industry,adversarial_support_mismatch,27,calibration,iid,constant_a006,0.12133012345679012
0.0048758934207083545,-0.005677919291427447,0.014271792798490272,0.017,0.017,4.0,1.0048622366288489,0.962962962962963,0.010110185185185182,0.08343333333333333,108,3,1,monthly_industry_30,monthly industry,adversarial_support_mismatch,27,calibration,iid,constant_a007,0.12133012345679012
0.008117111111111124,0.008117111111111115,0.00811711111111112,,inf,0.0,0.0,1.0,0.01219907407407408,0.1576222222222222,108,200,0,monthly_industry_30,monthly industry,adversarial_support_mismatch,27,calibration,iid,constant_a008,0.12133012345679012
0.07521467731083688,0.0639749342429114,0.08640370748606185,-0.2981,inf,1.0,1.0048622366288489,0.9907407407407407,0.01513333333333333,0.24232222222222222,108,78,0,monthly_industry_30,monthly industry,adversarial_support_mismatch,27,calibration,iid,constant_a009,0.12133012345679012
0.00852245930461347,0.007890694714568708,0.010073935583701845,0.0039000000000000003,inf,2.0,1.0048622366288489,0.9814814814814815,0.004490740740740739,0.16894074074074072,108,25,1,monthly_industry_30,monthly industry,adversarial_support_mismatch,27,calibration,iid,constant_a010,0.12133012345679012
-0.03528157796795012,-0.051074074862545754,-0.017677427830770958,0.014599999999999998,inf,2.9999999999999996,1.0048622366288489,0.9722222222222222,0.005515740740740741,0.23192222222222222,108,12,1,monthly_industry_30,monthly industry,adversarial_support_mismatch,27,calibration,iid,constant_a011,0.12133012345679012
0.008117111111111124,0.008117111111111115,0.00811711111111112,,inf,0.0,0.0,1.0,0.01081574074074074,0.17674444444444445,108,200,0,monthly_industry_30,monthly industry,adversarial_support_mismatch,27,calibration,iid,constant_a012,0.12133012345679012
0.008117111111111124,0.008117111111111115,0.00811711111111112,,inf,0.0,0.0,1.0,0.009680555555555555,0.16028888888888887,108,200,0,monthly_industry_30,monthly industry,adversarial_support_mismatch,27,calibration,iid,constant_a013,0.12133012345679012
0.00792185562692173,0.006084260333086557,0.009472883077882499,0.062,0.062,5.0,1.0048622366288489,0.9537037037037037,0.009813888888888888,0.1906925925925926,108,0,2,monthly_industry_30,monthly industry,adversarial_support_mismatch,27,calibration,iid,constant_a014,0.12133012345679012
0.06136209269592792,0.041987806302634816,0.08132081801854384,,inf,0.0,0.0,1.0,0.011383333333333332,0.1517,108,200,0,monthly_industry_30,monthly industry,adversarial_support_mismatch,27,calibration,iid,constant_a015,0.12133012345679012
-0.007175222925965085,-0.018745532569617647,0.0053742500722207195,0.0673,0.0673,11.000000000000004,1.004862236628849,0.8981481481481481,0.005846296296296298,0.21665185185185185,108,0,3,monthly_industry_30,monthly industry,adversarial_support_mismatch,27,calibration,iid,constant_a016,0.12133012345679012
0.023062327650412703,0.007204254695416977,0.03853693393655905,0.23475675675675675,0.2371,37.00000000000003,1.004862236628849,0.6574074074074072,-0.0003518518518518532,0.29553703703703704,108,0,3,monthly_industry_30,monthly industry,adversarial_support_mismatch,27,calibration,iid,constant_a017,0.12133012345679012
0.00822549356704085,0.006276781444464459,0.010393246790190162,0.06160000000000001,0.06160000000000001,3.0,1.004862236628849,0.9722222222222222,0.007457407407407407,0.13156296296296294,108,3,1,monthly_industry_30,monthly industry,adversarial_support_mismatch,27,calibration,iid,constant_a018,0.12133012345679012
0.008992166236468788,0.008117111111111117,0.010081991022537038,-0.0285,inf,3.0,1.004862236628849,0.9722222222222222,0.008509259259259258,0.09720740740740741,108,10,1,monthly_industry_30,monthly industry,adversarial_support_mismatch,27,calibration,iid,constant_a019,0.12133012345679012
-0.04354501280288177,-0.054344535844953724,-0.032752980087391546,,inf,0.0,0.0,1.0,0.01028611111111111,0.11100000000000002,108,200,0,monthly_industry_30,monthly industry,adversarial_support_mismatch,27,calibration,iid,constant_a020,0.12133012345679012
0.008117111111111124,0.008117111111111115,0.00811711111111112,,inf,0.0,0.0,1.0,0.008956481481481482,0.10537407407407408,108,200,0,monthly_industry_30,monthly industry,adversarial_support_mismatch,27,calibration,iid,constant_a021,0.12133012345679012
-0.12047071632080035,-0.1539188078680099,-0.08822269938586239,,inf,0.0,0.0,1.0,0.009407407407407408,0.13405555555555554,108,200,0,monthly_industry_30,monthly industry,adversarial_support_mismatch,27,calibration,iid,constant_a022,0.12133012345679012
0.008117111111111124,0.008117111111111115,0.00811711111111112,,inf,0.0,0.0,1.0,0.009435185185185184,0.1265962962962963,108,200,0,monthly_industry_30,monthly industry,adversarial_support_mismatch,27,calibration,iid,constant_a023,0.12133012345679012
0.008117111111111124,0.008117111111111115,0.00811711111111112,,inf,0.0,0.0,1.0,0.011483333333333335,0.11916296296296297,108,200,0,monthly_industry_30,monthly industry,adversarial_support_mismatch,27,calibration,iid,constant_a024,0.12133012345679012
0.008117111111111124,0.008117111111111115,0.00811711111111112,,inf,0.0,0.0,1.0,0.010116666666666666,0.11522222222222221,108,200,0,monthly_industry_30,monthly industry,adversarial_support_mismatch,27,calibration,iid,constant_a025,0.12133012345679012
0.008117111111111124,0.008117111111111115,0.00811711111111112,,inf,0.0,0.0,1.0,0.009475925925925928,0.09744814814814814,108,200,0,monthly_industry_30,monthly industry,adversarial_support_mismatch,27,calibration,iid,constant_a026,0.12133012345679012
0.008117111111111124,0.008117111111111115,0.00811711111111112,,inf,0.0,0.0,1.0,0.011696296296296293,0.0864962962962963,108,200,0,monthly_industry_30,monthly industry,adversarial_support_mismatch,27,calibration,iid,constant_a027,0.12133012345679012
0.0055607229725673935,0.002441594355070001,0.008437149447078997,0.1125,0.11250000000000002,9.000000000000002,1.004862236628849,0.9166666666666666,0.0033916666666666683,0.17157407407407407,108,0,2,monthly_industry_30,monthly industry,adversarial_support_mismatch,27,calibration,iid,constant_a028,0.12133012345679012
0.008465543990235521,0.005917101706785124,0.010302049649505445,0.0707,0.0707,3.0,1.004862236628849,0.9722222222222222,0.005977777777777777,0.14215185185185186,108,6,1,monthly_industry_30,monthly industry,adversarial_support_mismatch,27,calibration,iid,constant_a029,0.12133012345679012
0.008117111111111124,0.008117111111111115,0.00811711111111112,,inf,0.0,0.0,1.0,0.008955,0.12133012345679012,108,200,0,monthly_industry_30,monthly industry,adversarial_support_mismatch,27,calibration,iid,constant_equal_weight_public,0.12133012345679012
0.063813160167758,0.039595320515869066,0.08674710342484734,,inf,0.0,0.0,1.0,0.013036111111111111,0.2308074074074074,108,200,0,monthly_industry_30,monthly industry,adversarial_support_mismatch,27,calibration,iid,momentum_12,0.12133012345679012
0.001979007844927643,-0.006398995436914262,0.009426485035752325,0.0546,inf,1.0,1.0048622366288489,0.9907407407407407,0.009154320987654322,0.09146296296296295,108,75,0,monthly_industry_30,monthly industry,adversarial_support_mismatch,27,calibration,iid,low_vol_12,0.12133012345679012
0.02795538084355204,0.01372814492618793,0.042399478614788697,,inf,0.0,0.0,1.0,0.0024592592592592587,0.2494555555555555,108,200,0,monthly_industry_30,monthly industry,adversarial_support_mismatch,27,calibration,iid,risk_adjusted_12,0.12133012345679012
0.2785691305002147,0.2557586922283979,0.3010220741199949,,inf,0.0,0.0,1.0,0.012221296296296294,0.1203222222222222,108,200,0,monthly_industry_30,monthly industry,adversarial_support_mismatch,27,calibration,iid,ridge_return_train_only,0.12133012345679012
0.0075335735504999096,0.006366498429277471,0.00811711111111112,0.0546,inf,1.0,1.0048622366288489,0.9907407407407407,0.009589814814814813,0.0832074074074074,108,72,0,monthly_industry_30,monthly industry,adversarial_support_mismatch,27,calibration,block,constant_a000,0.12133012345679012
-0.006376593269880314,-0.03824604395107259,0.028101827856359753,,inf,0.0,0.0,1.0,0.011237037037037037,0.08046666666666666,108,200,0,monthly_industry_30,monthly industry,adversarial_support_mismatch,27,calibration,block,constant_a001,0.12133012345679012
0.22964867223454727,0.174446036549811,0.28670360977198744,,inf,0.0,0.0,1.0,0.01357037037037037,0.08148518518518519,108,200,0,monthly_industry_30,monthly industry,adversarial_support_mismatch,27,calibration,block,constant_a002,0.12133012345679012
0.00655226561551648,-0.002428322536700206,0.015916492388165233,0.3023,0.3023,5.0,1.0048622366288489,0.9537037037037037,0.009954629629629631,0.2067925925925926,108,9,2,monthly_industry_30,monthly industry,adversarial_support_mismatch,27,calibration,block,constant_a003,0.12133012345679012
0.0011044008643976292,-0.004606278471430181,0.006432476060654567,0.13470000000000001,0.13470000000000001,18.0,1.0048622366288489,0.8333333333333334,0.0031333333333333348,0.1556074074074074,108,0,3,monthly_industry_30,monthly industry,adversarial_support_mismatch,27,calibration,block,constant_a004,0.12133012345679012
0.008166876603237503,0.007636532645016713,0.009050942406840482,0.029900000000000003,inf,2.9999999999999996,1.0048622366288489,0.9722222222222222,0.007787037037037038,0.10028888888888889,108,20,1,monthly_industry_30,monthly industry,adversarial_support_mismatch,27,calibration,block,constant_a005,0.12133012345679012
0.008117111111111124,0.008117111111111111,0.00811711111111112,,inf,0.0,0.0,1.0,0.012547222222222222,0.13836666666666664,108,200,0,monthly_industry_30,monthly industry,adversarial_support_mismatch,27,calibration,block,constant_a006,0.12133012345679012
0.0048758934207083545,-0.011449362062566517,0.02087166661318449,0.017,0.017,4.0,1.0048622366288489,0.962962962962963,0.010110185185185182,0.08343333333333333,108,6,1,monthly_industry_30,monthly industry,adversarial_support_mismatch,27,calibration,block,constant_a007,0.12133012345679012
0.008117111111111124,0.008117111111111111,0.00811711111111112,,inf,0.0,0.0,1.0,0.01219907407407408,0.1576222222222222,108,200,0,monthly_industry_30,monthly industry,adversarial_support_mismatch,27,calibration,block,constant_a008,0.12133012345679012
0.07521467731083688,0.05707187399934484,0.09397312405016003,-0.2981,inf,1.0,1.0048622366288489,0.9907407407407407,0.01513333333333333,0.24232222222222222,108,73,0,monthly_industry_30,monthly industry,adversarial_support_mismatch,27,calibration,block,constant_a009,0.12133012345679012
0.00852245930461347,0.008005300544917333,0.009333155691618154,0.0039000000000000003,inf,2.0,1.0048622366288489,0.9814814814814815,0.004490740740740739,0.16894074074074072,108,52,1,monthly_industry_30,monthly industry,adversarial_support_mismatch,27,calibration,block,constant_a010,0.12133012345679012
-0.03528157796795012,-0.05981522687851412,-0.007901577739483565,0.014599999999999998,inf,2.9999999999999996,1.0048622366288489,0.9722222222222222,0.005515740740740741,0.23192222222222222,108,15,1,monthly_industry_30,monthly industry,adversarial_support_mismatch,27,calibration,block,constant_a011,0.12133012345679012
0.008117111111111124,0.008117111111111111,0.00811711111111112,,inf,0.0,0.0,1.0,0.01081574074074074,0.17674444444444445,108,200,0,monthly_industry_30,monthly industry,adversarial_support_mismatch,27,calibration,block,constant_a012,0.12133012345679012
0.008117111111111124,0.008117111111111111,0.00811711111111112,,inf,0.0,0.0,1.0,0.009680555555555555,0.16028888888888887,108,200,0,monthly_industry_30,monthly industry,adversarial_support_mismatch,27,calibration,block,constant_a013,0.12133012345679012
0.00792185562692173,0.006362845052057284,0.008956362126578236,0.062,0.062,5.0,1.0048622366288489,0.9537037037037037,0.009813888888888888,0.1906925925925926,108,8,2,monthly_industry_30,monthly industry,adversarial_support_mismatch,27,calibration,block,constant_a014,0.12133012345679012
0.06136209269592792,0.031633721517571205,0.09553729763072598,,inf,0.0,0.0,1.0,0.011383333333333332,0.1517,108,200,0,monthly_industry_30,monthly industry,adversarial_support_mismatch,27,calibration,block,constant_a015,0.12133012345679012
-0.007175222925965085,-0.02350398570259135,0.007936417851885471,0.0673,0.0673,11.000000000000004,1.004862236628849,0.8981481481481481,0.005846296296296298,0.21665185185185185,108,3,3,monthly_industry_30,monthly industry,adversarial_support_mismatch,27,calibration,block,constant_a016,0.12133012345679012
0.023062327650412703,0.005652839827784961,0.03964116962219224,0.23475675675675675,0.2371,37.00000000000003,1.004862236628849,0.6574074074074072,-0.0003518518518518532,0.29553703703703704,108,0,3,monthly_industry_30,monthly industry,adversarial_support_mismatch,27,calibration,block,constant_a017,0.12133012345679012
0.00822549356704085,0.007097810492826705,0.00949180607079257,0.06160000000000001,inf,3.0,1.004862236628849,0.9722222222222222,0.007457407407407407,0.13156296296296294,108,17,1,monthly_industry_30,monthly industry,adversarial_support_mismatch,27,calibration,block,constant_a018,0.12133012345679012
0.008992166236468788,0.008117111111111117,0.010189711427256547,-0.0285,inf,3.0,1.004862236628849,0.9722222222222222,0.008509259259259258,0.09720740740740741,108,21,1,monthly_industry_30,monthly industry,adversarial_support_mismatch,27,calibration,block,constant_a019,0.12133012345679012
-0.04354501280288177,-0.061389318208794605,-0.026679314149569797,,inf,0.0,0.0,1.0,0.01028611111111111,0.11100000000000002,108,200,0,monthly_industry_30,monthly industry,adversarial_support_mismatch,27,calibration,block,constant_a020,0.12133012345679012
0.008117111111111124,0.008117111111111111,0.00811711111111112,,inf,0.0,0.0,1.0,0.008956481481481482,0.10537407407407408,108,200,0,monthly_industry_30,monthly industry,adversarial_support_mismatch,27,calibration,block,constant_a021,0.12133012345679012
-0.12047071632080035,-0.18212949424909736,-0.06253230984937216,,inf,0.0,0.0,1.0,0.009407407407407408,0.13405555555555554,108,200,0,monthly_industry_30,monthly industry,adversarial_support_mismatch,27,calibration,block,constant_a022,0.12133012345679012
0.008117111111111124,0.008117111111111111,0.00811711111111112,,inf,0.0,0.0,1.0,0.009435185185185184,0.1265962962962963,108,200,0,monthly_industry_30,monthly industry,adversarial_support_mismatch,27,calibration,block,constant_a023,0.12133012345679012
0.008117111111111124,0.008117111111111111,0.00811711111111112,,inf,0.0,0.0,1.0,0.011483333333333335,0.11916296296296297,108,200,0,monthly_industry_30,monthly industry,adversarial_support_mismatch,27,calibration,block,constant_a024,0.12133012345679012
0.008117111111111124,0.008117111111111111,0.00811711111111112,,inf,0.0,0.0,1.0,0.010116666666666666,0.11522222222222221,108,200,0,monthly_industry_30,monthly industry,adversarial_support_mismatch,27,calibration,block,constant_a025,0.12133012345679012
0.008117111111111124,0.008117111111111111,0.00811711111111112,,inf,0.0,0.0,1.0,0.009475925925925928,0.09744814814814814,108,200,0,monthly_industry_30,monthly industry,adversarial_support_mismatch,27,calibration,block,constant_a026,0.12133012345679012
0.008117111111111124,0.008117111111111111,0.00811711111111112,,inf,0.0,0.0,1.0,0.011696296296296293,0.0864962962962963,108,200,0,monthly_industry_30,monthly industry,adversarial_support_mismatch,27,calibration,block,constant_a027,0.12133012345679012
0.0055607229725673935,0.0012425015523807644,0.009292147801321945,0.1125,0.11250000000000002,9.000000000000002,1.004862236628849,0.9166666666666666,0.0033916666666666683,0.17157407407407407,108,2,2,monthly_industry_30,monthly industry,adversarial_support_mismatch,27,calibration,block,constant_a028,0.12133012345679012
0.008465543990235521,0.00681295215632525,0.010259784957747238,0.0707,inf,3.0,1.004862236628849,0.9722222222222222,0.005977777777777777,0.14215185185185186,108,23,1,monthly_industry_30,monthly industry,adversarial_support_mismatch,27,calibration,block,constant_a029,0.12133012345679012
0.008117111111111124,0.008117111111111111,0.00811711111111112,,inf,0.0,0.0,1.0,0.008955,0.12133012345679012,108,200,0,monthly_industry_30,monthly industry,adversarial_support_mismatch,27,calibration,block,constant_equal_weight_public,0.12133012345679012
0.063813160167758,0.026396203771456826,0.10348320467189774,,inf,0.0,0.0,1.0,0.013036111111111111,0.2308074074074074,108,200,0,monthly_industry_30,monthly industry,adversarial_support_mismatch,27,calibration,block,momentum_12,0.12133012345679012
0.001979007844927643,-0.01251306018882843,0.013353666194791836,0.0546,inf,1.0,1.0048622366288489,0.9907407407407407,0.009154320987654322,0.09146296296296295,108,72,0,monthly_industry_30,monthly industry,adversarial_support_mismatch,27,calibration,block,low_vol_12,0.12133012345679012
0.02795538084355204,0.005388154334819003,0.04905333234844164,,inf,0.0,0.0,1.0,0.0024592592592592587,0.2494555555555555,108,200,0,monthly_industry_30,monthly industry,adversarial_support_mismatch,27,calibration,block,risk_adjusted_12,0.12133012345679012
0.2785691305002147,0.24250764120276633,0.3244788093516999,,inf,0.0,0.0,1.0,0.012221296296296294,0.1203222222222222,108,200,0,monthly_industry_30,monthly industry,adversarial_support_mismatch,27,calibration,block,ridge_return_train_only,0.12133012345679012
0.008463261522653375,0.00789519746612854,0.009073441128801606,0.0069,inf,2.9999999999999996,1.0048622366288489,0.9779411764705882,0.005722058823529412,0.07954117647058823,136,11,1,monthly_industry_30,monthly industry,adversarial_support_mismatch,27,test,iid,constant_a000,0.12133012345679012
-0.00988310334678543,-0.02007846697925246,-0.0006426685575908582,0.071,0.071,4.0,1.0048622366288489,0.9705882352941176,0.005813235294117649,0.08037058823529412,136,1,1,monthly_industry_30,monthly industry,adversarial_support_mismatch,27,test,iid,constant_a001,0.12133012345679012
0.14326400986957466,0.12650575472642128,0.1565839775483691,0.1417,0.1417,7.000000000000002,1.0048622366288489,0.9485294117647058,0.011203676470588236,0.12225294117647058,136,0,2,monthly_industry_30,monthly industry,adversarial_support_mismatch,27,test,iid,constant_a002,0.12133012345679012
0.008036914238196642,0.004667759548362837,0.012112313692386738,0.11019999999999999,0.11019999999999999,9.0,1.0048622366288489,0.9338235294117647,0.012388235294117648,0.15730882352941175,136,0,2,monthly_industry_30,monthly industry,adversarial_support_mismatch,27,test,iid,constant_a003,0.12133012345679012
0.008317957129691435,0.008117111111111113,0.00871964916685205,-0.0353,inf,1.0,1.0048622366288489,0.9926470588235294,0.0059507352941176464,0.1360823529411765,136,80,0,monthly_industry_30,monthly industry,adversarial_support_mismatch,27,test,iid,constant_a004,0.12133012345679012
0.007979302136629922,0.007023817713795406,0.008574867441817355,0.0415,inf,2.9999999999999996,1.0048622366288489,0.9779411764705882,0.005198529411764706,0.09060294117647058,136,11,1,monthly_industry_30,monthly industry,adversarial_support_mismatch,27,test,iid,constant_a005,0.12133012345679012
0.007992183091280825,0.004582938544083222,0.010998713047266457,0.11460000000000001,0.11460000000000001,18.0,1.0048622366288489,0.8676470588235294,0.004352205882352941,0.14798235294117645,136,0,3,monthly_industry_30,monthly industry,adversarial_support_mismatch,27,test,iid,constant_a006,0.12133012345679012
-0.0029766580419266367,-0.0127784629271791,0.005673523661891197,,inf,0.0,0.0,1.0,0.008147794117647059,0.0847264705882353,136,200,0,monthly_industry_30,monthly industry,adversarial_support_mismatch,27,test,iid,constant_a007,0.12133012345679012
0.008308351828900131,0.008117111111111113,0.008690833264478134,-0.034,inf,1.0,1.0048622366288489,0.9926470588235294,0.006644117647058825,0.12974411764705882,136,73,0,monthly_industry_30,monthly industry,adversarial_support_mismatch,27,test,iid,constant_a008,0.12133012345679012
0.06956527041402219,0.05448376026951796,0.08081636721259178,0.25989999999999996,0.25989999999999996,15.000000000000002,1.0048622366288489,0.8897058823529411,0.0021544117647058834,0.2105794117647059,136,0,3,monthly_industry_30,monthly industry,adversarial_support_mismatch,27,test,iid,constant_a009,0.12133012345679012
0.008117111111111125,0.008117111111111111,0.008117111111111117,,inf,0.0,0.0,1.0,0.01612941176470588,0.1451029411764706,136,200,0,monthly_industry_30,monthly industry,adversarial_support_mismatch,27,test,iid,constant_a010,0.12133012345679012
-0.024200685219584673,-0.039271410575842,-0.010802153049012794,-0.1604,inf,1.0,1.0048622366288489,0.9926470588235294,0.01574558823529412,0.17915,136,65,0,monthly_industry_30,monthly industry,adversarial_support_mismatch,27,test,iid,constant_a011,0.12133012345679012
0.008117111111111125,0.008117111111111111,0.008117111111111117,,inf,0.0,0.0,1.0,0.016123529411764703,0.12421176470588235,136,200,0,monthly_industry_30,monthly industry,adversarial_support_mismatch,27,test,iid,constant_a012,0.12133012345679012
0.008117111111111125,0.008117111111111111,0.008117111111111117,,inf,0.0,0.0,1.0,0.012578676470588237,0.14005882352941176,136,200,0,monthly_industry_30,monthly industry,adversarial_support_mismatch,27,test,iid,constant_a013,0.12133012345679012
0.009563797480958902,0.0023969564729187254,0.016168623678509766,0.2999,0.2999,6.000000000000001,1.0048622366288489,0.9558823529411764,0.0199125,0.21385882352941174,136,0,2,monthly_industry_30,monthly industry,adversarial_support_mismatch,27,test,iid,constant_a014,0.12133012345679012
0.03054086234113591,0.01862472564805038,0.04399163071564708,-0.087,inf,1.0,1.0048622366288489,0.9926470588235294,0.012144117647058823,0.14591176470588232,136,78,0,monthly_industry_30,monthly industry,adversarial_support_mismatch,27,test,iid,constant_a015,0.12133012345679012
-0.015071055950322217,-0.02595404418353101,-0.003387765710255814,,inf,0.0,0.0,1.0,0.015613235294117645,0.13995294117647059,136,200,0,monthly_industry_30,monthly industry,adversarial_support_mismatch,27,test,iid,constant_a016,0.12133012345679012
0.008062830305095959,-0.011259521167234643,0.022748523390032457,0.37689787234042554,0.40990000000000004,47.000000000000064,1.004862236628849,0.6544117647058818,0.009413235294117648,0.2893911764705882,136,0,3,monthly_industry_30,monthly industry,adversarial_support_mismatch,27,test,iid,constant_a017,0.12133012345679012
0.008576920964820302,0.008022409413035883,0.009494297629262407,0.004699999999999999,0.004699999999999999,4.0,1.004862236628849,0.9705882352941176,0.010013235294117651,0.17509411764705882,136,4,1,monthly_industry_30,monthly industry,adversarial_support_mismatch,27,test,iid,constant_a018,0.12133012345679012
0.008386399413141824,0.006679447977246006,0.010520546683827509,0.050499999999999996,0.0505,9.000000000000002,1.004862236628849,0.9338235294117647,0.008348529411764708,0.08674705882352941,136,0,2,monthly_industry_30,monthly industry,adversarial_support_mismatch,27,test,iid,constant_a019,0.12133012345679012
-0.0577225895615585,-0.06732789247575505,-0.04870003964605208,0.0705,0.0705,4.0,1.004862236628849,0.9705882352941176,0.005097058823529412,0.1036735294117647,136,1,1,monthly_industry_30,monthly industry,adversarial_support_mismatch,27,test,iid,constant_a020,0.12133012345679012
0.008790833476340307,0.008117111111111113,0.010155121265929396,-0.09929999999999999,inf,1.0,1.004862236628849,0.9926470588235294,0.014211029411764706,0.10055882352941177,136,67,0,monthly_industry_30,monthly industry,adversarial_support_mismatch,27,test,iid,constant_a021,0.12133012345679012
-0.07463250048787619,-0.0937617748582894,-0.055130641865502934,,inf,0.0,0.0,1.0,0.020024264705882353,0.10592058823529413,136,200,0,monthly_industry_30,monthly industry,adversarial_support_mismatch,27,test,iid,constant_a022,0.12133012345679012
0.007924752237794106,0.007555064734483748,0.008117111111111117,0.0169,inf,2.0,1.004862236628849,0.9852941176470589,0.002658823529411765,0.10287058823529413,136,34,1,monthly_industry_30,monthly industry,adversarial_support_mismatch,27,test,iid,constant_a023,0.12133012345679012
0.008117111111111125,0.008117111111111111,0.008117111111111117,,inf,0.0,0.0,1.0,0.008090441176470588,0.12422352941176472,136,200,0,monthly_industry_30,monthly industry,adversarial_support_mismatch,27,test,iid,constant_a024,0.12133012345679012
0.008117111111111125,0.008117111111111111,0.008117111111111117,,inf,0.0,0.0,1.0,0.010133823529411765,0.10630294117647059,136,200,0,monthly_industry_30,monthly industry,adversarial_support_mismatch,27,test,iid,constant_a025,0.12133012345679012
0.008117111111111125,0.008117111111111111,0.008117111111111117,,inf,0.0,0.0,1.0,0.012989705882352941,0.09431470588235294,136,200,0,monthly_industry_30,monthly industry,adversarial_support_mismatch,27,test,iid,constant_a026,0.12133012345679012
0.008117111111111125,0.008117111111111111,0.008117111111111117,,inf,0.0,0.0,1.0,0.01041985294117647,0.09985882352941176,136,200,0,monthly_industry_30,monthly industry,adversarial_support_mismatch,27,test,iid,constant_a027,0.12133012345679012
0.008117111111111125,0.008117111111111111,0.008117111111111117,,inf,0.0,0.0,1.0,0.011051470588235293,0.1126235294117647,136,200,0,monthly_industry_30,monthly industry,adversarial_support_mismatch,27,test,iid,constant_a028,0.12133012345679012
0.008117111111111125,0.008117111111111111,0.008117111111111117,,inf,0.0,0.0,1.0,0.008997058823529412,0.08895882352941176,136,200,0,monthly_industry_30,monthly industry,adversarial_support_mismatch,27,test,iid,constant_a029,0.12133012345679012
0.008117111111111125,0.008117111111111111,0.008117111111111117,,inf,0.0,0.0,1.0,0.01024235294117647,0.10200901960784312,136,200,0,monthly_industry_30,monthly industry,adversarial_support_mismatch,27,test,iid,constant_equal_weight_public,0.12133012345679012
0.032763998522327344,0.023293917911710486,0.04288726259122328,,inf,0.0,0.0,1.0,0.02070735294117647,0.17675588235294115,136,200,0,monthly_industry_30,monthly industry,adversarial_support_mismatch,27,test,iid,momentum_12,0.12133012345679012
0.0072518907966151736,0.0025576012572381714,0.01270162149990902,0.0415,0.0415,7.000000000000002,1.0048622366288489,0.9485294117647058,0.006003799019607842,0.08625,136,0,2,monthly_industry_30,monthly industry,adversarial_support_mismatch,27,test,iid,low_vol_12,0.12133012345679012
0.01589496801766663,0.004222979726930278,0.026690934719960105,,inf,0.0,0.0,1.0,0.015530686274509806,0.1313264705882353,136,200,0,monthly_industry_30,monthly industry,adversarial_support_mismatch,27,test,iid,risk_adjusted_12,0.12133012345679012
0.1722199501644228,0.15756405029850007,0.18394681537025923,0.1417,0.1417,6.000000000000001,1.0048622366288489,0.9558823529411764,0.014183088235294116,0.13347058823529412,136,0,2,monthly_industry_30,monthly industry,adversarial_support_mismatch,27,test,iid,ridge_return_train_only,0.12133012345679012
0.008463261522653375,0.007922202769303296,0.009197398315430984,0.0069,0.0069,2.9999999999999996,1.0048622366288489,0.9779411764705882,0.005722058823529412,0.07954117647058823,136,8,1,monthly_industry_30,monthly industry,adversarial_support_mismatch,27,test,block,constant_a000,0.12133012345679012
-0.00988310334678543,-0.023694217600483604,0.002708228220364129,0.071,0.071,4.0,1.0048622366288489,0.9705882352941176,0.005813235294117649,0.08037058823529412,136,9,1,monthly_industry_30,monthly industry,adversarial_support_mismatch,27,test,block,constant_a001,0.12133012345679012
0.14326400986957466,0.11852700096718298,0.1680824966536192,0.1417,0.1417,7.000000000000002,1.0048622366288489,0.9485294117647058,0.011203676470588236,0.12225294117647058,136,2,2,monthly_industry_30,monthly industry,adversarial_support_mismatch,27,test,block,constant_a002,0.12133012345679012
0.008036914238196642,0.005480745803805047,0.01071578985656932,0.11019999999999999,0.11019999999999999,9.0,1.0048622366288489,0.9338235294117647,0.012388235294117648,0.15730882352941175,136,5,2,monthly_industry_30,monthly industry,adversarial_support_mismatch,27,test,block,constant_a003,0.12133012345679012
0.008317957129691435,0.008117111111111113,0.00871964916685205,-0.0353,inf,1.0,1.0048622366288489,0.9926470588235294,0.0059507352941176464,0.1360823529411765,136,72,0,monthly_industry_30,monthly industry,adversarial_support_mismatch,27,test,block,constant_a004,0.12133012345679012
0.007979302136629922,0.007328443589050965,0.008358954523786828,0.0415,inf,2.9999999999999996,1.0048622366288489,0.9779411764705882,0.005198529411764706,0.09060294117647058,136,24,1,monthly_industry_30,monthly industry,adversarial_support_mismatch,27,test,block,constant_a005,0.12133012345679012
0.007992183091280825,0.0053852545417951096,0.010840557172328687,0.11460000000000001,0.11460000000000001,18.0,1.0048622366288489,0.8676470588235294,0.004352205882352941,0.14798235294117645,136,0,3,monthly_industry_30,monthly industry,adversarial_support_mismatch,27,test,block,constant_a006,0.12133012345679012
-0.0029766580419266367,-0.013594353840369925,0.00733022689909239,,inf,0.0,0.0,1.0,0.008147794117647059,0.0847264705882353,136,200,0,monthly_industry_30,monthly industry,adversarial_support_mismatch,27,test,block,constant_a007,0.12133012345679012
0.008308351828900131,0.008117111111111113,0.008690833264478134,-0.034,inf,1.0,1.0048622366288489,0.9926470588235294,0.006644117647058825,0.12974411764705882,136,71,0,monthly_industry_30,monthly industry,adversarial_support_mismatch,27,test,block,constant_a008,0.12133012345679012
0.06956527041402219,0.05259793815733973,0.08817798641158145,0.25989999999999996,0.25989999999999996,15.000000000000002,1.0048622366288489,0.8897058823529411,0.0021544117647058834,0.2105794117647059,136,0,3,monthly_industry_30,monthly industry,adversarial_support_mismatch,27,test,block,constant_a009,0.12133012345679012
0.008117111111111125,0.008117111111111111,0.008117111111111117,,inf,0.0,0.0,1.0,0.01612941176470588,0.1451029411764706,136,200,0,monthly_industry_30,monthly industry,adversarial_support_mismatch,27,test,block,constant_a010,0.12133012345679012
-0.024200685219584673,-0.04159569273849657,-0.00774070331421233,-0.1604,inf,1.0,1.0048622366288489,0.9926470588235294,0.01574558823529412,0.17915,136,76,0,monthly_industry_30,monthly industry,adversarial_support_mismatch,27,test,block,constant_a011,0.12133012345679012
0.008117111111111125,0.008117111111111111,0.008117111111111117,,inf,0.0,0.0,1.0,0.016123529411764703,0.12421176470588235,136,200,0,monthly_industry_30,monthly industry,adversarial_support_mismatch,27,test,block,constant_a012,0.12133012345679012
0.008117111111111125,0.008117111111111111,0.008117111111111117,,inf,0.0,0.0,1.0,0.012578676470588237,0.14005882352941176,136,200,0,monthly_industry_30,monthly industry,adversarial_support_mismatch,27,test,block,constant_a013,0.12133012345679012
0.009563797480958902,0.004057253772470636,0.01498633097107023,0.2999,0.2999,6.000000000000001,1.0048622366288489,0.9558823529411764,0.0199125,0.21385882352941174,136,5,2,monthly_industry_30,monthly industry,adversarial_support_mismatch,27,test,block,constant_a014,0.12133012345679012
0.03054086234113591,0.010110951672851753,0.045144212953712994,-0.087,inf,1.0,1.0048622366288489,0.9926470588235294,0.012144117647058823,0.14591176470588232,136,87,0,monthly_industry_30,monthly industry,adversarial_support_mismatch,27,test,block,constant_a015,0.12133012345679012
-0.015071055950322217,-0.03203564979430338,0.0005807153267146543,,inf,0.0,0.0,1.0,0.015613235294117645,0.13995294117647059,136,200,0,monthly_industry_30,monthly industry,adversarial_support_mismatch,27,test,block,constant_a016,0.12133012345679012
0.008062830305095959,-0.013808262137267152,0.026739603941059446,0.37689787234042554,0.40990000000000004,47.000000000000064,1.004862236628849,0.6544117647058818,0.009413235294117648,0.2893911764705882,136,0,3,monthly_industry_30,monthly industry,adversarial_support_mismatch,27,test,block,constant_a017,0.12133012345679012
0.008576920964820302,0.008022409413035881,0.00944237580640036,0.004699999999999999,0.004699999999999999,4.0,1.004862236628849,0.9705882352941176,0.010013235294117651,0.17509411764705882,136,3,1,monthly_industry_30,monthly industry,adversarial_support_mismatch,27,test,block,constant_a018,0.12133012345679012
0.008386399413141824,0.006711906135793051,0.010349205234849213,0.050499999999999996,0.0505,9.000000000000002,1.004862236628849,0.9338235294117647,0.008348529411764708,0.08674705882352941,136,2,2,monthly_industry_30,monthly industry,adversarial_support_mismatch,27,test,block,constant_a019,0.12133012345679012
-0.0577225895615585,-0.06908777091991893,-0.04546200408918944,0.0705,0.0705,4.0,1.004862236628849,0.9705882352941176,0.005097058823529412,0.1036735294117647,136,1,1,monthly_industry_30,monthly industry,adversarial_support_mismatch,27,test,block,constant_a020,0.12133012345679012
0.008790833476340307,0.008117111111111111,0.010155121265929398,-0.09929999999999999,inf,1.0,1.004862236628849,0.9926470588235294,0.014211029411764706,0.10055882352941177,136,77,0,monthly_industry_30,monthly industry,adversarial_support_mismatch,27,test,block,constant_a021,0.12133012345679012
-0.07463250048787619,-0.09705063437532119,-0.04747269002661813,,inf,0.0,0.0,1.0,0.020024264705882353,0.10592058823529413,136,200,0,monthly_industry_30,monthly industry,adversarial_support_mismatch,27,test,block,constant_a022,0.12133012345679012
0.007924752237794106,0.0073775482264488755,0.008117111111111117,0.0169,inf,2.0,1.004862236628849,0.9852941176470589,0.002658823529411765,0.10287058823529413,136,23,1,monthly_industry_30,monthly industry,adversarial_support_mismatch,27,test,block,constant_a023,0.12133012345679012
0.008117111111111125,0.008117111111111111,0.008117111111111117,,inf,0.0,0.0,1.0,0.008090441176470588,0.12422352941176472,136,200,0,monthly_industry_30,monthly industry,adversarial_support_mismatch,27,test,block,constant_a024,0.12133012345679012
0.008117111111111125,0.008117111111111111,0.008117111111111117,,inf,0.0,0.0,1.0,0.010133823529411765,0.10630294117647059,136,200,0,monthly_industry_30,monthly industry,adversarial_support_mismatch,27,test,block,constant_a025,0.12133012345679012
0.008117111111111125,0.008117111111111111,0.008117111111111117,,inf,0.0,0.0,1.0,0.012989705882352941,0.09431470588235294,136,200,0,monthly_industry_30,monthly industry,adversarial_support_mismatch,27,test,block,constant_a026,0.12133012345679012
0.008117111111111125,0.008117111111111111,0.008117111111111117,,inf,0.0,0.0,1.0,0.01041985294117647,0.09985882352941176,136,200,0,monthly_industry_30,monthly industry,adversarial_support_mismatch,27,test,block,constant_a027,0.12133012345679012
0.008117111111111125,0.008117111111111111,0.008117111111111117,,inf,0.0,0.0,1.0,0.011051470588235293,0.1126235294117647,136,200,0,monthly_industry_30,monthly industry,adversarial_support_mismatch,27,test,block,constant_a028,0.12133012345679012
0.008117111111111125,0.008117111111111111,0.008117111111111117,,inf,0.0,0.0,1.0,0.008997058823529412,0.08895882352941176,136,200,0,monthly_industry_30,monthly industry,adversarial_support_mismatch,27,test,block,constant_a029,0.12133012345679012
0.008117111111111125,0.008117111111111111,0.008117111111111117,,inf,0.0,0.0,1.0,0.01024235294117647,0.10200901960784312,136,200,0,monthly_industry_30,monthly industry,adversarial_support_mismatch,27,test,block,constant_equal_weight_public,0.12133012345679012
0.032763998522327344,0.020914861430513482,0.048932060197741385,,inf,0.0,0.0,1.0,0.02070735294117647,0.17675588235294115,136,200,0,monthly_industry_30,monthly industry,adversarial_support_mismatch,27,test,block,momentum_12,0.12133012345679012
0.0072518907966151736,0.0016301376143009574,0.014576897767315735,0.0415,0.0415,7.000000000000002,1.0048622366288489,0.9485294117647058,0.006003799019607842,0.08625,136,0,2,monthly_industry_30,monthly industry,adversarial_support_mismatch,27,test,block,low_vol_12,0.12133012345679012
0.01589496801766663,0.0009592806422666073,0.03047624348771391,,inf,0.0,0.0,1.0,0.015530686274509806,0.1313264705882353,136,200,0,monthly_industry_30,monthly industry,adversarial_support_mismatch,27,test,block,risk_adjusted_12,0.12133012345679012
0.1722199501644228,0.15130834315813704,0.1931737713835798,0.1417,0.1417,6.000000000000001,1.0048622366288489,0.9558823529411764,0.014183088235294116,0.13347058823529412,136,0,2,monthly_industry_30,monthly industry,adversarial_support_mismatch,27,test,block,ridge_return_train_only,0.12133012345679012
