DR,return_lcb,return_ucb,risk_hat,risk_ucb,ESS,max_weight,support_gap,truth_return,truth_cvar,eval_n,unsupported_bootstrap_draws,ess_bin,task,family,behavior,seed,split,scheme,policy,baseline_tau
0.0031910365925925943,-0.02335301098074073,0.02040978418000004,0.036461,inf,3.0,26.0,0.9722222222222222,0.009011361111111112,0.15419533333333332,108,16,1,monthly_beme_op,monthly size/profit/invest,uniform_high_overlap,7,calibration,iid,constant_a000,0.11949838962962965
0.012981481037037043,-0.049386933392592584,0.06496973327407408,0.08982,0.08982,3.0,26.0,0.9722222222222222,0.005691944444444445,0.1491787037037037,108,6,1,monthly_beme_op,monthly size/profit/invest,uniform_high_overlap,7,calibration,iid,constant_a001,0.11949838962962965
0.0364802332740741,0.00967370325925926,0.0783811161844443,0.0016270000000000002,0.0016270000000000002,4.0,26.0,0.962962962962963,0.009587805555555553,0.13425677777777775,108,2,1,monthly_beme_op,monthly size/profit/invest,uniform_high_overlap,7,calibration,iid,constant_a002,0.11949838962962965
-0.010263963407407395,-0.049865669659259246,0.018147969540740758,0.050607,0.050607,3.0,26.0,0.9722222222222222,0.007711083333333333,0.09189985185185184,108,8,1,monthly_beme_op,monthly size/profit/invest,uniform_high_overlap,7,calibration,iid,constant_a003,0.11949838962962965
-0.003969796740740724,-0.04405616263703701,0.020930932503703727,0.052169999999999994,inf,3.0,26.0,0.9722222222222222,0.008999,0.09132614814814814,108,11,1,monthly_beme_op,monthly size/profit/invest,uniform_high_overlap,7,calibration,iid,constant_a004,0.11949838962962965
0.05306428628148149,-0.008491751715555542,0.11687109891333314,0.032804,0.032804,7.0,26.0,0.9351851851851852,0.007037601851851851,0.14897285185185186,108,1,2,monthly_beme_op,monthly size/profit/invest,uniform_high_overlap,7,calibration,iid,constant_a005,0.11949838962962965
0.019135103644444464,-0.005372036184444407,0.044136111730370416,0.029575999999999998,0.029575999999999998,4.0,26.0,0.962962962962963,0.008633907407407406,0.12433974074074074,108,3,1,monthly_beme_op,monthly size/profit/invest,uniform_high_overlap,7,calibration,iid,constant_a006,0.11949838962962965
-0.03166672968888887,-0.08188673760296311,0.004619976562962958,0.06712699999999999,0.06712699999999999,4.0,26.0,0.962962962962963,0.008959064814814816,0.10838277777777777,108,1,1,monthly_beme_op,monthly size/profit/invest,uniform_high_overlap,7,calibration,iid,constant_a007,0.11949838962962965
0.04954128435555557,0.0109087984,0.10844370773333312,-0.089825,inf,2.0,26.0,0.9814814814814815,0.008833333333333334,0.10437133333333333,108,31,1,monthly_beme_op,monthly size/profit/invest,uniform_high_overlap,7,calibration,iid,constant_a008,0.11949838962962965
0.021417242801612682,-0.028494426971656613,0.0676309554172842,0.09007499999999999,0.090075,9.0,26.0,0.9166666666666666,0.008357185185185186,0.10816214814814815,108,0,2,monthly_beme_op,monthly size/profit/invest,uniform_high_overlap,7,calibration,iid,constant_a009,0.11949838962962965
-0.04021374820740738,-0.11110561269481502,0.013134582980740755,0.13239499999999998,0.13239499999999998,4.0,26.0,0.962962962962963,0.006952916666666668,0.1526792962962963,108,3,1,monthly_beme_op,monthly size/profit/invest,uniform_high_overlap,7,calibration,iid,constant_a010,0.11949838962962965
0.0011543213925925878,-0.012607062174074066,0.010908798400000004,0.013156000000000001,inf,2.0,26.0,0.9814814814814815,0.008470018518518517,0.11324855555555556,108,27,1,monthly_beme_op,monthly size/profit/invest,uniform_high_overlap,7,calibration,iid,constant_a011,0.11949838962962965
0.01264651552592594,-0.021505146125925897,0.03734565366444448,0.032792,0.032792,6.0,26.0,0.9444444444444444,0.007643851851851852,0.12476462962962963,108,0,2,monthly_beme_op,monthly size/profit/invest,uniform_high_overlap,7,calibration,iid,constant_a012,0.11949838962962965
-0.0215666441185185,-0.056355457841481466,0.005956695101481486,0.04261,0.04261,5.0,26.0,0.9537037037037037,0.008225361111111112,0.10516055555555555,108,1,2,monthly_beme_op,monthly size/profit/invest,uniform_high_overlap,7,calibration,iid,constant_a013,0.11949838962962965
-0.0001505419555555431,-0.02226922266666663,0.010908798400000006,0.03503,inf,1.0,26.0,0.9907407407407407,0.01212915740740741,0.12042751851851852,108,63,0,monthly_beme_op,monthly size/profit/invest,uniform_high_overlap,7,calibration,iid,constant_a014,0.11949838962962965
0.015581578103703716,-0.03768656742814814,0.045914797470370396,0.06367300000000001,0.06367300000000001,5.0,26.0,0.9537037037037037,0.004571592592592592,0.18182740740740738,108,1,2,monthly_beme_op,monthly size/profit/invest,uniform_high_overlap,7,calibration,iid,constant_a015,0.11949838962962965
0.0024058858962962997,-0.06156493782666665,0.04845477472740743,0.093181,0.093181,6.0,26.0,0.9444444444444444,0.005576574074074074,0.15014825925925926,108,1,2,monthly_beme_op,monthly size/profit/invest,uniform_high_overlap,7,calibration,iid,constant_a016,0.11949838962962965
0.014686647703703714,0.01043309629481481,0.021177355053333347,-0.008981,-0.008981,3.0,26.0,0.9722222222222222,0.007114703703703705,0.1573044814814815,108,8,1,monthly_beme_op,monthly size/profit/invest,uniform_high_overlap,7,calibration,iid,constant_a017,0.11949838962962965
0.03589633991111113,0.006285228799999996,0.09055278715333315,-0.0013059999999999999,inf,2.0,26.0,0.9814814814814815,0.002282416666666666,0.17135685185185184,108,26,1,monthly_beme_op,monthly size/profit/invest,uniform_high_overlap,7,calibration,iid,constant_a018,0.11949838962962965
0.04216908065185187,0.010908798400000001,0.08266499662222218,-0.06683,inf,2.0,26.0,0.9814814814814815,0.010592287037037039,0.19485992592592594,108,37,1,monthly_beme_op,monthly size/profit/invest,uniform_high_overlap,7,calibration,iid,constant_a019,0.11949838962962965
-0.01377564859259258,-0.0588780813311111,0.013078402488888896,0.05586,inf,3.0,26.0,0.9722222222222222,0.005733851851851852,0.16194114814814817,108,10,1,monthly_beme_op,monthly size/profit/invest,uniform_high_overlap,7,calibration,iid,constant_a020,0.11949838962962965
0.04537863813333335,-0.007717204002222194,0.10592911321703695,0.05823199999999999,0.058232000000000006,7.0,26.0,0.9351851851851852,0.004910851851851851,0.14231881481481481,108,1,2,monthly_beme_op,monthly size/profit/invest,uniform_high_overlap,7,calibration,iid,constant_a021,0.11949838962962965
-0.0033224485104436097,-0.08142093206520651,0.050755847927630486,0.098965,0.098965,7.0,26.0,0.9351851851851852,0.0070512870370370365,0.17373688888888889,108,0,2,monthly_beme_op,monthly size/profit/invest,uniform_high_overlap,7,calibration,iid,constant_a022,0.11949838962962965
0.0506762332740741,0.016158000174074077,0.10373091398148146,-0.027884,-0.027884,4.0,26.0,0.962962962962963,0.01687215740740741,0.16973874074074072,108,2,1,monthly_beme_op,monthly size/profit/invest,uniform_high_overlap,7,calibration,iid,constant_a023,0.11949838962962965
-0.16644248752941196,-0.5106987452999606,-0.027081078338907973,0.367737,0.367737,5.0,26.0,0.9537037037037037,0.020826731481481484,0.17694474074074074,108,0,2,monthly_beme_op,monthly size/profit/invest,uniform_high_overlap,7,calibration,iid,constant_a024,0.11949838962962965
0.005853388829629632,-0.04886366916,0.04368980494592595,0.07054492000000001,0.07054492000000001,4.0,26.0,0.962962962962963,0.008471041851851852,0.11949838962962965,108,3,1,monthly_beme_op,monthly size/profit/invest,uniform_high_overlap,7,calibration,iid,constant_equal_weight_public,0.11949838962962965
0.0007899820370416791,-0.017916651060710515,0.029579365528489176,-0.006731,inf,3.0,26.0,0.9722222222222222,0.010304194444444444,0.15110244444444446,108,10,1,monthly_beme_op,monthly size/profit/invest,uniform_high_overlap,7,calibration,iid,momentum_12,0.11949838962962965
0.0011133414710201516,-0.03247719653286095,0.021524272486470347,0.052169999999999994,0.05217,4.0,26.0,0.962962962962963,0.009455527777777776,0.09748044444444444,108,4,1,monthly_beme_op,monthly size/profit/invest,uniform_high_overlap,7,calibration,iid,low_vol_12,0.11949838962962965
0.009425647269881734,0.0028474902451877935,0.0162318767273867,-0.008981,inf,2.0,26.0,0.9814814814814815,0.009305453703703703,0.14096814814814815,108,14,1,monthly_beme_op,monthly size/profit/invest,uniform_high_overlap,7,calibration,iid,risk_adjusted_12,0.11949838962962965
-0.07648429378971842,-0.4181540691427122,0.05312980550494318,0.367737,0.367737,6.0,26.0,0.9444444444444444,0.00939077777777778,0.16951866666666668,108,0,2,monthly_beme_op,monthly size/profit/invest,uniform_high_overlap,7,calibration,iid,ridge_return_train_only,0.11949838962962965
0.0031910365925925943,-0.025339399386666645,0.024003710764444457,0.036461,inf,3.0,26.0,0.9722222222222222,0.009011361111111112,0.15419533333333332,108,11,1,monthly_beme_op,monthly size/profit/invest,uniform_high_overlap,7,calibration,block,constant_a000,0.11949838962962965
0.012981481037037043,-0.03759025268148148,0.0774225781037037,0.08982,inf,3.0,26.0,0.9722222222222222,0.005691944444444445,0.1491787037037037,108,10,1,monthly_beme_op,monthly size/profit/invest,uniform_high_overlap,7,calibration,block,constant_a001,0.11949838962962965
0.0364802332740741,0.004873043614814814,0.07177263365925927,0.0016270000000000002,0.0016270000000000002,4.0,26.0,0.962962962962963,0.009587805555555553,0.13425677777777775,108,1,1,monthly_beme_op,monthly size/profit/invest,uniform_high_overlap,7,calibration,block,constant_a002,0.11949838962962965
-0.010263963407407395,-0.05021783084814814,0.014550278175555577,0.050607,inf,3.0,26.0,0.9722222222222222,0.007711083333333333,0.09189985185185184,108,12,1,monthly_beme_op,monthly size/profit/invest,uniform_high_overlap,7,calibration,block,constant_a003,0.11949838962962965
-0.003969796740740724,-0.03905277162296295,0.02093860854148151,0.052169999999999994,0.05217,3.0,26.0,0.9722222222222222,0.008999,0.09132614814814814,108,6,1,monthly_beme_op,monthly size/profit/invest,uniform_high_overlap,7,calibration,block,constant_a004,0.11949838962962965
0.05306428628148149,-0.004417161677037036,0.12072206891259236,0.032804,0.032804,7.0,26.0,0.9351851851851852,0.007037601851851851,0.14897285185185186,108,0,2,monthly_beme_op,monthly size/profit/invest,uniform_high_overlap,7,calibration,block,constant_a005,0.11949838962962965
0.019135103644444464,-0.008942401154814775,0.04706286311925931,0.029575999999999998,0.029575999999999998,4.0,26.0,0.962962962962963,0.008633907407407406,0.12433974074074074,108,5,1,monthly_beme_op,monthly size/profit/invest,uniform_high_overlap,7,calibration,block,constant_a006,0.11949838962962965
-0.03166672968888887,-0.08776207081851872,0.0005731732444444449,0.06712699999999999,0.06712699999999999,4.0,26.0,0.962962962962963,0.008959064814814816,0.10838277777777777,108,0,1,monthly_beme_op,monthly size/profit/invest,uniform_high_overlap,7,calibration,block,constant_a007,0.11949838962962965
0.04954128435555557,0.010908798400000001,0.10890277144666664,-0.089825,inf,2.0,26.0,0.9814814814814815,0.008833333333333334,0.10437133333333333,108,23,1,monthly_beme_op,monthly size/profit/invest,uniform_high_overlap,7,calibration,block,constant_a008,0.11949838962962965
0.021417242801612682,-0.021651667995273984,0.07131859620912982,0.09007499999999999,0.090075,9.0,26.0,0.9166666666666666,0.008357185185185186,0.10816214814814815,108,0,2,monthly_beme_op,monthly size/profit/invest,uniform_high_overlap,7,calibration,block,constant_a009,0.11949838962962965
-0.04021374820740738,-0.13432860276888908,0.013114513600000004,0.13239499999999998,0.13239499999999998,4.0,26.0,0.962962962962963,0.006952916666666668,0.1526792962962963,108,5,1,monthly_beme_op,monthly size/profit/invest,uniform_high_overlap,7,calibration,block,constant_a010,0.11949838962962965
0.0011543213925925878,-0.010432433392592581,0.010908798400000004,0.013156000000000001,inf,2.0,26.0,0.9814814814814815,0.008470018518518517,0.11324855555555556,108,32,1,monthly_beme_op,monthly size/profit/invest,uniform_high_overlap,7,calibration,block,constant_a011,0.11949838962962965
0.01264651552592594,-0.01737169977185183,0.03821721177851857,0.032792,0.032792,6.0,26.0,0.9444444444444444,0.007643851851851852,0.12476462962962963,108,0,2,monthly_beme_op,monthly size/profit/invest,uniform_high_overlap,7,calibration,block,constant_a012,0.11949838962962965
-0.0215666441185185,-0.057960139322962935,0.0068215991703703665,0.04261,0.04261,5.0,26.0,0.9537037037037037,0.008225361111111112,0.10516055555555555,108,2,2,monthly_beme_op,monthly size/profit/invest,uniform_high_overlap,7,calibration,block,constant_a013,0.11949838962962965
-0.0001505419555555431,-0.022269222666666637,0.010908798400000008,0.03503,inf,1.0,26.0,0.9907407407407407,0.01212915740740741,0.12042751851851852,108,76,0,monthly_beme_op,monthly size/profit/invest,uniform_high_overlap,7,calibration,block,constant_a014,0.11949838962962965
0.015581578103703716,-0.038562568537777765,0.05440642231481484,0.06367300000000001,0.06367300000000001,5.0,26.0,0.9537037037037037,0.004571592592592592,0.18182740740740738,108,1,2,monthly_beme_op,monthly size/profit/invest,uniform_high_overlap,7,calibration,block,constant_a015,0.11949838962962965
0.0024058858962962997,-0.06758284963999998,0.0513019404340741,0.093181,0.093181,6.0,26.0,0.9444444444444444,0.005576574074074074,0.15014825925925926,108,0,2,monthly_beme_op,monthly size/profit/invest,uniform_high_overlap,7,calibration,block,constant_a016,0.11949838962962965
0.014686647703703714,0.00998059917037037,0.021183469868148157,-0.008981,inf,3.0,26.0,0.9722222222222222,0.007114703703703705,0.1573044814814815,108,12,1,monthly_beme_op,monthly size/profit/invest,uniform_high_overlap,7,calibration,block,constant_a017,0.11949838962962965
0.03589633991111113,0.003973444000000002,0.09055278715333318,-0.0013059999999999999,inf,2.0,26.0,0.9814814814814815,0.002282416666666666,0.17135685185185184,108,21,1,monthly_beme_op,monthly size/profit/invest,uniform_high_overlap,7,calibration,block,constant_a018,0.11949838962962965
0.04216908065185187,0.010908798400000001,0.08700025588148148,-0.06683,inf,2.0,26.0,0.9814814814814815,0.010592287037037039,0.19485992592592594,108,21,1,monthly_beme_op,monthly size/profit/invest,uniform_high_overlap,7,calibration,block,constant_a019,0.11949838962962965
-0.01377564859259258,-0.06954396622888888,0.0130784024888889,0.05586,inf,3.0,26.0,0.9722222222222222,0.005733851851851852,0.16194114814814817,108,13,1,monthly_beme_op,monthly size/profit/invest,uniform_high_overlap,7,calibration,block,constant_a020,0.11949838962962965
0.04537863813333335,-0.015565574883703682,0.10424661035555541,0.05823199999999999,0.058232000000000006,7.0,26.0,0.9351851851851852,0.004910851851851851,0.14231881481481481,108,0,2,monthly_beme_op,monthly size/profit/invest,uniform_high_overlap,7,calibration,block,constant_a021,0.11949838962962965
-0.0033224485104436097,-0.06768438188566993,0.04882202023814137,0.098965,0.098965,7.0,26.0,0.9351851851851852,0.0070512870370370365,0.17373688888888889,108,2,2,monthly_beme_op,monthly size/profit/invest,uniform_high_overlap,7,calibration,block,constant_a022,0.11949838962962965
0.0506762332740741,0.014995421007407419,0.09711476259259251,-0.027884,-0.027884,4.0,26.0,0.962962962962963,0.01687215740740741,0.16973874074074072,108,3,1,monthly_beme_op,monthly size/profit/invest,uniform_high_overlap,7,calibration,block,constant_a023,0.11949838962962965
-0.16644248752941196,-0.4079773948620597,-0.022916479590554453,0.367737,0.367737,5.0,26.0,0.9537037037037037,0.020826731481481484,0.17694474074074074,108,0,2,monthly_beme_op,monthly size/profit/invest,uniform_high_overlap,7,calibration,block,constant_a024,0.11949838962962965
0.005853388829629632,-0.04490473192666668,0.04996837382740743,0.07054492000000001,0.07054492000000001,4.0,26.0,0.962962962962963,0.008471041851851852,0.11949838962962965,108,3,1,monthly_beme_op,monthly size/profit/invest,uniform_high_overlap,7,calibration,block,constant_equal_weight_public,0.11949838962962965
0.0007899820370416791,-0.022407327722681575,0.03534513028426801,-0.006731,-0.006731,3.0,26.0,0.9722222222222222,0.010304194444444444,0.15110244444444446,108,7,1,monthly_beme_op,monthly size/profit/invest,uniform_high_overlap,7,calibration,block,momentum_12,0.11949838962962965
0.0011133414710201516,-0.03334419578478826,0.0231699973144295,0.052169999999999994,0.05217,4.0,26.0,0.962962962962963,0.009455527777777776,0.09748044444444444,108,5,1,monthly_beme_op,monthly size/profit/invest,uniform_high_overlap,7,calibration,block,low_vol_12,0.11949838962962965
0.009425647269881734,-0.0005348337654449957,0.018184461675914674,-0.008981,inf,2.0,26.0,0.9814814814814815,0.009305453703703703,0.14096814814814815,108,22,1,monthly_beme_op,monthly size/profit/invest,uniform_high_overlap,7,calibration,block,risk_adjusted_12,0.11949838962962965
-0.07648429378971842,-0.31504153577245975,0.054015109124105724,0.367737,0.367737,6.0,26.0,0.9444444444444444,0.00939077777777778,0.16951866666666668,108,1,2,monthly_beme_op,monthly size/profit/invest,uniform_high_overlap,7,calibration,block,ridge_return_train_only,0.11949838962962965
0.010908798400000017,0.010908798399999994,0.010908798400000001,,inf,0.0,0.0,1.0,0.011030007352941176,0.15709526470588234,136,200,0,monthly_beme_op,monthly size/profit/invest,uniform_high_overlap,7,test,iid,constant_a000,0.11949838962962965
0.012022479952941202,-0.07473526991882366,0.08047025902411767,0.1555,0.1555,7.0,26.0,0.9485294117647058,0.023444860294117645,0.12699891176470587,136,0,2,monthly_beme_op,monthly size/profit/invest,uniform_high_overlap,7,test,iid,constant_a001,0.11949838962962965
0.03665212701176473,-0.04204032662176468,0.16095201221705857,0.036126,0.036126,7.0,26.0,0.9485294117647058,0.013153823529411765,0.13322823529411765,136,0,2,monthly_beme_op,monthly size/profit/invest,uniform_high_overlap,7,test,iid,constant_a002,0.11949838962962965
0.042097825788235316,-0.018939670685882353,0.12114122574705871,0.068741,0.068741,3.0,26.0,0.9779411764705882,0.015877375,0.11909723529411764,136,5,1,monthly_beme_op,monthly size/profit/invest,uniform_high_overlap,7,test,iid,constant_a003,0.11949838962962965
0.06307118583529396,0.009518508200000024,0.13677067051,0.019243,0.019243000000000003,7.0,26.0,0.9485294117647058,0.012729867647058824,0.08378829411764706,136,0,2,monthly_beme_op,monthly size/profit/invest,uniform_high_overlap,7,test,iid,constant_a004,0.11949838962962965
0.1074882081411765,0.010908798399999997,0.2884403714352941,-0.074759,-0.074759,3.0,26.0,0.9779411764705882,0.010292911764705884,0.1313721176470588,136,7,1,monthly_beme_op,monthly size/profit/invest,uniform_high_overlap,7,test,iid,constant_a005,0.11949838962962965
0.040686217270588264,0.013056551952941177,0.08613533047588237,-0.011692000000000001,-0.011692000000000001,4.0,26.0,0.9705882352941176,0.007293139705882353,0.09094320588235294,136,0,1,monthly_beme_op,monthly size/profit/invest,uniform_high_overlap,7,test,iid,constant_a006,0.11949838962962965
-0.014083470352941153,-0.06479360270588247,0.015979652285882356,0.08122299999999999,0.08122299999999999,6.0,26.0,0.9558823529411765,0.011329838235294118,0.09501655882352941,136,1,2,monthly_beme_op,monthly size/profit/invest,uniform_high_overlap,7,test,iid,constant_a007,0.11949838962962965
-0.03177696679999997,-0.06658618432176469,-0.0029932040688235195,0.055585999999999997,0.05558600000000001,8.0,26.0,0.9411764705882353,0.011474867647058825,0.08307823529411763,136,0,2,monthly_beme_op,monthly size/profit/invest,uniform_high_overlap,7,test,iid,constant_a008,0.11949838962962965
0.027613359670968503,-0.050718032707886045,0.090731600781296,0.05378,0.05378,6.0,26.0,0.9558823529411765,0.010274257352941176,0.0984035294117647,136,0,2,monthly_beme_op,monthly size/profit/invest,uniform_high_overlap,7,test,iid,constant_a009,0.11949838962962965
0.021475619905882374,-0.002403889223529413,0.04537644902764708,0.023909,inf,3.0,26.0,0.9779411764705882,0.009373007352941174,0.11470952941176471,136,11,1,monthly_beme_op,monthly size/profit/invest,uniform_high_overlap,7,test,iid,constant_a010,0.11949838962962965
0.008491143741176474,-0.017507472424117643,0.031895923152941194,0.038592,0.038592,4.0,26.0,0.9705882352941176,0.011024213235294116,0.1011819117647059,136,4,1,monthly_beme_op,monthly size/profit/invest,uniform_high_overlap,7,test,iid,constant_a011,0.11949838962962965
-0.0016807441882352896,-0.030794625271764707,0.014583509065294134,0.040826,0.040826,5.0,26.0,0.9632352941176471,0.008815691176470589,0.10376441176470588,136,2,2,monthly_beme_op,monthly size/profit/invest,uniform_high_overlap,7,test,iid,constant_a012,0.11949838962962965
0.04022812143529413,0.0006206486870588244,0.10201721154058815,0.016215,0.016215,8.0,26.0,0.9411764705882353,0.009981808823529413,0.11502073529411763,136,0,2,monthly_beme_op,monthly size/profit/invest,uniform_high_overlap,7,test,iid,constant_a013,0.11949838962962965
0.008476193435294115,-0.009307830155882348,0.03372047284705882,0.015707,inf,3.0,26.0,0.9779411764705882,0.005425272058823529,0.15093029411764705,136,11,1,monthly_beme_op,monthly size/profit/invest,uniform_high_overlap,7,test,iid,constant_a014,0.11949838962962965
0.006255373458823545,-0.027569356800588227,0.041409851694705894,0.044961999999999995,0.044962,5.0,26.0,0.9632352941176471,0.01077013970588235,0.10116476470588236,136,1,2,monthly_beme_op,monthly size/profit/invest,uniform_high_overlap,7,test,iid,constant_a015,0.11949838962962965
0.035284029647058845,0.007256315799999999,0.0703795265158824,0.003733,0.003733,6.0,26.0,0.9558823529411765,0.008198404411764707,0.11871282352941175,136,0,2,monthly_beme_op,monthly size/profit/invest,uniform_high_overlap,7,test,iid,constant_a016,0.11949838962962965
-0.024367157976470568,-0.09639675222882352,0.04965175746000001,0.12575,0.12575,8.0,26.0,0.9411764705882353,0.010214404411764706,0.12240526470588234,136,0,2,monthly_beme_op,monthly size/profit/invest,uniform_high_overlap,7,test,iid,constant_a017,0.11949838962962965
-0.004323683341176454,-0.02768020823647058,0.0109087984,0.039502999999999996,inf,2.0,26.0,0.9852941176470589,0.01078397794117647,0.1249915882352941,136,29,1,monthly_beme_op,monthly size/profit/invest,uniform_high_overlap,7,test,iid,constant_a018,0.11949838962962965
-0.0345311706588235,-0.08001505487999998,-0.001825924211764694,0.07589800000000001,0.07589800000000001,5.0,26.0,0.9632352941176471,0.004148029411764705,0.16689767647058826,136,0,2,monthly_beme_op,monthly size/profit/invest,uniform_high_overlap,7,test,iid,constant_a019,0.11949838962962965
-0.005985387694117618,-0.1041304225888237,0.0940003498994116,0.132271,0.132271,7.0,26.0,0.9485294117647058,0.01308618382352941,0.1459555588235294,136,0,2,monthly_beme_op,monthly size/profit/invest,uniform_high_overlap,7,test,iid,constant_a020,0.11949838962962965
0.04548818938823533,-0.007536470627058809,0.10615081296058826,0.048767000000000005,0.048767000000000005,9.0,26.0,0.9338235294117647,0.011047073529411767,0.14904241176470587,136,0,2,monthly_beme_op,monthly size/profit/invest,uniform_high_overlap,7,test,iid,constant_a021,0.11949838962962965
-0.014551673626672527,-0.10855456877820177,0.07945683649568253,0.037853,0.037853,5.0,26.0,0.9632352941176471,0.01314758823529412,0.13828129411764706,136,1,2,monthly_beme_op,monthly size/profit/invest,uniform_high_overlap,7,test,iid,constant_a022,0.11949838962962965
-0.04637183799999998,-0.18664413461823529,0.02887801450058826,0.24703499999999998,0.24703499999999998,6.0,26.0,0.9558823529411765,0.014868257352941176,0.13557679411764706,136,0,2,monthly_beme_op,monthly size/profit/invest,uniform_high_overlap,7,test,iid,constant_a023,0.11949838962962965
-0.041169570175370616,-0.07577226676835454,-0.009074441878325788,0.087718,0.087718,4.0,26.0,0.9705882352941176,0.004658558823529411,0.22838226470588233,136,1,1,monthly_beme_op,monthly size/profit/invest,uniform_high_overlap,7,test,iid,constant_a024,0.11949838962962965
0.011753631694117665,-0.018597595904705867,0.04103229180764708,0.04819771999999999,0.04819772,5.0,26.0,0.9632352941176471,0.010897742352941178,0.10712653647058824,136,1,2,monthly_beme_op,monthly size/profit/invest,uniform_high_overlap,7,test,iid,constant_equal_weight_public,0.11949838962962965
-0.0008095992631773664,-0.08201437678122708,0.06204352955211703,0.132271,0.132271,6.0,26.0,0.9558823529411765,0.016952595588235295,0.14063335294117646,136,0,2,monthly_beme_op,monthly size/profit/invest,uniform_high_overlap,7,test,iid,momentum_12,0.11949838962962965
0.08995273366942634,0.029134447017058515,0.1807178321642739,0.003733,0.0037330000000000006,8.0,26.0,0.9411764705882353,0.00962212588235294,0.0925010588235294,136,0,2,monthly_beme_op,monthly size/profit/invest,uniform_high_overlap,7,test,iid,low_vol_12,0.11949838962962965
0.004800267638964099,-0.07591021202160483,0.0759769457391859,0.132271,0.132271,7.0,26.0,0.9485294117647058,0.018501286764705884,0.10194055882352941,136,0,2,monthly_beme_op,monthly size/profit/invest,uniform_high_overlap,7,test,iid,risk_adjusted_12,0.11949838962962965
0.017637747520091916,-0.0833361683035578,0.10266969507047756,0.026045,0.026045,4.0,26.0,0.9705882352941176,0.01046848529411765,0.14747552941176473,136,3,1,monthly_beme_op,monthly size/profit/invest,uniform_high_overlap,7,test,iid,ridge_return_train_only,0.11949838962962965
0.010908798400000017,0.010908798399999994,0.010908798400000001,,inf,0.0,0.0,1.0,0.011030007352941176,0.15709526470588234,136,200,0,monthly_beme_op,monthly size/profit/invest,uniform_high_overlap,7,test,block,constant_a000,0.11949838962962965
0.012022479952941202,-0.07243698396705892,0.07798719215058827,0.1555,0.1555,7.0,26.0,0.9485294117647058,0.023444860294117645,0.12699891176470587,136,0,2,monthly_beme_op,monthly size/profit/invest,uniform_high_overlap,7,test,block,constant_a001,0.11949838962962965
0.03665212701176473,-0.028282335415294103,0.13903764324705864,0.036126,0.036126,7.0,26.0,0.9485294117647058,0.013153823529411765,0.13322823529411765,136,0,2,monthly_beme_op,monthly size/profit/invest,uniform_high_overlap,7,test,block,constant_a002,0.11949838962962965
0.042097825788235316,-0.01954553628235294,0.11958975581176459,0.068741,inf,3.0,26.0,0.9779411764705882,0.015877375,0.11909723529411764,136,11,1,monthly_beme_op,monthly size/profit/invest,uniform_high_overlap,7,test,block,constant_a003,0.11949838962962965
0.06307118583529396,0.011262122111764722,0.12610407418000003,0.019243,0.019243000000000003,7.0,26.0,0.9485294117647058,0.012729867647058824,0.08378829411764706,136,0,2,monthly_beme_op,monthly size/profit/invest,uniform_high_overlap,7,test,block,constant_a004,0.11949838962962965
0.1074882081411765,0.010908798399999997,0.28845403099411765,-0.074759,inf,3.0,26.0,0.9779411764705882,0.010292911764705884,0.1313721176470588,136,14,1,monthly_beme_op,monthly size/profit/invest,uniform_high_overlap,7,test,block,constant_a005,0.11949838962962965
0.040686217270588264,0.01150023078470588,0.08495970133823515,-0.011692000000000001,-0.011692000000000001,4.0,26.0,0.9705882352941176,0.007293139705882353,0.09094320588235294,136,0,1,monthly_beme_op,monthly size/profit/invest,uniform_high_overlap,7,test,block,constant_a006,0.11949838962962965
-0.014083470352941153,-0.06400225730764703,0.023997401934117677,0.08122299999999999,0.08122299999999999,6.0,26.0,0.9558823529411765,0.011329838235294118,0.09501655882352941,136,1,2,monthly_beme_op,monthly size/profit/invest,uniform_high_overlap,7,test,block,constant_a007,0.11949838962962965
-0.03177696679999997,-0.06823871623411762,-0.0009158665529411789,0.055585999999999997,0.05558600000000001,8.0,26.0,0.9411764705882353,0.011474867647058825,0.08307823529411763,136,0,2,monthly_beme_op,monthly size/profit/invest,uniform_high_overlap,7,test,block,constant_a008,0.11949838962962965
0.027613359670968503,-0.043158084687608476,0.07974025590634581,0.05378,0.05378,6.0,26.0,0.9558823529411765,0.010274257352941176,0.0984035294117647,136,1,2,monthly_beme_op,monthly size/profit/invest,uniform_high_overlap,7,test,block,constant_a009,0.11949838962962965
0.021475619905882374,-0.0024038892235294152,0.05049515088176472,0.023909,inf,3.0,26.0,0.9779411764705882,0.009373007352941174,0.11470952941176471,136,14,1,monthly_beme_op,monthly size/profit/invest,uniform_high_overlap,7,test,block,constant_a010,0.11949838962962965
0.008491143741176474,-0.014974077037058822,0.031895923152941194,0.038592,0.038592,4.0,26.0,0.9705882352941176,0.011024213235294116,0.1011819117647059,136,5,1,monthly_beme_op,monthly size/profit/invest,uniform_high_overlap,7,test,block,constant_a011,0.11949838962962965
-0.0016807441882352896,-0.03086172444294116,0.019192590494117652,0.040826,0.040826,5.0,26.0,0.9632352941176471,0.008815691176470589,0.10376441176470588,136,2,2,monthly_beme_op,monthly size/profit/invest,uniform_high_overlap,7,test,block,constant_a012,0.11949838962962965
0.04022812143529413,0.008354302162352938,0.08444222223705876,0.016215,0.016215,8.0,26.0,0.9411764705882353,0.009981808823529413,0.11502073529411763,136,0,2,monthly_beme_op,monthly size/profit/invest,uniform_high_overlap,7,test,block,constant_a013,0.11949838962962965
0.008476193435294115,-0.009167697802941176,0.028772290800000003,0.015707,inf,3.0,26.0,0.9779411764705882,0.005425272058823529,0.15093029411764705,136,14,1,monthly_beme_op,monthly size/profit/invest,uniform_high_overlap,7,test,block,constant_a014,0.11949838962962965
0.006255373458823545,-0.02723487668058822,0.041409851694705894,0.044961999999999995,0.044962,5.0,26.0,0.9632352941176471,0.01077013970588235,0.10116476470588236,136,2,2,monthly_beme_op,monthly size/profit/invest,uniform_high_overlap,7,test,block,constant_a015,0.11949838962962965
0.035284029647058845,0.008914278523529408,0.07065913951647061,0.003733,0.0037330000000000006,6.0,26.0,0.9558823529411765,0.008198404411764707,0.11871282352941175,136,0,2,monthly_beme_op,monthly size/profit/invest,uniform_high_overlap,7,test,block,constant_a016,0.11949838962962965
-0.024367157976470568,-0.07997669598647059,0.02272419312176473,0.12575,0.12575,8.0,26.0,0.9411764705882353,0.010214404411764706,0.12240526470588234,136,0,2,monthly_beme_op,monthly size/profit/invest,uniform_high_overlap,7,test,block,constant_a017,0.11949838962962965
-0.004323683341176454,-0.038870072330588215,0.010908798400000001,0.039502999999999996,inf,2.0,26.0,0.9852941176470589,0.01078397794117647,0.1249915882352941,136,54,1,monthly_beme_op,monthly size/profit/invest,uniform_high_overlap,7,test,block,constant_a018,0.11949838962962965
-0.0345311706588235,-0.08248802061588233,0.0038982380441176497,0.07589800000000001,0.07589800000000001,5.0,26.0,0.9632352941176471,0.004148029411764705,0.16689767647058826,136,0,2,monthly_beme_op,monthly size/profit/invest,uniform_high_overlap,7,test,block,constant_a019,0.11949838962962965
-0.005985387694117618,-0.09217050059647063,0.08126433698411753,0.132271,0.132271,7.0,26.0,0.9485294117647058,0.01308618382352941,0.1459555588235294,136,0,2,monthly_beme_op,monthly size/profit/invest,uniform_high_overlap,7,test,block,constant_a020,0.11949838962962965
0.04548818938823533,-0.00398116500764703,0.10514555323529412,0.048767000000000005,0.048767000000000005,9.0,26.0,0.9338235294117647,0.011047073529411767,0.14904241176470587,136,0,2,monthly_beme_op,monthly size/profit/invest,uniform_high_overlap,7,test,block,constant_a021,0.11949838962962965
-0.014551673626672527,-0.12353041666030205,0.07796820279886164,0.037853,0.037853,5.0,26.0,0.9632352941176471,0.01314758823529412,0.13828129411764706,136,0,2,monthly_beme_op,monthly size/profit/invest,uniform_high_overlap,7,test,block,constant_a022,0.11949838962962965
-0.04637183799999998,-0.15692694685823527,0.024411055204705892,0.24703499999999998,0.24703499999999998,6.0,26.0,0.9558823529411765,0.014868257352941176,0.13557679411764706,136,1,2,monthly_beme_op,monthly size/profit/invest,uniform_high_overlap,7,test,block,constant_a023,0.11949838962962965
-0.041169570175370616,-0.08001931072986979,-0.008730613265554518,0.087718,0.087718,4.0,26.0,0.9705882352941176,0.004658558823529411,0.22838226470588233,136,1,1,monthly_beme_op,monthly size/profit/invest,uniform_high_overlap,7,test,block,constant_a024,0.11949838962962965
0.011753631694117665,-0.01597511704647058,0.040403014251176504,0.04819771999999999,0.04819772,5.0,26.0,0.9632352941176471,0.010897742352941178,0.10712653647058824,136,1,2,monthly_beme_op,monthly size/profit/invest,uniform_high_overlap,7,test,block,constant_equal_weight_public,0.11949838962962965
-0.0008095992631773664,-0.07869790361591247,0.07152917764776104,0.132271,0.132271,6.0,26.0,0.9558823529411765,0.016952595588235295,0.14063335294117646,136,0,2,monthly_beme_op,monthly size/profit/invest,uniform_high_overlap,7,test,block,momentum_12,0.11949838962962965
0.08995273366942634,0.030800650817073675,0.1579590005825099,0.003733,0.0037330000000000006,8.0,26.0,0.9411764705882353,0.00962212588235294,0.0925010588235294,136,0,2,monthly_beme_op,monthly size/profit/invest,uniform_high_overlap,7,test,block,low_vol_12,0.11949838962962965
0.004800267638964099,-0.07505506824747742,0.08286746400717103,0.132271,0.132271,7.0,26.0,0.9485294117647058,0.018501286764705884,0.10194055882352941,136,0,2,monthly_beme_op,monthly size/profit/invest,uniform_high_overlap,7,test,block,risk_adjusted_12,0.11949838962962965
0.017637747520091916,-0.08248733920704995,0.09801831449325693,0.026045,0.026045,4.0,26.0,0.9705882352941176,0.01046848529411765,0.14747552941176473,136,7,1,monthly_beme_op,monthly size/profit/invest,uniform_high_overlap,7,test,block,ridge_return_train_only,0.11949838962962965
-0.00023168893168723606,-0.049589505975308694,0.039228660691358004,0.07238,inf,2.0,26.0,0.9814814814814815,0.009011361111111112,0.15419533333333332,108,22,1,monthly_beme_op,monthly size/profit/invest,uniform_high_overlap,17,calibration,iid,constant_a000,0.11949838962962965
-0.004449495144373682,-0.025684839524109857,0.016787694768647995,0.038365,0.038365,4.0,26.0,0.962962962962963,0.005691944444444445,0.1491787037037037,108,5,1,monthly_beme_op,monthly size/profit/invest,uniform_high_overlap,17,calibration,iid,constant_a001,0.11949838962962965
-0.01786487857448556,-0.12039838864337449,0.05023407817251023,0.13355,0.13355,4.0,26.0,0.962962962962963,0.009587805555555553,0.13425677777777775,108,2,1,monthly_beme_op,monthly size/profit/invest,uniform_high_overlap,17,calibration,iid,constant_a002,0.11949838962962965
-0.0029724156115226055,-0.04724068668757207,0.026350372505514433,0.064994,0.064994,4.0,26.0,0.962962962962963,0.007711083333333333,0.09189985185185184,108,4,1,monthly_beme_op,monthly size/profit/invest,uniform_high_overlap,17,calibration,iid,constant_a003,0.11949838962962965
0.025066514668003585,-0.025929248795473724,0.10141719060865671,0.008631,0.008631,7.0,26.0,0.9351851851851852,0.008999,0.09132614814814814,108,0,2,monthly_beme_op,monthly size/profit/invest,uniform_high_overlap,17,calibration,iid,constant_a004,0.11949838962962965
0.004477922179423873,-0.004075677099588471,0.009665778488888903,0.004315,inf,2.0,26.0,0.9814814814814815,0.007037601851851851,0.14897285185185186,108,28,1,monthly_beme_op,monthly size/profit/invest,uniform_high_overlap,17,calibration,iid,constant_a005,0.11949838962962965
0.002432214018107029,-0.044176838124691475,0.04842192330765424,0.065706,0.065706,4.0,26.0,0.962962962962963,0.008633907407407406,0.12433974074074074,108,4,1,monthly_beme_op,monthly size/profit/invest,uniform_high_overlap,17,calibration,iid,constant_a006,0.11949838962962965
0.021192899203292214,-0.02812228966765432,0.08697078586337449,0.044974999999999994,0.044974999999999994,4.0,26.0,0.962962962962963,0.008959064814814816,0.10838277777777777,108,2,1,monthly_beme_op,monthly size/profit/invest,uniform_high_overlap,17,calibration,iid,constant_a007,0.11949838962962965
-0.0026394178403291715,-0.04463761507004115,0.03279082344938274,0.034394999999999995,0.034394999999999995,5.0,26.0,0.9537037037037037,0.008833333333333334,0.10437133333333333,108,2,2,monthly_beme_op,monthly size/profit/invest,uniform_high_overlap,17,calibration,iid,constant_a008,0.11949838962962965
0.02658939255910708,0.0038606695111218186,0.05487411385698999,0.004088999999999999,0.004089,3.0,26.0,0.9722222222222222,0.008357185185185186,0.10816214814814815,108,9,1,monthly_beme_op,monthly size/profit/invest,uniform_high_overlap,17,calibration,iid,constant_a009,0.11949838962962965
0.013300267344855995,-0.014629127420823012,0.039212888319917705,0.026853999999999996,0.026854,5.0,26.0,0.9537037037037037,0.006952916666666668,0.1526792962962963,108,1,2,monthly_beme_op,monthly size/profit/invest,uniform_high_overlap,17,calibration,iid,constant_a010,0.11949838962962965
0.01093266292016464,0.0096657784888889,0.01330254367802472,-0.010364,inf,2.0,26.0,0.9814814814814815,0.008470018518518517,0.11324855555555556,108,24,1,monthly_beme_op,monthly size/profit/invest,uniform_high_overlap,17,calibration,iid,constant_a011,0.11949838962962965
0.029155827358024716,0.009665778488888901,0.058048005856790014,-0.022347000000000002,inf,3.0,26.0,0.9722222222222222,0.007643851851851852,0.12476462962962963,108,11,1,monthly_beme_op,monthly size/profit/invest,uniform_high_overlap,17,calibration,iid,constant_a012,0.11949838962962965
0.03242952660411526,0.009665778488888898,0.06705873114510282,-0.0066630000000000005,-0.006663,5.0,26.0,0.9537037037037037,0.008225361111111112,0.10516055555555555,108,3,2,monthly_beme_op,monthly size/profit/invest,uniform_high_overlap,17,calibration,iid,constant_a013,0.11949838962962965
0.05365287249813306,-0.021315189016706263,0.1588281186042499,-0.019372,-0.019371999999999997,4.0,26.0,0.962962962962963,0.01212915740740741,0.12042751851851852,108,3,1,monthly_beme_op,monthly size/profit/invest,uniform_high_overlap,17,calibration,iid,constant_a014,0.11949838962962965
-0.013840308958024657,-0.07971322602148154,0.03049682131407412,0.10885500000000001,0.10885500000000001,6.0,26.0,0.9444444444444444,0.004571592592592592,0.18182740740740738,108,0,2,monthly_beme_op,monthly size/profit/invest,uniform_high_overlap,17,calibration,iid,constant_a015,0.11949838962962965
-0.002784878574485553,-0.07559290194551431,0.06890653572164607,0.079447,0.07944700000000002,4.0,26.0,0.962962962962963,0.005576574074074074,0.15014825925925926,108,2,1,monthly_beme_op,monthly size/profit/invest,uniform_high_overlap,17,calibration,iid,constant_a016,0.11949838962962965
0.007937544569400807,-0.05165396158183103,0.06838696848842356,-0.010035,-0.010035,4.0,26.0,0.962962962962963,0.007114703703703705,0.1573044814814815,108,0,1,monthly_beme_op,monthly size/profit/invest,uniform_high_overlap,17,calibration,iid,constant_a017,0.11949838962962965
0.022117637715226384,-0.01232010240847733,0.07244660236773659,0.043695000000000005,0.043695000000000005,5.0,26.0,0.9537037037037037,0.002282416666666666,0.17135685185185184,108,2,2,monthly_beme_op,monthly size/profit/invest,uniform_high_overlap,17,calibration,iid,constant_a018,0.11949838962962965
0.036681730307818884,-0.005793751654567875,0.08881908675637859,0.022349,0.022349,5.0,26.0,0.9537037037037037,0.010592287037037039,0.19485992592592594,108,0,2,monthly_beme_op,monthly size/profit/invest,uniform_high_overlap,17,calibration,iid,constant_a019,0.11949838962962965
0.034558156233744905,0.0068557654447736665,0.06953733881316869,0.0018360000000000004,0.0018360000000000004,5.0,26.0,0.9537037037037037,0.005733851851851852,0.16194114814814817,108,2,2,monthly_beme_op,monthly size/profit/invest,uniform_high_overlap,17,calibration,iid,constant_a020,0.11949838962962965
-0.052759714136625696,-0.13861141874345678,0.022677343222551476,0.140098,0.140098,5.0,26.0,0.9537037037037037,0.004910851851851851,0.14231881481481481,108,1,2,monthly_beme_op,monthly size/profit/invest,uniform_high_overlap,17,calibration,iid,constant_a021,0.11949838962962965
-0.009470971167078136,-0.0779078694087243,0.03812260059218111,0.081481,0.081481,4.0,26.0,0.962962962962963,0.0070512870370370365,0.17373688888888889,108,4,1,monthly_beme_op,monthly size/profit/invest,uniform_high_overlap,17,calibration,iid,constant_a022,0.11949838962962965
0.014579456987654171,-0.10486034376625507,0.1355496725234566,0.171885,inf,3.0,26.0,0.9722222222222222,0.01687215740740741,0.16973874074074072,108,16,1,monthly_beme_op,monthly size/profit/invest,uniform_high_overlap,17,calibration,iid,constant_a023,0.11949838962962965
-0.19891243963072205,-0.5645578420601274,-0.007332118518454758,0.367737,0.367737,4.0,26.0,0.962962962962963,0.020826731481481484,0.17694474074074074,108,1,1,monthly_beme_op,monthly size/profit/invest,uniform_high_overlap,17,calibration,iid,constant_a024,0.11949838962962965
-0.015377761372991938,-0.06966481908531835,0.05598522179685977,0.044219720000000004,0.044219720000000004,5.0,26.0,0.9537037037037037,0.008471041851851852,0.11949838962962965,108,0,2,monthly_beme_op,monthly size/profit/invest,uniform_high_overlap,17,calibration,iid,constant_equal_weight_public,0.11949838962962965
-0.00860659622377835,-0.07794382113869124,0.06619977383581449,-0.002097,-0.002097,3.0,26.0,0.9722222222222222,0.010304194444444444,0.15110244444444446,108,8,1,monthly_beme_op,monthly size/profit/invest,uniform_high_overlap,17,calibration,iid,momentum_12,0.11949838962962965
-0.026383769883068005,-0.09560372350778752,0.03260243644935577,0.065706,0.065706,5.0,26.0,0.9537037037037037,0.009455527777777776,0.09748044444444444,108,3,2,monthly_beme_op,monthly size/profit/invest,uniform_high_overlap,17,calibration,iid,low_vol_12,0.11949838962962965
-0.023267128180596754,-0.0967958108241265,0.05762674545856254,0.065706,0.065706,3.0,26.0,0.9722222222222222,0.009305453703703703,0.14096814814814815,108,9,1,monthly_beme_op,monthly size/profit/invest,uniform_high_overlap,17,calibration,iid,risk_adjusted_12,0.11949838962962965
-0.1293452144280549,-0.48896787842625367,0.06759316917491308,0.367737,0.367737,4.0,26.0,0.962962962962963,0.007275476296296298,0.15927655259259257,108,3,1,monthly_beme_op,monthly size/profit/invest,uniform_high_overlap,17,calibration,iid,ridge_return_train_only,0.11949838962962965
-0.00023168893168723606,-0.04958950597530867,0.039228660691358004,0.07238,inf,2.0,26.0,0.9814814814814815,0.009011361111111112,0.15419533333333332,108,27,1,monthly_beme_op,monthly size/profit/invest,uniform_high_overlap,17,calibration,block,constant_a000,0.11949838962962965
-0.004449495144373682,-0.022532131926382995,0.021255202029448687,0.038365,0.038365,4.0,26.0,0.962962962962963,0.005691944444444445,0.1491787037037037,108,1,1,monthly_beme_op,monthly size/profit/invest,uniform_high_overlap,17,calibration,block,constant_a001,0.11949838962962965
-0.01786487857448556,-0.12147217676041154,0.05033129998748971,0.13355,0.13355,4.0,26.0,0.962962962962963,0.009587805555555553,0.13425677777777775,108,4,1,monthly_beme_op,monthly size/profit/invest,uniform_high_overlap,17,calibration,block,constant_a002,0.11949838962962965
-0.0029724156115226055,-0.05423895933497945,0.0219750125432099,0.064994,0.064994,4.0,26.0,0.962962962962963,0.007711083333333333,0.09189985185185184,108,6,1,monthly_beme_op,monthly size/profit/invest,uniform_high_overlap,17,calibration,block,constant_a003,0.11949838962962965
0.025066514668003585,-0.02644833668018514,0.08444942938984402,0.008631,0.008631,7.0,26.0,0.9351851851851852,0.008999,0.09132614814814814,108,0,2,monthly_beme_op,monthly size/profit/invest,uniform_high_overlap,17,calibration,block,constant_a004,0.11949838962962965
0.004477922179423873,-0.0025320474699588457,0.009665778488888901,0.004315,inf,2.0,26.0,0.9814814814814815,0.007037601851851851,0.14897285185185186,108,19,1,monthly_beme_op,monthly size/profit/invest,uniform_high_overlap,17,calibration,block,constant_a005,0.11949838962962965
0.002432214018107029,-0.04597269784691355,0.04484158621489711,0.065706,0.065706,4.0,26.0,0.962962962962963,0.008633907407407406,0.12433974074074074,108,4,1,monthly_beme_op,monthly size/profit/invest,uniform_high_overlap,17,calibration,block,constant_a006,0.11949838962962965
0.021192899203292214,-0.021470399321810652,0.07538499159094647,0.044974999999999994,0.044974999999999994,4.0,26.0,0.962962962962963,0.008959064814814816,0.10838277777777777,108,5,1,monthly_beme_op,monthly size/profit/invest,uniform_high_overlap,17,calibration,block,constant_a007,0.11949838962962965
-0.0026394178403291715,-0.0398573253288889,0.033753258955802494,0.034394999999999995,0.034394999999999995,5.0,26.0,0.9537037037037037,0.008833333333333334,0.10437133333333333,108,0,2,monthly_beme_op,monthly size/profit/invest,uniform_high_overlap,17,calibration,block,constant_a008,0.11949838962962965
0.02658939255910708,-0.0016538595217475555,0.05793326765439232,0.004088999999999999,0.004089,3.0,26.0,0.9722222222222222,0.008357185185185186,0.10816214814814815,108,9,1,monthly_beme_op,monthly size/profit/invest,uniform_high_overlap,17,calibration,block,constant_a009,0.11949838962962965
0.013300267344855995,-0.01661840362534976,0.04117311545522635,0.026853999999999996,0.026854,5.0,26.0,0.9537037037037037,0.006952916666666668,0.1526792962962963,108,2,2,monthly_beme_op,monthly size/profit/invest,uniform_high_overlap,17,calibration,block,constant_a010,0.11949838962962965
0.01093266292016464,0.0096657784888889,0.01330254367802472,-0.010364,inf,2.0,26.0,0.9814814814814815,0.008470018518518517,0.11324855555555556,108,21,1,monthly_beme_op,monthly size/profit/invest,uniform_high_overlap,17,calibration,block,constant_a011,0.11949838962962965
0.029155827358024716,0.009665778488888903,0.05948584364773656,-0.022347000000000002,-0.022347000000000002,3.0,26.0,0.9722222222222222,0.007643851851851852,0.12476462962962963,108,6,1,monthly_beme_op,monthly size/profit/invest,uniform_high_overlap,17,calibration,block,constant_a012,0.11949838962962965
0.03242952660411526,0.00947961835193416,0.06587221751687238,-0.0066630000000000005,-0.006663,5.0,26.0,0.9537037037037037,0.008225361111111112,0.10516055555555555,108,2,2,monthly_beme_op,monthly size/profit/invest,uniform_high_overlap,17,calibration,block,constant_a013,0.11949838962962965
0.05365287249813306,-0.018508873282038374,0.15597855014687304,-0.019372,-0.019371999999999997,4.0,26.0,0.962962962962963,0.01212915740740741,0.12042751851851852,108,0,1,monthly_beme_op,monthly size/profit/invest,uniform_high_overlap,17,calibration,block,constant_a014,0.11949838962962965
-0.013840308958024657,-0.08625282169325106,0.031207342203127614,0.10885500000000001,0.10885500000000001,6.0,26.0,0.9444444444444444,0.004571592592592592,0.18182740740740738,108,1,2,monthly_beme_op,monthly size/profit/invest,uniform_high_overlap,17,calibration,block,constant_a015,0.11949838962962965
-0.002784878574485553,-0.08228253107629625,0.07383767611572016,0.079447,0.07944700000000002,4.0,26.0,0.962962962962963,0.005576574074074074,0.15014825925925926,108,0,1,monthly_beme_op,monthly size/profit/invest,uniform_high_overlap,17,calibration,block,constant_a016,0.11949838962962965
0.007937544569400807,-0.060445638839203716,0.0650276833136851,-0.010035,-0.010035,4.0,26.0,0.962962962962963,0.007114703703703705,0.1573044814814815,108,2,1,monthly_beme_op,monthly size/profit/invest,uniform_high_overlap,17,calibration,block,constant_a017,0.11949838962962965
0.022117637715226384,-0.015017917883703673,0.066126718109218,0.043695000000000005,0.043695000000000005,5.0,26.0,0.9537037037037037,0.002282416666666666,0.17135685185185184,108,1,2,monthly_beme_op,monthly size/profit/invest,uniform_high_overlap,17,calibration,block,constant_a018,0.11949838962962965
0.036681730307818884,-0.008543006729218075,0.09821791942444448,0.022349,0.022349,5.0,26.0,0.9537037037037037,0.010592287037037039,0.19485992592592594,108,2,2,monthly_beme_op,monthly size/profit/invest,uniform_high_overlap,17,calibration,block,constant_a019,0.11949838962962965
0.034558156233744905,0.009569710048888899,0.07672173765201643,0.0018360000000000004,0.0018360000000000004,5.0,26.0,0.9537037037037037,0.005733851851851852,0.16194114814814817,108,2,2,monthly_beme_op,monthly size/profit/invest,uniform_high_overlap,17,calibration,block,constant_a020,0.11949838962962965
-0.052759714136625696,-0.1589461829158025,0.023590392091687278,0.140098,0.140098,5.0,26.0,0.9537037037037037,0.004910851851851851,0.14231881481481481,108,0,2,monthly_beme_op,monthly size/profit/invest,uniform_high_overlap,17,calibration,block,constant_a021,0.11949838962962965
-0.009470971167078136,-0.06869313872938272,0.04040147952362138,0.081481,0.081481,4.0,26.0,0.962962962962963,0.0070512870370370365,0.17373688888888889,108,1,1,monthly_beme_op,monthly size/profit/invest,uniform_high_overlap,17,calibration,block,constant_a022,0.11949838962962965
0.014579456987654171,-0.0815166374822223,0.13084341758008247,0.171885,0.171885,3.0,26.0,0.9722222222222222,0.01687215740740741,0.16973874074074072,108,6,1,monthly_beme_op,monthly size/profit/invest,uniform_high_overlap,17,calibration,block,constant_a023,0.11949838962962965
-0.19891243963072205,-0.504520850944454,-0.016346314212664144,0.367737,0.367737,4.0,26.0,0.962962962962963,0.020826731481481484,0.17694474074074074,108,5,1,monthly_beme_op,monthly size/profit/invest,uniform_high_overlap,17,calibration,block,constant_a024,0.11949838962962965
-0.015377761372991938,-0.08480367352812615,0.06421220466507964,0.044219720000000004,0.044219720000000004,5.0,26.0,0.9537037037037037,0.008471041851851852,0.11949838962962965,108,2,2,monthly_beme_op,monthly size/profit/invest,uniform_high_overlap,17,calibration,block,constant_equal_weight_public,0.11949838962962965
-0.00860659622377835,-0.0741534602808764,0.038717799178025404,-0.002097,-0.002097,3.0,26.0,0.9722222222222222,0.010304194444444444,0.15110244444444446,108,2,1,monthly_beme_op,monthly size/profit/invest,uniform_high_overlap,17,calibration,block,momentum_12,0.11949838962962965
-0.026383769883068005,-0.09938142549929979,0.03624363337558275,0.065706,0.065706,5.0,26.0,0.9537037037037037,0.009455527777777776,0.09748044444444444,108,2,2,monthly_beme_op,monthly size/profit/invest,uniform_high_overlap,17,calibration,block,low_vol_12,0.11949838962962965
-0.023267128180596754,-0.09339001614801762,0.031085374250812776,0.065706,0.065706,3.0,26.0,0.9722222222222222,0.009305453703703703,0.14096814814814815,108,9,1,monthly_beme_op,monthly size/profit/invest,uniform_high_overlap,17,calibration,block,risk_adjusted_12,0.11949838962962965
-0.1293452144280549,-0.4476732461907442,0.062136353858850496,0.367737,0.367737,4.0,26.0,0.962962962962963,0.007275476296296298,0.15927655259259257,108,3,1,monthly_beme_op,monthly size/profit/invest,uniform_high_overlap,17,calibration,block,ridge_return_train_only,0.11949838962962965
0.004707148452287625,-0.03271254515516342,0.03379253728627453,0.07003999999999999,0.07003999999999999,7.0,26.0,0.9485294117647058,0.011030007352941176,0.15709526470588234,136,1,2,monthly_beme_op,monthly size/profit/invest,uniform_high_overlap,17,test,iid,constant_a000,0.11949838962962965
-0.054536537842741914,-0.1832494366747847,0.13630103534400415,0.010819,inf,2.0,26.0,0.9852941176470589,0.023444860294117645,0.12699891176470587,136,23,1,monthly_beme_op,monthly size/profit/invest,uniform_high_overlap,17,test,iid,constant_a001,0.11949838962962965
-0.016070399205228715,-0.08205158842111109,0.04822115575503268,0.09345700000000001,0.09345700000000001,9.0,26.0,0.9338235294117647,0.013153823529411765,0.13322823529411765,136,0,2,monthly_beme_op,monthly size/profit/invest,uniform_high_overlap,17,test,iid,constant_a002,0.11949838962962965
0.019974034345098094,-0.02144864469901959,0.059776888427516287,0.068741,0.068741,5.0,26.0,0.9632352941176471,0.015877375,0.11909723529411764,136,1,2,monthly_beme_op,monthly size/profit/invest,uniform_high_overlap,17,test,iid,constant_a003,0.11949838962962965
0.1575502387839957,-0.003297249077682099,0.3332735411438005,0.052497999999999996,0.052497999999999996,12.0,26.0,0.9117647058823529,0.012729867647058824,0.08378829411764706,136,0,3,monthly_beme_op,monthly size/profit/invest,uniform_high_overlap,17,test,iid,constant_a004,0.11949838962962965
0.009665778488888922,0.009665778488888893,0.009665778488888898,,inf,0.0,0.0,1.0,0.010292911764705884,0.1313721176470588,136,200,0,monthly_beme_op,monthly size/profit/invest,uniform_high_overlap,17,test,iid,constant_a005,0.11949838962962965
0.031823619040522826,-0.029299193361176454,0.10615257899490194,0.083941,0.08394100000000002,7.0,26.0,0.9485294117647058,0.007293139705882353,0.09094320588235294,136,0,2,monthly_beme_op,monthly size/profit/invest,uniform_high_overlap,17,test,iid,constant_a006,0.11949838962962965
0.0031945820026143983,-0.0409744050614379,0.03607290523267978,0.092834,0.092834,3.0,26.0,0.9779411764705882,0.011329838235294118,0.09501655882352941,136,8,1,monthly_beme_op,monthly size/profit/invest,uniform_high_overlap,17,test,iid,constant_a007,0.11949838962962965
0.004216080232679767,-0.04191412066535949,0.04110130523267976,0.075153,0.075153,4.0,26.0,0.9705882352941176,0.011474867647058825,0.08307823529411763,136,1,1,monthly_beme_op,monthly size/profit/invest,uniform_high_overlap,17,test,iid,constant_a008,0.11949838962962965
0.0033312258553938605,-0.03191076105197369,0.02166086380207953,-0.0025900000000000003,inf,2.0,26.0,0.9852941176470589,0.010274257352941176,0.0984035294117647,136,21,1,monthly_beme_op,monthly size/profit/invest,uniform_high_overlap,17,test,iid,constant_a009,0.11949838962962965
0.0018228908261438024,-0.017168469174575138,0.020037186713725508,0.02734,inf,3.0,26.0,0.9779411764705882,0.009373007352941174,0.11470952941176471,136,10,1,monthly_beme_op,monthly size/profit/invest,uniform_high_overlap,17,test,iid,constant_a010,0.11949838962962965
0.013642949649673239,0.004787845772156866,0.02344870320764709,0.002988,inf,3.0,26.0,0.9779411764705882,0.011024213235294116,0.1011819117647059,136,11,1,monthly_beme_op,monthly size/profit/invest,uniform_high_overlap,17,test,iid,constant_a011,0.11949838962962965
0.03492877140915035,0.009665778488888896,0.06604260883490196,-0.008905,-0.008905,4.0,26.0,0.9705882352941176,0.008815691176470589,0.10376441176470588,136,4,1,monthly_beme_op,monthly size/profit/invest,uniform_high_overlap,17,test,iid,constant_a012,0.11949838962962965
-0.03192821156862757,-0.10257025552562091,0.03537228381470585,0.095001,0.095001,11.0,26.0,0.9191176470588235,0.009981808823529413,0.11502073529411763,136,0,3,monthly_beme_op,monthly size/profit/invest,uniform_high_overlap,17,test,iid,constant_a013,0.11949838962962965
0.022441782252589044,-0.055226782053405976,0.10598375721986919,0.085502,0.08550200000000001,5.0,26.0,0.9632352941176471,0.005425272058823529,0.15093029411764705,136,0,2,monthly_beme_op,monthly size/profit/invest,uniform_high_overlap,17,test,iid,constant_a014,0.11949838962962965
0.0015372513934640772,-0.04595831155287582,0.052183482858169886,0.094856,0.09485600000000001,7.0,26.0,0.9485294117647058,0.01077013970588235,0.10116476470588236,136,0,2,monthly_beme_op,monthly size/profit/invest,uniform_high_overlap,17,test,iid,constant_a015,0.11949838962962965
0.026184146682352985,-0.02220684090614377,0.08514397228490193,0.05792,0.05792,8.0,26.0,0.9411764705882353,0.008198404411764707,0.11871282352941175,136,0,2,monthly_beme_op,monthly size/profit/invest,uniform_high_overlap,17,test,iid,constant_a016,0.11949838962962965
0.0047848179987446384,-0.09122428586315316,0.07570472222830918,0.090328,0.090328,9.0,26.0,0.9338235294117647,0.010214404411764706,0.12240526470588234,136,0,2,monthly_beme_op,monthly size/profit/invest,uniform_high_overlap,17,test,iid,constant_a017,0.11949838962962965
0.02250145141960788,0.009665778488888895,0.04789819312437907,-0.011139,inf,2.0,26.0,0.9852941176470589,0.01078397794117647,0.1249915882352941,136,31,1,monthly_beme_op,monthly size/profit/invest,uniform_high_overlap,17,test,iid,constant_a018,0.11949838962962965
0.01702991669803925,0.0025267346203921635,0.033072760261241854,0.012113,0.012113,5.0,26.0,0.9632352941176471,0.004148029411764705,0.16689767647058826,136,1,2,monthly_beme_op,monthly size/profit/invest,uniform_high_overlap,17,test,iid,constant_a019,0.11949838962962965
0.03291829551111106,-0.02597914059254901,0.10652221008424839,0.074445,0.074445,7.0,26.0,0.9485294117647058,0.01308618382352941,0.1459555588235294,136,0,2,monthly_beme_op,monthly size/profit/invest,uniform_high_overlap,17,test,iid,constant_a020,0.11949838962962965
0.04326918494379069,0.009665778488888895,0.11441902106555565,-0.017407,inf,3.0,26.0,0.9779411764705882,0.011047073529411767,0.14904241176470587,136,10,1,monthly_beme_op,monthly size/profit/invest,uniform_high_overlap,17,test,iid,constant_a021,0.11949838962962965
0.005236729061437947,-0.023916959561699314,0.04228861175202615,0.047776,0.047776,3.0,26.0,0.9779411764705882,0.01314758823529412,0.13828129411764706,136,7,1,monthly_beme_op,monthly size/profit/invest,uniform_high_overlap,17,test,iid,constant_a022,0.11949838962962965
0.01996766138823532,-0.02543833726947709,0.06822691138823533,0.036301,0.036301,8.0,26.0,0.9411764705882353,0.014868257352941176,0.13557679411764706,136,0,2,monthly_beme_op,monthly size/profit/invest,uniform_high_overlap,17,test,iid,constant_a023,0.11949838962962965
0.02633703211072218,-0.0627385846057917,0.0952690798520725,0.053596000000000005,0.053596000000000005,4.0,26.0,0.9705882352941176,0.004658558823529411,0.22838226470588233,136,4,1,monthly_beme_op,monthly size/profit/invest,uniform_high_overlap,17,test,iid,constant_a024,0.11949838962962965
0.0007909234730607189,-0.058761766144803926,0.03559495032730751,-0.012878879999999999,inf,3.0,26.0,0.9779411764705882,0.010897742352941178,0.10712653647058824,136,10,1,monthly_beme_op,monthly size/profit/invest,uniform_high_overlap,17,test,iid,constant_equal_weight_public,0.11949838962962965
-0.014156985135188238,-0.10507375941661663,0.13726623806326024,0.047964,0.047964,4.0,26.0,0.9705882352941176,0.016952595588235295,0.14063335294117646,136,3,1,monthly_beme_op,monthly size/profit/invest,uniform_high_overlap,17,test,iid,momentum_12,0.11949838962962965
0.0893847067863259,0.028759710254232927,0.17927645411843127,0.044089,0.044089,8.0,26.0,0.9411764705882353,0.00962212588235294,0.0925010588235294,136,0,2,monthly_beme_op,monthly size/profit/invest,uniform_high_overlap,17,test,iid,low_vol_12,0.11949838962962965
-0.08368221004139399,-0.132049511484454,-0.04821027080590433,0.075153,0.075153,6.0,26.0,0.9558823529411765,0.018501286764705884,0.10194055882352941,136,1,2,monthly_beme_op,monthly size/profit/invest,uniform_high_overlap,17,test,iid,risk_adjusted_12,0.11949838962962965
0.02787764250399939,-0.0582313157320601,0.11064147475248783,0.053596000000000005,0.053596000000000005,6.0,26.0,0.9558823529411765,0.00970957764705882,0.16536573529411766,136,1,2,monthly_beme_op,monthly size/profit/invest,uniform_high_overlap,17,test,iid,ridge_return_train_only,0.11949838962962965
0.004707148452287625,-0.036869860851437945,0.044613110118692775,0.07003999999999999,0.07003999999999999,7.0,26.0,0.9485294117647058,0.011030007352941176,0.15709526470588234,136,0,2,monthly_beme_op,monthly size/profit/invest,uniform_high_overlap,17,test,block,constant_a000,0.11949838962962965
-0.054536537842741914,-0.18850389890628777,0.12993647607597847,0.010819,inf,2.0,26.0,0.9852941176470589,0.023444860294117645,0.12699891176470587,136,30,1,monthly_beme_op,monthly size/profit/invest,uniform_high_overlap,17,test,block,constant_a001,0.11949838962962965
-0.016070399205228715,-0.09421694435366014,0.049933514510261436,0.09345700000000001,0.09345700000000001,9.0,26.0,0.9338235294117647,0.013153823529411765,0.13322823529411765,136,0,2,monthly_beme_op,monthly size/profit/invest,uniform_high_overlap,17,test,block,constant_a002,0.11949838962962965
0.019974034345098094,-0.018893969194771213,0.06077095256470592,0.068741,0.068741,5.0,26.0,0.9632352941176471,0.015877375,0.11909723529411764,136,1,2,monthly_beme_op,monthly size/profit/invest,uniform_high_overlap,17,test,block,constant_a003,0.11949838962962965
0.1575502387839957,0.014090755078933065,0.35523883412983415,0.052497999999999996,0.052497999999999996,12.0,26.0,0.9117647058823529,0.012729867647058824,0.08378829411764706,136,0,3,monthly_beme_op,monthly size/profit/invest,uniform_high_overlap,17,test,block,constant_a004,0.11949838962962965
0.009665778488888922,0.009665778488888891,0.009665778488888898,,inf,0.0,0.0,1.0,0.010292911764705884,0.1313721176470588,136,200,0,monthly_beme_op,monthly size/profit/invest,uniform_high_overlap,17,test,block,constant_a005,0.11949838962962965
0.031823619040522826,-0.03384825871385618,0.0964251888192157,0.083941,0.08394100000000002,7.0,26.0,0.9485294117647058,0.007293139705882353,0.09094320588235294,136,0,2,monthly_beme_op,monthly size/profit/invest,uniform_high_overlap,17,test,block,constant_a006,0.11949838962962965
0.0031945820026143983,-0.04912085917385623,0.035959710703137276,0.092834,inf,3.0,26.0,0.9779411764705882,0.011329838235294118,0.09501655882352941,136,11,1,monthly_beme_op,monthly size/profit/invest,uniform_high_overlap,17,test,block,constant_a007,0.11949838962962965
0.004216080232679767,-0.037295947527647054,0.04119618717372553,0.075153,0.075153,4.0,26.0,0.9705882352941176,0.011474867647058825,0.08307823529411763,136,2,1,monthly_beme_op,monthly size/profit/invest,uniform_high_overlap,17,test,block,constant_a008,0.11949838962962965
0.0033312258553938605,-0.021319336923390348,0.023403092195258147,-0.0025900000000000003,inf,2.0,26.0,0.9852941176470589,0.010274257352941176,0.0984035294117647,136,35,1,monthly_beme_op,monthly size/profit/invest,uniform_high_overlap,17,test,block,constant_a009,0.11949838962962965
0.0018228908261438024,-0.02346603918431369,0.020037186713725504,0.02734,0.027340000000000003,3.0,26.0,0.9779411764705882,0.009373007352941174,0.11470952941176471,136,8,1,monthly_beme_op,monthly size/profit/invest,uniform_high_overlap,17,test,block,constant_a010,0.11949838962962965
0.013642949649673239,0.0055554625856209195,0.023186223751634007,0.002988,0.002988,3.0,26.0,0.9779411764705882,0.011024213235294116,0.1011819117647059,136,6,1,monthly_beme_op,monthly size/profit/invest,uniform_high_overlap,17,test,block,constant_a011,0.11949838962962965
0.03492877140915035,0.009520335542483667,0.06702869213784315,-0.008905,-0.008905,4.0,26.0,0.9705882352941176,0.008815691176470589,0.10376441176470588,136,4,1,monthly_beme_op,monthly size/profit/invest,uniform_high_overlap,17,test,block,constant_a012,0.11949838962962965
-0.03192821156862757,-0.10858286745307197,0.04363380943150326,0.095001,0.095001,11.0,26.0,0.9191176470588235,0.009981808823529413,0.11502073529411763,136,0,3,monthly_beme_op,monthly size/profit/invest,uniform_high_overlap,17,test,block,constant_a013,0.11949838962962965
0.022441782252589044,-0.0429088794907257,0.12106197948677817,0.085502,0.08550200000000001,5.0,26.0,0.9632352941176471,0.005425272058823529,0.15093029411764705,136,1,2,monthly_beme_op,monthly size/profit/invest,uniform_high_overlap,17,test,block,constant_a014,0.11949838962962965
0.0015372513934640772,-0.056541004420588244,0.045869494387973844,0.094856,0.094856,7.0,26.0,0.9485294117647058,0.01077013970588235,0.10116476470588236,136,0,2,monthly_beme_op,monthly size/profit/invest,uniform_high_overlap,17,test,block,constant_a015,0.11949838962962965
0.026184146682352985,-0.020505868166078415,0.07575606105888888,0.05792,0.05792,8.0,26.0,0.9411764705882353,0.008198404411764707,0.11871282352941175,136,0,2,monthly_beme_op,monthly size/profit/invest,uniform_high_overlap,17,test,block,constant_a016,0.11949838962962965
0.0047848179987446384,-0.06305663549481864,0.06702036313508908,0.090328,0.090328,9.0,26.0,0.9338235294117647,0.010214404411764706,0.12240526470588234,136,0,2,monthly_beme_op,monthly size/profit/invest,uniform_high_overlap,17,test,block,constant_a017,0.11949838962962965
0.02250145141960788,0.009665778488888893,0.04846552457542488,-0.011139,inf,2.0,26.0,0.9852941176470589,0.01078397794117647,0.1249915882352941,136,34,1,monthly_beme_op,monthly size/profit/invest,uniform_high_overlap,17,test,block,constant_a018,0.11949838962962965
0.01702991669803925,0.0025475893113071956,0.03733649101084969,0.012113,0.012113,5.0,26.0,0.9632352941176471,0.004148029411764705,0.16689767647058826,136,1,2,monthly_beme_op,monthly size/profit/invest,uniform_high_overlap,17,test,block,constant_a019,0.11949838962962965
0.03291829551111106,-0.03467965040052287,0.10901128698098035,0.074445,0.074445,7.0,26.0,0.9485294117647058,0.01308618382352941,0.1459555588235294,136,1,2,monthly_beme_op,monthly size/profit/invest,uniform_high_overlap,17,test,block,constant_a020,0.11949838962962965
0.04326918494379069,0.009665778488888898,0.12849074374117653,-0.017407,-0.017407,3.0,26.0,0.9779411764705882,0.011047073529411767,0.14904241176470587,136,7,1,monthly_beme_op,monthly size/profit/invest,uniform_high_overlap,17,test,block,constant_a021,0.11949838962962965
0.005236729061437947,-0.023833282679215643,0.03575592508562092,0.047776,inf,3.0,26.0,0.9779411764705882,0.01314758823529412,0.13828129411764706,136,14,1,monthly_beme_op,monthly size/profit/invest,uniform_high_overlap,17,test,block,constant_a022,0.11949838962962965
0.01996766138823532,-0.02661671784267979,0.06903627914189543,0.036301,0.036301,8.0,26.0,0.9411764705882353,0.014868257352941176,0.13557679411764706,136,0,2,monthly_beme_op,monthly size/profit/invest,uniform_high_overlap,17,test,block,constant_a023,0.11949838962962965
0.02633703211072218,-0.05060178685667524,0.08759471130571658,0.053596000000000005,0.053596000000000005,4.0,26.0,0.9705882352941176,0.004658558823529411,0.22838226470588233,136,7,1,monthly_beme_op,monthly size/profit/invest,uniform_high_overlap,17,test,block,constant_a024,0.11949838962962965
0.0007909234730607189,-0.049233916062406076,0.04106486306406493,-0.012878879999999999,inf,3.0,26.0,0.9779411764705882,0.010897742352941178,0.10712653647058824,136,12,1,monthly_beme_op,monthly size/profit/invest,uniform_high_overlap,17,test,block,constant_equal_weight_public,0.11949838962962965
-0.014156985135188238,-0.10268381063986322,0.12486948351567907,0.047964,0.047964,4.0,26.0,0.9705882352941176,0.016952595588235295,0.14063335294117646,136,4,1,monthly_beme_op,monthly size/profit/invest,uniform_high_overlap,17,test,block,momentum_12,0.11949838962962965
0.0893847067863259,0.02961890309834422,0.17580006101876686,0.044089,0.044089,8.0,26.0,0.9411764705882353,0.00962212588235294,0.0925010588235294,136,0,2,monthly_beme_op,monthly size/profit/invest,uniform_high_overlap,17,test,block,low_vol_12,0.11949838962962965
-0.08368221004139399,-0.14296531573245724,-0.04723798637464887,0.075153,0.075153,6.0,26.0,0.9558823529411765,0.018501286764705884,0.10194055882352941,136,0,2,monthly_beme_op,monthly size/profit/invest,uniform_high_overlap,17,test,block,risk_adjusted_12,0.11949838962962965
0.02787764250399939,-0.05332494067482597,0.09899018427710145,0.053596000000000005,0.053596000000000005,6.0,26.0,0.9558823529411765,0.00970957764705882,0.16536573529411766,136,1,2,monthly_beme_op,monthly size/profit/invest,uniform_high_overlap,17,test,block,ridge_return_train_only,0.11949838962962965
-0.01519307101234568,-0.06344392585094648,0.01831351682633745,0.07615,inf,3.0,26.0,0.9722222222222222,0.009011361111111112,0.15419533333333332,108,13,1,monthly_beme_op,monthly size/profit/invest,uniform_high_overlap,27,calibration,iid,constant_a000,0.11949838962962965
0.0026001279374485435,-0.029253052493827106,0.028427225283950645,0.043822,inf,2.0,26.0,0.9814814814814815,0.005691944444444445,0.1491787037037037,108,24,1,monthly_beme_op,monthly size/profit/invest,uniform_high_overlap,27,calibration,iid,constant_a001,0.11949838962962965
-0.01316119627332946,-0.15848047492978162,0.13940177023948122,0.084407,0.084407,8.0,26.0,0.9259259259259259,0.009587805555555553,0.13425677777777775,108,0,2,monthly_beme_op,monthly size/profit/invest,uniform_high_overlap,27,calibration,iid,constant_a002,0.11949838962962965
0.0373152407323441,0.013607621036753881,0.06307317377458375,0.014903999999999999,0.014903999999999999,4.0,26.0,0.962962962962963,0.007711083333333333,0.09189985185185184,108,0,1,monthly_beme_op,monthly size/profit/invest,uniform_high_overlap,27,calibration,iid,constant_a003,0.11949838962962965
0.018800040595884762,0.0019385992624691435,0.04474470158814819,0.002208,0.002208,7.0,26.0,0.9351851851851852,0.008999,0.09132614814814814,108,0,2,monthly_beme_op,monthly size/profit/invest,uniform_high_overlap,27,calibration,iid,constant_a004,0.11949838962962965
-0.042267658019056346,-0.13996797890213528,0.0286226671546328,0.099793,0.099793,4.0,26.0,0.962962962962963,0.007037601851851851,0.14897285185185186,108,4,1,monthly_beme_op,monthly size/profit/invest,uniform_high_overlap,27,calibration,iid,constant_a005,0.11949838962962965
0.07837162843456785,0.008609332556214001,0.17187767973176943,0.01172,0.01172,6.0,26.0,0.9444444444444444,0.008633907407407406,0.12433974074074074,108,1,2,monthly_beme_op,monthly size/profit/invest,uniform_high_overlap,27,calibration,iid,constant_a006,0.11949838962962965
-0.008938968911934124,-0.0809556106920165,0.06478212497242807,0.130552,0.130552,5.0,26.0,0.9537037037037037,0.008959064814814816,0.10838277777777777,108,0,2,monthly_beme_op,monthly size/profit/invest,uniform_high_overlap,27,calibration,iid,constant_a007,0.11949838962962965
0.02336198929711936,0.008626211022222233,0.03838092948477371,-0.011587,-0.011587,4.0,26.0,0.962962962962963,0.008833333333333334,0.10437133333333333,108,7,1,monthly_beme_op,monthly size/profit/invest,uniform_high_overlap,27,calibration,iid,constant_a008,0.11949838962962965
-0.011960594284773697,-0.056557643685102826,0.010598257567078197,0.080984,inf,2.0,26.0,0.9814814814814815,0.008357185185185186,0.10816214814814815,108,28,1,monthly_beme_op,monthly size/profit/invest,uniform_high_overlap,27,calibration,iid,constant_a009,0.11949838962962965
-0.04857404298600813,-0.16720834596576165,0.025104917532428026,0.17167300000000002,0.17167300000000002,5.0,26.0,0.9537037037037037,0.006952916666666668,0.1526792962962963,108,1,2,monthly_beme_op,monthly size/profit/invest,uniform_high_overlap,27,calibration,iid,constant_a010,0.11949838962962965
-0.031122316009876434,-0.1120514774596709,0.02363092354551443,0.147836,0.147836,6.0,26.0,0.9444444444444444,0.008470018518518517,0.11324855555555556,108,1,2,monthly_beme_op,monthly size/profit/invest,uniform_high_overlap,27,calibration,iid,constant_a011,0.11949838962962965
0.026595327384362197,0.0016631049027160498,0.054496516527242876,0.019998999999999996,0.019999,5.0,26.0,0.9537037037037037,0.007643851851851852,0.12476462962962963,108,2,2,monthly_beme_op,monthly size/profit/invest,uniform_high_overlap,27,calibration,iid,constant_a012,0.11949838962962965
0.029702479789300514,0.0004221464559670765,0.08416111417283939,0.008413,inf,2.0,26.0,0.9814814814814815,0.008225361111111112,0.10516055555555555,108,26,1,monthly_beme_op,monthly size/profit/invest,uniform_high_overlap,27,calibration,iid,constant_a013,0.11949838962962965
-0.022632355622832927,-0.11072902412878577,0.03419477588669914,0.114183,0.114183,4.0,26.0,0.962962962962963,0.01212915740740741,0.12042751851851852,108,1,1,monthly_beme_op,monthly size/profit/invest,uniform_high_overlap,27,calibration,iid,constant_a014,0.11949838962962965
0.003234086643621439,-0.05467211218732504,0.04811039358806588,0.068067,0.068067,5.0,26.0,0.9537037037037037,0.004571592592592592,0.18182740740740738,108,4,2,monthly_beme_op,monthly size/profit/invest,uniform_high_overlap,27,calibration,iid,constant_a015,0.11949838962962965
0.0181552485563786,-0.01534980306320987,0.060551330635967175,0.034159999999999996,0.034159999999999996,4.0,26.0,0.962962962962963,0.005576574074074074,0.15014825925925926,108,4,1,monthly_beme_op,monthly size/profit/invest,uniform_high_overlap,27,calibration,iid,constant_a016,0.11949838962962965
0.07917936442139929,0.019625553863374497,0.16399441121481464,-0.031471,-0.031471,5.0,26.0,0.9537037037037037,0.007114703703703705,0.1573044814814815,108,1,2,monthly_beme_op,monthly size/profit/invest,uniform_high_overlap,27,calibration,iid,constant_a017,0.11949838962962965
-0.0034894599012345816,-0.03856337366041146,0.021850086643621407,0.064084,inf,3.0,26.0,0.9722222222222222,0.002282416666666666,0.17135685185185184,108,12,1,monthly_beme_op,monthly size/profit/invest,uniform_high_overlap,27,calibration,iid,constant_a018,0.11949838962962965
-0.01204364984032922,-0.06306745619209869,0.018310295648888926,0.09709799999999999,inf,2.0,26.0,0.9814814814814815,0.010592287037037039,0.19485992592592594,108,25,1,monthly_beme_op,monthly size/profit/invest,uniform_high_overlap,27,calibration,iid,constant_a019,0.11949838962962965
-0.018769025846912913,-0.03219561255878391,-0.005962744263996711,0.03791,inf,1.0,26.0,0.9907407407407407,0.005733851851851852,0.16194114814814817,108,72,0,monthly_beme_op,monthly size/profit/invest,uniform_high_overlap,27,calibration,iid,constant_a020,0.11949838962962965
0.06819166547160506,0.01779883790823045,0.13826625704271597,0.0059770000000000005,0.0059770000000000005,6.0,26.0,0.9444444444444444,0.004910851851851851,0.14231881481481481,108,0,2,monthly_beme_op,monthly size/profit/invest,uniform_high_overlap,27,calibration,iid,constant_a021,0.11949838962962965
-0.09671012974208874,-0.31767762464450094,0.034848598354796534,0.21990400000000004,0.21990400000000004,4.0,26.0,0.962962962962963,0.0070512870370370365,0.17373688888888889,108,4,1,monthly_beme_op,monthly size/profit/invest,uniform_high_overlap,27,calibration,iid,constant_a022,0.11949838962962965
0.011732437998353905,0.008626211022222227,0.017944891950617287,-0.021529,inf,1.0,26.0,0.9907407407407407,0.01687215740740741,0.16973874074074072,108,71,0,monthly_beme_op,monthly size/profit/invest,uniform_high_overlap,27,calibration,iid,constant_a023,0.11949838962962965
0.08622199405102876,0.006077778286995885,0.19087838863761308,0.021270999999999998,0.021270999999999998,5.0,26.0,0.9537037037037037,0.020826731481481484,0.17694474074074074,108,1,2,monthly_beme_op,monthly size/profit/invest,uniform_high_overlap,27,calibration,iid,constant_a024,0.11949838962962965
0.022206228865843728,-0.052393937124032855,0.08064066841604937,0.08996615999999999,0.08996615999999999,5.0,26.0,0.9537037037037037,0.008471041851851852,0.11949838962962965,108,0,2,monthly_beme_op,monthly size/profit/invest,uniform_high_overlap,27,calibration,iid,constant_equal_weight_public,0.11949838962962965
0.006657395646532441,-0.04987670852859175,0.043896107498291155,0.07615,0.07615,4.0,26.0,0.962962962962963,0.010304194444444444,0.15110244444444446,108,2,1,monthly_beme_op,monthly size/profit/invest,uniform_high_overlap,27,calibration,iid,momentum_12,0.11949838962962965
-0.016782822290843578,-0.09120688674160986,0.0364461734644569,0.147836,inf,2.0,26.0,0.9814814814814815,0.009455527777777776,0.09748044444444444,108,29,1,monthly_beme_op,monthly size/profit/invest,uniform_high_overlap,27,calibration,iid,low_vol_12,0.11949838962962965
0.019615765072125774,-0.01458944200335807,0.052036132703280925,0.02986,0.029860000000000005,3.0,26.0,0.9722222222222222,0.009305453703703703,0.14096814814814815,108,7,1,monthly_beme_op,monthly size/profit/invest,uniform_high_overlap,27,calibration,iid,risk_adjusted_12,0.11949838962962965
-0.05879308304039011,-0.19735937778063858,0.055265804701025094,0.052161,0.052161,5.0,26.0,0.9537037037037037,0.00824725925925926,0.13747637037037036,108,1,2,monthly_beme_op,monthly size/profit/invest,uniform_high_overlap,27,calibration,iid,ridge_return_train_only,0.11949838962962965
-0.01519307101234568,-0.06085489959176952,0.014988577485349815,0.07615,0.07615,3.0,26.0,0.9722222222222222,0.009011361111111112,0.15419533333333332,108,5,1,monthly_beme_op,monthly size/profit/invest,uniform_high_overlap,27,calibration,block,constant_a000,0.11949838962962965
0.0026001279374485435,-0.022652714406584323,0.028427225283950638,0.043822,inf,2.0,26.0,0.9814814814814815,0.005691944444444445,0.1491787037037037,108,24,1,monthly_beme_op,monthly size/profit/invest,uniform_high_overlap,27,calibration,block,constant_a001,0.11949838962962965
-0.01316119627332946,-0.1693638551592729,0.12309580949030036,0.084407,0.084407,8.0,26.0,0.9259259259259259,0.009587805555555553,0.13425677777777775,108,0,2,monthly_beme_op,monthly size/profit/invest,uniform_high_overlap,27,calibration,block,constant_a002,0.11949838962962965
0.0373152407323441,0.014094513923235822,0.06000081841784033,0.014903999999999999,0.014903999999999999,4.0,26.0,0.962962962962963,0.007711083333333333,0.09189985185185184,108,5,1,monthly_beme_op,monthly size/profit/invest,uniform_high_overlap,27,calibration,block,constant_a003,0.11949838962962965
0.018800040595884762,0.0019418818951440365,0.04323911643711938,0.002208,0.002208,7.0,26.0,0.9351851851851852,0.008999,0.09132614814814814,108,0,2,monthly_beme_op,monthly size/profit/invest,uniform_high_overlap,27,calibration,block,constant_a004,0.11949838962962965
-0.042267658019056346,-0.1431851344514359,0.02836621314041969,0.099793,0.099793,4.0,26.0,0.962962962962963,0.007037601851851851,0.14897285185185186,108,4,1,monthly_beme_op,monthly size/profit/invest,uniform_high_overlap,27,calibration,block,constant_a005,0.11949838962962965
0.07837162843456785,0.017289975532510302,0.17720817381736617,0.01172,0.01172,6.0,26.0,0.9444444444444444,0.008633907407407406,0.12433974074074074,108,0,2,monthly_beme_op,monthly size/profit/invest,uniform_high_overlap,27,calibration,block,constant_a006,0.11949838962962965
-0.008938968911934124,-0.08613780002757197,0.05196844903563793,0.130552,0.130552,5.0,26.0,0.9537037037037037,0.008959064814814816,0.10838277777777777,108,1,2,monthly_beme_op,monthly size/profit/invest,uniform_high_overlap,27,calibration,block,constant_a007,0.11949838962962965
0.02336198929711936,0.010051776085596717,0.03963042820930045,-0.011587,-0.011587,4.0,26.0,0.962962962962963,0.008833333333333334,0.10437133333333333,108,2,1,monthly_beme_op,monthly size/profit/invest,uniform_high_overlap,27,calibration,block,constant_a008,0.11949838962962965
-0.011960594284773697,-0.05609227471604933,0.010598257567078198,0.080984,inf,2.0,26.0,0.9814814814814815,0.008357185185185186,0.10816214814814815,108,18,1,monthly_beme_op,monthly size/profit/invest,uniform_high_overlap,27,calibration,block,constant_a009,0.11949838962962965
-0.04857404298600813,-0.1657591745576134,0.018115371834238714,0.17167300000000002,0.17167300000000002,5.0,26.0,0.9537037037037037,0.006952916666666668,0.1526792962962963,108,0,2,monthly_beme_op,monthly size/profit/invest,uniform_high_overlap,27,calibration,block,constant_a010,0.11949838962962965
-0.031122316009876434,-0.15245321180362173,0.03057616199316874,0.147836,0.147836,6.0,26.0,0.9444444444444444,0.008470018518518517,0.11324855555555556,108,1,2,monthly_beme_op,monthly size/profit/invest,uniform_high_overlap,27,calibration,block,constant_a011,0.11949838962962965
0.026595327384362197,0.005318965453744871,0.054727336095967104,0.019998999999999996,0.019999,5.0,26.0,0.9537037037037037,0.007643851851851852,0.12476462962962963,108,4,2,monthly_beme_op,monthly size/profit/invest,uniform_high_overlap,27,calibration,block,constant_a012,0.11949838962962965
0.029702479789300514,0.000422146455967077,0.08416111417283939,0.008413,inf,2.0,26.0,0.9814814814814815,0.008225361111111112,0.10516055555555555,108,28,1,monthly_beme_op,monthly size/profit/invest,uniform_high_overlap,27,calibration,block,constant_a013,0.11949838962962965
-0.022632355622832927,-0.10239606042954182,0.034958190002360355,0.114183,0.114183,4.0,26.0,0.962962962962963,0.01212915740740741,0.12042751851851852,108,4,1,monthly_beme_op,monthly size/profit/invest,uniform_high_overlap,27,calibration,block,constant_a014,0.11949838962962965
0.003234086643621439,-0.05208465350987651,0.05132225356427987,0.068067,0.068067,5.0,26.0,0.9537037037037037,0.004571592592592592,0.18182740740740738,108,1,2,monthly_beme_op,monthly size/profit/invest,uniform_high_overlap,27,calibration,block,constant_a015,0.11949838962962965
0.0181552485563786,-0.013512029334814818,0.061894888636049444,0.034159999999999996,0.034159999999999996,4.0,26.0,0.962962962962963,0.005576574074074074,0.15014825925925926,108,7,1,monthly_beme_op,monthly size/profit/invest,uniform_high_overlap,27,calibration,block,constant_a016,0.11949838962962965
0.07917936442139929,0.019557612077860095,0.16328141295481471,-0.031471,-0.031471,5.0,26.0,0.9537037037037037,0.007114703703703705,0.1573044814814815,108,2,2,monthly_beme_op,monthly size/profit/invest,uniform_high_overlap,27,calibration,block,constant_a017,0.11949838962962965
-0.0034894599012345816,-0.04392017897670776,0.01940348929711935,0.064084,inf,3.0,26.0,0.9722222222222222,0.002282416666666666,0.17135685185185184,108,15,1,monthly_beme_op,monthly size/profit/invest,uniform_high_overlap,27,calibration,block,constant_a018,0.11949838962962965
-0.01204364984032922,-0.06306745619209865,0.018190739048559675,0.09709799999999999,inf,2.0,26.0,0.9814814814814815,0.010592287037037039,0.19485992592592594,108,41,1,monthly_beme_op,monthly size/profit/invest,uniform_high_overlap,27,calibration,block,constant_a019,0.11949838962962965
-0.018769025846912913,-0.035159757986402626,-0.0017387809107046713,0.03791,inf,1.0,26.0,0.9907407407407407,0.005733851851851852,0.16194114814814817,108,70,0,monthly_beme_op,monthly size/profit/invest,uniform_high_overlap,27,calibration,block,constant_a020,0.11949838962962965
0.06819166547160506,0.014528754823456797,0.13552938527802458,0.0059770000000000005,0.0059770000000000005,6.0,26.0,0.9444444444444444,0.004910851851851851,0.14231881481481481,108,1,2,monthly_beme_op,monthly size/profit/invest,uniform_high_overlap,27,calibration,block,constant_a021,0.11949838962962965
-0.09671012974208874,-0.28995824816910465,0.02680563547151009,0.21990400000000004,0.21990400000000004,4.0,26.0,0.962962962962963,0.0070512870370370365,0.17373688888888889,108,2,1,monthly_beme_op,monthly size/profit/invest,uniform_high_overlap,27,calibration,block,constant_a022,0.11949838962962965
0.011732437998353905,0.008626211022222227,0.017944891950617287,-0.021529,inf,1.0,26.0,0.9907407407407407,0.01687215740740741,0.16973874074074072,108,83,0,monthly_beme_op,monthly size/profit/invest,uniform_high_overlap,27,calibration,block,constant_a023,0.11949838962962965
0.08622199405102876,0.008626211022222231,0.1920114862202466,0.021270999999999998,0.021270999999999998,5.0,26.0,0.9537037037037037,0.020826731481481484,0.17694474074074074,108,3,2,monthly_beme_op,monthly size/profit/invest,uniform_high_overlap,27,calibration,block,constant_a024,0.11949838962962965
0.022206228865843728,-0.05907340848065839,0.09134318069613159,0.08996615999999999,0.08996615999999999,5.0,26.0,0.9537037037037037,0.008471041851851852,0.11949838962962965,108,1,2,monthly_beme_op,monthly size/profit/invest,uniform_high_overlap,27,calibration,block,constant_equal_weight_public,0.11949838962962965
0.006657395646532441,-0.04734248399700914,0.04701383691145292,0.07615,0.07615,4.0,26.0,0.962962962962963,0.010304194444444444,0.15110244444444446,108,2,1,monthly_beme_op,monthly size/profit/invest,uniform_high_overlap,27,calibration,block,momentum_12,0.11949838962962965
-0.016782822290843578,-0.11892382377713605,0.036500057434513726,0.147836,inf,2.0,26.0,0.9814814814814815,0.009455527777777776,0.09748044444444444,108,32,1,monthly_beme_op,monthly size/profit/invest,uniform_high_overlap,27,calibration,block,low_vol_12,0.11949838962962965
0.019615765072125774,-0.012110189139036177,0.05515540615162547,0.02986,0.029860000000000005,3.0,26.0,0.9722222222222222,0.009305453703703703,0.14096814814814815,108,7,1,monthly_beme_op,monthly size/profit/invest,uniform_high_overlap,27,calibration,block,risk_adjusted_12,0.11949838962962965
-0.05879308304039011,-0.18583620102119588,0.06435527450863125,0.052161,0.052161,5.0,26.0,0.9537037037037037,0.00824725925925926,0.13747637037037036,108,2,2,monthly_beme_op,monthly size/profit/invest,uniform_high_overlap,27,calibration,block,ridge_return_train_only,0.11949838962962965
-0.009784817994771206,-0.04756407055411763,0.020933724100196106,0.069405,0.069405,4.0,26.0,0.9705882352941176,0.011030007352941176,0.15709526470588234,136,4,1,monthly_beme_op,monthly size/profit/invest,uniform_high_overlap,27,test,iid,constant_a000,0.11949838962962965
0.0020055681333333375,-0.04113950721581694,0.031984802320196126,0.063192,0.063192,5.0,26.0,0.9632352941176471,0.023444860294117645,0.12699891176470587,136,0,2,monthly_beme_op,monthly size/profit/invest,uniform_high_overlap,27,test,iid,constant_a001,0.11949838962962965
0.06538552380366734,-0.01433202668107387,0.1610657491780951,0.075747,0.075747,4.0,26.0,0.9705882352941176,0.013153823529411765,0.13322823529411765,136,4,1,monthly_beme_op,monthly size/profit/invest,uniform_high_overlap,27,test,iid,constant_a002,0.11949838962962965
0.012029579353265792,-0.03196039749519629,0.05734082917770772,0.049852,0.049852,8.0,26.0,0.9411764705882353,0.015877375,0.11909723529411764,136,0,2,monthly_beme_op,monthly size/profit/invest,uniform_high_overlap,27,test,iid,constant_a003,0.11949838962962965
-0.009488354167320261,-0.07980771389333334,0.046930686654444484,0.084418,0.084418,10.0,26.0,0.9264705882352942,0.012729867647058824,0.08378829411764706,136,0,3,monthly_beme_op,monthly size/profit/invest,uniform_high_overlap,27,test,iid,constant_a004,0.11949838962962965
-0.026138339121291022,-0.13637378308444853,0.08238295999343541,0.07402,0.07402,7.0,26.0,0.9485294117647058,0.010292911764705884,0.1313721176470588,136,0,2,monthly_beme_op,monthly size/profit/invest,uniform_high_overlap,27,test,iid,constant_a005,0.11949838962962965
-0.0012908070640522528,-0.018993828925490182,0.008626211022222224,0.025525000000000003,inf,3.0,26.0,0.9779411764705882,0.007293139705882353,0.09094320588235294,136,15,1,monthly_beme_op,monthly size/profit/invest,uniform_high_overlap,27,test,iid,constant_a006,0.11949838962962965
0.012875127351633998,-0.019112662524509747,0.04761589821313728,0.06052,0.060520000000000004,9.0,26.0,0.9338235294117647,0.011329838235294118,0.09501655882352941,136,0,2,monthly_beme_op,monthly size/profit/invest,uniform_high_overlap,27,test,iid,constant_a007,0.11949838962962965
0.002171810977777775,-0.026534502610980372,0.02068593552869282,0.035826,0.035826,7.0,26.0,0.9485294117647058,0.011474867647058825,0.08307823529411763,136,0,2,monthly_beme_op,monthly size/profit/invest,uniform_high_overlap,27,test,iid,constant_a008,0.11949838962962965
0.03769577024052293,0.008626211022222224,0.07912810144052287,-0.001954,-0.001954,4.0,26.0,0.9705882352941176,0.010274257352941176,0.0984035294117647,136,5,1,monthly_beme_op,monthly size/profit/invest,uniform_high_overlap,27,test,iid,constant_a009,0.11949838962962965
0.048839215192156955,0.014519376562091506,0.11547336200915037,-0.010868,-0.010868,5.0,26.0,0.9632352941176471,0.009373007352941174,0.11470952941176471,136,2,2,monthly_beme_op,monthly size/profit/invest,uniform_high_overlap,27,test,iid,constant_a010,0.11949838962962965
0.04010210847581714,-0.0042935356461437845,0.09769045803660134,0.014662999999999999,0.014662999999999999,4.0,26.0,0.9705882352941176,0.011024213235294116,0.1011819117647059,136,2,1,monthly_beme_op,monthly size/profit/invest,uniform_high_overlap,27,test,iid,constant_a011,0.11949838962962965
0.038289774805228854,-0.005239537793464026,0.09193384872385624,0.043737000000000005,0.04373700000000001,13.0,26.0,0.9044117647058824,0.008815691176470589,0.10376441176470588,136,0,3,monthly_beme_op,monthly size/profit/invest,uniform_high_overlap,27,test,iid,constant_a012,0.11949838962962965
-0.002911339856209106,-0.07106688908947713,0.0579994538894772,0.120154,0.12015400000000001,6.0,26.0,0.9558823529411765,0.009981808823529413,0.11502073529411763,136,1,2,monthly_beme_op,monthly size/profit/invest,uniform_high_overlap,27,test,iid,constant_a013,0.11949838962962965
0.011095853133516137,-0.06089112595029073,0.07351560362719783,0.044467,0.044467,5.0,26.0,0.9632352941176471,0.005425272058823529,0.15093029411764705,136,0,2,monthly_beme_op,monthly size/profit/invest,uniform_high_overlap,27,test,iid,constant_a014,0.11949838962962965
0.010795137887581697,-0.024220362112418275,0.052248481103986964,0.043128,0.04312800000000001,4.0,26.0,0.9705882352941176,0.01077013970588235,0.10116476470588236,136,3,1,monthly_beme_op,monthly size/profit/invest,uniform_high_overlap,27,test,iid,constant_a015,0.11949838962962965
-0.00265026294640524,-0.04269983874895424,0.01721182528888889,0.066069,inf,3.0,26.0,0.9779411764705882,0.008198404411764707,0.11871282352941175,136,10,1,monthly_beme_op,monthly size/profit/invest,uniform_high_overlap,27,test,iid,constant_a016,0.11949838962962965
-0.08314554911895461,-0.1949393241862091,0.015485415286535981,0.259096,0.259096,9.0,26.0,0.9338235294117647,0.010214404411764706,0.12240526470588234,136,0,2,monthly_beme_op,monthly size/profit/invest,uniform_high_overlap,27,test,iid,constant_a017,0.11949838962962965
0.0004338765620915154,-0.01595079235816993,0.008626211022222226,0.034226,inf,1.0,26.0,0.9926470588235294,0.01078397794117647,0.1249915882352941,136,65,0,monthly_beme_op,monthly size/profit/invest,uniform_high_overlap,27,test,iid,constant_a018,0.11949838962962965
0.02174546479738575,0.008626211022222222,0.04798397234771246,-0.07725,inf,1.0,26.0,0.9926470588235294,0.004148029411764705,0.16689767647058826,136,81,0,monthly_beme_op,monthly size/profit/invest,uniform_high_overlap,27,test,iid,constant_a019,0.11949838962962965
-0.03380569356249737,-0.05767306513693681,0.005980935074224242,0.044745999999999994,inf,2.0,26.0,0.9852941176470589,0.01308618382352941,0.1459555588235294,136,27,1,monthly_beme_op,monthly size/profit/invest,uniform_high_overlap,27,test,iid,constant_a020,0.11949838962962965
0.06423832906405222,0.004555067738562091,0.1454892500384313,0.012669,0.012669,4.0,26.0,0.9705882352941176,0.011047073529411767,0.14904241176470587,136,7,1,monthly_beme_op,monthly size/profit/invest,uniform_high_overlap,27,test,iid,constant_a021,0.11949838962962965
-0.04482613215282377,-0.16148084682087133,0.03989391383024368,0.106709,0.106709,6.0,26.0,0.9558823529411765,0.01314758823529412,0.13828129411764706,136,2,2,monthly_beme_op,monthly size/profit/invest,uniform_high_overlap,27,test,iid,constant_a022,0.11949838962962965
0.009585292496732034,-0.05607873222444444,0.07569655041039222,0.092409,0.092409,6.0,26.0,0.9558823529411765,0.014868257352941176,0.13557679411764706,136,0,2,monthly_beme_op,monthly size/profit/invest,uniform_high_overlap,27,test,iid,constant_a023,0.11949838962962965
0.001015163524183039,-0.04483832176993459,0.029918214538300684,0.084594,0.084594,3.0,26.0,0.9779411764705882,0.004658558823529411,0.22838226470588233,136,8,1,monthly_beme_op,monthly size/profit/invest,uniform_high_overlap,27,test,iid,constant_a024,0.11949838962962965
-0.001665298828758167,-0.02140666055967318,0.015651575043137255,0.03975839999999999,inf,3.0,26.0,0.9779411764705882,0.010897742352941178,0.10712653647058824,136,12,1,monthly_beme_op,monthly size/profit/invest,uniform_high_overlap,27,test,iid,constant_equal_weight_public,0.11949838962962965
-0.038157675736815666,-0.0914718730508338,0.004682543223978042,0.063192,0.063192,5.0,26.0,0.9632352941176471,0.016952595588235295,0.14063335294117646,136,1,2,monthly_beme_op,monthly size/profit/invest,uniform_high_overlap,27,test,iid,momentum_12,0.11949838962962965
0.02443521734107128,-0.007218531728898158,0.06412717292286853,0.03975839999999999,0.03975839999999999,8.0,26.0,0.9411764705882353,0.00962212588235294,0.0925010588235294,136,0,2,monthly_beme_op,monthly size/profit/invest,uniform_high_overlap,27,test,iid,low_vol_12,0.11949838962962965
-0.0005942250898785688,-0.037904593908439844,0.03718068077920703,0.027555999999999997,0.027556,7.0,26.0,0.9485294117647058,0.018501286764705884,0.10194055882352941,136,0,2,monthly_beme_op,monthly size/profit/invest,uniform_high_overlap,27,test,iid,risk_adjusted_12,0.11949838962962965
-0.013069802303557414,-0.1434366255292509,0.09219962033256174,0.106709,0.106709,6.0,26.0,0.9558823529411765,0.009921316176470588,0.13862026470588235,136,0,2,monthly_beme_op,monthly size/profit/invest,uniform_high_overlap,27,test,iid,ridge_return_train_only,0.11949838962962965
-0.009784817994771206,-0.05314668066503267,0.024339689160784314,0.069405,0.069405,4.0,26.0,0.9705882352941176,0.011030007352941176,0.15709526470588234,136,2,1,monthly_beme_op,monthly size/profit/invest,uniform_high_overlap,27,test,block,constant_a000,0.11949838962962965
0.0020055681333333375,-0.03425169105352935,0.031966377064183045,0.063192,0.063192,5.0,26.0,0.9632352941176471,0.023444860294117645,0.12699891176470587,136,0,2,monthly_beme_op,monthly size/profit/invest,uniform_high_overlap,27,test,block,constant_a001,0.11949838962962965
0.06538552380366734,-0.014779692835873343,0.15307133937843717,0.075747,0.075747,4.0,26.0,0.9705882352941176,0.013153823529411765,0.13322823529411765,136,3,1,monthly_beme_op,monthly size/profit/invest,uniform_high_overlap,27,test,block,constant_a002,0.11949838962962965
0.012029579353265792,-0.030207247800077493,0.055716572041275766,0.049852,0.049852,8.0,26.0,0.9411764705882353,0.015877375,0.11909723529411764,136,0,2,monthly_beme_op,monthly size/profit/invest,uniform_high_overlap,27,test,block,constant_a003,0.11949838962962965
-0.009488354167320261,-0.06831070726026144,0.03396630586339875,0.084418,0.084418,10.0,26.0,0.9264705882352942,0.012729867647058824,0.08378829411764706,136,0,3,monthly_beme_op,monthly size/profit/invest,uniform_high_overlap,27,test,block,constant_a004,0.11949838962962965
-0.026138339121291022,-0.12382081296581814,0.08286587928678713,0.07402,0.07402,7.0,26.0,0.9485294117647058,0.010292911764705884,0.1313721176470588,136,1,2,monthly_beme_op,monthly size/profit/invest,uniform_high_overlap,27,test,block,constant_a005,0.11949838962962965
-0.0012908070640522528,-0.014348623043137235,0.008626211022222222,0.025525000000000003,0.025525000000000003,3.0,26.0,0.9779411764705882,0.007293139705882353,0.09094320588235294,136,7,1,monthly_beme_op,monthly size/profit/invest,uniform_high_overlap,27,test,block,constant_a006,0.11949838962962965
0.012875127351633998,-0.013889559201503254,0.04348548075483661,0.06052,0.060520000000000004,9.0,26.0,0.9338235294117647,0.011329838235294118,0.09501655882352941,136,0,2,monthly_beme_op,monthly size/profit/invest,uniform_high_overlap,27,test,block,constant_a007,0.11949838962962965
0.002171810977777775,-0.02259217899274508,0.02266713470026146,0.035826,0.035826,7.0,26.0,0.9485294117647058,0.011474867647058825,0.08307823529411763,136,0,2,monthly_beme_op,monthly size/profit/invest,uniform_high_overlap,27,test,block,constant_a008,0.11949838962962965
0.03769577024052293,0.008626211022222224,0.07195272190418298,-0.001954,-0.001954,4.0,26.0,0.9705882352941176,0.010274257352941176,0.0984035294117647,136,5,1,monthly_beme_op,monthly size/profit/invest,uniform_high_overlap,27,test,block,constant_a009,0.11949838962962965
0.048839215192156955,0.015328435385620917,0.10252944472542484,-0.010868,-0.010868,5.0,26.0,0.9632352941176471,0.009373007352941174,0.11470952941176471,136,2,2,monthly_beme_op,monthly size/profit/invest,uniform_high_overlap,27,test,block,constant_a010,0.11949838962962965
0.04010210847581714,0.00023093585196078345,0.10550853109967324,0.014662999999999999,0.014662999999999999,4.0,26.0,0.9705882352941176,0.011024213235294116,0.1011819117647059,136,3,1,monthly_beme_op,monthly size/profit/invest,uniform_high_overlap,27,test,block,constant_a011,0.11949838962962965
0.038289774805228854,-0.011967060206993441,0.08313281607176472,0.043737000000000005,0.04373700000000001,13.0,26.0,0.9044117647058824,0.008815691176470589,0.10376441176470588,136,0,3,monthly_beme_op,monthly size/profit/invest,uniform_high_overlap,27,test,block,constant_a012,0.11949838962962965
-0.002911339856209106,-0.08456470941307187,0.062121373020065394,0.120154,0.12015400000000001,6.0,26.0,0.9558823529411765,0.009981808823529413,0.11502073529411763,136,0,2,monthly_beme_op,monthly size/profit/invest,uniform_high_overlap,27,test,block,constant_a013,0.11949838962962965
0.011095853133516137,-0.06454142629994127,0.06635792623288991,0.044467,0.044467,5.0,26.0,0.9632352941176471,0.005425272058823529,0.15093029411764705,136,0,2,monthly_beme_op,monthly size/profit/invest,uniform_high_overlap,27,test,block,constant_a014,0.11949838962962965
0.010795137887581697,-0.024291031503333317,0.04262553081346409,0.043128,0.04312800000000001,4.0,26.0,0.9705882352941176,0.01077013970588235,0.10116476470588236,136,6,1,monthly_beme_op,monthly size/profit/invest,uniform_high_overlap,27,test,block,constant_a015,0.11949838962962965
-0.00265026294640524,-0.031419824244771216,0.014774818133333338,0.066069,inf,3.0,26.0,0.9779411764705882,0.008198404411764707,0.11871282352941175,136,10,1,monthly_beme_op,monthly size/profit/invest,uniform_high_overlap,27,test,block,constant_a016,0.11949838962962965
-0.08314554911895461,-0.27886470025091487,0.0314220949801961,0.259096,0.259096,9.0,26.0,0.9338235294117647,0.010214404411764706,0.12240526470588234,136,0,2,monthly_beme_op,monthly size/profit/invest,uniform_high_overlap,27,test,block,constant_a017,0.11949838962962965
0.0004338765620915154,-0.015950792358169933,0.008626211022222226,0.034226,inf,1.0,26.0,0.9926470588235294,0.01078397794117647,0.1249915882352941,136,75,0,monthly_beme_op,monthly size/profit/invest,uniform_high_overlap,27,test,block,constant_a018,0.11949838962962965
0.02174546479738575,0.008626211022222222,0.06110322612287586,-0.07725,inf,1.0,26.0,0.9926470588235294,0.004148029411764705,0.16689767647058826,136,72,0,monthly_beme_op,monthly size/profit/invest,uniform_high_overlap,27,test,block,constant_a019,0.11949838962962965
-0.03380569356249737,-0.06052342681725461,0.010249692357224175,0.044745999999999994,inf,2.0,26.0,0.9852941176470589,0.01308618382352941,0.1459555588235294,136,33,1,monthly_beme_op,monthly size/profit/invest,uniform_high_overlap,27,test,block,constant_a020,0.11949838962962965
0.06423832906405222,0.015919281171241837,0.13344645527986929,0.012669,0.012669,4.0,26.0,0.9705882352941176,0.011047073529411767,0.14904241176470587,136,1,1,monthly_beme_op,monthly size/profit/invest,uniform_high_overlap,27,test,block,constant_a021,0.11949838962962965
-0.04482613215282377,-0.1526623908261071,0.05349827118362561,0.106709,0.106709,6.0,26.0,0.9558823529411765,0.01314758823529412,0.13828129411764706,136,1,2,monthly_beme_op,monthly size/profit/invest,uniform_high_overlap,27,test,block,constant_a022,0.11949838962962965
0.009585292496732034,-0.049946358879477105,0.06114939728908504,0.092409,0.092409,6.0,26.0,0.9558823529411765,0.014868257352941176,0.13557679411764706,136,0,2,monthly_beme_op,monthly size/profit/invest,uniform_high_overlap,27,test,block,constant_a023,0.11949838962962965
0.001015163524183039,-0.03528118967732022,0.03925760132026145,0.084594,inf,3.0,26.0,0.9779411764705882,0.004658558823529411,0.22838226470588233,136,14,1,monthly_beme_op,monthly size/profit/invest,uniform_high_overlap,27,test,block,constant_a024,0.11949838962962965
-0.001665298828758167,-0.020249573866666655,0.012171094204313743,0.03975839999999999,0.03975839999999999,3.0,26.0,0.9779411764705882,0.010897742352941178,0.10712653647058824,136,9,1,monthly_beme_op,monthly size/profit/invest,uniform_high_overlap,27,test,block,constant_equal_weight_public,0.11949838962962965
-0.038157675736815666,-0.08880235809370085,0.00021622775413188735,0.063192,0.063192,5.0,26.0,0.9632352941176471,0.016952595588235295,0.14063335294117646,136,0,2,monthly_beme_op,monthly size/profit/invest,uniform_high_overlap,27,test,block,momentum_12,0.11949838962962965
0.02443521734107128,-0.008420777521040713,0.05918404996800713,0.03975839999999999,0.03975839999999999,8.0,26.0,0.9411764705882353,0.00962212588235294,0.0925010588235294,136,0,2,monthly_beme_op,monthly size/profit/invest,uniform_high_overlap,27,test,block,low_vol_12,0.11949838962962965
-0.0005942250898785688,-0.03842462561317632,0.03424039040844874,0.027555999999999997,0.027556,7.0,26.0,0.9485294117647058,0.018501286764705884,0.10194055882352941,136,0,2,monthly_beme_op,monthly size/profit/invest,uniform_high_overlap,27,test,block,risk_adjusted_12,0.11949838962962965
-0.013069802303557414,-0.11888101949226507,0.0919414073546583,0.106709,0.106709,6.0,26.0,0.9558823529411765,0.009921316176470588,0.13862026470588235,136,0,2,monthly_beme_op,monthly size/profit/invest,uniform_high_overlap,27,test,block,ridge_return_train_only,0.11949838962962965
0.009163924397460629,-0.046383582018251296,0.06584444211873164,0.11414999999999999,0.11415,3.862567389227395,27.96385699729071,0.9642354871367834,0.009011361111111112,0.15419533333333332,108,3,1,monthly_beme_op,monthly size/profit/invest,softmax_high_entropy,7,calibration,iid,constant_a000,0.11949838962962965
0.0683011556491589,0.010096959911111114,0.1404855168695927,-0.067954,inf,2.9994159207166784,27.632104760623452,0.9722276303637345,0.005691944444444445,0.1491787037037037,108,14,1,monthly_beme_op,monthly size/profit/invest,softmax_high_entropy,7,calibration,iid,constant_a001,0.11949838962962965
0.017538975612891958,0.010096959911111113,0.03986502271823443,-0.037677,inf,1.0,29.142006074027787,0.9907407407407407,0.009587805555555553,0.13425677777777775,108,77,0,monthly_beme_op,monthly size/profit/invest,softmax_high_entropy,7,calibration,iid,constant_a002,0.11949838962962965
-0.007801625885730511,-0.041585286921571554,0.024903540055543495,0.049589999999999995,0.04959,3.980855152538401,26.8952561288839,0.9631402300690889,0.007711083333333333,0.09189985185185184,108,3,1,monthly_beme_op,monthly size/profit/invest,softmax_high_entropy,7,calibration,iid,constant_a003,0.11949838962962965
0.021198172068131352,0.010096959911111113,0.04230305727380814,-0.031724,inf,1.9888505202425157,28.93934156122463,0.9815847174051618,0.008999,0.09132614814814814,108,26,0,monthly_beme_op,monthly size/profit/invest,softmax_high_entropy,7,calibration,iid,constant_a004,0.11949838962962965
0.03476976115637027,-0.04163638489936237,0.09736124340940673,0.044905999999999995,0.044905999999999995,4.9449301118298425,28.797821877827758,0.9542136100756496,0.007037601851851851,0.14897285185185186,108,3,1,monthly_beme_op,monthly size/profit/invest,softmax_high_entropy,7,calibration,iid,constant_a005,0.11949838962962965
0.003576055137092557,-0.01120174461195695,0.011254286711786073,0.013832,inf,1.9857756223883936,32.04290389882005,0.981613188681589,0.008633907407407406,0.12433974074074074,108,29,0,monthly_beme_op,monthly size/profit/invest,softmax_high_entropy,7,calibration,iid,constant_a006,0.11949838962962965
-0.08499545860045937,-0.2814280307435868,0.046482380449420414,0.130552,0.130552,5.991384598941551,27.08059967469316,0.9445242166764671,0.008959064814814816,0.10838277777777777,108,0,2,monthly_beme_op,monthly size/profit/invest,softmax_high_entropy,7,calibration,iid,constant_a007,0.11949838962962965
-0.019564059367519215,-0.05103119738492911,0.004610167231378074,0.033482,0.033482,5.992207953143408,28.706410500967664,0.94451659302645,0.008833333333333334,0.10437133333333333,108,1,2,monthly_beme_op,monthly size/profit/invest,softmax_high_entropy,7,calibration,iid,constant_a008,0.11949838962962965
-0.052421480719397985,-0.16919749691330407,0.027549653540488803,0.169052,inf,2.9957540915864107,27.316996821465903,0.9722615361890147,0.008357185185185186,0.10816214814814815,108,17,1,monthly_beme_op,monthly size/profit/invest,softmax_high_entropy,7,calibration,iid,constant_a009,0.11949838962962965
0.0007996742024164621,-0.03902508131503338,0.03132714401117152,0.058338,inf,1.9945752814982645,28.68401117252922,0.9815317103564976,0.006952916666666668,0.1526792962962963,108,30,0,monthly_beme_op,monthly size/profit/invest,softmax_high_entropy,7,calibration,iid,constant_a010,0.11949838962962965
-0.00343525678811313,-0.046832042987315414,0.03257847701917539,0.04889999999999999,0.0489,4.995583795177431,26.945417889331026,0.9537445944890979,0.008470018518518517,0.11324855555555556,108,0,1,monthly_beme_op,monthly size/profit/invest,softmax_high_entropy,7,calibration,iid,constant_a011,0.11949838962962965
-0.015905957819759294,-0.0971104970327529,0.03583576766384305,0.082187,0.082187,4.913734357924161,33.9847543368401,0.9545024596488504,0.007643851851851852,0.12476462962962963,108,1,1,monthly_beme_op,monthly size/profit/invest,softmax_high_entropy,7,calibration,iid,constant_a012,0.11949838962962965
-0.00975119553631628,-0.09811004440585865,0.04787638861732915,0.082051,0.082051,7.985306981557076,28.297837260443124,0.92606197239299,0.008225361111111112,0.10516055555555555,108,0,2,monthly_beme_op,monthly size/profit/invest,softmax_high_entropy,7,calibration,iid,constant_a013,0.11949838962962965
0.029064140815004882,-0.0005645440157199325,0.061782264286252324,0.029157000000000002,0.029157000000000006,6.977860512303091,27.8662021664961,0.935390180441638,0.01212915740740741,0.12042751851851852,108,1,2,monthly_beme_op,monthly size/profit/invest,softmax_high_entropy,7,calibration,iid,constant_a014,0.11949838962962965
0.07191573100112515,0.0013262098752620686,0.1694973597487818,0.044991,0.044991,4.786075471476653,41.61423086019238,0.9556844863752162,0.004571592592592592,0.18182740740740738,108,0,1,monthly_beme_op,monthly size/profit/invest,softmax_high_entropy,7,calibration,iid,constant_a015,0.11949838962962965
-0.0033645511097666163,-0.03993144944885957,0.019740836208448596,0.059349,inf,1.9979443777114623,28.433799645630494,0.9815005150211902,0.005576574074074074,0.15014825925925926,108,32,0,monthly_beme_op,monthly size/profit/invest,softmax_high_entropy,7,calibration,iid,constant_a016,0.11949838962962965
0.03568723660507823,0.01460163514234781,0.0591156948537993,-0.016202,-0.016202,4.9223856844862155,33.74239456193238,0.9544223547732757,0.007114703703703705,0.1573044814814815,108,1,1,monthly_beme_op,monthly size/profit/invest,softmax_high_entropy,7,calibration,iid,constant_a017,0.11949838962962965
0.0019805146708689347,-0.05005936689438844,0.03588863204998524,0.039021,0.039021,6.756015279379921,40.14026450076549,0.9374443029687044,0.002282416666666666,0.17135685185185184,108,0,2,monthly_beme_op,monthly size/profit/invest,softmax_high_entropy,7,calibration,iid,constant_a018,0.11949838962962965
0.03389680951946489,-0.08135497186876602,0.12954448298659435,0.122899,0.12289900000000001,8.868311380400606,28.723314066659274,0.9178860057370314,0.010592287037037039,0.19485992592592594,108,0,2,monthly_beme_op,monthly size/profit/invest,softmax_high_entropy,7,calibration,iid,constant_a019,0.11949838962962965
0.0030214863057367925,-0.02787370976522205,0.03470755219569216,0.068864,0.068864,2.9890506322687953,26.34618691392337,0.9723236052567704,0.005733851851851852,0.16194114814814817,108,6,1,monthly_beme_op,monthly size/profit/invest,softmax_high_entropy,7,calibration,iid,constant_a020,0.11949838962962965
-0.0030804297656775005,-0.009256176858815843,0.0039639720274628485,,inf,0.0,0.0,1.0,0.004910851851851851,0.14231881481481481,108,200,0,monthly_beme_op,monthly size/profit/invest,softmax_high_entropy,7,calibration,iid,constant_a021,0.11949838962962965
0.02486846031834918,-0.011283743088854305,0.050821980440396604,0.046994,0.046994,2.991478818507713,26.5993122448536,0.9723011220508545,0.0070512870370370365,0.17373688888888889,108,8,1,monthly_beme_op,monthly size/profit/invest,softmax_high_entropy,7,calibration,iid,constant_a022,0.11949838962962965
-0.027401319938262256,-0.10996191078710775,0.029613254406770928,0.171885,0.171885,3.9891890473061773,24.481149173924994,0.9630630643767947,0.01687215740740741,0.16973874074074072,108,4,1,monthly_beme_op,monthly size/profit/invest,softmax_high_entropy,7,calibration,iid,constant_a023,0.11949838962962965
0.07092789001006722,-0.028871300305204826,0.23395070790630618,0.16852,0.16852,4.4176676705092985,37.66966787011131,0.9590956697175065,0.020826731481481484,0.17694474074074074,108,1,1,monthly_beme_op,monthly size/profit/invest,softmax_high_entropy,7,calibration,iid,constant_a024,0.11949838962962965
0.0032422642404153234,-0.0357066406247515,0.027133631539659427,0.052681999999999986,inf,1.9999943791483794,26.265640934889316,0.9814815335264039,0.008471041851851852,0.11949838962962965,108,26,0,monthly_beme_op,monthly size/profit/invest,softmax_high_entropy,7,calibration,iid,constant_equal_weight_public,0.11949838962962965
0.0029717939511995787,-0.0418457365761604,0.05682104139047036,0.11415,0.11415,8.916539343821412,22.2664756023282,0.9174394505201721,0.010304194444444444,0.15110244444444446,108,0,2,monthly_beme_op,monthly size/profit/invest,softmax_high_entropy,7,calibration,iid,momentum_12,0.11949838962962965
-0.010988658226256673,-0.05062849465865123,0.013544203603978152,0.058338,0.05833800000000001,3.9369723447713785,32.04290389882005,0.963546552363228,0.009455527777777776,0.09748044444444444,108,4,1,monthly_beme_op,monthly size/profit/invest,softmax_high_entropy,7,calibration,iid,low_vol_12,0.11949838962962965
0.01948063694836833,-0.025653387388090143,0.06816464036072714,0.058338,0.05833800000000001,3.9401452839706317,25.84049857613908,0.9635171732965683,0.009305453703703703,0.14096814814814815,108,3,1,monthly_beme_op,monthly size/profit/invest,softmax_high_entropy,7,calibration,iid,risk_adjusted_12,0.11949838962962965
-0.0004665230689599317,-0.20445894261224506,0.1426719933127843,0.130552,0.130552,4.959349620794401,28.723314066659274,0.9540800961037555,0.011917731481481479,0.17367333333333332,108,0,1,monthly_beme_op,monthly size/profit/invest,softmax_high_entropy,7,calibration,iid,ridge_return_train_only,0.11949838962962965
0.009163924397460629,-0.048507509904567106,0.055645705985723264,0.11414999999999999,0.11415,3.862567389227395,27.96385699729071,0.9642354871367834,0.009011361111111112,0.15419533333333332,108,6,1,monthly_beme_op,monthly size/profit/invest,softmax_high_entropy,7,calibration,block,constant_a000,0.11949838962962965
0.0683011556491589,0.010096959911111114,0.20612859286682603,-0.067954,inf,2.9994159207166784,27.632104760623452,0.9722276303637345,0.005691944444444445,0.1491787037037037,108,21,1,monthly_beme_op,monthly size/profit/invest,softmax_high_entropy,7,calibration,block,constant_a001,0.11949838962962965
0.017538975612891958,0.010096959911111113,0.0324230070164536,-0.037677,inf,1.0,29.142006074027787,0.9907407407407407,0.009587805555555553,0.13425677777777775,108,74,0,monthly_beme_op,monthly size/profit/invest,softmax_high_entropy,7,calibration,block,constant_a002,0.11949838962962965
-0.007801625885730511,-0.04946062334032454,0.02711713464826377,0.049589999999999995,0.04959,3.980855152538401,26.8952561288839,0.9631402300690889,0.007711083333333333,0.09189985185185184,108,3,1,monthly_beme_op,monthly size/profit/invest,softmax_high_entropy,7,calibration,block,constant_a003,0.11949838962962965
0.021198172068131352,0.010096959911111113,0.03618961062690641,-0.031724,inf,1.9888505202425157,28.93934156122463,0.9815847174051618,0.008999,0.09132614814814814,108,23,0,monthly_beme_op,monthly size/profit/invest,softmax_high_entropy,7,calibration,block,constant_a004,0.11949838962962965
0.03476976115637027,-0.03386183193555948,0.12850697317006116,0.044905999999999995,0.044905999999999995,4.9449301118298425,28.797821877827758,0.9542136100756496,0.007037601851851851,0.14897285185185186,108,1,1,monthly_beme_op,monthly size/profit/invest,softmax_high_entropy,7,calibration,block,constant_a005,0.11949838962962965
0.003576055137092557,-0.010637547796627917,0.011268753296794517,0.013832,inf,1.9857756223883936,32.04290389882005,0.981613188681589,0.008633907407407406,0.12433974074074074,108,19,0,monthly_beme_op,monthly size/profit/invest,softmax_high_entropy,7,calibration,block,constant_a006,0.11949838962962965
-0.08499545860045937,-0.2771303161403122,0.04190978440730268,0.130552,0.130552,5.991384598941551,27.08059967469316,0.9445242166764671,0.008959064814814816,0.10838277777777777,108,0,2,monthly_beme_op,monthly size/profit/invest,softmax_high_entropy,7,calibration,block,constant_a007,0.11949838962962965
-0.019564059367519215,-0.05254574554083054,0.0037575142792677964,0.033482,0.033482,5.992207953143408,28.706410500967664,0.94451659302645,0.008833333333333334,0.10437133333333333,108,1,2,monthly_beme_op,monthly size/profit/invest,softmax_high_entropy,7,calibration,block,constant_a008,0.11949838962962965
-0.052421480719397985,-0.15381816941220414,0.027549653540488796,0.169052,0.169052,2.9957540915864107,27.316996821465903,0.9722615361890147,0.008357185185185186,0.10816214814814815,108,9,1,monthly_beme_op,monthly size/profit/invest,softmax_high_entropy,7,calibration,block,constant_a009,0.11949838962962965
0.0007996742024164621,-0.04142255719120834,0.024250415977818105,0.058338,inf,1.9945752814982645,28.68401117252922,0.9815317103564976,0.006952916666666668,0.1526792962962963,108,24,0,monthly_beme_op,monthly size/profit/invest,softmax_high_entropy,7,calibration,block,constant_a010,0.11949838962962965
-0.00343525678811313,-0.05122997697850934,0.038048953901405246,0.04889999999999999,0.048900000000000006,4.995583795177431,26.945417889331026,0.9537445944890979,0.008470018518518517,0.11324855555555556,108,3,1,monthly_beme_op,monthly size/profit/invest,softmax_high_entropy,7,calibration,block,constant_a011,0.11949838962962965
-0.015905957819759294,-0.07722929355137462,0.02771135923386373,0.082187,0.082187,4.913734357924161,33.9847543368401,0.9545024596488504,0.007643851851851852,0.12476462962962963,108,1,1,monthly_beme_op,monthly size/profit/invest,softmax_high_entropy,7,calibration,block,constant_a012,0.11949838962962965
-0.00975119553631628,-0.07317694463357743,0.050729266664631574,0.082051,0.082051,7.985306981557076,28.297837260443124,0.92606197239299,0.008225361111111112,0.10516055555555555,108,0,2,monthly_beme_op,monthly size/profit/invest,softmax_high_entropy,7,calibration,block,constant_a013,0.11949838962962965
0.029064140815004882,-0.005254513829439844,0.06779163974945922,0.029157000000000002,0.029157000000000006,6.977860512303091,27.8662021664961,0.935390180441638,0.01212915740740741,0.12042751851851852,108,0,2,monthly_beme_op,monthly size/profit/invest,softmax_high_entropy,7,calibration,block,constant_a014,0.11949838962962965
0.07191573100112515,-0.010710262229052627,0.16066541877949295,0.044991,0.044991,4.786075471476653,41.61423086019238,0.9556844863752162,0.004571592592592592,0.18182740740740738,108,2,1,monthly_beme_op,monthly size/profit/invest,softmax_high_entropy,7,calibration,block,constant_a015,0.11949838962962965
-0.0033645511097666163,-0.044753387597528324,0.024562774357117262,0.059349,inf,1.9979443777114623,28.433799645630494,0.9815005150211902,0.005576574074074074,0.15014825925925926,108,34,0,monthly_beme_op,monthly size/profit/invest,softmax_high_entropy,7,calibration,block,constant_a016,0.11949838962962965
0.03568723660507823,0.014536759233242831,0.057933816659394746,-0.016202,-0.016202,4.9223856844862155,33.74239456193238,0.9544223547732757,0.007114703703703705,0.1573044814814815,108,2,1,monthly_beme_op,monthly size/profit/invest,softmax_high_entropy,7,calibration,block,constant_a017,0.11949838962962965
0.0019805146708689347,-0.050013894708476364,0.038329102422953495,0.039021,0.039021,6.756015279379921,40.14026450076549,0.9374443029687044,0.002282416666666666,0.17135685185185184,108,0,2,monthly_beme_op,monthly size/profit/invest,softmax_high_entropy,7,calibration,block,constant_a018,0.11949838962962965
0.03389680951946489,-0.053286805547520806,0.12748823020881336,0.122899,0.12289900000000001,8.868311380400606,28.723314066659274,0.9178860057370314,0.010592287037037039,0.19485992592592594,108,0,2,monthly_beme_op,monthly size/profit/invest,softmax_high_entropy,7,calibration,block,constant_a019,0.11949838962962965
0.0030214863057367925,-0.03285279578839692,0.036758215635701544,0.068864,0.068864,2.9890506322687953,26.34618691392337,0.9723236052567704,0.005733851851851852,0.16194114814814817,108,6,1,monthly_beme_op,monthly size/profit/invest,softmax_high_entropy,7,calibration,block,constant_a020,0.11949838962962965
-0.0030804297656775005,-0.011141280733889673,0.0036961381237255423,,inf,0.0,0.0,1.0,0.004910851851851851,0.14231881481481481,108,200,0,monthly_beme_op,monthly size/profit/invest,softmax_high_entropy,7,calibration,block,constant_a021,0.11949838962962965
0.02486846031834918,-0.019187728397640512,0.055296892993547044,0.046994,0.046994,2.991478818507713,26.5993122448536,0.9723011220508545,0.0070512870370370365,0.17373688888888889,108,6,1,monthly_beme_op,monthly size/profit/invest,softmax_high_entropy,7,calibration,block,constant_a022,0.11949838962962965
-0.027401319938262256,-0.11659023243518656,0.027758087884533444,0.171885,0.171885,3.9891890473061773,24.481149173924994,0.9630630643767947,0.01687215740740741,0.16973874074074072,108,1,1,monthly_beme_op,monthly size/profit/invest,softmax_high_entropy,7,calibration,block,constant_a023,0.11949838962962965
0.07092789001006722,-0.045809476494831955,0.23714069491526282,0.16852,0.16852,4.4176676705092985,37.66966787011131,0.9590956697175065,0.020826731481481484,0.17694474074074074,108,3,1,monthly_beme_op,monthly size/profit/invest,softmax_high_entropy,7,calibration,block,constant_a024,0.11949838962962965
0.0032422642404153234,-0.03570664062475152,0.02865314515595796,0.052681999999999986,inf,1.9999943791483794,26.265640934889316,0.9814815335264039,0.008471041851851852,0.11949838962962965,108,25,0,monthly_beme_op,monthly size/profit/invest,softmax_high_entropy,7,calibration,block,constant_equal_weight_public,0.11949838962962965
0.0029717939511995787,-0.04618563236221341,0.04849650826618573,0.11415,0.11415,8.916539343821412,22.2664756023282,0.9174394505201721,0.010304194444444444,0.15110244444444446,108,1,2,monthly_beme_op,monthly size/profit/invest,softmax_high_entropy,7,calibration,block,momentum_12,0.11949838962962965
-0.010988658226256673,-0.05416013412532946,0.013537114026310384,0.058338,0.05833800000000001,3.9369723447713785,32.04290389882005,0.963546552363228,0.009455527777777776,0.09748044444444444,108,4,1,monthly_beme_op,monthly size/profit/invest,softmax_high_entropy,7,calibration,block,low_vol_12,0.11949838962962965
0.01948063694836833,-0.02789170773401923,0.06326392492156915,0.058338,0.05833800000000001,3.9401452839706317,25.84049857613908,0.9635171732965683,0.009305453703703703,0.14096814814814815,108,3,1,monthly_beme_op,monthly size/profit/invest,softmax_high_entropy,7,calibration,block,risk_adjusted_12,0.11949838962962965
-0.0004665230689599317,-0.1908815964208683,0.14033591569059248,0.130552,0.130552,4.959349620794401,28.723314066659274,0.9540800961037555,0.011917731481481479,0.17367333333333332,108,0,1,monthly_beme_op,monthly size/profit/invest,softmax_high_entropy,7,calibration,block,ridge_return_train_only,0.11949838962962965
-0.06399860621656261,-0.0752627515089319,-0.0505180305793737,0.12335100000000002,inf,1.0,23.25099986027201,0.9926470588235294,0.011030007352941176,0.15709526470588234,136,81,0,monthly_beme_op,monthly size/profit/invest,softmax_high_entropy,7,test,iid,constant_a000,0.11949838962962965
0.016286976904309816,-0.0330156798564319,0.06394198171765843,0.046782000000000004,0.046782000000000004,6.806326143186831,27.872583570608818,0.9499534842412733,0.023444860294117645,0.12699891176470587,136,0,2,monthly_beme_op,monthly size/profit/invest,softmax_high_entropy,7,test,iid,constant_a001,0.11949838962962965
-0.023414051226403828,-0.0584371780600295,0.010450962476683291,0.08318199999999998,0.08318199999999999,5.893477147062211,27.220495753664693,0.9566656092127779,0.013153823529411765,0.13322823529411765,136,0,2,monthly_beme_op,monthly size/profit/invest,softmax_high_entropy,7,test,iid,constant_a002,0.11949838962962965
-0.0491876769359459,-0.15439448176282797,0.02467372602316045,0.173293,0.173293,7.730292033747262,32.690359536658484,0.9431596173989172,0.015877375,0.11909723529411764,136,0,2,monthly_beme_op,monthly size/profit/invest,softmax_high_entropy,7,test,iid,constant_a003,0.11949838962962965
0.040238872372088466,-0.004134478706665275,0.08845126949063789,0.062211999999999996,0.062212,6.980196936625949,27.248779617054367,0.9486750225248092,0.012729867647058824,0.08378829411764706,136,0,2,monthly_beme_op,monthly size/profit/invest,softmax_high_entropy,7,test,iid,constant_a004,0.11949838962962965
-0.05636970557578408,-0.14936745926968584,0.018097226842626588,0.06155999999999999,0.061560000000000004,6.7012309292324215,37.77578924189875,0.9507262431674086,0.010292911764705884,0.1313721176470588,136,0,2,monthly_beme_op,monthly size/profit/invest,softmax_high_entropy,7,test,iid,constant_a005,0.11949838962962965
-0.001938089547719736,-0.055913086447688796,0.03672840786993296,0.075016,0.075016,3.946906199925363,35.94083076872932,0.9709786308829017,0.007293139705882353,0.09094320588235294,136,3,1,monthly_beme_op,monthly size/profit/invest,softmax_high_entropy,7,test,iid,constant_a006,0.11949838962962965
0.005874553230607669,-0.0517544728846876,0.045154910176790644,0.06052,inf,1.0,26.962204810853898,0.9926470588235294,0.011329838235294118,0.09501655882352941,136,88,0,monthly_beme_op,monthly size/profit/invest,softmax_high_entropy,7,test,iid,constant_a007,0.11949838962962965
0.01853936442838498,0.010096959911111111,0.03549663390965304,-0.030938,inf,1.9938531104251085,27.782241917009245,0.9853393153645212,0.011474867647058825,0.08307823529411763,136,21,0,monthly_beme_op,monthly size/profit/invest,softmax_high_entropy,7,test,iid,constant_a008,0.11949838962962965
0.04361218057197749,-0.004719912659678792,0.11848475889325993,0.080958,0.080958,6.936686995823235,30.883683013227074,0.9489949485601232,0.010274257352941176,0.0984035294117647,136,0,2,monthly_beme_op,monthly size/profit/invest,softmax_high_entropy,7,test,iid,constant_a009,0.11949838962962965
-0.010727538838885387,-0.057538723356243215,0.02952321994205415,0.067016,0.067016,5.985628292047541,26.053641986735098,0.9559880272643563,0.009373007352941174,0.11470952941176471,136,1,2,monthly_beme_op,monthly size/profit/invest,softmax_high_entropy,7,test,iid,constant_a010,0.11949838962962965
-0.026651406294309326,-0.07161989462831557,0.012516558217363364,0.06777,0.06777,3.989616265173849,27.504858621513325,0.9706645862854864,0.011024213235294116,0.1011819117647059,136,3,1,monthly_beme_op,monthly size/profit/invest,softmax_high_entropy,7,test,iid,constant_a011,0.11949838962962965
0.01510267687265875,-0.005575342174618012,0.03398712534958118,0.030774,0.030774000000000003,4.954056585764333,28.034529524402995,0.9635731133399681,0.008815691176470589,0.10376441176470588,136,4,1,monthly_beme_op,monthly size/profit/invest,softmax_high_entropy,7,test,iid,constant_a012,0.11949838962962965
0.0035942768556074044,-0.03784695879248884,0.041875819082843505,0.061314,0.06131400000000001,4.968470006352418,32.04287106080722,0.9634671323062323,0.009981808823529413,0.11502073529411763,136,0,1,monthly_beme_op,monthly size/profit/invest,softmax_high_entropy,7,test,iid,constant_a013,0.11949838962962965
0.01705600823134499,-0.02161476475547641,0.06156481920574821,0.043687,0.043687,6.881802572489226,36.52778383143541,0.9493985104964028,0.005425272058823529,0.15093029411764705,136,0,2,monthly_beme_op,monthly size/profit/invest,softmax_high_entropy,7,test,iid,constant_a014,0.11949838962962965
0.05580908071661216,0.018026500575245304,0.11173029330586765,0.010476000000000001,0.010476000000000001,5.983354584056908,29.13215211456384,0.9560047457054639,0.01077013970588235,0.10116476470588236,136,0,2,monthly_beme_op,monthly size/profit/invest,softmax_high_entropy,7,test,iid,constant_a015,0.11949838962962965
0.028379184645640296,-0.0025233966563687833,0.07759263418332271,0.029233,0.029233000000000002,4.9273229083612025,29.879374436788787,0.9637696844973441,0.008198404411764707,0.11871282352941175,136,1,1,monthly_beme_op,monthly size/profit/invest,softmax_high_entropy,7,test,iid,constant_a016,0.11949838962962965
0.028309036559328236,-0.027501329201369752,0.10678064645029094,0.053072,0.05307200000000001,4.965364083185871,29.947946838092022,0.9634899699765744,0.010214404411764706,0.12240526470588234,136,0,1,monthly_beme_op,monthly size/profit/invest,softmax_high_entropy,7,test,iid,constant_a017,0.11949838962962965
-0.008692263032169868,-0.07460918564294106,0.05397821926945379,0.08757899999999999,0.08757899999999999,7.975818819896213,27.010069968592763,0.9413542733831161,0.01078397794117647,0.1249915882352941,136,0,2,monthly_beme_op,monthly size/profit/invest,softmax_high_entropy,7,test,iid,constant_a018,0.11949838962962965
0.024678384913877114,-0.034819781092556214,0.07283317300594828,0.034225,inf,2.9182457538907447,35.28701364533101,0.9785423106331563,0.004148029411764705,0.16689767647058826,136,15,1,monthly_beme_op,monthly size/profit/invest,softmax_high_entropy,7,test,iid,constant_a019,0.11949838962962965
0.024863810975539302,0.006727278665973076,0.05390075779814245,-0.0017430000000000002,-0.001743,3.995613595916803,29.921212414844714,0.9706204882653177,0.01308618382352941,0.1459555588235294,136,8,1,monthly_beme_op,monthly size/profit/invest,softmax_high_entropy,7,test,iid,constant_a020,0.11949838962962965
-0.012195003001017118,-0.10895061001781024,0.07527477503723984,0.014422,0.014422,3.943682321101701,27.040113390737268,0.9710023358742522,0.011047073529411767,0.14904241176470587,136,7,1,monthly_beme_op,monthly size/profit/invest,softmax_high_entropy,7,test,iid,constant_a021,0.11949838962962965
0.026813268958837972,-0.07082164075598442,0.1129380676765695,0.08368700000000001,0.08368700000000001,6.957923840099773,26.02603872934601,0.948838795293384,0.01314758823529412,0.13828129411764706,136,0,2,monthly_beme_op,monthly size/profit/invest,softmax_high_entropy,7,test,iid,constant_a022,0.11949838962962965
0.010767055066486559,-0.01670314156572295,0.046516433316319904,0.036301,0.036301,6.036337735285287,33.52467379727124,0.9556151637111376,0.014868257352941176,0.13557679411764706,136,0,2,monthly_beme_op,monthly size/profit/invest,softmax_high_entropy,7,test,iid,constant_a023,0.11949838962962965
0.031804839367233856,-0.008481254951180317,0.06928423415086342,0.043718999999999994,0.043719,4.948714403537114,32.44086301759977,0.9636123940916389,0.004658558823529411,0.22838226470588233,136,2,1,monthly_beme_op,monthly size/profit/invest,softmax_high_entropy,7,test,iid,constant_a024,0.11949838962962965
-0.0018410617085685716,-0.027664291009178638,0.01819472961921136,0.04050648,0.04050648,4.999047502654029,27.200711285344774,0.9632422977746027,0.010897742352941178,0.10712653647058824,136,1,1,monthly_beme_op,monthly size/profit/invest,softmax_high_entropy,7,test,iid,constant_equal_weight_public,0.11949838962962965
0.02679062974617285,-0.04761024925241697,0.09019621561581775,0.032311,0.032311,7.6026398424561155,22.749308319337846,0.9440982364525285,0.016952595588235295,0.14063335294117646,136,0,2,monthly_beme_op,monthly size/profit/invest,softmax_high_entropy,7,test,iid,momentum_12,0.11949838962962965
-0.01784255172915456,-0.06557002829922795,0.019263007931766447,0.062211999999999996,0.062212,5.98902239738505,28.062775232787033,0.9559630706074629,0.00962212588235294,0.0925010588235294,136,0,2,monthly_beme_op,monthly size/profit/invest,softmax_high_entropy,7,test,iid,low_vol_12,0.11949838962962965
0.022696622604478706,-0.00029157174349264713,0.05101553894117347,0.024876,0.024876000000000002,4.925950668472135,21.42021729656275,0.9637797744965284,0.018501286764705884,0.10194055882352941,136,1,1,monthly_beme_op,monthly size/profit/invest,softmax_high_entropy,7,test,iid,risk_adjusted_12,0.11949838962962965
-0.014979620507472695,-0.12060381219472033,0.0905901358327612,0.048402999999999995,0.04840300000000001,4.9190398434466225,27.040113390737268,0.9638305893864219,0.012032360294117646,0.15107488235294117,136,4,1,monthly_beme_op,monthly size/profit/invest,softmax_high_entropy,7,test,iid,ridge_return_train_only,0.11949838962962965
-0.06399860621656261,-0.08168664368007429,-0.048380377666916545,0.12335100000000002,inf,1.0,23.25099986027201,0.9926470588235294,0.011030007352941176,0.15709526470588234,136,73,0,monthly_beme_op,monthly size/profit/invest,softmax_high_entropy,7,test,block,constant_a000,0.11949838962962965
0.016286976904309816,-0.025696244739932882,0.05790147184783444,0.046782000000000004,0.046782000000000004,6.806326143186831,27.872583570608818,0.9499534842412733,0.023444860294117645,0.12699891176470587,136,0,2,monthly_beme_op,monthly size/profit/invest,softmax_high_entropy,7,test,block,constant_a001,0.11949838962962965
-0.023414051226403828,-0.07507373620503141,0.009907911300369204,0.08318199999999998,0.08318199999999999,5.893477147062211,27.220495753664693,0.9566656092127779,0.013153823529411765,0.13322823529411765,136,0,2,monthly_beme_op,monthly size/profit/invest,softmax_high_entropy,7,test,block,constant_a002,0.11949838962962965
-0.0491876769359459,-0.1461350442998223,0.028193425186131955,0.173293,0.173293,7.730292033747262,32.690359536658484,0.9431596173989172,0.015877375,0.11909723529411764,136,0,2,monthly_beme_op,monthly size/profit/invest,softmax_high_entropy,7,test,block,constant_a003,0.11949838962962965
0.040238872372088466,-0.012069904978085574,0.0927641608086624,0.062211999999999996,0.062212,6.980196936625949,27.248779617054367,0.9486750225248092,0.012729867647058824,0.08378829411764706,136,0,2,monthly_beme_op,monthly size/profit/invest,softmax_high_entropy,7,test,block,constant_a004,0.11949838962962965
-0.05636970557578408,-0.14587673485009453,0.01631648573013956,0.06155999999999999,0.061560000000000004,6.7012309292324215,37.77578924189875,0.9507262431674086,0.010292911764705884,0.1313721176470588,136,0,2,monthly_beme_op,monthly size/profit/invest,softmax_high_entropy,7,test,block,constant_a005,0.11949838962962965
-0.001938089547719736,-0.05977380518467496,0.03646706005168261,0.075016,0.075016,3.946906199925363,35.94083076872932,0.9709786308829017,0.007293139705882353,0.09094320588235294,136,2,1,monthly_beme_op,monthly size/profit/invest,softmax_high_entropy,7,test,block,constant_a006,0.11949838962962965
0.005874553230607669,-0.05672626489864451,0.044075428215409516,0.06052,inf,1.0,26.962204810853898,0.9926470588235294,0.011329838235294118,0.09501655882352941,136,65,0,monthly_beme_op,monthly size/profit/invest,softmax_high_entropy,7,test,block,constant_a007,0.11949838962962965
0.01853936442838498,0.010096959911111111,0.031239201427655995,-0.030938,inf,1.9938531104251085,27.782241917009245,0.9853393153645212,0.011474867647058825,0.08307823529411763,136,21,0,monthly_beme_op,monthly size/profit/invest,softmax_high_entropy,7,test,block,constant_a008,0.11949838962962965
0.04361218057197749,0.0008267329965411244,0.10673064903737743,0.080958,0.080958,6.936686995823235,30.883683013227074,0.9489949485601232,0.010274257352941176,0.0984035294117647,136,0,2,monthly_beme_op,monthly size/profit/invest,softmax_high_entropy,7,test,block,constant_a009,0.11949838962962965
-0.010727538838885387,-0.06222651408484466,0.032764726915543496,0.067016,0.067016,5.985628292047541,26.053641986735098,0.9559880272643563,0.009373007352941174,0.11470952941176471,136,0,2,monthly_beme_op,monthly size/profit/invest,softmax_high_entropy,7,test,block,constant_a010,0.11949838962962965
-0.026651406294309326,-0.06633137980701108,0.010096959911111111,0.06777,0.06777,3.989616265173849,27.504858621513325,0.9706645862854864,0.011024213235294116,0.1011819117647059,136,3,1,monthly_beme_op,monthly size/profit/invest,softmax_high_entropy,7,test,block,constant_a011,0.11949838962962965
0.01510267687265875,-0.013328925489949418,0.03980055548905996,0.030774,0.030774000000000003,4.954056585764333,28.034529524402995,0.9635731133399681,0.008815691176470589,0.10376441176470588,136,1,1,monthly_beme_op,monthly size/profit/invest,softmax_high_entropy,7,test,block,constant_a012,0.11949838962962965
0.0035942768556074044,-0.032567356559144056,0.03804983408054092,0.061314,0.06131400000000001,4.968470006352418,32.04287106080722,0.9634671323062323,0.009981808823529413,0.11502073529411763,136,0,1,monthly_beme_op,monthly size/profit/invest,softmax_high_entropy,7,test,block,constant_a013,0.11949838962962965
0.01705600823134499,-0.029369496032155544,0.0627176466549808,0.043687,0.043687,6.881802572489226,36.52778383143541,0.9493985104964028,0.005425272058823529,0.15093029411764705,136,0,2,monthly_beme_op,monthly size/profit/invest,softmax_high_entropy,7,test,block,constant_a014,0.11949838962962965
0.05580908071661216,0.01187977208433587,0.11449674751504632,0.010476000000000001,0.010476000000000001,5.983354584056908,29.13215211456384,0.9560047457054639,0.01077013970588235,0.10116476470588236,136,1,2,monthly_beme_op,monthly size/profit/invest,softmax_high_entropy,7,test,block,constant_a015,0.11949838962962965
0.028379184645640296,-0.012728675129706926,0.07283872756177694,0.029233,0.029233000000000002,4.9273229083612025,29.879374436788787,0.9637696844973441,0.008198404411764707,0.11871282352941175,136,0,1,monthly_beme_op,monthly size/profit/invest,softmax_high_entropy,7,test,block,constant_a016,0.11949838962962965
0.028309036559328236,-0.026954373703204942,0.08504433516411813,0.053072,0.05307200000000001,4.965364083185871,29.947946838092022,0.9634899699765744,0.010214404411764706,0.12240526470588234,136,1,1,monthly_beme_op,monthly size/profit/invest,softmax_high_entropy,7,test,block,constant_a017,0.11949838962962965
-0.008692263032169868,-0.06892628703348402,0.045808400770200514,0.08757899999999999,0.08757899999999999,7.975818819896213,27.010069968592763,0.9413542733831161,0.01078397794117647,0.1249915882352941,136,0,2,monthly_beme_op,monthly size/profit/invest,softmax_high_entropy,7,test,block,constant_a018,0.11949838962962965
0.024678384913877114,-0.06126580175940472,0.07415537810316197,0.034225,inf,2.9182457538907447,35.28701364533101,0.9785423106331563,0.004148029411764705,0.16689767647058826,136,21,1,monthly_beme_op,monthly size/profit/invest,softmax_high_entropy,7,test,block,constant_a019,0.11949838962962965
0.024863810975539302,0.006727278665973075,0.052218491645447784,-0.0017430000000000002,-0.001743,3.995613595916803,29.921212414844714,0.9706204882653177,0.01308618382352941,0.1459555588235294,136,7,1,monthly_beme_op,monthly size/profit/invest,softmax_high_entropy,7,test,block,constant_a020,0.11949838962962965
-0.012195003001017118,-0.13509691890083667,0.06953686631717385,0.014422,0.014422,3.943682321101701,27.040113390737268,0.9710023358742522,0.011047073529411767,0.14904241176470587,136,3,1,monthly_beme_op,monthly size/profit/invest,softmax_high_entropy,7,test,block,constant_a021,0.11949838962962965
0.026813268958837972,-0.05582928907279684,0.09625782887410796,0.08368700000000001,0.08368700000000001,6.957923840099773,26.02603872934601,0.948838795293384,0.01314758823529412,0.13828129411764706,136,0,2,monthly_beme_op,monthly size/profit/invest,softmax_high_entropy,7,test,block,constant_a022,0.11949838962962965
0.010767055066486559,-0.014484934751342132,0.05179312883899044,0.036301,0.036301,6.036337735285287,33.52467379727124,0.9556151637111376,0.014868257352941176,0.13557679411764706,136,0,2,monthly_beme_op,monthly size/profit/invest,softmax_high_entropy,7,test,block,constant_a023,0.11949838962962965
0.031804839367233856,-0.009800854876461571,0.0692424494267615,0.043718999999999994,0.043719,4.948714403537114,32.44086301759977,0.9636123940916389,0.004658558823529411,0.22838226470588233,136,0,1,monthly_beme_op,monthly size/profit/invest,softmax_high_entropy,7,test,block,constant_a024,0.11949838962962965
-0.0018410617085685716,-0.031676341115433757,0.014789105685066932,0.04050648,0.04050648,4.999047502654029,27.200711285344774,0.9632422977746027,0.010897742352941178,0.10712653647058824,136,1,1,monthly_beme_op,monthly size/profit/invest,softmax_high_entropy,7,test,block,constant_equal_weight_public,0.11949838962962965
0.02679062974617285,-0.03455546641712854,0.07879454029248707,0.032311,0.032311,7.6026398424561155,22.749308319337846,0.9440982364525285,0.016952595588235295,0.14063335294117646,136,0,2,monthly_beme_op,monthly size/profit/invest,softmax_high_entropy,7,test,block,momentum_12,0.11949838962962965
-0.01784255172915456,-0.05880174432903488,0.021716213460562232,0.062211999999999996,0.062212,5.98902239738505,28.062775232787033,0.9559630706074629,0.00962212588235294,0.0925010588235294,136,0,2,monthly_beme_op,monthly size/profit/invest,softmax_high_entropy,7,test,block,low_vol_12,0.11949838962962965
0.022696622604478706,0.00041804615302886,0.05189965403977139,0.024876,0.024876,4.925950668472135,21.42021729656275,0.9637797744965284,0.018501286764705884,0.10194055882352941,136,0,1,monthly_beme_op,monthly size/profit/invest,softmax_high_entropy,7,test,block,risk_adjusted_12,0.11949838962962965
-0.014979620507472695,-0.17671150166713573,0.08797663074485419,0.048402999999999995,0.04840300000000001,4.9190398434466225,27.040113390737268,0.9638305893864219,0.012032360294117646,0.15107488235294117,136,1,1,monthly_beme_op,monthly size/profit/invest,softmax_high_entropy,7,test,block,ridge_return_train_only,0.11949838962962965
-0.007117450539641849,-0.045680265498054484,0.05094116752406159,0.022458999999999996,0.022458999999999996,3.995644737467237,28.717671373810848,0.9630032894678959,0.009011361111111112,0.15419533333333332,108,5,1,monthly_beme_op,monthly size/profit/invest,softmax_high_entropy,17,calibration,iid,constant_a000,0.11949838962962965
-0.010028325003688185,-0.050274497617171524,0.016748203074020442,0.047503000000000004,inf,2.995174631509283,30.91472934628367,0.9722669015600992,0.005691944444444445,0.1491787037037037,108,14,1,monthly_beme_op,monthly size/profit/invest,softmax_high_entropy,17,calibration,iid,constant_a001,0.11949838962962965
0.07798866037353272,0.023583864301020777,0.15371834587019106,-0.030195,-0.030194999999999996,3.9366017270146574,31.081461692204037,0.9635499840091235,0.009587805555555553,0.13425677777777775,108,4,1,monthly_beme_op,monthly size/profit/invest,softmax_high_entropy,17,calibration,iid,constant_a002,0.11949838962962965
0.037031330792041156,-0.02218640192591392,0.09939460568831696,0.030559,0.030559000000000003,6.939816068292528,29.59304833605981,0.9357424438121063,0.007711083333333333,0.09189985185185184,108,0,2,monthly_beme_op,monthly size/profit/invest,softmax_high_entropy,17,calibration,iid,constant_a003,0.11949838962962965
0.02496573035597472,0.009206039632277629,0.05591080450301202,-0.008536,-0.008536,2.9787779245426043,30.16545813588451,0.9724187229209018,0.008999,0.09132614814814814,108,9,1,monthly_beme_op,monthly size/profit/invest,softmax_high_entropy,17,calibration,iid,constant_a004,0.11949838962962965
-0.04207365164250646,-0.16854332395701688,0.04835938503318697,0.151831,0.151831,4.895786727488559,35.69683413717966,0.954668641412143,0.007037601851851851,0.14897285185185186,108,3,1,monthly_beme_op,monthly size/profit/invest,softmax_high_entropy,17,calibration,iid,constant_a005,0.11949838962962965
-0.04917987167850921,-0.16929268580215157,0.06895824529165209,0.126781,0.126781,2.981591644519488,26.149220336827018,0.9723926699581529,0.008633907407407406,0.12433974074074074,108,8,1,monthly_beme_op,monthly size/profit/invest,softmax_high_entropy,17,calibration,iid,constant_a006,0.11949838962962965
-0.06840884666390337,-0.1695205215038696,0.019167716231045368,0.09255499999999998,0.092555,10.963596600879061,27.311886247236085,0.8984852166585272,0.008959064814814816,0.10838277777777777,108,0,3,monthly_beme_op,monthly size/profit/invest,softmax_high_entropy,17,calibration,iid,constant_a007,0.11949838962962965
0.016239141765706795,-0.003551786461359437,0.03336887391127122,0.016313,0.016313,3.999182643775162,26.352239672528867,0.9629705310761559,0.008833333333333334,0.10437133333333333,108,3,1,monthly_beme_op,monthly size/profit/invest,softmax_high_entropy,17,calibration,iid,constant_a008,0.11949838962962965
0.00977702426666668,0.009777024266666667,0.009777024266666675,,inf,0.0,0.0,1.0,0.008357185185185186,0.10816214814814815,108,200,0,monthly_beme_op,monthly size/profit/invest,softmax_high_entropy,17,calibration,iid,constant_a009,0.11949838962962965
0.021614133159522833,0.009777024266666668,0.04528835094523523,-0.06285199999999999,inf,1.0,24.08682703599571,0.9907407407407407,0.006952916666666668,0.1526792962962963,108,70,0,monthly_beme_op,monthly size/profit/invest,softmax_high_entropy,17,calibration,iid,constant_a010,0.11949838962962965
-0.031029915718155027,-0.12166384085167982,0.021296290259692156,0.080733,0.080733,4.9442123340586575,31.752085693469898,0.9542202561661235,0.008470018518518517,0.11324855555555556,108,0,1,monthly_beme_op,monthly size/profit/invest,softmax_high_entropy,17,calibration,iid,constant_a011,0.11949838962962965
0.00977702426666668,0.009777024266666667,0.009777024266666675,,inf,0.0,0.0,1.0,0.007643851851851852,0.12476462962962963,108,200,0,monthly_beme_op,monthly size/profit/invest,softmax_high_entropy,17,calibration,iid,constant_a012,0.11949838962962965
0.036561718371944614,0.01184517677336445,0.0814786847254045,-0.010952,-0.010952,2.9952936755536226,27.706923888144228,0.9722657993004294,0.008225361111111112,0.10516055555555555,108,7,1,monthly_beme_op,monthly size/profit/invest,softmax_high_entropy,17,calibration,iid,constant_a013,0.11949838962962965
-0.020212652712755533,-0.06290010088265469,0.002474798039427387,0.079646,0.079646,2.9495201381910556,23.591995229661464,0.9726896283500828,0.01212915740740741,0.12042751851851852,108,4,1,monthly_beme_op,monthly size/profit/invest,softmax_high_entropy,17,calibration,iid,constant_a014,0.11949838962962965
0.028267687194404728,-0.018807759127852226,0.06570285028951288,0.035523,0.035523,5.983160642557828,28.34381456959443,0.9446003644207609,0.004571592592592592,0.18182740740740738,108,0,2,monthly_beme_op,monthly size/profit/invest,softmax_high_entropy,17,calibration,iid,constant_a015,0.11949838962962965
0.026961950526222685,0.008932427032218304,0.05371958774510594,-0.008268,-0.008268,3.9659650623500484,30.223669471503825,0.9632781012745366,0.005576574074074074,0.15014825925925926,108,1,1,monthly_beme_op,monthly size/profit/invest,softmax_high_entropy,17,calibration,iid,constant_a016,0.11949838962962965
0.015050290144910647,-0.029336062973210474,0.08391577746877547,0.028673,inf,2.990757916712457,28.382143547763107,0.9723077970674773,0.007114703703703705,0.1573044814814815,108,12,1,monthly_beme_op,monthly size/profit/invest,softmax_high_entropy,17,calibration,iid,constant_a017,0.11949838962962965
0.025811764180148206,-0.06117383607222356,0.09408407783629323,0.018328,0.018328,4.949208137127379,32.10968174356116,0.9541739987303021,0.002282416666666666,0.17135685185185184,108,1,1,monthly_beme_op,monthly size/profit/invest,softmax_high_entropy,17,calibration,iid,constant_a018,0.11949838962962965
-0.005039647840251916,-0.08730664862323285,0.054265437280975076,0.122899,0.12289900000000001,4.897707346754466,30.865349143239655,0.9546508579004216,0.010592287037037039,0.19485992592592594,108,2,1,monthly_beme_op,monthly size/profit/invest,softmax_high_entropy,17,calibration,iid,constant_a019,0.11949838962962965
-0.01501790789152473,-0.07819034042328926,0.035315135316446526,0.090954,0.090954,6.896172722141852,30.264492116257873,0.9361465488690569,0.005733851851851852,0.16194114814814817,108,0,2,monthly_beme_op,monthly size/profit/invest,softmax_high_entropy,17,calibration,iid,constant_a020,0.11949838962962965
-0.033830400735054646,-0.14953913714781075,0.08016681583466946,0.140098,0.140098,5.960160729120649,29.843215083168335,0.9448133265822162,0.004910851851851851,0.14231881481481481,108,0,2,monthly_beme_op,monthly size/profit/invest,softmax_high_entropy,17,calibration,iid,constant_a021,0.11949838962962965
0.03212965567067517,0.009777024266666668,0.06670602574861625,-0.057481,inf,1.9849453248028521,27.30659081257302,0.9816208766221958,0.0070512870370370365,0.17373688888888889,108,32,0,monthly_beme_op,monthly size/profit/invest,softmax_high_entropy,17,calibration,iid,constant_a022,0.11949838962962965
0.050935183478330794,0.009771069496237737,0.10406681305665336,-0.007367,-0.007366999999999999,3.6945252831961857,26.221828252234445,0.9657914325629983,0.01687215740740741,0.16973874074074072,108,6,1,monthly_beme_op,monthly size/profit/invest,softmax_high_entropy,17,calibration,iid,constant_a023,0.11949838962962965
-0.08736364850125265,-0.2650430952014525,0.03945739437417072,0.3677369999999999,0.367737,6.35449736956376,27.450761689156025,0.9411620613929281,0.020826731481481484,0.17694474074074074,108,0,2,monthly_beme_op,monthly size/profit/invest,softmax_high_entropy,17,calibration,iid,constant_a024,0.11949838962962965
0.0357374573413948,0.010996777178227541,0.07368213502379946,-0.01871156,inf,2.9999976410532,26.14098967687028,0.9722222440643222,0.008471041851851852,0.11949838962962965,108,14,1,monthly_beme_op,monthly size/profit/invest,softmax_high_entropy,17,calibration,iid,constant_equal_weight_public,0.11949838962962965
-0.0001509217223187324,-0.032006684867276314,0.023687417512949137,0.015096,0.015096000000000002,5.420082511869118,23.278304298453836,0.9498140508160267,0.010304194444444444,0.15110244444444446,108,0,2,monthly_beme_op,monthly size/profit/invest,softmax_high_entropy,17,calibration,iid,momentum_12,0.11949838962962965
0.0025798035600826277,-0.005537683927318375,0.009658579431201039,,inf,0.0,0.0,1.0,0.009455527777777776,0.09748044444444444,108,200,0,monthly_beme_op,monthly size/profit/invest,softmax_high_entropy,17,calibration,iid,low_vol_12,0.11949838962962965
0.015886608478291167,0.011273768926579887,0.022234395633691586,-0.007367,inf,1.9819939000881865,12.92315351486777,0.9816482046288131,0.009305453703703703,0.14096814814814815,108,29,0,monthly_beme_op,monthly size/profit/invest,softmax_high_entropy,17,calibration,iid,risk_adjusted_12,0.11949838962962965
-0.10031849895481616,-0.2998440452686954,0.04539347863882598,0.367737,0.367737,6.437335797265601,29.244942112204203,0.9403950389142074,0.016523446666666667,0.16896244444444444,108,0,2,monthly_beme_op,monthly size/profit/invest,softmax_high_entropy,17,calibration,iid,ridge_return_train_only,0.11949838962962965
-0.007117450539641849,-0.04873382784411162,0.044457062179436235,0.022458999999999996,0.022458999999999996,3.995644737467237,28.717671373810848,0.9630032894678959,0.009011361111111112,0.15419533333333332,108,5,1,monthly_beme_op,monthly size/profit/invest,softmax_high_entropy,17,calibration,block,constant_a000,0.11949838962962965
-0.010028325003688185,-0.050274497617171524,0.01674820307402044,0.047503000000000004,0.047503000000000004,2.995174631509283,30.91472934628367,0.9722669015600992,0.005691944444444445,0.1491787037037037,108,7,1,monthly_beme_op,monthly size/profit/invest,softmax_high_entropy,17,calibration,block,constant_a001,0.11949838962962965
0.07798866037353272,0.018306966356566447,0.14559315849987992,-0.030195,-0.030194999999999996,3.9366017270146574,31.081461692204037,0.9635499840091235,0.009587805555555553,0.13425677777777775,108,5,1,monthly_beme_op,monthly size/profit/invest,softmax_high_entropy,17,calibration,block,constant_a002,0.11949838962962965
0.037031330792041156,-0.009577271419708629,0.09565726399456255,0.030559,0.030559000000000003,6.939816068292528,29.59304833605981,0.9357424438121063,0.007711083333333333,0.09189985185185184,108,0,2,monthly_beme_op,monthly size/profit/invest,softmax_high_entropy,17,calibration,block,constant_a003,0.11949838962962965
0.02496573035597472,0.009188689247974622,0.05562719595962586,-0.008536,-0.008536,2.9787779245426043,30.16545813588451,0.9724187229209018,0.008999,0.09132614814814814,108,9,1,monthly_beme_op,monthly size/profit/invest,softmax_high_entropy,17,calibration,block,constant_a004,0.11949838962962965
-0.04207365164250646,-0.1594813639745729,0.041072048756174075,0.151831,0.151831,4.895786727488559,35.69683413717966,0.954668641412143,0.007037601851851851,0.14897285185185186,108,1,1,monthly_beme_op,monthly size/profit/invest,softmax_high_entropy,17,calibration,block,constant_a005,0.11949838962962965
-0.04917987167850921,-0.15378706347007998,0.05702794148897104,0.126781,inf,2.981591644519488,26.149220336827018,0.9723926699581529,0.008633907407407406,0.12433974074074074,108,12,1,monthly_beme_op,monthly size/profit/invest,softmax_high_entropy,17,calibration,block,constant_a006,0.11949838962962965
-0.06840884666390337,-0.16251040908704706,0.024715028614952523,0.09255499999999998,0.092555,10.963596600879061,27.311886247236085,0.8984852166585272,0.008959064814814816,0.10838277777777777,108,0,3,monthly_beme_op,monthly size/profit/invest,softmax_high_entropy,17,calibration,block,constant_a007,0.11949838962962965
0.016239141765706795,-0.0020941968006797547,0.03572064573427655,0.016313,inf,3.999182643775162,26.352239672528867,0.9629705310761559,0.008833333333333334,0.10437133333333333,108,10,1,monthly_beme_op,monthly size/profit/invest,softmax_high_entropy,17,calibration,block,constant_a008,0.11949838962962965
0.00977702426666668,0.009777024266666665,0.009777024266666677,,inf,0.0,0.0,1.0,0.008357185185185186,0.10816214814814815,108,200,0,monthly_beme_op,monthly size/profit/invest,softmax_high_entropy,17,calibration,block,constant_a009,0.11949838962962965
0.021614133159522833,0.009777024266666667,0.045288350945235235,-0.06285199999999999,inf,1.0,24.08682703599571,0.9907407407407407,0.006952916666666668,0.1526792962962963,108,74,0,monthly_beme_op,monthly size/profit/invest,softmax_high_entropy,17,calibration,block,constant_a010,0.11949838962962965
-0.031029915718155027,-0.11913161912176623,0.020066300970611312,0.080733,0.080733,4.9442123340586575,31.752085693469898,0.9542202561661235,0.008470018518518517,0.11324855555555556,108,0,1,monthly_beme_op,monthly size/profit/invest,softmax_high_entropy,17,calibration,block,constant_a011,0.11949838962962965
0.00977702426666668,0.009777024266666665,0.009777024266666677,,inf,0.0,0.0,1.0,0.007643851851851852,0.12476462962962963,108,200,0,monthly_beme_op,monthly size/profit/invest,softmax_high_entropy,17,calibration,block,constant_a012,0.11949838962962965
0.036561718371944614,0.013003176165188174,0.06945677340206624,-0.010952,-0.010952,2.9952936755536226,27.706923888144228,0.9722657993004294,0.008225361111111112,0.10516055555555555,108,4,1,monthly_beme_op,monthly size/profit/invest,softmax_high_entropy,17,calibration,block,constant_a013,0.11949838962962965
-0.020212652712755533,-0.06286116753859987,0.009777024266666668,0.079646,0.079646,2.9495201381910556,23.591995229661464,0.9726896283500828,0.01212915740740741,0.12042751851851852,108,9,1,monthly_beme_op,monthly size/profit/invest,softmax_high_entropy,17,calibration,block,constant_a014,0.11949838962962965
0.028267687194404728,-0.01184366505955191,0.06756426839623447,0.035523,0.035523,5.983160642557828,28.34381456959443,0.9446003644207609,0.004571592592592592,0.18182740740740738,108,0,2,monthly_beme_op,monthly size/profit/invest,softmax_high_entropy,17,calibration,block,constant_a015,0.11949838962962965
0.026961950526222685,0.009354725649442485,0.0461028227666348,-0.008268,-0.008268,3.9659650623500484,30.223669471503825,0.9632781012745366,0.005576574074074074,0.15014825925925926,108,3,1,monthly_beme_op,monthly size/profit/invest,softmax_high_entropy,17,calibration,block,constant_a016,0.11949838962962965
0.015050290144910647,-0.029107981482193287,0.06483033671368109,0.028673,inf,2.990757916712457,28.382143547763107,0.9723077970674773,0.007114703703703705,0.1573044814814815,108,12,1,monthly_beme_op,monthly size/profit/invest,softmax_high_entropy,17,calibration,block,constant_a017,0.11949838962962965
0.025811764180148206,-0.05436186610112293,0.08609969458407547,0.018328,0.018328,4.949208137127379,32.10968174356116,0.9541739987303021,0.002282416666666666,0.17135685185185184,108,1,1,monthly_beme_op,monthly size/profit/invest,softmax_high_entropy,17,calibration,block,constant_a018,0.11949838962962965
-0.005039647840251916,-0.08150862993408389,0.048619233551081394,0.122899,0.12289900000000001,4.897707346754466,30.865349143239655,0.9546508579004216,0.010592287037037039,0.19485992592592594,108,0,1,monthly_beme_op,monthly size/profit/invest,softmax_high_entropy,17,calibration,block,constant_a019,0.11949838962962965
-0.01501790789152473,-0.10515279809211539,0.0298581020640679,0.090954,0.090954,6.896172722141852,30.264492116257873,0.9361465488690569,0.005733851851851852,0.16194114814814817,108,0,2,monthly_beme_op,monthly size/profit/invest,softmax_high_entropy,17,calibration,block,constant_a020,0.11949838962962965
-0.033830400735054646,-0.1230846807233627,0.03446048457350158,0.140098,0.140098,5.960160729120649,29.843215083168335,0.9448133265822162,0.004910851851851851,0.14231881481481481,108,1,2,monthly_beme_op,monthly size/profit/invest,softmax_high_entropy,17,calibration,block,constant_a021,0.11949838962962965
0.03212965567067517,0.009777024266666668,0.06885324284106932,-0.057481,inf,1.9849453248028521,27.30659081257302,0.9816208766221958,0.0070512870370370365,0.17373688888888889,108,23,0,monthly_beme_op,monthly size/profit/invest,softmax_high_entropy,17,calibration,block,constant_a022,0.11949838962962965
0.050935183478330794,0.009538833449509386,0.11097105181435485,-0.007367,-0.007366999999999999,3.6945252831961857,26.221828252234445,0.9657914325629983,0.01687215740740741,0.16973874074074072,108,1,1,monthly_beme_op,monthly size/profit/invest,softmax_high_entropy,17,calibration,block,constant_a023,0.11949838962962965
-0.08736364850125265,-0.2699267180676467,0.03289104515548842,0.3677369999999999,0.367737,6.35449736956376,27.450761689156025,0.9411620613929281,0.020826731481481484,0.17694474074074074,108,0,2,monthly_beme_op,monthly size/profit/invest,softmax_high_entropy,17,calibration,block,constant_a024,0.11949838962962965
0.0357374573413948,0.006826677119108657,0.0718306568709539,-0.01871156,inf,2.9999976410532,26.14098967687028,0.9722222440643222,0.008471041851851852,0.11949838962962965,108,10,1,monthly_beme_op,monthly size/profit/invest,softmax_high_entropy,17,calibration,block,constant_equal_weight_public,0.11949838962962965
-0.0001509217223187324,-0.030737369745178798,0.02883610640566218,0.015096,0.015096000000000002,5.420082511869118,23.278304298453836,0.9498140508160267,0.010304194444444444,0.15110244444444446,108,0,2,monthly_beme_op,monthly size/profit/invest,softmax_high_entropy,17,calibration,block,momentum_12,0.11949838962962965
0.0025798035600826277,-0.011290249506039561,0.013354367045499756,,inf,0.0,0.0,1.0,0.009455527777777776,0.09748044444444444,108,200,0,monthly_beme_op,monthly size/profit/invest,softmax_high_entropy,17,calibration,block,low_vol_12,0.11949838962962965
0.015886608478291167,0.01042854503388923,0.023989335896600534,-0.007367,inf,1.9819939000881865,12.92315351486777,0.9816482046288131,0.009305453703703703,0.14096814814814815,108,31,0,monthly_beme_op,monthly size/profit/invest,softmax_high_entropy,17,calibration,block,risk_adjusted_12,0.11949838962962965
-0.10031849895481616,-0.29880726177970024,0.04216647116590088,0.367737,0.367737,6.437335797265601,29.244942112204203,0.9403950389142074,0.016523446666666667,0.16896244444444444,108,0,2,monthly_beme_op,monthly size/profit/invest,softmax_high_entropy,17,calibration,block,ridge_return_train_only,0.11949838962962965
-0.02424774550651518,-0.0819159827269577,0.053031219907265344,0.10754799999999999,0.107548,4.820230443250232,32.314052896084036,0.9645571290937482,0.011030007352941176,0.15709526470588234,136,1,1,monthly_beme_op,monthly size/profit/invest,softmax_high_entropy,17,test,iid,constant_a000,0.11949838962962965
0.08928890672540524,0.02066461900417482,0.1659586709145969,0.067308,0.067308,5.139322869064821,36.937797193995856,0.9622108612568763,0.023444860294117645,0.12699891176470587,136,0,2,monthly_beme_op,monthly size/profit/invest,softmax_high_entropy,17,test,iid,constant_a001,0.11949838962962965
0.05405892969742522,-0.10996695625940173,0.19940082838437276,0.09393800000000001,0.09393800000000001,9.09041572646057,46.420632315972,0.9331587078936723,0.013153823529411765,0.13322823529411765,136,0,2,monthly_beme_op,monthly size/profit/invest,softmax_high_entropy,17,test,iid,constant_a002,0.11949838962962965
0.0616543052874973,0.021987769116961133,0.11947582467134156,-0.009285,-0.009285,7.807553239239408,30.89267414703898,0.9425915202997103,0.015877375,0.11909723529411764,136,0,2,monthly_beme_op,monthly size/profit/invest,softmax_high_entropy,17,test,iid,constant_a003,0.11949838962962965
0.04408840539042087,0.006181371139925625,0.08143622586487147,0.009267,0.009267,8.981992789056836,26.667773796520777,0.9339559353745821,0.012729867647058824,0.08378829411764706,136,0,2,monthly_beme_op,monthly size/profit/invest,softmax_high_entropy,17,test,iid,constant_a004,0.11949838962962965
0.010145884822559192,-0.01859218380808918,0.04192831278055481,0.045129,0.04512900000000001,3.820410215802537,36.90150906326312,0.9719087484132166,0.010292911764705884,0.1313721176470588,136,3,1,monthly_beme_op,monthly size/profit/invest,softmax_high_entropy,17,test,iid,constant_a005,0.11949838962962965
0.004017833014923787,-0.07863010291501259,0.10277324994690595,0.05797,0.05797,6.914828513875046,30.245966886653306,0.9491556726920952,0.007293139705882353,0.09094320588235294,136,0,2,monthly_beme_op,monthly size/profit/invest,softmax_high_entropy,17,test,iid,constant_a006,0.11949838962962965
0.050236978843104005,-0.007931939985684732,0.11788730286136326,0.034659,0.034659,7.970893831765852,29.156316802697223,0.9413904865311334,0.011329838235294118,0.09501655882352941,136,0,2,monthly_beme_op,monthly size/profit/invest,softmax_high_entropy,17,test,iid,constant_a007,0.11949838962962965
0.0026944530309439664,-0.029037588030833898,0.028396542562558396,0.042671,0.042671,6.971720452875924,28.132749515469442,0.9487373496112065,0.011474867647058825,0.08307823529411763,136,0,2,monthly_beme_op,monthly size/profit/invest,softmax_high_entropy,17,test,iid,constant_a008,0.11949838962962965
-0.010024418361082478,-0.03914597208271709,0.009792842125476847,0.046713,0.046713000000000005,3.9960504957352434,26.290309382858965,0.9706172757666526,0.010274257352941176,0.0984035294117647,136,7,1,monthly_beme_op,monthly size/profit/invest,softmax_high_entropy,17,test,iid,constant_a009,0.11949838962962965
0.031438556375177756,-0.03490894557384909,0.08520485015727228,0.11780499999999999,0.117805,5.9509651868429785,32.567357349415346,0.9562429030379193,0.009373007352941174,0.11470952941176471,136,0,2,monthly_beme_op,monthly size/profit/invest,softmax_high_entropy,17,test,iid,constant_a010,0.11949838962962965
0.017002021586188926,0.00950883875244644,0.028215911825932093,-0.009189000000000001,-0.009189000000000001,2.9888640421971706,31.013371387465806,0.9780230585132561,0.011024213235294116,0.1011819117647059,136,8,1,monthly_beme_op,monthly size/profit/invest,softmax_high_entropy,17,test,iid,constant_a011,0.11949838962962965
0.0006784121284266035,-0.029645734171764155,0.020209198003137675,0.04491,0.04491,3.9239687414573017,32.01061306502745,0.9711472886657552,0.008815691176470589,0.10376441176470588,136,2,1,monthly_beme_op,monthly size/profit/invest,softmax_high_entropy,17,test,iid,constant_a012,0.11949838962962965
0.04053810893578461,-0.029963371714677643,0.08172271366895317,0.018206,0.018206,2.9956226911247974,28.2195068117941,0.9779733625652588,0.009981808823529413,0.11502073529411763,136,9,1,monthly_beme_op,monthly size/profit/invest,softmax_high_entropy,17,test,iid,constant_a013,0.11949838962962965
0.03353014030888913,0.006407680259376311,0.06631242137351472,0.008182,0.008182,3.997111930563489,27.283100266717934,0.9706094710987979,0.005425272058823529,0.15093029411764705,136,4,1,monthly_beme_op,monthly size/profit/invest,softmax_high_entropy,17,test,iid,constant_a014,0.11949838962962965
0.012813041377240611,-0.004091445209030397,0.03982018476075322,0.010476000000000001,0.010476000000000001,6.904710038152915,35.73339906149246,0.9492300732488756,0.01077013970588235,0.10116476470588236,136,1,2,monthly_beme_op,monthly size/profit/invest,softmax_high_entropy,17,test,iid,constant_a015,0.11949838962962965
0.00891125914795711,-0.039215509318678884,0.06275088381354979,0.08711199999999998,0.087112,4.8990608009513625,29.685665926610465,0.9639774941106517,0.008198404411764707,0.11871282352941175,136,0,1,monthly_beme_op,monthly size/profit/invest,softmax_high_entropy,17,test,iid,constant_a016,0.11949838962962965
-0.02460635046118216,-0.08078456785428559,0.025915260442239667,0.12575,0.12575,4.966217612114401,29.117578843363283,0.9634836940285706,0.010214404411764706,0.12240526470588234,136,0,1,monthly_beme_op,monthly size/profit/invest,softmax_high_entropy,17,test,iid,constant_a017,0.11949838962962965
-0.0742139341695266,-0.20900068061814686,0.04260660867248829,0.067861,0.067861,7.960323415162988,27.36137173047982,0.941468210182625,0.01078397794117647,0.1249915882352941,136,0,2,monthly_beme_op,monthly size/profit/invest,softmax_high_entropy,17,test,iid,constant_a018,0.11949838962962965
0.009777024266666665,0.009777024266666665,0.00977702426666667,,inf,0.0,0.0,1.0,0.004148029411764705,0.16689767647058826,136,200,0,monthly_beme_op,monthly size/profit/invest,softmax_high_entropy,17,test,iid,constant_a019,0.11949838962962965
-0.025990070321206697,-0.20890877480721728,0.12914913531269306,0.32073,0.32073,5.883640241607755,31.536741579722353,0.956737939399943,0.01308618382352941,0.1459555588235294,136,0,2,monthly_beme_op,monthly size/profit/invest,softmax_high_entropy,17,test,iid,constant_a020,0.11949838962962965
0.029381856110647947,0.009710717835093035,0.060891559227670984,0.008350999999999999,0.008350999999999999,3.9630417972397693,25.59161600565796,0.9708599867850017,0.011047073529411767,0.14904241176470587,136,5,1,monthly_beme_op,monthly size/profit/invest,softmax_high_entropy,17,test,iid,constant_a021,0.11949838962962965
0.003785463873704378,-0.008197656912220222,0.00977702426666667,0.01398,inf,1.0,34.29942253273637,0.9926470588235294,0.01314758823529412,0.13828129411764706,136,69,0,monthly_beme_op,monthly size/profit/invest,softmax_high_entropy,17,test,iid,constant_a022,0.11949838962962965
0.05105700414689781,-0.009964842228355402,0.1348640743625974,0.032311,0.032311,5.631860995511817,28.812711214219995,0.9585892573859425,0.014868257352941176,0.13557679411764706,136,0,2,monthly_beme_op,monthly size/profit/invest,softmax_high_entropy,17,test,iid,constant_a023,0.11949838962962965
0.017953689124876365,-0.0023140197147219106,0.054211925197832765,0.038698,0.038698,2.557936134460184,25.987819689463212,0.9811916460701458,0.004658558823529411,0.22838226470588233,136,9,1,monthly_beme_op,monthly size/profit/invest,softmax_high_entropy,17,test,iid,constant_a024,0.11949838962962965
0.022622961727749462,-0.013238095628131377,0.07988519266861853,-0.0003146800000000004,inf,2.9998114687643276,26.71315689570368,0.9779425627296741,0.010897742352941178,0.10712653647058824,136,14,1,monthly_beme_op,monthly size/profit/invest,softmax_high_entropy,17,test,iid,constant_equal_weight_public,0.11949838962962965
0.03768355016131352,-0.0030343908834370467,0.09306593469133201,0.06373458797399066,0.067308,10.24966805933376,21.10739859698468,0.9246347936813694,0.016952595588235295,0.14063335294117646,136,0,3,monthly_beme_op,monthly size/profit/invest,softmax_high_entropy,17,test,iid,momentum_12,0.11949838962962965
-0.0014629434713086813,-0.033564967986276624,0.027868696113887276,0.042671,0.042671,5.939558254826672,31.013371387465806,0.9563267775380392,0.00962212588235294,0.0925010588235294,136,0,2,monthly_beme_op,monthly size/profit/invest,softmax_high_entropy,17,test,iid,low_vol_12,0.11949838962962965
0.01750820904964272,-0.028298117778949767,0.07827219441847948,0.067308,0.067308,6.558588458989777,24.28283891966807,0.9517750848603693,0.018501286764705884,0.10194055882352941,136,0,2,monthly_beme_op,monthly size/profit/invest,softmax_high_entropy,17,test,iid,risk_adjusted_12,0.11949838962962965
-0.01791732770155727,-0.1536482610511344,0.09982034374047345,0.067861,0.067861,5.986339082795731,27.36137173047982,0.9559828008617961,0.012961992647058822,0.16107561764705886,136,0,2,monthly_beme_op,monthly size/profit/invest,softmax_high_entropy,17,test,iid,ridge_return_train_only,0.11949838962962965
-0.02424774550651518,-0.07316589134606617,0.04921290736549361,0.10754799999999999,0.107548,4.820230443250232,32.314052896084036,0.9645571290937482,0.011030007352941176,0.15709526470588234,136,1,1,monthly_beme_op,monthly size/profit/invest,softmax_high_entropy,17,test,block,constant_a000,0.11949838962962965
0.08928890672540524,0.027193462161340727,0.16920046247145998,0.067308,0.067308,5.139322869064821,36.937797193995856,0.9622108612568763,0.023444860294117645,0.12699891176470587,136,0,2,monthly_beme_op,monthly size/profit/invest,softmax_high_entropy,17,test,block,constant_a001,0.11949838962962965
0.05405892969742522,-0.09337958156779107,0.19782786322414284,0.09393800000000001,0.09393800000000001,9.09041572646057,46.420632315972,0.9331587078936723,0.013153823529411765,0.13322823529411765,136,0,2,monthly_beme_op,monthly size/profit/invest,softmax_high_entropy,17,test,block,constant_a002,0.11949838962962965
0.0616543052874973,0.022662723599075663,0.11510616020524102,-0.009285,-0.009285,7.807553239239408,30.89267414703898,0.9425915202997103,0.015877375,0.11909723529411764,136,0,2,monthly_beme_op,monthly size/profit/invest,softmax_high_entropy,17,test,block,constant_a003,0.11949838962962965
0.04408840539042087,0.014129044147830864,0.0892358698623814,0.009267,0.009267,8.981992789056836,26.667773796520777,0.9339559353745821,0.012729867647058824,0.08378829411764706,136,0,2,monthly_beme_op,monthly size/profit/invest,softmax_high_entropy,17,test,block,constant_a004,0.11949838962962965
0.010145884822559192,-0.017555749764729917,0.04267318218198642,0.045129,0.04512900000000001,3.820410215802537,36.90150906326312,0.9719087484132166,0.010292911764705884,0.1313721176470588,136,5,1,monthly_beme_op,monthly size/profit/invest,softmax_high_entropy,17,test,block,constant_a005,0.11949838962962965
0.004017833014923787,-0.08771959573128016,0.11557657410762924,0.05797,0.05797,6.914828513875046,30.245966886653306,0.9491556726920952,0.007293139705882353,0.09094320588235294,136,0,2,monthly_beme_op,monthly size/profit/invest,softmax_high_entropy,17,test,block,constant_a006,0.11949838962962965
0.050236978843104005,-0.008068083545043148,0.11786615315355928,0.034659,0.034659,7.970893831765852,29.156316802697223,0.9413904865311334,0.011329838235294118,0.09501655882352941,136,0,2,monthly_beme_op,monthly size/profit/invest,softmax_high_entropy,17,test,block,constant_a007,0.11949838962962965
0.0026944530309439664,-0.033716564036993406,0.036969471731386545,0.042671,0.042671,6.971720452875924,28.132749515469442,0.9487373496112065,0.011474867647058825,0.08307823529411763,136,0,2,monthly_beme_op,monthly size/profit/invest,softmax_high_entropy,17,test,block,constant_a008,0.11949838962962965
-0.010024418361082478,-0.04144370956333732,0.009795786887661162,0.046713,0.046713000000000005,3.9960504957352434,26.290309382858965,0.9706172757666526,0.010274257352941176,0.0984035294117647,136,7,1,monthly_beme_op,monthly size/profit/invest,softmax_high_entropy,17,test,block,constant_a009,0.11949838962962965
0.031438556375177756,-0.05519732627997351,0.11139145254361796,0.11780499999999999,0.117805,5.9509651868429785,32.567357349415346,0.9562429030379193,0.009373007352941174,0.11470952941176471,136,0,2,monthly_beme_op,monthly size/profit/invest,softmax_high_entropy,17,test,block,constant_a010,0.11949838962962965
0.017002021586188926,0.009642931509556552,0.030645612022805305,-0.009189000000000001,inf,2.9888640421971706,31.013371387465806,0.9780230585132561,0.011024213235294116,0.1011819117647059,136,16,1,monthly_beme_op,monthly size/profit/invest,softmax_high_entropy,17,test,block,constant_a011,0.11949838962962965
0.0006784121284266035,-0.029505785289508164,0.02105616442600219,0.04491,0.04491,3.9239687414573017,32.01061306502745,0.9711472886657552,0.008815691176470589,0.10376441176470588,136,3,1,monthly_beme_op,monthly size/profit/invest,softmax_high_entropy,17,test,block,constant_a012,0.11949838962962965
0.04053810893578461,-0.025826845833065173,0.08117463586016743,0.018206,inf,2.9956226911247974,28.2195068117941,0.9779733625652588,0.009981808823529413,0.11502073529411763,136,10,1,monthly_beme_op,monthly size/profit/invest,softmax_high_entropy,17,test,block,constant_a013,0.11949838962962965
0.03353014030888913,0.009695411490631033,0.0641679332022788,0.008182,0.008182,3.997111930563489,27.283100266717934,0.9706094710987979,0.005425272058823529,0.15093029411764705,136,5,1,monthly_beme_op,monthly size/profit/invest,softmax_high_entropy,17,test,block,constant_a014,0.11949838962962965
0.012813041377240611,-0.005734968058169444,0.037806625449651736,0.010476000000000001,0.010476000000000001,6.904710038152915,35.73339906149246,0.9492300732488756,0.01077013970588235,0.10116476470588236,136,0,2,monthly_beme_op,monthly size/profit/invest,softmax_high_entropy,17,test,block,constant_a015,0.11949838962962965
0.00891125914795711,-0.03808199659049114,0.06863428255183236,0.08711199999999998,0.08711200000000001,4.8990608009513625,29.685665926610465,0.9639774941106517,0.008198404411764707,0.11871282352941175,136,0,1,monthly_beme_op,monthly size/profit/invest,softmax_high_entropy,17,test,block,constant_a016,0.11949838962962965
-0.02460635046118216,-0.08951485575695318,0.019426742721510105,0.12575,0.12575,4.966217612114401,29.117578843363283,0.9634836940285706,0.010214404411764706,0.12240526470588234,136,2,1,monthly_beme_op,monthly size/profit/invest,softmax_high_entropy,17,test,block,constant_a017,0.11949838962962965
-0.0742139341695266,-0.22160053173467936,0.0417484366335274,0.067861,0.067861,7.960323415162988,27.36137173047982,0.941468210182625,0.01078397794117647,0.1249915882352941,136,0,2,monthly_beme_op,monthly size/profit/invest,softmax_high_entropy,17,test,block,constant_a018,0.11949838962962965
0.009777024266666665,0.009777024266666665,0.00977702426666667,,inf,0.0,0.0,1.0,0.004148029411764705,0.16689767647058826,136,200,0,monthly_beme_op,monthly size/profit/invest,softmax_high_entropy,17,test,block,constant_a019,0.11949838962962965
-0.025990070321206697,-0.2472705241327276,0.1769565156268312,0.32073,0.32073,5.883640241607755,31.536741579722353,0.956737939399943,0.01308618382352941,0.1459555588235294,136,0,2,monthly_beme_op,monthly size/profit/invest,softmax_high_entropy,17,test,block,constant_a020,0.11949838962962965
0.029381856110647947,0.007124767003721336,0.059811314342407336,0.008350999999999999,0.008350999999999999,3.9630417972397693,25.59161600565796,0.9708599867850017,0.011047073529411767,0.14904241176470587,136,4,1,monthly_beme_op,monthly size/profit/invest,softmax_high_entropy,17,test,block,constant_a021,0.11949838962962965
0.003785463873704378,-0.008197656912220222,0.00977702426666667,0.01398,inf,1.0,34.29942253273637,0.9926470588235294,0.01314758823529412,0.13828129411764706,136,69,0,monthly_beme_op,monthly size/profit/invest,softmax_high_entropy,17,test,block,constant_a022,0.11949838962962965
0.05105700414689781,-0.006673247412052137,0.14620309085622443,0.032311,0.032311,5.631860995511817,28.812711214219995,0.9585892573859425,0.014868257352941176,0.13557679411764706,136,0,2,monthly_beme_op,monthly size/profit/invest,softmax_high_entropy,17,test,block,constant_a023,0.11949838962962965
0.017953689124876365,-0.0066815161661536665,0.059174043234125874,0.038698,inf,2.557936134460184,25.987819689463212,0.9811916460701458,0.004658558823529411,0.22838226470588233,136,11,1,monthly_beme_op,monthly size/profit/invest,softmax_high_entropy,17,test,block,constant_a024,0.11949838962962965
0.022622961727749462,-0.01575734602589263,0.06447165064061819,-0.0003146800000000004,inf,2.9998114687643276,26.71315689570368,0.9779425627296741,0.010897742352941178,0.10712653647058824,136,16,1,monthly_beme_op,monthly size/profit/invest,softmax_high_entropy,17,test,block,constant_equal_weight_public,0.11949838962962965
0.03768355016131352,-0.0062090974196012646,0.0922604600495446,0.06373458797399066,0.067308,10.24966805933376,21.10739859698468,0.9246347936813694,0.016952595588235295,0.14063335294117646,136,0,3,monthly_beme_op,monthly size/profit/invest,softmax_high_entropy,17,test,block,momentum_12,0.11949838962962965
-0.0014629434713086813,-0.032518547368691454,0.027127856588842064,0.042671,0.042671,5.939558254826672,31.013371387465806,0.9563267775380392,0.00962212588235294,0.0925010588235294,136,1,2,monthly_beme_op,monthly size/profit/invest,softmax_high_entropy,17,test,block,low_vol_12,0.11949838962962965
0.01750820904964272,-0.03301027383918896,0.07417716926637931,0.067308,0.067308,6.558588458989777,24.28283891966807,0.9517750848603693,0.018501286764705884,0.10194055882352941,136,0,2,monthly_beme_op,monthly size/profit/invest,softmax_high_entropy,17,test,block,risk_adjusted_12,0.11949838962962965
-0.01791732770155727,-0.16669789375576505,0.0910841403063388,0.067861,0.067861,5.986339082795731,27.36137173047982,0.9559828008617961,0.012961992647058822,0.16107561764705886,136,0,2,monthly_beme_op,monthly size/profit/invest,softmax_high_entropy,17,test,block,ridge_return_train_only,0.11949838962962965
0.040121026359504645,0.001389565022553173,0.08948410289191676,0.041398000000000004,0.041398000000000004,6.977755969771751,28.630622498094063,0.9353911484280394,0.009011361111111112,0.15419533333333332,108,0,2,monthly_beme_op,monthly size/profit/invest,softmax_high_entropy,27,calibration,iid,constant_a000,0.11949838962962965
-0.0023603591260234792,-0.049741132844114196,0.03708348852143527,0.04524,0.04524,5.9155402704072,31.094393421878973,0.9452264789777112,0.005691944444444445,0.1491787037037037,108,0,2,monthly_beme_op,monthly size/profit/invest,softmax_high_entropy,27,calibration,iid,constant_a001,0.11949838962962965
0.07346281448354927,0.01702891778376258,0.1548909927817869,-0.027745000000000002,-0.027745,3.9697860563391996,30.811622146989002,0.963242721700563,0.009587805555555553,0.13425677777777775,108,2,1,monthly_beme_op,monthly size/profit/invest,softmax_high_entropy,27,calibration,iid,constant_a002,0.11949838962962965
-0.01362971925310316,-0.07131922609041917,0.01320957706666668,0.074306,inf,1.9982162628704903,26.034235777099095,0.981497997566014,0.007711083333333333,0.09189985185185184,108,27,0,monthly_beme_op,monthly size/profit/invest,softmax_high_entropy,27,calibration,iid,constant_a003,0.11949838962962965
-0.013302186058789644,-0.05102430617667074,0.019096737803872478,0.036952,0.036952,4.997471147929856,25.39944266330536,0.9537271190006494,0.008999,0.09132614814814814,108,1,1,monthly_beme_op,monthly size/profit/invest,softmax_high_entropy,27,calibration,iid,constant_a004,0.11949838962962965
0.050977182641789326,-0.00016719723388450788,0.12032846373083318,0.019074,0.019074,4.9778473749833925,29.84826967345753,0.9539088206020057,0.007037601851851851,0.14897285185185186,108,2,1,monthly_beme_op,monthly size/profit/invest,softmax_high_entropy,27,calibration,iid,constant_a005,0.11949838962962965
0.005377980392100703,-0.01028521295703126,0.013209577066666678,0.007790999999999999,inf,1.9916374966220247,28.058985891285634,0.9815589120683146,0.008633907407407406,0.12433974074074074,108,20,0,monthly_beme_op,monthly size/profit/invest,softmax_high_entropy,27,calibration,iid,constant_a006,0.11949838962962965
-0.013352334355205562,-0.08570801232456023,0.04462932739516754,0.092555,0.092555,4.98621261846203,26.81847965407863,0.9538313646438701,0.008959064814814816,0.10838277777777777,108,3,1,monthly_beme_op,monthly size/profit/invest,softmax_high_entropy,27,calibration,iid,constant_a007,0.11949838962962965
-0.0076976910117409585,-0.061707035667034865,0.021339449398985657,0.09037800000000001,inf,1.999927088632363,26.352239672528867,0.9814821565867374,0.008833333333333334,0.10437133333333333,108,26,0,monthly_beme_op,monthly size/profit/invest,softmax_high_entropy,27,calibration,iid,constant_a008,0.11949838962962965
0.02583091093610566,0.010286681503206638,0.049558021737508146,-0.006881000000000001,-0.006881,4.972899054076295,28.294866143533266,0.9539546383881825,0.008357185185185186,0.10816214814814815,108,0,1,monthly_beme_op,monthly size/profit/invest,softmax_high_entropy,27,calibration,iid,constant_a009,0.11949838962962965
-0.08703038852884239,-0.3292614339950752,0.01375972304854612,0.233182,0.23318200000000003,6.832543818014906,38.41374084443563,0.9367357053887508,0.006952916666666668,0.1526792962962963,108,0,2,monthly_beme_op,monthly size/profit/invest,softmax_high_entropy,27,calibration,iid,constant_a010,0.11949838962962965
0.0007409419050750342,-0.07821547289263026,0.059918830775273386,-0.010364,-0.010363999999999998,2.9986173393731668,27.294738642700914,0.9722350246354337,0.008470018518518517,0.11324855555555556,108,8,1,monthly_beme_op,monthly size/profit/invest,softmax_high_entropy,27,calibration,iid,constant_a011,0.11949838962962965
0.013209577066666686,0.01320957706666667,0.013209577066666681,,inf,0.0,0.0,1.0,0.007643851851851852,0.12476462962962963,108,200,0,monthly_beme_op,monthly size/profit/invest,softmax_high_entropy,27,calibration,iid,constant_a012,0.11949838962962965
0.010662251925343709,-0.031887594340206105,0.037290274982633244,0.015491999999999999,0.015491999999999999,2.9987141249682967,26.042212627285444,0.9722341284725158,0.008225361111111112,0.10516055555555555,108,3,1,monthly_beme_op,monthly size/profit/invest,softmax_high_entropy,27,calibration,iid,constant_a013,0.11949838962962965
0.015691580549133638,-0.03971359477696001,0.07481750208156679,0.064038,0.064038,8.851902954927082,27.88029507584531,0.918037935602527,0.01212915740740741,0.12042751851851852,108,0,2,monthly_beme_op,monthly size/profit/invest,softmax_high_entropy,27,calibration,iid,constant_a014,0.11949838962962965
-0.06304146543907933,-0.2086730195114095,0.013209577066666676,0.121025,0.12102500000000001,3.7561212459556983,40.751902109030524,0.9652210995744843,0.004571592592592592,0.18182740740740738,108,2,1,monthly_beme_op,monthly size/profit/invest,softmax_high_entropy,27,calibration,iid,constant_a015,0.11949838962962965
0.03998735384920788,0.017748467988450357,0.068097216109669,-0.007267,-0.007266999999999999,5.977999459601026,28.665986971301553,0.9446481531518424,0.005576574074074074,0.15014825925925926,108,0,2,monthly_beme_op,monthly size/profit/invest,softmax_high_entropy,27,calibration,iid,constant_a016,0.11949838962962965
0.00623603818117865,-0.029195753990971973,0.0349489672754708,0.041722,0.041722,3.9619132326805557,27.61971277344079,0.9633156182159208,0.007114703703703705,0.1573044814814815,108,1,1,monthly_beme_op,monthly size/profit/invest,softmax_high_entropy,27,calibration,iid,constant_a017,0.11949838962962965
0.047385106748925765,0.011611337435121966,0.11939385073645022,-0.010754999999999999,inf,2.766824535118584,41.54443764346117,0.9743812543044575,0.002282416666666666,0.17135685185185184,108,17,1,monthly_beme_op,monthly size/profit/invest,softmax_high_entropy,27,calibration,iid,constant_a018,0.11949838962962965
0.06618989912637083,0.013209577066666676,0.1419009373406402,-0.037256,-0.037256,2.959765494467279,34.22840701495642,0.9725947639401178,0.010592287037037039,0.19485992592592594,108,9,1,monthly_beme_op,monthly size/profit/invest,softmax_high_entropy,27,calibration,iid,constant_a019,0.11949838962962965
0.028062238782689194,0.010105772948626057,0.05678095193825765,-0.004124,-0.004124,3.982001389977375,29.24801906562835,0.9631296167594687,0.005733851851851852,0.16194114814814817,108,3,1,monthly_beme_op,monthly size/profit/invest,softmax_high_entropy,27,calibration,iid,constant_a020,0.11949838962962965
-0.009176431140123445,-0.05376579016939933,0.02321079746488971,0.059002,0.059002000000000006,2.9490407135716232,32.91966377250241,0.9726940674669294,0.004910851851851851,0.14231881481481481,108,9,1,monthly_beme_op,monthly size/profit/invest,softmax_high_entropy,27,calibration,iid,constant_a021,0.11949838962962965
-0.049769814313547225,-0.06271579159443558,-0.036633734687582784,,inf,0.0,0.0,1.0,0.0070512870370370365,0.17373688888888889,108,200,0,monthly_beme_op,monthly size/profit/invest,softmax_high_entropy,27,calibration,iid,constant_a022,0.11949838962962965
-0.010812578985787627,-0.05718741035240024,0.031071958858174528,0.10179,0.10179,6.726604370629682,26.92343916188324,0.9377166261978733,0.01687215740740741,0.16973874074074072,108,0,2,monthly_beme_op,monthly size/profit/invest,softmax_high_entropy,27,calibration,iid,constant_a023,0.11949838962962965
-0.025695636887452324,-0.07404543079368846,0.021315626996563433,0.11171400000000001,0.11171400000000002,4.570391526189584,24.019821669536086,0.957681559942689,0.020826731481481484,0.17694474074074074,108,0,1,monthly_beme_op,monthly size/profit/invest,softmax_high_entropy,27,calibration,iid,constant_a024,0.11949838962962965
0.058785290520413945,-0.0017064840048959288,0.13643294483349994,0.044219720000000004,0.04421972000000001,3.9987140384199193,27.355581312513745,0.9629748700146303,0.008471041851851852,0.11949838962962965,108,6,1,monthly_beme_op,monthly size/profit/invest,softmax_high_entropy,27,calibration,iid,constant_equal_weight_public,0.11949838962962965
-0.04222528535619454,-0.1122864771840433,0.007537860221380132,0.11171400000000001,0.11171400000000002,6.588841655700724,21.41119940563233,0.93899220689166,0.010304194444444444,0.15110244444444446,108,0,2,monthly_beme_op,monthly size/profit/invest,softmax_high_entropy,27,calibration,iid,momentum_12,0.11949838962962965
-0.017567718403782438,-0.0673154802566968,0.02489684803980058,0.041722,0.041722,5.951115461362196,27.907531738503483,0.9448970790614611,0.009455527777777776,0.09748044444444444,108,0,2,monthly_beme_op,monthly size/profit/invest,softmax_high_entropy,27,calibration,iid,low_vol_12,0.11949838962962965
-0.01118036625468072,-0.06375817112447493,0.02862678853915259,0.10179,0.10179,10.514082465281742,24.81117371158989,0.9026473845807246,0.009305453703703703,0.14096814814814815,108,0,3,monthly_beme_op,monthly size/profit/invest,softmax_high_entropy,27,calibration,iid,risk_adjusted_12,0.11949838962962965
-0.007878218832230681,-0.1069936208478123,0.06379187447170385,0.059002,0.059002000000000006,3.9526260305345358,32.91966377250241,0.9634016108283839,0.006147277777777778,0.11182681481481482,108,6,1,monthly_beme_op,monthly size/profit/invest,softmax_high_entropy,27,calibration,iid,ridge_return_train_only,0.11949838962962965
0.040121026359504645,-0.006608612786846556,0.08292151403317578,0.041398000000000004,0.041398000000000004,6.977755969771751,28.630622498094063,0.9353911484280394,0.009011361111111112,0.15419533333333332,108,0,2,monthly_beme_op,monthly size/profit/invest,softmax_high_entropy,27,calibration,block,constant_a000,0.11949838962962965
-0.0023603591260234792,-0.06034807978948823,0.03731140800729973,0.04524,0.04524,5.9155402704072,31.094393421878973,0.9452264789777112,0.005691944444444445,0.1491787037037037,108,0,2,monthly_beme_op,monthly size/profit/invest,softmax_high_entropy,27,calibration,block,constant_a001,0.11949838962962965
0.07346281448354927,0.017028917783762573,0.16210823646079622,-0.027745000000000002,-0.027745,3.9697860563391996,30.811622146989002,0.963242721700563,0.009587805555555553,0.13425677777777775,108,4,1,monthly_beme_op,monthly size/profit/invest,softmax_high_entropy,27,calibration,block,constant_a002,0.11949838962962965
-0.01362971925310316,-0.07131922609041917,0.013209577066666678,0.074306,inf,1.9982162628704903,26.034235777099095,0.981497997566014,0.007711083333333333,0.09189985185185184,108,25,0,monthly_beme_op,monthly size/profit/invest,softmax_high_entropy,27,calibration,block,constant_a003,0.11949838962962965
-0.013302186058789644,-0.05871183700463486,0.017928051304790287,0.036952,0.036952,4.997471147929856,25.39944266330536,0.9537271190006494,0.008999,0.09132614814814814,108,7,1,monthly_beme_op,monthly size/profit/invest,softmax_high_entropy,27,calibration,block,constant_a004,0.11949838962962965
0.050977182641789326,-0.00027516439818452056,0.1168042328239444,0.019074,0.019074,4.9778473749833925,29.84826967345753,0.9539088206020057,0.007037601851851851,0.14897285185185186,108,1,1,monthly_beme_op,monthly size/profit/invest,softmax_high_entropy,27,calibration,block,constant_a005,0.11949838962962965
0.005377980392100703,-0.008614678326757646,0.013209577066666678,0.007790999999999999,inf,1.9916374966220247,28.058985891285634,0.9815589120683146,0.008633907407407406,0.12433974074074074,108,21,0,monthly_beme_op,monthly size/profit/invest,softmax_high_entropy,27,calibration,block,constant_a006,0.11949838962962965
-0.013352334355205562,-0.09788826825994594,0.0392044084843073,0.092555,0.092555,4.98621261846203,26.81847965407863,0.9538313646438701,0.008959064814814816,0.10838277777777777,108,1,1,monthly_beme_op,monthly size/profit/invest,softmax_high_entropy,27,calibration,block,constant_a007,0.11949838962962965
-0.0076976910117409585,-0.08261430374544257,0.021339449398985657,0.09037800000000001,inf,1.999927088632363,26.352239672528867,0.9814821565867374,0.008833333333333334,0.10437133333333333,108,32,0,monthly_beme_op,monthly size/profit/invest,softmax_high_entropy,27,calibration,block,constant_a008,0.11949838962962965
0.02583091093610566,0.01003741510868251,0.04811103151619189,-0.006881000000000001,-0.006881,4.972899054076295,28.294866143533266,0.9539546383881825,0.008357185185185186,0.10816214814814815,108,1,1,monthly_beme_op,monthly size/profit/invest,softmax_high_entropy,27,calibration,block,constant_a009,0.11949838962962965
-0.08703038852884239,-0.2768679215985266,0.017749330173322083,0.233182,0.23318200000000003,6.832543818014906,38.41374084443563,0.9367357053887508,0.006952916666666668,0.1526792962962963,108,0,2,monthly_beme_op,monthly size/profit/invest,softmax_high_entropy,27,calibration,block,constant_a010,0.11949838962962965
0.0007409419050750342,-0.07730874533789994,0.052012417679626756,-0.010364,-0.010363999999999998,2.9986173393731668,27.294738642700914,0.9722350246354337,0.008470018518518517,0.11324855555555556,108,6,1,monthly_beme_op,monthly size/profit/invest,softmax_high_entropy,27,calibration,block,constant_a011,0.11949838962962965
0.013209577066666686,0.01320957706666667,0.013209577066666681,,inf,0.0,0.0,1.0,0.007643851851851852,0.12476462962962963,108,200,0,monthly_beme_op,monthly size/profit/invest,softmax_high_entropy,27,calibration,block,constant_a012,0.11949838962962965
0.010662251925343709,-0.021523543308973908,0.03644975433076061,0.015491999999999999,0.015492,2.9987141249682967,26.042212627285444,0.9722341284725158,0.008225361111111112,0.10516055555555555,108,7,1,monthly_beme_op,monthly size/profit/invest,softmax_high_entropy,27,calibration,block,constant_a013,0.11949838962962965
0.015691580549133638,-0.06214052599733495,0.07789235331495961,0.064038,0.064038,8.851902954927082,27.88029507584531,0.918037935602527,0.01212915740740741,0.12042751851851852,108,0,2,monthly_beme_op,monthly size/profit/invest,softmax_high_entropy,27,calibration,block,constant_a014,0.11949838962962965
-0.06304146543907933,-0.23514768488141252,0.02618550901704091,0.121025,0.12102500000000001,3.7561212459556983,40.751902109030524,0.9652210995744843,0.004571592592592592,0.18182740740740738,108,1,1,monthly_beme_op,monthly size/profit/invest,softmax_high_entropy,27,calibration,block,constant_a015,0.11949838962962965
0.03998735384920788,0.017937696358451605,0.06636591894018262,-0.007267,-0.007266999999999999,5.977999459601026,28.665986971301553,0.9446481531518424,0.005576574074074074,0.15014825925925926,108,0,2,monthly_beme_op,monthly size/profit/invest,softmax_high_entropy,27,calibration,block,constant_a016,0.11949838962962965
0.00623603818117865,-0.027456374967522266,0.03419706532477463,0.041722,0.041722,3.9619132326805557,27.61971277344079,0.9633156182159208,0.007114703703703705,0.1573044814814815,108,5,1,monthly_beme_op,monthly size/profit/invest,softmax_high_entropy,27,calibration,block,constant_a017,0.11949838962962965
0.047385106748925765,0.01159465323543504,0.11627751763184288,-0.010754999999999999,-0.010754999999999999,2.766824535118584,41.54443764346117,0.9743812543044575,0.002282416666666666,0.17135685185185184,108,8,1,monthly_beme_op,monthly size/profit/invest,softmax_high_entropy,27,calibration,block,constant_a018,0.11949838962962965
0.06618989912637083,0.013209577066666676,0.13798501342520644,-0.037256,-0.037256,2.959765494467279,34.22840701495642,0.9725947639401178,0.010592287037037039,0.19485992592592594,108,7,1,monthly_beme_op,monthly size/profit/invest,softmax_high_entropy,27,calibration,block,constant_a019,0.11949838962962965
0.028062238782689194,0.01074906659196202,0.05638206514647285,-0.004124,-0.004124,3.982001389977375,29.24801906562835,0.9631296167594687,0.005733851851851852,0.16194114814814817,108,6,1,monthly_beme_op,monthly size/profit/invest,softmax_high_entropy,27,calibration,block,constant_a020,0.11949838962962965
-0.009176431140123445,-0.058172143417502195,0.022174335431289657,0.059002,inf,2.9490407135716232,32.91966377250241,0.9726940674669294,0.004910851851851851,0.14231881481481481,108,12,1,monthly_beme_op,monthly size/profit/invest,softmax_high_entropy,27,calibration,block,constant_a021,0.11949838962962965
-0.049769814313547225,-0.06817958517365762,-0.026941688756010877,,inf,0.0,0.0,1.0,0.0070512870370370365,0.17373688888888889,108,200,0,monthly_beme_op,monthly size/profit/invest,softmax_high_entropy,27,calibration,block,constant_a022,0.11949838962962965
-0.010812578985787627,-0.06529865093919318,0.02815075443421467,0.10179,0.10179,6.726604370629682,26.92343916188324,0.9377166261978733,0.01687215740740741,0.16973874074074072,108,0,2,monthly_beme_op,monthly size/profit/invest,softmax_high_entropy,27,calibration,block,constant_a023,0.11949838962962965
-0.025695636887452324,-0.07679866982238281,0.018526303904632932,0.11171400000000001,0.11171400000000002,4.570391526189584,24.019821669536086,0.957681559942689,0.020826731481481484,0.17694474074074074,108,0,1,monthly_beme_op,monthly size/profit/invest,softmax_high_entropy,27,calibration,block,constant_a024,0.11949838962962965
0.058785290520413945,-0.008344560797142062,0.1425462422876625,0.044219720000000004,0.044219720000000004,3.9987140384199193,27.355581312513745,0.9629748700146303,0.008471041851851852,0.11949838962962965,108,3,1,monthly_beme_op,monthly size/profit/invest,softmax_high_entropy,27,calibration,block,constant_equal_weight_public,0.11949838962962965
-0.04222528535619454,-0.10895360700600971,0.004210484197028355,0.11171400000000001,0.11171400000000002,6.588841655700724,21.41119940563233,0.93899220689166,0.010304194444444444,0.15110244444444446,108,0,2,monthly_beme_op,monthly size/profit/invest,softmax_high_entropy,27,calibration,block,momentum_12,0.11949838962962965
-0.017567718403782438,-0.06583566885496032,0.02492489616223473,0.041722,0.041722,5.951115461362196,27.907531738503483,0.9448970790614611,0.009455527777777776,0.09748044444444444,108,0,2,monthly_beme_op,monthly size/profit/invest,softmax_high_entropy,27,calibration,block,low_vol_12,0.11949838962962965
-0.01118036625468072,-0.06073217614298218,0.028034363083309553,0.10179,0.10179,10.514082465281742,24.81117371158989,0.9026473845807246,0.009305453703703703,0.14096814814814815,108,0,3,monthly_beme_op,monthly size/profit/invest,softmax_high_entropy,27,calibration,block,risk_adjusted_12,0.11949838962962965
-0.007878218832230681,-0.08491052267267087,0.05552688882546277,0.059002,0.059002000000000006,3.9526260305345358,32.91966377250241,0.9634016108283839,0.006147277777777778,0.11182681481481482,108,2,1,monthly_beme_op,monthly size/profit/invest,softmax_high_entropy,27,calibration,block,ridge_return_train_only,0.11949838962962965
0.05482176485689671,0.01670851745259295,0.10973312470576822,-0.030560999999999998,-0.030560999999999994,3.870142731835565,27.42460340654944,0.9715430681482679,0.011030007352941176,0.15709526470588234,136,4,1,monthly_beme_op,monthly size/profit/invest,softmax_high_entropy,27,test,iid,constant_a000,0.11949838962962965
0.02842228405646838,0.011720957894645414,0.05165169825029396,-0.010014,-0.010013999999999999,3.4206020119322895,32.201242596820634,0.9748485146181449,0.023444860294117645,0.12699891176470587,136,7,1,monthly_beme_op,monthly size/profit/invest,softmax_high_entropy,27,test,iid,constant_a001,0.11949838962962965
-0.008815901551671168,-0.06032652945269537,0.040350087196535954,0.074742,0.074742,7.845941128805432,25.68341372281546,0.9423092564058424,0.013153823529411765,0.13322823529411765,136,0,2,monthly_beme_op,monthly size/profit/invest,softmax_high_entropy,27,test,iid,constant_a002,0.11949838962962965
0.07547913548344046,0.01659818511681628,0.1446631203909874,0.030754,0.030754000000000004,9.646206119688394,32.28033673594181,0.9290720138258206,0.015877375,0.11909723529411764,136,0,2,monthly_beme_op,monthly size/profit/invest,softmax_high_entropy,27,test,iid,constant_a003,0.11949838962962965
0.03455774934046008,0.015918694028665286,0.05838012247821653,0.002493,0.002493,7.900353769202525,30.82630803042806,0.9419091634617461,0.012729867647058824,0.08378829411764706,136,0,2,monthly_beme_op,monthly size/profit/invest,softmax_high_entropy,27,test,iid,constant_a004,0.11949838962962965
0.0060213097489310126,-0.03465343583646539,0.041162562226336526,0.052672,0.052672000000000004,3.8952292729309663,31.736874254639417,0.9713586082872723,0.010292911764705884,0.1313721176470588,136,2,1,monthly_beme_op,monthly size/profit/invest,softmax_high_entropy,27,test,iid,constant_a005,0.11949838962962965
0.013071564805489487,0.012795540283135065,0.01320957706666667,-0.012678,inf,1.0,35.30940045588768,0.9926470588235294,0.007293139705882353,0.09094320588235294,136,80,0,monthly_beme_op,monthly size/profit/invest,softmax_high_entropy,27,test,iid,constant_a006,0.11949838962962965
-0.014696757657904761,-0.07875598150890005,0.02699796157735991,0.135821,0.135821,3.9747137258794285,29.188336000987636,0.9707741637802983,0.011329838235294118,0.09501655882352941,136,6,1,monthly_beme_op,monthly size/profit/invest,softmax_high_entropy,27,test,iid,constant_a007,0.11949838962962965
-0.005620125234516601,-0.04055325822168911,0.01566731726473379,0.053807999999999995,0.053808,4.940407292492024,30.690872577426163,0.9636734757904998,0.011474867647058825,0.08307823529411763,136,0,1,monthly_beme_op,monthly size/profit/invest,softmax_high_entropy,27,test,iid,constant_a008,0.11949838962962965
-0.01480926838104993,-0.04912541148124207,0.011767079562300402,0.04347,0.04347,4.9594152375347,29.540788901254096,0.9635337114887155,0.010274257352941176,0.0984035294117647,136,0,1,monthly_beme_op,monthly size/profit/invest,softmax_high_entropy,27,test,iid,constant_a009,0.11949838962962965
0.03229691361826186,-0.0347282357200859,0.13201492975489657,0.064233,0.064233,5.917791611057396,34.35881024090483,0.9564868263892838,0.009373007352941174,0.11470952941176471,136,0,2,monthly_beme_op,monthly size/profit/invest,softmax_high_entropy,27,test,iid,constant_a010,0.11949838962962965
-0.02633042916080087,-0.12679040931142957,0.038215535727846264,0.019607,0.019607,3.9778904954044094,28.74480536370297,0.9707508051808499,0.011024213235294116,0.1011819117647059,136,3,1,monthly_beme_op,monthly size/profit/invest,softmax_high_entropy,27,test,iid,constant_a011,0.11949838962962965
-0.013134646370679763,-0.04237822873052548,0.009285901655910103,0.04530700000000001,0.04530700000000001,4.956660636155562,31.49119696164849,0.9635539659106209,0.008815691176470589,0.10376441176470588,136,1,1,monthly_beme_op,monthly size/profit/invest,softmax_high_entropy,27,test,iid,constant_a012,0.11949838962962965
-0.0916992450503666,-0.204546876678119,0.01995094717650056,0.12015400000000001,0.12015400000000001,7.9597366042294695,30.3497732436788,0.941472524968901,0.009981808823529413,0.11502073529411763,136,0,2,monthly_beme_op,monthly size/profit/invest,softmax_high_entropy,27,test,iid,constant_a013,0.11949838962962965
0.013277010645027273,-0.018301111136777404,0.044988313744093886,0.039727,inf,1.995113983199527,29.856861728212547,0.98533004424118,0.005425272058823529,0.15093029411764705,136,22,0,monthly_beme_op,monthly size/profit/invest,softmax_high_entropy,27,test,iid,constant_a014,0.11949838962962965
0.023304856482052123,-0.0012601316810841056,0.06511309113505508,0.014866999999999998,0.014866999999999998,3.8818635377585045,33.48823218785874,0.9714568857517757,0.01077013970588235,0.10116476470588236,136,5,1,monthly_beme_op,monthly size/profit/invest,softmax_high_entropy,27,test,iid,constant_a015,0.11949838962962965
-0.007046372931456474,-0.04646023989301569,0.02499051164126321,0.066069,0.066069,8.59513052799979,43.80607058062679,0.936800510823531,0.008198404411764707,0.11871282352941175,136,0,2,monthly_beme_op,monthly size/profit/invest,softmax_high_entropy,27,test,iid,constant_a016,0.11949838962962965
0.049890425923431285,0.018163062404157056,0.09482050268725578,0.006251,0.006251,7.833894741364577,31.775051029372833,0.942397832784084,0.010214404411764706,0.12240526470588234,136,0,2,monthly_beme_op,monthly size/profit/invest,softmax_high_entropy,27,test,iid,constant_a017,0.11949838962962965
0.02976365830687156,0.013209577066666667,0.056162359001709454,-0.017398,inf,2.893594087684459,35.448083821079464,0.978723572884673,0.01078397794117647,0.1249915882352941,136,11,1,monthly_beme_op,monthly size/profit/invest,softmax_high_entropy,27,test,iid,constant_a018,0.11949838962962965
-0.026865795234648607,-0.09395966192694057,0.02178329555349302,0.155042,0.155042,5.935476068201034,29.41254991296931,0.9563567936161689,0.004148029411764705,0.16689767647058826,136,1,2,monthly_beme_op,monthly size/profit/invest,softmax_high_entropy,27,test,iid,constant_a019,0.11949838962962965
-0.04187006281612084,-0.11330417469992622,0.009044564288415739,0.075421,0.075421,4.911153100687354,36.4323606705015,0.9638885801420047,0.01308618382352941,0.1459555588235294,136,1,1,monthly_beme_op,monthly size/profit/invest,softmax_high_entropy,27,test,iid,constant_a020,0.11949838962962965
0.030969639571238793,0.013954678318314229,0.047534949867133997,-0.010681000000000001,-0.010681,3.9838554014563625,25.62227066259101,0.9707069455775268,0.011047073529411767,0.14904241176470587,136,3,1,monthly_beme_op,monthly size/profit/invest,softmax_high_entropy,27,test,iid,constant_a021,0.11949838962962965
0.02032947870291489,-0.0023151290838944482,0.04146555260227993,,inf,0.0,0.0,1.0,0.01314758823529412,0.13828129411764706,136,200,0,monthly_beme_op,monthly size/profit/invest,softmax_high_entropy,27,test,iid,constant_a022,0.11949838962962965
0.01673548022765134,-0.0027155583024948524,0.03754514408283551,0.036301,0.036301,3.8274245785834125,25.87941967570847,0.9718571722162984,0.014868257352941176,0.13557679411764706,136,2,1,monthly_beme_op,monthly size/profit/invest,softmax_high_entropy,27,test,iid,constant_a023,0.11949838962962965
0.024512154531205713,-0.04919423534206265,0.13165015505444422,0.060872,0.06087200000000001,8.584761648175292,31.4034325824801,0.9368767525869464,0.004658558823529411,0.22838226470588233,136,0,2,monthly_beme_op,monthly size/profit/invest,softmax_high_entropy,27,test,iid,constant_a024,0.11949838962962965
0.04834129074952787,0.0006735642654746266,0.12565818005515286,0.0202924,0.0202924,5.996243559855505,28.110470654179338,0.9559099738245919,0.010897742352941178,0.10712653647058824,136,0,2,monthly_beme_op,monthly size/profit/invest,softmax_high_entropy,27,test,iid,constant_equal_weight_public,0.11949838962962965
0.02409361211390771,-0.00899671147244737,0.05741633112308435,0.038698,0.038698,8.507504526541405,22.576568458367646,0.9374448196577838,0.016952595588235295,0.14063335294117646,136,0,2,monthly_beme_op,monthly size/profit/invest,softmax_high_entropy,27,test,iid,momentum_12,0.11949838962962965
0.0013415155615465874,-0.034445752095062905,0.030523758457078838,0.053807999999999995,0.053808,6.886824755140288,31.775051029372833,0.949361582682792,0.00962212588235294,0.0925010588235294,136,0,2,monthly_beme_op,monthly size/profit/invest,softmax_high_entropy,27,test,iid,low_vol_12,0.11949838962962965
0.012306390600298667,-0.026063722503619782,0.04599052001135132,0.05380799999999999,0.053808,5.581080066576194,23.616262664941207,0.9589626465692926,0.018501286764705884,0.10194055882352941,136,0,2,monthly_beme_op,monthly size/profit/invest,softmax_high_entropy,27,test,iid,risk_adjusted_12,0.11949838962962965
0.04432303019567686,-0.055720068867373206,0.11638022360659123,0.058380999999999995,inf,2.981790550362843,27.996581756728606,0.9780750694826261,0.008905860294117648,0.11625005882352941,136,11,1,monthly_beme_op,monthly size/profit/invest,softmax_high_entropy,27,test,iid,ridge_return_train_only,0.11949838962962965
0.05482176485689671,0.018419385541689766,0.12547512402182356,-0.030560999999999998,-0.030560999999999994,3.870142731835565,27.42460340654944,0.9715430681482679,0.011030007352941176,0.15709526470588234,136,3,1,monthly_beme_op,monthly size/profit/invest,softmax_high_entropy,27,test,block,constant_a000,0.11949838962962965
0.02842228405646838,0.011720425236911436,0.04982067258432674,-0.010014,-0.010014,3.4206020119322895,32.201242596820634,0.9748485146181449,0.023444860294117645,0.12699891176470587,136,3,1,monthly_beme_op,monthly size/profit/invest,softmax_high_entropy,27,test,block,constant_a001,0.11949838962962965
-0.008815901551671168,-0.052475800210129146,0.0404948597751024,0.074742,0.074742,7.845941128805432,25.68341372281546,0.9423092564058424,0.013153823529411765,0.13322823529411765,136,0,2,monthly_beme_op,monthly size/profit/invest,softmax_high_entropy,27,test,block,constant_a002,0.11949838962962965
0.07547913548344046,0.01457449865588356,0.13564378656725146,0.030754,0.030754000000000004,9.646206119688394,32.28033673594181,0.9290720138258206,0.015877375,0.11909723529411764,136,0,2,monthly_beme_op,monthly size/profit/invest,softmax_high_entropy,27,test,block,constant_a003,0.11949838962962965
0.03455774934046008,0.012050723694338152,0.0617638142331381,0.002493,0.002493,7.900353769202525,30.82630803042806,0.9419091634617461,0.012729867647058824,0.08378829411764706,136,0,2,monthly_beme_op,monthly size/profit/invest,softmax_high_entropy,27,test,block,constant_a004,0.11949838962962965
0.0060213097489310126,-0.024746956005738806,0.03306273508857297,0.052672,0.052672000000000004,3.8952292729309663,31.736874254639417,0.9713586082872723,0.010292911764705884,0.1313721176470588,136,4,1,monthly_beme_op,monthly size/profit/invest,softmax_high_entropy,27,test,block,constant_a005,0.11949838962962965
0.013071564805489487,0.012795540283135062,0.01320957706666667,-0.012678,inf,1.0,35.30940045588768,0.9926470588235294,0.007293139705882353,0.09094320588235294,136,76,0,monthly_beme_op,monthly size/profit/invest,softmax_high_entropy,27,test,block,constant_a006,0.11949838962962965
-0.014696757657904761,-0.07867017948211477,0.027059523308031273,0.135821,0.135821,3.9747137258794285,29.188336000987636,0.9707741637802983,0.011329838235294118,0.09501655882352941,136,5,1,monthly_beme_op,monthly size/profit/invest,softmax_high_entropy,27,test,block,constant_a007,0.11949838962962965
-0.005620125234516601,-0.034429387073405746,0.01653478133420454,0.053807999999999995,0.053808,4.940407292492024,30.690872577426163,0.9636734757904998,0.011474867647058825,0.08307823529411763,136,1,1,monthly_beme_op,monthly size/profit/invest,softmax_high_entropy,27,test,block,constant_a008,0.11949838962962965
-0.01480926838104993,-0.04336871351093568,0.010291106334644917,0.04347,0.04347,4.9594152375347,29.540788901254096,0.9635337114887155,0.010274257352941176,0.0984035294117647,136,1,1,monthly_beme_op,monthly size/profit/invest,softmax_high_entropy,27,test,block,constant_a009,0.11949838962962965
0.03229691361826186,-0.04719524437282494,0.12392649308935853,0.064233,0.064233,5.917791611057396,34.35881024090483,0.9564868263892838,0.009373007352941174,0.11470952941176471,136,0,2,monthly_beme_op,monthly size/profit/invest,softmax_high_entropy,27,test,block,constant_a010,0.11949838962962965
-0.02633042916080087,-0.10430053408526398,0.03316981971452255,0.019607,0.019607,3.9778904954044094,28.74480536370297,0.9707508051808499,0.011024213235294116,0.1011819117647059,136,2,1,monthly_beme_op,monthly size/profit/invest,softmax_high_entropy,27,test,block,constant_a011,0.11949838962962965
-0.013134646370679763,-0.04031026772438668,0.0065499362838128085,0.04530700000000001,0.04530700000000001,4.956660636155562,31.49119696164849,0.9635539659106209,0.008815691176470589,0.10376441176470588,136,0,1,monthly_beme_op,monthly size/profit/invest,softmax_high_entropy,27,test,block,constant_a012,0.11949838962962965
-0.0916992450503666,-0.19246721686235024,0.006410450036982047,0.12015400000000001,0.12015400000000001,7.9597366042294695,30.3497732436788,0.941472524968901,0.009981808823529413,0.11502073529411763,136,0,2,monthly_beme_op,monthly size/profit/invest,softmax_high_entropy,27,test,block,constant_a013,0.11949838962962965
0.013277010645027273,-0.007841380228230362,0.0449883137440939,0.039727,inf,1.995113983199527,29.856861728212547,0.98533004424118,0.005425272058823529,0.15093029411764705,136,17,0,monthly_beme_op,monthly size/profit/invest,softmax_high_entropy,27,test,block,constant_a014,0.11949838962962965
0.023304856482052123,0.0029707615459508476,0.05331596911106546,0.014866999999999998,0.014866999999999998,3.8818635377585045,33.48823218785874,0.9714568857517757,0.01077013970588235,0.10116476470588236,136,4,1,monthly_beme_op,monthly size/profit/invest,softmax_high_entropy,27,test,block,constant_a015,0.11949838962962965
-0.007046372931456474,-0.05420163413944085,0.02294662038441134,0.066069,0.066069,8.59513052799979,43.80607058062679,0.936800510823531,0.008198404411764707,0.11871282352941175,136,0,2,monthly_beme_op,monthly size/profit/invest,softmax_high_entropy,27,test,block,constant_a016,0.11949838962962965
0.049890425923431285,0.017027319871097756,0.09096493981498226,0.006251,0.006251,7.833894741364577,31.775051029372833,0.942397832784084,0.010214404411764706,0.12240526470588234,136,0,2,monthly_beme_op,monthly size/profit/invest,softmax_high_entropy,27,test,block,constant_a017,0.11949838962962965
0.02976365830687156,0.013209577066666667,0.0564469188715209,-0.017398,inf,2.893594087684459,35.448083821079464,0.978723572884673,0.01078397794117647,0.1249915882352941,136,12,1,monthly_beme_op,monthly size/profit/invest,softmax_high_entropy,27,test,block,constant_a018,0.11949838962962965
-0.026865795234648607,-0.09109058577406605,0.025445658971868984,0.155042,0.155042,5.935476068201034,29.41254991296931,0.9563567936161689,0.004148029411764705,0.16689767647058826,136,1,2,monthly_beme_op,monthly size/profit/invest,softmax_high_entropy,27,test,block,constant_a019,0.11949838962962965
-0.04187006281612084,-0.10168014771909195,0.00913783939347331,0.075421,0.075421,4.911153100687354,36.4323606705015,0.9638885801420047,0.01308618382352941,0.1459555588235294,136,1,1,monthly_beme_op,monthly size/profit/invest,softmax_high_entropy,27,test,block,constant_a020,0.11949838962962965
0.030969639571238793,0.014887597638043683,0.044884529732180885,-0.010681000000000001,-0.010681,3.9838554014563625,25.62227066259101,0.9707069455775268,0.011047073529411767,0.14904241176470587,136,3,1,monthly_beme_op,monthly size/profit/invest,softmax_high_entropy,27,test,block,constant_a021,0.11949838962962965
0.02032947870291489,-0.02312085029260872,0.05720192459827638,,inf,0.0,0.0,1.0,0.01314758823529412,0.13828129411764706,136,200,0,monthly_beme_op,monthly size/profit/invest,softmax_high_entropy,27,test,block,constant_a022,0.11949838962962965
0.01673548022765134,-0.004088640919297284,0.03895418842893604,0.036301,0.036301,3.8274245785834125,25.87941967570847,0.9718571722162984,0.014868257352941176,0.13557679411764706,136,2,1,monthly_beme_op,monthly size/profit/invest,softmax_high_entropy,27,test,block,constant_a023,0.11949838962962965
0.024512154531205713,-0.044118560742621105,0.1301978272115994,0.060872,0.06087200000000001,8.584761648175292,31.4034325824801,0.9368767525869464,0.004658558823529411,0.22838226470588233,136,0,2,monthly_beme_op,monthly size/profit/invest,softmax_high_entropy,27,test,block,constant_a024,0.11949838962962965
0.04834129074952787,0.0004127562536165001,0.11069686831915915,0.0202924,0.0202924,5.996243559855505,28.110470654179338,0.9559099738245919,0.010897742352941178,0.10712653647058824,136,0,2,monthly_beme_op,monthly size/profit/invest,softmax_high_entropy,27,test,block,constant_equal_weight_public,0.11949838962962965
0.02409361211390771,-0.011683560609375643,0.062050382074527816,0.038698,0.038698,8.507504526541405,22.576568458367646,0.9374448196577838,0.016952595588235295,0.14063335294117646,136,0,2,monthly_beme_op,monthly size/profit/invest,softmax_high_entropy,27,test,block,momentum_12,0.11949838962962965
0.0013415155615465874,-0.028576495438038824,0.023336674901572915,0.053807999999999995,0.053807999999999995,6.886824755140288,31.775051029372833,0.949361582682792,0.00962212588235294,0.0925010588235294,136,0,2,monthly_beme_op,monthly size/profit/invest,softmax_high_entropy,27,test,block,low_vol_12,0.11949838962962965
0.012306390600298667,-0.020525449778605497,0.042866756357708875,0.05380799999999999,0.053808,5.581080066576194,23.616262664941207,0.9589626465692926,0.018501286764705884,0.10194055882352941,136,0,2,monthly_beme_op,monthly size/profit/invest,softmax_high_entropy,27,test,block,risk_adjusted_12,0.11949838962962965
0.04432303019567686,-0.05864833029574776,0.11567291573961601,0.058380999999999995,0.058381,2.981790550362843,27.996581756728606,0.9780750694826261,0.008905860294117648,0.11625005882352941,136,8,1,monthly_beme_op,monthly size/profit/invest,softmax_high_entropy,27,test,block,ridge_return_train_only,0.11949838962962965
0.03684145634006064,0.0006582372912206217,0.06474204790407402,0.11415,0.11415,7.000000000000001,1.1063829787234043,0.9351851851851851,0.009011361111111112,0.15419533333333332,108,0,2,monthly_beme_op,monthly size/profit/invest,epsilon_greedy_momentum,7,calibration,iid,constant_a000,0.11949838962962965
0.00942046197320722,0.005995822012844753,0.012162146129393212,0.10742000000000003,0.10742000000000003,6.000000000000001,1.1063829787234043,0.9444444444444444,0.005691944444444445,0.1491787037037037,108,0,2,monthly_beme_op,monthly size/profit/invest,epsilon_greedy_momentum,7,calibration,iid,constant_a001,0.11949838962962965
-0.15522418123877071,-0.6496639722970056,0.011828783612529536,0.0652960083682009,0.159488,1.0342573647902367,260.0,0.9904235429186089,0.009587805555555553,0.13425677777777775,108,1,0,monthly_beme_op,monthly size/profit/invest,epsilon_greedy_momentum,7,calibration,iid,constant_a002,0.11949838962962965
0.011752283999999969,0.01175228399999998,0.01175228399999999,,inf,0.0,0.0,1.0,0.007711083333333333,0.09189985185185184,108,200,0,monthly_beme_op,monthly size/profit/invest,epsilon_greedy_momentum,7,calibration,iid,constant_a003,0.11949838962962965
0.021331889137903834,0.009983544373758852,0.04137142146170216,-0.008281833333333304,0.056701,1.0429114611624104,260.0,0.9903434123966444,0.008999,0.09132614814814814,108,1,0,monthly_beme_op,monthly size/profit/invest,epsilon_greedy_momentum,7,calibration,iid,constant_a004,0.11949838962962965
-0.006840949014972465,-0.043557540739952764,0.011728699071158375,-0.0031976302521008323,0.00515,1.0256391685376975,260.0,0.9905033410320584,0.007037601851851851,0.14897285185185186,108,5,0,monthly_beme_op,monthly size/profit/invest,epsilon_greedy_momentum,7,calibration,iid,constant_a005,0.11949838962962965
0.012397627275019665,0.011752283999999983,0.013382258420803761,-0.041628,inf,2.0,1.1063829787234043,0.9814814814814815,0.008633907407407406,0.12433974074074074,108,27,1,monthly_beme_op,monthly size/profit/invest,epsilon_greedy_momentum,7,calibration,iid,constant_a006,0.11949838962962965
-0.060761918222222246,-0.2057903226666667,0.011752283999999988,0.018369,inf,1.0,260.0,0.9907407407407407,0.008959064814814816,0.10838277777777777,108,73,0,monthly_beme_op,monthly size/profit/invest,epsilon_greedy_momentum,7,calibration,iid,constant_a007,0.11949838962962965
0.011752283999999969,0.01175228399999998,0.01175228399999999,,inf,0.0,0.0,1.0,0.008833333333333334,0.10437133333333333,108,200,0,monthly_beme_op,monthly size/profit/invest,epsilon_greedy_momentum,7,calibration,iid,constant_a008,0.11949838962962965
0.011016994493301784,0.009705468645153651,0.011752283999999988,0.052162,inf,2.0,1.1063829787234043,0.9814814814814815,0.008357185185185186,0.10816214814814815,108,26,1,monthly_beme_op,monthly size/profit/invest,epsilon_greedy_momentum,7,calibration,iid,constant_a009,0.11949838962962965
0.11705160029629626,0.011752283999999981,0.32765023288888906,-0.055492,inf,1.0,260.0,0.9907407407407407,0.006952916666666668,0.1526792962962963,108,62,0,monthly_beme_op,monthly size/profit/invest,epsilon_greedy_momentum,7,calibration,iid,constant_a010,0.11949838962962965
0.2300462348967691,0.011752283999999981,0.8833658454814814,-0.09782625423728825,inf,1.0085104841922279,260.0,0.9906619399611831,0.008470018518518517,0.11324855555555556,108,25,0,monthly_beme_op,monthly size/profit/invest,epsilon_greedy_momentum,7,calibration,iid,constant_a011,0.11949838962962965
0.010786229925925895,0.008854121777777764,0.011752283999999988,-0.011351,inf,1.0,260.0,0.9907407407407407,0.007643851851851852,0.12476462962962963,108,66,0,monthly_beme_op,monthly size/profit/invest,epsilon_greedy_momentum,7,calibration,iid,constant_a012,0.11949838962962965
0.011752283999999969,0.01175228399999998,0.01175228399999999,,inf,0.0,0.0,1.0,0.008225361111111112,0.10516055555555555,108,200,0,monthly_beme_op,monthly size/profit/invest,epsilon_greedy_momentum,7,calibration,iid,constant_a013,0.11949838962962965
0.0116980273475177,0.011588157626241113,0.011752283999999988,-0.006456,inf,1.0,1.1063829787234043,0.9907407407407407,0.01212915740740741,0.12042751851851852,108,63,0,monthly_beme_op,monthly size/profit/invest,epsilon_greedy_momentum,7,calibration,iid,constant_a014,0.11949838962962965
-0.03239062192592596,-0.12067643377777781,0.011752283999999988,0.0065840000000000004,inf,1.0,260.0,0.9907407407407407,0.004571592592592592,0.18182740740740738,108,64,0,monthly_beme_op,monthly size/profit/invest,epsilon_greedy_momentum,7,calibration,iid,constant_a015,0.11949838962962965
0.006264435111111065,-0.30797032266666613,0.30952349511111116,0.032517,inf,2.0,260.0,0.9814814814814815,0.005576574074074074,0.15014825925925926,108,22,1,monthly_beme_op,monthly size/profit/invest,epsilon_greedy_momentum,7,calibration,iid,constant_a016,0.11949838962962965
0.012735355104806905,0.011714541137903847,0.014776460547202507,-0.008067999999999999,-0.008067999999999999,4.0,1.1063829787234043,0.962962962962963,0.007114703703703705,0.1573044814814815,108,8,1,monthly_beme_op,monthly size/profit/invest,epsilon_greedy_momentum,7,calibration,iid,constant_a017,0.11949838962962965
0.03191841850591013,0.011521071962174929,0.07240675564326239,-0.0188108305084746,inf,1.0085104841922279,260.0,0.9906619399611831,0.002282416666666666,0.17135685185185184,108,32,0,monthly_beme_op,monthly size/profit/invest,epsilon_greedy_momentum,7,calibration,iid,constant_a018,0.11949838962962965
0.32127111956019166,0.018404344539992155,1.197445091696459,-0.07474928870292892,0.066469,1.0342573647902367,260.0,0.9904235429186089,0.010592287037037039,0.19485992592592594,108,1,0,monthly_beme_op,monthly size/profit/invest,epsilon_greedy_momentum,7,calibration,iid,constant_a019,0.11949838962962965
0.02517034285579192,0.011752283999999983,0.05200646056737585,-0.017156440677966126,inf,1.0085104841922279,260.0,0.9906619399611831,0.005733851851851852,0.16194114814814817,108,24,0,monthly_beme_op,monthly size/profit/invest,epsilon_greedy_momentum,7,calibration,iid,constant_a020,0.11949838962962965
-0.010916300644837519,-0.018060114065848364,-0.005259651002160514,,inf,0.0,0.0,1.0,0.004910851851851851,0.14231881481481481,108,200,0,monthly_beme_op,monthly size/profit/invest,epsilon_greedy_momentum,7,calibration,iid,constant_a021,0.11949838962962965
-0.04352389943485055,-0.5846126048096407,0.29792539722774536,0.036036,0.036036,2.034113748709871,260.0,0.9811656134378716,0.0070512870370370365,0.17373688888888889,108,0,1,monthly_beme_op,monthly size/profit/invest,epsilon_greedy_momentum,7,calibration,iid,constant_a022,0.11949838962962965
0.016657146959794082,0.006927896866051865,0.027409436572437884,0.21465499999999998,0.21465499999999998,19.99999999999998,1.1063829787234043,0.814814814814815,0.01687215740740741,0.16973874074074072,108,0,3,monthly_beme_op,monthly size/profit/invest,epsilon_greedy_momentum,7,calibration,iid,constant_a023,0.11949838962962965
0.016234575657059328,0.00636315885564815,0.02542123260228717,0.10873800000000002,0.11013400000000002,27.99999999999995,1.1063829787234043,0.7407407407407411,0.020826731481481484,0.17694474074074074,108,0,3,monthly_beme_op,monthly size/profit/invest,epsilon_greedy_momentum,7,calibration,iid,constant_a024,0.11949838962962965
0.011752283999999969,0.01175228399999998,0.01175228399999999,,inf,0.0,0.0,1.0,0.008471041851851852,0.11949838962962965,108,200,0,monthly_beme_op,monthly size/profit/invest,epsilon_greedy_momentum,7,calibration,iid,constant_equal_weight_public,0.11949838962962965
0.009834799919942384,-0.005023601031735831,0.02586324068925128,0.15742579569892473,0.19831415789473691,92.99999999999963,1.1063829787234043,0.13888888888889228,0.010304194444444444,0.15110244444444446,108,0,4,monthly_beme_op,monthly size/profit/invest,epsilon_greedy_momentum,7,calibration,iid,momentum_12,0.11949838962962965
0.01303577033254528,0.011653111052639858,0.0150992656114263,0.021918,0.021918000000000003,7.000000000000001,1.1063829787234043,0.9351851851851851,0.009455527777777776,0.09748044444444444,108,0,2,monthly_beme_op,monthly size/profit/invest,epsilon_greedy_momentum,7,calibration,iid,low_vol_12,0.11949838962962965
0.011526772817947015,0.0011463103349976678,0.0233069576811337,0.1910703170731707,0.21465499999999998,40.99999999999994,1.1063829787234043,0.6203703703703709,0.009305453703703703,0.14096814814814815,108,0,3,monthly_beme_op,monthly size/profit/invest,epsilon_greedy_momentum,7,calibration,iid,risk_adjusted_12,0.11949838962962965
-0.0838292223285986,-0.6963118669277792,0.13118449298014093,0.04396996694214869,0.11414999999999999,1.0603273464658154,260.0,0.9901821541993906,0.009161722222222222,0.1808464814814815,108,0,0,monthly_beme_op,monthly size/profit/invest,epsilon_greedy_momentum,7,calibration,iid,ridge_return_train_only,0.11949838962962965
0.03684145634006064,-0.010497388387528192,0.07854684213649299,0.11415,0.11415,7.000000000000001,1.1063829787234043,0.9351851851851851,0.009011361111111112,0.15419533333333332,108,0,2,monthly_beme_op,monthly size/profit/invest,epsilon_greedy_momentum,7,calibration,block,constant_a000,0.11949838962962965
0.00942046197320722,0.005637353107170998,0.012757037808904628,0.10742000000000003,0.10742000000000003,6.000000000000001,1.1063829787234043,0.9444444444444444,0.005691944444444445,0.1491787037037037,108,8,2,monthly_beme_op,monthly size/profit/invest,epsilon_greedy_momentum,7,calibration,block,constant_a001,0.11949838962962965
-0.15522418123877071,-0.4866874644475167,0.01167971056264774,0.0652960083682009,0.159488,1.0342573647902367,260.0,0.9904235429186089,0.009587805555555553,0.13425677777777775,108,3,0,monthly_beme_op,monthly size/profit/invest,epsilon_greedy_momentum,7,calibration,block,constant_a002,0.11949838962962965
0.011752283999999969,0.011752283999999977,0.01175228399999999,,inf,0.0,0.0,1.0,0.007711083333333333,0.09189985185185184,108,200,0,monthly_beme_op,monthly size/profit/invest,epsilon_greedy_momentum,7,calibration,block,constant_a003,0.11949838962962965
0.021331889137903834,0.010628907100630408,0.040321544105752546,-0.008281833333333304,0.056701,1.0429114611624104,260.0,0.9903434123966444,0.008999,0.09132614814814814,108,5,0,monthly_beme_op,monthly size/profit/invest,epsilon_greedy_momentum,7,calibration,block,constant_a004,0.11949838962962965
-0.006840949014972465,-0.043436130535539845,0.011752283999999983,-0.0031976302521008323,0.00515,1.0256391685376975,260.0,0.9905033410320584,0.007037601851851851,0.14897285185185186,108,6,0,monthly_beme_op,monthly size/profit/invest,epsilon_greedy_momentum,7,calibration,block,constant_a005,0.11949838962962965
0.012397627275019665,0.01175228399999998,0.013688313825059077,-0.041628,inf,2.0,1.1063829787234043,0.9814814814814815,0.008633907407407406,0.12433974074074074,108,50,1,monthly_beme_op,monthly size/profit/invest,epsilon_greedy_momentum,7,calibration,block,constant_a006,0.11949838962962965
-0.060761918222222246,-0.2057903226666667,0.01175228399999999,0.018369,inf,1.0,260.0,0.9907407407407407,0.008959064814814816,0.10838277777777777,108,80,0,monthly_beme_op,monthly size/profit/invest,epsilon_greedy_momentum,7,calibration,block,constant_a007,0.11949838962962965
0.011752283999999969,0.011752283999999977,0.01175228399999999,,inf,0.0,0.0,1.0,0.008833333333333334,0.10437133333333333,108,200,0,monthly_beme_op,monthly size/profit/invest,epsilon_greedy_momentum,7,calibration,block,constant_a008,0.11949838962962965
0.011016994493301784,0.009546415479905425,0.01175228399999999,0.052162,inf,2.0,1.1063829787234043,0.9814814814814815,0.008357185185185186,0.10816214814814815,108,50,1,monthly_beme_op,monthly size/profit/invest,epsilon_greedy_momentum,7,calibration,block,constant_a009,0.11949838962962965
0.11705160029629626,0.01175228399999998,0.3302827157962971,-0.055492,inf,1.0,260.0,0.9907407407407407,0.006952916666666668,0.1526792962962963,108,73,0,monthly_beme_op,monthly size/profit/invest,epsilon_greedy_momentum,7,calibration,block,constant_a010,0.11949838962962965
0.2300462348967691,0.011752283999999981,0.6662728682033892,-0.09782625423728825,inf,1.0085104841922279,260.0,0.9906619399611831,0.008470018518518517,0.11324855555555556,108,26,0,monthly_beme_op,monthly size/profit/invest,epsilon_greedy_momentum,7,calibration,block,constant_a011,0.11949838962962965
0.010786229925925895,0.008854121777777764,0.011752283999999988,-0.011351,inf,1.0,260.0,0.9907407407407407,0.007643851851851852,0.12476462962962963,108,63,0,monthly_beme_op,monthly size/profit/invest,epsilon_greedy_momentum,7,calibration,block,constant_a012,0.11949838962962965
0.011752283999999969,0.011752283999999977,0.01175228399999999,,inf,0.0,0.0,1.0,0.008225361111111112,0.10516055555555555,108,200,0,monthly_beme_op,monthly size/profit/invest,epsilon_greedy_momentum,7,calibration,block,constant_a013,0.11949838962962965
0.0116980273475177,0.011589514042553171,0.01175228399999999,-0.006456,inf,1.0,1.1063829787234043,0.9907407407407407,0.01212915740740741,0.12042751851851852,108,76,0,monthly_beme_op,monthly size/profit/invest,epsilon_greedy_momentum,7,calibration,block,constant_a014,0.11949838962962965
-0.03239062192592596,-0.12067643377777781,0.01175228399999999,0.0065840000000000004,inf,1.0,260.0,0.9907407407407407,0.004571592592592592,0.18182740740740738,108,71,0,monthly_beme_op,monthly size/profit/invest,epsilon_greedy_momentum,7,calibration,block,constant_a015,0.11949838962962965
0.006264435111111065,-0.3079703226666662,0.31501134399999997,0.032517,inf,2.0,260.0,0.9814814814814815,0.005576574074074074,0.15014825925925926,108,20,1,monthly_beme_op,monthly size/profit/invest,epsilon_greedy_momentum,7,calibration,block,constant_a016,0.11949838962962965
0.012735355104806905,0.011714541137903845,0.0144927388182033,-0.008067999999999999,inf,4.0,1.1063829787234043,0.962962962962963,0.007114703703703705,0.1573044814814815,108,27,1,monthly_beme_op,monthly size/profit/invest,epsilon_greedy_momentum,7,calibration,block,constant_a017,0.11949838962962965
0.03191841850591013,0.01159814264144994,0.07298412615122152,-0.0188108305084746,inf,1.0085104841922279,260.0,0.9906619399611831,0.002282416666666666,0.17135685185185184,108,24,0,monthly_beme_op,monthly size/profit/invest,epsilon_greedy_momentum,7,calibration,block,constant_a018,0.11949838962962965
0.32127111956019166,0.01951964171892548,0.9120965934473866,-0.07474928870292892,0.066469,1.0342573647902367,260.0,0.9904235429186089,0.010592287037037039,0.19485992592592594,108,1,0,monthly_beme_op,monthly size/profit/invest,epsilon_greedy_momentum,7,calibration,block,constant_a019,0.11949838962962965
0.02517034285579192,0.011752283999999983,0.0519306754938534,-0.017156440677966126,inf,1.0085104841922279,260.0,0.9906619399611831,0.005733851851851852,0.16194114814814817,108,18,0,monthly_beme_op,monthly size/profit/invest,epsilon_greedy_momentum,7,calibration,block,constant_a020,0.11949838962962965
-0.010916300644837519,-0.02097525836205688,-0.0012269166971080598,,inf,0.0,0.0,1.0,0.004910851851851851,0.14231881481481481,108,200,0,monthly_beme_op,monthly size/profit/invest,epsilon_greedy_momentum,7,calibration,block,constant_a021,0.11949838962962965
-0.04352389943485055,-0.5730240922985187,0.42483873437287967,0.036036,0.036036,2.034113748709871,260.0,0.9811656134378716,0.0070512870370370365,0.17373688888888889,108,0,1,monthly_beme_op,monthly size/profit/invest,epsilon_greedy_momentum,7,calibration,block,constant_a022,0.11949838962962965
0.016657146959794082,0.002809458021223912,0.030709328251054668,0.21465499999999998,0.214655,19.99999999999998,1.1063829787234043,0.814814814814815,0.01687215740740741,0.16973874074074072,108,0,3,monthly_beme_op,monthly size/profit/invest,epsilon_greedy_momentum,7,calibration,block,constant_a023,0.11949838962962965
0.016234575657059328,0.00688438275540944,0.02545740017670293,0.10873800000000002,0.11013400000000001,27.99999999999995,1.1063829787234043,0.7407407407407411,0.020826731481481484,0.17694474074074074,108,0,3,monthly_beme_op,monthly size/profit/invest,epsilon_greedy_momentum,7,calibration,block,constant_a024,0.11949838962962965
0.011752283999999969,0.011752283999999977,0.01175228399999999,,inf,0.0,0.0,1.0,0.008471041851851852,0.11949838962962965,108,200,0,monthly_beme_op,monthly size/profit/invest,epsilon_greedy_momentum,7,calibration,block,constant_equal_weight_public,0.11949838962962965
0.009834799919942384,-0.004020052784137042,0.026967341250994224,0.15742579569892473,0.19685515789473687,92.99999999999963,1.1063829787234043,0.13888888888889228,0.010304194444444444,0.15110244444444446,108,0,4,monthly_beme_op,monthly size/profit/invest,epsilon_greedy_momentum,7,calibration,block,momentum_12,0.11949838962962965
0.01303577033254528,0.011325100271079578,0.015212121376359323,0.021918,0.021918000000000003,7.000000000000001,1.1063829787234043,0.9351851851851851,0.009455527777777776,0.09748044444444444,108,4,2,monthly_beme_op,monthly size/profit/invest,epsilon_greedy_momentum,7,calibration,block,low_vol_12,0.11949838962962965
0.011526772817947015,-0.0008393235279413895,0.02329466570226539,0.1910703170731707,0.21465499999999998,40.99999999999994,1.1063829787234043,0.6203703703703709,0.009305453703703703,0.14096814814814815,108,0,3,monthly_beme_op,monthly size/profit/invest,epsilon_greedy_momentum,7,calibration,block,risk_adjusted_12,0.11949838962962965
-0.0838292223285986,-0.6708875696545287,0.13367525752204665,0.04396996694214869,0.11414999999999999,1.0603273464658154,260.0,0.9901821541993906,0.009161722222222222,0.1808464814814815,108,0,0,monthly_beme_op,monthly size/profit/invest,epsilon_greedy_momentum,7,calibration,block,ridge_return_train_only,0.11949838962962965
-0.1398609961575292,-0.17054311862401342,-0.11501771282205703,0.090065,0.090065,8.0,1.1063829787234043,0.9411764705882353,0.011030007352941176,0.15709526470588234,136,1,2,monthly_beme_op,monthly size/profit/invest,epsilon_greedy_momentum,7,test,iid,constant_a000,0.11949838962962965
0.019658293972465553,0.00904327499505632,0.03130685405118898,0.12628842857142858,0.162361,41.99999999999994,1.1063829787234043,0.6911764705882357,0.023444860294117645,0.12699891176470587,136,0,3,monthly_beme_op,monthly size/profit/invest,epsilon_greedy_momentum,7,test,iid,constant_a001,0.11949838962962965
0.011518506155193958,0.0072928161317897325,0.017065611454443047,0.17483100000000001,0.17483100000000001,13.000000000000002,1.1063829787234043,0.9044117647058824,0.013153823529411765,0.13322823529411765,136,0,3,monthly_beme_op,monthly size/profit/invest,epsilon_greedy_momentum,7,test,iid,constant_a002,0.11949838962962965
0.013200577782227753,0.010651852109699619,0.0157745257016896,0.049852,0.049852,8.0,1.1063829787234043,0.9411764705882353,0.015877375,0.11909723529411764,136,0,2,monthly_beme_op,monthly size/profit/invest,epsilon_greedy_momentum,7,test,iid,constant_a003,0.11949838962962965
0.011752283999999964,0.011752283999999988,0.011752283999999995,,inf,0.0,0.0,1.0,0.012729867647058824,0.08378829411764706,136,200,0,monthly_beme_op,monthly size/profit/invest,epsilon_greedy_momentum,7,test,iid,constant_a004,0.11949838962962965
0.011919548898623244,0.011752283999999988,0.012421343594493107,-0.032313,inf,1.0,1.1063829787234043,0.9926470588235294,0.010292911764705884,0.1313721176470588,136,64,0,monthly_beme_op,monthly size/profit/invest,epsilon_greedy_momentum,7,test,iid,constant_a005,0.11949838962962965
0.011573848408009976,0.011147550184668328,0.011894514673341669,0.005944,0.005944000000000001,2.999999999999999,1.1063829787234043,0.9779411764705882,0.007293139705882353,0.09094320588235294,136,8,1,monthly_beme_op,monthly size/profit/invest,epsilon_greedy_momentum,7,test,iid,constant_a006,0.11949838962962965
0.011752283999999964,0.011752283999999988,0.011752283999999995,,inf,0.0,0.0,1.0,0.011329838235294118,0.09501655882352941,136,200,0,monthly_beme_op,monthly size/profit/invest,epsilon_greedy_momentum,7,test,iid,constant_a007,0.11949838962962965
0.09442546282352937,-0.09956566835294117,0.3710897728235298,0.007657000000000001,inf,2.0,260.0,0.9852941176470589,0.011474867647058825,0.08307823529411763,136,30,1,monthly_beme_op,monthly size/profit/invest,epsilon_greedy_momentum,7,test,iid,constant_a008,0.11949838962962965
0.010950795602002468,0.009443708378535668,0.01255322472215268,0.04424,0.04424,5.0,1.1063829787234043,0.9632352941176471,0.010274257352941176,0.0984035294117647,136,1,2,monthly_beme_op,monthly size/profit/invest,epsilon_greedy_momentum,7,test,iid,constant_a009,0.11949838962962965
0.011752283999999964,0.011752283999999988,0.011752283999999995,,inf,0.0,0.0,1.0,0.009373007352941174,0.11470952941176471,136,200,0,monthly_beme_op,monthly size/profit/invest,epsilon_greedy_momentum,7,test,iid,constant_a010,0.11949838962962965
0.05412791752941172,0.01175228399999999,0.13887918458823525,-0.033918,inf,1.0,260.0,0.9926470588235294,0.011024213235294116,0.1011819117647059,136,72,0,monthly_beme_op,monthly size/profit/invest,epsilon_greedy_momentum,7,test,iid,constant_a011,0.11949838962962965
-0.04327840600000004,-0.153339786,0.011752283999999995,0.017033,inf,1.0,260.0,0.9926470588235294,0.008815691176470589,0.10376441176470588,136,69,0,monthly_beme_op,monthly size/profit/invest,epsilon_greedy_momentum,7,test,iid,constant_a012,0.11949838962962965
-0.08466641394242809,-0.2770180077672083,0.011752283999999993,0.03923613559322038,inf,1.0085104841922279,260.0,0.9925844817338807,0.009981808823529413,0.11502073529411763,136,32,0,monthly_beme_op,monthly size/profit/invest,epsilon_greedy_momentum,7,test,iid,constant_a013,0.11949838962962965
-0.04074340600000004,-0.14704717824999997,0.011752283999999995,0.015707,inf,1.0,260.0,0.9926470588235294,0.005425272058823529,0.15093029411764705,136,77,0,monthly_beme_op,monthly size/profit/invest,epsilon_greedy_momentum,7,test,iid,constant_a014,0.11949838962962965
-0.0027227873416771392,-0.03130722515394246,0.011884475874843543,-0.000515628691983128,inf,1.0170568743549346,260.0,0.9925216406297431,0.01077013970588235,0.10116476470588236,136,10,0,monthly_beme_op,monthly size/profit/invest,epsilon_greedy_momentum,7,test,iid,constant_a015,0.11949838962962965
0.0065880645882352585,-0.0037403742352941287,0.011752283999999995,-0.009051,inf,1.0,260.0,0.9926470588235294,0.008198404411764707,0.11871282352941175,136,79,0,monthly_beme_op,monthly size/profit/invest,epsilon_greedy_momentum,7,test,iid,constant_a016,0.11949838962962965
0.01805865282352937,0.011752283999999988,0.0308290496911765,-0.015051000000000002,inf,1.0,260.0,0.9926470588235294,0.010214404411764706,0.12240526470588234,136,77,0,monthly_beme_op,monthly size/profit/invest,epsilon_greedy_momentum,7,test,iid,constant_a017,0.11949838962962965
-0.033025611882352986,-0.12258140364705884,0.011752283999999995,0.011670000000000002,inf,1.0,260.0,0.9926470588235294,0.01078397794117647,0.1249915882352941,136,70,0,monthly_beme_op,monthly size/profit/invest,epsilon_greedy_momentum,7,test,iid,constant_a018,0.11949838962962965
0.034394980384117854,0.02191147308340838,0.050609398442034347,,inf,0.0,0.0,1.0,0.004148029411764705,0.16689767647058826,136,200,0,monthly_beme_op,monthly size/profit/invest,epsilon_greedy_momentum,7,test,iid,constant_a019,0.11949838962962965
0.01053650639549434,0.004588305925719645,0.015565621650125148,0.132271,0.132271,11.000000000000002,1.1063829787234043,0.9191176470588235,0.01308618382352941,0.1459555588235294,136,0,3,monthly_beme_op,monthly size/profit/invest,epsilon_greedy_momentum,7,test,iid,constant_a020,0.11949838962962965
0.020122367043259343,0.013281690551474159,0.0276151109789851,0.029620999999999998,0.029620999999999998,6.000000000000001,1.1063829787234043,0.9558823529411764,0.011047073529411767,0.14904241176470587,136,1,2,monthly_beme_op,monthly size/profit/invest,epsilon_greedy_momentum,7,test,iid,constant_a021,0.11949838962962965
0.0310307992006013,0.02321365085105474,0.03873014087687245,0.001535,inf,1.0,1.1063829787234043,0.9926470588235294,0.01314758823529412,0.13828129411764706,136,64,0,monthly_beme_op,monthly size/profit/invest,epsilon_greedy_momentum,7,test,iid,constant_a022,0.11949838962962965
0.020237537414973975,0.012392373713536782,0.027845711287569224,0.032311,0.032311,17.999999999999986,1.1063829787234043,0.8676470588235295,0.014868257352941176,0.13557679411764706,136,0,3,monthly_beme_op,monthly size/profit/invest,epsilon_greedy_momentum,7,test,iid,constant_a023,0.11949838962962965
-0.010078609069819116,-0.020959452883614966,0.0005397433458738235,0.08165800000000001,0.08165800000000001,7.000000000000001,1.1063829787234043,0.9485294117647058,0.004658558823529411,0.22838226470588233,136,0,2,monthly_beme_op,monthly size/profit/invest,epsilon_greedy_momentum,7,test,iid,constant_a024,0.11949838962962965
0.011752283999999964,0.011752283999999988,0.011752283999999995,,inf,0.0,0.0,1.0,0.010897742352941178,0.10712653647058824,136,200,0,monthly_beme_op,monthly size/profit/invest,epsilon_greedy_momentum,7,test,iid,constant_equal_weight_public,0.11949838962962965
0.018547109681946006,0.0030986587406485766,0.0328452850111544,0.12828150793650794,0.15664037984496124,125.99999999999991,1.1063829787234043,0.07352941176470651,0.016952595588235295,0.14063335294117646,136,0,4,monthly_beme_op,monthly size/profit/invest,epsilon_greedy_momentum,7,test,iid,momentum_12,0.11949838962962965
0.03239065202167256,-0.18843685909937954,0.32700762809920914,0.01727940226628896,0.019944464435146452,3.008498515174195,260.0,0.977878687388425,0.00962212588235294,0.0925010588235294,136,7,1,monthly_beme_op,monthly size/profit/invest,epsilon_greedy_momentum,7,test,iid,low_vol_12,0.11949838962962965
0.025112517842688833,0.013133121561927292,0.03671014909047037,0.11990164705882354,0.132271,50.999999999999936,1.1063829787234043,0.6250000000000004,0.018501286764705884,0.10194055882352941,136,0,4,monthly_beme_op,monthly size/profit/invest,epsilon_greedy_momentum,7,test,iid,risk_adjusted_12,0.11949838962962965
0.09320688705807245,0.08032141466492015,0.10663230563830503,0.067308,0.067308,10.0,1.1063829787234043,0.9264705882352942,0.012808669117647059,0.16200649999999997,136,0,3,monthly_beme_op,monthly size/profit/invest,epsilon_greedy_momentum,7,test,iid,ridge_return_train_only,0.11949838962962965
-0.1398609961575292,-0.18562822527237152,-0.09328226678541697,0.090065,0.090065,8.0,1.1063829787234043,0.9411764705882353,0.011030007352941176,0.15709526470588234,136,3,2,monthly_beme_op,monthly size/profit/invest,epsilon_greedy_momentum,7,test,block,constant_a000,0.11949838962962965
0.019658293972465553,0.009745376534167705,0.03267661173310387,0.12628842857142858,0.162361,41.99999999999994,1.1063829787234043,0.6911764705882357,0.023444860294117645,0.12699891176470587,136,0,3,monthly_beme_op,monthly size/profit/invest,epsilon_greedy_momentum,7,test,block,constant_a001,0.11949838962962965
0.011518506155193958,0.007417090679599495,0.015153493585419267,0.17483100000000001,0.17483100000000001,13.000000000000002,1.1063829787234043,0.9044117647058824,0.013153823529411765,0.13322823529411765,136,0,3,monthly_beme_op,monthly size/profit/invest,epsilon_greedy_momentum,7,test,block,constant_a002,0.11949838962962965
0.013200577782227753,0.01125112274092615,0.016011092622465577,0.049852,0.049852,8.0,1.1063829787234043,0.9411764705882353,0.015877375,0.11909723529411764,136,7,2,monthly_beme_op,monthly size/profit/invest,epsilon_greedy_momentum,7,test,block,constant_a003,0.11949838962962965
0.011752283999999964,0.011752283999999988,0.011752283999999995,,inf,0.0,0.0,1.0,0.012729867647058824,0.08378829411764706,136,200,0,monthly_beme_op,monthly size/profit/invest,epsilon_greedy_momentum,7,test,block,constant_a004,0.11949838962962965
0.011919548898623244,0.011752283999999988,0.012254078695869829,-0.032313,inf,1.0,1.1063829787234043,0.9926470588235294,0.010292911764705884,0.1313721176470588,136,73,0,monthly_beme_op,monthly size/profit/invest,epsilon_greedy_momentum,7,test,block,constant_a005,0.11949838962962965
0.011573848408009976,0.011285923887359191,0.011752283999999991,0.005944,inf,2.999999999999999,1.1063829787234043,0.9779411764705882,0.007293139705882353,0.09094320588235294,136,23,1,monthly_beme_op,monthly size/profit/invest,epsilon_greedy_momentum,7,test,block,constant_a006,0.11949838962962965
0.011752283999999964,0.011752283999999988,0.011752283999999995,,inf,0.0,0.0,1.0,0.011329838235294118,0.09501655882352941,136,200,0,monthly_beme_op,monthly size/profit/invest,epsilon_greedy_momentum,7,test,block,constant_a007,0.11949838962962965
0.09442546282352937,-0.09956566835294117,0.3710897728235296,0.007657000000000001,inf,2.0,260.0,0.9852941176470589,0.011474867647058825,0.08307823529411763,136,29,1,monthly_beme_op,monthly size/profit/invest,epsilon_greedy_momentum,7,test,block,constant_a008,0.11949838962962965
0.010950795602002468,0.009035532757196494,0.012511702976783468,0.04424,0.04424,5.0,1.1063829787234043,0.9632352941176471,0.010274257352941176,0.0984035294117647,136,4,2,monthly_beme_op,monthly size/profit/invest,epsilon_greedy_momentum,7,test,block,constant_a009,0.11949838962962965
0.011752283999999964,0.011752283999999988,0.011752283999999995,,inf,0.0,0.0,1.0,0.009373007352941174,0.11470952941176471,136,200,0,monthly_beme_op,monthly size/profit/invest,epsilon_greedy_momentum,7,test,block,constant_a010,0.11949838962962965
0.05412791752941172,0.011752283999999988,0.13887918458823525,-0.033918,inf,1.0,260.0,0.9926470588235294,0.011024213235294116,0.1011819117647059,136,63,0,monthly_beme_op,monthly size/profit/invest,epsilon_greedy_momentum,7,test,block,constant_a011,0.11949838962962965
-0.04327840600000004,-0.153339786,0.011752283999999995,0.017033,inf,1.0,260.0,0.9926470588235294,0.008815691176470589,0.10376441176470588,136,67,0,monthly_beme_op,monthly size/profit/invest,epsilon_greedy_momentum,7,test,block,constant_a012,0.11949838962962965
-0.08466641394242809,-0.27654435075863526,0.011752283999999995,0.03923613559322038,inf,1.0085104841922279,260.0,0.9925844817338807,0.009981808823529413,0.11502073529411763,136,31,0,monthly_beme_op,monthly size/profit/invest,epsilon_greedy_momentum,7,test,block,constant_a013,0.11949838962962965
-0.04074340600000004,-0.145734786,0.011752283999999995,0.015707,inf,1.0,260.0,0.9926470588235294,0.005425272058823529,0.15093029411764705,136,86,0,monthly_beme_op,monthly size/profit/invest,epsilon_greedy_momentum,7,test,block,constant_a014,0.11949838962962965
-0.0027227873416771392,-0.03130722515394246,0.011818379937421769,-0.000515628691983128,inf,1.0170568743549346,260.0,0.9925216406297431,0.01077013970588235,0.10116476470588236,136,15,0,monthly_beme_op,monthly size/profit/invest,epsilon_greedy_momentum,7,test,block,constant_a015,0.11949838962962965
0.0065880645882352585,-0.003740374235294126,0.011752283999999995,-0.009051,inf,1.0,260.0,0.9926470588235294,0.008198404411764707,0.11871282352941175,136,79,0,monthly_beme_op,monthly size/profit/invest,epsilon_greedy_momentum,7,test,block,constant_a016,0.11949838962962965
0.01805865282352937,0.011752283999999988,0.030671390470588228,-0.015051000000000002,inf,1.0,260.0,0.9926470588235294,0.010214404411764706,0.12240526470588234,136,65,0,monthly_beme_op,monthly size/profit/invest,epsilon_greedy_momentum,7,test,block,constant_a017,0.11949838962962965
-0.033025611882352986,-0.12370085104411764,0.011752283999999995,0.011670000000000002,inf,1.0,260.0,0.9926470588235294,0.01078397794117647,0.1249915882352941,136,69,0,monthly_beme_op,monthly size/profit/invest,epsilon_greedy_momentum,7,test,block,constant_a018,0.11949838962962965
0.034394980384117854,0.019005327281438375,0.05082344965471971,,inf,0.0,0.0,1.0,0.004148029411764705,0.16689767647058826,136,200,0,monthly_beme_op,monthly size/profit/invest,epsilon_greedy_momentum,7,test,block,constant_a019,0.11949838962962965
0.01053650639549434,0.007450390039674594,0.013002275916458066,0.132271,0.132271,11.000000000000002,1.1063829787234043,0.9191176470588235,0.01308618382352941,0.1459555588235294,136,2,3,monthly_beme_op,monthly size/profit/invest,epsilon_greedy_momentum,7,test,block,constant_a020,0.11949838962962965
0.020122367043259343,0.00943085793246558,0.03212089440369543,0.029620999999999998,0.029620999999999998,6.000000000000001,1.1063829787234043,0.9558823529411764,0.011047073529411767,0.14904241176470587,136,6,2,monthly_beme_op,monthly size/profit/invest,epsilon_greedy_momentum,7,test,block,constant_a021,0.11949838962962965
0.0310307992006013,0.019994281637496784,0.045358617051667764,0.001535,inf,1.0,1.1063829787234043,0.9926470588235294,0.01314758823529412,0.13828129411764706,136,62,0,monthly_beme_op,monthly size/profit/invest,epsilon_greedy_momentum,7,test,block,constant_a022,0.11949838962962965
0.020237537414973975,0.012133383036553867,0.026912618137873805,0.032311,0.032311,17.999999999999986,1.1063829787234043,0.8676470588235295,0.014868257352941176,0.13557679411764706,136,0,3,monthly_beme_op,monthly size/profit/invest,epsilon_greedy_momentum,7,test,block,constant_a023,0.11949838962962965
-0.010078609069819116,-0.025748914397987342,0.0037425571356910553,0.08165800000000001,0.08165800000000001,7.000000000000001,1.1063829787234043,0.9485294117647058,0.004658558823529411,0.22838226470588233,136,8,2,monthly_beme_op,monthly size/profit/invest,epsilon_greedy_momentum,7,test,block,constant_a024,0.11949838962962965
0.011752283999999964,0.011752283999999988,0.011752283999999995,,inf,0.0,0.0,1.0,0.010897742352941178,0.10712653647058824,136,200,0,monthly_beme_op,monthly size/profit/invest,epsilon_greedy_momentum,7,test,block,constant_equal_weight_public,0.11949838962962965
0.018547109681946006,0.008024436404393565,0.031637216753630786,0.12828150793650794,0.1546829047619048,125.99999999999991,1.1063829787234043,0.07352941176470651,0.016952595588235295,0.14063335294117646,136,0,4,monthly_beme_op,monthly size/profit/invest,epsilon_greedy_momentum,7,test,block,momentum_12,0.11949838962962965
0.03239065202167256,-0.1777732761324322,0.31684929342601825,0.01727940226628896,0.018136340380549676,3.008498515174195,260.0,0.977878687388425,0.00962212588235294,0.0925010588235294,136,1,1,monthly_beme_op,monthly size/profit/invest,epsilon_greedy_momentum,7,test,block,low_vol_12,0.11949838962962965
0.025112517842688833,0.015516217423239994,0.037580535135445674,0.11990164705882354,0.132271,50.999999999999936,1.1063829787234043,0.6250000000000004,0.018501286764705884,0.10194055882352941,136,0,4,monthly_beme_op,monthly size/profit/invest,epsilon_greedy_momentum,7,test,block,risk_adjusted_12,0.11949838962962965
0.09320688705807245,0.07657969674679484,0.10870414640733908,0.067308,0.067308,10.0,1.1063829787234043,0.9264705882352942,0.012808669117647059,0.16200649999999997,136,0,3,monthly_beme_op,monthly size/profit/invest,epsilon_greedy_momentum,7,test,block,ridge_return_train_only,0.11949838962962965
0.01888468431587612,0.0062624686147338725,0.03055270408518533,0.11414999999999997,0.11414999999999999,11.000000000000002,1.1063829787234043,0.8981481481481481,0.009011361111111112,0.15419533333333332,108,0,3,monthly_beme_op,monthly size/profit/invest,epsilon_greedy_momentum,17,calibration,iid,constant_a000,0.11949838962962965
0.010008414690972755,0.006765864482924432,0.012587977888139397,0.10742000000000002,0.10742000000000003,7.000000000000001,1.1063829787234043,0.9351851851851851,0.005691944444444445,0.1491787037037037,108,0,2,monthly_beme_op,monthly size/profit/invest,epsilon_greedy_momentum,17,calibration,iid,constant_a001,0.11949838962962965
-0.13199361289008044,-0.4182031190521642,0.012301695681302866,0.056095259414225995,0.159488,1.0342573647902362,260.0,0.9904235429186089,0.009587805555555553,0.13425677777777775,108,1,0,monthly_beme_op,monthly size/profit/invest,epsilon_greedy_momentum,17,calibration,iid,constant_a002,0.11949838962962965
0.012402808355555562,0.01240280835555555,0.01240280835555556,,inf,0.0,0.0,1.0,0.007711083333333333,0.09189985185185184,108,200,0,monthly_beme_op,monthly size/profit/invest,epsilon_greedy_momentum,17,calibration,iid,constant_a003,0.11949838962962965
0.01241725433527713,0.010559616837310215,0.014027299164052183,0.056700999999999994,0.056701,6.000000000000001,1.1063829787234043,0.9444444444444444,0.008999,0.09132614814814814,108,0,2,monthly_beme_op,monthly size/profit/invest,epsilon_greedy_momentum,17,calibration,iid,constant_a004,0.11949838962962965
0.012192138523211634,0.0118325065159268,0.012402808355555558,0.00515,inf,2.0,1.1063829787234043,0.9814814814814815,0.007037601851851851,0.14897285185185186,108,33,1,monthly_beme_op,monthly size/profit/invest,epsilon_greedy_momentum,17,calibration,iid,constant_a005,0.11949838962962965
-0.0009922169160668443,-0.1337687539518711,0.11646525036714804,0.007791,0.007791,2.0170209683844567,260.0,0.9813238799223661,0.008633907407407406,0.12433974074074074,108,2,1,monthly_beme_op,monthly size/profit/invest,epsilon_greedy_momentum,17,calibration,iid,constant_a006,0.11949838962962965
0.012402808355555562,0.01240280835555555,0.01240280835555556,,inf,0.0,0.0,1.0,0.008959064814814816,0.10838277777777777,108,200,0,monthly_beme_op,monthly size/profit/invest,epsilon_greedy_momentum,17,calibration,iid,constant_a007,0.11949838962962965
0.012402808355555562,0.01240280835555555,0.01240280835555556,,inf,0.0,0.0,1.0,0.008833333333333334,0.10437133333333333,108,200,0,monthly_beme_op,monthly size/profit/invest,epsilon_greedy_momentum,17,calibration,iid,constant_a008,0.11949838962962965
0.011654190532667894,0.01033134969953594,0.012402808355555558,0.052162,inf,2.0,1.1063829787234043,0.9814814814814815,0.008357185185185186,0.10816214814814815,108,28,1,monthly_beme_op,monthly size/profit/invest,epsilon_greedy_momentum,17,calibration,iid,constant_a009,0.11949838962962965
0.012402808355555562,0.01240280835555555,0.01240280835555556,,inf,0.0,0.0,1.0,0.006952916666666668,0.1526792962962963,108,200,0,monthly_beme_op,monthly size/profit/invest,epsilon_greedy_momentum,17,calibration,iid,constant_a010,0.11949838962962965
0.11544142534937321,0.012402808355555553,0.3244305340841223,-0.054606118644067864,inf,1.0085104841922279,260.0,0.9906619399611831,0.008470018518518517,0.11324855555555556,108,25,0,monthly_beme_op,monthly size/profit/invest,epsilon_greedy_momentum,17,calibration,iid,constant_a011,0.11949838962962965
0.012402808355555562,0.01240280835555555,0.01240280835555556,,inf,0.0,0.0,1.0,0.007643851851851852,0.12476462962962963,108,200,0,monthly_beme_op,monthly size/profit/invest,epsilon_greedy_momentum,17,calibration,iid,constant_a012,0.11949838962962965
0.012402808355555562,0.01240280835555555,0.01240280835555556,,inf,0.0,0.0,1.0,0.008225361111111112,0.10516055555555555,108,200,0,monthly_beme_op,monthly size/profit/invest,epsilon_greedy_momentum,17,calibration,iid,constant_a013,0.11949838962962965
0.012341887544978555,0.012220045923824528,0.01240280835555556,-0.006456,inf,1.0,1.1063829787234043,0.9907407407407407,0.01212915740740741,0.12042751851851852,108,74,0,monthly_beme_op,monthly size/profit/invest,epsilon_greedy_momentum,17,calibration,iid,constant_a014,0.11949838962962965
0.012402808355555562,0.01240280835555555,0.01240280835555556,,inf,0.0,0.0,1.0,0.004571592592592592,0.18182740740740738,108,200,0,monthly_beme_op,monthly size/profit/invest,epsilon_greedy_momentum,17,calibration,iid,constant_a015,0.11949838962962965
0.012402808355555562,0.01240280835555555,0.01240280835555556,,inf,0.0,0.0,1.0,0.005576574074074074,0.15014825925925926,108,200,0,monthly_beme_op,monthly size/profit/invest,epsilon_greedy_momentum,17,calibration,iid,constant_a016,0.11949838962962965
0.013359222827983554,0.012360618293967247,0.01478269848455302,-0.008067999999999999,-0.008067999999999999,4.0,1.1063829787234043,0.962962962962963,0.007114703703703705,0.1573044814814815,108,3,1,monthly_beme_op,monthly size/profit/invest,epsilon_greedy_momentum,17,calibration,iid,constant_a017,0.11949838962962965
0.012319073518185805,0.01215160384344628,0.012402808355555558,-0.004229,inf,1.0,1.1063829787234043,0.9907407407407407,0.002282416666666666,0.17135685185185184,108,66,0,monthly_beme_op,monthly size/profit/invest,epsilon_greedy_momentum,17,calibration,iid,constant_a018,0.11949838962962965
0.038418536282908596,0.031131999320316246,0.046709961500958,0.042271,inf,2.999999999999999,1.1063829787234043,0.9722222222222222,0.010592287037037039,0.19485992592592594,108,10,1,monthly_beme_op,monthly size/profit/invest,epsilon_greedy_momentum,17,calibration,iid,constant_a019,0.11949838962962965
0.3870227555306174,0.012402808355555552,1.1362309418497158,-0.15507701694915277,inf,1.0085104841922279,260.0,0.9906619399611831,0.005733851851851852,0.16194114814814817,108,30,0,monthly_beme_op,monthly size/profit/invest,epsilon_greedy_momentum,17,calibration,iid,constant_a020,0.11949838962962965
0.0133038218784887,0.0023332220162592754,0.023273073952834688,,inf,0.0,0.0,1.0,0.004910851851851851,0.14231881481481481,108,200,0,monthly_beme_op,monthly size/profit/invest,epsilon_greedy_momentum,17,calibration,iid,constant_a021,0.11949838962962965
-0.15499349499416212,-0.5945072745780889,0.11494950625381156,0.059434999999999995,0.05943500000000001,2.025558382298353,260.0,0.9812448297935338,0.0070512870370370365,0.17373688888888889,108,1,1,monthly_beme_op,monthly size/profit/invest,epsilon_greedy_momentum,17,calibration,iid,constant_a022,0.11949838962962965
0.016033415961601096,0.005018180509983609,0.025444226617483964,0.21465499999999998,0.214655,19.99999999999998,1.1063829787234043,0.814814814814815,0.01687215740740741,0.16973874074074072,108,0,3,monthly_beme_op,monthly size/profit/invest,epsilon_greedy_momentum,17,calibration,iid,constant_a023,0.11949838962962965
0.017040990175732715,0.0067929400087374065,0.02770576172966384,0.11115335483870968,0.11171400000000001,30.999999999999954,1.1063829787234043,0.7129629629629635,0.020826731481481484,0.17694474074074074,108,0,3,monthly_beme_op,monthly size/profit/invest,epsilon_greedy_momentum,17,calibration,iid,constant_a024,0.11949838962962965
0.09510645701399129,0.012402808355555552,0.2584299349843621,-0.012841080000000001,inf,2.0,260.0,0.9814814814814815,0.008471041851851852,0.11949838962962965,108,23,1,monthly_beme_op,monthly size/profit/invest,epsilon_greedy_momentum,17,calibration,iid,constant_equal_weight_public,0.11949838962962965
0.01039560922134638,-0.0030004671822377598,0.024090474602851648,0.15472773737373735,0.18928471134020622,98.9999999999996,1.1063829787234043,0.08333333333333703,0.010304194444444444,0.15110244444444446,108,0,4,monthly_beme_op,monthly size/profit/invest,epsilon_greedy_momentum,17,calibration,iid,momentum_12,0.11949838962962965
0.048227329169915116,0.012512798237786534,0.118270138650062,-0.020559752066115683,0.021918000000000003,1.060327346465816,260.0,0.9901821541993906,0.009455527777777776,0.09748044444444444,108,0,0,monthly_beme_op,monthly size/profit/invest,epsilon_greedy_momentum,17,calibration,iid,low_vol_12,0.11949838962962965
0.011136361745747602,-0.00022017282927787077,0.022191543106451262,0.19107031707317074,0.21465499999999998,40.99999999999994,1.1063829787234043,0.6203703703703709,0.009305453703703703,0.14096814814814815,108,0,3,monthly_beme_op,monthly size/profit/invest,epsilon_greedy_momentum,17,calibration,iid,risk_adjusted_12,0.11949838962962965
0.08166991477141788,0.07393849551611612,0.09112644820898648,0.11414999999999999,0.11415,9.0,1.1063829787234043,0.9166666666666666,0.0075514907407407406,0.19370777777777776,108,0,2,monthly_beme_op,monthly size/profit/invest,epsilon_greedy_momentum,17,calibration,iid,ridge_return_train_only,0.11949838962962965
0.01888468431587612,0.001280325386031447,0.03746333944275827,0.11414999999999997,0.11414999999999999,11.000000000000002,1.1063829787234043,0.8981481481481481,0.009011361111111112,0.15419533333333332,108,1,3,monthly_beme_op,monthly size/profit/invest,epsilon_greedy_momentum,17,calibration,block,constant_a000,0.11949838962962965
0.010008414690972755,0.0050520625254285925,0.013028688033580246,0.10742000000000002,inf,7.000000000000001,1.1063829787234043,0.9351851851851851,0.005691944444444445,0.1491787037037037,108,10,2,monthly_beme_op,monthly size/profit/invest,epsilon_greedy_momentum,17,calibration,block,constant_a001,0.11949838962962965
-0.13199361289008044,-0.4164465167010078,0.012323570760108577,0.056095259414225995,0.159488,1.0342573647902362,260.0,0.9904235429186089,0.009587805555555553,0.13425677777777775,108,4,0,monthly_beme_op,monthly size/profit/invest,epsilon_greedy_momentum,17,calibration,block,constant_a002,0.11949838962962965
0.012402808355555562,0.012402808355555548,0.012402808355555565,,inf,0.0,0.0,1.0,0.007711083333333333,0.09189985185185184,108,200,0,monthly_beme_op,monthly size/profit/invest,epsilon_greedy_momentum,17,calibration,block,constant_a003,0.11949838962962965
0.01241725433527713,0.011078317068284736,0.014358330976194728,0.056700999999999994,inf,6.000000000000001,1.1063829787234043,0.9444444444444444,0.008999,0.09132614814814814,108,11,2,monthly_beme_op,monthly size/profit/invest,epsilon_greedy_momentum,17,calibration,block,constant_a004,0.11949838962962965
0.012192138523211634,0.011801652687225283,0.01240280835555556,0.00515,inf,2.0,1.1063829787234043,0.9814814814814815,0.007037601851851851,0.14897285185185186,108,25,1,monthly_beme_op,monthly size/profit/invest,epsilon_greedy_momentum,17,calibration,block,constant_a005,0.11949838962962965
-0.0009922169160668443,-0.13218564877639086,0.08284969023132455,0.007791,0.007791000000000001,2.0170209683844567,260.0,0.9813238799223661,0.008633907407407406,0.12433974074074074,108,5,1,monthly_beme_op,monthly size/profit/invest,epsilon_greedy_momentum,17,calibration,block,constant_a006,0.11949838962962965
0.012402808355555562,0.012402808355555548,0.012402808355555565,,inf,0.0,0.0,1.0,0.008959064814814816,0.10838277777777777,108,200,0,monthly_beme_op,monthly size/profit/invest,epsilon_greedy_momentum,17,calibration,block,constant_a007,0.11949838962962965
0.012402808355555562,0.012402808355555548,0.012402808355555565,,inf,0.0,0.0,1.0,0.008833333333333334,0.10437133333333333,108,200,0,monthly_beme_op,monthly size/profit/invest,epsilon_greedy_momentum,17,calibration,block,constant_a008,0.11949838962962965
0.011654190532667894,0.010152595016576478,0.012402808355555562,0.052162,inf,2.0,1.1063829787234043,0.9814814814814815,0.008357185185185186,0.10816214814814815,108,55,1,monthly_beme_op,monthly size/profit/invest,epsilon_greedy_momentum,17,calibration,block,constant_a009,0.11949838962962965
0.012402808355555562,0.012402808355555548,0.012402808355555565,,inf,0.0,0.0,1.0,0.006952916666666668,0.1526792962962963,108,200,0,monthly_beme_op,monthly size/profit/invest,epsilon_greedy_momentum,17,calibration,block,constant_a010,0.11949838962962965
0.11544142534937321,0.012402808355555553,0.3207604640096099,-0.054606118644067864,inf,1.0085104841922279,260.0,0.9906619399611831,0.008470018518518517,0.11324855555555556,108,19,0,monthly_beme_op,monthly size/profit/invest,epsilon_greedy_momentum,17,calibration,block,constant_a011,0.11949838962962965
0.012402808355555562,0.012402808355555548,0.012402808355555565,,inf,0.0,0.0,1.0,0.007643851851851852,0.12476462962962963,108,200,0,monthly_beme_op,monthly size/profit/invest,epsilon_greedy_momentum,17,calibration,block,constant_a012,0.11949838962962965
0.012402808355555562,0.012402808355555548,0.012402808355555565,,inf,0.0,0.0,1.0,0.008225361111111112,0.10516055555555555,108,200,0,monthly_beme_op,monthly size/profit/invest,epsilon_greedy_momentum,17,calibration,block,constant_a013,0.11949838962962965
0.012341887544978555,0.01215912511324753,0.012402808355555562,-0.006456,inf,1.0,1.1063829787234043,0.9907407407407407,0.01212915740740741,0.12042751851851852,108,64,0,monthly_beme_op,monthly size/profit/invest,epsilon_greedy_momentum,17,calibration,block,constant_a014,0.11949838962962965
0.012402808355555562,0.012402808355555548,0.012402808355555565,,inf,0.0,0.0,1.0,0.004571592592592592,0.18182740740740738,108,200,0,monthly_beme_op,monthly size/profit/invest,epsilon_greedy_momentum,17,calibration,block,constant_a015,0.11949838962962965
0.012402808355555562,0.012402808355555548,0.012402808355555565,,inf,0.0,0.0,1.0,0.005576574074074074,0.15014825925925926,108,200,0,monthly_beme_op,monthly size/profit/invest,epsilon_greedy_momentum,17,calibration,block,constant_a016,0.11949838962962965
0.013359222827983554,0.012358401335364675,0.014842050420982404,-0.008067999999999999,inf,4.0,1.1063829787234043,0.962962962962963,0.007114703703703705,0.1573044814814815,108,27,1,monthly_beme_op,monthly size/profit/invest,epsilon_greedy_momentum,17,calibration,block,constant_a017,0.11949838962962965
0.012319073518185805,0.01206786900607653,0.012402808355555564,-0.004229,inf,1.0,1.1063829787234043,0.9907407407407407,0.002282416666666666,0.17135685185185184,108,60,0,monthly_beme_op,monthly size/profit/invest,epsilon_greedy_momentum,17,calibration,block,constant_a018,0.11949838962962965
0.038418536282908596,0.030131435497895737,0.048016941617829254,0.042271,inf,2.999999999999999,1.1063829787234043,0.9722222222222222,0.010592287037037039,0.19485992592592594,108,14,1,monthly_beme_op,monthly size/profit/invest,epsilon_greedy_momentum,17,calibration,block,constant_a019,0.11949838962962965
0.3870227555306174,0.012402808355555552,1.1362309418497158,-0.15507701694915277,inf,1.0085104841922279,260.0,0.9906619399611831,0.005733851851851852,0.16194114814814817,108,29,0,monthly_beme_op,monthly size/profit/invest,epsilon_greedy_momentum,17,calibration,block,constant_a020,0.11949838962962965
0.0133038218784887,-0.0014571783659492275,0.028189211696732584,,inf,0.0,0.0,1.0,0.004910851851851851,0.14231881481481481,108,200,0,monthly_beme_op,monthly size/profit/invest,epsilon_greedy_momentum,17,calibration,block,constant_a021,0.11949838962962965
-0.15499349499416212,-0.5828440139613273,0.11805470755123328,0.059434999999999995,0.05943500000000001,2.025558382298353,260.0,0.9812448297935338,0.0070512870370370365,0.17373688888888889,108,2,1,monthly_beme_op,monthly size/profit/invest,epsilon_greedy_momentum,17,calibration,block,constant_a022,0.11949838962962965
0.016033415961601096,0.0027948167691736205,0.028602210656994823,0.21465499999999998,0.214655,19.99999999999998,1.1063829787234043,0.814814814814815,0.01687215740740741,0.16973874074074072,108,0,3,monthly_beme_op,monthly size/profit/invest,epsilon_greedy_momentum,17,calibration,block,constant_a023,0.11949838962962965
0.017040990175732715,0.005451307727793478,0.026433674818346603,0.11115335483870968,0.11171400000000001,30.999999999999954,1.1063829787234043,0.7129629629629635,0.020826731481481484,0.17694474074074074,108,0,3,monthly_beme_op,monthly size/profit/invest,epsilon_greedy_momentum,17,calibration,block,constant_a024,0.11949838962962965
0.09510645701399129,0.01240280835555555,0.25840355752427974,-0.012841080000000001,inf,2.0,260.0,0.9814814814814815,0.008471041851851852,0.11949838962962965,108,25,1,monthly_beme_op,monthly size/profit/invest,epsilon_greedy_momentum,17,calibration,block,constant_equal_weight_public,0.11949838962962965
0.01039560922134638,-0.006431346811522105,0.02622355518631804,0.15472773737373735,0.1973854,98.9999999999996,1.1063829787234043,0.08333333333333703,0.010304194444444444,0.15110244444444446,108,0,4,monthly_beme_op,monthly size/profit/invest,epsilon_greedy_momentum,17,calibration,block,momentum_12,0.11949838962962965
0.048227329169915116,0.01207546226525873,0.11700789664237798,-0.020559752066115683,0.021918000000000003,1.060327346465816,260.0,0.9901821541993906,0.009455527777777776,0.09748044444444444,108,1,0,monthly_beme_op,monthly size/profit/invest,epsilon_greedy_momentum,17,calibration,block,low_vol_12,0.11949838962962965
0.011136361745747602,-0.00461329143266957,0.023965170378281865,0.19107031707317074,0.21465499999999998,40.99999999999994,1.1063829787234043,0.6203703703703709,0.009305453703703703,0.14096814814814815,108,0,3,monthly_beme_op,monthly size/profit/invest,epsilon_greedy_momentum,17,calibration,block,risk_adjusted_12,0.11949838962962965
0.08166991477141788,0.0706497053569486,0.0910627720614343,0.11414999999999999,0.11414999999999999,9.0,1.1063829787234043,0.9166666666666666,0.0075514907407407406,0.19370777777777776,108,0,2,monthly_beme_op,monthly size/profit/invest,epsilon_greedy_momentum,17,calibration,block,ridge_return_train_only,0.11949838962962965
-0.1939709388970124,-0.43859661242244247,-0.0550286996077261,0.012460070539419095,0.090065,1.0516014557042241,260.0,0.992267636355116,0.011030007352941176,0.15709526470588234,136,1,0,monthly_beme_op,monthly size/profit/invest,epsilon_greedy_momentum,17,test,iid,constant_a000,0.11949838962962965
0.08091475803376402,0.010650164247987759,0.2022135287266082,0.06593364285714286,0.162361,1.4184910439659764,260.0,0.9895699187943678,0.023444860294117645,0.12699891176470587,136,0,0,monthly_beme_op,monthly size/profit/invest,epsilon_greedy_momentum,17,test,iid,constant_a001,0.11949838962962965
0.009990334573661544,0.005128168847506601,0.014840539885392856,0.193966,0.19396600000000003,12.000000000000002,1.1063829787234043,0.9117647058823529,0.013153823529411765,0.13322823529411765,136,0,3,monthly_beme_op,monthly size/profit/invest,epsilon_greedy_momentum,17,test,iid,constant_a002,0.11949838962962965
0.013213407504269241,0.011260011285128635,0.015578492966833543,0.049851999999999994,0.049852,7.000000000000001,1.1063829787234043,0.9485294117647058,0.015877375,0.11909723529411764,136,0,2,monthly_beme_op,monthly size/profit/invest,epsilon_greedy_momentum,17,test,iid,constant_a003,0.11949838962962965
0.012402808355555576,0.01240280835555555,0.012402808355555557,,inf,0.0,0.0,1.0,0.012729867647058824,0.08378829411764706,136,200,0,monthly_beme_op,monthly size/profit/invest,epsilon_greedy_momentum,17,test,iid,constant_a004,0.11949838962962965
0.012564781128633032,0.01240280835555555,0.012888726674787928,-0.032313,inf,1.0,1.1063829787234043,0.9926470588235294,0.010292911764705884,0.1313721176470588,136,72,0,monthly_beme_op,monthly size/profit/invest,epsilon_greedy_momentum,17,test,iid,constant_a005,0.11949838962962965
0.012208496386928124,0.011792149731216795,0.012534454777805584,0.005944,0.0059440000000000005,2.999999999999999,1.1063829787234043,0.9779411764705882,0.007293139705882353,0.09094320588235294,136,6,1,monthly_beme_op,monthly size/profit/invest,epsilon_greedy_momentum,17,test,iid,constant_a006,0.11949838962962965
0.012402808355555576,0.01240280835555555,0.012402808355555557,,inf,0.0,0.0,1.0,0.011329838235294118,0.09501655882352941,136,200,0,monthly_beme_op,monthly size/profit/invest,epsilon_greedy_momentum,17,test,iid,constant_a007,0.11949838962962965
0.09365317473464035,0.01240280835555555,0.25615390749281036,-0.05490300000000001,inf,1.0,260.0,0.9926470588235294,0.011474867647058825,0.08307823529411763,136,83,0,monthly_beme_op,monthly size/profit/invest,epsilon_greedy_momentum,17,test,iid,constant_a008,0.11949838962962965
-0.010612349088471692,-0.19630151324782652,0.15361386532937835,0.02486207368421053,0.04424,2.042687067131411,260.0,0.9849802421534455,0.010274257352941176,0.0984035294117647,136,0,1,monthly_beme_op,monthly size/profit/invest,epsilon_greedy_momentum,17,test,iid,constant_a009,0.11949838962962965
0.5328891293490207,0.012402808355555552,1.338163391518954,-0.074047,inf,2.0,260.0,0.9852941176470589,0.009373007352941174,0.11470952941176471,136,28,1,monthly_beme_op,monthly size/profit/invest,epsilon_greedy_momentum,17,test,iid,constant_a010,0.11949838962962965
0.012402808355555576,0.01240280835555555,0.012402808355555557,,inf,0.0,0.0,1.0,0.011024213235294116,0.1011819117647059,136,200,0,monthly_beme_op,monthly size/profit/invest,epsilon_greedy_momentum,17,test,iid,constant_a011,0.11949838962962965
0.012402808355555576,0.01240280835555555,0.012402808355555557,,inf,0.0,0.0,1.0,0.008815691176470589,0.10376441176470588,136,200,0,monthly_beme_op,monthly size/profit/invest,epsilon_greedy_momentum,17,test,iid,constant_a012,0.11949838962962965
0.01191171416993466,0.010438431613071895,0.012402808355555557,0.047964,inf,1.0,1.1063829787234043,0.9926470588235294,0.009981808823529413,0.11502073529411763,136,83,0,monthly_beme_op,monthly size/profit/invest,epsilon_greedy_momentum,17,test,iid,constant_a013,0.11949838962962965
0.012402808355555576,0.01240280835555555,0.012402808355555557,,inf,0.0,0.0,1.0,0.005425272058823529,0.15093029411764705,136,200,0,monthly_beme_op,monthly size/profit/invest,epsilon_greedy_momentum,17,test,iid,constant_a014,0.11949838962962965
0.012463612167431531,0.01240280835555555,0.01258521979118342,-0.019877,inf,1.0,1.1063829787234043,0.9926470588235294,0.01077013970588235,0.10116476470588236,136,68,0,monthly_beme_op,monthly size/profit/invest,epsilon_greedy_momentum,17,test,iid,constant_a015,0.11949838962962965
-0.15051094544836624,-0.32234986168300644,0.01240280835555555,0.031103999999999996,0.031104,3.0,260.0,0.9779411764705882,0.008198404411764707,0.11871282352941175,136,7,1,monthly_beme_op,monthly size/profit/invest,epsilon_greedy_momentum,17,test,iid,constant_a016,0.11949838962962965
0.012402808355555576,0.01240280835555555,0.012402808355555557,,inf,0.0,0.0,1.0,0.010214404411764706,0.12240526470588234,136,200,0,monthly_beme_op,monthly size/profit/invest,epsilon_greedy_momentum,17,test,iid,constant_a017,0.11949838962962965
-0.056923148794771235,-0.2649010202457517,0.012402808355555557,0.02386,inf,1.0,260.0,0.9926470588235294,0.01078397794117647,0.1249915882352941,136,80,0,monthly_beme_op,monthly size/profit/invest,epsilon_greedy_momentum,17,test,iid,constant_a018,0.11949838962962965
-0.25839035656052156,-0.7515877921408984,0.037638295948280116,0.02838449999999998,0.08876200000000001,2.0170209683844558,260.0,0.9851689634677614,0.004148029411764705,0.16689767647058826,136,7,1,monthly_beme_op,monthly size/profit/invest,epsilon_greedy_momentum,17,test,iid,constant_a019,0.11949838962962965
0.011428806742539302,0.005959087170927546,0.01600643649821443,0.132271,0.132271,9.0,1.1063829787234043,0.9338235294117647,0.01308618382352941,0.1459555588235294,136,0,2,monthly_beme_op,monthly size/profit/invest,epsilon_greedy_momentum,17,test,iid,constant_a020,0.11949838962962965
-0.3422375882163458,-1.086541971053439,0.03250889942547244,-0.015371230125522998,0.029620999999999998,1.0342573647902369,260.0,0.9923951664353658,0.011047073529411767,0.14904241176470587,136,1,0,monthly_beme_op,monthly size/profit/invest,epsilon_greedy_momentum,17,test,iid,constant_a021,0.11949838962962965
0.058881129928701,0.043798569212154616,0.0736564152451511,0.001535,inf,1.0,1.1063829787234043,0.9926470588235294,0.01314758823529412,0.13828129411764706,136,77,0,monthly_beme_op,monthly size/profit/invest,epsilon_greedy_momentum,17,test,iid,constant_a022,0.11949838962962965
0.01280020306317006,0.006488913041299858,0.01904014442228015,0.032311,0.032311,16.999999999999993,1.1063829787234043,0.875,0.014868257352941176,0.13557679411764706,136,0,3,monthly_beme_op,monthly size/profit/invest,epsilon_greedy_momentum,17,test,iid,constant_a023,0.11949838962962965
-0.0208355212942078,-0.03149635908933052,-0.008771171339426549,0.08165800000000001,0.08165800000000001,7.000000000000001,1.1063829787234043,0.9485294117647058,0.004658558823529411,0.22838226470588233,136,0,2,monthly_beme_op,monthly size/profit/invest,epsilon_greedy_momentum,17,test,iid,constant_a024,0.11949838962962965
0.06463962179346368,0.01240280835555555,0.16911324866928104,-0.03972668,inf,1.0,260.0,0.9926470588235294,0.010897742352941178,0.10712653647058824,136,68,0,monthly_beme_op,monthly size/profit/invest,epsilon_greedy_momentum,17,test,iid,constant_equal_weight_public,0.11949838962962965
0.018707125238580372,0.0059726566616481415,0.03088276629522619,0.14640616528925618,0.17544433613445384,120.99999999999977,1.1063829787234043,0.11029411764706054,0.016952595588235295,0.14063335294117646,136,0,4,monthly_beme_op,monthly size/profit/invest,epsilon_greedy_momentum,17,test,iid,momentum_12,0.11949838962962965
0.012695015493144099,0.01197405206813728,0.01337754943334739,,inf,0.0,0.0,1.0,0.00962212588235294,0.0925010588235294,136,200,0,monthly_beme_op,monthly size/profit/invest,epsilon_greedy_momentum,17,test,iid,low_vol_12,0.11949838962962965
0.02288467250908864,0.011793206372705395,0.033764295067431095,0.11948246153846154,0.132271,51.99999999999993,1.1063829787234043,0.6176470588235299,0.018501286764705884,0.10194055882352941,136,0,4,monthly_beme_op,monthly size/profit/invest,epsilon_greedy_momentum,17,test,iid,risk_adjusted_12,0.11949838962962965
-0.3733909612997332,-1.24150691135208,0.11920800982491783,0.007601219409282704,0.056729,2.0341137487098693,260.0,0.9850432812594863,0.01426597794117647,0.1456164411764706,136,0,1,monthly_beme_op,monthly size/profit/invest,epsilon_greedy_momentum,17,test,iid,ridge_return_train_only,0.11949838962962965
-0.1939709388970124,-0.44418717593177465,-0.04196001331259548,0.012460070539419095,0.090065,1.0516014557042241,260.0,0.992267636355116,0.011030007352941176,0.15709526470588234,136,3,0,monthly_beme_op,monthly size/profit/invest,epsilon_greedy_momentum,17,test,block,constant_a000,0.11949838962962965
0.08091475803376402,0.01106631644307885,0.21201031140726742,0.06593364285714286,0.162361,1.4184910439659764,260.0,0.9895699187943678,0.023444860294117645,0.12699891176470587,136,0,0,monthly_beme_op,monthly size/profit/invest,epsilon_greedy_momentum,17,test,block,constant_a001,0.11949838962962965
0.009990334573661544,0.005128947268271448,0.014333326910393547,0.193966,0.193966,12.000000000000002,1.1063829787234043,0.9117647058823529,0.013153823529411765,0.13322823529411765,136,0,3,monthly_beme_op,monthly size/profit/invest,epsilon_greedy_momentum,17,test,block,constant_a002,0.11949838962962965
0.013213407504269241,0.0115550006837825,0.015007659394156578,0.049851999999999994,0.049852,7.000000000000001,1.1063829787234043,0.9485294117647058,0.015877375,0.11909723529411764,136,4,2,monthly_beme_op,monthly size/profit/invest,epsilon_greedy_momentum,17,test,block,constant_a003,0.11949838962962965
0.012402808355555576,0.01240280835555555,0.012402808355555557,,inf,0.0,0.0,1.0,0.012729867647058824,0.08378829411764706,136,200,0,monthly_beme_op,monthly size/profit/invest,epsilon_greedy_momentum,17,test,block,constant_a004,0.11949838962962965
0.012564781128633032,0.01240280835555555,0.012892775994114867,-0.032313,inf,1.0,1.1063829787234043,0.9926470588235294,0.010292911764705884,0.1313721176470588,136,76,0,monthly_beme_op,monthly size/profit/invest,epsilon_greedy_momentum,17,test,block,constant_a005,0.11949838962962965
0.012208496386928124,0.011885343619858149,0.012402808355555553,0.005944,inf,2.999999999999999,1.1063829787234043,0.9779411764705882,0.007293139705882353,0.09094320588235294,136,21,1,monthly_beme_op,monthly size/profit/invest,epsilon_greedy_momentum,17,test,block,constant_a006,0.11949838962962965
0.012402808355555576,0.01240280835555555,0.012402808355555557,,inf,0.0,0.0,1.0,0.011329838235294118,0.09501655882352941,136,200,0,monthly_beme_op,monthly size/profit/invest,epsilon_greedy_momentum,17,test,block,constant_a007,0.11949838962962965
0.09365317473464035,0.01240280835555555,0.258185166652288,-0.05490300000000001,inf,1.0,260.0,0.9926470588235294,0.011474867647058825,0.08307823529411763,136,67,0,monthly_beme_op,monthly size/profit/invest,epsilon_greedy_momentum,17,test,block,constant_a008,0.11949838962962965
-0.010612349088471692,-0.15144153955396472,0.1525139695567821,0.02486207368421053,0.04424,2.042687067131411,260.0,0.9849802421534455,0.010274257352941176,0.0984035294117647,136,2,1,monthly_beme_op,monthly size/profit/invest,epsilon_greedy_momentum,17,test,block,constant_a009,0.11949838962962965
0.5328891293490207,0.012402808355555552,1.4560125814274505,-0.074047,inf,2.0,260.0,0.9852941176470589,0.009373007352941174,0.11470952941176471,136,27,1,monthly_beme_op,monthly size/profit/invest,epsilon_greedy_momentum,17,test,block,constant_a010,0.11949838962962965
0.012402808355555576,0.01240280835555555,0.012402808355555557,,inf,0.0,0.0,1.0,0.011024213235294116,0.1011819117647059,136,200,0,monthly_beme_op,monthly size/profit/invest,epsilon_greedy_momentum,17,test,block,constant_a011,0.11949838962962965
0.012402808355555576,0.01240280835555555,0.012402808355555557,,inf,0.0,0.0,1.0,0.008815691176470589,0.10376441176470588,136,200,0,monthly_beme_op,monthly size/profit/invest,epsilon_greedy_momentum,17,test,block,constant_a012,0.11949838962962965
0.01191171416993466,0.010438431613071895,0.012402808355555557,0.047964,inf,1.0,1.1063829787234043,0.9926470588235294,0.009981808823529413,0.11502073529411763,136,78,0,monthly_beme_op,monthly size/profit/invest,epsilon_greedy_momentum,17,test,block,constant_a013,0.11949838962962965
0.012402808355555576,0.01240280835555555,0.012402808355555557,,inf,0.0,0.0,1.0,0.005425272058823529,0.15093029411764705,136,200,0,monthly_beme_op,monthly size/profit/invest,epsilon_greedy_momentum,17,test,block,constant_a014,0.11949838962962965
0.012463612167431531,0.01240280835555555,0.012585219791183423,-0.019877,inf,1.0,1.1063829787234043,0.9926470588235294,0.01077013970588235,0.10116476470588236,136,72,0,monthly_beme_op,monthly size/profit/invest,epsilon_greedy_momentum,17,test,block,constant_a015,0.11949838962962965
-0.15051094544836624,-0.4015254989163403,0.012402808355555552,0.031103999999999996,0.031104,3.0,260.0,0.9779411764705882,0.008198404411764707,0.11871282352941175,136,8,1,monthly_beme_op,monthly size/profit/invest,epsilon_greedy_momentum,17,test,block,constant_a016,0.11949838962962965
0.012402808355555576,0.01240280835555555,0.012402808355555557,,inf,0.0,0.0,1.0,0.010214404411764706,0.12240526470588234,136,200,0,monthly_beme_op,monthly size/profit/invest,epsilon_greedy_momentum,17,test,block,constant_a017,0.11949838962962965
-0.056923148794771235,-0.19557506309542488,0.012402808355555557,0.02386,inf,1.0,260.0,0.9926470588235294,0.01078397794117647,0.1249915882352941,136,69,0,monthly_beme_op,monthly size/profit/invest,epsilon_greedy_momentum,17,test,block,constant_a018,0.11949838962962965
-0.25839035656052156,-0.6669537882720539,0.03529772027546624,0.02838449999999998,0.08876200000000001,2.0170209683844558,260.0,0.9851689634677614,0.004148029411764705,0.16689767647058826,136,2,1,monthly_beme_op,monthly size/profit/invest,epsilon_greedy_momentum,17,test,block,constant_a019,0.11949838962962965
0.011428806742539302,0.008138481204689192,0.014164839006733416,0.132271,0.132271,9.0,1.1063829787234043,0.9338235294117647,0.01308618382352941,0.1459555588235294,136,2,2,monthly_beme_op,monthly size/profit/invest,epsilon_greedy_momentum,17,test,block,constant_a020,0.11949838962962965
-0.3422375882163458,-1.435146929898692,0.04009219340097329,-0.015371230125522998,inf,1.0342573647902369,260.0,0.9923951664353658,0.011047073529411767,0.14904241176470587,136,10,0,monthly_beme_op,monthly size/profit/invest,epsilon_greedy_momentum,17,test,block,constant_a021,0.11949838962962965
0.058881129928701,0.029046902996511605,0.09360634667214784,0.001535,inf,1.0,1.1063829787234043,0.9926470588235294,0.01314758823529412,0.13828129411764706,136,83,0,monthly_beme_op,monthly size/profit/invest,epsilon_greedy_momentum,17,test,block,constant_a022,0.11949838962962965
0.01280020306317006,0.006251607020562568,0.017914968783952906,0.032311,0.032311,16.999999999999993,1.1063829787234043,0.875,0.014868257352941176,0.13557679411764706,136,0,3,monthly_beme_op,monthly size/profit/invest,epsilon_greedy_momentum,17,test,block,constant_a023,0.11949838962962965
-0.0208355212942078,-0.03961472016058561,-0.004935003314784445,0.08165800000000001,0.08165800000000001,7.000000000000001,1.1063829787234043,0.9485294117647058,0.004658558823529411,0.22838226470588233,136,4,2,monthly_beme_op,monthly size/profit/invest,epsilon_greedy_momentum,17,test,block,constant_a024,0.11949838962962965
0.06463962179346368,0.01240280835555555,0.169113248669281,-0.03972668,inf,1.0,260.0,0.9926470588235294,0.010897742352941178,0.10712653647058824,136,75,0,monthly_beme_op,monthly size/profit/invest,epsilon_greedy_momentum,17,test,block,constant_equal_weight_public,0.11949838962962965
0.018707125238580372,0.006757698777793323,0.03240191782516746,0.14640616528925618,0.17415843589743593,120.99999999999977,1.1063829787234043,0.11029411764706054,0.016952595588235295,0.14063335294117646,136,0,4,monthly_beme_op,monthly size/profit/invest,epsilon_greedy_momentum,17,test,block,momentum_12,0.11949838962962965
0.012695015493144099,0.012189568659406111,0.013369628558538144,,inf,0.0,0.0,1.0,0.00962212588235294,0.0925010588235294,136,200,0,monthly_beme_op,monthly size/profit/invest,epsilon_greedy_momentum,17,test,block,low_vol_12,0.11949838962962965
0.02288467250908864,0.013597802672107829,0.03611089719335152,0.11948246153846154,0.132271,51.99999999999993,1.1063829787234043,0.6176470588235299,0.018501286764705884,0.10194055882352941,136,0,4,monthly_beme_op,monthly size/profit/invest,epsilon_greedy_momentum,17,test,block,risk_adjusted_12,0.11949838962962965
-0.3733909612997332,-1.4656927093343546,0.12069364640514868,0.007601219409282704,0.056729,2.0341137487098693,260.0,0.9850432812594863,0.01426597794117647,0.1456164411764706,136,0,1,monthly_beme_op,monthly size/profit/invest,epsilon_greedy_momentum,17,test,block,ridge_return_train_only,0.11949838962962965
0.1623717796500964,0.1266696619672976,0.1985421969234503,0.11414999999999999,0.11415,8.0,1.1063829787234043,0.9259259259259259,0.009011361111111112,0.15419533333333332,108,0,2,monthly_beme_op,monthly size/profit/invest,epsilon_greedy_momentum,27,calibration,iid,constant_a000,0.11949838962962965
0.12739676228505376,0.00969360377154014,0.3594060428518973,-0.029482083333333433,0.07169500000000001,1.0429114611624104,260.0,0.9903434123966444,0.005691944444444445,0.1491787037037037,108,0,0,monthly_beme_op,monthly size/profit/invest,epsilon_greedy_momentum,27,calibration,iid,constant_a001,0.11949838962962965
0.048863791885123894,0.01181540409907013,0.12146451160804479,-0.02037659663865544,0.038893000000000004,1.0256391685376982,260.0,0.9905033410320584,0.009587805555555553,0.13425677777777775,108,3,0,monthly_beme_op,monthly size/profit/invest,epsilon_greedy_momentum,27,calibration,iid,constant_a002,0.11949838962962965
0.013095944711111121,0.013095944711111107,0.013095944711111121,,inf,0.0,0.0,1.0,0.007711083333333333,0.09189985185185184,108,200,0,monthly_beme_op,monthly size/profit/invest,epsilon_greedy_momentum,27,calibration,iid,constant_a003,0.11949838962962965
0.013067786564959296,0.011221282033832419,0.014630666814545138,0.056700999999999994,0.056701,6.000000000000001,1.1063829787234043,0.9444444444444444,0.008999,0.09132614814814814,108,0,2,monthly_beme_op,monthly size/profit/invest,epsilon_greedy_momentum,27,calibration,iid,constant_a004,0.11949838962962965
0.011566863595131779,0.008958006077128081,0.013058939057672716,-0.00995688235294117,0.00515,1.0256391685376982,260.0,0.9905033410320584,0.007037601851851851,0.14897285185185186,108,5,0,monthly_beme_op,monthly size/profit/invest,epsilon_greedy_momentum,27,calibration,iid,constant_a005,0.11949838962962965
0.05593259510123448,0.013095944711111114,0.142362449143175,-0.030632999999999997,inf,1.0170568743549353,260.0,0.9905828067189358,0.008633907407407406,0.12433974074074074,108,12,0,monthly_beme_op,monthly size/profit/invest,epsilon_greedy_momentum,27,calibration,iid,constant_a006,0.11949838962962965
0.013095944711111121,0.013095944711111107,0.013095944711111121,,inf,0.0,0.0,1.0,0.008959064814814816,0.10838277777777777,108,200,0,monthly_beme_op,monthly size/profit/invest,epsilon_greedy_momentum,27,calibration,iid,constant_a007,0.11949838962962965
0.013095944711111121,0.013095944711111107,0.013095944711111121,,inf,0.0,0.0,1.0,0.008833333333333334,0.10437133333333333,108,200,0,monthly_beme_op,monthly size/profit/invest,epsilon_greedy_momentum,27,calibration,iid,constant_a008,0.11949838962962965
0.022557517875072194,0.010996083304509238,0.04358288306194548,-0.01034240928270039,0.052162,1.0170568743549353,260.0,0.9905828067189358,0.008357185185185186,0.10816214814814815,108,9,0,monthly_beme_op,monthly size/profit/invest,epsilon_greedy_momentum,27,calibration,iid,constant_a009,0.11949838962962965
0.013095944711111121,0.013095944711111107,0.013095944711111121,,inf,0.0,0.0,1.0,0.006952916666666668,0.1526792962962963,108,200,0,monthly_beme_op,monthly size/profit/invest,epsilon_greedy_momentum,27,calibration,iid,constant_a010,0.11949838962962965
-0.13577675613497953,-0.43465254486913585,0.014226331753086421,0.0489,inf,1.0085104841922279,260.0,0.9906619399611831,0.008470018518518517,0.11324855555555556,108,22,0,monthly_beme_op,monthly size/profit/invest,epsilon_greedy_momentum,27,calibration,iid,constant_a011,0.11949838962962965
0.013095944711111121,0.013095944711111107,0.013095944711111121,,inf,0.0,0.0,1.0,0.007643851851851852,0.12476462962962963,108,200,0,monthly_beme_op,monthly size/profit/invest,epsilon_greedy_momentum,27,calibration,iid,constant_a012,0.11949838962962965
0.013095944711111121,0.013095944711111107,0.013095944711111121,,inf,0.0,0.0,1.0,0.008225361111111112,0.10516055555555555,108,200,0,monthly_beme_op,monthly size/profit/invest,epsilon_greedy_momentum,27,calibration,iid,constant_a013,0.11949838962962965
0.013095944711111121,0.013095944711111107,0.013095944711111121,,inf,0.0,0.0,1.0,0.01212915740740741,0.12042751851851852,108,200,0,monthly_beme_op,monthly size/profit/invest,epsilon_greedy_momentum,27,calibration,iid,constant_a014,0.11949838962962965
0.013095944711111121,0.013095944711111107,0.013095944711111121,,inf,0.0,0.0,1.0,0.004571592592592592,0.18182740740740738,108,200,0,monthly_beme_op,monthly size/profit/invest,epsilon_greedy_momentum,27,calibration,iid,constant_a015,0.11949838962962965
0.013095944711111121,0.013095944711111107,0.013095944711111121,,inf,0.0,0.0,1.0,0.005576574074074074,0.15014825925925926,108,200,0,monthly_beme_op,monthly size/profit/invest,epsilon_greedy_momentum,27,calibration,iid,constant_a016,0.11949838962962965
0.01402395643295685,0.013044437003274671,0.015534254254814816,-0.008067999999999999,-0.008067999999999999,4.0,1.1063829787234043,0.962962962962963,0.007114703703703705,0.1573044814814815,108,6,1,monthly_beme_op,monthly size/profit/invest,epsilon_greedy_momentum,27,calibration,iid,constant_a017,0.11949838962962965
-0.07850512808139404,-0.26152787350449885,0.013095944711111116,0.024916,inf,1.0085104841922279,260.0,0.9906619399611831,0.002282416666666666,0.17135685185185184,108,34,0,monthly_beme_op,monthly size/profit/invest,epsilon_greedy_momentum,27,calibration,iid,constant_a018,0.11949838962962965
0.4028421241158754,0.012847679594821314,1.174131351640958,-0.08534441004184105,0.066469,1.0342573647902367,260.0,0.9904235429186089,0.010592287037037039,0.19485992592592594,108,1,0,monthly_beme_op,monthly size/profit/invest,epsilon_greedy_momentum,27,calibration,iid,constant_a019,0.11949838962962965
0.10244512960182117,0.013095944711111111,0.2833753834547557,-0.04725915254237294,inf,1.0085104841922279,260.0,0.9906619399611831,0.005733851851851852,0.16194114814814817,108,31,0,monthly_beme_op,monthly size/profit/invest,epsilon_greedy_momentum,27,calibration,iid,constant_a020,0.11949838962962965
0.014101669013959147,0.005857879399496059,0.024841068989975942,,inf,0.0,0.0,1.0,0.004910851851851851,0.14231881481481481,108,200,0,monthly_beme_op,monthly size/profit/invest,epsilon_greedy_momentum,27,calibration,iid,constant_a021,0.11949838962962965
-0.0025698565618451764,-0.010614861933446228,0.005158165543980945,0.034992,0.034992,4.0,1.1063829787234043,0.962962962962963,0.0070512870370370365,0.17373688888888889,108,1,1,monthly_beme_op,monthly size/profit/invest,epsilon_greedy_momentum,27,calibration,iid,constant_a022,0.11949838962962965
0.02049470113677266,0.010671469969255946,0.03072726997481137,0.21465499999999998,0.214655,18.999999999999982,1.1063829787234043,0.8240740740740742,0.01687215740740741,0.16973874074074072,108,0,3,monthly_beme_op,monthly size/profit/invest,epsilon_greedy_momentum,27,calibration,iid,constant_a023,0.11949838962962965
-0.846723394854023,-2.3016686788636336,0.026066993991564435,0.16852,0.16852,2.299120234604103,260.0,0.9787118496795917,0.020826731481481484,0.17694474074074074,108,0,1,monthly_beme_op,monthly size/profit/invest,epsilon_greedy_momentum,27,calibration,iid,constant_a024,0.11949838962962965
0.013095944711111121,0.013095944711111107,0.013095944711111121,,inf,0.0,0.0,1.0,0.008471041851851852,0.11949838962962965,108,200,0,monthly_beme_op,monthly size/profit/invest,epsilon_greedy_momentum,27,calibration,iid,constant_equal_weight_public,0.11949838962962965
0.01755631817918781,0.003699535932578476,0.03259503564170137,0.13305070103092784,0.17596029166666668,96.9999999999996,1.1063829787234043,0.10185185185185552,0.010304194444444444,0.15110244444444446,108,0,4,monthly_beme_op,monthly size/profit/invest,epsilon_greedy_momentum,27,calibration,iid,momentum_12,0.11949838962962965
0.014283077123474318,0.012731413371869364,0.01591068794585764,0.021918,0.021918000000000003,7.000000000000001,1.1063829787234043,0.9351851851851851,0.009455527777777776,0.09748044444444444,108,2,2,monthly_beme_op,monthly size/profit/invest,epsilon_greedy_momentum,27,calibration,iid,low_vol_12,0.11949838962962965
0.014299318311233556,0.003690941549643522,0.025776075107961125,0.16423582051282054,0.21465499999999998,38.99999999999994,1.1063829787234043,0.6388888888888894,0.009305453703703703,0.14096814814814815,108,0,3,monthly_beme_op,monthly size/profit/invest,epsilon_greedy_momentum,27,calibration,iid,risk_adjusted_12,0.11949838962962965
0.1915561062881338,0.161368244061302,0.22331157274754557,0.11414999999999999,0.11414999999999999,10.0,1.1063829787234043,0.9074074074074074,0.01581412037037037,0.16125392592592594,108,0,3,monthly_beme_op,monthly size/profit/invest,epsilon_greedy_momentum,27,calibration,iid,ridge_return_train_only,0.11949838962962965
0.1623717796500964,0.10025046804825685,0.2247473797056609,0.11414999999999999,0.11415,8.0,1.1063829787234043,0.9259259259259259,0.009011361111111112,0.15419533333333332,108,1,2,monthly_beme_op,monthly size/profit/invest,epsilon_greedy_momentum,27,calibration,block,constant_a000,0.11949838962962965
0.12739676228505376,0.010082207188995706,0.3599187843677225,-0.029482083333333433,0.07169500000000001,1.0429114611624104,260.0,0.9903434123966444,0.005691944444444445,0.1491787037037037,108,1,0,monthly_beme_op,monthly size/profit/invest,epsilon_greedy_momentum,27,calibration,block,constant_a001,0.11949838962962965
0.048863791885123894,0.011991582688871376,0.1227213960255426,-0.02037659663865544,inf,1.0256391685376982,260.0,0.9905033410320584,0.009587805555555553,0.13425677777777775,108,10,0,monthly_beme_op,monthly size/profit/invest,epsilon_greedy_momentum,27,calibration,block,constant_a002,0.11949838962962965
0.013095944711111121,0.013095944711111106,0.013095944711111125,,inf,0.0,0.0,1.0,0.007711083333333333,0.09189985185185184,108,200,0,monthly_beme_op,monthly size/profit/invest,epsilon_greedy_momentum,27,calibration,block,constant_a003,0.11949838962962965
0.013067786564959296,0.011064104871710004,0.01461871549336836,0.056700999999999994,inf,6.000000000000001,1.1063829787234043,0.9444444444444444,0.008999,0.09132614814814814,108,11,2,monthly_beme_op,monthly size/profit/invest,epsilon_greedy_momentum,27,calibration,block,constant_a004,0.11949838962962965
0.011566863595131779,0.008959591328794305,0.013095944711111106,-0.00995688235294117,0.00515,1.0256391685376982,260.0,0.9905033410320584,0.007037601851851851,0.14897285185185186,108,6,0,monthly_beme_op,monthly size/profit/invest,epsilon_greedy_momentum,27,calibration,block,constant_a005,0.11949838962962965
0.05593259510123448,0.013095944711111111,0.14233004748832867,-0.030632999999999997,inf,1.0170568743549353,260.0,0.9905828067189358,0.008633907407407406,0.12433974074074074,108,14,0,monthly_beme_op,monthly size/profit/invest,epsilon_greedy_momentum,27,calibration,block,constant_a006,0.11949838962962965
0.013095944711111121,0.013095944711111106,0.013095944711111125,,inf,0.0,0.0,1.0,0.008959064814814816,0.10838277777777777,108,200,0,monthly_beme_op,monthly size/profit/invest,epsilon_greedy_momentum,27,calibration,block,constant_a007,0.11949838962962965
0.013095944711111121,0.013095944711111106,0.013095944711111125,,inf,0.0,0.0,1.0,0.008833333333333334,0.10437133333333333,108,200,0,monthly_beme_op,monthly size/profit/invest,epsilon_greedy_momentum,27,calibration,block,constant_a008,0.11949838962962965
0.022557517875072194,0.011464010097879344,0.04358524051429465,-0.01034240928270039,inf,1.0170568743549353,260.0,0.9905828067189358,0.008357185185185186,0.10816214814814815,108,18,0,monthly_beme_op,monthly size/profit/invest,epsilon_greedy_momentum,27,calibration,block,constant_a009,0.11949838962962965
0.013095944711111121,0.013095944711111106,0.013095944711111125,,inf,0.0,0.0,1.0,0.006952916666666668,0.1526792962962963,108,200,0,monthly_beme_op,monthly size/profit/invest,epsilon_greedy_momentum,27,calibration,block,constant_a010,0.11949838962962965
-0.13577675613497953,-0.4346525448691359,0.01385895596444446,0.0489,inf,1.0085104841922279,260.0,0.9906619399611831,0.008470018518518517,0.11324855555555556,108,28,0,monthly_beme_op,monthly size/profit/invest,epsilon_greedy_momentum,27,calibration,block,constant_a011,0.11949838962962965
0.013095944711111121,0.013095944711111106,0.013095944711111125,,inf,0.0,0.0,1.0,0.007643851851851852,0.12476462962962963,108,200,0,monthly_beme_op,monthly size/profit/invest,epsilon_greedy_momentum,27,calibration,block,constant_a012,0.11949838962962965
0.013095944711111121,0.013095944711111106,0.013095944711111125,,inf,0.0,0.0,1.0,0.008225361111111112,0.10516055555555555,108,200,0,monthly_beme_op,monthly size/profit/invest,epsilon_greedy_momentum,27,calibration,block,constant_a013,0.11949838962962965
0.013095944711111121,0.013095944711111106,0.013095944711111125,,inf,0.0,0.0,1.0,0.01212915740740741,0.12042751851851852,108,200,0,monthly_beme_op,monthly size/profit/invest,epsilon_greedy_momentum,27,calibration,block,constant_a014,0.11949838962962965
0.013095944711111121,0.013095944711111106,0.013095944711111125,,inf,0.0,0.0,1.0,0.004571592592592592,0.18182740740740738,108,200,0,monthly_beme_op,monthly size/profit/invest,epsilon_greedy_momentum,27,calibration,block,constant_a015,0.11949838962962965
0.013095944711111121,0.013095944711111106,0.013095944711111125,,inf,0.0,0.0,1.0,0.005576574074074074,0.15014825925925926,108,200,0,monthly_beme_op,monthly size/profit/invest,epsilon_greedy_momentum,27,calibration,block,constant_a016,0.11949838962962965
0.01402395643295685,0.013044437003274671,0.015817281781423696,-0.008067999999999999,inf,4.0,1.1063829787234043,0.962962962962963,0.007114703703703705,0.1573044814814815,108,30,1,monthly_beme_op,monthly size/profit/invest,epsilon_greedy_momentum,27,calibration,block,constant_a017,0.11949838962962965
-0.07850512808139404,-0.2617072736664041,0.013095944711111116,0.024916,inf,1.0085104841922279,260.0,0.9906619399611831,0.002282416666666666,0.17135685185185184,108,33,0,monthly_beme_op,monthly size/profit/invest,epsilon_greedy_momentum,27,calibration,block,constant_a018,0.11949838962962965
0.4028421241158754,0.012541863598252464,1.1720840172430034,-0.08534441004184105,0.066469,1.0342573647902367,260.0,0.9904235429186089,0.010592287037037039,0.19485992592592594,108,2,0,monthly_beme_op,monthly size/profit/invest,epsilon_greedy_momentum,27,calibration,block,constant_a019,0.11949838962962965
0.10244512960182117,0.01309594471111111,0.37044346958718144,-0.04725915254237294,inf,1.0085104841922279,260.0,0.9906619399611831,0.005733851851851852,0.16194114814814817,108,45,0,monthly_beme_op,monthly size/profit/invest,epsilon_greedy_momentum,27,calibration,block,constant_a020,0.11949838962962965
0.014101669013959147,0.0012636958469843791,0.02873215688979777,,inf,0.0,0.0,1.0,0.004910851851851851,0.14231881481481481,108,200,0,monthly_beme_op,monthly size/profit/invest,epsilon_greedy_momentum,27,calibration,block,constant_a021,0.11949838962962965
-0.0025698565618451764,-0.015837258662974453,0.0075401082965656395,0.034992,0.034992,4.0,1.1063829787234043,0.962962962962963,0.0070512870370370365,0.17373688888888889,108,7,1,monthly_beme_op,monthly size/profit/invest,epsilon_greedy_momentum,27,calibration,block,constant_a022,0.11949838962962965
0.02049470113677266,0.010763342548552397,0.029769128887259324,0.21465499999999998,0.214655,18.999999999999982,1.1063829787234043,0.8240740740740742,0.01687215740740741,0.16973874074074072,108,0,3,monthly_beme_op,monthly size/profit/invest,epsilon_greedy_momentum,27,calibration,block,constant_a023,0.11949838962962965
-0.846723394854023,-2.2687342812824522,0.024176369535039485,0.16852,0.16852,2.299120234604103,260.0,0.9787118496795917,0.020826731481481484,0.17694474074074074,108,0,1,monthly_beme_op,monthly size/profit/invest,epsilon_greedy_momentum,27,calibration,block,constant_a024,0.11949838962962965
0.013095944711111121,0.013095944711111106,0.013095944711111125,,inf,0.0,0.0,1.0,0.008471041851851852,0.11949838962962965,108,200,0,monthly_beme_op,monthly size/profit/invest,epsilon_greedy_momentum,27,calibration,block,constant_equal_weight_public,0.11949838962962965
0.01755631817918781,0.0025187717325938852,0.031492881589606954,0.13305070103092784,0.1756836734693878,96.9999999999996,1.1063829787234043,0.10185185185185552,0.010304194444444444,0.15110244444444446,108,0,4,monthly_beme_op,monthly size/profit/invest,epsilon_greedy_momentum,27,calibration,block,momentum_12,0.11949838962962965
0.014283077123474318,0.012667752407883728,0.016301556044539006,0.021918,0.021918000000000003,7.000000000000001,1.1063829787234043,0.9351851851851851,0.009455527777777776,0.09748044444444444,108,0,2,monthly_beme_op,monthly size/profit/invest,epsilon_greedy_momentum,27,calibration,block,low_vol_12,0.11949838962962965
0.014299318311233556,0.0009461572017393241,0.02514733329279687,0.16423582051282054,0.21465499999999998,38.99999999999994,1.1063829787234043,0.6388888888888894,0.009305453703703703,0.14096814814814815,108,0,3,monthly_beme_op,monthly size/profit/invest,epsilon_greedy_momentum,27,calibration,block,risk_adjusted_12,0.11949838962962965
0.1915561062881338,0.14272599461566074,0.24605699911495302,0.11414999999999999,0.11414999999999999,10.0,1.1063829787234043,0.9074074074074074,0.01581412037037037,0.16125392592592594,108,0,3,monthly_beme_op,monthly size/profit/invest,epsilon_greedy_momentum,27,calibration,block,ridge_return_train_only,0.11949838962962965
0.37133678898045863,-0.11938409271161889,1.3005528501884909,0.0007194897119341629,0.090065,1.069089131497473,260.0,0.992139050503695,0.011030007352941176,0.15709526470588234,136,0,0,monthly_beme_op,monthly size/profit/invest,epsilon_greedy_momentum,27,test,iid,constant_a000,0.11949838962962965
0.0219715386959254,0.012580438082850781,0.032882911859696856,0.1262884285714286,0.162361,41.99999999999994,1.1063829787234043,0.6911764705882357,0.023444860294117645,0.12699891176470587,136,0,3,monthly_beme_op,monthly size/profit/invest,epsilon_greedy_momentum,27,test,iid,constant_a001,0.11949838962962965
0.06917341152596289,0.0058510719679043255,0.18887062419526623,0.03329026907630523,0.193966,1.1224135121924692,260.0,0.991746959469173,0.013153823529411765,0.13322823529411765,136,0,0,monthly_beme_op,monthly size/profit/invest,epsilon_greedy_momentum,27,test,iid,constant_a002,0.11949838962962965
-0.023888922035544494,-0.13551891847835354,0.01467025686255875,0.012156677685950402,0.049852,1.0603273464658154,260.0,0.9922034753936337,0.015877375,0.11909723529411764,136,0,0,monthly_beme_op,monthly size/profit/invest,epsilon_greedy_momentum,27,test,iid,constant_a003,0.11949838962962965
0.013095944711111137,0.013095944711111102,0.013095944711111111,,inf,0.0,0.0,1.0,0.012729867647058824,0.08378829411764706,136,200,0,monthly_beme_op,monthly size/profit/invest,epsilon_greedy_momentum,27,test,iid,constant_a004,0.11949838962962965
0.013252278702822999,0.013095944711111104,0.013564946686246693,-0.032313,inf,1.0,1.1063829787234043,0.9926470588235294,0.010292911764705884,0.1313721176470588,136,78,0,monthly_beme_op,monthly size/profit/invest,epsilon_greedy_momentum,27,test,iid,constant_a005,0.11949838962962965
0.012884716398386897,0.012456905877922399,0.013216313570629946,0.005944,inf,2.999999999999999,1.1063829787234043,0.9779411764705882,0.007293139705882353,0.09094320588235294,136,13,1,monthly_beme_op,monthly size/profit/invest,epsilon_greedy_momentum,27,test,iid,constant_a006,0.11949838962962965
0.013095944711111137,0.013095944711111102,0.013095944711111111,,inf,0.0,0.0,1.0,0.011329838235294118,0.09501655882352941,136,200,0,monthly_beme_op,monthly size/profit/invest,epsilon_greedy_momentum,27,test,iid,constant_a007,0.11949838962962965
0.013095944711111137,0.013095944711111102,0.013095944711111111,,inf,0.0,0.0,1.0,0.011474867647058825,0.08307823529411763,136,200,0,monthly_beme_op,monthly size/profit/invest,epsilon_greedy_momentum,27,test,iid,constant_a008,0.11949838962962965
-0.021709104469809587,-0.08020359744827985,0.013085086916228615,0.004401905263157895,0.04424,2.042687067131412,260.0,0.9849802421534455,0.010274257352941176,0.0984035294117647,136,0,1,monthly_beme_op,monthly size/profit/invest,epsilon_greedy_momentum,27,test,iid,constant_a009,0.11949838962962965
-0.05962174370718956,-0.27777480896209156,0.01309594471111111,0.024940999999999998,inf,1.0,260.0,0.9926470588235294,0.009373007352941174,0.11470952941176471,136,70,0,monthly_beme_op,monthly size/profit/invest,epsilon_greedy_momentum,27,test,iid,constant_a010,0.11949838962962965
0.013095944711111137,0.013095944711111102,0.013095944711111111,,inf,0.0,0.0,1.0,0.011024213235294116,0.1011819117647059,136,200,0,monthly_beme_op,monthly size/profit/invest,epsilon_greedy_momentum,27,test,iid,constant_a011,0.11949838962962965
0.013095944711111137,0.013095944711111102,0.013095944711111111,,inf,0.0,0.0,1.0,0.008815691176470589,0.10376441176470588,136,200,0,monthly_beme_op,monthly size/profit/invest,epsilon_greedy_momentum,27,test,iid,constant_a012,0.11949838962962965
0.012599211744124626,0.011109012843165064,0.01309594471111111,0.047964,inf,1.0,1.1063829787234043,0.9926470588235294,0.009981808823529413,0.11502073529411763,136,68,0,monthly_beme_op,monthly size/profit/invest,epsilon_greedy_momentum,27,test,iid,constant_a013,0.11949838962962965
0.044529285704575046,0.013095944711111104,0.10818180121634001,-0.029538000000000002,inf,1.0,260.0,0.9926470588235294,0.005425272058823529,0.15093029411764705,136,60,0,monthly_beme_op,monthly size/profit/invest,epsilon_greedy_momentum,27,test,iid,constant_a014,0.11949838962962965
0.01270837802619944,0.011767749564844944,0.013261439802642187,0.041326,inf,2.0,1.1063829787234043,0.9852941176470589,0.01077013970588235,0.10116476470588236,136,38,1,monthly_beme_op,monthly size/profit/invest,epsilon_greedy_momentum,27,test,iid,constant_a015,0.11949838962962965
0.013095944711111137,0.013095944711111102,0.013095944711111111,,inf,0.0,0.0,1.0,0.008198404411764707,0.11871282352941175,136,200,0,monthly_beme_op,monthly size/profit/invest,epsilon_greedy_momentum,27,test,iid,constant_a016,0.11949838962962965
-0.07877571429542495,-0.2625190323084968,0.01309594471111111,0.03496,inf,1.0,260.0,0.9926470588235294,0.010214404411764706,0.12240526470588234,136,75,0,monthly_beme_op,monthly size/profit/invest,epsilon_greedy_momentum,27,test,iid,constant_a017,0.11949838962962965
0.013095944711111137,0.013095944711111102,0.013095944711111111,,inf,0.0,0.0,1.0,0.01078397794117647,0.1249915882352941,136,200,0,monthly_beme_op,monthly size/profit/invest,epsilon_greedy_momentum,27,test,iid,constant_a018,0.11949838962962965
0.010652456305872854,0.0023845317318675705,0.021651462067693448,0.08876200000000001,inf,2.0,1.1063829787234043,0.9852941176470589,0.004148029411764705,0.16689767647058826,136,30,1,monthly_beme_op,monthly size/profit/invest,epsilon_greedy_momentum,27,test,iid,constant_a019,0.11949838962962965
-0.16868219665615353,-0.5334956261288556,0.01527789889997219,0.09008459183673473,0.132271,1.0867203765728253,260.0,0.992009408995788,0.01308618382352941,0.1459555588235294,136,0,0,monthly_beme_op,monthly size/profit/invest,epsilon_greedy_momentum,27,test,iid,constant_a020,0.11949838962962965
0.03283752468688417,0.020669693396926613,0.04705922483803386,0.029620999999999998,0.029620999999999998,4.0,1.1063829787234043,0.9705882352941176,0.011047073529411767,0.14904241176470587,136,2,1,monthly_beme_op,monthly size/profit/invest,epsilon_greedy_momentum,27,test,iid,constant_a021,0.11949838962962965
0.002534215827934221,-0.008573861669756594,0.01271712146578629,0.001535,inf,1.0,1.1063829787234043,0.9926470588235294,0.01314758823529412,0.13828129411764706,136,57,0,monthly_beme_op,monthly size/profit/invest,epsilon_greedy_momentum,27,test,iid,constant_a022,0.11949838962962965
0.01706102718077569,0.010453370668235106,0.023558000058052246,0.032311,0.032311,16.999999999999993,1.1063829787234043,0.875,0.014868257352941176,0.13557679411764706,136,0,3,monthly_beme_op,monthly size/profit/invest,epsilon_greedy_momentum,27,test,iid,constant_a023,0.11949838962962965
0.34812948676406735,-0.0015626753316900148,0.8886833457941302,-0.008993780898876395,0.021903448979591872,3.059740949529822,260.0,0.9775019047828689,0.004658558823529411,0.22838226470588233,136,0,1,monthly_beme_op,monthly size/profit/invest,epsilon_greedy_momentum,27,test,iid,constant_a024,0.11949838962962965
0.013095944711111137,0.013095944711111102,0.013095944711111111,,inf,0.0,0.0,1.0,0.010897742352941178,0.10712653647058824,136,200,0,monthly_beme_op,monthly size/profit/invest,epsilon_greedy_momentum,27,test,iid,constant_equal_weight_public,0.11949838962962965
0.017037367496957764,0.0048759791422886105,0.03318919276924926,0.14513987096774195,0.17522591803278692,123.99999999999986,1.1063829787234043,0.08823529411764808,0.016952595588235295,0.14063335294117646,136,0,4,monthly_beme_op,monthly size/profit/invest,epsilon_greedy_momentum,27,test,iid,momentum_12,0.11949838962962965
0.01259084220328971,0.01103774286833349,0.014016270624663249,0.025731,inf,1.0,1.1063829787234043,0.9926470588235294,0.00962212588235294,0.0925010588235294,136,74,0,monthly_beme_op,monthly size/profit/invest,epsilon_greedy_momentum,27,test,iid,low_vol_12,0.11949838962962965
0.02171298864383258,0.011951622121922051,0.03427608244492283,0.11948246153846155,0.12992916326530615,51.99999999999993,1.1063829787234043,0.6176470588235299,0.018501286764705884,0.10194055882352941,136,0,4,monthly_beme_op,monthly size/profit/invest,epsilon_greedy_momentum,27,test,iid,risk_adjusted_12,0.11949838962962965
0.10118828259616525,0.0836967865246176,0.11917416542686823,0.067308,0.067308,12.000000000000002,1.1063829787234043,0.9117647058823529,0.013720139705882354,0.15998241176470587,136,0,3,monthly_beme_op,monthly size/profit/invest,epsilon_greedy_momentum,27,test,iid,ridge_return_train_only,0.11949838962962965
0.37133678898045863,-0.1374280856036902,1.3003593413671004,0.0007194897119341629,0.090065,1.069089131497473,260.0,0.992139050503695,0.011030007352941176,0.15709526470588234,136,1,0,monthly_beme_op,monthly size/profit/invest,epsilon_greedy_momentum,27,test,block,constant_a000,0.11949838962962965
0.0219715386959254,0.012632492676487273,0.03258582827569462,0.1262884285714286,0.162361,41.99999999999994,1.1063829787234043,0.6911764705882357,0.023444860294117645,0.12699891176470587,136,0,3,monthly_beme_op,monthly size/profit/invest,epsilon_greedy_momentum,27,test,block,constant_a001,0.11949838962962965
0.06917341152596289,0.006555338381938531,0.18399613776255314,0.03329026907630523,0.193966,1.1224135121924692,260.0,0.991746959469173,0.013153823529411765,0.13322823529411765,136,0,0,monthly_beme_op,monthly size/profit/invest,epsilon_greedy_momentum,27,test,block,constant_a002,0.11949838962962965
-0.023888922035544494,-0.0995359234164985,0.014611579187829227,0.012156677685950402,0.049852,1.0603273464658154,260.0,0.9922034753936337,0.015877375,0.11909723529411764,136,1,0,monthly_beme_op,monthly size/profit/invest,epsilon_greedy_momentum,27,test,block,constant_a003,0.11949838962962965
0.013095944711111137,0.0130959447111111,0.013095944711111111,,inf,0.0,0.0,1.0,0.012729867647058824,0.08378829411764706,136,200,0,monthly_beme_op,monthly size/profit/invest,epsilon_greedy_momentum,27,test,block,constant_a004,0.11949838962962965
0.013252278702822999,0.0130959447111111,0.013721280677958555,-0.032313,inf,1.0,1.1063829787234043,0.9926470588235294,0.010292911764705884,0.1313721176470588,136,81,0,monthly_beme_op,monthly size/profit/invest,epsilon_greedy_momentum,27,test,block,constant_a005,0.11949838962962965
0.012884716398386897,0.012500537132821577,0.013095944711111107,0.005944,inf,2.999999999999999,1.1063829787234043,0.9779411764705882,0.007293139705882353,0.09094320588235294,136,29,1,monthly_beme_op,monthly size/profit/invest,epsilon_greedy_momentum,27,test,block,constant_a006,0.11949838962962965
0.013095944711111137,0.0130959447111111,0.013095944711111111,,inf,0.0,0.0,1.0,0.011329838235294118,0.09501655882352941,136,200,0,monthly_beme_op,monthly size/profit/invest,epsilon_greedy_momentum,27,test,block,constant_a007,0.11949838962962965
0.013095944711111137,0.0130959447111111,0.013095944711111111,,inf,0.0,0.0,1.0,0.011474867647058825,0.08307823529411763,136,200,0,monthly_beme_op,monthly size/profit/invest,epsilon_greedy_momentum,27,test,block,constant_a008,0.11949838962962965
-0.021709104469809587,-0.07928914484989855,0.012783229266026973,0.004401905263157895,0.04424,2.042687067131412,260.0,0.9849802421534455,0.010274257352941176,0.0984035294117647,136,0,1,monthly_beme_op,monthly size/profit/invest,epsilon_greedy_momentum,27,test,block,constant_a009,0.11949838962962965
-0.05962174370718956,-0.27777480896209156,0.01309594471111111,0.024940999999999998,inf,1.0,260.0,0.9926470588235294,0.009373007352941174,0.11470952941176471,136,59,0,monthly_beme_op,monthly size/profit/invest,epsilon_greedy_momentum,27,test,block,constant_a010,0.11949838962962965
0.013095944711111137,0.0130959447111111,0.013095944711111111,,inf,0.0,0.0,1.0,0.011024213235294116,0.1011819117647059,136,200,0,monthly_beme_op,monthly size/profit/invest,epsilon_greedy_momentum,27,test,block,constant_a011,0.11949838962962965
0.013095944711111137,0.0130959447111111,0.013095944711111111,,inf,0.0,0.0,1.0,0.008815691176470589,0.10376441176470588,136,200,0,monthly_beme_op,monthly size/profit/invest,epsilon_greedy_momentum,27,test,block,constant_a012,0.11949838962962965
0.012599211744124626,0.011605745810151571,0.013095944711111111,0.047964,inf,1.0,1.1063829787234043,0.9926470588235294,0.009981808823529413,0.11502073529411763,136,65,0,monthly_beme_op,monthly size/profit/invest,epsilon_greedy_momentum,27,test,block,constant_a013,0.11949838962962965
0.044529285704575046,0.013095944711111102,0.10818180121634001,-0.029538000000000002,inf,1.0,260.0,0.9926470588235294,0.005425272058823529,0.15093029411764705,136,70,0,monthly_beme_op,monthly size/profit/invest,epsilon_greedy_momentum,27,test,block,constant_a014,0.11949838962962965
0.01270837802619944,0.011878079625865661,0.013151109741621467,0.041326,inf,2.0,1.1063829787234043,0.9852941176470589,0.01077013970588235,0.10116476470588236,136,59,1,monthly_beme_op,monthly size/profit/invest,epsilon_greedy_momentum,27,test,block,constant_a015,0.11949838962962965
0.013095944711111137,0.0130959447111111,0.013095944711111111,,inf,0.0,0.0,1.0,0.008198404411764707,0.11871282352941175,136,200,0,monthly_beme_op,monthly size/profit/invest,epsilon_greedy_momentum,27,test,block,constant_a016,0.11949838962962965
-0.07877571429542495,-0.2625190323084968,0.013095944711111111,0.03496,inf,1.0,260.0,0.9926470588235294,0.010214404411764706,0.12240526470588234,136,74,0,monthly_beme_op,monthly size/profit/invest,epsilon_greedy_momentum,27,test,block,constant_a017,0.11949838962962965
0.013095944711111137,0.0130959447111111,0.013095944711111111,,inf,0.0,0.0,1.0,0.01078397794117647,0.1249915882352941,136,200,0,monthly_beme_op,monthly size/profit/invest,epsilon_greedy_momentum,27,test,block,constant_a018,0.11949838962962965
0.010652456305872854,-4.457229514249314e-06,0.022047687151901824,0.08876200000000001,inf,2.0,1.1063829787234043,0.9852941176470589,0.004148029411764705,0.16689767647058826,136,26,1,monthly_beme_op,monthly size/profit/invest,epsilon_greedy_momentum,27,test,block,constant_a019,0.11949838962962965
-0.16868219665615353,-0.5319686918404061,0.013632385194356833,0.09008459183673473,0.132271,1.0867203765728253,260.0,0.992009408995788,0.01308618382352941,0.1459555588235294,136,2,0,monthly_beme_op,monthly size/profit/invest,epsilon_greedy_momentum,27,test,block,constant_a020,0.11949838962962965
0.03283752468688417,0.014873564690705717,0.05197895530459344,0.029620999999999998,inf,4.0,1.1063829787234043,0.9705882352941176,0.011047073529411767,0.14904241176470587,136,16,1,monthly_beme_op,monthly size/profit/invest,epsilon_greedy_momentum,27,test,block,constant_a021,0.11949838962962965
0.002534215827934221,-0.013769463768421107,0.01766928679977627,0.001535,inf,1.0,1.1063829787234043,0.9926470588235294,0.01314758823529412,0.13828129411764706,136,71,0,monthly_beme_op,monthly size/profit/invest,epsilon_greedy_momentum,27,test,block,constant_a022,0.11949838962962965
0.01706102718077569,0.01151600611241335,0.024470084434066074,0.032311,0.032311,16.999999999999993,1.1063829787234043,0.875,0.014868257352941176,0.13557679411764706,136,0,3,monthly_beme_op,monthly size/profit/invest,epsilon_greedy_momentum,27,test,block,constant_a023,0.11949838962962965
0.34812948676406735,0.020662256054914823,0.8313946480125766,-0.008993780898876395,0.00970517355371902,3.059740949529822,260.0,0.9775019047828689,0.004658558823529411,0.22838226470588233,136,0,1,monthly_beme_op,monthly size/profit/invest,epsilon_greedy_momentum,27,test,block,constant_a024,0.11949838962962965
0.013095944711111137,0.0130959447111111,0.013095944711111111,,inf,0.0,0.0,1.0,0.010897742352941178,0.10712653647058824,136,200,0,monthly_beme_op,monthly size/profit/invest,epsilon_greedy_momentum,27,test,block,constant_equal_weight_public,0.11949838962962965
0.017037367496957764,0.002878989372919344,0.030575347662674546,0.14513987096774195,0.17789075206611574,123.99999999999986,1.1063829787234043,0.08823529411764808,0.016952595588235295,0.14063335294117646,136,0,4,monthly_beme_op,monthly size/profit/invest,epsilon_greedy_momentum,27,test,block,momentum_12,0.11949838962962965
0.01259084220328971,0.010609809532842063,0.01377475450595894,0.025731,inf,1.0,1.1063829787234043,0.9926470588235294,0.00962212588235294,0.0925010588235294,136,73,0,monthly_beme_op,monthly size/profit/invest,epsilon_greedy_momentum,27,test,block,low_vol_12,0.11949838962962965
0.02171298864383258,0.010816228014270169,0.03279401287947356,0.11948246153846155,0.132271,51.99999999999993,1.1063829787234043,0.6176470588235299,0.018501286764705884,0.10194055882352941,136,0,4,monthly_beme_op,monthly size/profit/invest,epsilon_greedy_momentum,27,test,block,risk_adjusted_12,0.11949838962962965
0.10118828259616525,0.0765348768201103,0.12394669686540657,0.067308,0.067308,12.000000000000002,1.1063829787234043,0.9117647058823529,0.013720139705882354,0.15998241176470587,136,0,3,monthly_beme_op,monthly size/profit/invest,epsilon_greedy_momentum,27,test,block,ridge_return_train_only,0.11949838962962965
0.021525535397956295,0.008545795111111101,0.04748501597164668,-0.047689999999999996,inf,1.0,35.811481034251074,0.9907407407407407,0.009011361111111112,0.15419533333333332,108,75,0,monthly_beme_op,monthly size/profit/invest,risk_averse_low_volatility,7,calibration,iid,constant_a000,0.11949838962962965
0.034155731562302644,0.008545795111111101,0.08542676499724607,-0.044497,inf,1.9414758014364022,35.39324542714674,0.9820233722089222,0.005691944444444445,0.1491787037037037,108,24,0,monthly_beme_op,monthly size/profit/invest,risk_averse_low_volatility,7,calibration,iid,constant_a001,0.11949838962962965
0.0007488596244780032,-0.010485602681574146,0.008545795111111103,0.01205,inf,2.979931060001158,32.128078480481,0.97240804574073,0.009587805555555553,0.13425677777777775,108,13,1,monthly_beme_op,monthly size/profit/invest,risk_averse_low_volatility,7,calibration,iid,constant_a002,0.11949838962962965
0.015250100109884368,-0.023808997434728627,0.047710175522204724,0.03777,0.03777,5.979280259134103,24.99949260776687,0.9446362938969064,0.007711083333333333,0.09189985185185184,108,0,2,monthly_beme_op,monthly size/profit/invest,risk_averse_low_volatility,7,calibration,iid,constant_a003,0.11949838962962965
0.015276751623325523,0.0074506315497990866,0.02856893537766937,-0.002644,-0.0026439999999999996,3.94662749220203,24.823732382710883,0.9634571528499812,0.008999,0.09132614814814814,108,4,1,monthly_beme_op,monthly size/profit/invest,risk_averse_low_volatility,7,calibration,iid,constant_a004,0.11949838962962965
0.04454854399800067,-0.020804628937964652,0.13244527322602256,0.032804,0.032804,3.9892924899544004,31.418943285622287,0.9630621065744963,0.007037601851851851,0.14897285185185186,108,5,1,monthly_beme_op,monthly size/profit/invest,risk_averse_low_volatility,7,calibration,iid,constant_a005,0.11949838962962965
-0.01197247699340191,-0.03951104148809995,0.015149269416672469,0.033422,0.033422,4.9474091290430176,29.864222047286386,0.9541906562125646,0.008633907407407406,0.12433974074074074,108,3,1,monthly_beme_op,monthly size/profit/invest,risk_averse_low_volatility,7,calibration,iid,constant_a006,0.11949838962962965
0.01950444804178002,-0.06295396174600627,0.11253552712025941,0.130552,0.130552,8.791739206305975,28.27756403755335,0.9185950073490188,0.008959064814814816,0.10838277777777777,108,0,2,monthly_beme_op,monthly size/profit/invest,risk_averse_low_volatility,7,calibration,iid,constant_a007,0.11949838962962965
0.012494565621905086,-0.002307488013325727,0.031245389767929784,0.013067,inf,1.983887603489115,21.65922685230322,0.9816306703380637,0.008833333333333334,0.10437133333333333,108,26,0,monthly_beme_op,monthly size/profit/invest,risk_averse_low_volatility,7,calibration,iid,constant_a008,0.11949838962962965
0.01155078744393454,-0.0024664503119376565,0.03079301625473716,0.009272,inf,2.92714003730499,25.763002035996326,0.9728968515064352,0.008357185185185186,0.10816214814814815,108,10,1,monthly_beme_op,monthly size/profit/invest,risk_averse_low_volatility,7,calibration,iid,constant_a009,0.11949838962962965
0.029819323043102818,0.008545795111111101,0.059577554497106354,-0.024569999999999998,inf,2.981824003608266,29.156430735685035,0.9723905184851086,0.006952916666666668,0.1526792962962963,108,13,1,monthly_beme_op,monthly size/profit/invest,risk_averse_low_volatility,7,calibration,iid,constant_a010,0.11949838962962965
0.001344476217982415,-0.01305816156827495,0.008545795111111103,0.016504,inf,1.0,31.04785636002755,0.9907407407407407,0.008470018518518517,0.11324855555555556,108,70,0,monthly_beme_op,monthly size/profit/invest,risk_averse_low_volatility,7,calibration,iid,constant_a011,0.11949838962962965
0.02737445245911775,0.007372343177567635,0.05203691246045326,-0.0034560000000000003,-0.003456,3.9891782688224118,24.292090743526344,0.9630631641775702,0.007643851851851852,0.12476462962962963,108,4,1,monthly_beme_op,monthly size/profit/invest,risk_averse_low_volatility,7,calibration,iid,constant_a012,0.11949838962962965
0.016019676540119557,-0.04016288537449513,0.06742049963761192,0.057592,0.057592000000000004,7.9507230265381335,25.859697071479243,0.926382194198721,0.008225361111111112,0.10516055555555555,108,0,2,monthly_beme_op,monthly size/profit/invest,risk_averse_low_volatility,7,calibration,iid,constant_a013,0.11949838962962965
-0.018895503247946612,-0.0618133442519304,0.015556272547139073,0.058599,0.058599000000000005,3.9686302934803033,33.55901616779153,0.9632534232085157,0.01212915740740741,0.12042751851851852,108,6,1,monthly_beme_op,monthly size/profit/invest,risk_averse_low_volatility,7,calibration,iid,constant_a014,0.11949838962962965
-0.13096164189088674,-0.40756251831516965,0.062211602213302845,0.26882300000000003,0.26882300000000003,6.729608243500277,36.48156484349815,0.9376888125601827,0.004571592592592592,0.18182740740740738,108,0,2,monthly_beme_op,monthly size/profit/invest,risk_averse_low_volatility,7,calibration,iid,constant_a015,0.11949838962962965
0.036097624018962916,-0.010013096584645272,0.09151248136042184,0.046472,0.046472000000000006,3.9436672721695682,31.811301722082963,0.9634845622947262,0.005576574074074074,0.15014825925925926,108,4,1,monthly_beme_op,monthly size/profit/invest,risk_averse_low_volatility,7,calibration,iid,constant_a016,0.11949838962962965
0.0013325750465811236,-0.026684372394594782,0.021242934930669147,0.055087000000000004,0.05508700000000001,4.976686035703801,23.056758582570126,0.9539195737434834,0.007114703703703705,0.1573044814814815,108,3,1,monthly_beme_op,monthly size/profit/invest,risk_averse_low_volatility,7,calibration,iid,constant_a017,0.11949838962962965
0.0008469860014729034,-0.022182416488775652,0.01544528544709384,0.04369500000000001,inf,2.9593338465929078,24.847992725983133,0.9725987606796953,0.002282416666666666,0.17135685185185184,108,12,1,monthly_beme_op,monthly size/profit/invest,risk_averse_low_volatility,7,calibration,iid,constant_a018,0.11949838962962965
-0.10248759020024967,-0.34097785224172866,0.0645079671213403,0.230012,0.23001200000000002,6.844546391591153,47.83576362011665,0.9366245704482301,0.010592287037037039,0.19485992592592594,108,0,2,monthly_beme_op,monthly size/profit/invest,risk_averse_low_volatility,7,calibration,iid,constant_a019,0.11949838962962965
0.03086810327065528,0.008545795111111101,0.06536979725437077,-0.038688,inf,1.9545615724360081,40.880870317506776,0.9819022076626296,0.005733851851851852,0.16194114814814817,108,28,0,monthly_beme_op,monthly size/profit/invest,risk_averse_low_volatility,7,calibration,iid,constant_a020,0.11949838962962965
-0.04510810019708803,-0.1690174393330555,0.06209942953559495,0.114521,0.11452100000000001,3.8898750410140415,37.83388479616512,0.9639826385091292,0.004910851851851851,0.14231881481481481,108,3,1,monthly_beme_op,monthly size/profit/invest,risk_averse_low_volatility,7,calibration,iid,constant_a021,0.11949838962962965
0.025030157099826658,-0.018545403284105255,0.08343764944742382,0.034495,0.034495,3.862666353795473,43.306825390571596,0.9642345707981901,0.0070512870370370365,0.17373688888888889,108,2,1,monthly_beme_op,monthly size/profit/invest,risk_averse_low_volatility,7,calibration,iid,constant_a022,0.11949838962962965
0.011261259429552547,-0.0021023074241288573,0.027572100839704978,0.004774,0.004774,2.9296693713244766,39.70596795578586,0.9728734317469956,0.01687215740740741,0.16973874074074072,108,9,1,monthly_beme_op,monthly size/profit/invest,risk_averse_low_volatility,7,calibration,iid,constant_a023,0.11949838962962965
0.09149295847884524,0.008125845402443104,0.2118672594489159,0.034693999999999996,0.034693999999999996,3.829821585161629,64.18744616266432,0.9645386890262813,0.020826731481481484,0.17694474074074074,108,1,1,monthly_beme_op,monthly size/profit/invest,risk_averse_low_volatility,7,calibration,iid,constant_a024,0.11949838962962965
-0.004817322407176593,-0.04983138611096173,0.040346962638705026,0.03328508000000001,0.03328508000000001,5.98974928455769,25.802767392257227,0.9445393584763176,0.008471041851851852,0.11949838962962965,108,0,2,monthly_beme_op,monthly size/profit/invest,risk_averse_low_volatility,7,calibration,iid,constant_equal_weight_public,0.11949838962962965
0.04180841981975175,0.007879699204625933,0.10728327620424517,-0.003891,-0.0038909999999999995,2.5447552649240377,64.18744616266432,0.9764374512507034,0.010304194444444444,0.15110244444444446,108,7,1,monthly_beme_op,monthly size/profit/invest,risk_averse_low_volatility,7,calibration,iid,momentum_12,0.11949838962962965
0.005158296564114027,-0.01427187596604876,0.01698772280255603,0.055087000000000004,inf,1.9973072662547786,20.595635059749817,0.9815064142013447,0.009455527777777776,0.09748044444444444,108,25,0,monthly_beme_op,monthly size/profit/invest,risk_averse_low_volatility,7,calibration,iid,low_vol_12,0.11949838962962965
-0.0046975409073003495,-0.03455002294686799,0.013178579483239186,0.055087,inf,1.8703004684860396,32.818567717006054,0.9826824030695737,0.009305453703703703,0.14096814814814815,108,29,0,monthly_beme_op,monthly size/profit/invest,risk_averse_low_volatility,7,calibration,iid,risk_adjusted_12,0.11949838962962965
-0.01234240900562451,-0.08274986870625518,0.032632324598382195,0.057592,0.057592000000000004,7.962139253757084,25.802767392257227,0.9262764883911381,0.008995211481481481,0.1112074962962963,108,0,2,monthly_beme_op,monthly size/profit/invest,risk_averse_low_volatility,7,calibration,iid,ridge_return_train_only,0.11949838962962965
0.021525535397956295,0.0085457951111111,0.04748501597164668,-0.047689999999999996,inf,1.0,35.811481034251074,0.9907407407407407,0.009011361111111112,0.15419533333333332,108,74,0,monthly_beme_op,monthly size/profit/invest,risk_averse_low_volatility,7,calibration,block,constant_a000,0.11949838962962965
0.034155731562302644,0.0085457951111111,0.07359384689029608,-0.044497,inf,1.9414758014364022,35.39324542714674,0.9820233722089222,0.005691944444444445,0.1491787037037037,108,29,0,monthly_beme_op,monthly size/profit/invest,risk_averse_low_volatility,7,calibration,block,constant_a001,0.11949838962962965
0.0007488596244780032,-0.01067535767311809,0.0085457951111111,0.01205,0.01205,2.979931060001158,32.128078480481,0.97240804574073,0.009587805555555553,0.13425677777777775,108,7,1,monthly_beme_op,monthly size/profit/invest,risk_averse_low_volatility,7,calibration,block,constant_a002,0.11949838962962965
0.015250100109884368,-0.016621456113658825,0.04562359861538416,0.03777,0.03777,5.979280259134103,24.99949260776687,0.9446362938969064,0.007711083333333333,0.09189985185185184,108,0,2,monthly_beme_op,monthly size/profit/invest,risk_averse_low_volatility,7,calibration,block,constant_a003,0.11949838962962965
0.015276751623325523,0.00744915475897571,0.026656110621766406,-0.002644,-0.0026439999999999996,3.94662749220203,24.823732382710883,0.9634571528499812,0.008999,0.09132614814814814,108,2,1,monthly_beme_op,monthly size/profit/invest,risk_averse_low_volatility,7,calibration,block,constant_a004,0.11949838962962965
0.04454854399800067,-0.015631178362520586,0.11818472756276246,0.032804,0.032804,3.9892924899544004,31.418943285622287,0.9630621065744963,0.007037601851851851,0.14897285185185186,108,5,1,monthly_beme_op,monthly size/profit/invest,risk_averse_low_volatility,7,calibration,block,constant_a005,0.11949838962962965
-0.01197247699340191,-0.03920466133091788,0.011349828656990489,0.033422,0.033422,4.9474091290430176,29.864222047286386,0.9541906562125646,0.008633907407407406,0.12433974074074074,108,1,1,monthly_beme_op,monthly size/profit/invest,risk_averse_low_volatility,7,calibration,block,constant_a006,0.11949838962962965
0.01950444804178002,-0.0628554356536058,0.10885317106022863,0.130552,0.130552,8.791739206305975,28.27756403755335,0.9185950073490188,0.008959064814814816,0.10838277777777777,108,0,2,monthly_beme_op,monthly size/profit/invest,risk_averse_low_volatility,7,calibration,block,constant_a007,0.11949838962962965
0.012494565621905086,-0.0023074880133257293,0.03124538976792978,0.013067,inf,1.983887603489115,21.65922685230322,0.9816306703380637,0.008833333333333334,0.10437133333333333,108,15,0,monthly_beme_op,monthly size/profit/invest,risk_averse_low_volatility,7,calibration,block,constant_a008,0.11949838962962965
0.01155078744393454,-0.0013560660904126452,0.030793016254737154,0.009272,inf,2.92714003730499,25.763002035996326,0.9728968515064352,0.008357185185185186,0.10816214814814815,108,12,1,monthly_beme_op,monthly size/profit/invest,risk_averse_low_volatility,7,calibration,block,constant_a009,0.11949838962962965
0.029819323043102818,0.008545795111111101,0.052536728344494917,-0.024569999999999998,-0.024569999999999995,2.981824003608266,29.156430735685035,0.9723905184851086,0.006952916666666668,0.1526792962962963,108,8,1,monthly_beme_op,monthly size/profit/invest,risk_averse_low_volatility,7,calibration,block,constant_a010,0.11949838962962965
0.001344476217982415,-0.01305816156827495,0.008545795111111105,0.016504,inf,1.0,31.04785636002755,0.9907407407407407,0.008470018518518517,0.11324855555555556,108,66,0,monthly_beme_op,monthly size/profit/invest,risk_averse_low_volatility,7,calibration,block,constant_a011,0.11949838962962965
0.02737445245911775,0.007400963956434549,0.05604037194014973,-0.0034560000000000003,-0.003456,3.9891782688224118,24.292090743526344,0.9630631641775702,0.007643851851851852,0.12476462962962963,108,0,1,monthly_beme_op,monthly size/profit/invest,risk_averse_low_volatility,7,calibration,block,constant_a012,0.11949838962962965
0.016019676540119557,-0.03143100602868813,0.06571070939983993,0.057592,0.057592000000000004,7.9507230265381335,25.859697071479243,0.926382194198721,0.008225361111111112,0.10516055555555555,108,0,2,monthly_beme_op,monthly size/profit/invest,risk_averse_low_volatility,7,calibration,block,constant_a013,0.11949838962962965
-0.018895503247946612,-0.05738173969102869,0.013119447685521993,0.058599,0.058599000000000005,3.9686302934803033,33.55901616779153,0.9632534232085157,0.01212915740740741,0.12042751851851852,108,3,1,monthly_beme_op,monthly size/profit/invest,risk_averse_low_volatility,7,calibration,block,constant_a014,0.11949838962962965
-0.13096164189088674,-0.3993124678517555,0.06851501451216972,0.26882300000000003,0.26882300000000003,6.729608243500277,36.48156484349815,0.9376888125601827,0.004571592592592592,0.18182740740740738,108,0,2,monthly_beme_op,monthly size/profit/invest,risk_averse_low_volatility,7,calibration,block,constant_a015,0.11949838962962965
0.036097624018962916,-0.010712357471905158,0.09524617950273648,0.046472,0.046472,3.9436672721695682,31.811301722082963,0.9634845622947262,0.005576574074074074,0.15014825925925926,108,1,1,monthly_beme_op,monthly size/profit/invest,risk_averse_low_volatility,7,calibration,block,constant_a016,0.11949838962962965
0.0013325750465811236,-0.03097313423042094,0.02302909820183037,0.055087000000000004,0.05508700000000001,4.976686035703801,23.056758582570126,0.9539195737434834,0.007114703703703705,0.1573044814814815,108,3,1,monthly_beme_op,monthly size/profit/invest,risk_averse_low_volatility,7,calibration,block,constant_a017,0.11949838962962965
0.0008469860014729034,-0.02146842990216095,0.015445285447093837,0.04369500000000001,inf,2.9593338465929078,24.847992725983133,0.9725987606796953,0.002282416666666666,0.17135685185185184,108,10,1,monthly_beme_op,monthly size/profit/invest,risk_averse_low_volatility,7,calibration,block,constant_a018,0.11949838962962965
-0.10248759020024967,-0.3289156340201202,0.05260043290498634,0.230012,0.23001200000000002,6.844546391591153,47.83576362011665,0.9366245704482301,0.010592287037037039,0.19485992592592594,108,0,2,monthly_beme_op,monthly size/profit/invest,risk_averse_low_volatility,7,calibration,block,constant_a019,0.11949838962962965
0.03086810327065528,0.008545795111111101,0.064115517527523,-0.038688,inf,1.9545615724360081,40.880870317506776,0.9819022076626296,0.005733851851851852,0.16194114814814817,108,20,0,monthly_beme_op,monthly size/profit/invest,risk_averse_low_volatility,7,calibration,block,constant_a020,0.11949838962962965
-0.04510810019708803,-0.19774221290474728,0.053795652801123514,0.114521,0.114521,3.8898750410140415,37.83388479616512,0.9639826385091292,0.004910851851851851,0.14231881481481481,108,5,1,monthly_beme_op,monthly size/profit/invest,risk_averse_low_volatility,7,calibration,block,constant_a021,0.11949838962962965
0.025030157099826658,-0.02316024792328548,0.08556115782145592,0.034495,0.034495,3.862666353795473,43.306825390571596,0.9642345707981901,0.0070512870370370365,0.17373688888888889,108,2,1,monthly_beme_op,monthly size/profit/invest,risk_averse_low_volatility,7,calibration,block,constant_a022,0.11949838962962965
0.011261259429552547,-0.001783264416036584,0.027572100839704978,0.004774,0.004774,2.9296693713244766,39.70596795578586,0.9728734317469956,0.01687215740740741,0.16973874074074072,108,8,1,monthly_beme_op,monthly size/profit/invest,risk_averse_low_volatility,7,calibration,block,constant_a023,0.11949838962962965
0.09149295847884524,0.008545795111111103,0.21892048464069633,0.034693999999999996,0.034693999999999996,3.829821585161629,64.18744616266432,0.9645386890262813,0.020826731481481484,0.17694474074074074,108,4,1,monthly_beme_op,monthly size/profit/invest,risk_averse_low_volatility,7,calibration,block,constant_a024,0.11949838962962965
-0.004817322407176593,-0.04485017424484644,0.029385370265667485,0.03328508000000001,0.03328508000000001,5.98974928455769,25.802767392257227,0.9445393584763176,0.008471041851851852,0.11949838962962965,108,0,2,monthly_beme_op,monthly size/profit/invest,risk_averse_low_volatility,7,calibration,block,constant_equal_weight_public,0.11949838962962965
0.04180841981975175,0.008331243031440892,0.13124023688421388,-0.003891,inf,2.5447552649240377,64.18744616266432,0.9764374512507034,0.010304194444444444,0.15110244444444446,108,10,1,monthly_beme_op,monthly size/profit/invest,risk_averse_low_volatility,7,calibration,block,momentum_12,0.11949838962962965
0.005158296564114027,-0.017670590553218166,0.019001277358251373,0.055087000000000004,inf,1.9973072662547786,20.595635059749817,0.9815064142013447,0.009455527777777776,0.09748044444444444,108,36,0,monthly_beme_op,monthly size/profit/invest,risk_averse_low_volatility,7,calibration,block,low_vol_12,0.11949838962962965
-0.0046975409073003495,-0.027984759042823135,0.013078573466435796,0.055087,inf,1.8703004684860396,32.818567717006054,0.9826824030695737,0.009305453703703703,0.14096814814814815,108,28,0,monthly_beme_op,monthly size/profit/invest,risk_averse_low_volatility,7,calibration,block,risk_adjusted_12,0.11949838962962965
-0.01234240900562451,-0.06579374600309316,0.03857893779233549,0.057592,0.057592000000000004,7.962139253757084,25.802767392257227,0.9262764883911381,0.008995211481481481,0.1112074962962963,108,0,2,monthly_beme_op,monthly size/profit/invest,risk_averse_low_volatility,7,calibration,block,ridge_return_train_only,0.11949838962962965
0.011269011927616722,0.008545795111111103,0.016715445560627873,-0.01974,inf,1.0,33.0847515049834,0.9926470588235294,0.011030007352941176,0.15709526470588234,136,56,0,monthly_beme_op,monthly size/profit/invest,risk_averse_low_volatility,7,test,iid,constant_a000,0.11949838962962965
0.019802296366204813,-0.00445175544028896,0.04501467910077491,0.042026,0.042026,4.675413309114298,41.27478915883591,0.9656219609623948,0.023444860294117645,0.12699891176470587,136,2,1,monthly_beme_op,monthly size/profit/invest,risk_averse_low_volatility,7,test,iid,constant_a001,0.11949838962962965
0.04933136711590412,0.016620916870110757,0.09066407038855266,-0.050804999999999996,-0.050804999999999996,3.9933025703878173,27.25776980305,0.9706374811000896,0.013153823529411765,0.13322823529411765,136,3,1,monthly_beme_op,monthly size/profit/invest,risk_averse_low_volatility,7,test,iid,constant_a002,0.11949838962962965
0.02707017488212619,0.0041999723859702355,0.05369673414566793,0.022968000000000002,0.022968000000000002,7.333187125373834,43.66049322192231,0.9460795064310747,0.015877375,0.11909723529411764,136,0,2,monthly_beme_op,monthly size/profit/invest,risk_averse_low_volatility,7,test,iid,constant_a003,0.11949838962962965
-0.02062382511548843,-0.07170423650221305,0.011488568558952538,0.100638,0.10063800000000002,2.967992826729109,24.848523865149737,0.9781765233328742,0.012729867647058824,0.08378829411764706,136,9,1,monthly_beme_op,monthly size/profit/invest,risk_averse_low_volatility,7,test,iid,constant_a004,0.11949838962962965
-0.0034001860747093844,-0.08079324566181321,0.04421319325475297,0.097513,inf,1.9171447669814736,38.186710595724435,0.9859033473016068,0.010292911764705884,0.1313721176470588,136,28,0,monthly_beme_op,monthly size/profit/invest,risk_averse_low_volatility,7,test,iid,constant_a005,0.11949838962962965
-0.0046418685704507625,-0.05624975820495203,0.05911237439960091,0.075016,0.075016,11.696094331455582,27.608870267839546,0.9139993063863561,0.007293139705882353,0.09094320588235294,136,0,3,monthly_beme_op,monthly size/profit/invest,risk_averse_low_volatility,7,test,iid,constant_a006,0.11949838962962965
-0.009159551116785318,-0.04502222633566501,0.008847116953168874,0.071273,inf,1.9455094929543417,30.424124654768224,0.9856947831400416,0.011329838235294118,0.09501655882352941,136,25,0,monthly_beme_op,monthly size/profit/invest,risk_averse_low_volatility,7,test,iid,constant_a007,0.11949838962962965
0.04516250706420567,0.013382114679210964,0.08687484438842272,-0.029518,-0.029517999999999996,3.9150443002894995,24.04155129345355,0.9712129095566948,0.011474867647058825,0.08307823529411763,136,2,1,monthly_beme_op,monthly size/profit/invest,risk_averse_low_volatility,7,test,iid,constant_a008,0.11949838962962965
0.025377220359061294,0.009005375335385556,0.055008322777924785,-0.001226,-0.001226,5.936594836234704,29.03228700718821,0.9563485673806271,0.010274257352941176,0.0984035294117647,136,0,2,monthly_beme_op,monthly size/profit/invest,risk_averse_low_volatility,7,test,iid,constant_a009,0.11949838962962965
-0.05494374414567563,-0.13556599346204523,0.013996282520563964,0.157663,0.157663,9.652740034189753,32.953575329764746,0.92902397033684,0.009373007352941174,0.11470952941176471,136,0,2,monthly_beme_op,monthly size/profit/invest,risk_averse_low_volatility,7,test,iid,constant_a010,0.11949838962962965
0.016552433142296225,-0.015903898320969955,0.04842337638396404,0.034285,0.034285,5.881324029289792,27.305708762088997,0.9567549703728692,0.011024213235294116,0.1011819117647059,136,2,2,monthly_beme_op,monthly size/profit/invest,risk_averse_low_volatility,7,test,iid,constant_a011,0.11949838962962965
0.0035840912658459336,-0.01874276929726041,0.022949180688084287,0.037036,0.037036,5.967583873245338,23.35408740176041,0.9561207068143726,0.008815691176470589,0.10376441176470588,136,0,2,monthly_beme_op,monthly size/profit/invest,risk_averse_low_volatility,7,test,iid,constant_a012,0.11949838962962965
0.003361731002367261,-0.0878534930961134,0.08450340433615637,0.07489499999999999,0.07489499999999999,7.960804799528294,26.96795197232433,0.9414646705917037,0.009981808823529413,0.11502073529411763,136,0,2,monthly_beme_op,monthly size/profit/invest,risk_averse_low_volatility,7,test,iid,constant_a013,0.11949838962962965
-0.0044883812770532714,-0.03911956318218356,0.017588199483102945,0.065377,0.065377,2.9876304919144885,26.000176335075643,0.9780321287359228,0.005425272058823529,0.15093029411764705,136,8,1,monthly_beme_op,monthly size/profit/invest,risk_averse_low_volatility,7,test,iid,constant_a014,0.11949838962962965
-0.005952087230283402,-0.04889285279385316,0.028159730020956338,0.09987299999999999,0.09987299999999999,4.646934837410691,40.443338261503236,0.9658313614896272,0.01077013970588235,0.10116476470588236,136,1,1,monthly_beme_op,monthly size/profit/invest,risk_averse_low_volatility,7,test,iid,constant_a015,0.11949838962962965
0.0030842979480171823,-0.00800999170042375,0.00871709043336421,0.029232999999999995,inf,1.9821963761681423,24.026208170416265,0.9854250266458224,0.008198404411764707,0.11871282352941175,136,23,0,monthly_beme_op,monthly size/profit/invest,risk_averse_low_volatility,7,test,iid,constant_a016,0.11949838962962965
0.05133029892171566,-0.014267428801063239,0.15636739884886192,0.053072,0.05307200000000001,5.593879061440729,37.67303988945511,0.9588685363129358,0.010214404411764706,0.12240526470588234,136,0,2,monthly_beme_op,monthly size/profit/invest,risk_averse_low_volatility,7,test,iid,constant_a017,0.11949838962962965
0.021183580762958537,-0.033069329237058555,0.08790673720910369,0.061170999999999996,0.061171,9.82858887080399,30.996582993222457,0.9277309641852648,0.01078397794117647,0.1249915882352941,136,0,2,monthly_beme_op,monthly size/profit/invest,risk_averse_low_volatility,7,test,iid,constant_a018,0.11949838962962965
-0.0029417413640281656,-0.02526068127090773,0.014495374312521878,0.048096,0.04809600000000001,3.7900762511521604,39.83328925889666,0.97213179227094,0.004148029411764705,0.16689767647058826,136,4,1,monthly_beme_op,monthly size/profit/invest,risk_averse_low_volatility,7,test,iid,constant_a019,0.11949838962962965
-0.016499092156111575,-0.07062163789484349,0.04382882921916046,0.11621100000000001,0.11621100000000001,3.693709940435322,49.81383984937608,0.9728403680850344,0.01308618382352941,0.1459555588235294,136,2,1,monthly_beme_op,monthly size/profit/invest,risk_averse_low_volatility,7,test,iid,constant_a020,0.11949838962962965
-0.10758023923101795,-0.2928563707615939,0.0029837791567618958,0.311905,0.311905,4.893065839148149,36.97540227500795,0.964021574712146,0.011047073529411767,0.14904241176470587,136,0,1,monthly_beme_op,monthly size/profit/invest,risk_averse_low_volatility,7,test,iid,constant_a021,0.11949838962962965
0.037053087529662264,-0.005547754242451836,0.09269718543393587,0.029627999999999998,0.029628000000000005,5.922013802663649,33.42309473955533,0.9564557808627673,0.01314758823529412,0.13828129411764706,136,0,2,monthly_beme_op,monthly size/profit/invest,risk_averse_low_volatility,7,test,iid,constant_a022,0.11949838962962965
0.038056135523546336,-0.016251253319256954,0.11125635544375863,0.05006800000000001,0.05006800000000001,3.982893835389543,36.58441804963449,0.9707140159162534,0.014868257352941176,0.13557679411764706,136,2,1,monthly_beme_op,monthly size/profit/invest,risk_averse_low_volatility,7,test,iid,constant_a023,0.11949838962962965
0.010160377251669102,-0.08515749510967632,0.14224425928843168,0.06087200000000001,0.06087200000000001,4.666359293551835,66.80237203173928,0.9656885346062365,0.004658558823529411,0.22838226470588233,136,2,1,monthly_beme_op,monthly size/profit/invest,risk_averse_low_volatility,7,test,iid,constant_a024,0.11949838962962965
0.04004282605858533,-0.0031845425647310487,0.10481642310189236,-0.010853920000000001,-0.010853920000000001,4.998746330472749,22.27053501376019,0.9632445122759357,0.010897742352941178,0.10712653647058824,136,2,1,monthly_beme_op,monthly size/profit/invest,risk_averse_low_volatility,7,test,iid,constant_equal_weight_public,0.11949838962962965
0.0088527453304957,-0.03130523396346456,0.04020323129697192,0.047964,inf,2.835016394284552,43.66049322192231,0.979154291218496,0.016952595588235295,0.14063335294117646,136,10,1,monthly_beme_op,monthly size/profit/invest,risk_averse_low_volatility,7,test,iid,momentum_12,0.11949838962962965
-0.029784988777107765,-0.07193038460605133,0.002029096110917924,0.061170999999999996,0.061171,9.904511200097788,21.398280787358043,0.9271727117639869,0.00962212588235294,0.0925010588235294,136,0,2,monthly_beme_op,monthly size/profit/invest,risk_averse_low_volatility,7,test,iid,low_vol_12,0.11949838962962965
0.030808893182276472,-0.0056195857462771615,0.07820893864334734,0.037036,0.037036,4.933827912366059,28.563951443054155,0.9637218535855436,0.018501286764705884,0.10194055882352941,136,3,1,monthly_beme_op,monthly size/profit/invest,risk_averse_low_volatility,7,test,iid,risk_adjusted_12,0.11949838962962965
-0.015808755015041507,-0.10522116758612829,0.04594705136974936,0.07489499999999999,0.07489499999999999,4.992077454057766,23.901826964137726,0.9632935481319282,0.006669733529411765,0.12368270588235294,136,0,1,monthly_beme_op,monthly size/profit/invest,risk_averse_low_volatility,7,test,iid,ridge_return_train_only,0.11949838962962965
0.011269011927616722,0.008545795111111103,0.016715445560627873,-0.01974,inf,1.0,33.0847515049834,0.9926470588235294,0.011030007352941176,0.15709526470588234,136,59,0,monthly_beme_op,monthly size/profit/invest,risk_averse_low_volatility,7,test,block,constant_a000,0.11949838962962965
0.019802296366204813,-0.005549046935107922,0.04414164398145294,0.042026,0.042026,4.675413309114298,41.27478915883591,0.9656219609623948,0.023444860294117645,0.12699891176470587,136,0,1,monthly_beme_op,monthly size/profit/invest,risk_averse_low_volatility,7,test,block,constant_a001,0.11949838962962965
0.04933136711590412,0.01641903882613577,0.08893886433287025,-0.050804999999999996,-0.05080499999999999,3.9933025703878173,27.25776980305,0.9706374811000896,0.013153823529411765,0.13322823529411765,136,5,1,monthly_beme_op,monthly size/profit/invest,risk_averse_low_volatility,7,test,block,constant_a002,0.11949838962962965
0.02707017488212619,0.004963128151062794,0.05483467085584036,0.022968000000000002,0.022968000000000002,7.333187125373834,43.66049322192231,0.9460795064310747,0.015877375,0.11909723529411764,136,0,2,monthly_beme_op,monthly size/profit/invest,risk_averse_low_volatility,7,test,block,constant_a003,0.11949838962962965
-0.02062382511548843,-0.08094943764598038,0.011488568558952543,0.100638,inf,2.967992826729109,24.848523865149737,0.9781765233328742,0.012729867647058824,0.08378829411764706,136,19,1,monthly_beme_op,monthly size/profit/invest,risk_averse_low_volatility,7,test,block,constant_a004,0.11949838962962965
-0.0034001860747093844,-0.08079324566181321,0.06204689232657389,0.097513,inf,1.9171447669814736,38.186710595724435,0.9859033473016068,0.010292911764705884,0.1313721176470588,136,20,0,monthly_beme_op,monthly size/profit/invest,risk_averse_low_volatility,7,test,block,constant_a005,0.11949838962962965
-0.0046418685704507625,-0.06431397815769767,0.06025876270699575,0.075016,0.075016,11.696094331455582,27.608870267839546,0.9139993063863561,0.007293139705882353,0.09094320588235294,136,0,3,monthly_beme_op,monthly size/profit/invest,risk_averse_low_volatility,7,test,block,constant_a006,0.11949838962962965
-0.009159551116785318,-0.04546109346833669,0.008997777874197758,0.071273,inf,1.9455094929543417,30.424124654768224,0.9856947831400416,0.011329838235294118,0.09501655882352941,136,22,0,monthly_beme_op,monthly size/profit/invest,risk_averse_low_volatility,7,test,block,constant_a007,0.11949838962962965
0.04516250706420567,0.010963954895161028,0.09660120131858072,-0.029518,-0.029517999999999996,3.9150443002894995,24.04155129345355,0.9712129095566948,0.011474867647058825,0.08307823529411763,136,4,1,monthly_beme_op,monthly size/profit/invest,risk_averse_low_volatility,7,test,block,constant_a008,0.11949838962962965
0.025377220359061294,0.006589901431050354,0.05071572107265309,-0.001226,-0.001226,5.936594836234704,29.03228700718821,0.9563485673806271,0.010274257352941176,0.0984035294117647,136,2,2,monthly_beme_op,monthly size/profit/invest,risk_averse_low_volatility,7,test,block,constant_a009,0.11949838962962965
-0.05494374414567563,-0.16236313513223383,0.01778956789212746,0.157663,0.157663,9.652740034189753,32.953575329764746,0.92902397033684,0.009373007352941174,0.11470952941176471,136,0,2,monthly_beme_op,monthly size/profit/invest,risk_averse_low_volatility,7,test,block,constant_a010,0.11949838962962965
0.016552433142296225,-0.009880991815216861,0.052944389463364834,0.034285,0.034285,5.881324029289792,27.305708762088997,0.9567549703728692,0.011024213235294116,0.1011819117647059,136,0,2,monthly_beme_op,monthly size/profit/invest,risk_averse_low_volatility,7,test,block,constant_a011,0.11949838962962965
0.0035840912658459336,-0.01900426132667988,0.026420036668886183,0.037036,0.037036,5.967583873245338,23.35408740176041,0.9561207068143726,0.008815691176470589,0.10376441176470588,136,0,2,monthly_beme_op,monthly size/profit/invest,risk_averse_low_volatility,7,test,block,constant_a012,0.11949838962962965
0.003361731002367261,-0.08543223414799236,0.0808163179682798,0.07489499999999999,0.07489499999999999,7.960804799528294,26.96795197232433,0.9414646705917037,0.009981808823529413,0.11502073529411763,136,0,2,monthly_beme_op,monthly size/profit/invest,risk_averse_low_volatility,7,test,block,constant_a013,0.11949838962962965
-0.0044883812770532714,-0.03159235110715583,0.017108624239912516,0.065377,inf,2.9876304919144885,26.000176335075643,0.9780321287359228,0.005425272058823529,0.15093029411764705,136,11,1,monthly_beme_op,monthly size/profit/invest,risk_averse_low_volatility,7,test,block,constant_a014,0.11949838962962965
-0.005952087230283402,-0.04365805658771535,0.026890335898896816,0.09987299999999999,0.099873,4.646934837410691,40.443338261503236,0.9658313614896272,0.01077013970588235,0.10116476470588236,136,2,1,monthly_beme_op,monthly size/profit/invest,risk_averse_low_volatility,7,test,block,constant_a015,0.11949838962962965
0.0030842979480171823,-0.008146529129501095,0.00871709043336421,0.029232999999999995,inf,1.9821963761681423,24.026208170416265,0.9854250266458224,0.008198404411764707,0.11871282352941175,136,25,0,monthly_beme_op,monthly size/profit/invest,risk_averse_low_volatility,7,test,block,constant_a016,0.11949838962962965
0.05133029892171566,-0.011719524118935424,0.15797167176321802,0.053072,0.05307200000000001,5.593879061440729,37.67303988945511,0.9588685363129358,0.010214404411764706,0.12240526470588234,136,0,2,monthly_beme_op,monthly size/profit/invest,risk_averse_low_volatility,7,test,block,constant_a017,0.11949838962962965
0.021183580762958537,-0.018046968752958102,0.07481141031484549,0.061170999999999996,0.061171,9.82858887080399,30.996582993222457,0.9277309641852648,0.01078397794117647,0.1249915882352941,136,0,2,monthly_beme_op,monthly size/profit/invest,risk_averse_low_volatility,7,test,block,constant_a018,0.11949838962962965
-0.0029417413640281656,-0.030753754540910925,0.014718317615807755,0.048096,0.04809600000000001,3.7900762511521604,39.83328925889666,0.97213179227094,0.004148029411764705,0.16689767647058826,136,3,1,monthly_beme_op,monthly size/profit/invest,risk_averse_low_volatility,7,test,block,constant_a019,0.11949838962962965
-0.016499092156111575,-0.08534339668379128,0.052541498472513194,0.11621100000000001,0.11621100000000002,3.693709940435322,49.81383984937608,0.9728403680850344,0.01308618382352941,0.1459555588235294,136,4,1,monthly_beme_op,monthly size/profit/invest,risk_averse_low_volatility,7,test,block,constant_a020,0.11949838962962965
-0.10758023923101795,-0.31098162085705794,0.0014173385885475264,0.311905,0.311905,4.893065839148149,36.97540227500795,0.964021574712146,0.011047073529411767,0.14904241176470587,136,1,1,monthly_beme_op,monthly size/profit/invest,risk_averse_low_volatility,7,test,block,constant_a021,0.11949838962962965
0.037053087529662264,-0.0020354169717771366,0.08064516463620076,0.029627999999999998,0.029628000000000005,5.922013802663649,33.42309473955533,0.9564557808627673,0.01314758823529412,0.13828129411764706,136,0,2,monthly_beme_op,monthly size/profit/invest,risk_averse_low_volatility,7,test,block,constant_a022,0.11949838962962965
0.038056135523546336,-0.02299202972404639,0.10117317767190712,0.05006800000000001,0.05006800000000001,3.982893835389543,36.58441804963449,0.9707140159162534,0.014868257352941176,0.13557679411764706,136,3,1,monthly_beme_op,monthly size/profit/invest,risk_averse_low_volatility,7,test,block,constant_a023,0.11949838962962965
0.010160377251669102,-0.06262341441154028,0.11213595170468942,0.06087200000000001,0.06087200000000001,4.666359293551835,66.80237203173928,0.9656885346062365,0.004658558823529411,0.22838226470588233,136,2,1,monthly_beme_op,monthly size/profit/invest,risk_averse_low_volatility,7,test,block,constant_a024,0.11949838962962965
0.04004282605858533,-0.008482180143973724,0.09577973974050062,-0.010853920000000001,-0.01085392,4.998746330472749,22.27053501376019,0.9632445122759357,0.010897742352941178,0.10712653647058824,136,5,1,monthly_beme_op,monthly size/profit/invest,risk_averse_low_volatility,7,test,block,constant_equal_weight_public,0.11949838962962965
0.0088527453304957,-0.03792050854534201,0.044647405723009966,0.047964,0.04796400000000001,2.835016394284552,43.66049322192231,0.979154291218496,0.016952595588235295,0.14063335294117646,136,9,1,monthly_beme_op,monthly size/profit/invest,risk_averse_low_volatility,7,test,block,momentum_12,0.11949838962962965
-0.029784988777107765,-0.061500745756543594,-0.0008786424838685614,0.061170999999999996,0.061171,9.904511200097788,21.398280787358043,0.9271727117639869,0.00962212588235294,0.0925010588235294,136,0,2,monthly_beme_op,monthly size/profit/invest,risk_averse_low_volatility,7,test,block,low_vol_12,0.11949838962962965
0.030808893182276472,-0.005730909266643792,0.07107573045569632,0.037036,0.037036,4.933827912366059,28.563951443054155,0.9637218535855436,0.018501286764705884,0.10194055882352941,136,0,1,monthly_beme_op,monthly size/profit/invest,risk_averse_low_volatility,7,test,block,risk_adjusted_12,0.11949838962962965
-0.015808755015041507,-0.10276039622045016,0.04108677788484085,0.07489499999999999,0.074895,4.992077454057766,23.901826964137726,0.9632935481319282,0.006669733529411765,0.12368270588235294,136,2,1,monthly_beme_op,monthly size/profit/invest,risk_averse_low_volatility,7,test,block,ridge_return_train_only,0.11949838962962965
0.009311355999999995,0.009311355999999995,0.009311355999999995,,inf,0.0,0.0,1.0,0.009011361111111112,0.15419533333333332,108,200,0,monthly_beme_op,monthly size/profit/invest,risk_averse_low_volatility,17,calibration,iid,constant_a000,0.11949838962962965
0.012663855754193534,0.0044686955909465165,0.02998534563035437,-5.2e-05,inf,1.9635193078071949,28.242100432134567,0.9818192656684519,0.005691944444444445,0.1491787037037037,108,25,0,monthly_beme_op,monthly size/profit/invest,risk_averse_low_volatility,17,calibration,iid,constant_a001,0.11949838962962965
-0.0021661174100094053,-0.023438877504047353,0.009311355999999995,0.03449,inf,1.9737680200163101,26.225878602435255,0.9817243701850341,0.009587805555555553,0.13425677777777775,108,22,0,monthly_beme_op,monthly size/profit/invest,risk_averse_low_volatility,17,calibration,iid,constant_a002,0.11949838962962965
0.05717128513534201,-0.03296689404500334,0.16016582858915376,0.032718,0.032718,5.900145665282708,25.170973110734867,0.9453690216177527,0.007711083333333333,0.09189985185185184,108,2,2,monthly_beme_op,monthly size/profit/invest,risk_averse_low_volatility,17,calibration,iid,constant_a003,0.11949838962962965
-0.00829865933697982,-0.03813949457841144,0.009311355999999995,0.05670099999999999,inf,2.9751866527589255,24.194509118681623,0.9724519754374173,0.008999,0.09132614814814814,108,10,1,monthly_beme_op,monthly size/profit/invest,risk_averse_low_volatility,17,calibration,iid,constant_a004,0.11949838962962965
0.025127854775207688,0.009311355999999995,0.04971228550382114,-0.035568,inf,1.9927465461956604,29.160864632157438,0.9815486430907809,0.007037601851851851,0.14897285185185186,108,35,0,monthly_beme_op,monthly size/profit/invest,risk_averse_low_volatility,17,calibration,iid,constant_a005,0.11949838962962965
0.021204318272093205,-0.0024409220424565807,0.05448579618086123,-0.061627999999999995,inf,1.973736875300074,20.72381419358182,0.9817246585620364,0.008633907407407406,0.12433974074074074,108,25,0,monthly_beme_op,monthly size/profit/invest,risk_averse_low_volatility,17,calibration,iid,constant_a006,0.11949838962962965
0.032735320426919845,-0.028204419173562832,0.08572277651144501,0.092555,0.092555,8.768101167441015,26.918131941177332,0.9188138780792499,0.008959064814814816,0.10838277777777777,108,0,2,monthly_beme_op,monthly size/profit/invest,risk_averse_low_volatility,17,calibration,iid,constant_a007,0.11949838962962965
0.03724831026247551,0.009311355999999995,0.08050374022723579,-0.077943,inf,1.9994146302104503,20.548012655429645,0.9814869015721255,0.008833333333333334,0.10437133333333333,108,21,0,monthly_beme_op,monthly size/profit/invest,risk_averse_low_volatility,17,calibration,iid,constant_a008,0.11949838962962965
-0.03962976106249787,-0.11248262946072107,0.016001594428705267,0.090075,0.090075,7.938868464044055,26.942299280409642,0.9264919586662588,0.008357185185185186,0.10816214814814815,108,0,2,monthly_beme_op,monthly size/profit/invest,risk_averse_low_volatility,17,calibration,iid,constant_a009,0.11949838962962965
0.033157644101555424,-0.02631296381918314,0.13427163205417514,0.02331,0.02331,6.847105599619107,28.694998562873625,0.9366008740776008,0.006952916666666668,0.1526792962962963,108,0,2,monthly_beme_op,monthly size/profit/invest,risk_averse_low_volatility,17,calibration,iid,constant_a010,0.11949838962962965
-0.055105515684851766,-0.11299586320096458,0.00922366665122307,0.147836,0.147836,6.884455471555609,25.204755484848405,0.9362550419300406,0.008470018518518517,0.11324855555555556,108,0,2,monthly_beme_op,monthly size/profit/invest,risk_averse_low_volatility,17,calibration,iid,constant_a011,0.11949838962962965
0.016917536074412893,0.009311355999999995,0.02890815727804301,-0.025313,inf,1.9999801214688597,21.882043990902048,0.981481665541955,0.007643851851851852,0.12476462962962963,108,22,0,monthly_beme_op,monthly size/profit/invest,risk_averse_low_volatility,17,calibration,iid,constant_a012,0.11949838962962965
0.020344766769084324,0.005001921924482182,0.04198431693438796,0.00336,0.0033600000000000006,3.994021010366059,24.106496708708764,0.9630183239780921,0.008225361111111112,0.10516055555555555,108,2,1,monthly_beme_op,monthly size/profit/invest,risk_averse_low_volatility,17,calibration,iid,constant_a013,0.11949838962962965
0.0030426130768724524,-0.02334205468035459,0.016889794987844414,0.029925,inf,1.9995848190470902,24.91622591222135,0.9814853257495639,0.01212915740740741,0.12042751851851852,108,28,0,monthly_beme_op,monthly size/profit/invest,risk_averse_low_volatility,17,calibration,iid,constant_a014,0.11949838962962965
0.06309286415605239,-0.018518160411751843,0.14086826633754737,0.04933,0.049330000000000006,10.374672927727406,45.64687721804176,0.9039382136321537,0.004571592592592592,0.18182740740740738,108,0,3,monthly_beme_op,monthly size/profit/invest,risk_averse_low_volatility,17,calibration,iid,constant_a015,0.11949838962962965
-0.05416723345493389,-0.16075485911646772,0.029714740313877414,0.17933900000000003,0.17933900000000003,5.882824353849228,32.52311015296939,0.9455294041310257,0.005576574074074074,0.15014825925925926,108,0,2,monthly_beme_op,monthly size/profit/invest,risk_averse_low_volatility,17,calibration,iid,constant_a016,0.11949838962962965
0.033368768226243434,0.010471407677610591,0.07161625927024974,0.009565,0.009565,7.806332174053954,25.559074993893507,0.9277191465365374,0.007114703703703705,0.1573044814814815,108,0,2,monthly_beme_op,monthly size/profit/invest,risk_averse_low_volatility,17,calibration,iid,constant_a017,0.11949838962962965
0.004311762982378479,-0.005687423052864551,0.009311355999999995,0.011871,inf,1.0,25.490839918993128,0.9907407407407407,0.002282416666666666,0.17135685185185184,108,81,0,monthly_beme_op,monthly size/profit/invest,risk_averse_low_volatility,17,calibration,iid,constant_a018,0.11949838962962965
-0.08532959320680959,-0.3580986101850671,0.13368408097641438,0.230012,0.23001200000000002,4.811948822563742,62.89830019347178,0.955444918309595,0.010592287037037039,0.19485992592592594,108,3,1,monthly_beme_op,monthly size/profit/invest,risk_averse_low_volatility,17,calibration,iid,constant_a019,0.11949838962962965
0.025320774240723275,-0.008300308104183618,0.07579313914680239,0.015195,0.015195000000000002,3.838537300898688,41.699889203078826,0.9644579879546418,0.005733851851851852,0.16194114814814817,108,2,1,monthly_beme_op,monthly size/profit/invest,risk_averse_low_volatility,17,calibration,iid,constant_a020,0.11949838962962965
-0.002535478369044236,-0.02995795220151226,0.020358004500431192,0.030164,0.030164000000000003,4.974161182970342,28.799164798391118,0.9539429520095338,0.004910851851851851,0.14231881481481481,108,1,1,monthly_beme_op,monthly size/profit/invest,risk_averse_low_volatility,17,calibration,iid,constant_a021,0.11949838962962965
0.017165882020323903,-0.005608909654693034,0.047485057852223005,0.005017000000000001,0.005017000000000001,3.9744814658343985,31.206693877044785,0.9631992456867186,0.0070512870370370365,0.17373688888888889,108,4,1,monthly_beme_op,monthly size/profit/invest,risk_averse_low_volatility,17,calibration,iid,constant_a022,0.11949838962962965
0.018208707728075306,-0.011696319352745337,0.05295992023462764,-0.034819,inf,1.9831853315796266,53.58709922277363,0.9816371728557441,0.01687215740740741,0.16973874074074072,108,22,0,monthly_beme_op,monthly size/profit/invest,risk_averse_low_volatility,17,calibration,iid,constant_a023,0.11949838962962965
0.043868860884519974,0.009311355999999995,0.11298387065355898,-0.10340999999999999,inf,1.0,39.66274506068465,0.9907407407407407,0.020826731481481484,0.17694474074074074,108,89,0,monthly_beme_op,monthly size/profit/invest,risk_averse_low_volatility,17,calibration,iid,constant_a024,0.11949838962962965
-0.0036466697994792623,-0.06104314707029401,0.035418597226543065,0.10510408000000002,inf,2.994212627370689,25.625753978962948,0.972275809005827,0.008471041851851852,0.11949838962962965,108,12,1,monthly_beme_op,monthly size/profit/invest,risk_averse_low_volatility,17,calibration,iid,constant_equal_weight_public,0.11949838962962965
0.04776567504113696,-0.020767427534211208,0.13153212174638165,0.056700999999999994,0.056701,3.657710648723164,44.56056947234744,0.9661323088081188,0.010304194444444444,0.15110244444444446,108,4,1,monthly_beme_op,monthly size/profit/invest,risk_averse_low_volatility,17,calibration,iid,momentum_12,0.11949838962962965
0.05765441414237693,-0.03611679253039619,0.1875332252338121,0.147836,0.147836,7.938349377323548,20.74203246330325,0.926496765024782,0.009455527777777776,0.09748044444444444,108,0,2,monthly_beme_op,monthly size/profit/invest,risk_averse_low_volatility,17,calibration,iid,low_vol_12,0.11949838962962965
0.04226796902167317,-0.029956425927592477,0.10722002527833212,0.056700999999999994,0.056701,6.409430806161476,39.66274506068465,0.9406534184614678,0.009305453703703703,0.14096814814814815,108,1,2,monthly_beme_op,monthly size/profit/invest,risk_averse_low_volatility,17,calibration,iid,risk_adjusted_12,0.11949838962962965
0.058906484796053205,0.0095141651744733,0.1095666601653662,-0.034819,-0.034819,5.44971650814276,53.58709922277363,0.9495396619616411,0.006551962962962963,0.1647821111111111,108,0,2,monthly_beme_op,monthly size/profit/invest,risk_averse_low_volatility,17,calibration,iid,ridge_return_train_only,0.11949838962962965
0.009311355999999995,0.009311355999999995,0.009311355999999995,,inf,0.0,0.0,1.0,0.009011361111111112,0.15419533333333332,108,200,0,monthly_beme_op,monthly size/profit/invest,risk_averse_low_volatility,17,calibration,block,constant_a000,0.11949838962962965
0.012663855754193534,0.0020473653864197805,0.0251799392376724,-5.2e-05,inf,1.9635193078071949,28.242100432134567,0.9818192656684519,0.005691944444444445,0.1491787037037037,108,20,0,monthly_beme_op,monthly size/profit/invest,risk_averse_low_volatility,17,calibration,block,constant_a001,0.11949838962962965
-0.0021661174100094053,-0.025121064230028203,0.009311355999999995,0.03449,inf,1.9737680200163101,26.225878602435255,0.9817243701850341,0.009587805555555553,0.13425677777777775,108,30,0,monthly_beme_op,monthly size/profit/invest,risk_averse_low_volatility,17,calibration,block,constant_a002,0.11949838962962965
0.05717128513534201,-0.026247379901014157,0.1553622605441998,0.032718,0.032718,5.900145665282708,25.170973110734867,0.9453690216177527,0.007711083333333333,0.09189985185185184,108,0,2,monthly_beme_op,monthly size/profit/invest,risk_averse_low_volatility,17,calibration,block,constant_a003,0.11949838962962965
-0.00829865933697982,-0.033122728852414206,0.009311355999999995,0.05670099999999999,inf,2.9751866527589255,24.194509118681623,0.9724519754374173,0.008999,0.09132614814814814,108,10,1,monthly_beme_op,monthly size/profit/invest,risk_averse_low_volatility,17,calibration,block,constant_a004,0.11949838962962965
0.025127854775207688,0.009311355999999995,0.04271814448907553,-0.035568,inf,1.9927465461956604,29.160864632157438,0.9815486430907809,0.007037601851851851,0.14897285185185186,108,22,0,monthly_beme_op,monthly size/profit/invest,risk_averse_low_volatility,17,calibration,block,constant_a005,0.11949838962962965
0.021204318272093205,-0.005964711155826295,0.057434499517299065,-0.061627999999999995,inf,1.973736875300074,20.72381419358182,0.9817246585620364,0.008633907407407406,0.12433974074074074,108,35,0,monthly_beme_op,monthly size/profit/invest,risk_averse_low_volatility,17,calibration,block,constant_a006,0.11949838962962965
0.032735320426919845,-0.040816680107200666,0.09532975736449274,0.092555,0.092555,8.768101167441015,26.918131941177332,0.9188138780792499,0.008959064814814816,0.10838277777777777,108,0,2,monthly_beme_op,monthly size/profit/invest,risk_averse_low_volatility,17,calibration,block,constant_a007,0.11949838962962965
0.03724831026247551,0.009311355999999995,0.0832712372978822,-0.077943,inf,1.9994146302104503,20.548012655429645,0.9814869015721255,0.008833333333333334,0.10437133333333333,108,22,0,monthly_beme_op,monthly size/profit/invest,risk_averse_low_volatility,17,calibration,block,constant_a008,0.11949838962962965
-0.03962976106249787,-0.11272013929837875,0.019836322007725574,0.090075,0.090075,7.938868464044055,26.942299280409642,0.9264919586662588,0.008357185185185186,0.10816214814814815,108,0,2,monthly_beme_op,monthly size/profit/invest,risk_averse_low_volatility,17,calibration,block,constant_a009,0.11949838962962965
0.033157644101555424,-0.038157728158973336,0.14379499668369847,0.02331,0.02331,6.847105599619107,28.694998562873625,0.9366008740776008,0.006952916666666668,0.1526792962962963,108,0,2,monthly_beme_op,monthly size/profit/invest,risk_averse_low_volatility,17,calibration,block,constant_a010,0.11949838962962965
-0.055105515684851766,-0.117871689410926,-0.002042962117654231,0.147836,0.147836,6.884455471555609,25.204755484848405,0.9362550419300406,0.008470018518518517,0.11324855555555556,108,0,2,monthly_beme_op,monthly size/profit/invest,risk_averse_low_volatility,17,calibration,block,constant_a011,0.11949838962962965
0.016917536074412893,0.009311355999999995,0.02777452264862202,-0.025313,inf,1.9999801214688597,21.882043990902048,0.981481665541955,0.007643851851851852,0.12476462962962963,108,24,0,monthly_beme_op,monthly size/profit/invest,risk_averse_low_volatility,17,calibration,block,constant_a012,0.11949838962962965
0.020344766769084324,0.004969296437365749,0.039901886535817194,0.00336,0.0033600000000000006,3.994021010366059,24.106496708708764,0.9630183239780921,0.008225361111111112,0.10516055555555555,108,2,1,monthly_beme_op,monthly size/profit/invest,risk_averse_low_volatility,17,calibration,block,constant_a013,0.11949838962962965
0.0030426130768724524,-0.0120210190986641,0.011837502329281468,0.029925,inf,1.9995848190470902,24.91622591222135,0.9814853257495639,0.01212915740740741,0.12042751851851852,108,46,0,monthly_beme_op,monthly size/profit/invest,risk_averse_low_volatility,17,calibration,block,constant_a014,0.11949838962962965
0.06309286415605239,-0.008188876069546384,0.1397754342239818,0.04933,0.04933,10.374672927727406,45.64687721804176,0.9039382136321537,0.004571592592592592,0.18182740740740738,108,0,3,monthly_beme_op,monthly size/profit/invest,risk_averse_low_volatility,17,calibration,block,constant_a015,0.11949838962962965
-0.05416723345493389,-0.17076605115458673,0.02569463242365008,0.17933900000000003,0.17933900000000003,5.882824353849228,32.52311015296939,0.9455294041310257,0.005576574074074074,0.15014825925925926,108,0,2,monthly_beme_op,monthly size/profit/invest,risk_averse_low_volatility,17,calibration,block,constant_a016,0.11949838962962965
0.033368768226243434,0.007780783575942289,0.062242644165841694,0.009565,0.009565,7.806332174053954,25.559074993893507,0.9277191465365374,0.007114703703703705,0.1573044814814815,108,0,2,monthly_beme_op,monthly size/profit/invest,risk_averse_low_volatility,17,calibration,block,constant_a017,0.11949838962962965
0.004311762982378479,-0.005687423052864551,0.009311355999999995,0.011871,inf,1.0,25.490839918993128,0.9907407407407407,0.002282416666666666,0.17135685185185184,108,71,0,monthly_beme_op,monthly size/profit/invest,risk_averse_low_volatility,17,calibration,block,constant_a018,0.11949838962962965
-0.08532959320680959,-0.33040261443477276,0.09405142051696526,0.230012,0.23001200000000002,4.811948822563742,62.89830019347178,0.955444918309595,0.010592287037037039,0.19485992592592594,108,0,1,monthly_beme_op,monthly size/profit/invest,risk_averse_low_volatility,17,calibration,block,constant_a019,0.11949838962962965
0.025320774240723275,-0.009115403726303583,0.07697716538661277,0.015195,0.015195000000000002,3.838537300898688,41.699889203078826,0.9644579879546418,0.005733851851851852,0.16194114814814817,108,7,1,monthly_beme_op,monthly size/profit/invest,risk_averse_low_volatility,17,calibration,block,constant_a020,0.11949838962962965
-0.002535478369044236,-0.02806658727866362,0.016657685209732386,0.030164,0.030164000000000003,4.974161182970342,28.799164798391118,0.9539429520095338,0.004910851851851851,0.14231881481481481,108,0,1,monthly_beme_op,monthly size/profit/invest,risk_averse_low_volatility,17,calibration,block,constant_a021,0.11949838962962965
0.017165882020323903,-0.0026464999767751808,0.05501086900927868,0.005017000000000001,0.005017000000000001,3.9744814658343985,31.206693877044785,0.9631992456867186,0.0070512870370370365,0.17373688888888889,108,5,1,monthly_beme_op,monthly size/profit/invest,risk_averse_low_volatility,17,calibration,block,constant_a022,0.11949838962962965
0.018208707728075306,-0.016468167550976298,0.05637118210020093,-0.034819,inf,1.9831853315796266,53.58709922277363,0.9816371728557441,0.01687215740740741,0.16973874074074072,108,27,0,monthly_beme_op,monthly size/profit/invest,risk_averse_low_volatility,17,calibration,block,constant_a023,0.11949838962962965
0.043868860884519974,0.009311355999999995,0.11298387065355903,-0.10340999999999999,inf,1.0,39.66274506068465,0.9907407407407407,0.020826731481481484,0.17694474074074074,108,78,0,monthly_beme_op,monthly size/profit/invest,risk_averse_low_volatility,17,calibration,block,constant_a024,0.11949838962962965
-0.0036466697994792623,-0.05262096683642608,0.03541859722654307,0.10510408000000002,inf,2.994212627370689,25.625753978962948,0.972275809005827,0.008471041851851852,0.11949838962962965,108,16,1,monthly_beme_op,monthly size/profit/invest,risk_averse_low_volatility,17,calibration,block,constant_equal_weight_public,0.11949838962962965
0.04776567504113696,-0.025020195985726346,0.1362700349250736,0.056700999999999994,0.056701,3.657710648723164,44.56056947234744,0.9661323088081188,0.010304194444444444,0.15110244444444446,108,1,1,monthly_beme_op,monthly size/profit/invest,risk_averse_low_volatility,17,calibration,block,momentum_12,0.11949838962962965
0.05765441414237693,-0.03891772593699941,0.1709643238887821,0.147836,0.147836,7.938349377323548,20.74203246330325,0.926496765024782,0.009455527777777776,0.09748044444444444,108,1,2,monthly_beme_op,monthly size/profit/invest,risk_averse_low_volatility,17,calibration,block,low_vol_12,0.11949838962962965
0.04226796902167317,-0.027976199548329465,0.12107047596584201,0.056700999999999994,0.056701,6.409430806161476,39.66274506068465,0.9406534184614678,0.009305453703703703,0.14096814814814815,108,0,2,monthly_beme_op,monthly size/profit/invest,risk_averse_low_volatility,17,calibration,block,risk_adjusted_12,0.11949838962962965
0.058906484796053205,0.010822347376548766,0.11523595330602614,-0.034819,-0.034819,5.44971650814276,53.58709922277363,0.9495396619616411,0.006551962962962963,0.1647821111111111,108,0,2,monthly_beme_op,monthly size/profit/invest,risk_averse_low_volatility,17,calibration,block,ridge_return_train_only,0.11949838962962965
0.07651823326659925,0.0035794555812476815,0.191798807419699,0.035934,0.035934,5.830090750655703,45.87119314983314,0.9571316856569434,0.011030007352941176,0.15709526470588234,136,0,2,monthly_beme_op,monthly size/profit/invest,risk_averse_low_volatility,17,test,iid,constant_a000,0.11949838962962965
-0.04629780595485645,-0.16687585908864047,0.029583937879993433,0.078898,0.078898,2.928896459776557,86.17187045457015,0.9784639966192901,0.023444860294117645,0.12699891176470587,136,5,1,monthly_beme_op,monthly size/profit/invest,risk_averse_low_volatility,17,test,iid,constant_a001,0.11949838962962965
0.02968286797005267,0.009311355999999995,0.05915850319874494,-0.022238,-0.022237999999999997,2.992992825564619,26.725592255251048,0.9779926998120249,0.013153823529411765,0.13322823529411765,136,9,1,monthly_beme_op,monthly size/profit/invest,risk_averse_low_volatility,17,test,iid,constant_a002,0.11949838962962965
0.05332350514999302,-0.0597584124679702,0.23302828188180535,0.12493399999999999,0.124934,7.788735501819017,33.71939673100237,0.9427298860160367,0.015877375,0.11909723529411764,136,0,2,monthly_beme_op,monthly size/profit/invest,risk_averse_low_volatility,17,test,iid,constant_a003,0.11949838962962965
0.031850532168440214,0.0028496199906509045,0.06022361175931822,0.023144,0.023144,6.960422511765624,22.457032876932683,0.9488204227076057,0.012729867647058824,0.08378829411764706,136,0,2,monthly_beme_op,monthly size/profit/invest,risk_averse_low_volatility,17,test,iid,constant_a004,0.11949838962962965
-0.008138935265922053,-0.03584223238582203,0.009311355999999995,0.050856000000000005,inf,1.9424691966927632,32.711248915673416,0.985717138259612,0.010292911764705884,0.1313721176470588,136,20,0,monthly_beme_op,monthly size/profit/invest,risk_averse_low_volatility,17,test,iid,constant_a005,0.11949838962962965
0.027183281726803305,-0.047438758842269065,0.12458711569112578,0.007155000000000001,0.007155000000000001,3.948417245338683,25.772864185265252,0.9709675202548627,0.007293139705882353,0.09094320588235294,136,9,1,monthly_beme_op,monthly size/profit/invest,risk_averse_low_volatility,17,test,iid,constant_a006,0.11949838962962965
0.04027317694005792,0.009302888316422476,0.08307904507979502,0.015587999999999998,0.015588000000000001,4.923431485739313,27.043959558962154,0.9637982978989756,0.011329838235294118,0.09501655882352941,136,1,1,monthly_beme_op,monthly size/profit/invest,risk_averse_low_volatility,17,test,iid,constant_a007,0.11949838962962965
0.034472676374293784,0.010271182993735303,0.07486460014066881,-0.012441,-0.012441,4.977937360253203,24.75692375094298,0.9633975194099029,0.011474867647058825,0.08307823529411763,136,0,1,monthly_beme_op,monthly size/profit/invest,risk_averse_low_volatility,17,test,iid,constant_a008,0.11949838962962965
-0.02458334932517328,-0.08340294550242873,0.019575047416157308,0.08500400000000001,0.08500400000000001,6.885582076438573,28.311627393269823,0.9493707200261869,0.010274257352941176,0.0984035294117647,136,1,2,monthly_beme_op,monthly size/profit/invest,risk_averse_low_volatility,17,test,iid,constant_a009,0.11949838962962965
0.056821314259332,-0.13166838108030365,0.21254736844166888,0.074265,0.074265,7.657898491108426,32.953575329764746,0.9436919228594969,0.009373007352941174,0.11470952941176471,136,0,2,monthly_beme_op,monthly size/profit/invest,risk_averse_low_volatility,17,test,iid,constant_a010,0.11949838962962965
0.009738605302360872,-0.02115455293992176,0.04363441661345525,0.054318,0.054318000000000005,3.989697708535333,22.976866022668908,0.9706639874372402,0.011024213235294116,0.1011819117647059,136,4,1,monthly_beme_op,monthly size/profit/invest,risk_averse_low_volatility,17,test,iid,constant_a011,0.11949838962962965
0.018432192467040708,0.010570537843757768,0.029442854493362657,-0.0179,-0.0179,3.99539649537249,21.666389720976074,0.9706220845928494,0.008815691176470589,0.10376441176470588,136,2,1,monthly_beme_op,monthly size/profit/invest,risk_averse_low_volatility,17,test,iid,constant_a012,0.11949838962962965
0.03790491614404864,0.007795539465867527,0.08699217104315937,0.013930000000000001,0.013930000000000001,7.980463460141929,25.907364509854418,0.9413201216166035,0.009981808823529413,0.11502073529411763,136,0,2,monthly_beme_op,monthly size/profit/invest,risk_averse_low_volatility,17,test,iid,constant_a013,0.11949838962962965
0.026044998888014707,-0.0059266633980918654,0.05937060006617795,0.052626,0.052626000000000006,4.910611803622298,32.09092639935778,0.963892560267483,0.005425272058823529,0.15093029411764705,136,2,1,monthly_beme_op,monthly size/profit/invest,risk_averse_low_volatility,17,test,iid,constant_a014,0.11949838962962965
0.0012281015537496383,-0.11344277211083775,0.17974650392017286,0.062459,0.06245900000000001,5.83762304603896,31.579326007535748,0.9570763011320664,0.01077013970588235,0.10116476470588236,136,2,2,monthly_beme_op,monthly size/profit/invest,risk_averse_low_volatility,17,test,iid,constant_a015,0.11949838962962965
-0.026309092177278743,-0.1136385981692901,0.04695675858266919,0.209969,0.20996900000000002,10.875577728704247,27.149817407455675,0.9200325167007041,0.008198404411764707,0.11871282352941175,136,0,3,monthly_beme_op,monthly size/profit/invest,risk_averse_low_volatility,17,test,iid,constant_a016,0.11949838962962965
-0.019612458235948548,-0.10440330387455275,0.04251726068763232,0.105424,0.10542400000000002,8.589773276326381,35.7562460374438,0.9368399023799531,0.010214404411764706,0.12240526470588234,136,0,2,monthly_beme_op,monthly size/profit/invest,risk_averse_low_volatility,17,test,iid,constant_a017,0.11949838962962965
0.0202802866954523,0.009311355999999995,0.04221814808635693,-0.069276,inf,1.0,24.87756909857605,0.9926470588235294,0.01078397794117647,0.1249915882352941,136,69,0,monthly_beme_op,monthly size/profit/invest,risk_averse_low_volatility,17,test,iid,constant_a018,0.11949838962962965
0.009140905738799701,-0.04177837152075153,0.05319504142268802,0.07524,0.07524,3.77320378442566,41.14535753817597,0.9722558545262819,0.004148029411764705,0.16689767647058826,136,2,1,monthly_beme_op,monthly size/profit/invest,risk_averse_low_volatility,17,test,iid,constant_a019,0.11949838962962965
-0.013357240048016432,-0.0953595820794023,0.06959576234448861,0.132271,0.132271,2.972079597203859,33.728150023886265,0.9781464735499716,0.01308618382352941,0.1459555588235294,136,6,1,monthly_beme_op,monthly size/profit/invest,risk_averse_low_volatility,17,test,iid,constant_a020,0.11949838962962965
0.004294173732925479,-0.020630433210282878,0.028441953608530177,0.028921000000000002,0.028921000000000006,2.9805779313802256,30.47501637505184,0.9780839857986748,0.011047073529411767,0.14904241176470587,136,7,1,monthly_beme_op,monthly size/profit/invest,risk_averse_low_volatility,17,test,iid,constant_a021,0.11949838962962965
-0.030405171373442917,-0.08442126026287468,0.009311355999999995,0.078095,0.07809500000000001,2.96672394952912,34.490420640750095,0.9781858533122859,0.01314758823529412,0.13828129411764706,136,9,1,monthly_beme_op,monthly size/profit/invest,risk_averse_low_volatility,17,test,iid,constant_a022,0.11949838962962965
-0.009220992158317075,-0.0908290156777447,0.07749073571053726,0.050068,0.050068,4.913529531969937,36.58441804963449,0.963871106382574,0.014868257352941176,0.13557679411764706,136,0,1,monthly_beme_op,monthly size/profit/invest,risk_averse_low_volatility,17,test,iid,constant_a023,0.11949838962962965
0.007765631589273197,-0.09320543920180079,0.11333447549538614,0.05844099999999999,0.05844100000000001,3.6595761086090803,70.85942788868586,0.9730913521425802,0.004658558823529411,0.22838226470588233,136,4,1,monthly_beme_op,monthly size/profit/invest,risk_averse_low_volatility,17,test,iid,constant_a024,0.11949838962962965
0.02267507820433117,-0.033294859438028034,0.0722366656979384,0.09348459999999999,0.09348459999999999,6.959630377412881,25.498667988892326,0.9488262472249053,0.010897742352941178,0.10712653647058824,136,0,2,monthly_beme_op,monthly size/profit/invest,risk_averse_low_volatility,17,test,iid,constant_equal_weight_public,0.11949838962962965
-0.08401618227791793,-0.2301811906190323,0.007285842137850064,0.132271,inf,1.6788174465991341,86.17187045457015,0.987655754069124,0.016952595588235295,0.14063335294117646,136,27,0,monthly_beme_op,monthly size/profit/invest,risk_averse_low_volatility,17,test,iid,momentum_12,0.11949838962962965
-0.014802838266141627,-0.04626361468922634,0.0076460884407295576,0.052905,0.05290500000000001,3.9730539826764395,21.602654670074354,0.9707863677744379,0.00962212588235294,0.0925010588235294,136,4,1,monthly_beme_op,monthly size/profit/invest,risk_averse_low_volatility,17,test,iid,low_vol_12,0.11949838962962965
-0.0375856816101172,-0.11444806718366896,0.019018418565225507,0.132271,0.132271,2.8452136764040628,33.728150023886265,0.9790793112029113,0.018501286764705884,0.10194055882352941,136,7,1,monthly_beme_op,monthly size/profit/invest,risk_averse_low_volatility,17,test,iid,risk_adjusted_12,0.11949838962962965
-0.05259372943144991,-0.2140911284269829,0.06086663117003342,0.067016,0.067016,9.374712262530869,36.58441804963449,0.931068292187273,0.018226125000000003,0.11248379411764704,136,0,2,monthly_beme_op,monthly size/profit/invest,risk_averse_low_volatility,17,test,iid,ridge_return_train_only,0.11949838962962965
0.07651823326659925,0.009096777318461906,0.1813179510756438,0.035934,0.035934,5.830090750655703,45.87119314983314,0.9571316856569434,0.011030007352941176,0.15709526470588234,136,0,2,monthly_beme_op,monthly size/profit/invest,risk_averse_low_volatility,17,test,block,constant_a000,0.11949838962962965
-0.04629780595485645,-0.18532174013107808,0.02448498097898244,0.078898,0.078898,2.928896459776557,86.17187045457015,0.9784639966192901,0.023444860294117645,0.12699891176470587,136,1,1,monthly_beme_op,monthly size/profit/invest,risk_averse_low_volatility,17,test,block,constant_a001,0.11949838962962965
0.02968286797005267,0.009311355999999995,0.06307349831667286,-0.022238,-0.022238,2.992992825564619,26.725592255251048,0.9779926998120249,0.013153823529411765,0.13322823529411765,136,9,1,monthly_beme_op,monthly size/profit/invest,risk_averse_low_volatility,17,test,block,constant_a002,0.11949838962962965
0.05332350514999302,-0.07510953213119208,0.1981476505108121,0.12493399999999999,0.124934,7.788735501819017,33.71939673100237,0.9427298860160367,0.015877375,0.11909723529411764,136,0,2,monthly_beme_op,monthly size/profit/invest,risk_averse_low_volatility,17,test,block,constant_a003,0.11949838962962965
0.031850532168440214,0.0041023641416164415,0.066086461679881,0.023144,0.023144,6.960422511765624,22.457032876932683,0.9488204227076057,0.012729867647058824,0.08378829411764706,136,0,2,monthly_beme_op,monthly size/profit/invest,risk_averse_low_volatility,17,test,block,constant_a004,0.11949838962962965
-0.008138935265922053,-0.03289237787773854,0.009311355999999996,0.050856000000000005,inf,1.9424691966927632,32.711248915673416,0.985717138259612,0.010292911764705884,0.1313721176470588,136,28,0,monthly_beme_op,monthly size/profit/invest,risk_averse_low_volatility,17,test,block,constant_a005,0.11949838962962965
0.027183281726803305,-0.0490443661463275,0.12904696272950678,0.007155000000000001,0.007155000000000001,3.948417245338683,25.772864185265252,0.9709675202548627,0.007293139705882353,0.09094320588235294,136,1,1,monthly_beme_op,monthly size/profit/invest,risk_averse_low_volatility,17,test,block,constant_a006,0.11949838962962965
0.04027317694005792,0.009302888316422477,0.09032562568150866,0.015587999999999998,0.015588000000000001,4.923431485739313,27.043959558962154,0.9637982978989756,0.011329838235294118,0.09501655882352941,136,2,1,monthly_beme_op,monthly size/profit/invest,risk_averse_low_volatility,17,test,block,constant_a007,0.11949838962962965
0.034472676374293784,0.011028265486789214,0.07321766988898747,-0.012441,-0.012441,4.977937360253203,24.75692375094298,0.9633975194099029,0.011474867647058825,0.08307823529411763,136,0,1,monthly_beme_op,monthly size/profit/invest,risk_averse_low_volatility,17,test,block,constant_a008,0.11949838962962965
-0.02458334932517328,-0.08056576400128031,0.024276755747558075,0.08500400000000001,0.08500400000000001,6.885582076438573,28.311627393269823,0.9493707200261869,0.010274257352941176,0.0984035294117647,136,1,2,monthly_beme_op,monthly size/profit/invest,risk_averse_low_volatility,17,test,block,constant_a009,0.11949838962962965
0.056821314259332,-0.08638525363098408,0.21002901340089136,0.074265,0.074265,7.657898491108426,32.953575329764746,0.9436919228594969,0.009373007352941174,0.11470952941176471,136,0,2,monthly_beme_op,monthly size/profit/invest,risk_averse_low_volatility,17,test,block,constant_a010,0.11949838962962965
0.009738605302360872,-0.02115455293992176,0.04471665404981321,0.054318,0.054318000000000005,3.989697708535333,22.976866022668908,0.9706639874372402,0.011024213235294116,0.1011819117647059,136,4,1,monthly_beme_op,monthly size/profit/invest,risk_averse_low_volatility,17,test,block,constant_a011,0.11949838962962965
0.018432192467040708,0.011803416797121243,0.02872871251695618,-0.0179,-0.0179,3.99539649537249,21.666389720976074,0.9706220845928494,0.008815691176470589,0.10376441176470588,136,0,1,monthly_beme_op,monthly size/profit/invest,risk_averse_low_volatility,17,test,block,constant_a012,0.11949838962962965
0.03790491614404864,0.006282213213081334,0.08184812174186608,0.013930000000000001,0.013930000000000001,7.980463460141929,25.907364509854418,0.9413201216166035,0.009981808823529413,0.11502073529411763,136,0,2,monthly_beme_op,monthly size/profit/invest,risk_averse_low_volatility,17,test,block,constant_a013,0.11949838962962965
0.026044998888014707,-0.0072775205953577275,0.05847432721111104,0.052626,0.052626000000000006,4.910611803622298,32.09092639935778,0.963892560267483,0.005425272058823529,0.15093029411764705,136,3,1,monthly_beme_op,monthly size/profit/invest,risk_averse_low_volatility,17,test,block,constant_a014,0.11949838962962965
0.0012281015537496383,-0.10669247546926543,0.1299165974658829,0.062459,0.06245900000000001,5.83762304603896,31.579326007535748,0.9570763011320664,0.01077013970588235,0.10116476470588236,136,1,2,monthly_beme_op,monthly size/profit/invest,risk_averse_low_volatility,17,test,block,constant_a015,0.11949838962962965
-0.026309092177278743,-0.1124036011493042,0.052792642245855066,0.209969,0.209969,10.875577728704247,27.149817407455675,0.9200325167007041,0.008198404411764707,0.11871282352941175,136,0,3,monthly_beme_op,monthly size/profit/invest,risk_averse_low_volatility,17,test,block,constant_a016,0.11949838962962965
-0.019612458235948548,-0.08995284665680221,0.03933559117820239,0.105424,0.10542400000000002,8.589773276326381,35.7562460374438,0.9368399023799531,0.010214404411764706,0.12240526470588234,136,0,2,monthly_beme_op,monthly size/profit/invest,risk_averse_low_volatility,17,test,block,constant_a017,0.11949838962962965
0.0202802866954523,0.009311355999999995,0.04221814808635694,-0.069276,inf,1.0,24.87756909857605,0.9926470588235294,0.01078397794117647,0.1249915882352941,136,72,0,monthly_beme_op,monthly size/profit/invest,risk_averse_low_volatility,17,test,block,constant_a018,0.11949838962962965
0.009140905738799701,-0.04197632027851276,0.06719024333369379,0.07524,0.07524,3.77320378442566,41.14535753817597,0.9722558545262819,0.004148029411764705,0.16689767647058826,136,4,1,monthly_beme_op,monthly size/profit/invest,risk_averse_low_volatility,17,test,block,constant_a019,0.11949838962962965
-0.013357240048016432,-0.09630619464734513,0.0581195358050351,0.132271,inf,2.972079597203859,33.728150023886265,0.9781464735499716,0.01308618382352941,0.1459555588235294,136,12,1,monthly_beme_op,monthly size/profit/invest,risk_averse_low_volatility,17,test,block,constant_a020,0.11949838962962965
0.004294173732925479,-0.020630433210282878,0.028547962488516973,0.028921000000000002,inf,2.9805779313802256,30.47501637505184,0.9780839857986748,0.011047073529411767,0.14904241176470587,136,10,1,monthly_beme_op,monthly size/profit/invest,risk_averse_low_volatility,17,test,block,constant_a021,0.11949838962962965
-0.030405171373442917,-0.08439135651128947,0.009311355999999995,0.078095,inf,2.96672394952912,34.490420640750095,0.9781858533122859,0.01314758823529412,0.13828129411764706,136,11,1,monthly_beme_op,monthly size/profit/invest,risk_averse_low_volatility,17,test,block,constant_a022,0.11949838962962965
-0.009220992158317075,-0.08594987372499771,0.06524452187312015,0.050068,0.05006800000000001,4.913529531969937,36.58441804963449,0.963871106382574,0.014868257352941176,0.13557679411764706,136,3,1,monthly_beme_op,monthly size/profit/invest,risk_averse_low_volatility,17,test,block,constant_a023,0.11949838962962965
0.007765631589273197,-0.07759875142643588,0.10591935731670479,0.05844099999999999,0.05844100000000001,3.6595761086090803,70.85942788868586,0.9730913521425802,0.004658558823529411,0.22838226470588233,136,3,1,monthly_beme_op,monthly size/profit/invest,risk_averse_low_volatility,17,test,block,constant_a024,0.11949838962962965
0.02267507820433117,-0.026507134565532994,0.0785380160519465,0.09348459999999999,0.09348459999999999,6.959630377412881,25.498667988892326,0.9488262472249053,0.010897742352941178,0.10712653647058824,136,1,2,monthly_beme_op,monthly size/profit/invest,risk_averse_low_volatility,17,test,block,constant_equal_weight_public,0.11949838962962965
-0.08401618227791793,-0.21514809148889683,0.01036812011139133,0.132271,inf,1.6788174465991341,86.17187045457015,0.987655754069124,0.016952595588235295,0.14063335294117646,136,26,0,monthly_beme_op,monthly size/profit/invest,risk_averse_low_volatility,17,test,block,momentum_12,0.11949838962962965
-0.014802838266141627,-0.04085972782718277,0.00943840615924406,0.052905,0.05290500000000001,3.9730539826764395,21.602654670074354,0.9707863677744379,0.00962212588235294,0.0925010588235294,136,1,1,monthly_beme_op,monthly size/profit/invest,risk_averse_low_volatility,17,test,block,low_vol_12,0.11949838962962965
-0.0375856816101172,-0.13047938635178888,0.018309637420676178,0.132271,inf,2.8452136764040628,33.728150023886265,0.9790793112029113,0.018501286764705884,0.10194055882352941,136,11,1,monthly_beme_op,monthly size/profit/invest,risk_averse_low_volatility,17,test,block,risk_adjusted_12,0.11949838962962965
-0.05259372943144991,-0.17066010755194586,0.06368741313678601,0.067016,0.067016,9.374712262530869,36.58441804963449,0.931068292187273,0.018226125000000003,0.11248379411764704,136,0,2,monthly_beme_op,monthly size/profit/invest,risk_averse_low_volatility,17,test,block,ridge_return_train_only,0.11949838962962965
0.04910010907758632,-0.06188492749385057,0.1663125085766094,0.08071999999999999,0.08071999999999999,4.587628773852627,51.198662844886385,0.9575219557976609,0.009011361111111112,0.15419533333333332,108,0,1,monthly_beme_op,monthly size/profit/invest,risk_averse_low_volatility,27,calibration,iid,constant_a000,0.11949838962962965
-0.0432076666993151,-0.15059992469843417,0.01115794373333334,0.189697,inf,1.9997095321520546,29.208166631651764,0.9814841709985921,0.005691944444444445,0.1491787037037037,108,30,0,monthly_beme_op,monthly size/profit/invest,risk_averse_low_volatility,27,calibration,iid,constant_a001,0.11949838962962965
0.027609422156744882,-0.06092092895691022,0.10446328412288752,0.084407,0.084407,2.97619515888475,31.45692211441188,0.9724426374177338,0.009587805555555553,0.13425677777777775,108,8,1,monthly_beme_op,monthly size/profit/invest,risk_averse_low_volatility,27,calibration,iid,constant_a002,0.11949838962962965
0.016265835167614148,-0.005951140234661811,0.050202893201048995,-0.025944,inf,1.9952174925617292,23.657040555793415,0.9815257639577618,0.007711083333333333,0.09189985185185184,108,24,0,monthly_beme_op,monthly size/profit/invest,risk_averse_low_volatility,27,calibration,iid,constant_a003,0.11949838962962965
0.006527403371067748,-0.017647711698272655,0.023846247792283334,0.041479999999999996,0.041479999999999996,4.964146849657227,25.388162734403153,0.9540356773179887,0.008999,0.09132614814814814,108,0,1,monthly_beme_op,monthly size/profit/invest,risk_averse_low_volatility,27,calibration,iid,constant_a004,0.11949838962962965
-0.0056134064358529375,-0.12736381045897224,0.06941920338142626,0.127066,0.127066,4.853490208393726,43.61070335997326,0.9550602758482063,0.007037601851851851,0.14897285185185186,108,1,1,monthly_beme_op,monthly size/profit/invest,risk_averse_low_volatility,27,calibration,iid,constant_a005,0.11949838962962965
0.016465088572121898,-0.04863124068297276,0.08547360978144643,0.057081999999999994,0.057082,6.716508634643367,30.370300854995538,0.9378101052347836,0.008633907407407406,0.12433974074074074,108,0,2,monthly_beme_op,monthly size/profit/invest,risk_averse_low_volatility,27,calibration,iid,constant_a006,0.11949838962962965
0.03016382151315875,-0.0076040089346040025,0.0832384163203338,0.017922,inf,2.9856833288141202,27.481957160440256,0.9723547839924619,0.008959064814814816,0.10838277777777777,108,10,1,monthly_beme_op,monthly size/profit/invest,risk_averse_low_volatility,27,calibration,iid,constant_a007,0.11949838962962965
0.01115794373333334,0.011157943733333339,0.01115794373333334,,inf,0.0,0.0,1.0,0.008833333333333334,0.10437133333333333,108,200,0,monthly_beme_op,monthly size/profit/invest,risk_averse_low_volatility,27,calibration,iid,constant_a008,0.11949838962962965
0.008145119938492849,-0.05232722131712227,0.07611552971627594,0.169052,0.169052,3.8957634067280433,28.43145062085322,0.9639281166043699,0.008357185185185186,0.10816214814814815,108,2,1,monthly_beme_op,monthly size/profit/invest,risk_averse_low_volatility,27,calibration,iid,constant_a009,0.11949838962962965
-0.01065683127917532,-0.09747106372910085,0.05191941475243881,0.10319800000000001,0.10319800000000003,6.914535899766539,31.921455718464053,0.9359765194466061,0.006952916666666668,0.1526792962962963,108,0,2,monthly_beme_op,monthly size/profit/invest,risk_averse_low_volatility,27,calibration,iid,constant_a010,0.11949838962962965
-0.006863292805945834,-0.03848500076237118,0.016632841572487636,0.0489,0.048900000000000006,3.9141881591632557,31.04785636002755,0.9637575170447846,0.008470018518518517,0.11324855555555556,108,3,1,monthly_beme_op,monthly size/profit/invest,risk_averse_low_volatility,27,calibration,iid,constant_a011,0.11949838962962965
0.03676519712292718,0.017432614623339174,0.06418583544610702,-0.015134000000000002,-0.015134000000000002,5.982613482685425,24.533677933014154,0.9446054307158757,0.007643851851851852,0.12476462962962963,108,1,2,monthly_beme_op,monthly size/profit/invest,risk_averse_low_volatility,27,calibration,iid,constant_a012,0.11949838962962965
0.011547674036765012,-0.0072266572364515615,0.02637309515945553,0.030739999999999996,0.030740000000000003,2.9757910372855227,21.49514902182814,0.9724463792843933,0.008225361111111112,0.10516055555555555,108,9,1,monthly_beme_op,monthly size/profit/invest,risk_averse_low_volatility,27,calibration,iid,constant_a013,0.11949838962962965
0.048693366429929,0.000984631802228589,0.10552899521317859,0.029157000000000002,0.029157000000000006,4.935470528849225,32.03155706668109,0.9543011988069516,0.01212915740740741,0.12042751851851852,108,2,1,monthly_beme_op,monthly size/profit/invest,risk_averse_low_volatility,27,calibration,iid,constant_a014,0.11949838962962965
-0.022300139885133,-0.0652026382129698,0.007474209863285525,0.057664999999999994,0.057665,4.966782418014489,27.476581808702758,0.9540112739072732,0.004571592592592592,0.18182740740740738,108,0,1,monthly_beme_op,monthly size/profit/invest,risk_averse_low_volatility,27,calibration,iid,constant_a015,0.11949838962962965
-0.014554212128020967,-0.07845697418803889,0.03481219500534846,0.08760300000000001,0.08760300000000003,3.9167580037845378,32.910122853035375,0.9637337221871802,0.005576574074074074,0.15014825925925926,108,4,1,monthly_beme_op,monthly size/profit/invest,risk_averse_low_volatility,27,calibration,iid,constant_a016,0.11949838962962965
0.0013574908860623858,-0.1004559033856672,0.10820246489113036,0.09160299999999999,0.09160299999999999,4.414683217874243,48.7928588150318,0.9591233035382014,0.007114703703703705,0.1573044814814815,108,0,1,monthly_beme_op,monthly size/profit/invest,risk_averse_low_volatility,27,calibration,iid,constant_a017,0.11949838962962965
-0.021340256726809753,-0.05840387258996377,0.003625804779737004,0.031110000000000002,0.031110000000000006,6.905283435644017,26.919168305559396,0.9360621904107036,0.002282416666666666,0.17135685185185184,108,0,2,monthly_beme_op,monthly size/profit/invest,risk_averse_low_volatility,27,calibration,iid,constant_a018,0.11949838962962965
-0.0026422573966666746,-0.059868689904928885,0.06240710867206302,0.042271,inf,2.9113766084803627,43.387047720614866,0.9730428091807374,0.010592287037037039,0.19485992592592594,108,14,1,monthly_beme_op,monthly size/profit/invest,risk_averse_low_volatility,27,calibration,iid,constant_a019,0.11949838962962965
0.013520001003600738,-0.19096845715513497,0.19372504077091451,0.154362,0.154362,5.873815457382586,34.715228931721704,0.9456128198390501,0.005733851851851852,0.16194114814814817,108,2,2,monthly_beme_op,monthly size/profit/invest,risk_averse_low_volatility,27,calibration,iid,constant_a020,0.11949838962962965
0.05015899320826987,-0.02313331286592928,0.14748052273803736,-0.036126,-0.036126,2.9737765463441743,27.180145163005378,0.9724650319782947,0.004910851851851851,0.14231881481481481,108,6,1,monthly_beme_op,monthly size/profit/invest,risk_averse_low_volatility,27,calibration,iid,constant_a021,0.11949838962962965
0.054719599144699246,0.0038467674000699456,0.12218663929323076,0.015794,0.015794,3.9064249352434275,42.4101848532278,0.9638293987477461,0.0070512870370370365,0.17373688888888889,108,5,1,monthly_beme_op,monthly size/profit/invest,risk_averse_low_volatility,27,calibration,iid,constant_a022,0.11949838962962965
0.024148706137351185,0.008599156059932021,0.048227599386157075,-0.007678000000000001,inf,2.939594112227893,43.34493805922231,0.9727815359978899,0.01687215740740741,0.16973874074074072,108,12,1,monthly_beme_op,monthly size/profit/invest,risk_averse_low_volatility,27,calibration,iid,constant_a023,0.11949838962962965
0.047099777391535896,0.011157943733333339,0.11898344470794153,-0.059548,inf,1.0,80.2172664089213,0.9907407407407407,0.020826731481481484,0.17694474074074074,108,86,0,monthly_beme_op,monthly size/profit/invest,risk_averse_low_volatility,27,calibration,iid,constant_a024,0.11949838962962965
0.01421080617662521,-0.002926054541732896,0.030409205387506782,0.013937959999999998,0.01393796,5.978426131435621,26.01099885352122,0.9446442024867072,0.008471041851851852,0.11949838962962965,108,1,2,monthly_beme_op,monthly size/profit/invest,risk_averse_low_volatility,27,calibration,iid,constant_equal_weight_public,0.11949838962962965
0.03790825290427479,-0.03449724027690319,0.1502067884777913,0.042271,0.042271,3.632506266130707,50.62952735130021,0.966365682721012,0.010304194444444444,0.15110244444444446,108,4,1,monthly_beme_op,monthly size/profit/invest,risk_averse_low_volatility,27,calibration,iid,momentum_12,0.11949838962962965
0.014029161585830603,0.009606216223084321,0.019598125103882997,-0.008067999999999999,inf,1.9877035886006578,21.162879717368394,0.9815953371425865,0.009455527777777776,0.09748044444444444,108,33,0,monthly_beme_op,monthly size/profit/invest,risk_averse_low_volatility,27,calibration,iid,low_vol_12,0.11949838962962965
0.004762506283954009,-0.014969423301787722,0.013703586496210772,0.030886,inf,2.974779568694401,22.009951600220173,0.9724557447343111,0.009305453703703703,0.14096814814814815,108,13,1,monthly_beme_op,monthly size/profit/invest,risk_averse_low_volatility,27,calibration,iid,risk_adjusted_12,0.11949838962962965
0.05045216761029979,0.015181505210543473,0.0739202568337217,-0.024533999999999997,-0.024533999999999993,3.899456380488297,25.669434220397108,0.9638939224028862,0.008204972222222225,0.11571496296296295,108,6,1,monthly_beme_op,monthly size/profit/invest,risk_averse_low_volatility,27,calibration,iid,ridge_return_train_only,0.11949838962962965
0.04910010907758632,-0.04580818242613019,0.14562426537796458,0.08071999999999999,0.08071999999999999,4.587628773852627,51.198662844886385,0.9575219557976609,0.009011361111111112,0.15419533333333332,108,0,1,monthly_beme_op,monthly size/profit/invest,risk_averse_low_volatility,27,calibration,block,constant_a000,0.11949838962962965
-0.0432076666993151,-0.20228760939872809,0.01115794373333334,0.189697,inf,1.9997095321520546,29.208166631651764,0.9814841709985921,0.005691944444444445,0.1491787037037037,108,38,0,monthly_beme_op,monthly size/profit/invest,risk_averse_low_volatility,27,calibration,block,constant_a001,0.11949838962962965
0.027609422156744882,-0.05119831880855767,0.10458159417817457,0.084407,0.084407,2.97619515888475,31.45692211441188,0.9724426374177338,0.009587805555555553,0.13425677777777775,108,8,1,monthly_beme_op,monthly size/profit/invest,risk_averse_low_volatility,27,calibration,block,constant_a002,0.11949838962962965
0.016265835167614148,-0.008032740053167658,0.05114253817661327,-0.025944,inf,1.9952174925617292,23.657040555793415,0.9815257639577618,0.007711083333333333,0.09189985185185184,108,24,0,monthly_beme_op,monthly size/profit/invest,risk_averse_low_volatility,27,calibration,block,constant_a003,0.11949838962962965
0.006527403371067748,-0.015079840118219895,0.025429918820742626,0.041479999999999996,0.041479999999999996,4.964146849657227,25.388162734403153,0.9540356773179887,0.008999,0.09132614814814814,108,0,1,monthly_beme_op,monthly size/profit/invest,risk_averse_low_volatility,27,calibration,block,constant_a004,0.11949838962962965
-0.0056134064358529375,-0.10623292868916076,0.07383743899480351,0.127066,0.127066,4.853490208393726,43.61070335997326,0.9550602758482063,0.007037601851851851,0.14897285185185186,108,1,1,monthly_beme_op,monthly size/profit/invest,risk_averse_low_volatility,27,calibration,block,constant_a005,0.11949838962962965
0.016465088572121898,-0.050705033900363426,0.08679294101781493,0.057081999999999994,0.057082,6.716508634643367,30.370300854995538,0.9378101052347836,0.008633907407407406,0.12433974074074074,108,0,2,monthly_beme_op,monthly size/profit/invest,risk_averse_low_volatility,27,calibration,block,constant_a006,0.11949838962962965
0.03016382151315875,-0.00840351600015938,0.08855653154849691,0.017922,0.017922,2.9856833288141202,27.481957160440256,0.9723547839924619,0.008959064814814816,0.10838277777777777,108,9,1,monthly_beme_op,monthly size/profit/invest,risk_averse_low_volatility,27,calibration,block,constant_a007,0.11949838962962965
0.01115794373333334,0.011157943733333339,0.01115794373333334,,inf,0.0,0.0,1.0,0.008833333333333334,0.10437133333333333,108,200,0,monthly_beme_op,monthly size/profit/invest,risk_averse_low_volatility,27,calibration,block,constant_a008,0.11949838962962965
0.008145119938492849,-0.05486143052400925,0.06608080257432049,0.169052,0.169052,3.8957634067280433,28.43145062085322,0.9639281166043699,0.008357185185185186,0.10816214814814815,108,2,1,monthly_beme_op,monthly size/profit/invest,risk_averse_low_volatility,27,calibration,block,constant_a009,0.11949838962962965
-0.01065683127917532,-0.08868951634496154,0.04975197011358234,0.10319800000000001,0.10319800000000001,6.914535899766539,31.921455718464053,0.9359765194466061,0.006952916666666668,0.1526792962962963,108,0,2,monthly_beme_op,monthly size/profit/invest,risk_averse_low_volatility,27,calibration,block,constant_a010,0.11949838962962965
-0.006863292805945834,-0.038799601203844236,0.016632841572487636,0.0489,0.048900000000000006,3.9141881591632557,31.04785636002755,0.9637575170447846,0.008470018518518517,0.11324855555555556,108,7,1,monthly_beme_op,monthly size/profit/invest,risk_averse_low_volatility,27,calibration,block,constant_a011,0.11949838962962965
0.03676519712292718,0.016804363377116924,0.059335068214610966,-0.015134000000000002,-0.015134000000000002,5.982613482685425,24.533677933014154,0.9446054307158757,0.007643851851851852,0.12476462962962963,108,0,2,monthly_beme_op,monthly size/profit/invest,risk_averse_low_volatility,27,calibration,block,constant_a012,0.11949838962962965
0.011547674036765012,-0.009372211925326529,0.027775436012748348,0.030739999999999996,0.030740000000000003,2.9757910372855227,21.49514902182814,0.9724463792843933,0.008225361111111112,0.10516055555555555,108,9,1,monthly_beme_op,monthly size/profit/invest,risk_averse_low_volatility,27,calibration,block,constant_a013,0.11949838962962965
0.048693366429929,0.0028690712419552505,0.1145742050243715,0.029157000000000002,0.029157000000000006,4.935470528849225,32.03155706668109,0.9543011988069516,0.01212915740740741,0.12042751851851852,108,3,1,monthly_beme_op,monthly size/profit/invest,risk_averse_low_volatility,27,calibration,block,constant_a014,0.11949838962962965
-0.022300139885133,-0.06343350875941221,0.011234955562251221,0.057664999999999994,0.057665,4.966782418014489,27.476581808702758,0.9540112739072732,0.004571592592592592,0.18182740740740738,108,1,1,monthly_beme_op,monthly size/profit/invest,risk_averse_low_volatility,27,calibration,block,constant_a015,0.11949838962962965
-0.014554212128020967,-0.10314235751580539,0.03881961655819667,0.08760300000000001,0.08760300000000003,3.9167580037845378,32.910122853035375,0.9637337221871802,0.005576574074074074,0.15014825925925926,108,4,1,monthly_beme_op,monthly size/profit/invest,risk_averse_low_volatility,27,calibration,block,constant_a016,0.11949838962962965
0.0013574908860623858,-0.0915103044394285,0.10913216743140759,0.09160299999999999,0.09160299999999999,4.414683217874243,48.7928588150318,0.9591233035382014,0.007114703703703705,0.1573044814814815,108,0,1,monthly_beme_op,monthly size/profit/invest,risk_averse_low_volatility,27,calibration,block,constant_a017,0.11949838962962965
-0.021340256726809753,-0.05340644130517991,0.008769044415371088,0.031110000000000002,0.031110000000000006,6.905283435644017,26.919168305559396,0.9360621904107036,0.002282416666666666,0.17135685185185184,108,0,2,monthly_beme_op,monthly size/profit/invest,risk_averse_low_volatility,27,calibration,block,constant_a018,0.11949838962962965
-0.0026422573966666746,-0.06615410293683967,0.0620603671238183,0.042271,0.04227100000000001,2.9113766084803627,43.387047720614866,0.9730428091807374,0.010592287037037039,0.19485992592592594,108,6,1,monthly_beme_op,monthly size/profit/invest,risk_averse_low_volatility,27,calibration,block,constant_a019,0.11949838962962965
0.013520001003600738,-0.18218866692933822,0.15899216127755253,0.154362,0.154362,5.873815457382586,34.715228931721704,0.9456128198390501,0.005733851851851852,0.16194114814814817,108,0,2,monthly_beme_op,monthly size/profit/invest,risk_averse_low_volatility,27,calibration,block,constant_a020,0.11949838962962965
0.05015899320826987,-0.008361757599778528,0.13361394470020463,-0.036126,-0.036126,2.9737765463441743,27.180145163005378,0.9724650319782947,0.004910851851851851,0.14231881481481481,108,8,1,monthly_beme_op,monthly size/profit/invest,risk_averse_low_volatility,27,calibration,block,constant_a021,0.11949838962962965
0.054719599144699246,-0.0034644089331934413,0.12552705589808355,0.015794,0.015794,3.9064249352434275,42.4101848532278,0.9638293987477461,0.0070512870370370365,0.17373688888888889,108,0,1,monthly_beme_op,monthly size/profit/invest,risk_averse_low_volatility,27,calibration,block,constant_a022,0.11949838962962965
0.024148706137351185,0.008599156059932021,0.04531713864714481,-0.007678000000000001,-0.007678,2.939594112227893,43.34493805922231,0.9727815359978899,0.01687215740740741,0.16973874074074072,108,6,1,monthly_beme_op,monthly size/profit/invest,risk_averse_low_volatility,27,calibration,block,constant_a023,0.11949838962962965
0.047099777391535896,0.011157943733333339,0.11898344470794153,-0.059548,inf,1.0,80.2172664089213,0.9907407407407407,0.020826731481481484,0.17694474074074074,108,79,0,monthly_beme_op,monthly size/profit/invest,risk_averse_low_volatility,27,calibration,block,constant_a024,0.11949838962962965
0.01421080617662521,-0.0033517505011529695,0.030892613836900267,0.013937959999999998,0.01393796,5.978426131435621,26.01099885352122,0.9446442024867072,0.008471041851851852,0.11949838962962965,108,0,2,monthly_beme_op,monthly size/profit/invest,risk_averse_low_volatility,27,calibration,block,constant_equal_weight_public,0.11949838962962965
0.03790825290427479,-0.035370134848637554,0.14161190223983344,0.042271,0.042271,3.632506266130707,50.62952735130021,0.966365682721012,0.010304194444444444,0.15110244444444446,108,5,1,monthly_beme_op,monthly size/profit/invest,risk_averse_low_volatility,27,calibration,block,momentum_12,0.11949838962962965
0.014029161585830603,0.009315514240890662,0.019746257757053246,-0.008067999999999999,inf,1.9877035886006578,21.162879717368394,0.9815953371425865,0.009455527777777776,0.09748044444444444,108,24,0,monthly_beme_op,monthly size/profit/invest,risk_averse_low_volatility,27,calibration,block,low_vol_12,0.11949838962962965
0.004762506283954009,-0.012162878127206648,0.014328481472704099,0.030886,0.030886000000000004,2.974779568694401,22.009951600220173,0.9724557447343111,0.009305453703703703,0.14096814814814815,108,5,1,monthly_beme_op,monthly size/profit/invest,risk_averse_low_volatility,27,calibration,block,risk_adjusted_12,0.11949838962962965
0.05045216761029979,0.01396365494774424,0.07603921040915256,-0.024533999999999997,-0.024533999999999993,3.899456380488297,25.669434220397108,0.9638939224028862,0.008204972222222225,0.11571496296296295,108,5,1,monthly_beme_op,monthly size/profit/invest,risk_averse_low_volatility,27,calibration,block,ridge_return_train_only,0.11949838962962965
0.011890536805253553,0.011157943733333339,0.013374037775891986,-0.013935999999999999,inf,1.0,35.864161203867994,0.9926470588235294,0.011030007352941176,0.15709526470588234,136,75,0,monthly_beme_op,monthly size/profit/invest,risk_averse_low_volatility,27,test,iid,constant_a000,0.11949838962962965
0.00277990920367609,-0.010223813468869898,0.011157943733333339,0.014686,inf,2.9960674066318487,27.389142166502875,0.9779700925982953,0.023444860294117645,0.12699891176470587,136,16,1,monthly_beme_op,monthly size/profit/invest,risk_averse_low_volatility,27,test,iid,constant_a001,0.11949838962962965
0.01203518145675463,-0.01892568917033626,0.044388984952802024,0.036126,0.036126,3.905764668563621,29.994940063588626,0.9712811421429145,0.013153823529411765,0.13322823529411765,136,6,1,monthly_beme_op,monthly size/profit/invest,risk_averse_low_volatility,27,test,iid,constant_a002,0.11949838962962965
0.18751628808808435,0.022732795475418947,0.40291746625209757,-0.004444,-0.004444,9.53461145828451,38.463893334665435,0.9298925628067315,0.015877375,0.11909723529411764,136,0,2,monthly_beme_op,monthly size/profit/invest,risk_averse_low_volatility,27,test,iid,constant_a003,0.11949838962962965
0.010892914689391015,-0.05021839126289079,0.06525972163448893,0.086494,0.086494,9.889746806871184,25.855775418575284,0.9272812734788883,0.012729867647058824,0.08378829411764706,136,0,2,monthly_beme_op,monthly size/profit/invest,risk_averse_low_volatility,27,test,iid,constant_a004,0.11949838962962965
0.08507673332829337,0.011157943733333339,0.18773536367641472,-0.027865999999999995,inf,2.9610932929768716,42.35936218882477,0.9782272551986995,0.010292911764705884,0.1313721176470588,136,12,1,monthly_beme_op,monthly size/profit/invest,risk_averse_low_volatility,27,test,iid,constant_a005,0.11949838962962965
0.007175956858731141,-0.09103688883280196,0.08030563541917227,0.073338,inf,2.9895329249007343,25.953955477422717,0.9780181402580829,0.007293139705882353,0.09094320588235294,136,15,1,monthly_beme_op,monthly size/profit/invest,risk_averse_low_volatility,27,test,iid,constant_a006,0.11949838962962965
0.0027294927211076753,-0.03619569972961486,0.03397525167770835,0.063878,0.063878,5.955854381736955,25.476226301129717,0.9562069530754636,0.011329838235294118,0.09501655882352941,136,0,2,monthly_beme_op,monthly size/profit/invest,risk_averse_low_volatility,27,test,iid,constant_a007,0.11949838962962965
0.015060477736106307,0.002960653980338667,0.02911227345365921,0.013767999999999999,inf,2.9852862306470698,19.514298706699133,0.9780493659511245,0.011474867647058825,0.08307823529411763,136,11,1,monthly_beme_op,monthly size/profit/invest,risk_averse_low_volatility,27,test,iid,constant_a008,0.11949838962962965
0.011287410474498778,-0.03701851705716801,0.08659746136823467,0.067574,0.067574,3.985748076424273,28.30909741309958,0.9706930288498216,0.010274257352941176,0.0984035294117647,136,5,1,monthly_beme_op,monthly size/profit/invest,risk_averse_low_volatility,27,test,iid,constant_a009,0.11949838962962965
0.001015311154865764,-0.02410141217863435,0.014260965860351612,0.044058,inf,2.9670193597996755,34.23702919332649,0.9781836811779435,0.009373007352941174,0.11470952941176471,136,14,1,monthly_beme_op,monthly size/profit/invest,risk_averse_low_volatility,27,test,iid,constant_a010,0.11949838962962965
0.0008769931393132479,-0.0209495097671723,0.019743619572956582,0.038591999999999994,0.038592,6.8758355618982385,25.719125777165804,0.9494423855742776,0.011024213235294116,0.1011819117647059,136,0,2,monthly_beme_op,monthly size/profit/invest,risk_averse_low_volatility,27,test,iid,constant_a011,0.11949838962962965
-0.020837318469347815,-0.09596622284256753,0.01877497536790103,0.192311,0.192311,4.966679546834269,22.917151669462964,0.9634802974497481,0.008815691176470589,0.10376441176470588,136,0,1,monthly_beme_op,monthly size/profit/invest,risk_averse_low_volatility,27,test,iid,constant_a012,0.11949838962962965
0.005515893904999218,-0.01786532198226341,0.033819665149257896,0.054431,0.054431,5.9470729475911535,25.907364509854418,0.9562715224441827,0.009981808823529413,0.11502073529411763,136,0,2,monthly_beme_op,monthly size/profit/invest,risk_averse_low_volatility,27,test,iid,constant_a013,0.11949838962962965
-0.00245672509658008,-0.04236753954340837,0.04041377900140291,0.054248000000000005,0.05424800000000001,3.8060719733444635,44.479283600575286,0.9720141766665849,0.005425272058823529,0.15093029411764705,136,4,1,monthly_beme_op,monthly size/profit/invest,risk_averse_low_volatility,27,test,iid,constant_a014,0.11949838962962965
0.01909088535580287,-0.024260459513923152,0.05627007626537699,0.054604,0.05460400000000001,7.880219308993072,26.0324668026813,0.9420572109632862,0.01077013970588235,0.10116476470588236,136,0,2,monthly_beme_op,monthly size/profit/invest,risk_averse_low_volatility,27,test,iid,constant_a015,0.11949838962962965
0.06055333459377782,-0.024137990418251234,0.1862037292203858,0.05791999999999999,0.057920000000000006,8.756464380625706,29.578154734277216,0.9356142324953992,0.008198404411764707,0.11871282352941175,136,0,2,monthly_beme_op,monthly size/profit/invest,risk_averse_low_volatility,27,test,iid,constant_a016,0.11949838962962965
-0.015156190346313714,-0.04712360563929397,0.007975646618266241,0.041469,0.041469,4.901565208325424,32.73319823856905,0.9639590793505484,0.010214404411764706,0.12240526470588234,136,0,1,monthly_beme_op,monthly size/profit/invest,risk_averse_low_volatility,27,test,iid,constant_a017,0.11949838962962965
0.038305108825700054,-0.035530509059415245,0.11724383504819821,0.087579,0.08757899999999999,4.636953476318327,39.716140310987996,0.9659047538506005,0.01078397794117647,0.1249915882352941,136,2,1,monthly_beme_op,monthly size/profit/invest,risk_averse_low_volatility,27,test,iid,constant_a018,0.11949838962962965
0.023451600739865124,0.011157943733333339,0.039206409745589546,-0.016040000000000002,-0.016040000000000002,2.7480284096303658,43.552384761997075,0.9797939087527179,0.004148029411764705,0.16689767647058826,136,9,1,monthly_beme_op,monthly size/profit/invest,risk_averse_low_volatility,27,test,iid,constant_a019,0.11949838962962965
-0.010037533642707677,-0.0753382533622522,0.06889661564522849,0.10425000000000001,0.10425000000000002,5.755461154909567,38.264299103049595,0.9576804326844884,0.01308618382352941,0.1459555588235294,136,0,2,monthly_beme_op,monthly size/profit/invest,risk_averse_low_volatility,27,test,iid,constant_a020,0.11949838962962965
0.019902678815372152,-0.012800562937675262,0.06758395418818514,-0.052262,-0.052262,2.8521052813224754,41.46238269579044,0.9790286376373347,0.011047073529411767,0.14904241176470587,136,9,1,monthly_beme_op,monthly size/profit/invest,risk_averse_low_volatility,27,test,iid,constant_a021,0.11949838962962965
0.01828823961301936,-0.013608233238353513,0.05083465436369433,0.029628,0.029628000000000005,5.904093295223217,29.74887292215274,0.9565875492998293,0.01314758823529412,0.13828129411764706,136,0,2,monthly_beme_op,monthly size/profit/invest,risk_averse_low_volatility,27,test,iid,constant_a022,0.11949838962962965
-0.010764006124557184,-0.13063788915370397,0.06594717141529866,0.119924,0.119924,10.242428736217686,41.55514582090312,0.9246880239983993,0.014868257352941176,0.13557679411764706,136,0,3,monthly_beme_op,monthly size/profit/invest,risk_averse_low_volatility,27,test,iid,constant_a023,0.11949838962962965
-0.06046901506131174,-0.20214332944843172,0.013192237875397006,0.038698,0.038698,1.774172567730595,188.2353307575663,0.9869546134725692,0.004658558823529411,0.22838226470588233,136,7,0,monthly_beme_op,monthly size/profit/invest,risk_averse_low_volatility,27,test,iid,constant_a024,0.11949838962962965
-0.018255173289819248,-0.07031567356835568,0.016864081461144268,0.102193,0.102193,4.975245272944795,25.503770863295316,0.9634173141695236,0.010897742352941178,0.10712653647058824,136,0,1,monthly_beme_op,monthly size/profit/invest,risk_averse_low_volatility,27,test,iid,constant_equal_weight_public,0.11949838962962965
-0.00571709797824736,-0.1915276301228836,0.10602979572308466,0.038698,0.038698,2.3402105804077933,188.2353307575663,0.9827925692617074,0.016952595588235295,0.14063335294117646,136,2,1,monthly_beme_op,monthly size/profit/invest,risk_averse_low_volatility,27,test,iid,momentum_12,0.11949838962962965
0.02148527716429648,0.00025617822932295215,0.05272115448330149,0.013768000000000002,0.013768,5.992511689910262,18.570037062018596,0.9559374140447775,0.00962212588235294,0.0925010588235294,136,0,2,monthly_beme_op,monthly size/profit/invest,risk_averse_low_volatility,27,test,iid,low_vol_12,0.11949838962962965
0.032167991750417894,0.003378289424710505,0.07447972918430176,0.05791999999999999,0.057920000000000006,5.885460378497429,26.426027128138294,0.95672455604046,0.018501286764705884,0.10194055882352941,136,1,2,monthly_beme_op,monthly size/profit/invest,risk_averse_low_volatility,27,test,iid,risk_adjusted_12,0.11949838962962965
0.01643000933164976,-0.08110796227760798,0.0900238418921183,0.073338,0.073338,3.9864887271236027,25.953955477422717,0.9706875828887971,0.007676852941176472,0.09094320588235294,136,2,1,monthly_beme_op,monthly size/profit/invest,risk_averse_low_volatility,27,test,iid,ridge_return_train_only,0.11949838962962965
0.011890536805253553,0.011157943733333339,0.013355722949093977,-0.013935999999999999,inf,1.0,35.864161203867994,0.9926470588235294,0.011030007352941176,0.15709526470588234,136,69,0,monthly_beme_op,monthly size/profit/invest,risk_averse_low_volatility,27,test,block,constant_a000,0.11949838962962965
0.00277990920367609,-0.010204714096708098,0.011157943733333339,0.014686,0.014686000000000001,2.9960674066318487,27.389142166502875,0.9779700925982953,0.023444860294117645,0.12699891176470587,136,8,1,monthly_beme_op,monthly size/profit/invest,risk_averse_low_volatility,27,test,block,constant_a001,0.11949838962962965
0.01203518145675463,-0.019415539429029724,0.043602270828268175,0.036126,0.036126,3.905764668563621,29.994940063588626,0.9712811421429145,0.013153823529411765,0.13322823529411765,136,3,1,monthly_beme_op,monthly size/profit/invest,risk_averse_low_volatility,27,test,block,constant_a002,0.11949838962962965
0.18751628808808435,0.023013698677694122,0.3841016266758726,-0.004444,-0.004444,9.53461145828451,38.463893334665435,0.9298925628067315,0.015877375,0.11909723529411764,136,0,2,monthly_beme_op,monthly size/profit/invest,risk_averse_low_volatility,27,test,block,constant_a003,0.11949838962962965
0.010892914689391015,-0.045630828608824434,0.06475700095621052,0.086494,0.086494,9.889746806871184,25.855775418575284,0.9272812734788883,0.012729867647058824,0.08378829411764706,136,0,2,monthly_beme_op,monthly size/profit/invest,risk_averse_low_volatility,27,test,block,constant_a004,0.11949838962962965
0.08507673332829337,0.011157943733333339,0.16238792554368953,-0.027865999999999995,-0.027865999999999995,2.9610932929768716,42.35936218882477,0.9782272551986995,0.010292911764705884,0.1313721176470588,136,9,1,monthly_beme_op,monthly size/profit/invest,risk_averse_low_volatility,27,test,block,constant_a005,0.11949838962962965
0.007175956858731141,-0.07196313993023379,0.0703323564934382,0.073338,0.073338,2.9895329249007343,25.953955477422717,0.9780181402580829,0.007293139705882353,0.09094320588235294,136,7,1,monthly_beme_op,monthly size/profit/invest,risk_averse_low_volatility,27,test,block,constant_a006,0.11949838962962965
0.0027294927211076753,-0.041572922626240426,0.038837379959335075,0.063878,0.063878,5.955854381736955,25.476226301129717,0.9562069530754636,0.011329838235294118,0.09501655882352941,136,1,2,monthly_beme_op,monthly size/profit/invest,risk_averse_low_volatility,27,test,block,constant_a007,0.11949838962962965
0.015060477736106307,0.004810482813037936,0.03206890329909916,0.013767999999999999,0.013768000000000002,2.9852862306470698,19.514298706699133,0.9780493659511245,0.011474867647058825,0.08307823529411763,136,8,1,monthly_beme_op,monthly size/profit/invest,risk_averse_low_volatility,27,test,block,constant_a008,0.11949838962962965
0.011287410474498778,-0.033622477218714635,0.07818995736340628,0.067574,0.067574,3.985748076424273,28.30909741309958,0.9706930288498216,0.010274257352941176,0.0984035294117647,136,4,1,monthly_beme_op,monthly size/profit/invest,risk_averse_low_volatility,27,test,block,constant_a009,0.11949838962962965
0.001015311154865764,-0.02378032944389426,0.015666494393529046,0.044058,inf,2.9670193597996755,34.23702919332649,0.9781836811779435,0.009373007352941174,0.11470952941176471,136,10,1,monthly_beme_op,monthly size/profit/invest,risk_averse_low_volatility,27,test,block,constant_a010,0.11949838962962965
0.0008769931393132479,-0.016112013781991237,0.020502281230319937,0.038591999999999994,0.038592,6.8758355618982385,25.719125777165804,0.9494423855742776,0.011024213235294116,0.1011819117647059,136,0,2,monthly_beme_op,monthly size/profit/invest,risk_averse_low_volatility,27,test,block,constant_a011,0.11949838962962965
-0.020837318469347815,-0.09067226945626194,0.017177884781658603,0.192311,0.19231100000000004,4.966679546834269,22.917151669462964,0.9634802974497481,0.008815691176470589,0.10376441176470588,136,2,1,monthly_beme_op,monthly size/profit/invest,risk_averse_low_volatility,27,test,block,constant_a012,0.11949838962962965
0.005515893904999218,-0.024253481651133744,0.03207753078956811,0.054431,0.05443100000000001,5.9470729475911535,25.907364509854418,0.9562715224441827,0.009981808823529413,0.11502073529411763,136,0,2,monthly_beme_op,monthly size/profit/invest,risk_averse_low_volatility,27,test,block,constant_a013,0.11949838962962965
-0.00245672509658008,-0.05262238233452966,0.04268482782014076,0.054248000000000005,0.05424800000000001,3.8060719733444635,44.479283600575286,0.9720141766665849,0.005425272058823529,0.15093029411764705,136,3,1,monthly_beme_op,monthly size/profit/invest,risk_averse_low_volatility,27,test,block,constant_a014,0.11949838962962965
0.01909088535580287,-0.026208434947694027,0.06331581661579702,0.054604,0.05460400000000001,7.880219308993072,26.0324668026813,0.9420572109632862,0.01077013970588235,0.10116476470588236,136,0,2,monthly_beme_op,monthly size/profit/invest,risk_averse_low_volatility,27,test,block,constant_a015,0.11949838962962965
0.06055333459377782,-0.032914527565620195,0.22239458057048428,0.05791999999999999,0.057920000000000006,8.756464380625706,29.578154734277216,0.9356142324953992,0.008198404411764707,0.11871282352941175,136,0,2,monthly_beme_op,monthly size/profit/invest,risk_averse_low_volatility,27,test,block,constant_a016,0.11949838962962965
-0.015156190346313714,-0.04706925852256154,0.006945491122053288,0.041469,0.041469,4.901565208325424,32.73319823856905,0.9639590793505484,0.010214404411764706,0.12240526470588234,136,0,1,monthly_beme_op,monthly size/profit/invest,risk_averse_low_volatility,27,test,block,constant_a017,0.11949838962962965
0.038305108825700054,-0.022229853715434417,0.09466205564181197,0.087579,0.08757899999999999,4.636953476318327,39.716140310987996,0.9659047538506005,0.01078397794117647,0.1249915882352941,136,0,1,monthly_beme_op,monthly size/profit/invest,risk_averse_low_volatility,27,test,block,constant_a018,0.11949838962962965
0.023451600739865124,0.012143359037088056,0.0367306730501517,-0.016040000000000002,-0.016040000000000002,2.7480284096303658,43.552384761997075,0.9797939087527179,0.004148029411764705,0.16689767647058826,136,3,1,monthly_beme_op,monthly size/profit/invest,risk_averse_low_volatility,27,test,block,constant_a019,0.11949838962962965
-0.010037533642707677,-0.06615999507012399,0.060205577075049296,0.10425000000000001,0.10425000000000002,5.755461154909567,38.264299103049595,0.9576804326844884,0.01308618382352941,0.1459555588235294,136,0,2,monthly_beme_op,monthly size/profit/invest,risk_averse_low_volatility,27,test,block,constant_a020,0.11949838962962965
0.019902678815372152,-0.01503108902676658,0.07036851808396132,-0.052262,inf,2.8521052813224754,41.46238269579044,0.9790286376373347,0.011047073529411767,0.14904241176470587,136,26,1,monthly_beme_op,monthly size/profit/invest,risk_averse_low_volatility,27,test,block,constant_a021,0.11949838962962965
0.01828823961301936,-0.01645069260392787,0.056914535279091655,0.029628,0.029628,5.904093295223217,29.74887292215274,0.9565875492998293,0.01314758823529412,0.13828129411764706,136,0,2,monthly_beme_op,monthly size/profit/invest,risk_averse_low_volatility,27,test,block,constant_a022,0.11949838962962965
-0.010764006124557184,-0.09320219630888298,0.061297030996955125,0.119924,0.11992400000000002,10.242428736217686,41.55514582090312,0.9246880239983993,0.014868257352941176,0.13557679411764706,136,0,3,monthly_beme_op,monthly size/profit/invest,risk_averse_low_volatility,27,test,block,constant_a023,0.11949838962962965
-0.06046901506131174,-0.19976867127325246,0.013192237875397006,0.038698,0.038698,1.774172567730595,188.2353307575663,0.9869546134725692,0.004658558823529411,0.22838226470588233,136,6,0,monthly_beme_op,monthly size/profit/invest,risk_averse_low_volatility,27,test,block,constant_a024,0.11949838962962965
-0.018255173289819248,-0.07585871341191573,0.016426186856479723,0.102193,0.10219300000000002,4.975245272944795,25.503770863295316,0.9634173141695236,0.010897742352941178,0.10712653647058824,136,0,1,monthly_beme_op,monthly size/profit/invest,risk_averse_low_volatility,27,test,block,constant_equal_weight_public,0.11949838962962965
-0.00571709797824736,-0.1755968583893397,0.1285275721018048,0.038698,0.038698,2.3402105804077933,188.2353307575663,0.9827925692617074,0.016952595588235295,0.14063335294117646,136,4,1,monthly_beme_op,monthly size/profit/invest,risk_averse_low_volatility,27,test,block,momentum_12,0.11949838962962965
0.02148527716429648,-0.0031536510672166666,0.059509074633646505,0.013768000000000002,0.013768000000000002,5.992511689910262,18.570037062018596,0.9559374140447775,0.00962212588235294,0.0925010588235294,136,2,2,monthly_beme_op,monthly size/profit/invest,risk_averse_low_volatility,27,test,block,low_vol_12,0.11949838962962965
0.032167991750417894,-0.0034513299025674864,0.08022394291747377,0.05791999999999999,0.057920000000000006,5.885460378497429,26.426027128138294,0.95672455604046,0.018501286764705884,0.10194055882352941,136,2,2,monthly_beme_op,monthly size/profit/invest,risk_averse_low_volatility,27,test,block,risk_adjusted_12,0.11949838962962965
0.01643000933164976,-0.06303759645101872,0.08264724926519629,0.073338,0.073338,3.9864887271236027,25.953955477422717,0.9706875828887971,0.007676852941176472,0.09094320588235294,136,4,1,monthly_beme_op,monthly size/profit/invest,risk_averse_low_volatility,27,test,block,ridge_return_train_only,0.11949838962962965
0.09063481846793335,0.06391003613530986,0.11312446337817861,0.11415,0.11415,11.000000000000002,1.0196078431372548,0.8981481481481481,0.009011361111111112,0.15419533333333332,108,0,3,monthly_beme_op,monthly size/profit/invest,return_seeking_recent_winner,7,calibration,iid,constant_a000,0.11949838962962965
0.010372097964980244,0.006985244733801343,0.012661280476155907,0.10742000000000002,0.10742000000000002,7.000000000000002,1.0196078431372548,0.9351851851851851,0.005691944444444445,0.1491787037037037,108,0,2,monthly_beme_op,monthly size/profit/invest,return_seeking_recent_winner,7,calibration,iid,constant_a001,0.11949838962962965
0.010533511579117251,0.006871256155006863,0.012846721236181724,0.15948799999999996,0.159488,4.0,1.0196078431372548,0.962962962962963,0.009587805555555553,0.13425677777777775,108,1,1,monthly_beme_op,monthly size/profit/invest,return_seeking_recent_winner,7,calibration,iid,constant_a002,0.11949838962962965
0.012591142222222237,0.01259114222222223,0.012591142222222233,,inf,0.0,0.0,1.0,0.007711083333333333,0.09189985185185184,108,200,0,monthly_beme_op,monthly size/profit/invest,return_seeking_recent_winner,7,calibration,iid,constant_a003,0.11949838962962965
0.01259378703461633,0.010914355188090061,0.014196437904139447,0.05670099999999999,0.056701,6.000000000000002,1.0196078431372548,0.9444444444444444,0.008999,0.09132614814814814,108,0,2,monthly_beme_op,monthly size/profit/invest,return_seeking_recent_winner,7,calibration,iid,constant_a004,0.11949838962962965
0.01229436622609539,0.011791893788428962,0.012591142222222232,0.00515,0.00515,3.0000000000000004,1.0196078431372548,0.9722222222222222,0.007037601851851851,0.14897285185185186,108,9,1,monthly_beme_op,monthly size/profit/invest,return_seeking_recent_winner,7,calibration,iid,constant_a005,0.11949838962962965
0.013170031330589861,0.012591142222222232,0.014053677992415085,-0.041628,inf,2.0,1.0196078431372548,0.9814814814814815,0.008633907407407406,0.12433974074074074,108,30,1,monthly_beme_op,monthly size/profit/invest,return_seeking_recent_winner,7,calibration,iid,constant_a006,0.11949838962962965
0.012591142222222237,0.01259114222222223,0.012591142222222233,,inf,0.0,0.0,1.0,0.008959064814814816,0.10838277777777777,108,200,0,monthly_beme_op,monthly size/profit/invest,return_seeking_recent_winner,7,calibration,iid,constant_a007,0.11949838962962965
0.012591142222222237,0.01259114222222223,0.012591142222222233,,inf,0.0,0.0,1.0,0.008833333333333334,0.10437133333333333,108,200,0,monthly_beme_op,monthly size/profit/invest,return_seeking_recent_winner,7,calibration,iid,constant_a008,0.11949838962962965
0.011897683472928277,0.010590848982812885,0.012591142222222233,0.05216199999999999,inf,2.0,1.0196078431372548,0.9814814814814815,0.008357185185185186,0.10816214814814815,108,30,1,monthly_beme_op,monthly size/profit/invest,return_seeking_recent_winner,7,calibration,iid,constant_a009,0.11949838962962965
0.012591142222222237,0.01259114222222223,0.012591142222222233,,inf,0.0,0.0,1.0,0.006952916666666668,0.1526792962962963,108,200,0,monthly_beme_op,monthly size/profit/invest,return_seeking_recent_winner,7,calibration,iid,constant_a010,0.11949838962962965
0.012943151046558556,0.012591142222222232,0.013655968915839601,-0.04987700000000001,inf,1.0,1.0196078431372548,0.9907407407407407,0.008470018518518517,0.11324855555555556,108,70,0,monthly_beme_op,monthly size/profit/invest,return_seeking_recent_winner,7,calibration,iid,constant_a011,0.11949838962962965
0.012591142222222237,0.01259114222222223,0.012591142222222233,,inf,0.0,0.0,1.0,0.007643851851851852,0.12476462962962963,108,200,0,monthly_beme_op,monthly size/profit/invest,return_seeking_recent_winner,7,calibration,iid,constant_a012,0.11949838962962965
0.012591142222222237,0.01259114222222223,0.012591142222222233,,inf,0.0,0.0,1.0,0.008225361111111112,0.10516055555555555,108,200,0,monthly_beme_op,monthly size/profit/invest,return_seeking_recent_winner,7,calibration,iid,constant_a013,0.11949838962962965
0.02586473815069695,0.0170703045160725,0.03364583183832518,-0.006456,inf,1.0,1.0196078431372548,0.9907407407407407,0.01212915740740741,0.12042751851851852,108,78,0,monthly_beme_op,monthly size/profit/invest,return_seeking_recent_winner,7,calibration,iid,constant_a014,0.11949838962962965
0.012591142222222237,0.01259114222222223,0.012591142222222233,,inf,0.0,0.0,1.0,0.004571592592592592,0.18182740740740738,108,200,0,monthly_beme_op,monthly size/profit/invest,return_seeking_recent_winner,7,calibration,iid,constant_a015,0.11949838962962965
0.012591142222222237,0.01259114222222223,0.012591142222222233,,inf,0.0,0.0,1.0,0.005576574074074074,0.15014825925925926,108,200,0,monthly_beme_op,monthly size/profit/invest,return_seeking_recent_winner,7,calibration,iid,constant_a016,0.11949838962962965
0.40177853457596985,0.012591142222222233,1.566015322247639,-0.04361838076622366,-0.008067999999999999,1.0062818761230268,1299.9999999999998,0.990682575221083,0.007114703703703705,0.1573044814814815,108,4,0,monthly_beme_op,monthly size/profit/invest,return_seeking_recent_winner,7,calibration,iid,constant_a017,0.11949838962962965
0.017253077456628747,0.01235430595013315,0.026813784197530815,-0.012847758620689658,inf,1.001568626486043,1299.9999999999998,0.9907262164214256,0.002282416666666666,0.17135685185185184,108,26,0,monthly_beme_op,monthly size/profit/invest,return_seeking_recent_winner,7,calibration,iid,constant_a018,0.11949838962962965
0.014846043180711898,0.008055167609796852,0.021798300740966198,0.066469,0.066469,4.0,1.0196078431372548,0.962962962962963,0.010592287037037039,0.19485992592592594,108,3,1,monthly_beme_op,monthly size/profit/invest,return_seeking_recent_winner,7,calibration,iid,constant_a019,0.11949838962962965
0.012591142222222237,0.01259114222222223,0.012591142222222233,,inf,0.0,0.0,1.0,0.005733851851851852,0.16194114814814817,108,200,0,monthly_beme_op,monthly size/profit/invest,return_seeking_recent_winner,7,calibration,iid,constant_a020,0.11949838962962965
1.4622264055279113,0.006554038023411106,4.360320463605348,-0.014839999999999999,inf,1.0,1299.9999999999998,0.9907407407407407,0.004910851851851851,0.14231881481481481,108,75,0,monthly_beme_op,monthly size/profit/invest,return_seeking_recent_winner,7,calibration,iid,constant_a021,0.11949838962962965
0.006050549931480199,-0.0031688644342507894,0.013726051097449494,0.034992,0.034992,4.0,1.0196078431372548,0.962962962962963,0.0070512870370370365,0.17373688888888889,108,5,1,monthly_beme_op,monthly size/profit/invest,return_seeking_recent_winner,7,calibration,iid,constant_a022,0.11949838962962965
0.012077951692540364,0.0029498093318923273,0.022299525286718573,0.2125990952380952,0.214655,20.999999999999993,1.0196078431372548,0.8055555555555556,0.01687215740740741,0.16973874074074072,108,0,3,monthly_beme_op,monthly size/profit/invest,return_seeking_recent_winner,7,calibration,iid,constant_a023,0.11949838962962965
0.01573997004102088,0.006869623759774062,0.02707465212756205,0.11106341176470588,0.11171400000000002,33.999999999999964,1.0196078431372548,0.6851851851851856,0.020826731481481484,0.17694474074074074,108,0,3,monthly_beme_op,monthly size/profit/invest,return_seeking_recent_winner,7,calibration,iid,constant_a024,0.11949838962962965
0.012591142222222237,0.01259114222222223,0.012591142222222233,,inf,0.0,0.0,1.0,0.008471041851851852,0.11949838962962965,108,200,0,monthly_beme_op,monthly size/profit/invest,return_seeking_recent_winner,7,calibration,iid,constant_equal_weight_public,0.11949838962962965
0.009551329972672174,-0.005531586593662987,0.023259051405954655,0.15224357142857142,0.19081695238095236,104.99999999999937,1.0196078431372548,0.027777777777783563,0.010304194444444444,0.15110244444444446,108,0,4,monthly_beme_op,monthly size/profit/invest,return_seeking_recent_winner,7,calibration,iid,momentum_12,0.11949838962962965
0.013718526432663612,0.012221776886306794,0.01591440533188091,0.021918000000000003,0.021918000000000003,7.000000000000002,1.0196078431372548,0.9351851851851851,0.009455527777777776,0.09748044444444444,108,0,2,monthly_beme_op,monthly size/profit/invest,return_seeking_recent_winner,7,calibration,iid,low_vol_12,0.11949838962962965
0.4011036187412695,0.004062765314364398,1.5586145551974024,-0.011000522365428405,0.21164286046511627,1.0701815683266396,1299.9999999999998,0.990090911404383,0.009305453703703703,0.14096814814814815,108,0,0,monthly_beme_op,monthly size/profit/invest,return_seeking_recent_winner,7,calibration,iid,risk_adjusted_12,0.11949838962962965
0.13199434331867585,0.11428263080788374,0.14672127609376298,0.07615,0.07615,10.000000000000002,1.0196078431372548,0.9074074074074074,0.008111574074074077,0.16984225925925925,108,0,3,monthly_beme_op,monthly size/profit/invest,return_seeking_recent_winner,7,calibration,iid,ridge_return_train_only,0.11949838962962965
0.09063481846793335,0.054339282212937226,0.12838715559916636,0.11415,0.11415,11.000000000000002,1.0196078431372548,0.8981481481481481,0.009011361111111112,0.15419533333333332,108,0,3,monthly_beme_op,monthly size/profit/invest,return_seeking_recent_winner,7,calibration,block,constant_a000,0.11949838962962965
0.010372097964980244,0.005638163487775362,0.0134803168967159,0.10742000000000002,0.10742000000000002,7.000000000000002,1.0196078431372548,0.9351851851851851,0.005691944444444445,0.1491787037037037,108,5,2,monthly_beme_op,monthly size/profit/invest,return_seeking_recent_winner,7,calibration,block,constant_a001,0.11949838962962965
0.010533511579117251,0.0069171582109255276,0.012591142222222232,0.15948799999999996,inf,4.0,1.0196078431372548,0.962962962962963,0.009587805555555553,0.13425677777777775,108,10,1,monthly_beme_op,monthly size/profit/invest,return_seeking_recent_winner,7,calibration,block,constant_a002,0.11949838962962965
0.012591142222222237,0.01259114222222223,0.012591142222222233,,inf,0.0,0.0,1.0,0.007711083333333333,0.09189985185185184,108,200,0,monthly_beme_op,monthly size/profit/invest,return_seeking_recent_winner,7,calibration,block,constant_a003,0.11949838962962965
0.01259378703461633,0.011326237106350365,0.01438258416880498,0.05670099999999999,inf,6.000000000000002,1.0196078431372548,0.9444444444444444,0.008999,0.09132614814814814,108,10,2,monthly_beme_op,monthly size/profit/invest,return_seeking_recent_winner,7,calibration,block,constant_a004,0.11949838962962965
0.01229436622609539,0.01169282055031067,0.012591142222222233,0.00515,inf,3.0000000000000004,1.0196078431372548,0.9722222222222222,0.007037601851851851,0.14897285185185186,108,25,1,monthly_beme_op,monthly size/profit/invest,return_seeking_recent_winner,7,calibration,block,constant_a005,0.11949838962962965
0.013170031330589861,0.012591142222222232,0.014327809547325114,-0.041628,inf,2.0,1.0196078431372548,0.9814814814814815,0.008633907407407406,0.12433974074074074,108,44,1,monthly_beme_op,monthly size/profit/invest,return_seeking_recent_winner,7,calibration,block,constant_a006,0.11949838962962965
0.012591142222222237,0.01259114222222223,0.012591142222222233,,inf,0.0,0.0,1.0,0.008959064814814816,0.10838277777777777,108,200,0,monthly_beme_op,monthly size/profit/invest,return_seeking_recent_winner,7,calibration,block,constant_a007,0.11949838962962965
0.012591142222222237,0.01259114222222223,0.012591142222222233,,inf,0.0,0.0,1.0,0.008833333333333334,0.10437133333333333,108,200,0,monthly_beme_op,monthly size/profit/invest,return_seeking_recent_winner,7,calibration,block,constant_a008,0.11949838962962965
0.011897683472928277,0.010508712563866707,0.012591142222222233,0.05216199999999999,inf,2.0,1.0196078431372548,0.9814814814814815,0.008357185185185186,0.10816214814814815,108,53,1,monthly_beme_op,monthly size/profit/invest,return_seeking_recent_winner,7,calibration,block,constant_a009,0.11949838962962965
0.012591142222222237,0.01259114222222223,0.012591142222222233,,inf,0.0,0.0,1.0,0.006952916666666668,0.1526792962962963,108,200,0,monthly_beme_op,monthly size/profit/invest,return_seeking_recent_winner,7,calibration,block,constant_a010,0.11949838962962965
0.012943151046558556,0.01259114222222223,0.01364716869523119,-0.04987700000000001,inf,1.0,1.0196078431372548,0.9907407407407407,0.008470018518518517,0.11324855555555556,108,62,0,monthly_beme_op,monthly size/profit/invest,return_seeking_recent_winner,7,calibration,block,constant_a011,0.11949838962962965
0.012591142222222237,0.01259114222222223,0.012591142222222233,,inf,0.0,0.0,1.0,0.007643851851851852,0.12476462962962963,108,200,0,monthly_beme_op,monthly size/profit/invest,return_seeking_recent_winner,7,calibration,block,constant_a012,0.11949838962962965
0.012591142222222237,0.01259114222222223,0.012591142222222233,,inf,0.0,0.0,1.0,0.008225361111111112,0.10516055555555555,108,200,0,monthly_beme_op,monthly size/profit/invest,return_seeking_recent_winner,7,calibration,block,constant_a013,0.11949838962962965
0.02586473815069695,0.013645801014554879,0.03889755809286385,-0.006456,inf,1.0,1.0196078431372548,0.9907407407407407,0.01212915740740741,0.12042751851851852,108,78,0,monthly_beme_op,monthly size/profit/invest,return_seeking_recent_winner,7,calibration,block,constant_a014,0.11949838962962965
0.012591142222222237,0.01259114222222223,0.012591142222222233,,inf,0.0,0.0,1.0,0.004571592592592592,0.18182740740740738,108,200,0,monthly_beme_op,monthly size/profit/invest,return_seeking_recent_winner,7,calibration,block,constant_a015,0.11949838962962965
0.012591142222222237,0.01259114222222223,0.012591142222222233,,inf,0.0,0.0,1.0,0.005576574074074074,0.15014825925925926,108,200,0,monthly_beme_op,monthly size/profit/invest,return_seeking_recent_winner,7,calibration,block,constant_a016,0.11949838962962965
0.40177853457596985,0.012591142222222232,1.5664609346867577,-0.04361838076622366,-0.008067999999999999,1.0062818761230268,1299.9999999999998,0.990682575221083,0.007114703703703705,0.1573044814814815,108,5,0,monthly_beme_op,monthly size/profit/invest,return_seeking_recent_winner,7,calibration,block,constant_a017,0.11949838962962965
0.017253077456628747,0.01235430595013315,0.026813784197530822,-0.012847758620689658,inf,1.001568626486043,1299.9999999999998,0.9907262164214256,0.002282416666666666,0.17135685185185184,108,26,0,monthly_beme_op,monthly size/profit/invest,return_seeking_recent_winner,7,calibration,block,constant_a018,0.11949838962962965
0.014846043180711898,0.00736512194344318,0.022140822057276337,0.066469,inf,4.0,1.0196078431372548,0.962962962962963,0.010592287037037039,0.19485992592592594,108,13,1,monthly_beme_op,monthly size/profit/invest,return_seeking_recent_winner,7,calibration,block,constant_a019,0.11949838962962965
0.012591142222222237,0.01259114222222223,0.012591142222222233,,inf,0.0,0.0,1.0,0.005733851851851852,0.16194114814814817,108,200,0,monthly_beme_op,monthly size/profit/invest,return_seeking_recent_winner,7,calibration,block,constant_a020,0.11949838962962965
1.4622264055279113,0.006687604878360457,4.349824657124764,-0.014839999999999999,inf,1.0,1299.9999999999998,0.9907407407407407,0.004910851851851851,0.14231881481481481,108,66,0,monthly_beme_op,monthly size/profit/invest,return_seeking_recent_winner,7,calibration,block,constant_a021,0.11949838962962965
0.006050549931480199,-0.005285100906281115,0.017656718514717815,0.034992,inf,4.0,1.0196078431372548,0.962962962962963,0.0070512870370370365,0.17373688888888889,108,11,1,monthly_beme_op,monthly size/profit/invest,return_seeking_recent_winner,7,calibration,block,constant_a022,0.11949838962962965
0.012077951692540364,-0.0011451703160549925,0.023022781384663387,0.2125990952380952,0.21465499999999998,20.999999999999993,1.0196078431372548,0.8055555555555556,0.01687215740740741,0.16973874074074072,108,0,3,monthly_beme_op,monthly size/profit/invest,return_seeking_recent_winner,7,calibration,block,constant_a023,0.11949838962962965
0.01573997004102088,0.007348380003407974,0.023924310955347562,0.11106341176470588,0.11171400000000001,33.999999999999964,1.0196078431372548,0.6851851851851856,0.020826731481481484,0.17694474074074074,108,0,3,monthly_beme_op,monthly size/profit/invest,return_seeking_recent_winner,7,calibration,block,constant_a024,0.11949838962962965
0.012591142222222237,0.01259114222222223,0.012591142222222233,,inf,0.0,0.0,1.0,0.008471041851851852,0.11949838962962965,108,200,0,monthly_beme_op,monthly size/profit/invest,return_seeking_recent_winner,7,calibration,block,constant_equal_weight_public,0.11949838962962965
0.009551329972672174,-0.006790057586838974,0.023234644072316856,0.15224357142857142,0.19103937037037036,104.99999999999937,1.0196078431372548,0.027777777777783563,0.010304194444444444,0.15110244444444446,108,0,4,monthly_beme_op,monthly size/profit/invest,return_seeking_recent_winner,7,calibration,block,momentum_12,0.11949838962962965
0.013718526432663612,0.012264056280803686,0.015862587117889144,0.021918000000000003,0.021918000000000003,7.000000000000002,1.0196078431372548,0.9351851851851851,0.009455527777777776,0.09748044444444444,108,2,2,monthly_beme_op,monthly size/profit/invest,return_seeking_recent_winner,7,calibration,block,low_vol_12,0.11949838962962965
0.4011036187412695,0.004449524416644562,1.5650383917051265,-0.011000522365428405,0.21073009090909092,1.0701815683266396,1299.9999999999998,0.990090911404383,0.009305453703703703,0.14096814814814815,108,0,0,monthly_beme_op,monthly size/profit/invest,return_seeking_recent_winner,7,calibration,block,risk_adjusted_12,0.11949838962962965
0.13199434331867585,0.10633122339333372,0.16352448269348108,0.07615,0.07615,10.000000000000002,1.0196078431372548,0.9074074074074074,0.008111574074074077,0.16984225925925925,108,0,3,monthly_beme_op,monthly size/profit/invest,return_seeking_recent_winner,7,calibration,block,ridge_return_train_only,0.11949838962962965
-0.06844249597056977,-0.09899564980087197,-0.041555285983963935,0.090065,0.090065,9.000000000000002,1.0196078431372548,0.9338235294117647,0.011030007352941176,0.15709526470588234,136,0,2,monthly_beme_op,monthly size/profit/invest,return_seeking_recent_winner,7,test,iid,constant_a000,0.11949838962962965
0.019184785705497816,0.010328716738369862,0.028927007893630667,0.12372166666666667,0.162361,44.99999999999988,1.0196078431372548,0.6691176470588245,0.023444860294117645,0.12699891176470587,136,0,3,monthly_beme_op,monthly size/profit/invest,return_seeking_recent_winner,7,test,iid,constant_a001,0.11949838962962965
0.010641171211072678,0.0054943786041906995,0.015750654182814308,0.193966,0.19396600000000003,15.000000000000002,1.0196078431372548,0.8897058823529411,0.013153823529411765,0.13322823529411765,136,0,3,monthly_beme_op,monthly size/profit/invest,return_seeking_recent_winner,7,test,iid,constant_a002,0.11949838962962965
0.01405563435601693,0.012349992063949771,0.016608815234204804,0.049852,0.049852,9.000000000000002,1.0196078431372548,0.9338235294117647,0.015877375,0.11909723529411764,136,0,2,monthly_beme_op,monthly size/profit/invest,return_seeking_recent_winner,7,test,iid,constant_a003,0.11949838962962965
0.012591142222222237,0.012591142222222226,0.01259114222222223,,inf,0.0,0.0,1.0,0.012729867647058824,0.08378829411764706,136,200,0,monthly_beme_op,monthly size/profit/invest,return_seeking_recent_winner,7,test,iid,constant_a004,0.11949838962962965
0.012738999287453558,0.012591142222222226,0.013034713417916193,-0.032313,inf,1.0,1.0196078431372548,0.9926470588235294,0.010292911764705884,0.1313721176470588,136,82,0,monthly_beme_op,monthly size/profit/invest,return_seeking_recent_winner,7,test,iid,constant_a005,0.11949838962962965
0.012407834525182636,0.011990954163783167,0.012709639513007825,0.0059440000000000005,0.0059440000000000005,3.0000000000000004,1.0196078431372548,0.9779411764705882,0.007293139705882353,0.09094320588235294,136,5,1,monthly_beme_op,monthly size/profit/invest,return_seeking_recent_winner,7,test,iid,constant_a006,0.11949838962962965
0.012591142222222237,0.012591142222222226,0.01259114222222223,,inf,0.0,0.0,1.0,0.011329838235294118,0.09501655882352941,136,200,0,monthly_beme_op,monthly size/profit/invest,return_seeking_recent_winner,7,test,iid,constant_a007,0.11949838962962965
0.012591142222222237,0.012591142222222226,0.01259114222222223,,inf,0.0,0.0,1.0,0.011474867647058825,0.08307823529411763,136,200,0,monthly_beme_op,monthly size/profit/invest,return_seeking_recent_winner,7,test,iid,constant_a008,0.11949838962962965
0.011821070570293489,0.010338159412405491,0.013527377923234662,0.04424,0.04424,5.000000000000001,1.0196078431372548,0.9632352941176471,0.010274257352941176,0.0984035294117647,136,1,2,monthly_beme_op,monthly size/profit/invest,return_seeking_recent_winner,7,test,iid,constant_a009,0.11949838962962965
0.012591142222222237,0.012591142222222226,0.01259114222222223,,inf,0.0,0.0,1.0,0.009373007352941174,0.11470952941176471,136,200,0,monthly_beme_op,monthly size/profit/invest,return_seeking_recent_winner,7,test,iid,constant_a010,0.11949838962962965
0.012591142222222237,0.012591142222222226,0.01259114222222223,,inf,0.0,0.0,1.0,0.011024213235294116,0.1011819117647059,136,200,0,monthly_beme_op,monthly size/profit/invest,return_seeking_recent_winner,7,test,iid,constant_a011,0.11949838962962965
0.012591142222222237,0.012591142222222226,0.01259114222222223,,inf,0.0,0.0,1.0,0.008815691176470589,0.10376441176470588,136,200,0,monthly_beme_op,monthly size/profit/invest,return_seeking_recent_winner,7,test,iid,constant_a012,0.11949838962962965
0.012137153266692312,0.011229175355632455,0.01259114222222223,0.047964,inf,1.0,1.0196078431372548,0.9926470588235294,0.009981808823529413,0.11502073529411763,136,69,0,monthly_beme_op,monthly size/profit/invest,return_seeking_recent_winner,7,test,iid,constant_a013,0.11949838962962965
-0.019641664472391566,-0.027572647504595003,-0.010772502540784688,,inf,0.0,0.0,1.0,0.005425272058823529,0.15093029411764705,136,200,0,monthly_beme_op,monthly size/profit/invest,return_seeking_recent_winner,7,test,iid,constant_a014,0.11949838962962965
0.012241542050493414,0.011378472933487127,0.012700388071254653,0.04132600000000001,inf,2.0,1.0196078431372548,0.9852941176470589,0.01077013970588235,0.10116476470588236,136,23,1,monthly_beme_op,monthly size/profit/invest,return_seeking_recent_winner,7,test,iid,constant_a015,0.11949838962962965
0.012591142222222237,0.012591142222222226,0.01259114222222223,,inf,0.0,0.0,1.0,0.008198404411764707,0.11871282352941175,136,200,0,monthly_beme_op,monthly size/profit/invest,return_seeking_recent_winner,7,test,iid,constant_a016,0.11949838962962965
0.012591142222222237,0.012591142222222226,0.01259114222222223,,inf,0.0,0.0,1.0,0.010214404411764706,0.12240526470588234,136,200,0,monthly_beme_op,monthly size/profit/invest,return_seeking_recent_winner,7,test,iid,constant_a017,0.11949838962962965
0.012591142222222237,0.012591142222222226,0.01259114222222223,,inf,0.0,0.0,1.0,0.01078397794117647,0.1249915882352941,136,200,0,monthly_beme_op,monthly size/profit/invest,return_seeking_recent_winner,7,test,iid,constant_a018,0.11949838962962965
0.10324618358828015,0.008603977371160134,0.28101087795302926,-0.0413282764291308,inf,1.0031384813367397,1299.9999999999998,0.9926239817548769,0.004148029411764705,0.16689767647058826,136,13,0,monthly_beme_op,monthly size/profit/invest,return_seeking_recent_winner,7,test,iid,constant_a019,0.11949838962962965
0.011401540528002066,0.006524272516980654,0.016105628147699613,0.132271,0.132271,11.000000000000002,1.0196078431372548,0.9191176470588235,0.01308618382352941,0.1459555588235294,136,0,3,monthly_beme_op,monthly size/profit/invest,return_seeking_recent_winner,7,test,iid,constant_a020,0.11949838962962965
0.025358054794545684,0.014039010215151837,0.03777730952950076,0.029620999999999998,0.029621,6.000000000000002,1.0196078431372548,0.9558823529411764,0.011047073529411767,0.14904241176470587,136,1,2,monthly_beme_op,monthly size/profit/invest,return_seeking_recent_winner,7,test,iid,constant_a021,0.11949838962962965
0.028711967262180754,0.017099584901783024,0.04273406136305506,0.001535,inf,1.0,1.0196078431372548,0.9926470588235294,0.01314758823529412,0.13828129411764706,136,76,0,monthly_beme_op,monthly size/profit/invest,return_seeking_recent_winner,7,test,iid,constant_a022,0.11949838962962965
0.0005173689493885705,-0.005419252328969956,0.0067666868661349225,0.032311,0.032311,18.0,1.0196078431372548,0.8676470588235294,0.014868257352941176,0.13557679411764706,136,0,3,monthly_beme_op,monthly size/profit/invest,return_seeking_recent_winner,7,test,iid,constant_a023,0.11949838962962965
-0.019573309598998806,-0.029055272667816608,-0.010112872263157243,0.08165800000000001,0.08165800000000001,7.000000000000002,1.0196078431372548,0.9485294117647058,0.004658558823529411,0.22838226470588233,136,0,2,monthly_beme_op,monthly size/profit/invest,return_seeking_recent_winner,7,test,iid,constant_a024,0.11949838962962965
0.012591142222222237,0.012591142222222226,0.01259114222222223,,inf,0.0,0.0,1.0,0.010897742352941178,0.10712653647058824,136,200,0,monthly_beme_op,monthly size/profit/invest,return_seeking_recent_winner,7,test,iid,constant_equal_weight_public,0.11949838962962965
0.01645565387767155,0.002631301680936561,0.03144662203914971,0.1409782962962963,0.1734950740740741,134.99999999999937,1.0196078431372548,0.007352941176475225,0.016952595588235295,0.14063335294117646,136,0,4,monthly_beme_op,monthly size/profit/invest,return_seeking_recent_winner,7,test,iid,momentum_12,0.11949838962962965
0.012285954775757012,0.011453043103106198,0.012962440548731826,0.025731,inf,1.0,1.0196078431372548,0.9926470588235294,0.00962212588235294,0.0925010588235294,136,72,0,monthly_beme_op,monthly size/profit/invest,return_seeking_recent_winner,7,test,iid,low_vol_12,0.11949838962962965
0.02028077569656447,0.011019038108929596,0.032344214531338754,0.11831636363636362,0.132271,54.99999999999979,1.0196078431372548,0.5955882352941192,0.018501286764705884,0.10194055882352941,136,0,4,monthly_beme_op,monthly size/profit/invest,return_seeking_recent_winner,7,test,iid,risk_adjusted_12,0.11949838962962965
0.1044268704183271,0.09269630086850567,0.11876373661665166,0.056729,0.056729,7.000000000000002,1.0196078431372548,0.9485294117647058,0.012869963235294117,0.1602916470588235,136,0,2,monthly_beme_op,monthly size/profit/invest,return_seeking_recent_winner,7,test,iid,ridge_return_train_only,0.11949838962962965
-0.06844249597056977,-0.10626331895789765,-0.032216505670634374,0.090065,0.090065,9.000000000000002,1.0196078431372548,0.9338235294117647,0.011030007352941176,0.15709526470588234,136,1,2,monthly_beme_op,monthly size/profit/invest,return_seeking_recent_winner,7,test,block,constant_a000,0.11949838962962965
0.019184785705497816,0.010377358866525698,0.030562444475394086,0.12372166666666667,0.162361,44.99999999999988,1.0196078431372548,0.6691176470588245,0.023444860294117645,0.12699891176470587,136,0,3,monthly_beme_op,monthly size/profit/invest,return_seeking_recent_winner,7,test,block,constant_a001,0.11949838962962965
0.010641171211072678,0.005906794394399593,0.01455708775515828,0.193966,0.19396600000000003,15.000000000000002,1.0196078431372548,0.8897058823529411,0.013153823529411765,0.13322823529411765,136,0,3,monthly_beme_op,monthly size/profit/invest,return_seeking_recent_winner,7,test,block,constant_a002,0.11949838962962965
0.01405563435601693,0.012390873343713967,0.015975737272395242,0.049852,0.049852,9.000000000000002,1.0196078431372548,0.9338235294117647,0.015877375,0.11909723529411764,136,1,2,monthly_beme_op,monthly size/profit/invest,return_seeking_recent_winner,7,test,block,constant_a003,0.11949838962962965
0.012591142222222237,0.012591142222222226,0.012591142222222232,,inf,0.0,0.0,1.0,0.012729867647058824,0.08378829411764706,136,200,0,monthly_beme_op,monthly size/profit/invest,return_seeking_recent_winner,7,test,block,constant_a004,0.11949838962962965
0.012738999287453558,0.012591142222222226,0.013038409844546978,-0.032313,inf,1.0,1.0196078431372548,0.9926470588235294,0.010292911764705884,0.1313721176470588,136,74,0,monthly_beme_op,monthly size/profit/invest,return_seeking_recent_winner,7,test,block,constant_a005,0.11949838962962965
0.012407834525182636,0.012070665638856856,0.01259114222222223,0.0059440000000000005,inf,3.0000000000000004,1.0196078431372548,0.9779411764705882,0.007293139705882353,0.09094320588235294,136,25,1,monthly_beme_op,monthly size/profit/invest,return_seeking_recent_winner,7,test,block,constant_a006,0.11949838962962965
0.012591142222222237,0.012591142222222226,0.012591142222222232,,inf,0.0,0.0,1.0,0.011329838235294118,0.09501655882352941,136,200,0,monthly_beme_op,monthly size/profit/invest,return_seeking_recent_winner,7,test,block,constant_a007,0.11949838962962965
0.012591142222222237,0.012591142222222226,0.012591142222222232,,inf,0.0,0.0,1.0,0.011474867647058825,0.08307823529411763,136,200,0,monthly_beme_op,monthly size/profit/invest,return_seeking_recent_winner,7,test,block,constant_a008,0.11949838962962965
0.011821070570293489,0.00990668617198514,0.013253730980392165,0.04424,0.04424,5.000000000000001,1.0196078431372548,0.9632352941176471,0.010274257352941176,0.0984035294117647,136,5,2,monthly_beme_op,monthly size/profit/invest,return_seeking_recent_winner,7,test,block,constant_a009,0.11949838962962965
0.012591142222222237,0.012591142222222226,0.012591142222222232,,inf,0.0,0.0,1.0,0.009373007352941174,0.11470952941176471,136,200,0,monthly_beme_op,monthly size/profit/invest,return_seeking_recent_winner,7,test,block,constant_a010,0.11949838962962965
0.012591142222222237,0.012591142222222226,0.012591142222222232,,inf,0.0,0.0,1.0,0.011024213235294116,0.1011819117647059,136,200,0,monthly_beme_op,monthly size/profit/invest,return_seeking_recent_winner,7,test,block,constant_a011,0.11949838962962965
0.012591142222222237,0.012591142222222226,0.012591142222222232,,inf,0.0,0.0,1.0,0.008815691176470589,0.10376441176470588,136,200,0,monthly_beme_op,monthly size/profit/invest,return_seeking_recent_winner,7,test,block,constant_a012,0.11949838962962965
0.012137153266692312,0.011229175355632453,0.01259114222222223,0.047964,inf,1.0,1.0196078431372548,0.9926470588235294,0.009981808823529413,0.11502073529411763,136,83,0,monthly_beme_op,monthly size/profit/invest,return_seeking_recent_winner,7,test,block,constant_a013,0.11949838962962965
-0.019641664472391566,-0.03142389002475271,-0.00782953811374845,,inf,0.0,0.0,1.0,0.005425272058823529,0.15093029411764705,136,200,0,monthly_beme_op,monthly size/profit/invest,return_seeking_recent_winner,7,test,block,constant_a014,0.11949838962962965
0.012241542050493414,0.011191375962194033,0.012645765146738442,0.04132600000000001,inf,2.0,1.0196078431372548,0.9852941176470589,0.01077013970588235,0.10116476470588236,136,61,1,monthly_beme_op,monthly size/profit/invest,return_seeking_recent_winner,7,test,block,constant_a015,0.11949838962962965
0.012591142222222237,0.012591142222222226,0.012591142222222232,,inf,0.0,0.0,1.0,0.008198404411764707,0.11871282352941175,136,200,0,monthly_beme_op,monthly size/profit/invest,return_seeking_recent_winner,7,test,block,constant_a016,0.11949838962962965
0.012591142222222237,0.012591142222222226,0.012591142222222232,,inf,0.0,0.0,1.0,0.010214404411764706,0.12240526470588234,136,200,0,monthly_beme_op,monthly size/profit/invest,return_seeking_recent_winner,7,test,block,constant_a017,0.11949838962962965
0.012591142222222237,0.012591142222222226,0.012591142222222232,,inf,0.0,0.0,1.0,0.01078397794117647,0.1249915882352941,136,200,0,monthly_beme_op,monthly size/profit/invest,return_seeking_recent_winner,7,test,block,constant_a018,0.11949838962962965
0.10324618358828015,0.007779890186302222,0.2811043944930084,-0.0413282764291308,0.08876200000000001,1.0031384813367397,1299.9999999999998,0.9926239817548769,0.004148029411764705,0.16689767647058826,136,4,0,monthly_beme_op,monthly size/profit/invest,return_seeking_recent_winner,7,test,block,constant_a019,0.11949838962962965
0.011401540528002066,0.008568268416378318,0.01353418246277074,0.132271,0.132271,11.000000000000002,1.0196078431372548,0.9191176470588235,0.01308618382352941,0.1459555588235294,136,2,3,monthly_beme_op,monthly size/profit/invest,return_seeking_recent_winner,7,test,block,constant_a020,0.11949838962962965
0.025358054794545684,0.007879224630732803,0.04451192697192809,0.029620999999999998,inf,6.000000000000002,1.0196078431372548,0.9558823529411764,0.011047073529411767,0.14904241176470587,136,17,2,monthly_beme_op,monthly size/profit/invest,return_seeking_recent_winner,7,test,block,constant_a021,0.11949838962962965
0.028711967262180754,0.008975715564863228,0.05060177857113056,0.001535,inf,1.0,1.0196078431372548,0.9926470588235294,0.01314758823529412,0.13828129411764706,136,74,0,monthly_beme_op,monthly size/profit/invest,return_seeking_recent_winner,7,test,block,constant_a022,0.11949838962962965
0.0005173689493885705,-0.00603614173371129,0.008360290196424444,0.032311,0.032311,18.0,1.0196078431372548,0.8676470588235294,0.014868257352941176,0.13557679411764706,136,0,3,monthly_beme_op,monthly size/profit/invest,return_seeking_recent_winner,7,test,block,constant_a023,0.11949838962962965
-0.019573309598998806,-0.03553790494382515,-0.005172953446949538,0.08165800000000001,inf,7.000000000000002,1.0196078431372548,0.9485294117647058,0.004658558823529411,0.22838226470588233,136,11,2,monthly_beme_op,monthly size/profit/invest,return_seeking_recent_winner,7,test,block,constant_a024,0.11949838962962965
0.012591142222222237,0.012591142222222226,0.012591142222222232,,inf,0.0,0.0,1.0,0.010897742352941178,0.10712653647058824,136,200,0,monthly_beme_op,monthly size/profit/invest,return_seeking_recent_winner,7,test,block,constant_equal_weight_public,0.11949838962962965
0.01645565387767155,0.005502846226592621,0.029361265880515897,0.1409782962962963,0.17080408823529417,134.99999999999937,1.0196078431372548,0.007352941176475225,0.016952595588235295,0.14063335294117646,136,0,4,monthly_beme_op,monthly size/profit/invest,return_seeking_recent_winner,7,test,block,momentum_12,0.11949838962962965
0.012285954775757012,0.011401575280166859,0.012963684166379158,0.025731,inf,1.0,1.0196078431372548,0.9926470588235294,0.00962212588235294,0.0925010588235294,136,75,0,monthly_beme_op,monthly size/profit/invest,return_seeking_recent_winner,7,test,block,low_vol_12,0.11949838962962965
0.02028077569656447,0.011654545989923671,0.03202953115721663,0.11831636363636362,0.132271,54.99999999999979,1.0196078431372548,0.5955882352941192,0.018501286764705884,0.10194055882352941,136,0,4,monthly_beme_op,monthly size/profit/invest,return_seeking_recent_winner,7,test,block,risk_adjusted_12,0.11949838962962965
0.1044268704183271,0.08562488442446653,0.1242173126766193,0.056729,0.056729,7.000000000000002,1.0196078431372548,0.9485294117647058,0.012869963235294117,0.1602916470588235,136,0,2,monthly_beme_op,monthly size/profit/invest,return_seeking_recent_winner,7,test,block,ridge_return_train_only,0.11949838962962965
0.13645190576512586,0.09814012928111239,0.16994538942057663,0.11414999999999999,0.11415,10.000000000000002,1.0196078431372548,0.9074074074074074,0.009011361111111112,0.15419533333333332,108,0,3,monthly_beme_op,monthly size/profit/invest,return_seeking_recent_winner,17,calibration,iid,constant_a000,0.11949838962962965
0.13246799641410473,0.007742485402888726,0.3804786519545719,-0.017949948517940753,0.10742000000000002,1.0110061809806896,1299.9999999999998,0.9906388316575863,0.005691944444444445,0.1491787037037037,108,0,0,monthly_beme_op,monthly size/profit/invest,return_seeking_recent_winner,17,calibration,iid,constant_a001,0.11949838962962965
0.01101598563705316,0.006878510469458567,0.01330354961518598,0.15948799999999996,0.159488,4.0,1.0196078431372548,0.962962962962963,0.009587805555555553,0.13425677777777775,108,3,1,monthly_beme_op,monthly size/profit/invest,return_seeking_recent_winner,17,calibration,iid,constant_a002,0.11949838962962965
0.013092551111111088,0.013092551111111097,0.013092551111111107,,inf,0.0,0.0,1.0,0.007711083333333333,0.09189985185185184,108,200,0,monthly_beme_op,monthly size/profit/invest,return_seeking_recent_winner,17,calibration,iid,constant_a003,0.11949838962962965
0.013066793677075748,0.011543723190268694,0.014550875506495597,0.05670099999999999,0.056701,6.000000000000002,1.0196078431372548,0.9444444444444444,0.008999,0.09132614814814814,108,1,2,monthly_beme_op,monthly size/profit/invest,return_seeking_recent_winner,17,calibration,iid,constant_a004,0.11949838962962965
0.3171193846913585,0.01246974898144113,1.2300974753549574,-0.03667349608763696,0.00515,1.0047095645498232,1299.9999999999998,0.9906971336615757,0.007037601851851851,0.14897285185185186,108,3,0,monthly_beme_op,monthly size/profit/invest,return_seeking_recent_winner,17,calibration,iid,constant_a005,0.11949838962962965
0.013661972804002234,0.013092551111111099,0.014770955841200663,-0.041628,inf,2.0,1.0196078431372548,0.9814814814814815,0.008633907407407406,0.12433974074074074,108,21,1,monthly_beme_op,monthly size/profit/invest,return_seeking_recent_winner,17,calibration,iid,constant_a006,0.11949838962962965
0.013092551111111088,0.013092551111111097,0.013092551111111107,,inf,0.0,0.0,1.0,0.008959064814814816,0.10838277777777777,108,200,0,monthly_beme_op,monthly size/profit/invest,return_seeking_recent_winner,17,calibration,iid,constant_a007,0.11949838962962965
0.013092551111111088,0.013092551111111097,0.013092551111111107,,inf,0.0,0.0,1.0,0.008833333333333334,0.10437133333333333,108,200,0,monthly_beme_op,monthly size/profit/invest,return_seeking_recent_winner,17,calibration,iid,constant_a008,0.11949838962962965
0.012389624946340657,0.011157512870168636,0.013092551111111107,0.05216199999999999,inf,2.0,1.0196078431372548,0.9814814814814815,0.008357185185185186,0.10816214814814815,108,28,1,monthly_beme_op,monthly size/profit/invest,return_seeking_recent_winner,17,calibration,iid,constant_a009,0.11949838962962965
0.013092551111111088,0.013092551111111097,0.013092551111111107,,inf,0.0,0.0,1.0,0.006952916666666668,0.1526792962962963,108,200,0,monthly_beme_op,monthly size/profit/invest,return_seeking_recent_winner,17,calibration,iid,constant_a010,0.11949838962962965
0.01343982622770917,0.013092551111111097,0.014134376460905344,-0.04987700000000001,inf,1.0,1.0196078431372548,0.9907407407407407,0.008470018518518517,0.11324855555555556,108,67,0,monthly_beme_op,monthly size/profit/invest,return_seeking_recent_winner,17,calibration,iid,constant_a011,0.11949838962962965
0.013092551111111088,0.013092551111111097,0.013092551111111107,,inf,0.0,0.0,1.0,0.007643851851851852,0.12476462962962963,108,200,0,monthly_beme_op,monthly size/profit/invest,return_seeking_recent_winner,17,calibration,iid,constant_a012,0.11949838962962965
0.013092551111111088,0.013092551111111097,0.013092551111111107,,inf,0.0,0.0,1.0,0.008225361111111112,0.10516055555555555,108,200,0,monthly_beme_op,monthly size/profit/invest,return_seeking_recent_winner,17,calibration,iid,constant_a013,0.11949838962962965
0.01302989667070118,0.01290458778988137,0.013092551111111107,-0.006456,inf,1.0,1.0196078431372548,0.9907407407407407,0.01212915740740741,0.12042751851851852,108,76,0,monthly_beme_op,monthly size/profit/invest,return_seeking_recent_winner,17,calibration,iid,constant_a014,0.11949838962962965
0.013092551111111088,0.013092551111111097,0.013092551111111107,,inf,0.0,0.0,1.0,0.004571592592592592,0.18182740740740738,108,200,0,monthly_beme_op,monthly size/profit/invest,return_seeking_recent_winner,17,calibration,iid,constant_a015,0.11949838962962965
0.013092551111111088,0.013092551111111097,0.013092551111111107,,inf,0.0,0.0,1.0,0.005576574074074074,0.15014825925925926,108,200,0,monthly_beme_op,monthly size/profit/invest,return_seeking_recent_winner,17,calibration,iid,constant_a016,0.11949838962962965
0.01394790575324778,0.013053501963285714,0.015487083272573228,-0.008067999999999999,-0.008067999999999999,4.0,1.0196078431372548,0.962962962962963,0.007114703703703705,0.1573044814814815,108,6,1,monthly_beme_op,monthly size/profit/invest,return_seeking_recent_winner,17,calibration,iid,constant_a017,0.11949838962962965
0.013008871979343155,0.012839421737513101,0.013092551111111107,-0.004229,inf,1.0,1.0196078431372548,0.9907407407407407,0.002282416666666666,0.17135685185185184,108,73,0,monthly_beme_op,monthly size/profit/invest,return_seeking_recent_winner,17,calibration,iid,constant_a018,0.11949838962962965
0.02940652546201738,0.020750079945749785,0.03668119948787893,0.066469,0.066469,4.0,1.0196078431372548,0.962962962962963,0.010592287037037039,0.19485992592592594,108,4,1,monthly_beme_op,monthly size/profit/invest,return_seeking_recent_winner,17,calibration,iid,constant_a019,0.11949838962962965
0.013115260505123839,0.013092551111111097,0.013160679293149355,-0.015498000000000001,inf,1.0,1.0196078431372548,0.9907407407407407,0.005733851851851852,0.16194114814814817,108,87,0,monthly_beme_op,monthly size/profit/invest,return_seeking_recent_winner,17,calibration,iid,constant_a020,0.11949838962962965
0.2527761270351333,0.006437901666190248,0.7343005501295266,-0.142316,inf,1.0,1299.9999999999998,0.9907407407407407,0.004910851851851851,0.14231881481481481,108,70,0,monthly_beme_op,monthly size/profit/invest,return_seeking_recent_winner,17,calibration,iid,constant_a021,0.11949838962962965
0.005228035943806487,-0.0030566988042126843,0.013325947918762144,0.034992,inf,3.0000000000000004,1.0196078431372548,0.9722222222222222,0.0070512870370370365,0.17373688888888889,108,11,1,monthly_beme_op,monthly size/profit/invest,return_seeking_recent_winner,17,calibration,iid,constant_a022,0.11949838962962965
0.014378076251263671,0.004158468311693344,0.024819693555776266,0.2107300909090909,0.21465499999999998,21.999999999999993,1.0196078431372548,0.7962962962962964,0.01687215740740741,0.16973874074074072,108,0,3,monthly_beme_op,monthly size/profit/invest,return_seeking_recent_winner,17,calibration,iid,constant_a023,0.11949838962962965
0.016179890516468065,0.005412670867888007,0.02706340470724485,0.11106341176470588,0.11171400000000002,33.999999999999964,1.0196078431372548,0.6851851851851856,0.020826731481481484,0.17694474074074074,108,0,3,monthly_beme_op,monthly size/profit/invest,return_seeking_recent_winner,17,calibration,iid,constant_a024,0.11949838962962965
0.013092551111111088,0.013092551111111097,0.013092551111111107,,inf,0.0,0.0,1.0,0.008471041851851852,0.11949838962962965,108,200,0,monthly_beme_op,monthly size/profit/invest,return_seeking_recent_winner,17,calibration,iid,constant_equal_weight_public,0.11949838962962965
0.010216662243759373,-0.008205781766249219,0.026345044305320458,0.15224357142857142,0.19489011650485444,104.99999999999937,1.0196078431372548,0.027777777777783563,0.010304194444444444,0.15110244444444446,108,0,4,monthly_beme_op,monthly size/profit/invest,return_seeking_recent_winner,17,calibration,iid,momentum_12,0.11949838962962965
0.014186799367384793,0.012789045929799075,0.016136698883563293,0.021918000000000003,0.021918000000000003,7.000000000000002,1.0196078431372548,0.9351851851851851,0.009455527777777776,0.09748044444444444,108,0,2,monthly_beme_op,monthly size/profit/invest,return_seeking_recent_winner,17,calibration,iid,low_vol_12,0.11949838962962965
0.3177290523620631,0.004748972617860982,1.2283145057708067,-0.007270840667678308,0.21360197560975608,1.0685601242074025,1299.9999999999998,0.9901059247758573,0.009305453703703703,0.14096814814814815,108,0,0,monthly_beme_op,monthly size/profit/invest,return_seeking_recent_winner,17,calibration,iid,risk_adjusted_12,0.11949838962962965
0.41919269404465453,0.15597531970647596,0.9074166119034802,-0.1274691361867703,0.07615,1.0157415409978259,1299.9999999999998,0.9905949857315016,0.014301185185185184,0.15925366666666665,108,0,0,monthly_beme_op,monthly size/profit/invest,return_seeking_recent_winner,17,calibration,iid,ridge_return_train_only,0.11949838962962965
0.13645190576512586,0.07567884456748038,0.2039668141143647,0.11414999999999999,0.11415,10.000000000000002,1.0196078431372548,0.9074074074074074,0.009011361111111112,0.15419533333333332,108,1,3,monthly_beme_op,monthly size/profit/invest,return_seeking_recent_winner,17,calibration,block,constant_a000,0.11949838962962965
0.13246799641410473,0.007590965064633263,0.3784267123071897,-0.017949948517940753,0.10742000000000002,1.0110061809806896,1299.9999999999998,0.9906388316575863,0.005691944444444445,0.1491787037037037,108,4,0,monthly_beme_op,monthly size/profit/invest,return_seeking_recent_winner,17,calibration,block,constant_a001,0.11949838962962965
0.01101598563705316,0.0062381186474622765,0.013092551111111102,0.15948799999999996,inf,4.0,1.0196078431372548,0.962962962962963,0.009587805555555553,0.13425677777777775,108,11,1,monthly_beme_op,monthly size/profit/invest,return_seeking_recent_winner,17,calibration,block,constant_a002,0.11949838962962965
0.013092551111111088,0.013092551111111095,0.013092551111111109,,inf,0.0,0.0,1.0,0.007711083333333333,0.09189985185185184,108,200,0,monthly_beme_op,monthly size/profit/invest,return_seeking_recent_winner,17,calibration,block,constant_a003,0.11949838962962965
0.013066793677075748,0.01147391023844105,0.014584369144759133,0.05670099999999999,inf,6.000000000000002,1.0196078431372548,0.9444444444444444,0.008999,0.09132614814814814,108,19,2,monthly_beme_op,monthly size/profit/invest,return_seeking_recent_winner,17,calibration,block,constant_a004,0.11949838962962965
0.3171193846913585,0.012504705727588144,0.9259681042521585,-0.03667349608763696,inf,1.0047095645498232,1299.9999999999998,0.9906971336615757,0.007037601851851851,0.14897285185185186,108,11,0,monthly_beme_op,monthly size/profit/invest,return_seeking_recent_winner,17,calibration,block,constant_a005,0.11949838962962965
0.013661972804002234,0.013092551111111097,0.014807551135963838,-0.041628,inf,2.0,1.0196078431372548,0.9814814814814815,0.008633907407407406,0.12433974074074074,108,55,1,monthly_beme_op,monthly size/profit/invest,return_seeking_recent_winner,17,calibration,block,constant_a006,0.11949838962962965
0.013092551111111088,0.013092551111111095,0.013092551111111109,,inf,0.0,0.0,1.0,0.008959064814814816,0.10838277777777777,108,200,0,monthly_beme_op,monthly size/profit/invest,return_seeking_recent_winner,17,calibration,block,constant_a007,0.11949838962962965
0.013092551111111088,0.013092551111111095,0.013092551111111109,,inf,0.0,0.0,1.0,0.008833333333333334,0.10437133333333333,108,200,0,monthly_beme_op,monthly size/profit/invest,return_seeking_recent_winner,17,calibration,block,constant_a008,0.11949838962962965
0.012389624946340657,0.01097054296901476,0.013092551111111107,0.05216199999999999,inf,2.0,1.0196078431372548,0.9814814814814815,0.008357185185185186,0.10816214814814815,108,62,1,monthly_beme_op,monthly size/profit/invest,return_seeking_recent_winner,17,calibration,block,constant_a009,0.11949838962962965
0.013092551111111088,0.013092551111111095,0.013092551111111109,,inf,0.0,0.0,1.0,0.006952916666666668,0.1526792962962963,108,200,0,monthly_beme_op,monthly size/profit/invest,return_seeking_recent_winner,17,calibration,block,constant_a010,0.11949838962962965
0.01343982622770917,0.013092551111111097,0.014143058338820302,-0.04987700000000001,inf,1.0,1.0196078431372548,0.9907407407407407,0.008470018518518517,0.11324855555555556,108,86,0,monthly_beme_op,monthly size/profit/invest,return_seeking_recent_winner,17,calibration,block,constant_a011,0.11949838962962965
0.013092551111111088,0.013092551111111095,0.013092551111111109,,inf,0.0,0.0,1.0,0.007643851851851852,0.12476462962962963,108,200,0,monthly_beme_op,monthly size/profit/invest,return_seeking_recent_winner,17,calibration,block,constant_a012,0.11949838962962965
0.013092551111111088,0.013092551111111095,0.013092551111111109,,inf,0.0,0.0,1.0,0.008225361111111112,0.10516055555555555,108,200,0,monthly_beme_op,monthly size/profit/invest,return_seeking_recent_winner,17,calibration,block,constant_a013,0.11949838962962965
0.01302989667070118,0.01284193334947147,0.013092551111111107,-0.006456,inf,1.0,1.0196078431372548,0.9907407407407407,0.01212915740740741,0.12042751851851852,108,68,0,monthly_beme_op,monthly size/profit/invest,return_seeking_recent_winner,17,calibration,block,constant_a014,0.11949838962962965
0.013092551111111088,0.013092551111111095,0.013092551111111109,,inf,0.0,0.0,1.0,0.004571592592592592,0.18182740740740738,108,200,0,monthly_beme_op,monthly size/profit/invest,return_seeking_recent_winner,17,calibration,block,constant_a015,0.11949838962962965
0.013092551111111088,0.013092551111111095,0.013092551111111109,,inf,0.0,0.0,1.0,0.005576574074074074,0.15014825925925926,108,200,0,monthly_beme_op,monthly size/profit/invest,return_seeking_recent_winner,17,calibration,block,constant_a016,0.11949838962962965
0.01394790575324778,0.013045115261841352,0.015757278088033563,-0.008067999999999999,inf,4.0,1.0196078431372548,0.962962962962963,0.007114703703703705,0.1573044814814815,108,26,1,monthly_beme_op,monthly size/profit/invest,return_seeking_recent_winner,17,calibration,block,constant_a017,0.11949838962962965
0.013008871979343155,0.012841513715807305,0.013092551111111109,-0.004229,inf,1.0,1.0196078431372548,0.9907407407407407,0.002282416666666666,0.17135685185185184,108,77,0,monthly_beme_op,monthly size/profit/invest,return_seeking_recent_winner,17,calibration,block,constant_a018,0.11949838962962965
0.02940652546201738,0.020590262389429487,0.03686158345637806,0.066469,inf,4.0,1.0196078431372548,0.962962962962963,0.010592287037037039,0.19485992592592594,108,14,1,monthly_beme_op,monthly size/profit/invest,return_seeking_recent_winner,17,calibration,block,constant_a019,0.11949838962962965
0.013115260505123839,0.013092551111111097,0.013160679293149357,-0.015498000000000001,inf,1.0,1.0196078431372548,0.9907407407407407,0.005733851851851852,0.16194114814814817,108,73,0,monthly_beme_op,monthly size/profit/invest,return_seeking_recent_winner,17,calibration,block,constant_a020,0.11949838962962965
0.2527761270351333,0.00324826659487127,0.7247094273284739,-0.142316,inf,1.0,1299.9999999999998,0.9907407407407407,0.004910851851851851,0.14231881481481481,108,69,0,monthly_beme_op,monthly size/profit/invest,return_seeking_recent_winner,17,calibration,block,constant_a021,0.11949838962962965
0.005228035943806487,-0.00542466563337271,0.017788061965899285,0.034992,inf,3.0000000000000004,1.0196078431372548,0.9722222222222222,0.0070512870370370365,0.17373688888888889,108,12,1,monthly_beme_op,monthly size/profit/invest,return_seeking_recent_winner,17,calibration,block,constant_a022,0.11949838962962965
0.014378076251263671,0.003534163558332801,0.024938006360645634,0.2107300909090909,0.21465499999999998,21.999999999999993,1.0196078431372548,0.7962962962962964,0.01687215740740741,0.16973874074074072,108,0,3,monthly_beme_op,monthly size/profit/invest,return_seeking_recent_winner,17,calibration,block,constant_a023,0.11949838962962965
0.016179890516468065,0.007135687096856488,0.024887170477305706,0.11106341176470588,0.11171400000000001,33.999999999999964,1.0196078431372548,0.6851851851851856,0.020826731481481484,0.17694474074074074,108,0,3,monthly_beme_op,monthly size/profit/invest,return_seeking_recent_winner,17,calibration,block,constant_a024,0.11949838962962965
0.013092551111111088,0.013092551111111095,0.013092551111111109,,inf,0.0,0.0,1.0,0.008471041851851852,0.11949838962962965,108,200,0,monthly_beme_op,monthly size/profit/invest,return_seeking_recent_winner,17,calibration,block,constant_equal_weight_public,0.11949838962962965
0.010216662243759373,-0.0037536589310242256,0.02369853295686961,0.15224357142857142,0.19329638095238091,104.99999999999937,1.0196078431372548,0.027777777777783563,0.010304194444444444,0.15110244444444446,108,0,4,monthly_beme_op,monthly size/profit/invest,return_seeking_recent_winner,17,calibration,block,momentum_12,0.11949838962962965
0.014186799367384793,0.012429966697813273,0.016510152225933987,0.021918000000000003,0.021918000000000003,7.000000000000002,1.0196078431372548,0.9351851851851851,0.009455527777777776,0.09748044444444444,108,2,2,monthly_beme_op,monthly size/profit/invest,return_seeking_recent_winner,17,calibration,block,low_vol_12,0.11949838962962965
0.3177290523620631,0.004907295282602974,0.9299948164047116,-0.007270840667678308,0.21465499999999996,1.0685601242074025,1299.9999999999998,0.9901059247758573,0.009305453703703703,0.14096814814814815,108,0,0,monthly_beme_op,monthly size/profit/invest,return_seeking_recent_winner,17,calibration,block,risk_adjusted_12,0.11949838962962965
0.41919269404465453,0.15219406582283024,0.8943002633076378,-0.1274691361867703,0.07615,1.0157415409978259,1299.9999999999998,0.9905949857315016,0.014301185185185184,0.15925366666666665,108,0,0,monthly_beme_op,monthly size/profit/invest,return_seeking_recent_winner,17,calibration,block,ridge_return_train_only,0.11949838962962965
-0.13817132083789585,-0.17538669579186505,-0.1057557149958841,0.090065,0.090065,9.000000000000002,1.0196078431372548,0.9338235294117647,0.011030007352941176,0.15709526470588234,136,0,2,monthly_beme_op,monthly size/profit/invest,return_seeking_recent_winner,17,test,iid,constant_a000,0.11949838962962965
0.02027496601050885,0.010483169588555682,0.030560772235358184,0.12294047826086958,0.162361,45.999999999999865,1.0196078431372548,0.6617647058823539,0.023444860294117645,0.12699891176470587,136,0,3,monthly_beme_op,monthly size/profit/invest,return_seeking_recent_winner,17,test,iid,constant_a001,0.11949838962962965
0.011348648976034836,0.00633414473401256,0.015464428193194922,0.193966,0.19396600000000003,14.000000000000004,1.0196078431372548,0.8970588235294117,0.013153823529411765,0.13322823529411765,136,0,3,monthly_beme_op,monthly size/profit/invest,return_seeking_recent_winner,17,test,iid,constant_a002,0.11949838962962965
0.014523211157247189,0.012482200406382158,0.016935289789696266,0.049852,0.049852,9.000000000000002,1.0196078431372548,0.9338235294117647,0.015877375,0.11909723529411764,136,0,2,monthly_beme_op,monthly size/profit/invest,return_seeking_recent_winner,17,test,iid,constant_a003,0.11949838962962965
0.013092551111111086,0.013092551111111106,0.013092551111111113,,inf,0.0,0.0,1.0,0.012729867647058824,0.08378829411764706,136,200,0,monthly_beme_op,monthly size/profit/invest,return_seeking_recent_winner,17,test,iid,constant_a004,0.11949838962962965
0.013236649055491451,0.013092551111111106,0.013668942888632572,-0.032313,inf,1.0,1.0196078431372548,0.9926470588235294,0.010292911764705884,0.1313721176470588,136,72,0,monthly_beme_op,monthly size/profit/invest,return_seeking_recent_winner,17,test,iid,constant_a005,0.11949838962962965
0.013040685292836064,0.012825974607202355,0.01325901968473664,0.001227,inf,2.0,1.0196078431372548,0.9852941176470589,0.007293139705882353,0.09094320588235294,136,20,1,monthly_beme_op,monthly size/profit/invest,return_seeking_recent_winner,17,test,iid,constant_a006,0.11949838962962965
0.013092551111111086,0.013092551111111106,0.013092551111111113,,inf,0.0,0.0,1.0,0.011329838235294118,0.09501655882352941,136,200,0,monthly_beme_op,monthly size/profit/invest,return_seeking_recent_winner,17,test,iid,constant_a007,0.11949838962962965
0.013092551111111086,0.013092551111111106,0.013092551111111113,,inf,0.0,0.0,1.0,0.011474867647058825,0.08307823529411763,136,200,0,monthly_beme_op,monthly size/profit/invest,return_seeking_recent_winner,17,test,iid,constant_a008,0.11949838962962965
-0.5283677605895167,-1.6094404146782004,0.013448977335768287,0.04348203125000002,0.04424,1.0078554160540836,1299.9999999999998,0.992589298411367,0.010274257352941176,0.0984035294117647,136,0,0,monthly_beme_op,monthly size/profit/invest,return_seeking_recent_winner,17,test,iid,constant_a009,0.11949838962962965
0.013092551111111086,0.013092551111111106,0.013092551111111113,,inf,0.0,0.0,1.0,0.009373007352941174,0.11470952941176471,136,200,0,monthly_beme_op,monthly size/profit/invest,return_seeking_recent_winner,17,test,iid,constant_a010,0.11949838962962965
0.013092551111111086,0.013092551111111106,0.013092551111111113,,inf,0.0,0.0,1.0,0.011024213235294116,0.1011819117647059,136,200,0,monthly_beme_op,monthly size/profit/invest,return_seeking_recent_winner,17,test,iid,constant_a011,0.11949838962962965
0.013092551111111086,0.013092551111111106,0.013092551111111113,,inf,0.0,0.0,1.0,0.008815691176470589,0.10376441176470588,136,200,0,monthly_beme_op,monthly size/profit/invest,return_seeking_recent_winner,17,test,iid,constant_a012,0.11949838962962965
0.29273174094322885,0.01171930688196847,0.8533833648366013,-0.04097871473354233,inf,1.001568626486043,1299.9999999999998,0.9926355248052496,0.009981808823529413,0.11502073529411763,136,22,0,monthly_beme_op,monthly size/profit/invest,return_seeking_recent_winner,17,test,iid,constant_a013,0.11949838962962965
0.013092551111111086,0.013092551111111106,0.013092551111111113,,inf,0.0,0.0,1.0,0.005425272058823529,0.15093029411764705,136,200,0,monthly_beme_op,monthly size/profit/invest,return_seeking_recent_winner,17,test,iid,constant_a014,0.11949838962962965
0.013143414914776344,0.013092551111111106,0.013245142522106882,-0.019877,inf,1.0,1.0196078431372548,0.9926470588235294,0.01077013970588235,0.10116476470588236,136,72,0,monthly_beme_op,monthly size/profit/invest,return_seeking_recent_winner,17,test,iid,constant_a015,0.11949838962962965
0.013092551111111086,0.013092551111111106,0.013092551111111113,,inf,0.0,0.0,1.0,0.008198404411764707,0.11871282352941175,136,200,0,monthly_beme_op,monthly size/profit/invest,return_seeking_recent_winner,17,test,iid,constant_a016,0.11949838962962965
0.013092551111111086,0.013092551111111106,0.013092551111111113,,inf,0.0,0.0,1.0,0.010214404411764706,0.12240526470588234,136,200,0,monthly_beme_op,monthly size/profit/invest,return_seeking_recent_winner,17,test,iid,constant_a017,0.11949838962962965
0.013092551111111086,0.013092551111111106,0.013092551111111113,,inf,0.0,0.0,1.0,0.01078397794117647,0.1249915882352941,136,200,0,monthly_beme_op,monthly size/profit/invest,return_seeking_recent_winner,17,test,iid,constant_a018,0.11949838962962965
-0.37858002793874196,-1.169410293236069,0.020485171085428397,0.011378385277995305,inf,1.0031384813367397,1299.9999999999998,0.9926239817548769,0.004148029411764705,0.16689767647058826,136,14,0,monthly_beme_op,monthly size/profit/invest,return_seeking_recent_winner,17,test,iid,constant_a019,0.11949838962962965
0.011861599087530416,0.007621369191849287,0.016037552003460204,0.132271,0.132271,11.000000000000002,1.0196078431372548,0.9191176470588235,0.01308618382352941,0.1459555588235294,136,0,3,monthly_beme_op,monthly size/profit/invest,return_seeking_recent_winner,17,test,iid,constant_a020,0.11949838962962965
0.025358054794545684,0.01131095368783556,0.0360241296431681,0.029620999999999998,0.029621,6.000000000000002,1.0196078431372548,0.9558823529411764,0.011047073529411767,0.14904241176470587,136,0,2,monthly_beme_op,monthly size/profit/invest,return_seeking_recent_winner,17,test,iid,constant_a021,0.11949838962962965
0.028711967262180754,0.01434798630394072,0.04042634398460091,0.001535,inf,1.0,1.0196078431372548,0.9926470588235294,0.01314758823529412,0.13828129411764706,136,77,0,monthly_beme_op,monthly size/profit/invest,return_seeking_recent_winner,17,test,iid,constant_a022,0.11949838962962965
-0.0040214817879349815,-0.00957832247369367,0.001132167132748481,0.032311,0.032311,18.0,1.0196078431372548,0.8676470588235294,0.014868257352941176,0.13557679411764706,136,0,3,monthly_beme_op,monthly size/profit/invest,return_seeking_recent_winner,17,test,iid,constant_a023,0.11949838962962965
-0.022617594807893843,-0.031572089547871544,-0.013096733228163376,0.08165800000000001,0.08165800000000001,7.000000000000002,1.0196078431372548,0.9485294117647058,0.004658558823529411,0.22838226470588233,136,1,2,monthly_beme_op,monthly size/profit/invest,return_seeking_recent_winner,17,test,iid,constant_a024,0.11949838962962965
0.013092551111111086,0.013092551111111106,0.013092551111111113,,inf,0.0,0.0,1.0,0.010897742352941178,0.10712653647058824,136,200,0,monthly_beme_op,monthly size/profit/invest,return_seeking_recent_winner,17,test,iid,constant_equal_weight_public,0.11949838962962965
0.018090977854500267,0.006400815693345447,0.031643725063157026,0.14168374436090223,0.17277475757575758,132.99999999999932,1.0196078431372548,0.022058823529416793,0.016952595588235295,0.14063335294117646,136,0,4,monthly_beme_op,monthly size/profit/invest,return_seeking_recent_winner,17,test,iid,momentum_12,0.11949838962962965
0.012567387605372715,0.011438061127882967,0.013481492897290628,0.025731,inf,1.0,1.0196078431372548,0.9926470588235294,0.00962212588235294,0.0925010588235294,136,75,0,monthly_beme_op,monthly size/profit/invest,return_seeking_recent_winner,17,test,iid,low_vol_12,0.11949838962962965
0.021287203847184678,0.011587764207812254,0.03224527229706441,0.11795542857142859,0.13166385714285714,55.99999999999978,1.0196078431372548,0.5882352941176487,0.018501286764705884,0.10194055882352941,136,0,4,monthly_beme_op,monthly size/profit/invest,return_seeking_recent_winner,17,test,iid,risk_adjusted_12,0.11949838962962965
0.10902740049437185,0.09322446049891472,0.12723464438838986,0.056729,0.056729,8.0,1.0196078431372548,0.9411764705882353,0.012898911764705881,0.16360388235294115,136,0,2,monthly_beme_op,monthly size/profit/invest,return_seeking_recent_winner,17,test,iid,ridge_return_train_only,0.11949838962962965
-0.13817132083789585,-0.19566378080346902,-0.08113552624562319,0.090065,0.090065,9.000000000000002,1.0196078431372548,0.9338235294117647,0.011030007352941176,0.15709526470588234,136,0,2,monthly_beme_op,monthly size/profit/invest,return_seeking_recent_winner,17,test,block,constant_a000,0.11949838962962965
0.02027496601050885,0.009934834080161475,0.0314603087872613,0.12294047826086958,0.162361,45.999999999999865,1.0196078431372548,0.6617647058823539,0.023444860294117645,0.12699891176470587,136,0,3,monthly_beme_op,monthly size/profit/invest,return_seeking_recent_winner,17,test,block,constant_a001,0.11949838962962965
0.011348648976034836,0.006662951819748814,0.016007065718954244,0.193966,0.19396600000000003,14.000000000000004,1.0196078431372548,0.8970588235294117,0.013153823529411765,0.13322823529411765,136,0,3,monthly_beme_op,monthly size/profit/invest,return_seeking_recent_winner,17,test,block,constant_a002,0.11949838962962965
0.014523211157247189,0.012793981015763168,0.01741125722696398,0.049852,0.049852,9.000000000000002,1.0196078431372548,0.9338235294117647,0.015877375,0.11909723529411764,136,1,2,monthly_beme_op,monthly size/profit/invest,return_seeking_recent_winner,17,test,block,constant_a003,0.11949838962962965
0.013092551111111086,0.013092551111111104,0.013092551111111113,,inf,0.0,0.0,1.0,0.012729867647058824,0.08378829411764706,136,200,0,monthly_beme_op,monthly size/profit/invest,return_seeking_recent_winner,17,test,block,constant_a004,0.11949838962962965
0.013236649055491451,0.013092551111111106,0.013524844944252209,-0.032313,inf,1.0,1.0196078431372548,0.9926470588235294,0.010292911764705884,0.1313721176470588,136,67,0,monthly_beme_op,monthly size/profit/invest,return_seeking_recent_winner,17,test,block,constant_a005,0.11949838962962965
0.013040685292836064,0.012877840425477379,0.013151664341919767,0.001227,inf,2.0,1.0196078431372548,0.9852941176470589,0.007293139705882353,0.09094320588235294,136,50,1,monthly_beme_op,monthly size/profit/invest,return_seeking_recent_winner,17,test,block,constant_a006,0.11949838962962965
0.013092551111111086,0.013092551111111104,0.013092551111111113,,inf,0.0,0.0,1.0,0.011329838235294118,0.09501655882352941,136,200,0,monthly_beme_op,monthly size/profit/invest,return_seeking_recent_winner,17,test,block,constant_a007,0.11949838962962965
0.013092551111111086,0.013092551111111104,0.013092551111111113,,inf,0.0,0.0,1.0,0.011474867647058825,0.08307823529411763,136,200,0,monthly_beme_op,monthly size/profit/invest,return_seeking_recent_winner,17,test,block,constant_a008,0.11949838962962965
-0.5283677605895167,-1.6105064376593614,0.013307352776752527,0.04348203125000002,0.04424,1.0078554160540836,1299.9999999999998,0.992589298411367,0.010274257352941176,0.0984035294117647,136,1,0,monthly_beme_op,monthly size/profit/invest,return_seeking_recent_winner,17,test,block,constant_a009,0.11949838962962965
0.013092551111111086,0.013092551111111104,0.013092551111111113,,inf,0.0,0.0,1.0,0.009373007352941174,0.11470952941176471,136,200,0,monthly_beme_op,monthly size/profit/invest,return_seeking_recent_winner,17,test,block,constant_a010,0.11949838962962965
0.013092551111111086,0.013092551111111104,0.013092551111111113,,inf,0.0,0.0,1.0,0.011024213235294116,0.1011819117647059,136,200,0,monthly_beme_op,monthly size/profit/invest,return_seeking_recent_winner,17,test,block,constant_a011,0.11949838962962965
0.013092551111111086,0.013092551111111104,0.013092551111111113,,inf,0.0,0.0,1.0,0.008815691176470589,0.10376441176470588,136,200,0,monthly_beme_op,monthly size/profit/invest,return_seeking_recent_winner,17,test,block,constant_a012,0.11949838962962965
0.29273174094322885,0.011719306881968473,1.1330225546687165,-0.04097871473354233,inf,1.001568626486043,1299.9999999999998,0.9926355248052496,0.009981808823529413,0.11502073529411763,136,31,0,monthly_beme_op,monthly size/profit/invest,return_seeking_recent_winner,17,test,block,constant_a013,0.11949838962962965
0.013092551111111086,0.013092551111111104,0.013092551111111113,,inf,0.0,0.0,1.0,0.005425272058823529,0.15093029411764705,136,200,0,monthly_beme_op,monthly size/profit/invest,return_seeking_recent_winner,17,test,block,constant_a014,0.11949838962962965
0.013143414914776344,0.013092551111111106,0.01324514252210688,-0.019877,inf,1.0,1.0196078431372548,0.9926470588235294,0.01077013970588235,0.10116476470588236,136,77,0,monthly_beme_op,monthly size/profit/invest,return_seeking_recent_winner,17,test,block,constant_a015,0.11949838962962965
0.013092551111111086,0.013092551111111104,0.013092551111111113,,inf,0.0,0.0,1.0,0.008198404411764707,0.11871282352941175,136,200,0,monthly_beme_op,monthly size/profit/invest,return_seeking_recent_winner,17,test,block,constant_a016,0.11949838962962965
0.013092551111111086,0.013092551111111104,0.013092551111111113,,inf,0.0,0.0,1.0,0.010214404411764706,0.12240526470588234,136,200,0,monthly_beme_op,monthly size/profit/invest,return_seeking_recent_winner,17,test,block,constant_a017,0.11949838962962965
0.013092551111111086,0.013092551111111104,0.013092551111111113,,inf,0.0,0.0,1.0,0.01078397794117647,0.1249915882352941,136,200,0,monthly_beme_op,monthly size/profit/invest,return_seeking_recent_winner,17,test,block,constant_a018,0.11949838962962965
-0.37858002793874196,-1.550933873026641,0.02188603042925065,0.011378385277995305,0.08876200000000001,1.0031384813367397,1299.9999999999998,0.9926239817548769,0.004148029411764705,0.16689767647058826,136,8,0,monthly_beme_op,monthly size/profit/invest,return_seeking_recent_winner,17,test,block,constant_a019,0.11949838962962965
0.011861599087530416,0.009569004405549147,0.014119859624118923,0.132271,0.132271,11.000000000000002,1.0196078431372548,0.9191176470588235,0.01308618382352941,0.1459555588235294,136,1,3,monthly_beme_op,monthly size/profit/invest,return_seeking_recent_winner,17,test,block,constant_a020,0.11949838962962965
0.025358054794545684,0.007193873119721351,0.04661098380436519,0.029620999999999998,0.029621,6.000000000000002,1.0196078431372548,0.9558823529411764,0.011047073529411767,0.14904241176470587,136,8,2,monthly_beme_op,monthly size/profit/invest,return_seeking_recent_winner,17,test,block,constant_a021,0.11949838962962965
0.028711967262180754,0.005340020054797118,0.05418432597301897,0.001535,inf,1.0,1.0196078431372548,0.9926470588235294,0.01314758823529412,0.13828129411764706,136,79,0,monthly_beme_op,monthly size/profit/invest,return_seeking_recent_winner,17,test,block,constant_a022,0.11949838962962965
-0.0040214817879349815,-0.01267945277182928,0.0024907119162848163,0.032311,0.032311,18.0,1.0196078431372548,0.8676470588235294,0.014868257352941176,0.13557679411764706,136,0,3,monthly_beme_op,monthly size/profit/invest,return_seeking_recent_winner,17,test,block,constant_a023,0.11949838962962965
-0.022617594807893843,-0.041122802099864054,-0.007061525889281789,0.08165800000000001,inf,7.000000000000002,1.0196078431372548,0.9485294117647058,0.004658558823529411,0.22838226470588233,136,11,2,monthly_beme_op,monthly size/profit/invest,return_seeking_recent_winner,17,test,block,constant_a024,0.11949838962962965
0.013092551111111086,0.013092551111111104,0.013092551111111113,,inf,0.0,0.0,1.0,0.010897742352941178,0.10712653647058824,136,200,0,monthly_beme_op,monthly size/profit/invest,return_seeking_recent_winner,17,test,block,constant_equal_weight_public,0.11949838962962965
0.018090977854500267,0.00720549388016285,0.031976519249287176,0.14168374436090223,0.174871,132.99999999999932,1.0196078431372548,0.022058823529416793,0.016952595588235295,0.14063335294117646,136,0,4,monthly_beme_op,monthly size/profit/invest,return_seeking_recent_winner,17,test,block,momentum_12,0.11949838962962965
0.012567387605372715,0.011254599429111396,0.013464773680199663,0.025731,inf,1.0,1.0196078431372548,0.9926470588235294,0.00962212588235294,0.0925010588235294,136,74,0,monthly_beme_op,monthly size/profit/invest,return_seeking_recent_winner,17,test,block,low_vol_12,0.11949838962962965
0.021287203847184678,0.0120668764797056,0.03338974034344834,0.11795542857142859,0.132271,55.99999999999978,1.0196078431372548,0.5882352941176487,0.018501286764705884,0.10194055882352941,136,0,4,monthly_beme_op,monthly size/profit/invest,return_seeking_recent_winner,17,test,block,risk_adjusted_12,0.11949838962962965
0.10902740049437185,0.08369413217800041,0.13480405651240487,0.056729,0.056729,8.0,1.0196078431372548,0.9411764705882353,0.012898911764705881,0.16360388235294115,136,0,2,monthly_beme_op,monthly size/profit/invest,return_seeking_recent_winner,17,test,block,ridge_return_train_only,0.11949838962962965
0.1410845919621824,0.10950954282600693,0.1747485829918542,0.11415,0.11415,11.000000000000002,1.0196078431372548,0.8981481481481481,0.009011361111111112,0.15419533333333332,108,0,3,monthly_beme_op,monthly size/profit/invest,return_seeking_recent_winner,27,calibration,iid,constant_a000,0.11949838962962965
0.010070165462051129,0.00663095497194867,0.012403324195886372,0.10742000000000002,0.10742000000000002,7.000000000000002,1.0196078431372548,0.9351851851851851,0.005691944444444445,0.1491787037037037,108,0,2,monthly_beme_op,monthly size/profit/invest,return_seeking_recent_winner,27,calibration,iid,constant_a001,0.11949838962962965
0.010222422491729178,0.005735630855058502,0.012328414669952374,0.15948799999999996,0.159488,4.0,1.0196078431372548,0.962962962962963,0.009587805555555553,0.13425677777777775,108,3,1,monthly_beme_op,monthly size/profit/invest,return_seeking_recent_winner,27,calibration,iid,constant_a002,0.11949838962962965
0.012267844355555522,0.012267844355555533,0.012267844355555543,,inf,0.0,0.0,1.0,0.007711083333333333,0.09189985185185184,108,200,0,monthly_beme_op,monthly size/profit/invest,return_seeking_recent_winner,27,calibration,iid,constant_a003,0.11949838962962965
0.012288802336867556,0.010425563424591283,0.013800155209571521,0.05670099999999999,0.056701,6.000000000000002,1.0196078431372548,0.9444444444444444,0.008999,0.09132614814814814,108,0,2,monthly_beme_op,monthly size/profit/invest,return_seeking_recent_winner,27,calibration,iid,constant_a004,0.11949838962962965
0.011980224943887648,0.011582240047257312,0.012267844355555542,0.00515,inf,3.0000000000000004,1.0196078431372548,0.9722222222222222,0.007037601851851851,0.14897285185185186,108,12,1,monthly_beme_op,monthly size/profit/invest,return_seeking_recent_winner,27,calibration,iid,constant_a005,0.11949838962962965
0.01285283785356246,0.012267844355555536,0.013777032748357917,-0.041628,inf,2.0,1.0196078431372548,0.9814814814814815,0.008633907407407406,0.12433974074074074,108,25,1,monthly_beme_op,monthly size/profit/invest,return_seeking_recent_winner,27,calibration,iid,constant_a006,0.11949838962962965
0.012267844355555522,0.012267844355555533,0.012267844355555543,,inf,0.0,0.0,1.0,0.008959064814814816,0.10838277777777777,108,200,0,monthly_beme_op,monthly size/profit/invest,return_seeking_recent_winner,27,calibration,iid,constant_a007,0.11949838962962965
0.012267844355555522,0.012267844355555533,0.012267844355555543,,inf,0.0,0.0,1.0,0.008833333333333334,0.10437133333333333,108,200,0,monthly_beme_op,monthly size/profit/invest,return_seeking_recent_winner,27,calibration,iid,constant_a008,0.11949838962962965
0.011580489995900882,0.010194528734409734,0.012267844355555542,0.05216199999999999,inf,2.0,1.0196078431372548,0.9814814814814815,0.008357185185185186,0.10816214814814815,108,28,1,monthly_beme_op,monthly size/profit/invest,return_seeking_recent_winner,27,calibration,iid,constant_a009,0.11949838962962965
0.012267844355555522,0.012267844355555533,0.012267844355555543,,inf,0.0,0.0,1.0,0.006952916666666668,0.1526792962962963,108,200,0,monthly_beme_op,monthly size/profit/invest,return_seeking_recent_winner,27,calibration,iid,constant_a010,0.11949838962962965
0.012622905374711498,0.012267844355555535,0.013333027413023465,-0.04987700000000001,inf,1.0,1.0196078431372548,0.9907407407407407,0.008470018518518517,0.11324855555555556,108,78,0,monthly_beme_op,monthly size/profit/invest,return_seeking_recent_winner,27,calibration,iid,constant_a011,0.11949838962962965
0.012267844355555522,0.012267844355555533,0.012267844355555543,,inf,0.0,0.0,1.0,0.007643851851851852,0.12476462962962963,108,200,0,monthly_beme_op,monthly size/profit/invest,return_seeking_recent_winner,27,calibration,iid,constant_a012,0.11949838962962965
0.012267844355555522,0.012267844355555533,0.012267844355555543,,inf,0.0,0.0,1.0,0.008225361111111112,0.10516055555555555,108,200,0,monthly_beme_op,monthly size/profit/invest,return_seeking_recent_winner,27,calibration,iid,constant_a013,0.11949838962962965
0.02586473815069695,0.018531228348109267,0.03476572355525669,-0.006456,inf,1.0,1.0196078431372548,0.9907407407407407,0.01212915740740741,0.12042751851851852,108,82,0,monthly_beme_op,monthly size/profit/invest,return_seeking_recent_winner,27,calibration,iid,constant_a014,0.11949838962962965
0.012267844355555522,0.012267844355555533,0.012267844355555543,,inf,0.0,0.0,1.0,0.004571592592592592,0.18182740740740738,108,200,0,monthly_beme_op,monthly size/profit/invest,return_seeking_recent_winner,27,calibration,iid,constant_a015,0.11949838962962965
0.012267844355555522,0.012267844355555533,0.012267844355555543,,inf,0.0,0.0,1.0,0.005576574074074074,0.15014825925925926,108,200,0,monthly_beme_op,monthly size/profit/invest,return_seeking_recent_winner,27,calibration,iid,constant_a016,0.11949838962962965
0.013154342607923798,0.012228194408843684,0.015030775149876528,-0.008067999999999999,-0.008067999999999999,4.0,1.0196078431372548,0.962962962962963,0.007114703703703705,0.1573044814814815,108,1,1,monthly_beme_op,monthly size/profit/invest,return_seeking_recent_winner,27,calibration,iid,constant_a017,0.11949838962962965
0.012191951126345484,0.01204016466792542,0.012267844355555543,-0.004229,inf,1.0,1.0196078431372548,0.9907407407407407,0.002282416666666666,0.17135685185185184,108,75,0,monthly_beme_op,monthly size/profit/invest,return_seeking_recent_winner,27,calibration,iid,constant_a018,0.11949838962962965
0.03085681584360052,0.019897216564766267,0.04408518639021165,0.066469,0.066469,4.0,1.0196078431372548,0.962962962962963,0.010592287037037039,0.19485992592592594,108,2,1,monthly_beme_op,monthly size/profit/invest,return_seeking_recent_winner,27,calibration,iid,constant_a019,0.11949838962962965
0.012298339652126167,0.012267844355555535,0.012359330245267475,-0.015498000000000001,inf,1.0,1.0196078431372548,0.9907407407407407,0.005733851851851852,0.16194114814814817,108,67,0,monthly_beme_op,monthly size/profit/invest,return_seeking_recent_winner,27,calibration,iid,constant_a020,0.11949838962962965
0.02049021233561193,0.01003734581938472,0.02858503073507045,,inf,0.0,0.0,1.0,0.004910851851851851,0.14231881481481481,108,200,0,monthly_beme_op,monthly size/profit/invest,return_seeking_recent_winner,27,calibration,iid,constant_a021,0.11949838962962965
0.018546196955734038,0.0092247423590592,0.025590964524928286,0.034992,0.034992,4.0,1.0196078431372548,0.962962962962963,0.0070512870370370365,0.17373688888888889,108,8,1,monthly_beme_op,monthly size/profit/invest,return_seeking_recent_winner,27,calibration,iid,constant_a022,0.11949838962962965
0.011601054528994492,0.0010563971475741679,0.02121779908907641,0.2107300909090909,0.21465499999999998,21.999999999999993,1.0196078431372548,0.7962962962962964,0.01687215740740741,0.16973874074074072,108,0,3,monthly_beme_op,monthly size/profit/invest,return_seeking_recent_winner,27,calibration,iid,constant_a023,0.11949838962962965
0.014951304826679194,0.005189271537926516,0.02365312007050925,0.11103685714285715,0.11171400000000001,34.99999999999996,1.0196078431372548,0.6759259259259263,0.020826731481481484,0.17694474074074074,108,0,3,monthly_beme_op,monthly size/profit/invest,return_seeking_recent_winner,27,calibration,iid,constant_a024,0.11949838962962965
0.012267844355555522,0.012267844355555533,0.012267844355555543,,inf,0.0,0.0,1.0,0.008471041851851852,0.11949838962962965,108,200,0,monthly_beme_op,monthly size/profit/invest,return_seeking_recent_winner,27,calibration,iid,constant_equal_weight_public,0.11949838962962965
0.010192630591601122,-0.006645437857708897,0.02239215758476824,0.15110244444444443,0.186777962962963,107.99999999999935,1.0196078431372548,6.106226635438361e-15,0.010304194444444444,0.15110244444444446,108,0,4,monthly_beme_op,monthly size/profit/invest,return_seeking_recent_winner,27,calibration,iid,momentum_12,0.11949838962962965
0.013416593929734495,0.011929272591470974,0.015592030763103346,0.021918000000000003,0.021918000000000003,7.000000000000002,1.0196078431372548,0.9351851851851851,0.009455527777777776,0.09748044444444444,108,0,2,monthly_beme_op,monthly size/profit/invest,return_seeking_recent_winner,27,calibration,iid,low_vol_12,0.11949838962962965
0.012610139170460619,0.0011309706727496971,0.02308617901591266,0.18562209090909088,0.21465499999999998,43.999999999999886,1.0196078431372548,0.5925925925925937,0.009305453703703703,0.14096814814814815,108,0,3,monthly_beme_op,monthly size/profit/invest,return_seeking_recent_winner,27,calibration,iid,risk_adjusted_12,0.11949838962962965
0.18498951071137984,0.16193298984756066,0.2083546537347721,0.11414999999999999,0.11415,9.000000000000002,1.0196078431372548,0.9166666666666666,0.010465842592592593,0.1614888148148148,108,0,2,monthly_beme_op,monthly size/profit/invest,return_seeking_recent_winner,27,calibration,iid,ridge_return_train_only,0.11949838962962965
0.1410845919621824,0.09030762762617509,0.1947785451499025,0.11415,0.11415,11.000000000000002,1.0196078431372548,0.8981481481481481,0.009011361111111112,0.15419533333333332,108,1,3,monthly_beme_op,monthly size/profit/invest,return_seeking_recent_winner,27,calibration,block,constant_a000,0.11949838962962965
0.010070165462051129,0.005467990035710479,0.013191256188170722,0.10742000000000002,0.10742000000000002,7.000000000000002,1.0196078431372548,0.9351851851851851,0.005691944444444445,0.1491787037037037,108,1,2,monthly_beme_op,monthly size/profit/invest,return_seeking_recent_winner,27,calibration,block,constant_a001,0.11949838962962965
0.010222422491729178,0.006613417815419993,0.012267844355555538,0.15948799999999996,0.159488,4.0,1.0196078431372548,0.962962962962963,0.009587805555555553,0.13425677777777775,108,8,1,monthly_beme_op,monthly size/profit/invest,return_seeking_recent_winner,27,calibration,block,constant_a002,0.11949838962962965
0.012267844355555522,0.012267844355555533,0.012267844355555545,,inf,0.0,0.0,1.0,0.007711083333333333,0.09189985185185184,108,200,0,monthly_beme_op,monthly size/profit/invest,return_seeking_recent_winner,27,calibration,block,constant_a003,0.11949838962962965
0.012288802336867556,0.011024200756593225,0.014107212088774286,0.05670099999999999,inf,6.000000000000002,1.0196078431372548,0.9444444444444444,0.008999,0.09132614814814814,108,14,2,monthly_beme_op,monthly size/profit/invest,return_seeking_recent_winner,27,calibration,block,constant_a004,0.11949838962962965
0.011980224943887648,0.011597017114193477,0.012267844355555542,0.00515,inf,3.0000000000000004,1.0196078431372548,0.9722222222222222,0.007037601851851851,0.14897285185185186,108,19,1,monthly_beme_op,monthly size/profit/invest,return_seeking_recent_winner,27,calibration,block,constant_a005,0.11949838962962965
0.01285283785356246,0.012267844355555535,0.014029754443319598,-0.041628,inf,2.0,1.0196078431372548,0.9814814814814815,0.008633907407407406,0.12433974074074074,108,46,1,monthly_beme_op,monthly size/profit/invest,return_seeking_recent_winner,27,calibration,block,constant_a006,0.11949838962962965
0.012267844355555522,0.012267844355555533,0.012267844355555545,,inf,0.0,0.0,1.0,0.008959064814814816,0.10838277777777777,108,200,0,monthly_beme_op,monthly size/profit/invest,return_seeking_recent_winner,27,calibration,block,constant_a007,0.11949838962962965
0.012267844355555522,0.012267844355555533,0.012267844355555545,,inf,0.0,0.0,1.0,0.008833333333333334,0.10437133333333333,108,200,0,monthly_beme_op,monthly size/profit/invest,return_seeking_recent_winner,27,calibration,block,constant_a008,0.11949838962962965
0.011580489995900882,0.010205781276591617,0.012267844355555543,0.05216199999999999,inf,2.0,1.0196078431372548,0.9814814814814815,0.008357185185185186,0.10816214814814815,108,48,1,monthly_beme_op,monthly size/profit/invest,return_seeking_recent_winner,27,calibration,block,constant_a009,0.11949838962962965
0.012267844355555522,0.012267844355555533,0.012267844355555545,,inf,0.0,0.0,1.0,0.006952916666666668,0.1526792962962963,108,200,0,monthly_beme_op,monthly size/profit/invest,return_seeking_recent_winner,27,calibration,block,constant_a010,0.11949838962962965
0.012622905374711498,0.012267844355555533,0.013333027413023469,-0.04987700000000001,inf,1.0,1.0196078431372548,0.9907407407407407,0.008470018518518517,0.11324855555555556,108,72,0,monthly_beme_op,monthly size/profit/invest,return_seeking_recent_winner,27,calibration,block,constant_a011,0.11949838962962965
0.012267844355555522,0.012267844355555533,0.012267844355555545,,inf,0.0,0.0,1.0,0.007643851851851852,0.12476462962962963,108,200,0,monthly_beme_op,monthly size/profit/invest,return_seeking_recent_winner,27,calibration,block,constant_a012,0.11949838962962965
0.012267844355555522,0.012267844355555533,0.012267844355555545,,inf,0.0,0.0,1.0,0.008225361111111112,0.10516055555555555,108,200,0,monthly_beme_op,monthly size/profit/invest,return_seeking_recent_winner,27,calibration,block,constant_a013,0.11949838962962965
0.02586473815069695,0.015285949031015655,0.036920820425612295,-0.006456,inf,1.0,1.0196078431372548,0.9907407407407407,0.01212915740740741,0.12042751851851852,108,76,0,monthly_beme_op,monthly size/profit/invest,return_seeking_recent_winner,27,calibration,block,constant_a014,0.11949838962962965
0.012267844355555522,0.012267844355555533,0.012267844355555545,,inf,0.0,0.0,1.0,0.004571592592592592,0.18182740740740738,108,200,0,monthly_beme_op,monthly size/profit/invest,return_seeking_recent_winner,27,calibration,block,constant_a015,0.11949838962962965
0.012267844355555522,0.012267844355555533,0.012267844355555545,,inf,0.0,0.0,1.0,0.005576574074074074,0.15014825925925926,108,200,0,monthly_beme_op,monthly size/profit/invest,return_seeking_recent_winner,27,calibration,block,constant_a016,0.11949838962962965
0.013154342607923798,0.012228194408843688,0.015007630254751863,-0.008067999999999999,inf,4.0,1.0196078431372548,0.962962962962963,0.007114703703703705,0.1573044814814815,108,22,1,monthly_beme_op,monthly size/profit/invest,return_seeking_recent_winner,27,calibration,block,constant_a017,0.11949838962962965
0.012191951126345484,0.012040164667925422,0.012267844355555543,-0.004229,inf,1.0,1.0196078431372548,0.9907407407407407,0.002282416666666666,0.17135685185185184,108,73,0,monthly_beme_op,monthly size/profit/invest,return_seeking_recent_winner,27,calibration,block,constant_a018,0.11949838962962965
0.03085681584360052,0.016572566507618923,0.045415836726001975,0.066469,inf,4.0,1.0196078431372548,0.962962962962963,0.010592287037037039,0.19485992592592594,108,10,1,monthly_beme_op,monthly size/profit/invest,return_seeking_recent_winner,27,calibration,block,constant_a019,0.11949838962962965
0.012298339652126167,0.012267844355555535,0.012389825541838118,-0.015498000000000001,inf,1.0,1.0196078431372548,0.9907407407407407,0.005733851851851852,0.16194114814814817,108,79,0,monthly_beme_op,monthly size/profit/invest,return_seeking_recent_winner,27,calibration,block,constant_a020,0.11949838962962965
0.02049021233561193,0.008717189265500023,0.03535165095245153,,inf,0.0,0.0,1.0,0.004910851851851851,0.14231881481481481,108,200,0,monthly_beme_op,monthly size/profit/invest,return_seeking_recent_winner,27,calibration,block,constant_a021,0.11949838962962965
0.018546196955734038,0.009338974449279985,0.026316347516307577,0.034992,0.034992,4.0,1.0196078431372548,0.962962962962963,0.0070512870370370365,0.17373688888888889,108,3,1,monthly_beme_op,monthly size/profit/invest,return_seeking_recent_winner,27,calibration,block,constant_a022,0.11949838962962965
0.011601054528994492,-0.0015009560713447464,0.022721040125240233,0.2107300909090909,0.214655,21.999999999999993,1.0196078431372548,0.7962962962962964,0.01687215740740741,0.16973874074074072,108,0,3,monthly_beme_op,monthly size/profit/invest,return_seeking_recent_winner,27,calibration,block,constant_a023,0.11949838962962965
0.014951304826679194,0.006547106533880422,0.02441559818327602,0.11103685714285715,0.11171400000000001,34.99999999999996,1.0196078431372548,0.6759259259259263,0.020826731481481484,0.17694474074074074,108,0,3,monthly_beme_op,monthly size/profit/invest,return_seeking_recent_winner,27,calibration,block,constant_a024,0.11949838962962965
0.012267844355555522,0.012267844355555533,0.012267844355555545,,inf,0.0,0.0,1.0,0.008471041851851852,0.11949838962962965,108,200,0,monthly_beme_op,monthly size/profit/invest,return_seeking_recent_winner,27,calibration,block,constant_equal_weight_public,0.11949838962962965
0.010192630591601122,-0.007154660691894063,0.02616082083304855,0.15110244444444443,0.19235725925925926,107.99999999999935,1.0196078431372548,6.106226635438361e-15,0.010304194444444444,0.15110244444444446,108,0,4,monthly_beme_op,monthly size/profit/invest,return_seeking_recent_winner,27,calibration,block,momentum_12,0.11949838962962965
0.013416593929734495,0.011884256025291678,0.016022281943629445,0.021918000000000003,0.021918000000000003,7.000000000000002,1.0196078431372548,0.9351851851851851,0.009455527777777776,0.09748044444444444,108,0,2,monthly_beme_op,monthly size/profit/invest,return_seeking_recent_winner,27,calibration,block,low_vol_12,0.11949838962962965
0.012610139170460619,-0.00011319687023622826,0.024460270918058007,0.18562209090909088,0.21465499999999998,43.999999999999886,1.0196078431372548,0.5925925925925937,0.009305453703703703,0.14096814814814815,108,0,3,monthly_beme_op,monthly size/profit/invest,return_seeking_recent_winner,27,calibration,block,risk_adjusted_12,0.11949838962962965
0.18498951071137984,0.1485675765948819,0.22343294239429706,0.11414999999999999,0.11415,9.000000000000002,1.0196078431372548,0.9166666666666666,0.010465842592592593,0.1614888148148148,108,3,2,monthly_beme_op,monthly size/profit/invest,return_seeking_recent_winner,27,calibration,block,ridge_return_train_only,0.11949838962962965
-0.10526888551861079,-0.14110605060391052,-0.06739825118106554,0.090065,0.090065,9.000000000000002,1.0196078431372548,0.9338235294117647,0.011030007352941176,0.15709526470588234,136,0,2,monthly_beme_op,monthly size/profit/invest,return_seeking_recent_winner,27,test,iid,constant_a000,0.11949838962962965
0.019734673695450528,0.010297088756261697,0.029443747196178382,0.12294047826086958,0.162361,45.999999999999865,1.0196078431372548,0.6617647058823539,0.023444860294117645,0.12699891176470587,136,0,3,monthly_beme_op,monthly size/profit/invest,return_seeking_recent_winner,27,test,iid,constant_a001,0.11949838962962965
0.010354230370934222,0.005065232866776881,0.015080589039427137,0.193966,0.19396600000000003,15.000000000000002,1.0196078431372548,0.8897058823529411,0.013153823529411765,0.13322823529411765,136,0,3,monthly_beme_op,monthly size/profit/invest,return_seeking_recent_winner,27,test,iid,constant_a002,0.11949838962962965
0.01375415070526717,0.011537163334350882,0.015943159351631406,0.049852,0.049852,9.000000000000002,1.0196078431372548,0.9338235294117647,0.015877375,0.11909723529411764,136,0,2,monthly_beme_op,monthly size/profit/invest,return_seeking_recent_winner,27,test,iid,constant_a003,0.11949838962962965
0.012267844355555517,0.012267844355555543,0.012267844355555549,,inf,0.0,0.0,1.0,0.012729867647058824,0.08378829411764706,136,200,0,monthly_beme_op,monthly size/profit/invest,return_seeking_recent_winner,27,test,iid,constant_a004,0.11949838962962965
0.01241812522255539,0.012267844355555543,0.01286896782355503,-0.032313,inf,1.0,1.0196078431372548,0.9926470588235294,0.010292911764705884,0.1313721176470588,136,74,0,monthly_beme_op,monthly size/profit/invest,return_seeking_recent_winner,27,test,iid,constant_a005,0.11949838962962965
0.01209180806382157,0.011620526660566441,0.012391189249878243,0.0059440000000000005,inf,3.0000000000000004,1.0196078431372548,0.9779411764705882,0.007293139705882353,0.09094320588235294,136,10,1,monthly_beme_op,monthly size/profit/invest,return_seeking_recent_winner,27,test,iid,constant_a006,0.11949838962962965
0.012267844355555517,0.012267844355555543,0.012267844355555549,,inf,0.0,0.0,1.0,0.011329838235294118,0.09501655882352941,136,200,0,monthly_beme_op,monthly size/profit/invest,return_seeking_recent_winner,27,test,iid,constant_a007,0.11949838962962965
0.012267844355555517,0.012267844355555543,0.012267844355555549,,inf,0.0,0.0,1.0,0.011474867647058825,0.08307823529411763,136,200,0,monthly_beme_op,monthly size/profit/invest,return_seeking_recent_winner,27,test,iid,constant_a008,0.11949838962962965
0.011509891712469527,0.010176120256974237,0.013072987646725607,0.04424,0.04424,5.000000000000001,1.0196078431372548,0.9632352941176471,0.010274257352941176,0.0984035294117647,136,1,2,monthly_beme_op,monthly size/profit/invest,return_seeking_recent_winner,27,test,iid,constant_a009,0.11949838962962965
0.012267844355555517,0.012267844355555543,0.012267844355555549,,inf,0.0,0.0,1.0,0.009373007352941174,0.11470952941176471,136,200,0,monthly_beme_op,monthly size/profit/invest,return_seeking_recent_winner,27,test,iid,constant_a010,0.11949838962962965
0.012267844355555517,0.012267844355555543,0.012267844355555549,,inf,0.0,0.0,1.0,0.011024213235294116,0.1011819117647059,136,200,0,monthly_beme_op,monthly size/profit/invest,return_seeking_recent_winner,27,test,iid,constant_a011,0.11949838962962965
0.012267844355555517,0.012267844355555543,0.012267844355555549,,inf,0.0,0.0,1.0,0.008815691176470589,0.10376441176470588,136,200,0,monthly_beme_op,monthly size/profit/invest,return_seeking_recent_winner,27,test,iid,constant_a012,0.11949838962962965
0.011816279201794145,0.010913148894271425,0.012267844355555547,0.047964,inf,1.0,1.0196078431372548,0.9926470588235294,0.009981808823529413,0.11502073529411763,136,65,0,monthly_beme_op,monthly size/profit/invest,return_seeking_recent_winner,27,test,iid,constant_a013,0.11949838962962965
-0.019641664472391566,-0.02751890297827471,-0.010796159140095693,,inf,0.0,0.0,1.0,0.005425272058823529,0.15093029411764705,136,200,0,monthly_beme_op,monthly size/profit/invest,return_seeking_recent_winner,27,test,iid,constant_a014,0.11949838962962965
0.011923091787363798,0.011118067030253738,0.012383363976282192,0.04132600000000001,inf,2.0,1.0196078431372548,0.9852941176470589,0.01077013970588235,0.10116476470588236,136,23,1,monthly_beme_op,monthly size/profit/invest,return_seeking_recent_winner,27,test,iid,constant_a015,0.11949838962962965
0.012267844355555517,0.012267844355555543,0.012267844355555549,,inf,0.0,0.0,1.0,0.008198404411764707,0.11871282352941175,136,200,0,monthly_beme_op,monthly size/profit/invest,return_seeking_recent_winner,27,test,iid,constant_a016,0.11949838962962965
0.012267844355555517,0.012267844355555543,0.012267844355555549,,inf,0.0,0.0,1.0,0.010214404411764706,0.12240526470588234,136,200,0,monthly_beme_op,monthly size/profit/invest,return_seeking_recent_winner,27,test,iid,constant_a017,0.11949838962962965
0.012267844355555517,0.012267844355555543,0.012267844355555549,,inf,0.0,0.0,1.0,0.01078397794117647,0.1249915882352941,136,200,0,monthly_beme_op,monthly size/profit/invest,return_seeking_recent_winner,27,test,iid,constant_a018,0.11949838962962965
0.03938511657918867,0.025476139195700156,0.05350330865219941,0.08876200000000001,inf,2.0,1.0196078431372548,0.9852941176470589,0.004148029411764705,0.16689767647058826,136,28,1,monthly_beme_op,monthly size/profit/invest,return_seeking_recent_winner,27,test,iid,constant_a019,0.11949838962962965
0.011104904480789409,0.005727812494391898,0.015053339873209013,0.132271,0.132271,11.000000000000002,1.0196078431372548,0.9191176470588235,0.01308618382352941,0.1459555588235294,136,0,3,monthly_beme_op,monthly size/profit/invest,return_seeking_recent_winner,27,test,iid,constant_a020,0.11949838962962965
-0.9881647283335795,-4.0012982797281085,0.025425366618527883,0.033389,0.033389,1.0094301843407272,1299.9999999999998,0.9925777192327888,0.011047073529411767,0.14904241176470587,136,0,0,monthly_beme_op,monthly size/profit/invest,return_seeking_recent_winner,27,test,iid,constant_a021,0.11949838962962965
0.02621311831129745,0.015412530323385867,0.03666519793182762,0.001535,inf,1.0,1.0196078431372548,0.9926470588235294,0.01314758823529412,0.13828129411764706,136,76,0,monthly_beme_op,monthly size/profit/invest,return_seeking_recent_winner,27,test,iid,constant_a022,0.11949838962962965
-0.006232434945663869,-0.012187154446168413,0.00044961557975556663,0.032311,0.032311,18.0,1.0196078431372548,0.8676470588235294,0.014868257352941176,0.13557679411764706,136,0,3,monthly_beme_op,monthly size/profit/invest,return_seeking_recent_winner,27,test,iid,constant_a023,0.11949838962962965
-0.01382295850570801,-0.02375733762882161,-0.0065659280899458385,0.08165800000000001,0.08165800000000001,6.000000000000002,1.0196078431372548,0.9558823529411764,0.004658558823529411,0.22838226470588233,136,2,2,monthly_beme_op,monthly size/profit/invest,return_seeking_recent_winner,27,test,iid,constant_a024,0.11949838962962965
0.012267844355555517,0.012267844355555543,0.012267844355555549,,inf,0.0,0.0,1.0,0.010897742352941178,0.10712653647058824,136,200,0,monthly_beme_op,monthly size/profit/invest,return_seeking_recent_winner,27,test,iid,constant_equal_weight_public,0.11949838962962965
0.016789657913126695,0.0018573526059948095,0.029733562344807927,0.1409782962962963,0.16924211111111112,134.99999999999937,1.0196078431372548,0.007352941176475225,0.016952595588235295,0.14063335294117646,136,0,4,monthly_beme_op,monthly size/profit/invest,return_seeking_recent_winner,27,test,iid,momentum_12,0.11949838962962965
0.012940345644985895,0.011984570963272679,0.014154903096719637,0.025731,inf,1.0,1.0196078431372548,0.9926470588235294,0.00962212588235294,0.0925010588235294,136,68,0,monthly_beme_op,monthly size/profit/invest,return_seeking_recent_winner,27,test,iid,low_vol_12,0.11949838962962965
0.02126535079090952,0.010677377653615979,0.03218017405507096,0.11795542857142859,0.132271,55.99999999999978,1.0196078431372548,0.5882352941176487,0.018501286764705884,0.10194055882352941,136,0,4,monthly_beme_op,monthly size/profit/invest,return_seeking_recent_winner,27,test,iid,risk_adjusted_12,0.11949838962962965
0.12390230937647585,0.10946785182525748,0.1397716890879373,0.056729,0.056729,5.000000000000001,1.0196078431372548,0.9632352941176471,0.008813897058823529,0.16758358823529412,136,1,2,monthly_beme_op,monthly size/profit/invest,return_seeking_recent_winner,27,test,iid,ridge_return_train_only,0.11949838962962965
-0.10526888551861079,-0.1523749085581791,-0.045293490335778036,0.090065,0.090065,9.000000000000002,1.0196078431372548,0.9338235294117647,0.011030007352941176,0.15709526470588234,136,1,2,monthly_beme_op,monthly size/profit/invest,return_seeking_recent_winner,27,test,block,constant_a000,0.11949838962962965
0.019734673695450528,0.010548024797366395,0.03183527129013584,0.12294047826086958,0.162361,45.999999999999865,1.0196078431372548,0.6617647058823539,0.023444860294117645,0.12699891176470587,136,0,3,monthly_beme_op,monthly size/profit/invest,return_seeking_recent_winner,27,test,block,constant_a001,0.11949838962962965
0.010354230370934222,0.006120775128200688,0.014494805503986923,0.193966,0.19396600000000003,15.000000000000002,1.0196078431372548,0.8897058823529411,0.013153823529411765,0.13322823529411765,136,0,3,monthly_beme_op,monthly size/profit/invest,return_seeking_recent_winner,27,test,block,constant_a002,0.11949838962962965
0.01375415070526717,0.011984650610893243,0.016218550576079703,0.049852,0.049852,9.000000000000002,1.0196078431372548,0.9338235294117647,0.015877375,0.11909723529411764,136,3,2,monthly_beme_op,monthly size/profit/invest,return_seeking_recent_winner,27,test,block,constant_a003,0.11949838962962965
0.012267844355555517,0.012267844355555543,0.01226784435555555,,inf,0.0,0.0,1.0,0.012729867647058824,0.08378829411764706,136,200,0,monthly_beme_op,monthly size/profit/invest,return_seeking_recent_winner,27,test,block,constant_a004,0.11949838962962965
0.01241812522255539,0.012267844355555543,0.012718686956555163,-0.032313,inf,1.0,1.0196078431372548,0.9926470588235294,0.010292911764705884,0.1313721176470588,136,73,0,monthly_beme_op,monthly size/profit/invest,return_seeking_recent_winner,27,test,block,constant_a005,0.11949838962962965
0.01209180806382157,0.01178271381420863,0.012267844355555549,0.0059440000000000005,inf,3.0000000000000004,1.0196078431372548,0.9779411764705882,0.007293139705882353,0.09094320588235294,136,31,1,monthly_beme_op,monthly size/profit/invest,return_seeking_recent_winner,27,test,block,constant_a006,0.11949838962962965
0.012267844355555517,0.012267844355555543,0.01226784435555555,,inf,0.0,0.0,1.0,0.011329838235294118,0.09501655882352941,136,200,0,monthly_beme_op,monthly size/profit/invest,return_seeking_recent_winner,27,test,block,constant_a007,0.11949838962962965
0.012267844355555517,0.012267844355555543,0.01226784435555555,,inf,0.0,0.0,1.0,0.011474867647058825,0.08307823529411763,136,200,0,monthly_beme_op,monthly size/profit/invest,return_seeking_recent_winner,27,test,block,constant_a008,0.11949838962962965
0.011509891712469527,0.009677237482780982,0.01294611127511341,0.04424,0.04424,5.000000000000001,1.0196078431372548,0.9632352941176471,0.010274257352941176,0.0984035294117647,136,7,2,monthly_beme_op,monthly size/profit/invest,return_seeking_recent_winner,27,test,block,constant_a009,0.11949838962962965
0.012267844355555517,0.012267844355555543,0.01226784435555555,,inf,0.0,0.0,1.0,0.009373007352941174,0.11470952941176471,136,200,0,monthly_beme_op,monthly size/profit/invest,return_seeking_recent_winner,27,test,block,constant_a010,0.11949838962962965
0.012267844355555517,0.012267844355555543,0.01226784435555555,,inf,0.0,0.0,1.0,0.011024213235294116,0.1011819117647059,136,200,0,monthly_beme_op,monthly size/profit/invest,return_seeking_recent_winner,27,test,block,constant_a011,0.11949838962962965
0.012267844355555517,0.012267844355555543,0.01226784435555555,,inf,0.0,0.0,1.0,0.008815691176470589,0.10376441176470588,136,200,0,monthly_beme_op,monthly size/profit/invest,return_seeking_recent_winner,27,test,block,constant_a012,0.11949838962962965
0.011816279201794145,0.010901859765427388,0.01226784435555555,0.047964,inf,1.0,1.0196078431372548,0.9926470588235294,0.009981808823529413,0.11502073529411763,136,70,0,monthly_beme_op,monthly size/profit/invest,return_seeking_recent_winner,27,test,block,constant_a013,0.11949838962962965
-0.019641664472391566,-0.0292790475947353,-0.009395871835858476,,inf,0.0,0.0,1.0,0.005425272058823529,0.15093029411764705,136,200,0,monthly_beme_op,monthly size/profit/invest,return_seeking_recent_winner,27,test,block,constant_a014,0.11949838962962965
0.011923091787363798,0.011176539924695623,0.012324891081840313,0.04132600000000001,inf,2.0,1.0196078431372548,0.9852941176470589,0.01077013970588235,0.10116476470588236,136,48,1,monthly_beme_op,monthly size/profit/invest,return_seeking_recent_winner,27,test,block,constant_a015,0.11949838962962965
0.012267844355555517,0.012267844355555543,0.01226784435555555,,inf,0.0,0.0,1.0,0.008198404411764707,0.11871282352941175,136,200,0,monthly_beme_op,monthly size/profit/invest,return_seeking_recent_winner,27,test,block,constant_a016,0.11949838962962965
0.012267844355555517,0.012267844355555543,0.01226784435555555,,inf,0.0,0.0,1.0,0.010214404411764706,0.12240526470588234,136,200,0,monthly_beme_op,monthly size/profit/invest,return_seeking_recent_winner,27,test,block,constant_a017,0.11949838962962965
0.012267844355555517,0.012267844355555543,0.01226784435555555,,inf,0.0,0.0,1.0,0.01078397794117647,0.1249915882352941,136,200,0,monthly_beme_op,monthly size/profit/invest,return_seeking_recent_winner,27,test,block,constant_a018,0.11949838962962965
0.03938511657918867,0.020545270504493916,0.0568175802408477,0.08876200000000001,inf,2.0,1.0196078431372548,0.9852941176470589,0.004148029411764705,0.16689767647058826,136,29,1,monthly_beme_op,monthly size/profit/invest,return_seeking_recent_winner,27,test,block,constant_a019,0.11949838962962965
0.011104904480789409,0.008475866827101112,0.01351980911907983,0.132271,0.132271,11.000000000000002,1.0196078431372548,0.9191176470588235,0.01308618382352941,0.1459555588235294,136,3,3,monthly_beme_op,monthly size/profit/invest,return_seeking_recent_winner,27,test,block,constant_a020,0.11949838962962965
-0.9881647283335795,-3.000771704467785,0.029059563373755485,0.033389,0.033389,1.0094301843407272,1299.9999999999998,0.9925777192327888,0.011047073529411767,0.14904241176470587,136,8,0,monthly_beme_op,monthly size/profit/invest,return_seeking_recent_winner,27,test,block,constant_a021,0.11949838962962965
0.02621311831129745,0.011787724450395316,0.04148546030601728,0.001535,inf,1.0,1.0196078431372548,0.9926470588235294,0.01314758823529412,0.13828129411764706,136,77,0,monthly_beme_op,monthly size/profit/invest,return_seeking_recent_winner,27,test,block,constant_a022,0.11949838962962965
-0.006232434945663869,-0.013166952855159435,0.0005553494206254309,0.032311,0.032311,18.0,1.0196078431372548,0.8676470588235294,0.014868257352941176,0.13557679411764706,136,0,3,monthly_beme_op,monthly size/profit/invest,return_seeking_recent_winner,27,test,block,constant_a023,0.11949838962962965
-0.01382295850570801,-0.027371619308891794,-0.0016403398270814465,0.08165800000000001,0.08165800000000001,6.000000000000002,1.0196078431372548,0.9558823529411764,0.004658558823529411,0.22838226470588233,136,5,2,monthly_beme_op,monthly size/profit/invest,return_seeking_recent_winner,27,test,block,constant_a024,0.11949838962962965
0.012267844355555517,0.012267844355555543,0.01226784435555555,,inf,0.0,0.0,1.0,0.010897742352941178,0.10712653647058824,136,200,0,monthly_beme_op,monthly size/profit/invest,return_seeking_recent_winner,27,test,block,constant_equal_weight_public,0.11949838962962965
0.016789657913126695,0.004547354990560717,0.030084605181966446,0.1409782962962963,0.16739470370370374,134.99999999999937,1.0196078431372548,0.007352941176475225,0.016952595588235295,0.14063335294117646,136,0,4,monthly_beme_op,monthly size/profit/invest,return_seeking_recent_winner,27,test,block,momentum_12,0.11949838962962965
0.012940345644985895,0.012001064785095203,0.014247458670835055,0.025731,inf,1.0,1.0196078431372548,0.9926470588235294,0.00962212588235294,0.0925010588235294,136,81,0,monthly_beme_op,monthly size/profit/invest,return_seeking_recent_winner,27,test,block,low_vol_12,0.11949838962962965
0.02126535079090952,0.012450318796536916,0.03336663308664659,0.11795542857142859,0.1293286923076923,55.99999999999978,1.0196078431372548,0.5882352941176487,0.018501286764705884,0.10194055882352941,136,0,4,monthly_beme_op,monthly size/profit/invest,return_seeking_recent_winner,27,test,block,risk_adjusted_12,0.11949838962962965
0.12390230937647585,0.10187028803057052,0.14535818095105832,0.056729,0.056729,5.000000000000001,1.0196078431372548,0.9632352941176471,0.008813897058823529,0.16758358823529412,136,2,2,monthly_beme_op,monthly size/profit/invest,return_seeking_recent_winner,27,test,block,ridge_return_train_only,0.11949838962962965
0.020103780799446774,-0.07118217129259123,0.12597931911705848,0.057786,inf,1.9851441019156257,55.328539180091916,0.9816190360933739,0.009011361111111112,0.15419533333333332,108,19,0,monthly_beme_op,monthly size/profit/invest,market_state_mixed,7,calibration,iid,constant_a000,0.11949838962962965
0.013048382946833711,-0.0006547439681947617,0.026212887385305927,0.029516,0.029516,1.962579694904505,61.90847525349197,0.9818279657879212,0.005691944444444445,0.1491787037037037,108,0,0,monthly_beme_op,monthly size/profit/invest,market_state_mixed,7,calibration,iid,constant_a001,0.11949838962962965
0.00861366772520786,-0.007625484857845487,0.02453579233213098,0.02164835775010531,0.056705,3.056172615394021,59.22433846861943,0.9717021054130183,0.009587805555555553,0.13425677777777775,108,1,1,monthly_beme_op,monthly size/profit/invest,market_state_mixed,7,calibration,iid,constant_a002,0.11949838962962965
0.00022838832445464167,-0.07525502507252745,0.07516457983733614,0.073243,inf,2.927919940090779,36.717615406428315,0.9728896301843446,0.007711083333333333,0.09189985185185184,108,13,1,monthly_beme_op,monthly size/profit/invest,market_state_mixed,7,calibration,iid,constant_a003,0.11949838962962965
0.025381684456182833,-0.006132685628750026,0.07126827361778716,0.000877,inf,1.601896219948144,50.4141236998936,0.9851676275930727,0.008999,0.09132614814814814,108,10,0,monthly_beme_op,monthly size/profit/invest,market_state_mixed,7,calibration,iid,constant_a004,0.11949838962962965
0.05186671339909649,0.002452092797585475,0.12257890391831086,0.030494,0.030494000000000004,3.8668273001506837,64.99371458721383,0.9641960435171233,0.007037601851851851,0.14897285185185186,108,0,1,monthly_beme_op,monthly size/profit/invest,market_state_mixed,7,calibration,iid,constant_a005,0.11949838962962965
-0.005618021037277016,-0.041378565177062926,0.021726561417397303,0.126781,0.126781,3.4817682135193424,55.46389693785287,0.9677614054303765,0.008633907407407406,0.12433974074074074,108,0,1,monthly_beme_op,monthly size/profit/invest,market_state_mixed,7,calibration,iid,constant_a006,0.11949838962962965
-0.005087676310563053,-0.0361904686743765,0.01801745781552839,0.060599,0.06059900000000001,4.3736002834577885,25.026274769590664,0.9595037010790946,0.008959064814814816,0.10838277777777777,108,0,1,monthly_beme_op,monthly size/profit/invest,market_state_mixed,7,calibration,iid,constant_a007,0.11949838962962965
0.01672528009334193,-0.004616339564385598,0.041332649973770806,0.003964,0.003964,5.117822102834372,48.45937294442364,0.9526127583070891,0.008833333333333334,0.10437133333333333,108,0,2,monthly_beme_op,monthly size/profit/invest,market_state_mixed,7,calibration,iid,constant_a008,0.11949838962962965
0.034393897846352287,-0.04635176446821427,0.10420341887931178,0.031984,0.031984,5.289272951998872,64.60769432279577,0.9510252504444549,0.008357185185185186,0.10816214814814815,108,0,2,monthly_beme_op,monthly size/profit/invest,market_state_mixed,7,calibration,iid,constant_a009,0.11949838962962965
0.03200034785903778,0.011877753662860195,0.06552151167656771,-0.004458,-0.004458,1.9527672300527903,52.80542129550264,0.9819188219439556,0.006952916666666668,0.1526792962962963,108,9,0,monthly_beme_op,monthly size/profit/invest,market_state_mixed,7,calibration,iid,constant_a010,0.11949838962962965
-0.007401401842980142,-0.04763750259560734,0.012716648533333342,0.064466,inf,1.0,28.150749966859497,0.9907407407407407,0.008470018518518517,0.11324855555555556,108,74,0,monthly_beme_op,monthly size/profit/invest,market_state_mixed,7,calibration,iid,constant_a011,0.11949838962962965
0.0233734582788265,0.012716648533333333,0.04785268343076051,-0.021973,inf,1.987434247183707,34.16851213123038,0.9815978310445953,0.007643851851851852,0.12476462962962963,108,33,0,monthly_beme_op,monthly size/profit/invest,market_state_mixed,7,calibration,iid,constant_a012,0.11949838962962965
0.008750732389459634,-0.01880653880753727,0.028510073070188317,0.009115999999999999,0.009115999999999999,4.10636953856145,50.974456578204595,0.9619780598281347,0.008225361111111112,0.10516055555555555,108,1,1,monthly_beme_op,monthly size/profit/invest,market_state_mixed,7,calibration,iid,constant_a013,0.11949838962962965
0.023588988383181953,-0.018562499450355468,0.09537473031745106,0.079646,inf,1.479455951392078,26.035917313309255,0.9863013337834067,0.01212915740740741,0.12042751851851852,108,34,0,monthly_beme_op,monthly size/profit/invest,market_state_mixed,7,calibration,iid,constant_a014,0.11949838962962965
-0.009933138434833023,-0.055605890427478766,0.013269504913056248,0.053739999999999996,inf,1.2622763768322502,37.108097935378986,0.9883122557700718,0.004571592592592592,0.18182740740740738,108,25,0,monthly_beme_op,monthly size/profit/invest,market_state_mixed,7,calibration,iid,constant_a015,0.11949838962962965
0.018705460494567668,0.012716648533333331,0.03068308441703629,-0.06065999999999999,inf,1.0,13.49074839423768,0.9907407407407407,0.005576574074074074,0.15014825925925926,108,66,0,monthly_beme_op,monthly size/profit/invest,market_state_mixed,7,calibration,iid,constant_a016,0.11949838962962965
-0.0014582842229210618,-0.03401487974066942,0.020085371169586436,0.083255,0.083255,2.336476306122838,59.95295248823748,0.9783659601284922,0.007114703703703705,0.1573044814814815,108,0,1,monthly_beme_op,monthly size/profit/invest,market_state_mixed,7,calibration,iid,constant_a017,0.11949838962962965
0.012013792053572026,0.010508369719522346,0.013011665562549292,0.0009339999999999999,0.0009339999999999999,1.5858536904179041,52.65569056867603,0.9853161695331676,0.002282416666666666,0.17135685185185184,108,2,0,monthly_beme_op,monthly size/profit/invest,market_state_mixed,7,calibration,iid,constant_a018,0.11949838962962965
0.020059278262573234,0.012716648533333331,0.034744537721052855,-0.025233,inf,1.0,63.357441892696556,0.9907407407407407,0.010592287037037039,0.19485992592592594,108,75,0,monthly_beme_op,monthly size/profit/invest,market_state_mixed,7,calibration,iid,constant_a019,0.11949838962962965
0.07819379811200987,0.012716648533333333,0.20848807544860548,-0.07362099999999999,inf,1.8949173056147732,63.1925640099455,0.9824544693924558,0.005733851851851852,0.16194114814814817,108,32,0,monthly_beme_op,monthly size/profit/invest,market_state_mixed,7,calibration,iid,constant_a020,0.11949838962962965
0.12805230193531092,0.008271281768752282,0.3299952775312453,-0.000167,inf,2.372663352915743,60.034784930158246,0.9780308948804098,0.004910851851851851,0.14231881481481481,108,11,1,monthly_beme_op,monthly size/profit/invest,market_state_mixed,7,calibration,iid,constant_a021,0.11949838962962965
-0.013573436602251734,-0.12793320141530454,0.15423661251247156,0.039725,0.039725,5.812512926830393,62.955747015824954,0.9461804358626815,0.0070512870370370365,0.17373688888888889,108,0,2,monthly_beme_op,monthly size/profit/invest,market_state_mixed,7,calibration,iid,constant_a022,0.11949838962962965
-0.009077004053489502,-0.18448360450774168,0.11917604295897373,0.17772045920194066,0.19006530722697304,5.290914358400269,64.47503372521116,0.9510100522370345,0.01687215740740741,0.16973874074074072,108,0,2,monthly_beme_op,monthly size/profit/invest,market_state_mixed,7,calibration,iid,constant_a023,0.11949838962962965
-0.08397811744335433,-0.30974063472373864,0.016496872362935584,0.367737,0.367737,1.6414046628447403,64.32164801881787,0.9848018086773636,0.020826731481481484,0.17694474074074074,108,0,0,monthly_beme_op,monthly size/profit/invest,market_state_mixed,7,calibration,iid,constant_a024,0.11949838962962965
0.018124343948199256,0.012716648533333331,0.029074927163302736,-0.036469720000000004,inf,1.0,24.587603570557363,0.9907407407407407,0.008471041851851852,0.11949838962962965,108,80,0,monthly_beme_op,monthly size/profit/invest,market_state_mixed,7,calibration,iid,constant_equal_weight_public,0.11949838962962965
0.01995670284494389,-0.03872036197998884,0.08070322546437876,0.13327278597580552,0.21465499999999998,5.852410217858447,32.25776706130454,0.9458110165013107,0.010304194444444444,0.15110244444444446,108,0,2,monthly_beme_op,monthly size/profit/invest,market_state_mixed,7,calibration,iid,momentum_12,0.11949838962962965
0.010414978036631757,-0.00748620848664667,0.02559555404335414,0.05569754106859514,0.0655937625149149,4.267176794552653,49.06404352463796,0.9604891037541421,0.009455527777777776,0.09748044444444444,108,0,1,monthly_beme_op,monthly size/profit/invest,market_state_mixed,7,calibration,iid,low_vol_12,0.11949838962962965
0.0005303834006318481,-0.01549058167430641,0.019636705266188468,0.14401796410710932,0.21465499999999998,23.326677412511273,6.612113128152205,0.7840122461804512,0.009305453703703703,0.14096814814814815,108,0,3,monthly_beme_op,monthly size/profit/invest,market_state_mixed,7,calibration,iid,risk_adjusted_12,0.11949838962962965
-0.06445150531937267,-0.2416972200821563,0.062289252889958784,0.17188500000000004,0.171885,4.278086832909667,42.24757015909232,0.960388084880466,0.013267990740740742,0.14563785185185182,108,0,1,monthly_beme_op,monthly size/profit/invest,market_state_mixed,7,calibration,iid,ridge_return_train_only,0.11949838962962965
0.020103780799446774,-0.07838462525205181,0.1259793191170585,0.057786,inf,1.9851441019156257,55.328539180091916,0.9816190360933739,0.009011361111111112,0.15419533333333332,108,26,0,monthly_beme_op,monthly size/profit/invest,market_state_mixed,7,calibration,block,constant_a000,0.11949838962962965
0.013048382946833711,-0.0036378153977357037,0.026777933908472627,0.029516,0.029516000000000004,1.962579694904505,61.90847525349197,0.9818279657879212,0.005691944444444445,0.1491787037037037,108,0,0,monthly_beme_op,monthly size/profit/invest,market_state_mixed,7,calibration,block,constant_a001,0.11949838962962965
0.00861366772520786,-0.003996106091740361,0.022660680135266988,0.02164835775010531,0.056705,3.056172615394021,59.22433846861943,0.9717021054130183,0.009587805555555553,0.13425677777777775,108,6,1,monthly_beme_op,monthly size/profit/invest,market_state_mixed,7,calibration,block,constant_a002,0.11949838962962965
0.00022838832445464167,-0.08689753743918621,0.07048937292213592,0.073243,inf,2.927919940090779,36.717615406428315,0.9728896301843446,0.007711083333333333,0.09189985185185184,108,13,1,monthly_beme_op,monthly size/profit/invest,market_state_mixed,7,calibration,block,constant_a003,0.11949838962962965
0.025381684456182833,-0.007297815031437331,0.08001960590669019,0.000877,0.0008770000000000001,1.601896219948144,50.4141236998936,0.9851676275930727,0.008999,0.09132614814814814,108,9,0,monthly_beme_op,monthly size/profit/invest,market_state_mixed,7,calibration,block,constant_a004,0.11949838962962965
0.05186671339909649,-0.006082597434996772,0.16164265061151392,0.030494,0.030494000000000004,3.8668273001506837,64.99371458721383,0.9641960435171233,0.007037601851851851,0.14897285185185186,108,1,1,monthly_beme_op,monthly size/profit/invest,market_state_mixed,7,calibration,block,constant_a005,0.11949838962962965
-0.005618021037277016,-0.046716140955587,0.02000291751668916,0.126781,0.126781,3.4817682135193424,55.46389693785287,0.9677614054303765,0.008633907407407406,0.12433974074074074,108,1,1,monthly_beme_op,monthly size/profit/invest,market_state_mixed,7,calibration,block,constant_a006,0.11949838962962965
-0.005087676310563053,-0.030867014202931507,0.018017457815528385,0.060599,0.06059900000000001,4.3736002834577885,25.026274769590664,0.9595037010790946,0.008959064814814816,0.10838277777777777,108,0,1,monthly_beme_op,monthly size/profit/invest,market_state_mixed,7,calibration,block,constant_a007,0.11949838962962965
0.01672528009334193,-0.004048908116562404,0.039991225444734935,0.003964,0.003964,5.117822102834372,48.45937294442364,0.9526127583070891,0.008833333333333334,0.10437133333333333,108,0,2,monthly_beme_op,monthly size/profit/invest,market_state_mixed,7,calibration,block,constant_a008,0.11949838962962965
0.034393897846352287,-0.037722087829079036,0.09005750676281898,0.031984,0.031984,5.289272951998872,64.60769432279577,0.9510252504444549,0.008357185185185186,0.10816214814814815,108,0,2,monthly_beme_op,monthly size/profit/invest,market_state_mixed,7,calibration,block,constant_a009,0.11949838962962965
0.03200034785903778,0.011898214513359541,0.06631092701874304,-0.004458,inf,1.9527672300527903,52.80542129550264,0.9819188219439556,0.006952916666666668,0.1526792962962963,108,18,0,monthly_beme_op,monthly size/profit/invest,market_state_mixed,7,calibration,block,constant_a010,0.11949838962962965
-0.007401401842980142,-0.06775555297192083,0.012716648533333342,0.064466,inf,1.0,28.150749966859497,0.9907407407407407,0.008470018518518517,0.11324855555555556,108,74,0,monthly_beme_op,monthly size/profit/invest,market_state_mixed,7,calibration,block,constant_a011,0.11949838962962965
0.0233734582788265,0.012716648533333333,0.04470379121063193,-0.021973,inf,1.987434247183707,34.16851213123038,0.9815978310445953,0.007643851851851852,0.12476462962962963,108,31,0,monthly_beme_op,monthly size/profit/invest,market_state_mixed,7,calibration,block,constant_a012,0.11949838962962965
0.008750732389459634,-0.018082733204095053,0.031452031497859086,0.009115999999999999,0.009115999999999999,4.10636953856145,50.974456578204595,0.9619780598281347,0.008225361111111112,0.10516055555555555,108,1,1,monthly_beme_op,monthly size/profit/invest,market_state_mixed,7,calibration,block,constant_a013,0.11949838962962965
0.023588988383181953,-0.02102969242254755,0.09267339302935733,0.079646,inf,1.479455951392078,26.035917313309255,0.9863013337834067,0.01212915740740741,0.12042751851851852,108,22,0,monthly_beme_op,monthly size/profit/invest,market_state_mixed,7,calibration,block,constant_a014,0.11949838962962965
-0.009933138434833023,-0.0557855687508887,0.013085219453148611,0.053739999999999996,inf,1.2622763768322502,37.108097935378986,0.9883122557700718,0.004571592592592592,0.18182740740740738,108,23,0,monthly_beme_op,monthly size/profit/invest,market_state_mixed,7,calibration,block,constant_a015,0.11949838962962965
0.018705460494567668,0.012716648533333331,0.030683084417036294,-0.06065999999999999,inf,1.0,13.49074839423768,0.9907407407407407,0.005576574074074074,0.15014825925925926,108,69,0,monthly_beme_op,monthly size/profit/invest,market_state_mixed,7,calibration,block,constant_a016,0.11949838962962965
-0.0014582842229210618,-0.029900478172779035,0.018613338359644783,0.083255,0.083255,2.336476306122838,59.95295248823748,0.9783659601284922,0.007114703703703705,0.1573044814814815,108,1,1,monthly_beme_op,monthly size/profit/invest,market_state_mixed,7,calibration,block,constant_a017,0.11949838962962965
0.012013792053572026,0.010260518857562724,0.01308280136170516,0.0009339999999999999,0.000934,1.5858536904179041,52.65569056867603,0.9853161695331676,0.002282416666666666,0.17135685185185184,108,5,0,monthly_beme_op,monthly size/profit/invest,market_state_mixed,7,calibration,block,constant_a018,0.11949838962962965
0.020059278262573234,0.012716648533333331,0.03474453772105285,-0.025233,inf,1.0,63.357441892696556,0.9907407407407407,0.010592287037037039,0.19485992592592594,108,67,0,monthly_beme_op,monthly size/profit/invest,market_state_mixed,7,calibration,block,constant_a019,0.11949838962962965
0.07819379811200987,0.012716648533333333,0.2084711518121757,-0.07362099999999999,inf,1.8949173056147732,63.1925640099455,0.9824544693924558,0.005733851851851852,0.16194114814814817,108,31,0,monthly_beme_op,monthly size/profit/invest,market_state_mixed,7,calibration,block,constant_a020,0.11949838962962965
0.12805230193531092,0.007959270989590948,0.3176167535127163,-0.000167,inf,2.372663352915743,60.034784930158246,0.9780308948804098,0.004910851851851851,0.14231881481481481,108,11,1,monthly_beme_op,monthly size/profit/invest,market_state_mixed,7,calibration,block,constant_a021,0.11949838962962965
-0.013573436602251734,-0.13749780619036095,0.14074843644817175,0.039725,0.039725,5.812512926830393,62.955747015824954,0.9461804358626815,0.0070512870370370365,0.17373688888888889,108,0,2,monthly_beme_op,monthly size/profit/invest,market_state_mixed,7,calibration,block,constant_a022,0.11949838962962965
-0.009077004053489502,-0.1785085791460256,0.11718391499693191,0.17772045920194066,0.19142158085976047,5.290914358400269,64.47503372521116,0.9510100522370345,0.01687215740740741,0.16973874074074072,108,0,2,monthly_beme_op,monthly size/profit/invest,market_state_mixed,7,calibration,block,constant_a023,0.11949838962962965
-0.08397811744335433,-0.23279679595747865,0.012800081091259595,0.367737,0.367737,1.6414046628447403,64.32164801881787,0.9848018086773636,0.020826731481481484,0.17694474074074074,108,2,0,monthly_beme_op,monthly size/profit/invest,market_state_mixed,7,calibration,block,constant_a024,0.11949838962962965
0.018124343948199256,0.012716648533333331,0.028939734777931055,-0.036469720000000004,inf,1.0,24.587603570557363,0.9907407407407407,0.008471041851851852,0.11949838962962965,108,81,0,monthly_beme_op,monthly size/profit/invest,market_state_mixed,7,calibration,block,constant_equal_weight_public,0.11949838962962965
0.01995670284494389,-0.032166832811257894,0.09617571034812061,0.13327278597580552,0.21465499999999998,5.852410217858447,32.25776706130454,0.9458110165013107,0.010304194444444444,0.15110244444444446,108,0,2,monthly_beme_op,monthly size/profit/invest,market_state_mixed,7,calibration,block,momentum_12,0.11949838962962965
0.010414978036631757,-0.004244254456942068,0.027005953247971393,0.05569754106859514,0.065706,4.267176794552653,49.06404352463796,0.9604891037541421,0.009455527777777776,0.09748044444444444,108,0,1,monthly_beme_op,monthly size/profit/invest,market_state_mixed,7,calibration,block,low_vol_12,0.11949838962962965
0.0005303834006318481,-0.01584350001701132,0.01624516383809288,0.14401796410710932,0.21465499999999998,23.326677412511273,6.612113128152205,0.7840122461804512,0.009305453703703703,0.14096814814814815,108,0,3,monthly_beme_op,monthly size/profit/invest,market_state_mixed,7,calibration,block,risk_adjusted_12,0.11949838962962965
-0.06445150531937267,-0.24744260021636524,0.0648641617624084,0.17188500000000004,0.171885,4.278086832909667,42.24757015909232,0.960388084880466,0.013267990740740742,0.14563785185185182,108,0,1,monthly_beme_op,monthly size/profit/invest,market_state_mixed,7,calibration,block,ridge_return_train_only,0.11949838962962965
0.029665681542125677,-0.005262728574260569,0.0738654396198115,0.021088,inf,2.6247157637321323,36.16655390192369,0.9807006193843225,0.011030007352941176,0.15709526470588234,136,10,1,monthly_beme_op,monthly size/profit/invest,market_state_mixed,7,test,iid,constant_a000,0.11949838962962965
0.02781856958346883,0.006037272870191463,0.04988411338325391,0.07888443962504149,0.087787,4.996163447141455,47.98619399386971,0.9632635040651364,0.023444860294117645,0.12699891176470587,136,0,1,monthly_beme_op,monthly size/profit/invest,market_state_mixed,7,test,iid,constant_a001,0.11949838962962965
-0.13106023799221167,-0.2746225065547836,-0.018181982440906064,0.100115,0.10011500000000001,7.5672860486663485,64.99948069341144,0.9443581908186298,0.013153823529411765,0.13322823529411765,136,0,2,monthly_beme_op,monthly size/profit/invest,market_state_mixed,7,test,iid,constant_a002,0.11949838962962965
0.019444907528501046,0.004319919489259027,0.03532149460539357,0.07803370786662223,0.08654099999999999,6.557263336550784,25.230429370746794,0.9517848284077148,0.015877375,0.11909723529411764,136,0,2,monthly_beme_op,monthly size/profit/invest,market_state_mixed,7,test,iid,constant_a003,0.11949838962962965
-0.01377684057535353,-0.0714288922326188,0.058083989497424486,-0.003311,-0.0033109999999999997,4.723503757293242,33.768734523866335,0.965268354725785,0.012729867647058824,0.08378829411764706,136,0,1,monthly_beme_op,monthly size/profit/invest,market_state_mixed,7,test,iid,constant_a004,0.11949838962962965
0.024485700667973048,0.004224953472703251,0.060761347528197354,0.050856000000000005,inf,1.6725497670033953,23.500157474690862,0.9877018399485045,0.010292911764705884,0.1313721176470588,136,24,0,monthly_beme_op,monthly size/profit/invest,market_state_mixed,7,test,iid,constant_a005,0.11949838962962965
0.030608991040079362,0.012716648533333326,0.08361643072395626,-0.019464,inf,1.2827843332320283,31.430112425842616,0.9905677622556468,0.007293139705882353,0.09094320588235294,136,29,0,monthly_beme_op,monthly size/profit/invest,market_state_mixed,7,test,iid,constant_a006,0.11949838962962965
-0.011301213022399365,-0.0538476169685152,0.012716648533333328,0.077687,inf,1.7602562065647989,32.13829541252701,0.9870569396576118,0.011329838235294118,0.09501655882352941,136,25,0,monthly_beme_op,monthly size/profit/invest,market_state_mixed,7,test,iid,constant_a007,0.11949838962962965
-0.01332938723625864,-0.07160279851548625,0.020181116604707,0.06416000000000001,0.06416000000000001,3.2882315192162035,48.07353956437037,0.9758218270645868,0.011474867647058825,0.08307823529411763,136,1,1,monthly_beme_op,monthly size/profit/invest,market_state_mixed,7,test,iid,constant_a008,0.11949838962962965
0.005466146407340124,-0.00890020723018787,0.012716648533333328,0.0050360000000000005,inf,1.6926450220819793,53.29354649517561,0.9875540807199854,0.010274257352941176,0.0984035294117647,136,28,0,monthly_beme_op,monthly size/profit/invest,market_state_mixed,7,test,iid,constant_a009,0.11949838962962965
0.04760246505467997,0.011524068047878543,0.11308431505561152,-0.010868,inf,2.9277989428246096,64.92031908049834,0.9784720665968779,0.009373007352941174,0.11470952941176471,136,10,1,monthly_beme_op,monthly size/profit/invest,market_state_mixed,7,test,iid,constant_a010,0.11949838962962965
0.009502690801524424,0.0036225799422947825,0.012716648533333326,0.007903,inf,1.6792390077462083,44.88988162280563,0.9876526543548073,0.011024213235294116,0.1011819117647059,136,18,0,monthly_beme_op,monthly size/profit/invest,market_state_mixed,7,test,iid,constant_a011,0.11949838962962965
-0.025819910065457936,-0.09609335689108024,0.022257730333174255,0.10748300000000001,0.10748300000000001,3.9973807142149544,61.156082992616255,0.9706074947484195,0.008815691176470589,0.10376441176470588,136,0,1,monthly_beme_op,monthly size/profit/invest,market_state_mixed,7,test,iid,constant_a012,0.11949838962962965
0.02504342428017865,0.002628650606058963,0.05610190276798966,0.056518,0.056518000000000006,4.1532599490298265,27.937245373416467,0.9694613239041925,0.009981808823529413,0.11502073529411763,136,0,1,monthly_beme_op,monthly size/profit/invest,market_state_mixed,7,test,iid,constant_a013,0.11949838962962965
0.06589703776254462,-0.01294557838901723,0.19371760690004938,-0.043872,inf,2.999974980413643,64.85254597216692,0.977941360438135,0.005425272058823529,0.15093029411764705,136,10,1,monthly_beme_op,monthly size/profit/invest,market_state_mixed,7,test,iid,constant_a014,0.11949838962962965
0.03640399251443979,-0.00036551306544386965,0.07398152436197036,0.008051,0.008051,3.266121281711335,64.99611337627425,0.9759844023403579,0.01077013970588235,0.10116476470588236,136,6,1,monthly_beme_op,monthly size/profit/invest,market_state_mixed,7,test,iid,constant_a015,0.11949838962962965
-0.05610433480588208,-0.13498500711238978,0.003558250840427256,0.054832387786063225,0.05657557886630602,5.044741730717162,64.55911784474068,0.9629063108035503,0.008198404411764707,0.11871282352941175,136,0,2,monthly_beme_op,monthly size/profit/invest,market_state_mixed,7,test,iid,constant_a016,0.11949838962962965
-0.12505561775568874,-0.43247784071475004,0.04802714028280039,0.259096,0.259096,4.710937726398902,62.868280372886325,0.9653607520117727,0.010214404411764706,0.12240526470588234,136,0,1,monthly_beme_op,monthly size/profit/invest,market_state_mixed,7,test,iid,constant_a017,0.11949838962962965
-0.014880125841467487,-0.07714142585113953,0.014266330853233665,0.035081,0.035081,2.1575915143775295,63.73230529059636,0.98413535651193,0.01078397794117647,0.1249915882352941,136,1,1,monthly_beme_op,monthly size/profit/invest,market_state_mixed,7,test,iid,constant_a018,0.11949838962962965
-0.04656323037051563,-0.13910890704646278,0.012716648533333326,0.066749,inf,2.446320741009014,64.43387114360277,0.9820123474925808,0.004148029411764705,0.16689767647058826,136,10,1,monthly_beme_op,monthly size/profit/invest,market_state_mixed,7,test,iid,constant_a019,0.11949838962962965
0.05941293374835892,-0.0057219974548874935,0.17450141855245224,0.119521,0.11952100000000002,1.6442911243798868,62.57040393920375,0.987909624085442,0.01308618382352941,0.1459555588235294,136,0,0,monthly_beme_op,monthly size/profit/invest,market_state_mixed,7,test,iid,constant_a020,0.11949838962962965
0.021173780121679288,-0.10004338837344003,0.150481756634304,0.09654299999999999,0.09654299999999999,3.970541563475704,61.00742786554811,0.9708048414450315,0.011047073529411767,0.14904241176470587,136,5,1,monthly_beme_op,monthly size/profit/invest,market_state_mixed,7,test,iid,constant_a021,0.11949838962962965
0.06193214817774454,0.0327938547575906,0.10363808971793427,0.03809011165021403,0.054335,2.622762397139912,40.92174768163682,0.9807149823739713,0.01314758823529412,0.13828129411764706,136,0,1,monthly_beme_op,monthly size/profit/invest,market_state_mixed,7,test,iid,constant_a022,0.11949838962962965
0.012221527615311326,-0.2899521158700257,0.184707477785325,0.01459029076702718,0.025731,1.4718925419331081,64.69142349814607,0.98917726072108,0.014868257352941176,0.13557679411764706,136,0,0,monthly_beme_op,monthly size/profit/invest,market_state_mixed,7,test,iid,constant_a023,0.11949838962962965
-0.0022471113411077354,-0.043765626417516794,0.029057746650220338,0.025892,inf,2.543739560133632,64.91137333007184,0.9812960326460762,0.004658558823529411,0.22838226470588233,136,12,1,monthly_beme_op,monthly size/profit/invest,market_state_mixed,7,test,iid,constant_a024,0.11949838962962965
0.032891753312639445,0.012716648533333326,0.07101218240215318,-0.02363316,-0.02363316,2.135769901008315,38.68004887203137,0.9842958095514095,0.010897742352941178,0.10712653647058824,136,6,1,monthly_beme_op,monthly size/profit/invest,market_state_mixed,7,test,iid,constant_equal_weight_public,0.11949838962962965
0.019261527518037457,-0.012573462564800629,0.04353511349994296,0.119521,0.11952100000000002,12.2689393807957,18.68185037953351,0.9097872104353257,0.016952595588235295,0.14063335294117646,136,0,3,monthly_beme_op,monthly size/profit/invest,market_state_mixed,7,test,iid,momentum_12,0.11949838962962965
-0.02170968008571946,-0.08435954468619514,0.017327047219367505,0.10748300000000001,0.10748300000000002,3.018529722478168,33.82300210931388,0.9778049285111899,0.00962212588235294,0.0925010588235294,136,0,1,monthly_beme_op,monthly size/profit/invest,market_state_mixed,7,test,iid,low_vol_12,0.11949838962962965
-7.099838719135661e-05,-0.027693259870765104,0.021509389413272774,0.11952099999999999,0.11952100000000002,32.62378634511473,8.743626555712364,0.760119218050627,0.018501286764705884,0.10194055882352941,136,0,3,monthly_beme_op,monthly size/profit/invest,market_state_mixed,7,test,iid,risk_adjusted_12,0.11949838962962965
0.01645124859978396,-0.28750700638257565,0.18747772790931966,0.015708022049602123,0.025731,1.3258666408554138,64.69142349814607,0.9902509805819455,0.015771117647058824,0.13456776470588233,136,1,0,monthly_beme_op,monthly size/profit/invest,market_state_mixed,7,test,iid,ridge_return_train_only,0.11949838962962965
0.029665681542125677,-0.014252417128057516,0.07574479184784218,0.021088,inf,2.6247157637321323,36.16655390192369,0.9807006193843225,0.011030007352941176,0.15709526470588234,136,11,1,monthly_beme_op,monthly size/profit/invest,market_state_mixed,7,test,block,constant_a000,0.11949838962962965
0.02781856958346883,0.006024114456221402,0.05189106538384284,0.07888443962504149,0.087787,4.996163447141455,47.98619399386971,0.9632635040651364,0.023444860294117645,0.12699891176470587,136,0,1,monthly_beme_op,monthly size/profit/invest,market_state_mixed,7,test,block,constant_a001,0.11949838962962965
-0.13106023799221167,-0.2511941405553679,-0.013620652618604793,0.100115,0.100115,7.5672860486663485,64.99948069341144,0.9443581908186298,0.013153823529411765,0.13322823529411765,136,0,2,monthly_beme_op,monthly size/profit/invest,market_state_mixed,7,test,block,constant_a002,0.11949838962962965
0.019444907528501046,0.005614324072682644,0.03691042456972096,0.07803370786662223,0.08654099999999999,6.557263336550784,25.230429370746794,0.9517848284077148,0.015877375,0.11909723529411764,136,0,2,monthly_beme_op,monthly size/profit/invest,market_state_mixed,7,test,block,constant_a003,0.11949838962962965
-0.01377684057535353,-0.07049415803120974,0.05348999066415632,-0.003311,-0.0033109999999999997,4.723503757293242,33.768734523866335,0.965268354725785,0.012729867647058824,0.08378829411764706,136,1,1,monthly_beme_op,monthly size/profit/invest,market_state_mixed,7,test,block,constant_a004,0.11949838962962965
0.024485700667973048,-2.0894057611771643e-05,0.06094942764330553,0.050856000000000005,inf,1.6725497670033953,23.500157474690862,0.9877018399485045,0.010292911764705884,0.1313721176470588,136,26,0,monthly_beme_op,monthly size/profit/invest,market_state_mixed,7,test,block,constant_a005,0.11949838962962965
0.030608991040079362,0.012716648533333324,0.06594915975884427,-0.019464,inf,1.2827843332320283,31.430112425842616,0.9905677622556468,0.007293139705882353,0.09094320588235294,136,29,0,monthly_beme_op,monthly size/profit/invest,market_state_mixed,7,test,block,constant_a006,0.11949838962962965
-0.011301213022399365,-0.05522673166366197,0.012716648533333328,0.077687,inf,1.7602562065647989,32.13829541252701,0.9870569396576118,0.011329838235294118,0.09501655882352941,136,22,0,monthly_beme_op,monthly size/profit/invest,market_state_mixed,7,test,block,constant_a007,0.11949838962962965
-0.01332938723625864,-0.07230358478699764,0.020209069998486026,0.06416000000000001,0.06416000000000001,3.2882315192162035,48.07353956437037,0.9758218270645868,0.011474867647058825,0.08307823529411763,136,1,1,monthly_beme_op,monthly size/profit/invest,market_state_mixed,7,test,block,constant_a008,0.11949838962962965
0.005466146407340124,-0.008454459234389316,0.012716648533333328,0.0050360000000000005,inf,1.6926450220819793,53.29354649517561,0.9875540807199854,0.010274257352941176,0.0984035294117647,136,26,0,monthly_beme_op,monthly size/profit/invest,market_state_mixed,7,test,block,constant_a009,0.11949838962962965
0.04760246505467997,0.011524068047878543,0.10990520029862286,-0.010868,inf,2.9277989428246096,64.92031908049834,0.9784720665968779,0.009373007352941174,0.11470952941176471,136,13,1,monthly_beme_op,monthly size/profit/invest,market_state_mixed,7,test,block,constant_a010,0.11949838962962965
0.009502690801524424,0.004156689431573282,0.012716648533333326,0.007903,inf,1.6792390077462083,44.88988162280563,0.9876526543548073,0.011024213235294116,0.1011819117647059,136,24,0,monthly_beme_op,monthly size/profit/invest,market_state_mixed,7,test,block,constant_a011,0.11949838962962965
-0.025819910065457936,-0.09878746383191134,0.023326900864307602,0.10748300000000001,0.10748300000000002,3.9973807142149544,61.156082992616255,0.9706074947484195,0.008815691176470589,0.10376441176470588,136,0,1,monthly_beme_op,monthly size/profit/invest,market_state_mixed,7,test,block,constant_a012,0.11949838962962965
0.02504342428017865,0.00590792242427272,0.048652586828113534,0.056518,0.056518000000000006,4.1532599490298265,27.937245373416467,0.9694613239041925,0.009981808823529413,0.11502073529411763,136,2,1,monthly_beme_op,monthly size/profit/invest,market_state_mixed,7,test,block,constant_a013,0.11949838962962965
0.06589703776254462,-0.017559550177293232,0.1933663477061965,-0.043872,inf,2.999974980413643,64.85254597216692,0.977941360438135,0.005425272058823529,0.15093029411764705,136,22,1,monthly_beme_op,monthly size/profit/invest,market_state_mixed,7,test,block,constant_a014,0.11949838962962965
0.03640399251443979,0.006175567733944724,0.08104527173807559,0.008051,0.008051,3.266121281711335,64.99611337627425,0.9759844023403579,0.01077013970588235,0.10116476470588236,136,3,1,monthly_beme_op,monthly size/profit/invest,market_state_mixed,7,test,block,constant_a015,0.11949838962962965
-0.05610433480588208,-0.13499151674292992,0.00454779507319442,0.054832387786063225,0.05604584404448033,5.044741730717162,64.55911784474068,0.9629063108035503,0.008198404411764707,0.11871282352941175,136,0,2,monthly_beme_op,monthly size/profit/invest,market_state_mixed,7,test,block,constant_a016,0.11949838962962965
-0.12505561775568874,-0.453711979573278,0.035967533330329114,0.259096,0.259096,4.710937726398902,62.868280372886325,0.9653607520117727,0.010214404411764706,0.12240526470588234,136,0,1,monthly_beme_op,monthly size/profit/invest,market_state_mixed,7,test,block,constant_a017,0.11949838962962965
-0.014880125841467487,-0.07155686767601775,0.014442749665510277,0.035081,0.035081,2.1575915143775295,63.73230529059636,0.98413535651193,0.01078397794117647,0.1249915882352941,136,4,1,monthly_beme_op,monthly size/profit/invest,market_state_mixed,7,test,block,constant_a018,0.11949838962962965
-0.04656323037051563,-0.13902590148650917,0.012716648533333326,0.066749,inf,2.446320741009014,64.43387114360277,0.9820123474925808,0.004148029411764705,0.16689767647058826,136,10,1,monthly_beme_op,monthly size/profit/invest,market_state_mixed,7,test,block,constant_a019,0.11949838962962965
0.05941293374835892,-0.008172193285080174,0.17083494383408637,0.119521,0.11952100000000002,1.6442911243798868,62.57040393920375,0.987909624085442,0.01308618382352941,0.1459555588235294,136,1,0,monthly_beme_op,monthly size/profit/invest,market_state_mixed,7,test,block,constant_a020,0.11949838962962965
0.021173780121679288,-0.10280287960653811,0.1592378146632072,0.09654299999999999,0.09654299999999999,3.970541563475704,61.00742786554811,0.9708048414450315,0.011047073529411767,0.14904241176470587,136,1,1,monthly_beme_op,monthly size/profit/invest,market_state_mixed,7,test,block,constant_a021,0.11949838962962965
0.06193214817774454,0.03536421215603953,0.09269320147368235,0.03809011165021403,0.054335,2.622762397139912,40.92174768163682,0.9807149823739713,0.01314758823529412,0.13828129411764706,136,4,1,monthly_beme_op,monthly size/profit/invest,market_state_mixed,7,test,block,constant_a022,0.11949838962962965
0.012221527615311326,-0.26507394666220113,0.18121267406940236,0.01459029076702718,0.025731,1.4718925419331081,64.69142349814607,0.98917726072108,0.014868257352941176,0.13557679411764706,136,0,0,monthly_beme_op,monthly size/profit/invest,market_state_mixed,7,test,block,constant_a023,0.11949838962962965
-0.0022471113411077354,-0.04722936947481639,0.028971153073787823,0.025892,0.025892,2.543739560133632,64.91137333007184,0.9812960326460762,0.004658558823529411,0.22838226470588233,136,7,1,monthly_beme_op,monthly size/profit/invest,market_state_mixed,7,test,block,constant_a024,0.11949838962962965
0.032891753312639445,0.012716648533333326,0.06829247320405596,-0.02363316,inf,2.135769901008315,38.68004887203137,0.9842958095514095,0.010897742352941178,0.10712653647058824,136,18,1,monthly_beme_op,monthly size/profit/invest,market_state_mixed,7,test,block,constant_equal_weight_public,0.11949838962962965
0.019261527518037457,-0.009955100923670912,0.04803559666404007,0.119521,0.11952100000000002,12.2689393807957,18.68185037953351,0.9097872104353257,0.016952595588235295,0.14063335294117646,136,0,3,monthly_beme_op,monthly size/profit/invest,market_state_mixed,7,test,block,momentum_12,0.11949838962962965
-0.02170968008571946,-0.09094217120013813,0.0185542883736039,0.10748300000000001,0.10748300000000002,3.018529722478168,33.82300210931388,0.9778049285111899,0.00962212588235294,0.0925010588235294,136,0,1,monthly_beme_op,monthly size/profit/invest,market_state_mixed,7,test,block,low_vol_12,0.11949838962962965
-7.099838719135661e-05,-0.023298952439833046,0.019044329559553857,0.11952099999999999,0.11952100000000002,32.62378634511473,8.743626555712364,0.760119218050627,0.018501286764705884,0.10194055882352941,136,0,3,monthly_beme_op,monthly size/profit/invest,market_state_mixed,7,test,block,risk_adjusted_12,0.11949838962962965
0.01645124859978396,-0.25905316582305005,0.18599482801477288,0.015708022049602123,0.025731,1.3258666408554138,64.69142349814607,0.9902509805819455,0.015771117647058824,0.13456776470588233,136,0,0,monthly_beme_op,monthly size/profit/invest,market_state_mixed,7,test,block,ridge_return_train_only,0.11949838962962965
0.022521598744664265,-0.029279938875285804,0.06955467789397908,0.07238000000000001,0.07238,3.629140359498948,53.33697072849165,0.9663968485231579,0.009011361111111112,0.15419533333333332,108,2,1,monthly_beme_op,monthly size/profit/invest,market_state_mixed,17,calibration,iid,constant_a000,0.11949838962962965
0.02298475317118553,0.013764712973936317,0.039956730034157166,0.021918000000000003,0.021918000000000003,3.8223492142570348,8.330778475767675,0.9646078776457682,0.005691944444444445,0.1491787037037037,108,2,1,monthly_beme_op,monthly size/profit/invest,market_state_mixed,17,calibration,iid,constant_a001,0.11949838962962965
0.031006245254489775,0.0023685529913204,0.07610949708325994,-0.003419,inf,1.916390336073379,60.20530454980821,0.9822556450363576,0.009587805555555553,0.13425677777777775,108,19,0,monthly_beme_op,monthly size/profit/invest,market_state_mixed,17,calibration,iid,constant_a002,0.11949838962962965
0.01817676310853436,-0.01604893321596176,0.04805694725473853,0.027673999999999997,0.027674,5.358535734585802,48.397791619534225,0.9503839283834647,0.007711083333333333,0.09189985185185184,108,1,2,monthly_beme_op,monthly size/profit/invest,market_state_mixed,17,calibration,iid,constant_a003,0.11949838962962965
0.004776746888719585,-0.039317062429508616,0.033438015140179786,0.011931,0.011931,3.353261993020903,46.52911161633834,0.9689512778423991,0.008999,0.09132614814814814,108,4,1,monthly_beme_op,monthly size/profit/invest,market_state_mixed,17,calibration,iid,constant_a004,0.11949838962962965
-0.03783409940264736,-0.1832924244325747,0.05766049685696249,0.096869,0.09686900000000001,2.1654097782088555,63.53660282605674,0.9799499094610291,0.007037601851851851,0.14897285185185186,108,7,1,monthly_beme_op,monthly size/profit/invest,market_state_mixed,17,calibration,iid,constant_a005,0.11949838962962965
0.026681309267149754,0.01303438923469101,0.04684615898798762,0.0065087581014548436,0.065706,2.0632095521201834,59.615766915251825,0.980896207850739,0.008633907407407406,0.12433974074074074,108,1,1,monthly_beme_op,monthly size/profit/invest,market_state_mixed,17,calibration,iid,constant_a006,0.11949838962962965
-0.01536070600608683,-0.06257253144782009,0.0145406856888889,0.092555,inf,1.9986783779775317,18.258783500886754,0.9814937187224303,0.008959064814814816,0.10838277777777777,108,25,0,monthly_beme_op,monthly size/profit/invest,market_state_mixed,17,calibration,iid,constant_a007,0.11949838962962965
-0.0010416105760842878,-0.04266433913765556,0.02565798300127151,0.016313,0.016313,2.701357661545971,63.18179529446797,0.9749874290597595,0.008833333333333334,0.10437133333333333,108,4,1,monthly_beme_op,monthly size/profit/invest,market_state_mixed,17,calibration,iid,constant_a008,0.11949838962962965
-0.006811405039964489,-0.05015597435214491,0.021477888613972356,0.053448999999999997,0.053449,3.8845598174155387,38.29737853103703,0.9640318535424487,0.008357185185185186,0.10816214814814815,108,0,1,monthly_beme_op,monthly size/profit/invest,market_state_mixed,17,calibration,iid,constant_a009,0.11949838962962965
-0.06377708021811286,-0.252913622370772,0.03748005000068733,0.13239499999999998,0.13239499999999998,3.374547244175427,64.5028676275776,0.9687541921835608,0.006952916666666668,0.1526792962962963,108,1,1,monthly_beme_op,monthly size/profit/invest,market_state_mixed,17,calibration,iid,constant_a010,0.11949838962962965
0.012040694068643129,0.007102751019905231,0.01643616292006557,0.019794175519718786,0.032558,1.426186160947528,60.22471435068341,0.9867945725838192,0.008470018518518517,0.11324855555555556,108,8,0,monthly_beme_op,monthly size/profit/invest,market_state_mixed,17,calibration,iid,constant_a011,0.11949838962962965
0.022562564673668507,-0.00396741118849297,0.04430378527798262,-0.0034560000000000007,-0.003456,3.0498725154335427,64.95749322339067,0.9717604396719116,0.007643851851851852,0.12476462962962963,108,0,1,monthly_beme_op,monthly size/profit/invest,market_state_mixed,17,calibration,iid,constant_a012,0.11949838962962965
0.10034840504510513,0.018311714090070482,0.21829957811991132,0.001108,0.001108,3.6822600558719905,64.92874184658676,0.9659049994826667,0.008225361111111112,0.10516055555555555,108,1,1,monthly_beme_op,monthly size/profit/invest,market_state_mixed,17,calibration,iid,constant_a013,0.11949838962962965
0.01219067774986445,-0.06156663823375039,0.1075438157155251,0.08107400000000001,0.08107400000000001,3.7085357903873524,56.42527677020849,0.9656617056445616,0.01212915740740741,0.12042751851851852,108,0,1,monthly_beme_op,monthly size/profit/invest,market_state_mixed,17,calibration,iid,constant_a014,0.11949838962962965
-0.1481552349702916,-0.49250849596092877,0.026902528252154778,0.26882300000000003,0.26882300000000003,1.9137911477670502,64.59109447959894,0.9822797115947496,0.004571592592592592,0.18182740740740738,108,3,0,monthly_beme_op,monthly size/profit/invest,market_state_mixed,17,calibration,iid,constant_a015,0.11949838962962965
0.008993789879005197,-0.0008204014637021677,0.014540685688888891,0.014695,0.014695000000000001,2.96244885089728,12.47518063518699,0.9725699180472475,0.005576574074074074,0.15014825925925926,108,9,1,monthly_beme_op,monthly size/profit/invest,market_state_mixed,17,calibration,iid,constant_a016,0.11949838962962965
0.0349164618333457,0.0016545739822690193,0.08520304170599181,-0.008981,-0.008981,3.7119593943033076,27.451704265835623,0.9656300056083027,0.007114703703703705,0.1573044814814815,108,0,1,monthly_beme_op,monthly size/profit/invest,market_state_mixed,17,calibration,iid,constant_a017,0.11949838962962965
-0.005998577150117202,-0.0403779676753177,0.016980369937915643,0.030457,0.030457,2.6404138241232094,56.047395877241634,0.975551723850711,0.002282416666666666,0.17135685185185184,108,4,1,monthly_beme_op,monthly size/profit/invest,market_state_mixed,17,calibration,iid,constant_a018,0.11949838962962965
0.009563252029977723,-0.02747175551470045,0.04149639007427181,0.041196,inf,1.9621297748802145,35.78545230329717,0.9818321317140721,0.010592287037037039,0.19485992592592594,108,18,0,monthly_beme_op,monthly size/profit/invest,market_state_mixed,17,calibration,iid,constant_a019,0.11949838962962965
0.01454068568888893,0.014540685688888886,0.014540685688888904,,inf,0.0,0.0,1.0,0.005733851851851852,0.16194114814814817,108,200,0,monthly_beme_op,monthly size/profit/invest,market_state_mixed,17,calibration,iid,constant_a020,0.11949838962962965
-0.0072175473706230795,-0.08580870120465842,0.0471394007263382,0.041097,0.041097,6.567970124482996,64.75687804778173,0.9391854618103426,0.004910851851851851,0.14231881481481481,108,0,2,monthly_beme_op,monthly size/profit/invest,market_state_mixed,17,calibration,iid,constant_a021,0.11949838962962965
-0.000576598912775612,-0.0455974015509472,0.0257600075900744,-0.012808,inf,1.0,28.83086806120467,0.9907407407407407,0.0070512870370370365,0.17373688888888889,108,73,0,monthly_beme_op,monthly size/profit/invest,market_state_mixed,17,calibration,iid,constant_a022,0.11949838962962965
0.05248888037262655,0.006561991607742772,0.1309838082207792,0.1956353253568694,0.21465499999999998,1.7118139820367935,46.071398261285964,0.9841498705366963,0.01687215740740741,0.16973874074074072,108,1,0,monthly_beme_op,monthly size/profit/invest,market_state_mixed,17,calibration,iid,constant_a023,0.11949838962962965
0.019795190799807412,0.00530204099480404,0.03613019161410402,0.11013400000000001,0.11013400000000001,2.6362371291909357,22.686328482018283,0.9755903969519358,0.020826731481481484,0.17694474074074074,108,2,1,monthly_beme_op,monthly size/profit/invest,market_state_mixed,17,calibration,iid,constant_a024,0.11949838962962965
-0.0030101597533770635,-0.038550621773965586,0.0145406856888889,0.08478072,inf,1.0,19.08441885832847,0.9907407407407407,0.008471041851851852,0.11949838962962965,108,82,0,monthly_beme_op,monthly size/profit/invest,market_state_mixed,17,calibration,iid,constant_equal_weight_public,0.11949838962962965
0.034182496890905474,0.006912179486259735,0.058380706893331934,0.18951299565156718,0.21465499999999998,8.897985985833873,22.686328482018283,0.9176112408719086,0.010304194444444444,0.15110244444444446,108,0,2,monthly_beme_op,monthly size/profit/invest,market_state_mixed,17,calibration,iid,momentum_12,0.11949838962962965
0.030269296199928082,0.010927038493763376,0.0493326649236719,0.03401046321045315,0.05752635380725348,8.0439851305044,31.766202210532278,0.9255186561990334,0.009455527777777776,0.09748044444444444,108,0,2,monthly_beme_op,monthly size/profit/invest,market_state_mixed,17,calibration,iid,low_vol_12,0.11949838962962965
0.019118594308349703,-0.010316185925453141,0.045981355962634224,0.17761670385882583,0.21465499999999998,26.073693775146523,6.612113128152205,0.758576909489384,0.009305453703703703,0.14096814814814815,108,0,3,monthly_beme_op,monthly size/profit/invest,market_state_mixed,17,calibration,iid,risk_adjusted_12,0.11949838962962965
0.005417887880364731,-0.0732166880425712,0.06100299882299273,0.08107400000000001,0.08107400000000001,2.9740820976700877,28.83086806120467,0.972462202799351,0.010474416666666667,0.13023092592592592,108,4,1,monthly_beme_op,monthly size/profit/invest,market_state_mixed,17,calibration,iid,ridge_return_train_only,0.11949838962962965
0.022521598744664265,-0.03359366340735964,0.07824185041542413,0.07238000000000001,0.07238,3.629140359498948,53.33697072849165,0.9663968485231579,0.009011361111111112,0.15419533333333332,108,2,1,monthly_beme_op,monthly size/profit/invest,market_state_mixed,17,calibration,block,constant_a000,0.11949838962962965
0.02298475317118553,0.013829268597698454,0.04059837475312835,0.021918000000000003,0.021918000000000003,3.8223492142570348,8.330778475767675,0.9646078776457682,0.005691944444444445,0.1491787037037037,108,3,1,monthly_beme_op,monthly size/profit/invest,market_state_mixed,17,calibration,block,constant_a001,0.11949838962962965
0.031006245254489775,0.006425930557176568,0.07610949708325994,-0.003419,inf,1.916390336073379,60.20530454980821,0.9822556450363576,0.009587805555555553,0.13425677777777775,108,33,0,monthly_beme_op,monthly size/profit/invest,market_state_mixed,17,calibration,block,constant_a002,0.11949838962962965
0.01817676310853436,-0.017073859799129423,0.042984957804398455,0.027673999999999997,0.027674,5.358535734585802,48.397791619534225,0.9503839283834647,0.007711083333333333,0.09189985185185184,108,1,2,monthly_beme_op,monthly size/profit/invest,market_state_mixed,17,calibration,block,constant_a003,0.11949838962962965
0.004776746888719585,-0.030065680946473133,0.033409810872257965,0.011931,0.011931000000000002,3.353261993020903,46.52911161633834,0.9689512778423991,0.008999,0.09132614814814814,108,8,1,monthly_beme_op,monthly size/profit/invest,market_state_mixed,17,calibration,block,constant_a004,0.11949838962962965
-0.03783409940264736,-0.19365553183925452,0.04361642002332342,0.096869,inf,2.1654097782088555,63.53660282605674,0.9799499094610291,0.007037601851851851,0.14897285185185186,108,13,1,monthly_beme_op,monthly size/profit/invest,market_state_mixed,17,calibration,block,constant_a005,0.11949838962962965
0.026681309267149754,0.012639520852619098,0.04564384910314616,0.0065087581014548436,0.065706,2.0632095521201834,59.615766915251825,0.980896207850739,0.008633907407407406,0.12433974074074074,108,4,1,monthly_beme_op,monthly size/profit/invest,market_state_mixed,17,calibration,block,constant_a006,0.11949838962962965
-0.01536070600608683,-0.0878668158156504,0.014540685688888909,0.092555,inf,1.9986783779775317,18.258783500886754,0.9814937187224303,0.008959064814814816,0.10838277777777777,108,50,0,monthly_beme_op,monthly size/profit/invest,market_state_mixed,17,calibration,block,constant_a007,0.11949838962962965
-0.0010416105760842878,-0.045887163059999535,0.025621308008209522,0.016313,0.016313,2.701357661545971,63.18179529446797,0.9749874290597595,0.008833333333333334,0.10437133333333333,108,4,1,monthly_beme_op,monthly size/profit/invest,market_state_mixed,17,calibration,block,constant_a008,0.11949838962962965
-0.006811405039964489,-0.05273110218909668,0.02350065038185891,0.053448999999999997,0.053449,3.8845598174155387,38.29737853103703,0.9640318535424487,0.008357185185185186,0.10816214814814815,108,0,1,monthly_beme_op,monthly size/profit/invest,market_state_mixed,17,calibration,block,constant_a009,0.11949838962962965
-0.06377708021811286,-0.3286031431888428,0.03875827892560543,0.13239499999999998,0.13239499999999998,3.374547244175427,64.5028676275776,0.9687541921835608,0.006952916666666668,0.1526792962962963,108,1,1,monthly_beme_op,monthly size/profit/invest,market_state_mixed,17,calibration,block,constant_a010,0.11949838962962965
0.012040694068643129,0.00531188088984159,0.01643616292006557,0.019794175519718786,inf,1.426186160947528,60.22471435068341,0.9867945725838192,0.008470018518518517,0.11324855555555556,108,12,0,monthly_beme_op,monthly size/profit/invest,market_state_mixed,17,calibration,block,constant_a011,0.11949838962962965
0.022562564673668507,0.00024172526681862794,0.04044560413619558,-0.0034560000000000007,-0.003456,3.0498725154335427,64.95749322339067,0.9717604396719116,0.007643851851851852,0.12476462962962963,108,0,1,monthly_beme_op,monthly size/profit/invest,market_state_mixed,17,calibration,block,constant_a012,0.11949838962962965
0.10034840504510513,0.007233809479013683,0.22552844440111175,0.001108,0.001108,3.6822600558719905,64.92874184658676,0.9659049994826667,0.008225361111111112,0.10516055555555555,108,0,1,monthly_beme_op,monthly size/profit/invest,market_state_mixed,17,calibration,block,constant_a013,0.11949838962962965
0.01219067774986445,-0.05704351277559963,0.08783391764587534,0.08107400000000001,0.08107400000000001,3.7085357903873524,56.42527677020849,0.9656617056445616,0.01212915740740741,0.12042751851851852,108,3,1,monthly_beme_op,monthly size/profit/invest,market_state_mixed,17,calibration,block,constant_a014,0.11949838962962965
-0.1481552349702916,-0.49150704513819377,0.02842910044745475,0.26882300000000003,0.26882300000000003,1.9137911477670502,64.59109447959894,0.9822797115947496,0.004571592592592592,0.18182740740740738,108,3,0,monthly_beme_op,monthly size/profit/invest,market_state_mixed,17,calibration,block,constant_a015,0.11949838962962965
0.008993789879005197,-0.00023200008798758418,0.014540685688888891,0.014695,inf,2.96244885089728,12.47518063518699,0.9725699180472475,0.005576574074074074,0.15014825925925926,108,10,1,monthly_beme_op,monthly size/profit/invest,market_state_mixed,17,calibration,block,constant_a016,0.11949838962962965
0.0349164618333457,0.00407200379544989,0.08447644735533137,-0.008981,-0.008981,3.7119593943033076,27.451704265835623,0.9656300056083027,0.007114703703703705,0.1573044814814815,108,1,1,monthly_beme_op,monthly size/profit/invest,market_state_mixed,17,calibration,block,constant_a017,0.11949838962962965
-0.005998577150117202,-0.0395555579905793,0.016980369937915647,0.030457,inf,2.6404138241232094,56.047395877241634,0.975551723850711,0.002282416666666666,0.17135685185185184,108,10,1,monthly_beme_op,monthly size/profit/invest,market_state_mixed,17,calibration,block,constant_a018,0.11949838962962965
0.009563252029977723,-0.027347319673227684,0.04149639007427184,0.041196,inf,1.9621297748802145,35.78545230329717,0.9818321317140721,0.010592287037037039,0.19485992592592594,108,20,0,monthly_beme_op,monthly size/profit/invest,market_state_mixed,17,calibration,block,constant_a019,0.11949838962962965
0.01454068568888893,0.014540685688888888,0.014540685688888914,,inf,0.0,0.0,1.0,0.005733851851851852,0.16194114814814817,108,200,0,monthly_beme_op,monthly size/profit/invest,market_state_mixed,17,calibration,block,constant_a020,0.11949838962962965
-0.0072175473706230795,-0.07909482174921516,0.048981752785123345,0.041097,0.041097,6.567970124482996,64.75687804778173,0.9391854618103426,0.004910851851851851,0.14231881481481481,108,1,2,monthly_beme_op,monthly size/profit/invest,market_state_mixed,17,calibration,block,constant_a021,0.11949838962962965
-0.000576598912775612,-0.04389294575659149,0.02730556701326408,-0.012808,inf,1.0,28.83086806120467,0.9907407407407407,0.0070512870370370365,0.17373688888888889,108,75,0,monthly_beme_op,monthly size/profit/invest,market_state_mixed,17,calibration,block,constant_a022,0.11949838962962965
0.05248888037262655,0.006091730890546839,0.13039391136955764,0.1956353253568694,0.21465499999999998,1.7118139820367935,46.071398261285964,0.9841498705366963,0.01687215740740741,0.16973874074074072,108,3,0,monthly_beme_op,monthly size/profit/invest,market_state_mixed,17,calibration,block,constant_a023,0.11949838962962965
0.019795190799807412,0.004299373236015672,0.03905529462377806,0.11013400000000001,0.11013400000000001,2.6362371291909357,22.686328482018283,0.9755903969519358,0.020826731481481484,0.17694474074074074,108,1,1,monthly_beme_op,monthly size/profit/invest,market_state_mixed,17,calibration,block,constant_a024,0.11949838962962965
-0.0030101597533770635,-0.03811185063790895,0.014540685688888907,0.08478072,inf,1.0,19.08441885832847,0.9907407407407407,0.008471041851851852,0.11949838962962965,108,75,0,monthly_beme_op,monthly size/profit/invest,market_state_mixed,17,calibration,block,constant_equal_weight_public,0.11949838962962965
0.034182496890905474,0.0005855330118168129,0.06554764700093503,0.18951299565156718,0.21465499999999998,8.897985985833873,22.686328482018283,0.9176112408719086,0.010304194444444444,0.15110244444444446,108,0,2,monthly_beme_op,monthly size/profit/invest,market_state_mixed,17,calibration,block,momentum_12,0.11949838962962965
0.030269296199928082,0.01070570921310865,0.05534618508820398,0.03401046321045315,0.065706,8.0439851305044,31.766202210532278,0.9255186561990334,0.009455527777777776,0.09748044444444444,108,0,2,monthly_beme_op,monthly size/profit/invest,market_state_mixed,17,calibration,block,low_vol_12,0.11949838962962965
0.019118594308349703,-0.009262817298164104,0.05044562875520995,0.17761670385882583,0.21465499999999998,26.073693775146523,6.612113128152205,0.758576909489384,0.009305453703703703,0.14096814814814815,108,0,3,monthly_beme_op,monthly size/profit/invest,market_state_mixed,17,calibration,block,risk_adjusted_12,0.11949838962962965
0.005417887880364731,-0.06431717404333213,0.05443063549155229,0.08107400000000001,0.08107400000000001,2.9740820976700877,28.83086806120467,0.972462202799351,0.010474416666666667,0.13023092592592592,108,3,1,monthly_beme_op,monthly size/profit/invest,market_state_mixed,17,calibration,block,ridge_return_train_only,0.11949838962962965
-0.026056610681140662,-0.15226450890290427,0.0581317876464796,0.123351,0.12335100000000002,4.694543979804186,64.06442044777235,0.9654812942661457,0.011030007352941176,0.15709526470588234,136,0,1,monthly_beme_op,monthly size/profit/invest,market_state_mixed,17,test,iid,constant_a000,0.11949838962962965
-0.026214527339615833,-0.1894990580354249,0.09081491413219402,0.137592,0.137592,8.399420759516039,64.87981720037202,0.9382395532388527,0.023444860294117645,0.12699891176470587,136,0,2,monthly_beme_op,monthly size/profit/invest,market_state_mixed,17,test,iid,constant_a001,0.11949838962962965
0.07580182144416756,0.014091705610604214,0.16615316917539003,-0.01376229116605218,0.006291,2.241039010294436,61.125328370544345,0.9835217719831292,0.013153823529411765,0.13322823529411765,136,3,1,monthly_beme_op,monthly size/profit/invest,market_state_mixed,17,test,iid,constant_a002,0.11949838962962965
0.049721569531202804,-0.0748541275334284,0.22374634550965122,0.093862,0.09386200000000001,6.9963519735161945,44.96280739006627,0.9485562354888515,0.015877375,0.11909723529411764,136,0,2,monthly_beme_op,monthly size/profit/invest,market_state_mixed,17,test,iid,constant_a003,0.11949838962962965
0.022598942981087156,0.012609570557387505,0.03783283398890815,0.009267,0.009267,3.2852989610841914,63.3516182249675,0.975843389992028,0.012729867647058824,0.08378829411764706,136,1,1,monthly_beme_op,monthly size/profit/invest,market_state_mixed,17,test,iid,constant_a004,0.11949838962962965
0.01687640772181056,-0.16432203424438502,0.1310576304741575,0.097513,0.097513,5.150994662826509,63.37298168060216,0.9621250392439227,0.010292911764705884,0.1313721176470588,136,0,2,monthly_beme_op,monthly size/profit/invest,market_state_mixed,17,test,iid,constant_a005,0.11949838962962965
0.025559920980103828,0.014540685688888888,0.05142857309523151,-0.028408000000000003,inf,2.2253864912188694,20.96048490152222,0.9836368640351554,0.007293139705882353,0.09094320588235294,136,12,1,monthly_beme_op,monthly size/profit/invest,market_state_mixed,17,test,iid,constant_a006,0.11949838962962965
0.030238034197437307,0.014540685688888888,0.05297421376421551,-0.029201,inf,1.9999994775110745,64.96841579548651,0.9852941214888892,0.011329838235294118,0.09501655882352941,136,27,0,monthly_beme_op,monthly size/profit/invest,market_state_mixed,17,test,iid,constant_a007,0.11949838962962965
0.02215139522794424,0.007004534797923017,0.048026194697506915,0.05999132240692798,0.06632500000000001,1.8379220444708861,48.340701057071385,0.986485867320067,0.011474867647058825,0.08307823529411763,136,0,0,monthly_beme_op,monthly size/profit/invest,market_state_mixed,17,test,iid,constant_a008,0.11949838962962965
-0.0027024931184755287,-0.06430403395590904,0.021122021965782316,0.031472,inf,1.9987740416476583,60.692027488077606,0.9853031320467084,0.010274257352941176,0.0984035294117647,136,27,0,monthly_beme_op,monthly size/profit/invest,market_state_mixed,17,test,iid,constant_a009,0.11949838962962965
0.008616044573105093,-0.003246240740283275,0.01454068568888889,0.029592,inf,1.1765387932673332,46.79951054790757,0.9913489794612697,0.009373007352941174,0.11470952941176471,136,23,0,monthly_beme_op,monthly size/profit/invest,market_state_mixed,17,test,iid,constant_a010,0.11949838962962965
0.007942945181983593,-0.003923261323226215,0.014540685688888891,-0.0019509999999999998,inf,1.4628200193701975,60.029920317155394,0.9892439704458074,0.011024213235294116,0.1011819117647059,136,24,0,monthly_beme_op,monthly size/profit/invest,market_state_mixed,17,test,iid,constant_a011,0.11949838962962965
-0.030657795510209626,-0.14965452222988912,0.01498710169037209,0.08845900000000001,0.08845900000000002,2.1879487104137545,62.970586649841565,0.9839121418351929,0.008815691176470589,0.10376441176470588,136,1,1,monthly_beme_op,monthly size/profit/invest,market_state_mixed,17,test,iid,constant_a012,0.11949838962962965
0.028490971389219112,0.004655869865915251,0.061979892932380085,0.047964,inf,1.532412467105539,27.937245373416467,0.9887322612712828,0.009981808823529413,0.11502073529411763,136,38,0,monthly_beme_op,monthly size/profit/invest,market_state_mixed,17,test,iid,constant_a013,0.11949838962962965
0.10120862436616725,-0.01564759994685552,0.262071678477453,0.036003,0.036003,3.681638073332409,62.49612986846373,0.9729291318137323,0.005425272058823529,0.15093029411764705,136,3,1,monthly_beme_op,monthly size/profit/invest,market_state_mixed,17,test,iid,constant_a014,0.11949838962962965
0.09143486244298094,0.013854606756117676,0.22396051396139535,-0.012816000000000001,-0.012816,2.9986418674808455,56.98973750859079,0.9779511627391114,0.01077013970588235,0.10116476470588236,136,9,1,monthly_beme_op,monthly size/profit/invest,market_state_mixed,17,test,iid,constant_a015,0.11949838962962965
0.023943327146249388,0.0004408556675601701,0.05248367906032504,0.03692063758377985,0.057920000000000006,3.2661879074728426,35.57826605625013,0.9759839124450527,0.008198404411764707,0.11871282352941175,136,1,1,monthly_beme_op,monthly size/profit/invest,market_state_mixed,17,test,iid,constant_a016,0.11949838962962965
-0.006089934985133124,-0.0434176536047043,0.05361706070536213,0.04729,0.047290000000000006,2.4811314153649335,31.726062427599295,0.9817563866517285,0.010214404411764706,0.12240526470588234,136,7,1,monthly_beme_op,monthly size/profit/invest,market_state_mixed,17,test,iid,constant_a017,0.11949838962962965
-0.03491536389794671,-0.12935592322024475,0.017281770403862078,0.08757899999999999,0.087579,2.6165700787558897,62.15838557889108,0.9807605141267949,0.01078397794117647,0.1249915882352941,136,1,1,monthly_beme_op,monthly size/profit/invest,market_state_mixed,17,test,iid,constant_a018,0.11949838962962965
-0.08408317085182979,-0.2761386578819824,0.04674305634696008,0.140533,0.140533,3.3489531812883233,62.589546824831565,0.9753753442552329,0.004148029411764705,0.16689767647058826,136,6,1,monthly_beme_op,monthly size/profit/invest,market_state_mixed,17,test,iid,constant_a019,0.11949838962962965
0.07895200117056099,0.015354754329881828,0.1910367071961278,-0.026577460950914625,-0.010834,2.147593302507115,63.7669463921343,0.984208872775683,0.01308618382352941,0.1459555588235294,136,2,1,monthly_beme_op,monthly size/profit/invest,market_state_mixed,17,test,iid,constant_a020,0.11949838962962965
0.11445134034866819,0.021740394582284522,0.29632551337440016,-0.19176500000000002,inf,1.0,59.807640434701824,0.9926470588235294,0.011047073529411767,0.14904241176470587,136,64,0,monthly_beme_op,monthly size/profit/invest,market_state_mixed,17,test,iid,constant_a021,0.11949838962962965
-0.0014406288692127768,-0.012605046991858437,0.012975978045482301,0.020737035558371256,0.020818,1.5911465335209993,39.21016880920083,0.988300393135875,0.01314758823529412,0.13828129411764706,136,0,0,monthly_beme_op,monthly size/profit/invest,market_state_mixed,17,test,iid,constant_a022,0.11949838962962965
0.05242884479041878,-0.025810764068163617,0.16285015243726023,0.071861,0.071861,4.598751485780718,61.299143771820226,0.9661856508398476,0.014868257352941176,0.13557679411764706,136,0,1,monthly_beme_op,monthly size/profit/invest,market_state_mixed,17,test,iid,constant_a023,0.11949838962962965
-0.0073818268298859015,-0.05122685186743559,0.014540685688888891,0.031559,inf,1.0,64.67423059398389,0.9926470588235294,0.004658558823529411,0.22838226470588233,136,76,0,monthly_beme_op,monthly size/profit/invest,market_state_mixed,17,test,iid,constant_a024,0.11949838962962965
-0.04503563409905569,-0.1474605369864248,0.016458178542549582,0.04594036,0.04594036000000001,4.352143421238454,61.65635160943214,0.9679989454320702,0.010897742352941178,0.10712653647058824,136,4,1,monthly_beme_op,monthly size/profit/invest,market_state_mixed,17,test,iid,constant_equal_weight_public,0.11949838962962965
0.034471433489412166,0.010050376999467479,0.06242436390067837,0.08214207558278334,0.094066,15.827585901705426,12.809527328476321,0.8836206918992248,0.016952595588235295,0.14063335294117646,136,0,3,monthly_beme_op,monthly size/profit/invest,market_state_mixed,17,test,iid,momentum_12,0.11949838962962965
-0.024814768117082497,-0.1468909057998157,0.021625494801033623,0.08845900000000001,0.08845900000000001,3.645406454171126,62.15838557889108,0.9731955407781535,0.00962212588235294,0.0925010588235294,136,0,1,monthly_beme_op,monthly size/profit/invest,market_state_mixed,17,test,iid,low_vol_12,0.11949838962962965
0.03702456085869891,0.011800521291828125,0.0627136689998532,0.0795595394925278,0.09258833753673727,39.21060833835833,7.284342987007651,0.7116867033944241,0.018501286764705884,0.10194055882352941,136,0,3,monthly_beme_op,monthly size/profit/invest,market_state_mixed,17,test,iid,risk_adjusted_12,0.11949838962962965
0.015405524830002466,-0.02837120427746835,0.043439196307262555,0.047964,inf,1.2475634413431398,64.06442044777235,0.9908267394018887,0.009654448529411762,0.12897394117647057,136,32,0,monthly_beme_op,monthly size/profit/invest,market_state_mixed,17,test,iid,ridge_return_train_only,0.11949838962962965
-0.026056610681140662,-0.14775542775785108,0.06079750935997457,0.123351,0.12335100000000002,4.694543979804186,64.06442044777235,0.9654812942661457,0.011030007352941176,0.15709526470588234,136,0,1,monthly_beme_op,monthly size/profit/invest,market_state_mixed,17,test,block,constant_a000,0.11949838962962965
-0.026214527339615833,-0.17853816950203066,0.08686976895661393,0.137592,0.137592,8.399420759516039,64.87981720037202,0.9382395532388527,0.023444860294117645,0.12699891176470587,136,0,2,monthly_beme_op,monthly size/profit/invest,market_state_mixed,17,test,block,constant_a001,0.11949838962962965
0.07580182144416756,0.013642725532319542,0.16795233556602046,-0.01376229116605218,0.006291,2.241039010294436,61.125328370544345,0.9835217719831292,0.013153823529411765,0.13322823529411765,136,6,1,monthly_beme_op,monthly size/profit/invest,market_state_mixed,17,test,block,constant_a002,0.11949838962962965
0.049721569531202804,-0.07860210131843179,0.24563057444932992,0.093862,0.093862,6.9963519735161945,44.96280739006627,0.9485562354888515,0.015877375,0.11909723529411764,136,0,2,monthly_beme_op,monthly size/profit/invest,market_state_mixed,17,test,block,constant_a003,0.11949838962962965
0.022598942981087156,0.012002313453537054,0.03803203152589755,0.009267,0.009267,3.2852989610841914,63.3516182249675,0.975843389992028,0.012729867647058824,0.08378829411764706,136,0,1,monthly_beme_op,monthly size/profit/invest,market_state_mixed,17,test,block,constant_a004,0.11949838962962965
0.01687640772181056,-0.08498720558572094,0.10143190929779362,0.097513,0.09751300000000002,5.150994662826509,63.37298168060216,0.9621250392439227,0.010292911764705884,0.1313721176470588,136,3,2,monthly_beme_op,monthly size/profit/invest,market_state_mixed,17,test,block,constant_a005,0.11949838962962965
0.025559920980103828,0.014540685688888888,0.04380396227392281,-0.028408000000000003,-0.028408,2.2253864912188694,20.96048490152222,0.9836368640351554,0.007293139705882353,0.09094320588235294,136,9,1,monthly_beme_op,monthly size/profit/invest,market_state_mixed,17,test,block,constant_a006,0.11949838962962965
0.030238034197437307,0.014540685688888888,0.06867156227276387,-0.029201,inf,1.9999994775110745,64.96841579548651,0.9852941214888892,0.011329838235294118,0.09501655882352941,136,53,0,monthly_beme_op,monthly size/profit/invest,market_state_mixed,17,test,block,constant_a007,0.11949838962962965
0.02215139522794424,0.007208711869482651,0.04627011557294503,0.05999132240692798,0.06632500000000001,1.8379220444708861,48.340701057071385,0.986485867320067,0.011474867647058825,0.08307823529411763,136,0,0,monthly_beme_op,monthly size/profit/invest,market_state_mixed,17,test,block,constant_a008,0.11949838962962965
-0.0027024931184755287,-0.06430403395590904,0.021204288669243503,0.031472,inf,1.9987740416476583,60.692027488077606,0.9853031320467084,0.010274257352941176,0.0984035294117647,136,32,0,monthly_beme_op,monthly size/profit/invest,market_state_mixed,17,test,block,constant_a009,0.11949838962962965
0.008616044573105093,0.0007863724872362954,0.014540685688888891,0.029592,inf,1.1765387932673332,46.79951054790757,0.9913489794612697,0.009373007352941174,0.11470952941176471,136,37,0,monthly_beme_op,monthly size/profit/invest,market_state_mixed,17,test,block,constant_a010,0.11949838962962965
0.007942945181983593,-0.002525818891107445,0.014540685688888891,-0.0019509999999999998,inf,1.4628200193701975,60.029920317155394,0.9892439704458074,0.011024213235294116,0.1011819117647059,136,27,0,monthly_beme_op,monthly size/profit/invest,market_state_mixed,17,test,block,constant_a011,0.11949838962962965
-0.030657795510209626,-0.11709602600621637,0.014682035748596407,0.08845900000000001,0.08845900000000002,2.1879487104137545,62.970586649841565,0.9839121418351929,0.008815691176470589,0.10376441176470588,136,4,1,monthly_beme_op,monthly size/profit/invest,market_state_mixed,17,test,block,constant_a012,0.11949838962962965
0.028490971389219112,0.007885673859961,0.0581543562311524,0.047964,inf,1.532412467105539,27.937245373416467,0.9887322612712828,0.009981808823529413,0.11502073529411763,136,27,0,monthly_beme_op,monthly size/profit/invest,market_state_mixed,17,test,block,constant_a013,0.11949838962962965
0.10120862436616725,-0.016482755022602224,0.2598238404996249,0.036003,0.036003,3.681638073332409,62.49612986846373,0.9729291318137323,0.005425272058823529,0.15093029411764705,136,4,1,monthly_beme_op,monthly size/profit/invest,market_state_mixed,17,test,block,constant_a014,0.11949838962962965
0.09143486244298094,0.01316852782334647,0.224612288947528,-0.012816000000000001,inf,2.9986418674808455,56.98973750859079,0.9779511627391114,0.01077013970588235,0.10116476470588236,136,10,1,monthly_beme_op,monthly size/profit/invest,market_state_mixed,17,test,block,constant_a015,0.11949838962962965
0.023943327146249388,0.003289012852146861,0.05302551942193423,0.03692063758377985,0.05792,3.2661879074728426,35.57826605625013,0.9759839124450527,0.008198404411764707,0.11871282352941175,136,4,1,monthly_beme_op,monthly size/profit/invest,market_state_mixed,17,test,block,constant_a016,0.11949838962962965
-0.006089934985133124,-0.04429989469954291,0.05265334674986131,0.04729,0.047290000000000006,2.4811314153649335,31.726062427599295,0.9817563866517285,0.010214404411764706,0.12240526470588234,136,9,1,monthly_beme_op,monthly size/profit/invest,market_state_mixed,17,test,block,constant_a017,0.11949838962962965
-0.03491536389794671,-0.17006503551836336,0.018648081209121238,0.08757899999999999,0.08757899999999999,2.6165700787558897,62.15838557889108,0.9807605141267949,0.01078397794117647,0.1249915882352941,136,1,1,monthly_beme_op,monthly size/profit/invest,market_state_mixed,17,test,block,constant_a018,0.11949838962962965
-0.08408317085182979,-0.2599789819626388,0.04643877472426711,0.140533,0.140533,3.3489531812883233,62.589546824831565,0.9753753442552329,0.004148029411764705,0.16689767647058826,136,5,1,monthly_beme_op,monthly size/profit/invest,market_state_mixed,17,test,block,constant_a019,0.11949838962962965
0.07895200117056099,0.014540685688888891,0.20851706727447838,-0.026577460950914625,-0.010834,2.147593302507115,63.7669463921343,0.984208872775683,0.01308618382352941,0.1459555588235294,136,4,1,monthly_beme_op,monthly size/profit/invest,market_state_mixed,17,test,block,constant_a020,0.11949838962962965
0.11445134034866819,0.02091870006181402,0.29942107470439183,-0.19176500000000002,inf,1.0,59.807640434701824,0.9926470588235294,0.011047073529411767,0.14904241176470587,136,67,0,monthly_beme_op,monthly size/profit/invest,market_state_mixed,17,test,block,constant_a021,0.11949838962962965
-0.0014406288692127768,-0.014847590616587476,0.01469902305409028,0.020737035558371256,0.020818,1.5911465335209993,39.21016880920083,0.988300393135875,0.01314758823529412,0.13828129411764706,136,6,0,monthly_beme_op,monthly size/profit/invest,market_state_mixed,17,test,block,constant_a022,0.11949838962962965
0.05242884479041878,-0.027678080896946806,0.18121977088022959,0.071861,0.071861,4.598751485780718,61.299143771820226,0.9661856508398476,0.014868257352941176,0.13557679411764706,136,0,1,monthly_beme_op,monthly size/profit/invest,market_state_mixed,17,test,block,constant_a023,0.11949838962962965
-0.0073818268298859015,-0.05122685186743559,0.014540685688888893,0.031559,inf,1.0,64.67423059398389,0.9926470588235294,0.004658558823529411,0.22838226470588233,136,71,0,monthly_beme_op,monthly size/profit/invest,market_state_mixed,17,test,block,constant_a024,0.11949838962962965
-0.04503563409905569,-0.11932640309783288,0.014590475740147634,0.04594036,0.045940360000000006,4.352143421238454,61.65635160943214,0.9679989454320702,0.010897742352941178,0.10712653647058824,136,1,1,monthly_beme_op,monthly size/profit/invest,market_state_mixed,17,test,block,constant_equal_weight_public,0.11949838962962965
0.034471433489412166,0.00998633562291019,0.05817394994436604,0.08214207558278334,0.094066,15.827585901705426,12.809527328476321,0.8836206918992248,0.016952595588235295,0.14063335294117646,136,0,3,monthly_beme_op,monthly size/profit/invest,market_state_mixed,17,test,block,momentum_12,0.11949838962962965
-0.024814768117082497,-0.11028440537280416,0.020796049163164364,0.08845900000000001,0.08845900000000001,3.645406454171126,62.15838557889108,0.9731955407781535,0.00962212588235294,0.0925010588235294,136,0,1,monthly_beme_op,monthly size/profit/invest,market_state_mixed,17,test,block,low_vol_12,0.11949838962962965
0.03702456085869891,0.013227676078423501,0.060763638381951396,0.0795595394925278,0.09386505541687014,39.21060833835833,7.284342987007651,0.7116867033944241,0.018501286764705884,0.10194055882352941,136,0,3,monthly_beme_op,monthly size/profit/invest,market_state_mixed,17,test,block,risk_adjusted_12,0.11949838962962965
0.015405524830002466,-0.030714086956333042,0.04446159530423639,0.047964,inf,1.2475634413431398,64.06442044777235,0.9908267394018887,0.009654448529411762,0.12897394117647057,136,25,0,monthly_beme_op,monthly size/profit/invest,market_state_mixed,17,test,block,ridge_return_train_only,0.11949838962962965
0.0024124190843595804,-0.08085774767357748,0.07483292892665595,0.053923,inf,1.9731811069901553,63.7435812231267,0.981729804564906,0.009011361111111112,0.15419533333333332,108,25,0,monthly_beme_op,monthly size/profit/invest,market_state_mixed,27,calibration,iid,constant_a000,0.11949838962962965
0.12150594482969794,0.041771809644014356,0.2435977372572862,-0.046800004637000424,-0.04325999999999999,4.015608875420821,63.33346208286452,0.9628184363386961,0.005691944444444445,0.1491787037037037,108,1,1,monthly_beme_op,monthly size/profit/invest,market_state_mixed,27,calibration,iid,constant_a001,0.11949838962962965
0.010469568651913161,0.004884553955739531,0.013262075999999996,-0.004945,inf,1.0,36.26163733424787,0.9907407407407407,0.009587805555555553,0.13425677777777775,108,87,0,monthly_beme_op,monthly size/profit/invest,market_state_mixed,27,calibration,iid,constant_a002,0.11949838962962965
0.00635732679952848,-0.02356921535961257,0.02400677183879875,0.023245000000000002,inf,1.8519619194933428,64.95225698720054,0.9828522044491357,0.007711083333333333,0.09189985185185184,108,29,0,monthly_beme_op,monthly size/profit/invest,market_state_mixed,27,calibration,iid,constant_a003,0.11949838962962965
0.0197193320701426,-0.007696193546398752,0.05464272366196114,0.03588,0.03588,2.54559261930455,47.761434846479624,0.9764296979694023,0.008999,0.09132614814814814,108,3,1,monthly_beme_op,monthly size/profit/invest,market_state_mixed,27,calibration,iid,constant_a004,0.11949838962962965
0.022164099395588825,-0.1641265914368731,0.14819339532233713,0.127066,0.127066,4.98834448170123,64.46016105128513,0.9538116251694331,0.007037601851851851,0.14897285185185186,108,0,1,monthly_beme_op,monthly size/profit/invest,market_state_mixed,27,calibration,iid,constant_a005,0.11949838962962965
0.029459474837802566,-0.007765770874975795,0.07049949414035789,0.028144998935163496,0.04733783309269715,5.382805089686039,54.06286059417307,0.9501592121325366,0.008633907407407406,0.12433974074074074,108,0,2,monthly_beme_op,monthly size/profit/invest,market_state_mixed,27,calibration,iid,constant_a006,0.11949838962962965
0.0056136984733219306,-0.09410841634077875,0.0962828795218486,0.058879,0.05887900000000001,4.707626700871841,64.7448830857506,0.9564108638808163,0.008959064814814816,0.10838277777777777,108,0,1,monthly_beme_op,monthly size/profit/invest,market_state_mixed,27,calibration,iid,constant_a007,0.11949838962962965
-0.01758012008769921,-0.14651214696360024,0.042981849727840235,0.073713,0.073713,4.06780695164511,49.27805619159933,0.9623351208181008,0.008833333333333334,0.10437133333333333,108,4,1,monthly_beme_op,monthly size/profit/invest,market_state_mixed,27,calibration,iid,constant_a008,0.11949838962962965
0.03268325649929311,0.00754756956148664,0.0777504370022916,0.020098364352084286,0.022098,3.649769192905114,38.29737853103703,0.9662058408064341,0.008357185185185186,0.10816214814814815,108,0,1,monthly_beme_op,monthly size/profit/invest,market_state_mixed,27,calibration,iid,constant_a009,0.11949838962962965
-0.056261454764202114,-0.4380244469417768,0.17745232747376066,0.233182,inf,2.299945397815876,64.95284924872966,0.9787042092794827,0.006952916666666668,0.1526792962962963,108,10,1,monthly_beme_op,monthly size/profit/invest,market_state_mixed,27,calibration,iid,constant_a010,0.11949838962962965
0.024760524501160328,0.013262075999999989,0.04020925699719603,-0.017587,inf,2.362019837279299,35.15338982294186,0.9781294459511176,0.008470018518518517,0.11324855555555556,108,14,1,monthly_beme_op,monthly size/profit/invest,market_state_mixed,27,calibration,iid,constant_a011,0.11949838962962965
-0.004504146729077087,-0.05319370562383866,0.01539030956389143,0.058439,0.058439000000000005,2.4211808009685973,25.154551573515885,0.9775816592502907,0.007643851851851852,0.12476462962962963,108,0,1,monthly_beme_op,monthly size/profit/invest,market_state_mixed,27,calibration,iid,constant_a012,0.11949838962962965
0.012642051609087867,0.011386502217490857,0.013262075999999992,-0.010952000000000002,inf,1.0,28.98719964992833,0.9907407407407407,0.008225361111111112,0.10516055555555555,108,63,0,monthly_beme_op,monthly size/profit/invest,market_state_mixed,27,calibration,iid,constant_a013,0.11949838962962965
-0.025619934269617565,-0.15642173029912765,0.08650223104675182,0.07152772254839093,0.113079,4.695280078560395,53.151446869148614,0.9565251844577741,0.01212915740740741,0.12042751851851852,108,0,1,monthly_beme_op,monthly size/profit/invest,market_state_mixed,27,calibration,iid,constant_a014,0.11949838962962965
0.013262075999999975,0.013262075999999982,0.013262075999999996,,inf,0.0,0.0,1.0,0.004571592592592592,0.18182740740740738,108,200,0,monthly_beme_op,monthly size/profit/invest,market_state_mixed,27,calibration,iid,constant_a015,0.11949838962962965
0.008999696717757787,-0.003129601605195891,0.017654192599461473,0.018305000000000002,0.018305000000000002,3.7933473201783783,18.651988840347762,0.964876413702052,0.005576574074074074,0.15014825925925926,108,4,1,monthly_beme_op,monthly size/profit/invest,market_state_mixed,27,calibration,iid,constant_a016,0.11949838962962965
-0.011180131255289173,-0.14089153074700636,0.11275008030640668,0.048509516676300345,0.055087000000000004,4.0834876622029705,64.9793611491735,0.9621899290536762,0.007114703703703705,0.1573044814814815,108,0,1,monthly_beme_op,monthly size/profit/invest,market_state_mixed,27,calibration,iid,constant_a017,0.11949838962962965
-0.05164035532461706,-0.15781788584913145,0.017227949330857868,0.073116,0.073116,3.6719745786353695,64.95790945939869,0.9660002353830058,0.002282416666666666,0.17135685185185184,108,1,1,monthly_beme_op,monthly size/profit/invest,market_state_mixed,27,calibration,iid,constant_a018,0.11949838962962965
0.025588142807127585,0.0046037507124068455,0.04452440536628557,,inf,0.0,0.0,1.0,0.010592287037037039,0.19485992592592594,108,200,0,monthly_beme_op,monthly size/profit/invest,market_state_mixed,27,calibration,iid,constant_a019,0.11949838962962965
0.012985952602194274,0.01243370580658288,0.013262075999999992,-0.011144000000000001,inf,1.0,14.079441419012284,0.9907407407407407,0.005733851851851852,0.16194114814814817,108,65,0,monthly_beme_op,monthly size/profit/invest,market_state_mixed,27,calibration,iid,constant_a020,0.11949838962962965
0.031334938018573025,0.01648203785638574,0.05548058438533227,-0.046421000000000004,inf,1.0,58.52405137038004,0.9907407407407407,0.004910851851851851,0.14231881481481481,108,75,0,monthly_beme_op,monthly size/profit/invest,market_state_mixed,27,calibration,iid,constant_a021,0.11949838962962965
-0.08964885421835467,-0.27992575741466247,0.09680641682703982,0.094162,0.094162,4.185575350493295,47.87609882208202,0.9612446726806176,0.0070512870370370365,0.17373688888888889,108,2,1,monthly_beme_op,monthly size/profit/invest,market_state_mixed,27,calibration,iid,constant_a022,0.11949838962962965
0.0823728130311632,-0.02038280710647193,0.22309560330890063,0.07574578821785093,0.171481,5.100358707387093,64.38464668911116,0.9527744564130824,0.01687215740740741,0.16973874074074072,108,0,2,monthly_beme_op,monthly size/profit/invest,market_state_mixed,27,calibration,iid,constant_a023,0.11949838962962965
0.04017080659676185,0.005093290774248984,0.09966920806164063,0.05686228284252738,0.090788,1.6974994668665828,61.61975957025335,0.984282412343828,0.020826731481481484,0.17694474074074074,108,2,0,monthly_beme_op,monthly size/profit/invest,market_state_mixed,27,calibration,iid,constant_a024,0.11949838962962965
0.015938814492861927,0.0027840561183036646,0.03177031136028222,-0.004497159999999999,inf,1.970337276740487,43.036204310579585,0.981756136326477,0.008471041851851852,0.11949838962962965,108,25,0,monthly_beme_op,monthly size/profit/invest,market_state_mixed,27,calibration,iid,constant_equal_weight_public,0.11949838962962965
0.029664356124770194,-0.06579888629168854,0.1365120719240804,0.0897368374984386,0.15052399276271744,5.30131357115177,61.61975957025335,0.9509137632300761,0.010304194444444444,0.15110244444444446,108,0,2,monthly_beme_op,monthly size/profit/invest,market_state_mixed,27,calibration,iid,momentum_12,0.11949838962962965
-0.002629801658392462,-0.05776245145666444,0.041201619802250726,0.059690436284847825,0.06302785110722761,8.288322053208473,40.407828914378214,0.9232562772851067,0.009455527777777776,0.09748044444444444,108,0,2,monthly_beme_op,monthly size/profit/invest,market_state_mixed,27,calibration,iid,low_vol_12,0.11949838962962965
-0.006962656153662973,-0.027391603035072504,0.016144521095243045,0.13896470759889273,0.171481,24.918403624978502,10.0168850058254,0.7692740405094582,0.009305453703703703,0.14096814814814815,108,0,3,monthly_beme_op,monthly size/profit/invest,market_state_mixed,27,calibration,iid,risk_adjusted_12,0.11949838962962965
-0.11168908374892747,-0.3275715173805472,0.06270941528387713,0.045064,0.045064,4.6602538165582805,64.14478068177492,0.9568495016985344,0.009253101851851854,0.14573866666666666,108,0,1,monthly_beme_op,monthly size/profit/invest,market_state_mixed,27,calibration,iid,ridge_return_train_only,0.11949838962962965
0.0024124190843595804,-0.08085774767357748,0.07483292892665594,0.053923,inf,1.9731811069901553,63.7435812231267,0.981729804564906,0.009011361111111112,0.15419533333333332,108,30,0,monthly_beme_op,monthly size/profit/invest,market_state_mixed,27,calibration,block,constant_a000,0.11949838962962965
0.12150594482969794,0.02499205624514807,0.2384635787090996,-0.046800004637000424,-0.04325999999999999,4.015608875420821,63.33346208286452,0.9628184363386961,0.005691944444444445,0.1491787037037037,108,1,1,monthly_beme_op,monthly size/profit/invest,market_state_mixed,27,calibration,block,constant_a001,0.11949838962962965
0.010469568651913161,0.00488455395573953,0.013262075999999998,-0.004945,inf,1.0,36.26163733424787,0.9907407407407407,0.009587805555555553,0.13425677777777775,108,84,0,monthly_beme_op,monthly size/profit/invest,market_state_mixed,27,calibration,block,constant_a002,0.11949838962962965
0.00635732679952848,-0.023569215359612577,0.02937911975819811,0.023245000000000002,inf,1.8519619194933428,64.95225698720054,0.9828522044491357,0.007711083333333333,0.09189985185185184,108,38,0,monthly_beme_op,monthly size/profit/invest,market_state_mixed,27,calibration,block,constant_a003,0.11949838962962965
0.0197193320701426,-0.016124341331252946,0.06319650381652493,0.03588,0.03588,2.54559261930455,47.761434846479624,0.9764296979694023,0.008999,0.09132614814814814,108,1,1,monthly_beme_op,monthly size/profit/invest,market_state_mixed,27,calibration,block,constant_a004,0.11949838962962965
0.022164099395588825,-0.14269154915248863,0.1579187377972945,0.127066,0.127066,4.98834448170123,64.46016105128513,0.9538116251694331,0.007037601851851851,0.14897285185185186,108,0,1,monthly_beme_op,monthly size/profit/invest,market_state_mixed,27,calibration,block,constant_a005,0.11949838962962965
0.029459474837802566,-0.004164457492377866,0.0631122200707008,0.028144998935163496,0.05700533583928261,5.382805089686039,54.06286059417307,0.9501592121325366,0.008633907407407406,0.12433974074074074,108,0,2,monthly_beme_op,monthly size/profit/invest,market_state_mixed,27,calibration,block,constant_a006,0.11949838962962965
0.0056136984733219306,-0.10529077333078478,0.09104600206048297,0.058879,0.05887900000000001,4.707626700871841,64.7448830857506,0.9564108638808163,0.008959064814814816,0.10838277777777777,108,0,1,monthly_beme_op,monthly size/profit/invest,market_state_mixed,27,calibration,block,constant_a007,0.11949838962962965
-0.01758012008769921,-0.12712831518480702,0.05206164393411376,0.073713,0.073713,4.06780695164511,49.27805619159933,0.9623351208181008,0.008833333333333334,0.10437133333333333,108,3,1,monthly_beme_op,monthly size/profit/invest,market_state_mixed,27,calibration,block,constant_a008,0.11949838962962965
0.03268325649929311,0.007818308914680288,0.07618332918295362,0.020098364352084286,0.022098,3.649769192905114,38.29737853103703,0.9662058408064341,0.008357185185185186,0.10816214814814815,108,1,1,monthly_beme_op,monthly size/profit/invest,market_state_mixed,27,calibration,block,constant_a009,0.11949838962962965
-0.056261454764202114,-0.3593327469960672,0.26925966827324993,0.233182,0.23318200000000003,2.299945397815876,64.95284924872966,0.9787042092794827,0.006952916666666668,0.1526792962962963,108,9,1,monthly_beme_op,monthly size/profit/invest,market_state_mixed,27,calibration,block,constant_a010,0.11949838962962965
0.024760524501160328,0.013262075999999998,0.043712504337227384,-0.017587,-0.017586999999999995,2.362019837279299,35.15338982294186,0.9781294459511176,0.008470018518518517,0.11324855555555556,108,6,1,monthly_beme_op,monthly size/profit/invest,market_state_mixed,27,calibration,block,constant_a011,0.11949838962962965
-0.004504146729077087,-0.0403541655219439,0.015236783610999241,0.058439,0.058439000000000005,2.4211808009685973,25.154551573515885,0.9775816592502907,0.007643851851851852,0.12476462962962963,108,1,1,monthly_beme_op,monthly size/profit/invest,market_state_mixed,27,calibration,block,constant_a012,0.11949838962962965
0.012642051609087867,0.011386502217490853,0.013262075999999996,-0.010952000000000002,inf,1.0,28.98719964992833,0.9907407407407407,0.008225361111111112,0.10516055555555555,108,80,0,monthly_beme_op,monthly size/profit/invest,market_state_mixed,27,calibration,block,constant_a013,0.11949838962962965
-0.025619934269617565,-0.12727416123862204,0.07181223479642233,0.07152772254839093,0.113079,4.695280078560395,53.151446869148614,0.9565251844577741,0.01212915740740741,0.12042751851851852,108,0,1,monthly_beme_op,monthly size/profit/invest,market_state_mixed,27,calibration,block,constant_a014,0.11949838962962965
0.013262075999999975,0.01326207599999998,0.013262075999999998,,inf,0.0,0.0,1.0,0.004571592592592592,0.18182740740740738,108,200,0,monthly_beme_op,monthly size/profit/invest,market_state_mixed,27,calibration,block,constant_a015,0.11949838962962965
0.008999696717757787,-0.0030755039343086554,0.01711551694442262,0.018305000000000002,0.018305000000000002,3.7933473201783783,18.651988840347762,0.964876413702052,0.005576574074074074,0.15014825925925926,108,1,1,monthly_beme_op,monthly size/profit/invest,market_state_mixed,27,calibration,block,constant_a016,0.11949838962962965
-0.011180131255289173,-0.1307052031775851,0.12441739496418575,0.048509516676300345,0.055087000000000004,4.0834876622029705,64.9793611491735,0.9621899290536762,0.007114703703703705,0.1573044814814815,108,0,1,monthly_beme_op,monthly size/profit/invest,market_state_mixed,27,calibration,block,constant_a017,0.11949838962962965
-0.05164035532461706,-0.15559413793976562,0.01714502831947677,0.073116,0.07311600000000001,3.6719745786353695,64.95790945939869,0.9660002353830058,0.002282416666666666,0.17135685185185184,108,5,1,monthly_beme_op,monthly size/profit/invest,market_state_mixed,27,calibration,block,constant_a018,0.11949838962962965
0.025588142807127585,-0.0025327982484398513,0.05249287965050426,,inf,0.0,0.0,1.0,0.010592287037037039,0.19485992592592594,108,200,0,monthly_beme_op,monthly size/profit/invest,market_state_mixed,27,calibration,block,constant_a019,0.11949838962962965
0.012985952602194274,0.012157582408777186,0.013262075999999996,-0.011144000000000001,inf,1.0,14.079441419012284,0.9907407407407407,0.005733851851851852,0.16194114814814817,108,67,0,monthly_beme_op,monthly size/profit/invest,market_state_mixed,27,calibration,block,constant_a020,0.11949838962962965
0.031334938018573025,0.014026403249935732,0.06178484441290472,-0.046421000000000004,inf,1.0,58.52405137038004,0.9907407407407407,0.004910851851851851,0.14231881481481481,108,68,0,monthly_beme_op,monthly size/profit/invest,market_state_mixed,27,calibration,block,constant_a021,0.11949838962962965
-0.08964885421835467,-0.2531808191627985,0.0903724588275729,0.094162,0.094162,4.185575350493295,47.87609882208202,0.9612446726806176,0.0070512870370370365,0.17373688888888889,108,1,1,monthly_beme_op,monthly size/profit/invest,market_state_mixed,27,calibration,block,constant_a022,0.11949838962962965
0.0823728130311632,-0.011827240498448287,0.22009505331420526,0.07574578821785093,0.171481,5.100358707387093,64.38464668911116,0.9527744564130824,0.01687215740740741,0.16973874074074072,108,0,2,monthly_beme_op,monthly size/profit/invest,market_state_mixed,27,calibration,block,constant_a023,0.11949838962962965
0.04017080659676185,0.007161402247474008,0.11740157929560233,0.05686228284252738,0.090788,1.6974994668665828,61.61975957025335,0.984282412343828,0.020826731481481484,0.17694474074074074,108,1,0,monthly_beme_op,monthly size/profit/invest,market_state_mixed,27,calibration,block,constant_a024,0.11949838962962965
0.015938814492861927,0.0027840561183036625,0.03183722982260378,-0.004497159999999999,inf,1.970337276740487,43.036204310579585,0.981756136326477,0.008471041851851852,0.11949838962962965,108,27,0,monthly_beme_op,monthly size/profit/invest,market_state_mixed,27,calibration,block,constant_equal_weight_public,0.11949838962962965
0.029664356124770194,-0.07338236145905881,0.1364179944544982,0.0897368374984386,0.171481,5.30131357115177,61.61975957025335,0.9509137632300761,0.010304194444444444,0.15110244444444446,108,0,2,monthly_beme_op,monthly size/profit/invest,market_state_mixed,27,calibration,block,momentum_12,0.11949838962962965
-0.002629801658392462,-0.05483649422585818,0.04490980647712585,0.059690436284847825,0.06254290548875373,8.288322053208473,40.407828914378214,0.9232562772851067,0.009455527777777776,0.09748044444444444,108,0,2,monthly_beme_op,monthly size/profit/invest,market_state_mixed,27,calibration,block,low_vol_12,0.11949838962962965
-0.006962656153662973,-0.034773402174700443,0.01907408738068821,0.13896470759889273,0.171481,24.918403624978502,10.0168850058254,0.7692740405094582,0.009305453703703703,0.14096814814814815,108,0,3,monthly_beme_op,monthly size/profit/invest,market_state_mixed,27,calibration,block,risk_adjusted_12,0.11949838962962965
-0.11168908374892747,-0.290191990209386,0.03858333965537146,0.045064,0.045064,4.6602538165582805,64.14478068177492,0.9568495016985344,0.009253101851851854,0.14573866666666666,108,0,1,monthly_beme_op,monthly size/profit/invest,market_state_mixed,27,calibration,block,ridge_return_train_only,0.11949838962962965
0.015722240509731703,-0.0017834873739648062,0.03767687187167599,0.053667,inf,1.980436031657594,56.61762256330689,0.9854379703554589,0.011030007352941176,0.15709526470588234,136,13,0,monthly_beme_op,monthly size/profit/invest,market_state_mixed,27,test,iid,constant_a000,0.11949838962962965
0.026891449575400888,0.011816730655735476,0.04436652555571697,0.028883506020818465,0.067308,3.621578084738755,62.13970708267443,0.9733707493769209,0.023444860294117645,0.12699891176470587,136,0,1,monthly_beme_op,monthly size/profit/invest,market_state_mixed,27,test,iid,constant_a001,0.11949838962962965
-0.0091443264111349,-0.06009752116544662,0.0327841368046581,0.066119,0.066119,3.8969002444334673,46.23927531969856,0.9713463217321069,0.013153823529411765,0.13322823529411765,136,1,1,monthly_beme_op,monthly size/profit/invest,market_state_mixed,27,test,iid,constant_a002,0.11949838962962965
0.022640605484617653,0.011996343620133111,0.03620269335950275,0.014574,0.014574000000000002,3.226832666309214,24.320780342835175,0.9762732892183146,0.015877375,0.11909723529411764,136,1,1,monthly_beme_op,monthly size/profit/invest,market_state_mixed,27,test,iid,constant_a003,0.11949838962962965
-0.02182335603606782,-0.10663145396267572,0.04039199395351092,0.07628,0.07628,5.016705161109014,58.07084618620617,0.963112462050669,0.012729867647058824,0.08378829411764706,136,0,2,monthly_beme_op,monthly size/profit/invest,market_state_mixed,27,test,iid,constant_a004,0.11949838962962965
0.008979800824844902,0.00030819359515589506,0.013262076,0.050856000000000005,inf,1.0,9.083077037762171,0.9926470588235294,0.010292911764705884,0.1313721176470588,136,76,0,monthly_beme_op,monthly size/profit/invest,market_state_mixed,27,test,iid,constant_a005,0.11949838962962965
-0.03945733172979958,-0.0992169177947816,0.014669940644846509,0.083941,0.083941,7.536006172601593,64.3862901959482,0.9445881899073412,0.007293139705882353,0.09094320588235294,136,0,2,monthly_beme_op,monthly size/profit/invest,market_state_mixed,27,test,iid,constant_a006,0.11949838962962965
0.056448513054872806,-0.004405201308122012,0.132002757334817,0.038135,0.038135,4.8417902307227445,59.33119114237011,0.9643986012446857,0.011329838235294118,0.09501655882352941,136,0,1,monthly_beme_op,monthly size/profit/invest,market_state_mixed,27,test,iid,constant_a007,0.11949838962962965
0.009554655209728511,-0.006027562251634989,0.022670326395738023,0.0596907727820233,0.06632500000000001,5.45557237977307,25.289553661480852,0.959885497207551,0.011474867647058825,0.08307823529411763,136,0,2,monthly_beme_op,monthly size/profit/invest,market_state_mixed,27,test,iid,constant_a008,0.11949838962962965
0.07648624617968543,0.013262075999999996,0.17833371089432498,-0.09226699999999999,inf,1.9998965199766532,43.54494203614445,0.9852948785295834,0.010274257352941176,0.0984035294117647,136,23,0,monthly_beme_op,monthly size/profit/invest,market_state_mixed,27,test,iid,constant_a009,0.11949838962962965
0.0113983271081214,-0.05421540120199302,0.08260407640909932,0.031166,0.031166000000000003,4.912941171980836,64.99645324606028,0.9638754325589645,0.009373007352941174,0.11470952941176471,136,2,1,monthly_beme_op,monthly size/profit/invest,market_state_mixed,27,test,iid,constant_a010,0.11949838962962965
0.011192482355078085,0.007053295065234337,0.013262075999999998,0.01428,inf,1.0,10.219445175787644,0.9926470588235294,0.011024213235294116,0.1011819117647059,136,75,0,monthly_beme_op,monthly size/profit/invest,market_state_mixed,27,test,iid,constant_a011,0.11949838962962965
-0.018004169343158835,-0.08486382035328346,0.050588227106840196,0.05383506758988829,0.06418,7.095532856165426,64.42833008041936,0.9478269642929013,0.008815691176470589,0.10376441176470588,136,0,2,monthly_beme_op,monthly size/profit/invest,market_state_mixed,27,test,iid,constant_a012,0.11949838962962965
0.005285380163233036,-0.01066801151030082,0.013262075999999998,0.030658,inf,1.0,24.700108301276714,0.9926470588235294,0.009981808823529413,0.11502073529411763,136,75,0,monthly_beme_op,monthly size/profit/invest,market_state_mixed,27,test,iid,constant_a013,0.11949838962962965
-0.058311248144979566,-0.20273177541601464,0.040240770517859493,0.107765,0.10776500000000001,4.842002022347253,64.56384174059544,0.964397043953329,0.005425272058823529,0.15093029411764705,136,2,1,monthly_beme_op,monthly size/profit/invest,market_state_mixed,27,test,iid,constant_a014,0.11949838962962965
0.023632392625253174,0.009671563426759622,0.046850172884203845,0.014866999999999998,inf,1.933947343781481,59.036324396889,0.9857797989427832,0.01077013970588235,0.10116476470588236,136,16,0,monthly_beme_op,monthly size/profit/invest,market_state_mixed,27,test,iid,constant_a015,0.11949838962962965
0.03725966192306305,0.00702775604259217,0.09194826844046729,0.12352670372855638,0.135892,2.982992582934121,53.87286155632058,0.9780662310078373,0.008198404411764707,0.11871282352941175,136,0,1,monthly_beme_op,monthly size/profit/invest,market_state_mixed,27,test,iid,constant_a016,0.11949838962962965
-0.029303685066101152,-0.13020398871202993,0.023949892159023625,0.075689,inf,2.784952300846718,46.35803069169673,0.9795224095525976,0.010214404411764706,0.12240526470588234,136,10,1,monthly_beme_op,monthly size/profit/invest,market_state_mixed,27,test,iid,constant_a017,0.11949838962962965
0.0055459517905099235,-0.02667479524242615,0.036105278949144164,0.01309,0.013090000000000001,2.98926420012687,63.79178628442641,0.9780201161755377,0.01078397794117647,0.1249915882352941,136,0,1,monthly_beme_op,monthly size/profit/invest,market_state_mixed,27,test,iid,constant_a018,0.11949838962962965
0.009644149123572561,-0.06021311673704228,0.050996023846479964,-0.036949,inf,1.0,62.708903614372886,0.9926470588235294,0.004148029411764705,0.16689767647058826,136,62,0,monthly_beme_op,monthly size/profit/invest,market_state_mixed,27,test,iid,constant_a019,0.11949838962962965
0.05573670107847936,0.014296842209423491,0.1266750703795038,-0.027633,-0.027632999999999998,2.1761725627189286,63.55194216700047,0.9839987311564785,0.01308618382352941,0.1459555588235294,136,3,1,monthly_beme_op,monthly size/profit/invest,market_state_mixed,27,test,iid,constant_a020,0.11949838962962965
0.1799685189739369,0.009798801521371704,0.4386916938111339,-0.015627,-0.015627,3.995028445763832,61.50671467092862,0.9706247908399718,0.011047073529411767,0.14904241176470587,136,6,1,monthly_beme_op,monthly size/profit/invest,market_state_mixed,27,test,iid,constant_a021,0.11949838962962965
-0.12516462794027147,-0.22133309731061337,-0.0715090700971111,0.060185,0.06018500000000001,2.3959390723974345,64.62943501522449,0.9823828009382541,0.01314758823529412,0.13828129411764706,136,0,1,monthly_beme_op,monthly size/profit/invest,market_state_mixed,27,test,iid,constant_a022,0.11949838962962965
0.09149835636639572,0.036432915741128905,0.17140297075830438,0.00012169670801737011,0.024876,3.425028429493885,49.124766015326514,0.974815967430192,0.014868257352941176,0.13557679411764706,136,0,1,monthly_beme_op,monthly size/profit/invest,market_state_mixed,27,test,iid,constant_a023,0.11949838962962965
0.010461779416838908,-0.014552977796814878,0.04255599170701025,0.087452,inf,1.4937927198180365,63.94613781182024,0.989016230001338,0.004658558823529411,0.22838226470588233,136,22,0,monthly_beme_op,monthly size/profit/invest,market_state_mixed,27,test,iid,constant_a024,0.11949838962962965
0.01519884887397129,-0.016756835069534792,0.05485760963485374,0.008244199999999998,inf,2.9721475325973397,47.170657193933295,0.9781459740250196,0.010897742352941178,0.10712653647058824,136,12,1,monthly_beme_op,monthly size/profit/invest,market_state_mixed,27,test,iid,constant_equal_weight_public,0.11949838962962965
0.048055169091821635,0.018529171684195725,0.08657003662885969,0.05776450487253287,0.067308,4.792228711320095,55.77295923313309,0.9647630241814699,0.016952595588235295,0.14063335294117646,136,0,1,monthly_beme_op,monthly size/profit/invest,market_state_mixed,27,test,iid,momentum_12,0.11949838962962965
0.04929947028532326,-0.00839506888415755,0.13003923055816521,0.04899719470406404,0.053807999999999995,4.721253123895946,44.362031581820744,0.9652849035007651,0.00962212588235294,0.0925010588235294,136,0,1,monthly_beme_op,monthly size/profit/invest,market_state_mixed,27,test,iid,low_vol_12,0.11949838962962965
0.015105050985801593,-0.005828993275538298,0.03754136798947838,0.0720495434192181,0.073008,30.856286589845666,11.820986685258024,0.7731155397805466,0.018501286764705884,0.10194055882352941,136,0,3,monthly_beme_op,monthly size/profit/invest,market_state_mixed,27,test,iid,risk_adjusted_12,0.11949838962962965
-0.007172008077183035,-0.17510324359271284,0.09639680554545206,0.10776500000000001,0.10776500000000001,3.813739903385544,64.56384174059544,0.9719577948280474,0.010716249999999998,0.13277941176470587,136,0,1,monthly_beme_op,monthly size/profit/invest,market_state_mixed,27,test,iid,ridge_return_train_only,0.11949838962962965
0.015722240509731703,-0.0024587051857110362,0.03605024409244207,0.053667,0.053667,1.980436031657594,56.61762256330689,0.9854379703554589,0.011030007352941176,0.15709526470588234,136,8,0,monthly_beme_op,monthly size/profit/invest,market_state_mixed,27,test,block,constant_a000,0.11949838962962965
0.026891449575400888,0.014357407936810401,0.04232750008686826,0.028883506020818465,0.067308,3.621578084738755,62.13970708267443,0.9733707493769209,0.023444860294117645,0.12699891176470587,136,0,1,monthly_beme_op,monthly size/profit/invest,market_state_mixed,27,test,block,constant_a001,0.11949838962962965
-0.0091443264111349,-0.0578042408796778,0.02422756455038489,0.066119,0.066119,3.8969002444334673,46.23927531969856,0.9713463217321069,0.013153823529411765,0.13322823529411765,136,1,1,monthly_beme_op,monthly size/profit/invest,market_state_mixed,27,test,block,constant_a002,0.11949838962962965
0.022640605484617653,0.01201090626974328,0.0419368744685427,0.014574,0.014574000000000002,3.226832666309214,24.320780342835175,0.9762732892183146,0.015877375,0.11909723529411764,136,3,1,monthly_beme_op,monthly size/profit/invest,market_state_mixed,27,test,block,constant_a003,0.11949838962962965
-0.02182335603606782,-0.12227190183010428,0.035333944493826944,0.07628,0.07628,5.016705161109014,58.07084618620617,0.963112462050669,0.012729867647058824,0.08378829411764706,136,0,2,monthly_beme_op,monthly size/profit/invest,market_state_mixed,27,test,block,constant_a004,0.11949838962962965
0.008979800824844902,0.00041525047453476785,0.013262076000000001,0.050856000000000005,inf,1.0,9.083077037762171,0.9926470588235294,0.010292911764705884,0.1313721176470588,136,74,0,monthly_beme_op,monthly size/profit/invest,market_state_mixed,27,test,block,constant_a005,0.11949838962962965
-0.03945733172979958,-0.11069357840687129,0.015183149164542527,0.083941,0.083941,7.536006172601593,64.3862901959482,0.9445881899073412,0.007293139705882353,0.09094320588235294,136,0,2,monthly_beme_op,monthly size/profit/invest,market_state_mixed,27,test,block,constant_a006,0.11949838962962965
0.056448513054872806,-0.0029044296747604077,0.15057013994424417,0.038135,0.038135,4.8417902307227445,59.33119114237011,0.9643986012446857,0.011329838235294118,0.09501655882352941,136,0,1,monthly_beme_op,monthly size/profit/invest,market_state_mixed,27,test,block,constant_a007,0.11949838962962965
0.009554655209728511,-0.00027848742384189117,0.022412548270750298,0.0596907727820233,0.06632500000000001,5.45557237977307,25.289553661480852,0.959885497207551,0.011474867647058825,0.08307823529411763,136,0,2,monthly_beme_op,monthly size/profit/invest,market_state_mixed,27,test,block,constant_a008,0.11949838962962965
0.07648624617968543,0.013262075999999996,0.17833371089432498,-0.09226699999999999,inf,1.9998965199766532,43.54494203614445,0.9852948785295834,0.010274257352941176,0.0984035294117647,136,24,0,monthly_beme_op,monthly size/profit/invest,market_state_mixed,27,test,block,constant_a009,0.11949838962962965
0.0113983271081214,-0.04610876692344461,0.0975799697933804,0.031166,0.031166000000000003,4.912941171980836,64.99645324606028,0.9638754325589645,0.009373007352941174,0.11470952941176471,136,3,1,monthly_beme_op,monthly size/profit/invest,market_state_mixed,27,test,block,constant_a010,0.11949838962962965
0.011192482355078085,0.007053295065234336,0.013262076000000001,0.01428,inf,1.0,10.219445175787644,0.9926470588235294,0.011024213235294116,0.1011819117647059,136,64,0,monthly_beme_op,monthly size/profit/invest,market_state_mixed,27,test,block,constant_a011,0.11949838962962965
-0.018004169343158835,-0.09184414869391277,0.04574053165312596,0.05383506758988829,0.06418,7.095532856165426,64.42833008041936,0.9478269642929013,0.008815691176470589,0.10376441176470588,136,0,2,monthly_beme_op,monthly size/profit/invest,market_state_mixed,27,test,block,constant_a012,0.11949838962962965
0.005285380163233036,-0.01086742890621999,0.013262076,0.030658,inf,1.0,24.700108301276714,0.9926470588235294,0.009981808823529413,0.11502073529411763,136,74,0,monthly_beme_op,monthly size/profit/invest,market_state_mixed,27,test,block,constant_a013,0.11949838962962965
-0.058311248144979566,-0.20509615344146875,0.03486868597389014,0.107765,0.10776500000000001,4.842002022347253,64.56384174059544,0.964397043953329,0.005425272058823529,0.15093029411764705,136,0,1,monthly_beme_op,monthly size/profit/invest,market_state_mixed,27,test,block,constant_a014,0.11949838962962965
0.023632392625253174,0.007907271477744985,0.047809392055474076,0.014866999999999998,inf,1.933947343781481,59.036324396889,0.9857797989427832,0.01077013970588235,0.10116476470588236,136,13,0,monthly_beme_op,monthly size/profit/invest,market_state_mixed,27,test,block,constant_a015,0.11949838962962965
0.03725966192306305,0.004209138323845943,0.08773631660960755,0.12352670372855638,0.135892,2.982992582934121,53.87286155632058,0.9780662310078373,0.008198404411764707,0.11871282352941175,136,1,1,monthly_beme_op,monthly size/profit/invest,market_state_mixed,27,test,block,constant_a016,0.11949838962962965
-0.029303685066101152,-0.12323357499030271,0.021449650777234895,0.075689,0.075689,2.784952300846718,46.35803069169673,0.9795224095525976,0.010214404411764706,0.12240526470588234,136,8,1,monthly_beme_op,monthly size/profit/invest,market_state_mixed,27,test,block,constant_a017,0.11949838962962965
0.0055459517905099235,-0.023819821066388882,0.03598281621018265,0.01309,0.013090000000000001,2.98926420012687,63.79178628442641,0.9780201161755377,0.01078397794117647,0.1249915882352941,136,1,1,monthly_beme_op,monthly size/profit/invest,market_state_mixed,27,test,block,constant_a018,0.11949838962962965
0.009644149123572561,-0.06666828711362757,0.057854590964083866,-0.036949,inf,1.0,62.708903614372886,0.9926470588235294,0.004148029411764705,0.16689767647058826,136,76,0,monthly_beme_op,monthly size/profit/invest,market_state_mixed,27,test,block,constant_a019,0.11949838962962965
0.05573670107847936,0.014270973054187902,0.13986843909229596,-0.027633,-0.027632999999999998,2.1761725627189286,63.55194216700047,0.9839987311564785,0.01308618382352941,0.1459555588235294,136,5,1,monthly_beme_op,monthly size/profit/invest,market_state_mixed,27,test,block,constant_a020,0.11949838962962965
0.1799685189739369,0.02026893995456574,0.39082638149293725,-0.015627,-0.015627,3.995028445763832,61.50671467092862,0.9706247908399718,0.011047073529411767,0.14904241176470587,136,2,1,monthly_beme_op,monthly size/profit/invest,market_state_mixed,27,test,block,constant_a021,0.11949838962962965
-0.12516462794027147,-0.21539088738127893,-0.06358827445311001,0.060185,0.06018500000000001,2.3959390723974345,64.62943501522449,0.9823828009382541,0.01314758823529412,0.13828129411764706,136,1,1,monthly_beme_op,monthly size/profit/invest,market_state_mixed,27,test,block,constant_a022,0.11949838962962965
0.09149835636639572,0.03459343982901602,0.18201805395412224,0.00012169670801737011,0.024876,3.425028429493885,49.124766015326514,0.974815967430192,0.014868257352941176,0.13557679411764706,136,0,1,monthly_beme_op,monthly size/profit/invest,market_state_mixed,27,test,block,constant_a023,0.11949838962962965
0.010461779416838908,-0.02426005982048072,0.042383322070997584,0.087452,inf,1.4937927198180365,63.94613781182024,0.989016230001338,0.004658558823529411,0.22838226470588233,136,22,0,monthly_beme_op,monthly size/profit/invest,market_state_mixed,27,test,block,constant_a024,0.11949838962962965
0.01519884887397129,-0.010604628936564163,0.04909130569144867,0.008244199999999998,0.008244199999999998,2.9721475325973397,47.170657193933295,0.9781459740250196,0.010897742352941178,0.10712653647058824,136,9,1,monthly_beme_op,monthly size/profit/invest,market_state_mixed,27,test,block,constant_equal_weight_public,0.11949838962962965
0.048055169091821635,0.018327870700563027,0.08387183182824594,0.05776450487253287,0.067308,4.792228711320095,55.77295923313309,0.9647630241814699,0.016952595588235295,0.14063335294117646,136,0,1,monthly_beme_op,monthly size/profit/invest,market_state_mixed,27,test,block,momentum_12,0.11949838962962965
0.04929947028532326,-0.004243425110197942,0.14070030498633726,0.04899719470406404,0.053807999999999995,4.721253123895946,44.362031581820744,0.9652849035007651,0.00962212588235294,0.0925010588235294,136,0,1,monthly_beme_op,monthly size/profit/invest,market_state_mixed,27,test,block,low_vol_12,0.11949838962962965
0.015105050985801593,-0.007305077290644711,0.0375223563425619,0.0720495434192181,0.073008,30.856286589845666,11.820986685258024,0.7731155397805466,0.018501286764705884,0.10194055882352941,136,0,3,monthly_beme_op,monthly size/profit/invest,market_state_mixed,27,test,block,risk_adjusted_12,0.11949838962962965
-0.007172008077183035,-0.16481629074249748,0.10240381308428526,0.10776500000000001,0.10776500000000001,3.813739903385544,64.56384174059544,0.9719577948280474,0.010716249999999998,0.13277941176470587,136,0,1,monthly_beme_op,monthly size/profit/invest,market_state_mixed,27,test,block,ridge_return_train_only,0.11949838962962965
0.14120324052339622,0.10706503542830505,0.1716612365435848,0.11414999999999999,0.11414999999999999,10.999999999999995,1.0097087378640779,0.8981481481481481,0.009011361111111112,0.15419533333333332,108,0,3,monthly_beme_op,monthly size/profit/invest,low_overlap_concentration,7,calibration,iid,constant_a000,0.11949838962962965
0.011376123876303506,0.007850133684645821,0.013804309980103097,0.10742000000000003,0.10742000000000003,6.0,1.0097087378640779,0.9444444444444444,0.005691944444444445,0.1491787037037037,108,1,2,monthly_beme_op,monthly size/profit/invest,low_overlap_concentration,7,calibration,iid,constant_a001,0.11949838962962965
0.011226410372767606,0.0073814794790842695,0.013449622660913353,0.159488,0.159488,4.0,1.0097087378640779,0.962962962962963,0.009587805555555553,0.13425677777777775,108,2,1,monthly_beme_op,monthly size/profit/invest,low_overlap_concentration,7,calibration,iid,constant_a002,0.11949838962962965
0.013290206666666686,0.013290206666666679,0.013290206666666684,,inf,0.0,0.0,1.0,0.007711083333333333,0.09189985185185184,108,200,0,monthly_beme_op,monthly size/profit/invest,low_overlap_concentration,7,calibration,iid,constant_a003,0.11949838962962965
0.0132536118302769,0.011761552008630001,0.014763764156898014,0.056700999999999994,0.056700999999999994,6.0,1.0097087378640779,0.9444444444444444,0.008999,0.09132614814814814,108,2,2,monthly_beme_op,monthly size/profit/invest,low_overlap_concentration,7,calibration,iid,constant_a004,0.11949838962962965
0.012976705005393763,0.012564011112789177,0.01329020666666668,0.00515,inf,2.9999999999999996,1.0097087378640779,0.9722222222222222,0.007037601851851851,0.14897285185185186,108,10,1,monthly_beme_op,monthly size/profit/invest,low_overlap_concentration,7,calibration,iid,constant_a005,0.11949838962962965
0.013850404168764253,0.01329020666666668,0.014645965650245731,-0.041628,inf,2.0,1.0097087378640779,0.9814814814814815,0.008633907407407406,0.12433974074074074,108,30,1,monthly_beme_op,monthly size/profit/invest,low_overlap_concentration,7,calibration,iid,constant_a006,0.11949838962962965
0.013290206666666686,0.013290206666666679,0.013290206666666684,,inf,0.0,0.0,1.0,0.008959064814814816,0.10838277777777777,108,200,0,monthly_beme_op,monthly size/profit/invest,low_overlap_concentration,7,calibration,iid,constant_a007,0.11949838962962965
0.013290206666666686,0.013290206666666679,0.013290206666666684,,inf,0.0,0.0,1.0,0.008833333333333334,0.10437133333333333,108,200,0,monthly_beme_op,monthly size/profit/invest,low_overlap_concentration,7,calibration,iid,constant_a008,0.11949838962962965
0.012590409202924627,0.0111908142754405,0.013290206666666684,0.052162,inf,2.0,1.0097087378640779,0.9814814814814815,0.008357185185185186,0.10816214814814815,108,32,1,monthly_beme_op,monthly size/profit/invest,low_overlap_concentration,7,calibration,iid,constant_a009,0.11949838962962965
-1.6128703241975368,-4.905845399197541,0.013290206666666684,0.054258,inf,1.0,2600.000000000001,0.9907407407407407,0.006952916666666668,0.1526792962962963,108,68,0,monthly_beme_op,monthly size/profit/invest,low_overlap_concentration,7,calibration,iid,constant_a010,0.11949838962962965
1.6335958054776394,0.01329020666666668,6.493144379506167,-0.08034261490683234,inf,1.0007766989119882,2600.0,0.9907335490841482,0.008470018518518517,0.11324855555555556,108,24,0,monthly_beme_op,monthly size/profit/invest,low_overlap_concentration,7,calibration,iid,constant_a011,0.11949838962962965
0.013290206666666686,0.013290206666666679,0.013290206666666684,,inf,0.0,0.0,1.0,0.007643851851851852,0.12476462962962963,108,200,0,monthly_beme_op,monthly size/profit/invest,low_overlap_concentration,7,calibration,iid,constant_a012,0.11949838962962965
0.013290206666666686,0.013290206666666679,0.013290206666666684,,inf,0.0,0.0,1.0,0.008225361111111112,0.10516055555555555,108,200,0,monthly_beme_op,monthly size/profit/invest,low_overlap_concentration,7,calibration,iid,constant_a013,0.11949838962962965
0.025862920299062675,0.018173158455550162,0.03520609055454206,-0.006456,inf,1.0,1.0097087378640779,0.9907407407407407,0.01212915740740741,0.12042751851851852,108,80,0,monthly_beme_op,monthly size/profit/invest,low_overlap_concentration,7,calibration,iid,constant_a014,0.11949838962962965
0.013290206666666686,0.013290206666666679,0.013290206666666684,,inf,0.0,0.0,1.0,0.004571592592592592,0.18182740740740738,108,200,0,monthly_beme_op,monthly size/profit/invest,low_overlap_concentration,7,calibration,iid,constant_a015,0.11949838962962965
0.013290206666666686,0.013290206666666679,0.013290206666666684,,inf,0.0,0.0,1.0,0.005576574074074074,0.15014825925925926,108,200,0,monthly_beme_op,monthly size/profit/invest,low_overlap_concentration,7,calibration,iid,constant_a016,0.11949838962962965
0.013438450420711996,0.01319256022773584,0.0137799648631188,-0.008067999999999999,-0.008067999999999999,2.9999999999999996,1.0097087378640777,0.9722222222222222,0.007114703703703705,0.1573044814814815,108,8,1,monthly_beme_op,monthly size/profit/invest,low_overlap_concentration,7,calibration,iid,constant_a017,0.11949838962962965
0.01320549204123219,0.01303606279036319,0.013290206666666684,-0.004229,inf,1.0,1.0097087378640777,0.9907407407407407,0.002282416666666666,0.17135685185185184,108,76,0,monthly_beme_op,monthly size/profit/invest,low_overlap_concentration,7,calibration,iid,constant_a018,0.11949838962962965
0.029149783613637643,0.021272266732741615,0.036761981264912064,0.066469,0.066469,4.0,1.0097087378640777,0.962962962962963,0.010592287037037039,0.19485992592592594,108,2,1,monthly_beme_op,monthly size/profit/invest,low_overlap_concentration,7,calibration,iid,constant_a019,0.11949838962962965
0.013310847668704322,0.013290206666666679,0.013352129672779591,-0.015498000000000001,inf,1.0,1.0097087378640777,0.9907407407407407,0.005733851851851852,0.16194114814814817,108,71,0,monthly_beme_op,monthly size/profit/invest,low_overlap_concentration,7,calibration,iid,constant_a020,0.11949838962962965
0.014909711746174843,0.004514815538175843,0.027677180181341385,,inf,0.0,0.0,1.0,0.004910851851851851,0.14231881481481481,108,200,0,monthly_beme_op,monthly size/profit/invest,low_overlap_concentration,7,calibration,iid,constant_a021,0.11949838962962965
0.013227708117905279,0.004930403829168791,0.020080678037723378,0.034992,0.034992,4.0,1.0097087378640777,0.962962962962963,0.0070512870370370365,0.17373688888888889,108,5,1,monthly_beme_op,monthly size/profit/invest,low_overlap_concentration,7,calibration,iid,constant_a022,0.11949838962962965
0.014223481420302879,0.0038105036455174514,0.023007840105252506,0.2107300909090909,0.21465499999999998,21.99999999999999,1.0097087378640777,0.7962962962962964,0.01687215740740741,0.16973874074074072,108,0,3,monthly_beme_op,monthly size/profit/invest,low_overlap_concentration,7,calibration,iid,constant_a023,0.11949838962962965
2.6674104383234702,0.008291120020374977,7.973958143355556,-0.10190306745879638,0.11171400000000001,1.0265768455292301,2600.0,0.9904946588376923,0.020826731481481484,0.17694474074074074,108,0,0,monthly_beme_op,monthly size/profit/invest,low_overlap_concentration,7,calibration,iid,constant_a024,0.11949838962962965
0.013290206666666686,0.013290206666666679,0.013290206666666684,,inf,0.0,0.0,1.0,0.008471041851851852,0.11949838962962965,108,200,0,monthly_beme_op,monthly size/profit/invest,low_overlap_concentration,7,calibration,iid,constant_equal_weight_public,0.11949838962962965
0.00936210569231433,-0.005366798420002431,0.024248971406716457,0.15224357142857142,0.19113742857142854,104.99999999999966,1.0097087378640779,0.0277777777777809,0.010304194444444444,0.15110244444444446,108,0,4,monthly_beme_op,monthly size/profit/invest,low_overlap_concentration,7,calibration,iid,momentum_12,0.11949838962962965
0.013998647922809561,0.01328612542239004,0.014932369779935289,-0.008067999999999999,-0.008067999999999999,4.999999999999998,1.0097087378640779,0.9537037037037037,0.009455527777777776,0.09748044444444444,108,0,1,monthly_beme_op,monthly size/profit/invest,low_overlap_concentration,7,calibration,iid,low_vol_12,0.11949838962962965
0.012261470015116592,0.0022239042464555865,0.02296905683818597,0.19107031707317074,0.21465499999999998,41.000000000000014,1.0097087378640779,0.6203703703703702,0.009305453703703703,0.14096814814814815,108,0,3,monthly_beme_op,monthly size/profit/invest,low_overlap_concentration,7,calibration,iid,risk_adjusted_12,0.11949838962962965
0.17905762478105045,0.15457031202015703,0.20371645797048463,0.11414999999999999,0.11414999999999999,9.999999999999996,1.0097087378640779,0.9074074074074074,0.010699277777777775,0.16125392592592594,108,0,2,monthly_beme_op,monthly size/profit/invest,low_overlap_concentration,7,calibration,iid,ridge_return_train_only,0.11949838962962965
0.14120324052339622,0.09020559002026726,0.19614442966860485,0.11414999999999999,0.11414999999999999,10.999999999999995,1.0097087378640779,0.8981481481481481,0.009011361111111112,0.15419533333333332,108,1,3,monthly_beme_op,monthly size/profit/invest,low_overlap_concentration,7,calibration,block,constant_a000,0.11949838962962965
0.011376123876303506,0.006261697643893091,0.014132781899436668,0.10742000000000003,0.10742000000000003,6.0,1.0097087378640779,0.9444444444444444,0.005691944444444445,0.1491787037037037,108,0,2,monthly_beme_op,monthly size/profit/invest,low_overlap_concentration,7,calibration,block,constant_a001,0.11949838962962965
0.011226410372767606,0.007257038148507737,0.013290206666666683,0.159488,inf,4.0,1.0097087378640779,0.962962962962963,0.009587805555555553,0.13425677777777775,108,22,1,monthly_beme_op,monthly size/profit/invest,low_overlap_concentration,7,calibration,block,constant_a002,0.11949838962962965
0.013290206666666686,0.013290206666666679,0.013290206666666684,,inf,0.0,0.0,1.0,0.007711083333333333,0.09189985185185184,108,200,0,monthly_beme_op,monthly size/profit/invest,low_overlap_concentration,7,calibration,block,constant_a003,0.11949838962962965
0.0132536118302769,0.0116552728139758,0.015063550324223915,0.056700999999999994,inf,6.0,1.0097087378640779,0.9444444444444444,0.008999,0.09132614814814814,108,14,2,monthly_beme_op,monthly size/profit/invest,low_overlap_concentration,7,calibration,block,constant_a004,0.11949838962962965
0.012976705005393763,0.01245937507419395,0.013290206666666683,0.00515,inf,2.9999999999999996,1.0097087378640779,0.9722222222222222,0.007037601851851851,0.14897285185185186,108,13,1,monthly_beme_op,monthly size/profit/invest,low_overlap_concentration,7,calibration,block,constant_a005,0.11949838962962965
0.013850404168764253,0.013290206666666679,0.014970799172959381,-0.041628,inf,2.0,1.0097087378640779,0.9814814814814815,0.008633907407407406,0.12433974074074074,108,54,1,monthly_beme_op,monthly size/profit/invest,low_overlap_concentration,7,calibration,block,constant_a006,0.11949838962962965
0.013290206666666686,0.013290206666666679,0.013290206666666684,,inf,0.0,0.0,1.0,0.008959064814814816,0.10838277777777777,108,200,0,monthly_beme_op,monthly size/profit/invest,low_overlap_concentration,7,calibration,block,constant_a007,0.11949838962962965
0.013290206666666686,0.013290206666666679,0.013290206666666684,,inf,0.0,0.0,1.0,0.008833333333333334,0.10437133333333333,108,200,0,monthly_beme_op,monthly size/profit/invest,low_overlap_concentration,7,calibration,block,constant_a008,0.11949838962962965
0.012590409202924627,0.0111908142754405,0.013290206666666684,0.052162,inf,2.0,1.0097087378640779,0.9814814814814815,0.008357185185185186,0.10816214814814815,108,54,1,monthly_beme_op,monthly size/profit/invest,low_overlap_concentration,7,calibration,block,constant_a009,0.11949838962962965
-1.6128703241975368,-6.491351916790132,0.013290206666666684,0.054258,inf,1.0,2600.000000000001,0.9907407407407407,0.006952916666666668,0.1526792962962963,108,72,0,monthly_beme_op,monthly size/profit/invest,low_overlap_concentration,7,calibration,block,constant_a010,0.11949838962962965
1.6335958054776394,0.01329020666666668,4.915013941720846,-0.08034261490683234,inf,1.0007766989119882,2600.0,0.9907335490841482,0.008470018518518517,0.11324855555555556,108,23,0,monthly_beme_op,monthly size/profit/invest,low_overlap_concentration,7,calibration,block,constant_a011,0.11949838962962965
0.013290206666666686,0.013290206666666679,0.013290206666666684,,inf,0.0,0.0,1.0,0.007643851851851852,0.12476462962962963,108,200,0,monthly_beme_op,monthly size/profit/invest,low_overlap_concentration,7,calibration,block,constant_a012,0.11949838962962965
0.013290206666666686,0.013290206666666679,0.013290206666666684,,inf,0.0,0.0,1.0,0.008225361111111112,0.10516055555555555,108,200,0,monthly_beme_op,monthly size/profit/invest,low_overlap_concentration,7,calibration,block,constant_a013,0.11949838962962965
0.025862920299062675,0.014939001452001176,0.03920978695981776,-0.006456,inf,1.0,1.0097087378640779,0.9907407407407407,0.01212915740740741,0.12042751851851852,108,74,0,monthly_beme_op,monthly size/profit/invest,low_overlap_concentration,7,calibration,block,constant_a014,0.11949838962962965
0.013290206666666686,0.013290206666666679,0.013290206666666684,,inf,0.0,0.0,1.0,0.004571592592592592,0.18182740740740738,108,200,0,monthly_beme_op,monthly size/profit/invest,low_overlap_concentration,7,calibration,block,constant_a015,0.11949838962962965
0.013290206666666686,0.013290206666666679,0.013290206666666684,,inf,0.0,0.0,1.0,0.005576574074074074,0.15014825925925926,108,200,0,monthly_beme_op,monthly size/profit/invest,low_overlap_concentration,7,calibration,block,constant_a016,0.11949838962962965
0.013438450420711996,0.01324138344720126,0.013783761148268025,-0.008067999999999999,inf,2.9999999999999996,1.0097087378640777,0.9722222222222222,0.007114703703703705,0.1573044814814815,108,32,1,monthly_beme_op,monthly size/profit/invest,low_overlap_concentration,7,calibration,block,constant_a017,0.11949838962962965
0.01320549204123219,0.01303606279036319,0.013290206666666684,-0.004229,inf,1.0,1.0097087378640777,0.9907407407407407,0.002282416666666666,0.17135685185185184,108,74,0,monthly_beme_op,monthly size/profit/invest,low_overlap_concentration,7,calibration,block,constant_a018,0.11949838962962965
0.029149783613637643,0.019992075859372856,0.038055868255310196,0.066469,inf,4.0,1.0097087378640777,0.962962962962963,0.010592287037037039,0.19485992592592594,108,10,1,monthly_beme_op,monthly size/profit/invest,low_overlap_concentration,7,calibration,block,constant_a019,0.11949838962962965
0.013310847668704322,0.013290206666666679,0.013352129672779593,-0.015498000000000001,inf,1.0,1.0097087378640777,0.9907407407407407,0.005733851851851852,0.16194114814814817,108,83,0,monthly_beme_op,monthly size/profit/invest,low_overlap_concentration,7,calibration,block,constant_a020,0.11949838962962965
0.014909711746174843,0.001320778281256891,0.0292749811968722,,inf,0.0,0.0,1.0,0.004910851851851851,0.14231881481481481,108,200,0,monthly_beme_op,monthly size/profit/invest,low_overlap_concentration,7,calibration,block,constant_a021,0.11949838962962965
0.013227708117905279,0.00311272925836126,0.023936717349865005,0.034992,0.034992,4.0,1.0097087378640777,0.962962962962963,0.0070512870370370365,0.17373688888888889,108,6,1,monthly_beme_op,monthly size/profit/invest,low_overlap_concentration,7,calibration,block,constant_a022,0.11949838962962965
0.014223481420302879,0.0033055325700872876,0.02363261671522941,0.2107300909090909,0.21465499999999998,21.99999999999999,1.0097087378640777,0.7962962962962964,0.01687215740740741,0.16973874074074072,108,0,3,monthly_beme_op,monthly size/profit/invest,low_overlap_concentration,7,calibration,block,constant_a023,0.11949838962962965
2.6674104383234702,0.00661999270899303,7.977922258863409,-0.10190306745879638,0.11171400000000001,1.0265768455292301,2600.0,0.9904946588376923,0.020826731481481484,0.17694474074074074,108,0,0,monthly_beme_op,monthly size/profit/invest,low_overlap_concentration,7,calibration,block,constant_a024,0.11949838962962965
0.013290206666666686,0.013290206666666679,0.013290206666666684,,inf,0.0,0.0,1.0,0.008471041851851852,0.11949838962962965,108,200,0,monthly_beme_op,monthly size/profit/invest,low_overlap_concentration,7,calibration,block,constant_equal_weight_public,0.11949838962962965
0.00936210569231433,-0.005279722212599419,0.022895159602717877,0.15224357142857142,0.19297743396226413,104.99999999999966,1.0097087378640779,0.0277777777777809,0.010304194444444444,0.15110244444444446,108,0,4,monthly_beme_op,monthly size/profit/invest,low_overlap_concentration,7,calibration,block,momentum_12,0.11949838962962965
0.013998647922809561,0.013241383447201261,0.015187223096607956,-0.008067999999999999,-0.008067999999999999,4.999999999999998,1.0097087378640779,0.9537037037037037,0.009455527777777776,0.09748044444444444,108,6,1,monthly_beme_op,monthly size/profit/invest,low_overlap_concentration,7,calibration,block,low_vol_12,0.11949838962962965
0.012261470015116592,0.0004047830584234891,0.023247697255156293,0.19107031707317074,0.21465499999999998,41.000000000000014,1.0097087378640779,0.6203703703703702,0.009305453703703703,0.14096814814814815,108,0,3,monthly_beme_op,monthly size/profit/invest,low_overlap_concentration,7,calibration,block,risk_adjusted_12,0.11949838962962965
0.17905762478105045,0.13435367730319098,0.22482331284495094,0.11414999999999999,0.11414999999999999,9.999999999999996,1.0097087378640779,0.9074074074074074,0.010699277777777775,0.16125392592592594,108,0,2,monthly_beme_op,monthly size/profit/invest,low_overlap_concentration,7,calibration,block,ridge_return_train_only,0.11949838962962965
-0.10533683406005818,-0.14139104289476467,-0.07134649962299246,0.09006499999999999,0.090065,8.999999999999998,1.0097087378640779,0.9338235294117647,0.011030007352941176,0.15709526470588234,136,0,2,monthly_beme_op,monthly size/profit/invest,low_overlap_concentration,7,test,iid,constant_a000,0.11949838962962965
0.02033538622882155,0.009268620145155155,0.02907408004264232,0.12294047826086957,0.162361,45.99999999999999,1.0097087378640779,0.661764705882353,0.023444860294117645,0.12699891176470587,136,0,3,monthly_beme_op,monthly size/profit/invest,low_overlap_concentration,7,test,iid,constant_a001,0.11949838962962965
0.011281316146963658,0.00611338048981535,0.015700015721302123,0.193966,0.19396600000000003,14.99999999999999,1.0097087378640779,0.8897058823529412,0.013153823529411765,0.13322823529411765,136,0,3,monthly_beme_op,monthly size/profit/invest,low_overlap_concentration,7,test,iid,constant_a002,0.11949838962962965
0.014693769670664403,0.01239218365724349,0.016983768572244446,0.049852,0.04985200000000001,8.999999999999998,1.0097087378640779,0.9338235294117647,0.015877375,0.11909723529411764,136,0,2,monthly_beme_op,monthly size/profit/invest,low_overlap_concentration,7,test,iid,constant_a003,0.11949838962962965
0.013290206666666688,0.013290206666666674,0.013290206666666679,,inf,0.0,0.0,1.0,0.012729867647058824,0.08378829411764706,136,200,0,monthly_beme_op,monthly size/profit/invest,low_overlap_concentration,7,test,iid,constant_a004,0.11949838962962965
0.013431438142014107,0.013290206666666676,0.01385513256805636,-0.032313,inf,1.0,1.0097087378640779,0.9926470588235294,0.010292911764705884,0.1313721176470588,136,70,0,monthly_beme_op,monthly size/profit/invest,low_overlap_concentration,7,test,iid,constant_a005,0.11949838962962965
0.013093108402817457,0.012734746289739208,0.013397173329525992,0.0059440000000000005,0.0059440000000000005,2.9999999999999996,1.0097087378640779,0.9779411764705882,0.007293139705882353,0.09094320588235294,136,6,1,monthly_beme_op,monthly size/profit/invest,low_overlap_concentration,7,test,iid,constant_a006,0.11949838962962965
0.013290206666666688,0.013290206666666674,0.013290206666666679,,inf,0.0,0.0,1.0,0.011329838235294118,0.09501655882352941,136,200,0,monthly_beme_op,monthly size/profit/invest,low_overlap_concentration,7,test,iid,constant_a007,0.11949838962962965
0.013290206666666688,0.013290206666666674,0.013290206666666679,,inf,0.0,0.0,1.0,0.011474867647058825,0.08307823529411763,136,200,0,monthly_beme_op,monthly size/profit/invest,low_overlap_concentration,7,test,iid,constant_a008,0.11949838962962965
0.012501661016561985,0.011150415163811161,0.01440160546440131,0.04424,0.04424,5.0,1.0097087378640779,0.9632352941176471,0.010274257352941176,0.0984035294117647,136,2,2,monthly_beme_op,monthly size/profit/invest,low_overlap_concentration,7,test,iid,constant_a009,0.11949838962962965
0.013290206666666688,0.013290206666666674,0.013290206666666679,,inf,0.0,0.0,1.0,0.009373007352941174,0.11470952941176471,136,200,0,monthly_beme_op,monthly size/profit/invest,low_overlap_concentration,7,test,iid,constant_a010,0.11949838962962965
0.013290206666666688,0.013290206666666674,0.013290206666666679,,inf,0.0,0.0,1.0,0.011024213235294116,0.1011819117647059,136,200,0,monthly_beme_op,monthly size/profit/invest,low_overlap_concentration,7,test,iid,constant_a011,0.11949838962962965
0.013290206666666688,0.013290206666666674,0.013290206666666679,,inf,0.0,0.0,1.0,0.008815691176470589,0.10376441176470588,136,200,0,monthly_beme_op,monthly size/profit/invest,low_overlap_concentration,7,test,iid,constant_a012,0.11949838962962965
0.012835435286502972,0.011914523241671434,0.013290206666666679,0.047964,inf,1.0,1.0097087378640779,0.9926470588235294,0.009981808823529413,0.11502073529411763,136,62,0,monthly_beme_op,monthly size/profit/invest,low_overlap_concentration,7,test,iid,constant_a013,0.11949838962962965
-0.019641664472391566,-0.028052773176649625,-0.01247385254119891,,inf,0.0,0.0,1.0,0.005425272058823529,0.15093029411764705,136,200,0,monthly_beme_op,monthly size/profit/invest,low_overlap_concentration,7,test,iid,constant_a014,0.11949838962962965
0.01293362050256998,0.012122643133447564,0.013388011707595671,0.041326,inf,2.0,1.0097087378640779,0.9852941176470589,0.01077013970588235,0.10116476470588236,136,26,1,monthly_beme_op,monthly size/profit/invest,low_overlap_concentration,7,test,iid,constant_a015,0.11949838962962965
0.013290206666666688,0.013290206666666674,0.013290206666666679,,inf,0.0,0.0,1.0,0.008198404411764707,0.11871282352941175,136,200,0,monthly_beme_op,monthly size/profit/invest,low_overlap_concentration,7,test,iid,constant_a016,0.11949838962962965
0.013290206666666688,0.013290206666666674,0.013290206666666679,,inf,0.0,0.0,1.0,0.010214404411764706,0.12240526470588234,136,200,0,monthly_beme_op,monthly size/profit/invest,low_overlap_concentration,7,test,iid,constant_a017,0.11949838962962965
0.013290206666666688,0.013290206666666674,0.013290206666666679,,inf,0.0,0.0,1.0,0.01078397794117647,0.1249915882352941,136,200,0,monthly_beme_op,monthly size/profit/invest,low_overlap_concentration,7,test,iid,constant_a018,0.11949838962962965
0.01304408464676103,0.004447485884760749,0.02259785390399373,0.08876200000000001,inf,2.0,1.0097087378640777,0.9852941176470589,0.004148029411764705,0.16689767647058826,136,26,1,monthly_beme_op,monthly size/profit/invest,low_overlap_concentration,7,test,iid,constant_a019,0.11949838962962965
0.012055063575099962,0.0069670634739196725,0.016743618039120518,0.132271,0.132271,10.99999999999999,1.0097087378640777,0.9191176470588236,0.01308618382352941,0.1459555588235294,136,0,3,monthly_beme_op,monthly size/profit/invest,low_overlap_concentration,7,test,iid,constant_a020,0.11949838962962965
0.025398492752490443,0.012992933656878326,0.039307144330748015,0.029620999999999995,0.029621,5.999999999999997,1.0097087378640777,0.9558823529411765,0.011047073529411767,0.14904241176470587,136,1,2,monthly_beme_op,monthly size/profit/invest,low_overlap_concentration,7,test,iid,constant_a021,0.11949838962962965
0.03669227429319195,0.021724402364993227,0.04924327383680303,0.001535,inf,1.0,1.0097087378640777,0.9926470588235294,0.01314758823529412,0.13828129411764706,136,78,0,monthly_beme_op,monthly size/profit/invest,low_overlap_concentration,7,test,iid,constant_a022,0.11949838962962965
-0.0014941360427987577,-0.007962643568000466,0.005292113013167177,0.032311,0.032311,17.99999999999999,1.0097087378640777,0.8676470588235294,0.014868257352941176,0.13557679411764706,136,0,3,monthly_beme_op,monthly size/profit/invest,low_overlap_concentration,7,test,iid,constant_a023,0.11949838962962965
-0.015490558197440447,-0.023730232474655662,-0.005965315176080215,0.08165800000000001,0.08165800000000001,6.999999999999995,1.0097087378640777,0.948529411764706,0.004658558823529411,0.22838226470588233,136,0,2,monthly_beme_op,monthly size/profit/invest,low_overlap_concentration,7,test,iid,constant_a024,0.11949838962962965
0.013290206666666688,0.013290206666666674,0.013290206666666679,,inf,0.0,0.0,1.0,0.010897742352941178,0.10712653647058824,136,200,0,monthly_beme_op,monthly size/profit/invest,low_overlap_concentration,7,test,iid,constant_equal_weight_public,0.11949838962962965
0.01707515925299194,0.002435429133759756,0.027494830876662903,0.14063335294117651,0.17178423529411765,135.99999999999966,1.0097087378640779,2.55351295663786e-15,0.016952595588235295,0.14063335294117646,136,0,4,monthly_beme_op,monthly size/profit/invest,low_overlap_concentration,7,test,iid,momentum_12,0.11949838962962965
0.012821789166052013,0.011640851123335712,0.013687899366259405,0.025731,inf,1.0,1.0097087378640777,0.9926470588235294,0.00962212588235294,0.0925010588235294,136,76,0,monthly_beme_op,monthly size/profit/invest,low_overlap_concentration,7,test,iid,low_vol_12,0.11949838962962965
0.022102286933905806,0.012209385949183336,0.031451266915965975,0.11795542857142857,0.132271,56.000000000000036,1.0097087378640779,0.5882352941176467,0.018501286764705884,0.10194055882352941,136,0,4,monthly_beme_op,monthly size/profit/invest,low_overlap_concentration,7,test,iid,risk_adjusted_12,0.11949838962962965
0.1104159065358907,0.09671960796613076,0.1286907899452029,0.056729,0.05672900000000001,5.999999999999997,1.0097087378640779,0.9558823529411765,0.010808992647058823,0.1602916470588235,136,0,2,monthly_beme_op,monthly size/profit/invest,low_overlap_concentration,7,test,iid,ridge_return_train_only,0.11949838962962965
-0.10533683406005818,-0.15685626382271123,-0.06196958648846173,0.09006499999999999,0.090065,8.999999999999998,1.0097087378640779,0.9338235294117647,0.011030007352941176,0.15709526470588234,136,1,2,monthly_beme_op,monthly size/profit/invest,low_overlap_concentration,7,test,block,constant_a000,0.11949838962962965
0.02033538622882155,0.01213031591880831,0.03312949802845991,0.12294047826086957,0.162361,45.99999999999999,1.0097087378640779,0.661764705882353,0.023444860294117645,0.12699891176470587,136,0,3,monthly_beme_op,monthly size/profit/invest,low_overlap_concentration,7,test,block,constant_a001,0.11949838962962965
0.011281316146963658,0.006466439023605565,0.015264087778031612,0.193966,0.19396600000000003,14.99999999999999,1.0097087378640779,0.8897058823529412,0.013153823529411765,0.13322823529411765,136,0,3,monthly_beme_op,monthly size/profit/invest,low_overlap_concentration,7,test,block,constant_a002,0.11949838962962965
0.014693769670664403,0.012902749427565207,0.01691629367961166,0.049852,0.04985200000000001,8.999999999999998,1.0097087378640779,0.9338235294117647,0.015877375,0.11909723529411764,136,5,2,monthly_beme_op,monthly size/profit/invest,low_overlap_concentration,7,test,block,constant_a003,0.11949838962962965
0.013290206666666688,0.013290206666666674,0.01329020666666668,,inf,0.0,0.0,1.0,0.012729867647058824,0.08378829411764706,136,200,0,monthly_beme_op,monthly size/profit/invest,low_overlap_concentration,7,test,block,constant_a004,0.11949838962962965
0.013431438142014107,0.013290206666666676,0.01371390109270894,-0.032313,inf,1.0,1.0097087378640779,0.9926470588235294,0.010292911764705884,0.1313721176470588,136,71,0,monthly_beme_op,monthly size/profit/invest,low_overlap_concentration,7,test,block,constant_a005,0.11949838962962965
0.013093108402817457,0.012717183357795552,0.013290206666666679,0.0059440000000000005,inf,2.9999999999999996,1.0097087378640779,0.9779411764705882,0.007293139705882353,0.09094320588235294,136,26,1,monthly_beme_op,monthly size/profit/invest,low_overlap_concentration,7,test,block,constant_a006,0.11949838962962965
0.013290206666666688,0.013290206666666674,0.01329020666666668,,inf,0.0,0.0,1.0,0.011329838235294118,0.09501655882352941,136,200,0,monthly_beme_op,monthly size/profit/invest,low_overlap_concentration,7,test,block,constant_a007,0.11949838962962965
0.013290206666666688,0.013290206666666674,0.01329020666666668,,inf,0.0,0.0,1.0,0.011474867647058825,0.08307823529411763,136,200,0,monthly_beme_op,monthly size/profit/invest,low_overlap_concentration,7,test,block,constant_a008,0.11949838962962965
0.012501661016561985,0.010574471948029705,0.013982966198362848,0.04424,0.04424,5.0,1.0097087378640779,0.9632352941176471,0.010274257352941176,0.0984035294117647,136,3,2,monthly_beme_op,monthly size/profit/invest,low_overlap_concentration,7,test,block,constant_a009,0.11949838962962965
0.013290206666666688,0.013290206666666674,0.01329020666666668,,inf,0.0,0.0,1.0,0.009373007352941174,0.11470952941176471,136,200,0,monthly_beme_op,monthly size/profit/invest,low_overlap_concentration,7,test,block,constant_a010,0.11949838962962965
0.013290206666666688,0.013290206666666674,0.01329020666666668,,inf,0.0,0.0,1.0,0.011024213235294116,0.1011819117647059,136,200,0,monthly_beme_op,monthly size/profit/invest,low_overlap_concentration,7,test,block,constant_a011,0.11949838962962965
0.013290206666666688,0.013290206666666674,0.01329020666666668,,inf,0.0,0.0,1.0,0.008815691176470589,0.10376441176470588,136,200,0,monthly_beme_op,monthly size/profit/invest,low_overlap_concentration,7,test,block,constant_a012,0.11949838962962965
0.012835435286502972,0.011914523241671431,0.013290206666666679,0.047964,inf,1.0,1.0097087378640779,0.9926470588235294,0.009981808823529413,0.11502073529411763,136,68,0,monthly_beme_op,monthly size/profit/invest,low_overlap_concentration,7,test,block,constant_a013,0.11949838962962965
-0.019641664472391566,-0.030800486209952332,-0.008545692077041853,,inf,0.0,0.0,1.0,0.005425272058823529,0.15093029411764705,136,200,0,monthly_beme_op,monthly size/profit/invest,low_overlap_concentration,7,test,block,constant_a014,0.11949838962962965
0.01293362050256998,0.011814959489815355,0.013339109187131175,0.041326,inf,2.0,1.0097087378640779,0.9852941176470589,0.01077013970588235,0.10116476470588236,136,48,1,monthly_beme_op,monthly size/profit/invest,low_overlap_concentration,7,test,block,constant_a015,0.11949838962962965
0.013290206666666688,0.013290206666666674,0.01329020666666668,,inf,0.0,0.0,1.0,0.008198404411764707,0.11871282352941175,136,200,0,monthly_beme_op,monthly size/profit/invest,low_overlap_concentration,7,test,block,constant_a016,0.11949838962962965
0.013290206666666688,0.013290206666666674,0.01329020666666668,,inf,0.0,0.0,1.0,0.010214404411764706,0.12240526470588234,136,200,0,monthly_beme_op,monthly size/profit/invest,low_overlap_concentration,7,test,block,constant_a017,0.11949838962962965
0.013290206666666688,0.013290206666666674,0.01329020666666668,,inf,0.0,0.0,1.0,0.01078397794117647,0.1249915882352941,136,200,0,monthly_beme_op,monthly size/profit/invest,low_overlap_concentration,7,test,block,constant_a018,0.11949838962962965
0.01304408464676103,0.0032566066994839955,0.021769830011145158,0.08876200000000001,inf,2.0,1.0097087378640777,0.9852941176470589,0.004148029411764705,0.16689767647058826,136,29,1,monthly_beme_op,monthly size/profit/invest,low_overlap_concentration,7,test,block,constant_a019,0.11949838962962965
0.012055063575099962,0.009172952950885216,0.014049577203502776,0.132271,0.132271,10.99999999999999,1.0097087378640777,0.9191176470588236,0.01308618382352941,0.1459555588235294,136,3,3,monthly_beme_op,monthly size/profit/invest,low_overlap_concentration,7,test,block,constant_a020,0.11949838962962965
0.025398492752490443,0.00652068346612963,0.04431412771714814,0.029620999999999995,inf,5.999999999999997,1.0097087378640777,0.9558823529411765,0.011047073529411767,0.14904241176470587,136,12,2,monthly_beme_op,monthly size/profit/invest,low_overlap_concentration,7,test,block,constant_a021,0.11949838962962965
0.03669227429319195,0.01495911142077171,0.05511001720065707,0.001535,inf,1.0,1.0097087378640777,0.9926470588235294,0.01314758823529412,0.13828129411764706,136,73,0,monthly_beme_op,monthly size/profit/invest,low_overlap_concentration,7,test,block,constant_a022,0.11949838962962965
-0.0014941360427987577,-0.008722775540231074,0.007177499772373854,0.032311,0.032311,17.99999999999999,1.0097087378640777,0.8676470588235294,0.014868257352941176,0.13557679411764706,136,0,3,monthly_beme_op,monthly size/profit/invest,low_overlap_concentration,7,test,block,constant_a023,0.11949838962962965
-0.015490558197440447,-0.026728745862868417,-0.0017082721263514977,0.08165800000000001,0.08165800000000001,6.999999999999995,1.0097087378640777,0.948529411764706,0.004658558823529411,0.22838226470588233,136,6,2,monthly_beme_op,monthly size/profit/invest,low_overlap_concentration,7,test,block,constant_a024,0.11949838962962965
0.013290206666666688,0.013290206666666674,0.01329020666666668,,inf,0.0,0.0,1.0,0.010897742352941178,0.10712653647058824,136,200,0,monthly_beme_op,monthly size/profit/invest,low_overlap_concentration,7,test,block,constant_equal_weight_public,0.11949838962962965
0.01707515925299194,0.0035894986626157717,0.031846972276079626,0.14063335294117651,0.17241238235294115,135.99999999999966,1.0097087378640779,2.55351295663786e-15,0.016952595588235295,0.14063335294117646,136,0,4,monthly_beme_op,monthly size/profit/invest,low_overlap_concentration,7,test,block,momentum_12,0.11949838962962965
0.012821789166052013,0.011721628782037277,0.013625064031969308,0.025731,inf,1.0,1.0097087378640777,0.9926470588235294,0.00962212588235294,0.0925010588235294,136,77,0,monthly_beme_op,monthly size/profit/invest,low_overlap_concentration,7,test,block,low_vol_12,0.11949838962962965
0.022102286933905806,0.01239714031934571,0.03557882936579303,0.11795542857142857,0.132271,56.000000000000036,1.0097087378640779,0.5882352941176467,0.018501286764705884,0.10194055882352941,136,0,4,monthly_beme_op,monthly size/profit/invest,low_overlap_concentration,7,test,block,risk_adjusted_12,0.11949838962962965
0.1104159065358907,0.08667464881710155,0.13678527604353313,0.056729,0.05672900000000001,5.999999999999997,1.0097087378640779,0.9558823529411765,0.010808992647058823,0.1602916470588235,136,1,2,monthly_beme_op,monthly size/profit/invest,low_overlap_concentration,7,test,block,ridge_return_train_only,0.11949838962962965
0.14120324052339622,0.10565168094178813,0.17120713578428157,0.11414999999999999,0.11414999999999999,10.999999999999995,1.0097087378640779,0.8981481481481481,0.009011361111111112,0.15419533333333332,108,0,3,monthly_beme_op,monthly size/profit/invest,low_overlap_concentration,17,calibration,iid,constant_a000,0.11949838962962965
0.010977830909744687,0.007897214683207471,0.013158950238763028,0.10742000000000002,0.10742000000000003,7.0,1.0097087378640779,0.9351851851851852,0.005691944444444445,0.1491787037037037,108,0,2,monthly_beme_op,monthly size/profit/invest,low_overlap_concentration,17,calibration,iid,constant_a001,0.11949838962962965
0.011155209809421064,0.007924912751528223,0.013336944696152457,0.159488,0.159488,4.0,1.0097087378640779,0.962962962962963,0.009587805555555553,0.13425677777777775,108,4,1,monthly_beme_op,monthly size/profit/invest,low_overlap_concentration,17,calibration,iid,constant_a002,0.11949838962962965
0.013216239999999992,0.013216239999999992,0.013216239999999994,,inf,0.0,0.0,1.0,0.007711083333333333,0.09189985185185184,108,200,0,monthly_beme_op,monthly size/profit/invest,low_overlap_concentration,17,calibration,iid,constant_a003,0.11949838962962965
0.013183794318590427,0.011728480499820202,0.014752422167565619,0.056700999999999994,0.056700999999999994,6.0,1.0097087378640779,0.9444444444444444,0.008999,0.09132614814814814,108,0,2,monthly_beme_op,monthly size/profit/invest,low_overlap_concentration,17,calibration,iid,constant_a004,0.11949838962962965
0.01290481291621718,0.012457868194893917,0.013216239999999994,0.00515,inf,2.9999999999999996,1.0097087378640779,0.9722222222222222,0.007037601851851851,0.14897285185185186,108,18,1,monthly_beme_op,monthly size/profit/invest,low_overlap_concentration,17,calibration,iid,constant_a005,0.11949838962962965
0.013777820553757633,0.013216239999999992,0.014870653002517073,-0.041628,inf,2.0,1.0097087378640779,0.9814814814814815,0.008633907407407406,0.12433974074074074,108,19,1,monthly_beme_op,monthly size/profit/invest,low_overlap_concentration,17,calibration,iid,constant_a006,0.11949838962962965
0.013216239999999992,0.013216239999999992,0.013216239999999994,,inf,0.0,0.0,1.0,0.008959064814814816,0.10838277777777777,108,200,0,monthly_beme_op,monthly size/profit/invest,low_overlap_concentration,17,calibration,iid,constant_a007,0.11949838962962965
0.013216239999999992,0.013216239999999992,0.013216239999999994,,inf,0.0,0.0,1.0,0.008833333333333334,0.10437133333333333,108,200,0,monthly_beme_op,monthly size/profit/invest,low_overlap_concentration,17,calibration,iid,constant_a008,0.11949838962962965
0.012517825587918007,0.011208179877741815,0.013216239999999994,0.052162,inf,2.0,1.0097087378640779,0.9814814814814815,0.008357185185185186,0.10816214814814815,108,31,1,monthly_beme_op,monthly size/profit/invest,low_overlap_concentration,17,calibration,iid,constant_a009,0.11949838962962965
0.013216239999999992,0.013216239999999992,0.013216239999999994,,inf,0.0,0.0,1.0,0.006952916666666668,0.1526792962962963,108,200,0,monthly_beme_op,monthly size/profit/invest,low_overlap_concentration,17,calibration,iid,constant_a010,0.11949838962962965
0.01355898712693275,0.013216239999999992,0.014244481380798268,-0.049877000000000005,inf,1.0,1.0097087378640779,0.9907407407407407,0.008470018518518517,0.11324855555555556,108,71,0,monthly_beme_op,monthly size/profit/invest,low_overlap_concentration,17,calibration,iid,constant_a011,0.11949838962962965
0.013216239999999992,0.013216239999999992,0.013216239999999994,,inf,0.0,0.0,1.0,0.007643851851851852,0.12476462962962963,108,200,0,monthly_beme_op,monthly size/profit/invest,low_overlap_concentration,17,calibration,iid,constant_a012,0.11949838962962965
0.013216239999999992,0.013216239999999992,0.013216239999999994,,inf,0.0,0.0,1.0,0.008225361111111112,0.10516055555555555,108,200,0,monthly_beme_op,monthly size/profit/invest,low_overlap_concentration,17,calibration,iid,constant_a013,0.11949838962962965
0.025862920299062675,0.016373853574161646,0.03366039364379806,-0.006456,inf,1.0,1.0097087378640779,0.9907407407407407,0.01212915740740741,0.12042751851851852,108,82,0,monthly_beme_op,monthly size/profit/invest,low_overlap_concentration,17,calibration,iid,constant_a014,0.11949838962962965
0.013216239999999992,0.013216239999999992,0.013216239999999994,,inf,0.0,0.0,1.0,0.004571592592592592,0.18182740740740738,108,200,0,monthly_beme_op,monthly size/profit/invest,low_overlap_concentration,17,calibration,iid,constant_a015,0.11949838962962965
0.013216239999999992,0.013216239999999992,0.013216239999999994,,inf,0.0,0.0,1.0,0.005576574074074074,0.15014825925925926,108,200,0,monthly_beme_op,monthly size/profit/invest,low_overlap_concentration,17,calibration,iid,constant_a016,0.11949838962962965
0.01405866468176914,0.013174047188781008,0.015826618366055367,-0.008067999999999999,-0.008067999999999999,4.0,1.0097087378640777,0.962962962962963,0.007114703703703705,0.1573044814814815,108,1,1,monthly_beme_op,monthly size/profit/invest,low_overlap_concentration,17,calibration,iid,constant_a017,0.11949838962962965
-1.3569531905070182,-4.097210128998917,0.013216239999999994,0.043695000000000005,inf,1.0007766989119882,2600.0,0.9907335490841482,0.002282416666666666,0.17135685185185184,108,32,0,monthly_beme_op,monthly size/profit/invest,low_overlap_concentration,17,calibration,iid,constant_a018,0.11949838962962965
-2.55950195207287,-7.811738540413094,0.0366446651193624,0.056512843289371645,0.066469,1.0023310009247992,2600.0,0.9907191573988444,0.010592287037037039,0.19485992592592594,108,2,0,monthly_beme_op,monthly size/profit/invest,low_overlap_concentration,17,calibration,iid,constant_a019,0.11949838962962965
0.013237572527867666,0.013216239999999992,0.013280237583603015,-0.015498000000000001,inf,1.0,1.0097087378640777,0.9907407407407407,0.005733851851851852,0.16194114814814817,108,74,0,monthly_beme_op,monthly size/profit/invest,low_overlap_concentration,17,calibration,iid,constant_a020,0.11949838962962965
0.014909711746174843,0.004740746913083097,0.024140920967247386,,inf,0.0,0.0,1.0,0.004910851851851851,0.14231881481481481,108,200,0,monthly_beme_op,monthly size/profit/invest,low_overlap_concentration,17,calibration,iid,constant_a021,0.11949838962962965
0.00594782224796566,-0.0027359583165332017,0.015193138886428339,0.034992,0.034992,2.9999999999999996,1.0097087378640777,0.9722222222222222,0.0070512870370370365,0.17373688888888889,108,9,1,monthly_beme_op,monthly size/profit/invest,low_overlap_concentration,17,calibration,iid,constant_a022,0.11949838962962965
0.012575720366548653,0.002153842080052567,0.022378118483186056,0.2107300909090909,0.21465499999999998,21.99999999999999,1.0097087378640777,0.7962962962962964,0.01687215740740741,0.16973874074074072,108,0,3,monthly_beme_op,monthly size/profit/invest,low_overlap_concentration,17,calibration,iid,constant_a023,0.11949838962962965
0.013699002414956661,0.00520581876906785,0.023603785660017286,0.11103685714285716,0.11171400000000001,35.00000000000001,1.0097087378640777,0.6759259259259258,0.020826731481481484,0.17694474074074074,108,0,3,monthly_beme_op,monthly size/profit/invest,low_overlap_concentration,17,calibration,iid,constant_a024,0.11949838962962965
0.013216239999999992,0.013216239999999992,0.013216239999999994,,inf,0.0,0.0,1.0,0.008471041851851852,0.11949838962962965,108,200,0,monthly_beme_op,monthly size/profit/invest,low_overlap_concentration,17,calibration,iid,constant_equal_weight_public,0.11949838962962965
0.009327738504588496,-0.00470891393162204,0.019972173198594692,0.15185601886792452,0.19042276635514016,105.99999999999966,1.0097087378640779,0.01851851851852171,0.010304194444444444,0.15110244444444446,108,0,4,monthly_beme_op,monthly size/profit/invest,low_overlap_concentration,17,calibration,iid,momentum_12,0.11949838962962965
0.014291769780654433,0.012954169723121174,0.016117193702265366,0.021918000000000003,0.021918000000000003,6.999999999999993,1.0097087378640779,0.9351851851851852,0.009455527777777776,0.09748044444444444,108,0,2,monthly_beme_op,monthly size/profit/invest,low_overlap_concentration,17,calibration,iid,low_vol_12,0.11949838962962965
0.013101015267815434,0.0029155391111267887,0.02166834884004855,0.1856220909090909,0.21465499999999998,44.00000000000003,1.0097087378640779,0.5925925925925923,0.009305453703703703,0.14096814814814815,108,0,3,monthly_beme_op,monthly size/profit/invest,low_overlap_concentration,17,calibration,iid,risk_adjusted_12,0.11949838962962965
0.18166393844447423,0.15273565154426108,0.20538983426980736,0.11414999999999999,0.11414999999999999,9.999999999999996,1.0097087378640779,0.9074074074074074,0.009818259259259257,0.16125392592592594,108,0,2,monthly_beme_op,monthly size/profit/invest,low_overlap_concentration,17,calibration,iid,ridge_return_train_only,0.11949838962962965
0.14120324052339622,0.08935813601124827,0.1969890004836618,0.11414999999999999,0.11414999999999999,10.999999999999995,1.0097087378640779,0.8981481481481481,0.009011361111111112,0.15419533333333332,108,0,3,monthly_beme_op,monthly size/profit/invest,low_overlap_concentration,17,calibration,block,constant_a000,0.11949838962962965
0.010977830909744687,0.006124011158576043,0.01389742643437612,0.10742000000000002,0.10742000000000003,7.0,1.0097087378640779,0.9351851851851852,0.005691944444444445,0.1491787037037037,108,7,2,monthly_beme_op,monthly size/profit/invest,low_overlap_concentration,17,calibration,block,constant_a001,0.11949838962962965
0.011155209809421064,0.007679144783171516,0.013216239999999992,0.159488,0.15948800000000002,4.0,1.0097087378640779,0.962962962962963,0.009587805555555553,0.13425677777777775,108,7,1,monthly_beme_op,monthly size/profit/invest,low_overlap_concentration,17,calibration,block,constant_a002,0.11949838962962965
0.013216239999999992,0.013216239999999992,0.013216239999999994,,inf,0.0,0.0,1.0,0.007711083333333333,0.09189985185185184,108,200,0,monthly_beme_op,monthly size/profit/invest,low_overlap_concentration,17,calibration,block,constant_a003,0.11949838962962965
0.013183794318590427,0.01183252408558072,0.015019579487953967,0.056700999999999994,inf,6.0,1.0097087378640779,0.9444444444444444,0.008999,0.09132614814814814,108,14,2,monthly_beme_op,monthly size/profit/invest,low_overlap_concentration,17,calibration,block,constant_a004,0.11949838962962965
0.01290481291621718,0.012249168419992802,0.013216239999999994,0.00515,inf,2.9999999999999996,1.0097087378640779,0.9722222222222222,0.007037601851851851,0.14897285185185186,108,20,1,monthly_beme_op,monthly size/profit/invest,low_overlap_concentration,17,calibration,block,constant_a005,0.11949838962962965
0.013777820553757633,0.013216239999999992,0.014900981661272916,-0.041628,inf,2.0,1.0097087378640779,0.9814814814814815,0.008633907407407406,0.12433974074074074,108,56,1,monthly_beme_op,monthly size/profit/invest,low_overlap_concentration,17,calibration,block,constant_a006,0.11949838962962965
0.013216239999999992,0.013216239999999992,0.013216239999999994,,inf,0.0,0.0,1.0,0.008959064814814816,0.10838277777777777,108,200,0,monthly_beme_op,monthly size/profit/invest,low_overlap_concentration,17,calibration,block,constant_a007,0.11949838962962965
0.013216239999999992,0.013216239999999992,0.013216239999999994,,inf,0.0,0.0,1.0,0.008833333333333334,0.10437133333333333,108,200,0,monthly_beme_op,monthly size/profit/invest,low_overlap_concentration,17,calibration,block,constant_a008,0.11949838962962965
0.012517825587918007,0.01112099676375404,0.013216239999999994,0.052162,inf,2.0,1.0097087378640779,0.9814814814814815,0.008357185185185186,0.10816214814814815,108,55,1,monthly_beme_op,monthly size/profit/invest,low_overlap_concentration,17,calibration,block,constant_a009,0.11949838962962965
0.013216239999999992,0.013216239999999992,0.013216239999999994,,inf,0.0,0.0,1.0,0.006952916666666668,0.1526792962962963,108,200,0,monthly_beme_op,monthly size/profit/invest,low_overlap_concentration,17,calibration,block,constant_a010,0.11949838962962965
0.01355898712693275,0.013216239999999992,0.01425305005897159,-0.049877000000000005,inf,1.0,1.0097087378640779,0.9907407407407407,0.008470018518518517,0.11324855555555556,108,71,0,monthly_beme_op,monthly size/profit/invest,low_overlap_concentration,17,calibration,block,constant_a011,0.11949838962962965
0.013216239999999992,0.013216239999999992,0.013216239999999994,,inf,0.0,0.0,1.0,0.007643851851851852,0.12476462962962963,108,200,0,monthly_beme_op,monthly size/profit/invest,low_overlap_concentration,17,calibration,block,constant_a012,0.11949838962962965
0.013216239999999992,0.013216239999999992,0.013216239999999994,,inf,0.0,0.0,1.0,0.008225361111111112,0.10516055555555555,108,200,0,monthly_beme_op,monthly size/profit/invest,low_overlap_concentration,17,calibration,block,constant_a013,0.11949838962962965
0.025862920299062675,0.013145547991831773,0.03741949909272722,-0.006456,inf,1.0,1.0097087378640779,0.9907407407407407,0.01212915740740741,0.12042751851851852,108,65,0,monthly_beme_op,monthly size/profit/invest,low_overlap_concentration,17,calibration,block,constant_a014,0.11949838962962965
0.013216239999999992,0.013216239999999992,0.013216239999999994,,inf,0.0,0.0,1.0,0.004571592592592592,0.18182740740740738,108,200,0,monthly_beme_op,monthly size/profit/invest,low_overlap_concentration,17,calibration,block,constant_a015,0.11949838962962965
0.013216239999999992,0.013216239999999992,0.013216239999999994,,inf,0.0,0.0,1.0,0.005576574074074074,0.15014825925925926,108,200,0,monthly_beme_op,monthly size/profit/invest,low_overlap_concentration,17,calibration,block,constant_a016,0.11949838962962965
0.01405866468176914,0.01316810830636461,0.015653668815533976,-0.008067999999999999,inf,4.0,1.0097087378640777,0.962962962962963,0.007114703703703705,0.1573044814814815,108,23,1,monthly_beme_op,monthly size/profit/invest,low_overlap_concentration,17,calibration,block,constant_a017,0.11949838962962965
-1.3569531905070182,-2.727206644113625,0.013216239999999994,0.043695000000000005,inf,1.0007766989119882,2600.0,0.9907335490841482,0.002282416666666666,0.17135685185185184,108,31,0,monthly_beme_op,monthly size/profit/invest,low_overlap_concentration,17,calibration,block,constant_a018,0.11949838962962965
-2.55950195207287,-7.737864924361556,0.03783798186727758,0.056512843289371645,0.066469,1.0023310009247992,2600.0,0.9907191573988444,0.010592287037037039,0.19485992592592594,108,2,0,monthly_beme_op,monthly size/profit/invest,low_overlap_concentration,17,calibration,block,constant_a019,0.11949838962962965
0.013237572527867666,0.013216239999999992,0.013301570111470686,-0.015498000000000001,inf,1.0,1.0097087378640777,0.9907407407407407,0.005733851851851852,0.16194114814814817,108,68,0,monthly_beme_op,monthly size/profit/invest,low_overlap_concentration,17,calibration,block,constant_a020,0.11949838962962965
0.014909711746174843,-0.00042822460941949636,0.028270884404697653,,inf,0.0,0.0,1.0,0.004910851851851851,0.14231881481481481,108,200,0,monthly_beme_op,monthly size/profit/invest,low_overlap_concentration,17,calibration,block,constant_a021,0.11949838962962965
0.00594782224796566,-0.0058759245113356945,0.0201806253661051,0.034992,inf,2.9999999999999996,1.0097087378640777,0.9722222222222222,0.0070512870370370365,0.17373688888888889,108,12,1,monthly_beme_op,monthly size/profit/invest,low_overlap_concentration,17,calibration,block,constant_a022,0.11949838962962965
0.012575720366548653,0.00035234652871918705,0.023858764116510785,0.2107300909090909,0.21465499999999998,21.99999999999999,1.0097087378640777,0.7962962962962964,0.01687215740740741,0.16973874074074072,108,0,3,monthly_beme_op,monthly size/profit/invest,low_overlap_concentration,17,calibration,block,constant_a023,0.11949838962962965
0.013699002414956661,0.00532607999278393,0.02334049116586884,0.11103685714285716,0.11171400000000001,35.00000000000001,1.0097087378640777,0.6759259259259258,0.020826731481481484,0.17694474074074074,108,0,3,monthly_beme_op,monthly size/profit/invest,low_overlap_concentration,17,calibration,block,constant_a024,0.11949838962962965
0.013216239999999992,0.013216239999999992,0.013216239999999994,,inf,0.0,0.0,1.0,0.008471041851851852,0.11949838962962965,108,200,0,monthly_beme_op,monthly size/profit/invest,low_overlap_concentration,17,calibration,block,constant_equal_weight_public,0.11949838962962965
0.009327738504588496,-0.005046359268318625,0.02442064162881283,0.15185601886792452,0.19329638095238094,105.99999999999966,1.0097087378640779,0.01851851851852171,0.010304194444444444,0.15110244444444446,108,0,4,monthly_beme_op,monthly size/profit/invest,low_overlap_concentration,17,calibration,block,momentum_12,0.11949838962962965
0.014291769780654433,0.012709248180510599,0.016246976437252775,0.021918000000000003,0.021918000000000003,6.999999999999993,1.0097087378640779,0.9351851851851852,0.009455527777777776,0.09748044444444444,108,1,2,monthly_beme_op,monthly size/profit/invest,low_overlap_concentration,17,calibration,block,low_vol_12,0.11949838962962965
0.013101015267815434,0.001692627989239177,0.025335825711784336,0.1856220909090909,0.21465499999999998,44.00000000000003,1.0097087378640779,0.5925925925925923,0.009305453703703703,0.14096814814814815,108,0,3,monthly_beme_op,monthly size/profit/invest,low_overlap_concentration,17,calibration,block,risk_adjusted_12,0.11949838962962965
0.18166393844447423,0.1382639909956342,0.2294752602521166,0.11414999999999999,0.11414999999999999,9.999999999999996,1.0097087378640779,0.9074074074074074,0.009818259259259257,0.16125392592592594,108,1,2,monthly_beme_op,monthly size/profit/invest,low_overlap_concentration,17,calibration,block,ridge_return_train_only,0.11949838962962965
-0.10533683406005818,-0.13879317570852182,-0.07374532234413393,0.09006499999999999,0.090065,8.999999999999998,1.0097087378640779,0.9338235294117647,0.011030007352941176,0.15709526470588234,136,0,2,monthly_beme_op,monthly size/profit/invest,low_overlap_concentration,17,test,iid,constant_a000,0.11949838962962965
0.020286680593946404,0.01072025672701313,0.030124772536264992,0.12294047826086957,0.162361,45.99999999999999,1.0097087378640779,0.661764705882353,0.023444860294117645,0.12699891176470587,136,0,3,monthly_beme_op,monthly size/profit/invest,low_overlap_concentration,17,test,iid,constant_a001,0.11949838962962965
0.011215586773272408,0.005915761777841229,0.0157771643089663,0.193966,0.19396600000000003,14.99999999999999,1.0097087378640779,0.8897058823529412,0.013153823529411765,0.13322823529411765,136,0,3,monthly_beme_op,monthly size/profit/invest,low_overlap_concentration,17,test,iid,constant_a002,0.11949838962962965
0.014624745379782974,0.01253659165505425,0.016702885726442025,0.049852,0.04985200000000001,8.999999999999998,1.0097087378640779,0.9338235294117647,0.015877375,0.11909723529411764,136,0,2,monthly_beme_op,monthly size/profit/invest,low_overlap_concentration,17,test,iid,constant_a003,0.11949838962962965
0.013216239999999992,0.013216239999999994,0.013216239999999997,,inf,0.0,0.0,1.0,0.012729867647058824,0.08378829411764706,136,200,0,monthly_beme_op,monthly size/profit/invest,low_overlap_concentration,17,test,iid,constant_a004,0.11949838962962965
0.013358020628212442,0.013216239999999994,0.013783362512849794,-0.032313,inf,1.0,1.0097087378640779,0.9926470588235294,0.010292911764705884,0.1313721176470588,136,65,0,monthly_beme_op,monthly size/profit/invest,low_overlap_concentration,17,test,iid,constant_a005,0.11949838962962965
0.013020789194745851,0.012629053980582521,0.01332430496858937,0.0059440000000000005,inf,2.9999999999999996,1.0097087378640779,0.9779411764705882,0.007293139705882353,0.09094320588235294,136,14,1,monthly_beme_op,monthly size/profit/invest,low_overlap_concentration,17,test,iid,constant_a006,0.11949838962962965
0.013216239999999992,0.013216239999999994,0.013216239999999997,,inf,0.0,0.0,1.0,0.011329838235294118,0.09501655882352941,136,200,0,monthly_beme_op,monthly size/profit/invest,low_overlap_concentration,17,test,iid,constant_a007,0.11949838962962965
0.013216239999999992,0.013216239999999994,0.013216239999999997,,inf,0.0,0.0,1.0,0.011474867647058825,0.08307823529411763,136,200,0,monthly_beme_op,monthly size/profit/invest,low_overlap_concentration,17,test,iid,constant_a008,0.11949838962962965
0.012430440114220438,0.011090429187892627,0.013914552187321525,0.04424,0.04424,5.0,1.0097087378640779,0.9632352941176471,0.010274257352941176,0.0984035294117647,136,2,2,monthly_beme_op,monthly size/profit/invest,low_overlap_concentration,17,test,iid,constant_a009,0.11949838962962965
0.5063513576470609,0.013216239999999994,1.4926215929411761,-0.039011,inf,1.0,2600.0,0.9926470588235294,0.009373007352941174,0.11470952941176471,136,70,0,monthly_beme_op,monthly size/profit/invest,low_overlap_concentration,17,test,iid,constant_a010,0.11949838962962965
0.013216239999999992,0.013216239999999994,0.013216239999999997,,inf,0.0,0.0,1.0,0.011024213235294116,0.1011819117647059,136,200,0,monthly_beme_op,monthly size/profit/invest,low_overlap_concentration,17,test,iid,constant_a011,0.11949838962962965
0.013216239999999992,0.013216239999999994,0.013216239999999997,,inf,0.0,0.0,1.0,0.008815691176470589,0.10376441176470588,136,200,0,monthly_beme_op,monthly size/profit/invest,low_overlap_concentration,17,test,iid,constant_a012,0.11949838962962965
0.012762017772701306,0.011853573318103935,0.013216239999999995,0.047964,inf,1.0,1.0097087378640779,0.9926470588235294,0.009981808823529413,0.11502073529411763,136,77,0,monthly_beme_op,monthly size/profit/invest,low_overlap_concentration,17,test,iid,constant_a013,0.11949838962962965
-0.019641664472391566,-0.028661896306471552,-0.010253551926414006,,inf,0.0,0.0,1.0,0.005425272058823529,0.15093029411764705,136,200,0,monthly_beme_op,monthly size/profit/invest,low_overlap_concentration,17,test,iid,constant_a014,0.11949838962962965
0.012860752141633344,0.012001421404911474,0.013364595019988572,0.041326,inf,2.0,1.0097087378640779,0.9852941176470589,0.01077013970588235,0.10116476470588236,136,33,1,monthly_beme_op,monthly size/profit/invest,low_overlap_concentration,17,test,iid,constant_a015,0.11949838962962965
0.013216239999999992,0.013216239999999994,0.013216239999999997,,inf,0.0,0.0,1.0,0.008198404411764707,0.11871282352941175,136,200,0,monthly_beme_op,monthly size/profit/invest,low_overlap_concentration,17,test,iid,constant_a016,0.11949838962962965
0.013216239999999992,0.013216239999999994,0.013216239999999997,,inf,0.0,0.0,1.0,0.010214404411764706,0.12240526470588234,136,200,0,monthly_beme_op,monthly size/profit/invest,low_overlap_concentration,17,test,iid,constant_a017,0.11949838962962965
0.013216239999999992,0.013216239999999994,0.013216239999999997,,inf,0.0,0.0,1.0,0.01078397794117647,0.1249915882352941,136,200,0,monthly_beme_op,monthly size/profit/invest,low_overlap_concentration,17,test,iid,constant_a018,0.11949838962962965
-0.002362584794123707,-0.009844131158798888,0.005937250346469568,0.08876200000000001,inf,2.0,1.0097087378640777,0.9852941176470589,0.004148029411764705,0.16689767647058826,136,24,1,monthly_beme_op,monthly size/profit/invest,low_overlap_concentration,17,test,iid,constant_a019,0.11949838962962965
0.011987137589948594,0.007325939940605366,0.016501581045688173,0.132271,0.132271,10.99999999999999,1.0097087378640777,0.9191176470588236,0.01308618382352941,0.1459555588235294,136,0,3,monthly_beme_op,monthly size/profit/invest,low_overlap_concentration,17,test,iid,constant_a020,0.11949838962962965
0.025398492752490443,0.013294098205140173,0.037279604495409006,0.029620999999999995,0.029621,5.999999999999997,1.0097087378640777,0.9558823529411765,0.011047073529411767,0.14904241176470587,136,0,2,monthly_beme_op,monthly size/profit/invest,low_overlap_concentration,17,test,iid,constant_a021,0.11949838962962965
0.028109194190198906,0.015182345384736968,0.041661794859112054,,inf,0.0,0.0,1.0,0.01314758823529412,0.13828129411764706,136,200,0,monthly_beme_op,monthly size/profit/invest,low_overlap_concentration,17,test,iid,constant_a022,0.11949838962962965
0.005099017375838984,-0.0016965003667673546,0.012528114704332719,0.032311,0.032311,17.99999999999999,1.0097087378640777,0.8676470588235294,0.014868257352941176,0.13557679411764706,136,0,3,monthly_beme_op,monthly size/profit/invest,low_overlap_concentration,17,test,iid,constant_a023,0.11949838962962965
-0.015373806499698753,-0.02563052651929603,-0.005504609172020604,0.08165800000000001,0.08165800000000001,6.999999999999995,1.0097087378640777,0.948529411764706,0.004658558823529411,0.22838226470588233,136,0,2,monthly_beme_op,monthly size/profit/invest,low_overlap_concentration,17,test,iid,constant_a024,0.11949838962962965
0.013216239999999992,0.013216239999999994,0.013216239999999997,,inf,0.0,0.0,1.0,0.010897742352941178,0.10712653647058824,136,200,0,monthly_beme_op,monthly size/profit/invest,low_overlap_concentration,17,test,iid,constant_equal_weight_public,0.11949838962962965
0.016469869743305957,0.004595884782639266,0.028824739793718863,0.14097829629629635,0.1734950740740741,134.99999999999963,1.0097087378640779,0.007352941176473338,0.016952595588235295,0.14063335294117646,136,0,4,monthly_beme_op,monthly size/profit/invest,low_overlap_concentration,17,test,iid,momentum_12,0.11949838962962965
0.01297321905802104,0.012008368167903846,0.013835063123543857,0.025731,inf,1.0,1.0097087378640777,0.9926470588235294,0.00962212588235294,0.0925010588235294,136,72,0,monthly_beme_op,monthly size/profit/invest,low_overlap_concentration,17,test,iid,low_vol_12,0.11949838962962965
0.02173200034118536,0.011184420317484234,0.033082018071885246,0.11795542857142857,0.132271,56.000000000000036,1.0097087378640779,0.5882352941176467,0.018501286764705884,0.10194055882352941,136,0,4,monthly_beme_op,monthly size/profit/invest,low_overlap_concentration,17,test,iid,risk_adjusted_12,0.11949838962962965
0.11092035330852838,0.09543930267597785,0.127970807815345,0.056729,0.05672900000000001,9.999999999999993,1.0097087378640779,0.9264705882352942,0.010290316176470589,0.15421738235294113,136,0,2,monthly_beme_op,monthly size/profit/invest,low_overlap_concentration,17,test,iid,ridge_return_train_only,0.11949838962962965
-0.10533683406005818,-0.15572248110831077,-0.056841549327089826,0.09006499999999999,0.090065,8.999999999999998,1.0097087378640779,0.9338235294117647,0.011030007352941176,0.15709526470588234,136,1,2,monthly_beme_op,monthly size/profit/invest,low_overlap_concentration,17,test,block,constant_a000,0.11949838962962965
0.020286680593946404,0.010353562660765273,0.031665224463735014,0.12294047826086957,0.162361,45.99999999999999,1.0097087378640779,0.661764705882353,0.023444860294117645,0.12699891176470587,136,0,3,monthly_beme_op,monthly size/profit/invest,low_overlap_concentration,17,test,block,constant_a001,0.11949838962962965
0.011215586773272408,0.005942776208452309,0.015300477561964584,0.193966,0.193966,14.99999999999999,1.0097087378640779,0.8897058823529412,0.013153823529411765,0.13322823529411765,136,0,3,monthly_beme_op,monthly size/profit/invest,low_overlap_concentration,17,test,block,constant_a002,0.11949838962962965
0.014624745379782974,0.01300341333238149,0.01657905760822387,0.049852,0.04985200000000001,8.999999999999998,1.0097087378640779,0.9338235294117647,0.015877375,0.11909723529411764,136,3,2,monthly_beme_op,monthly size/profit/invest,low_overlap_concentration,17,test,block,constant_a003,0.11949838962962965
0.013216239999999992,0.013216239999999994,0.013216239999999997,,inf,0.0,0.0,1.0,0.012729867647058824,0.08378829411764706,136,200,0,monthly_beme_op,monthly size/profit/invest,low_overlap_concentration,17,test,block,constant_a004,0.11949838962962965
0.013358020628212442,0.013216239999999994,0.013641581884637344,-0.032313,inf,1.0,1.0097087378640779,0.9926470588235294,0.010292911764705884,0.1313721176470588,136,59,0,monthly_beme_op,monthly size/profit/invest,low_overlap_concentration,17,test,block,constant_a005,0.11949838962962965
0.013020789194745851,0.012648045065105648,0.013216239999999997,0.0059440000000000005,inf,2.9999999999999996,1.0097087378640779,0.9779411764705882,0.007293139705882353,0.09094320588235294,136,25,1,monthly_beme_op,monthly size/profit/invest,low_overlap_concentration,17,test,block,constant_a006,0.11949838962962965
0.013216239999999992,0.013216239999999994,0.013216239999999997,,inf,0.0,0.0,1.0,0.011329838235294118,0.09501655882352941,136,200,0,monthly_beme_op,monthly size/profit/invest,low_overlap_concentration,17,test,block,constant_a007,0.11949838962962965
0.013216239999999992,0.013216239999999994,0.013216239999999997,,inf,0.0,0.0,1.0,0.011474867647058825,0.08307823529411763,136,200,0,monthly_beme_op,monthly size/profit/invest,low_overlap_concentration,17,test,block,constant_a008,0.11949838962962965
0.012430440114220438,0.010806905454026267,0.01363511351227869,0.04424,0.04424,5.0,1.0097087378640779,0.9632352941176471,0.010274257352941176,0.0984035294117647,136,5,2,monthly_beme_op,monthly size/profit/invest,low_overlap_concentration,17,test,block,constant_a009,0.11949838962962965
0.5063513576470609,0.013216239999999994,1.4926215929411757,-0.039011,inf,1.0,2600.0,0.9926470588235294,0.009373007352941174,0.11470952941176471,136,61,0,monthly_beme_op,monthly size/profit/invest,low_overlap_concentration,17,test,block,constant_a010,0.11949838962962965
0.013216239999999992,0.013216239999999994,0.013216239999999997,,inf,0.0,0.0,1.0,0.011024213235294116,0.1011819117647059,136,200,0,monthly_beme_op,monthly size/profit/invest,low_overlap_concentration,17,test,block,constant_a011,0.11949838962962965
0.013216239999999992,0.013216239999999994,0.013216239999999997,,inf,0.0,0.0,1.0,0.008815691176470589,0.10376441176470588,136,200,0,monthly_beme_op,monthly size/profit/invest,low_overlap_concentration,17,test,block,constant_a012,0.11949838962962965
0.012762017772701306,0.011853573318103935,0.013216239999999997,0.047964,inf,1.0,1.0097087378640779,0.9926470588235294,0.009981808823529413,0.11502073529411763,136,72,0,monthly_beme_op,monthly size/profit/invest,low_overlap_concentration,17,test,block,constant_a013,0.11949838962962965
-0.019641664472391566,-0.0291348543962408,-0.009718288079870713,,inf,0.0,0.0,1.0,0.005425272058823529,0.15093029411764705,136,200,0,monthly_beme_op,monthly size/profit/invest,low_overlap_concentration,17,test,block,constant_a014,0.11949838962962965
0.012860752141633344,0.012099088459737286,0.01326569167332952,0.041326,inf,2.0,1.0097087378640779,0.9852941176470589,0.01077013970588235,0.10116476470588236,136,50,1,monthly_beme_op,monthly size/profit/invest,low_overlap_concentration,17,test,block,constant_a015,0.11949838962962965
0.013216239999999992,0.013216239999999994,0.013216239999999997,,inf,0.0,0.0,1.0,0.008198404411764707,0.11871282352941175,136,200,0,monthly_beme_op,monthly size/profit/invest,low_overlap_concentration,17,test,block,constant_a016,0.11949838962962965
0.013216239999999992,0.013216239999999994,0.013216239999999997,,inf,0.0,0.0,1.0,0.010214404411764706,0.12240526470588234,136,200,0,monthly_beme_op,monthly size/profit/invest,low_overlap_concentration,17,test,block,constant_a017,0.11949838962962965
0.013216239999999992,0.013216239999999994,0.013216239999999997,,inf,0.0,0.0,1.0,0.01078397794117647,0.1249915882352941,136,200,0,monthly_beme_op,monthly size/profit/invest,low_overlap_concentration,17,test,block,constant_a018,0.11949838962962965
-0.002362584794123707,-0.012521466832645064,0.006770350144755058,0.08876200000000001,inf,2.0,1.0097087378640777,0.9852941176470589,0.004148029411764705,0.16689767647058826,136,31,1,monthly_beme_op,monthly size/profit/invest,low_overlap_concentration,17,test,block,constant_a019,0.11949838962962965
0.011987137589948594,0.008401477708737863,0.014015659312392913,0.132271,0.132271,10.99999999999999,1.0097087378640777,0.9191176470588236,0.01308618382352941,0.1459555588235294,136,1,3,monthly_beme_op,monthly size/profit/invest,low_overlap_concentration,17,test,block,constant_a020,0.11949838962962965
0.025398492752490443,0.008300725882568515,0.043496723951348626,0.029620999999999995,0.029621,5.999999999999997,1.0097087378640777,0.9558823529411765,0.011047073529411767,0.14904241176470587,136,3,2,monthly_beme_op,monthly size/profit/invest,low_overlap_concentration,17,test,block,constant_a021,0.11949838962962965
0.028109194190198906,0.008792151067116507,0.05361619205696161,,inf,0.0,0.0,1.0,0.01314758823529412,0.13828129411764706,136,200,0,monthly_beme_op,monthly size/profit/invest,low_overlap_concentration,17,test,block,constant_a022,0.11949838962962965
0.005099017375838984,-0.0021847534125340913,0.011430412603767173,0.032311,0.032311,17.99999999999999,1.0097087378640777,0.8676470588235294,0.014868257352941176,0.13557679411764706,136,0,3,monthly_beme_op,monthly size/profit/invest,low_overlap_concentration,17,test,block,constant_a023,0.11949838962962965
-0.015373806499698753,-0.03056769130929342,-0.0023122452677829873,0.08165800000000001,0.08165800000000001,6.999999999999995,1.0097087378640777,0.948529411764706,0.004658558823529411,0.22838226470588233,136,4,2,monthly_beme_op,monthly size/profit/invest,low_overlap_concentration,17,test,block,constant_a024,0.11949838962962965
0.013216239999999992,0.013216239999999994,0.013216239999999997,,inf,0.0,0.0,1.0,0.010897742352941178,0.10712653647058824,136,200,0,monthly_beme_op,monthly size/profit/invest,low_overlap_concentration,17,test,block,constant_equal_weight_public,0.11949838962962965
0.016469869743305957,0.0026864114963462537,0.030566979008640745,0.14097829629629635,0.17389786567164187,134.99999999999963,1.0097087378640779,0.007352941176473338,0.016952595588235295,0.14063335294117646,136,0,4,monthly_beme_op,monthly size/profit/invest,low_overlap_concentration,17,test,block,momentum_12,0.11949838962962965
0.01297321905802104,0.011832292645414102,0.013854734343122071,0.025731,inf,1.0,1.0097087378640777,0.9926470588235294,0.00962212588235294,0.0925010588235294,136,69,0,monthly_beme_op,monthly size/profit/invest,low_overlap_concentration,17,test,block,low_vol_12,0.11949838962962965
0.02173200034118536,0.011389828604299938,0.03318619416930958,0.11795542857142857,0.13014599999999998,56.000000000000036,1.0097087378640779,0.5882352941176467,0.018501286764705884,0.10194055882352941,136,0,4,monthly_beme_op,monthly size/profit/invest,low_overlap_concentration,17,test,block,risk_adjusted_12,0.11949838962962965
0.11092035330852838,0.0892220040262442,0.13606731227170013,0.056729,0.05672900000000001,9.999999999999993,1.0097087378640779,0.9264705882352942,0.010290316176470589,0.15421738235294113,136,0,2,monthly_beme_op,monthly size/profit/invest,low_overlap_concentration,17,test,block,ridge_return_train_only,0.11949838962962965
1.8282931033604608,0.12562257014605369,5.27245766589338,-0.007561174013921111,0.11414999999999999,1.0085602648071768,2600.000000000001,0.9906614790295631,0.009011361111111112,0.15419533333333332,108,0,0,monthly_beme_op,monthly size/profit/invest,low_overlap_concentration,27,calibration,iid,constant_a000,0.11949838962962965
2.672330406888009,0.0077161455722561815,10.65708539351752,-0.1164053463773731,0.10742000000000002,1.0046647144140581,2600.0,0.9906975489406106,0.005691944444444445,0.1491787037037037,108,0,0,monthly_beme_op,monthly size/profit/invest,low_overlap_concentration,27,calibration,iid,constant_a001,0.11949838962962965
0.010940647655120062,0.007670202986375806,0.01316108451156658,0.159488,0.159488,4.0,1.0097087378640779,0.962962962962963,0.009587805555555553,0.13425677777777775,108,2,1,monthly_beme_op,monthly size/profit/invest,low_overlap_concentration,27,calibration,iid,constant_a002,0.11949838962962965
0.012993342222222213,0.012993342222222214,0.012993342222222226,,inf,0.0,0.0,1.0,0.007711083333333333,0.09189985185185184,108,200,0,monthly_beme_op,monthly size/profit/invest,low_overlap_concentration,27,calibration,iid,constant_a003,0.11949838962962965
0.0129733999760278,0.01122124476391386,0.014374827475008994,0.056700999999999994,0.056700999999999994,6.0,1.0097087378640779,0.9444444444444444,0.008999,0.09132614814814814,108,1,2,monthly_beme_op,monthly size/profit/invest,low_overlap_concentration,27,calibration,iid,constant_a004,0.11949838962962965
0.012688166856046977,0.01234765651340445,0.012960505337888055,0.00515,0.005150000000000001,2.9999999999999996,1.0097087378640779,0.9722222222222222,0.007037601851851851,0.14897285185185186,108,5,1,monthly_beme_op,monthly size/profit/invest,low_overlap_concentration,27,calibration,iid,constant_a005,0.11949838962962965
0.013559090587718235,0.012993342222222218,0.014423635681809105,-0.041628,inf,2.0,1.0097087378640779,0.9814814814814815,0.008633907407407406,0.12433974074074074,108,26,1,monthly_beme_op,monthly size/profit/invest,low_overlap_concentration,27,calibration,iid,constant_a006,0.11949838962962965
0.012993342222222213,0.012993342222222214,0.012993342222222226,,inf,0.0,0.0,1.0,0.008959064814814816,0.10838277777777777,108,200,0,monthly_beme_op,monthly size/profit/invest,low_overlap_concentration,27,calibration,iid,constant_a007,0.11949838962962965
0.012993342222222213,0.012993342222222214,0.012993342222222226,,inf,0.0,0.0,1.0,0.008833333333333334,0.10437133333333333,108,200,0,monthly_beme_op,monthly size/profit/invest,low_overlap_concentration,27,calibration,iid,constant_a008,0.11949838962962965
0.012299095621878616,0.010552497692916217,0.012993342222222225,0.052162,inf,2.0,1.0097087378640779,0.9814814814814815,0.008357185185185186,0.10816214814814815,108,33,1,monthly_beme_op,monthly size/profit/invest,low_overlap_concentration,27,calibration,iid,constant_a009,0.11949838962962965
0.012993342222222213,0.012993342222222214,0.012993342222222226,,inf,0.0,0.0,1.0,0.006952916666666668,0.1526792962962963,108,200,0,monthly_beme_op,monthly size/profit/invest,low_overlap_concentration,27,calibration,iid,constant_a010,0.11949838962962965
0.013338173255024163,0.012993342222222216,0.014027835320628068,-0.049877000000000005,inf,1.0,1.0097087378640779,0.9907407407407407,0.008470018518518517,0.11324855555555556,108,80,0,monthly_beme_op,monthly size/profit/invest,low_overlap_concentration,27,calibration,iid,constant_a011,0.11949838962962965
0.012993342222222213,0.012993342222222214,0.012993342222222226,,inf,0.0,0.0,1.0,0.007643851851851852,0.12476462962962963,108,200,0,monthly_beme_op,monthly size/profit/invest,low_overlap_concentration,27,calibration,iid,constant_a012,0.11949838962962965
0.012993342222222213,0.012993342222222214,0.012993342222222226,,inf,0.0,0.0,1.0,0.008225361111111112,0.10516055555555555,108,200,0,monthly_beme_op,monthly size/profit/invest,low_overlap_concentration,27,calibration,iid,constant_a013,0.11949838962962965
0.025862920299062675,0.01681227190175823,0.03593553041378929,-0.006456,inf,1.0,1.0097087378640779,0.9907407407407407,0.01212915740740741,0.12042751851851852,108,84,0,monthly_beme_op,monthly size/profit/invest,low_overlap_concentration,27,calibration,iid,constant_a014,0.11949838962962965
0.012993342222222213,0.012993342222222214,0.012993342222222226,,inf,0.0,0.0,1.0,0.004571592592592592,0.18182740740740738,108,200,0,monthly_beme_op,monthly size/profit/invest,low_overlap_concentration,27,calibration,iid,constant_a015,0.11949838962962965
-0.27130563720164574,-0.8399035960493834,0.012993342222222225,-0.0011840000000000002,inf,1.0,2600.0,0.9907407407407407,0.005576574074074074,0.15014825925925926,108,68,0,monthly_beme_op,monthly size/profit/invest,low_overlap_concentration,27,calibration,iid,constant_a016,0.11949838962962965
0.01384410252746812,0.012947294434456025,0.015601032321866633,-0.008067999999999999,-0.008067999999999999,4.0,1.0097087378640777,0.962962962962963,0.007114703703703705,0.1573044814814815,108,0,1,monthly_beme_op,monthly size/profit/invest,low_overlap_concentration,27,calibration,iid,constant_a017,0.11949838962962965
0.012911403028486946,0.012747524641016415,0.012993342222222225,-0.004229,inf,1.0,1.0097087378640777,0.9907407407407407,0.002282416666666666,0.17135685185185184,108,63,0,monthly_beme_op,monthly size/profit/invest,low_overlap_concentration,27,calibration,iid,constant_a018,0.11949838962962965
0.028160783636705503,0.020287626498571475,0.03559590733020243,0.066469,0.066469,4.0,1.0097087378640777,0.962962962962963,0.010592287037037039,0.19485992592592594,108,2,1,monthly_beme_op,monthly size/profit/invest,low_overlap_concentration,27,calibration,iid,constant_a019,0.11949838962962965
0.013016758655959079,0.012993342222222214,0.01308700795716968,-0.015498000000000001,inf,1.0,1.0097087378640777,0.9907407407407407,0.005733851851851852,0.16194114814814817,108,80,0,monthly_beme_op,monthly size/profit/invest,low_overlap_concentration,27,calibration,iid,constant_a020,0.11949838962962965
0.014909711746174843,0.0042667262170425204,0.02718363538999523,,inf,0.0,0.0,1.0,0.004910851851851851,0.14231881481481481,108,200,0,monthly_beme_op,monthly size/profit/invest,low_overlap_concentration,27,calibration,iid,constant_a021,0.11949838962962965
0.005922532774266333,-0.002782229702934139,0.014163083858668948,0.034992,0.034992,4.0,1.0097087378640777,0.962962962962963,0.0070512870370370365,0.17373688888888889,108,4,1,monthly_beme_op,monthly size/profit/invest,low_overlap_concentration,27,calibration,iid,constant_a022,0.11949838962962965
0.013831840014128507,0.004287666597415398,0.022873717578584835,0.21465499999999998,0.21465499999999998,19.99999999999999,1.0097087378640777,0.8148148148148149,0.01687215740740741,0.16973874074074072,108,0,3,monthly_beme_op,monthly size/profit/invest,low_overlap_concentration,27,calibration,iid,constant_a023,0.11949838962962965
0.014533357392473736,0.005619229996197349,0.023843628207032733,0.11103685714285716,0.11171400000000001,35.00000000000001,1.0097087378640777,0.6759259259259258,0.020826731481481484,0.17694474074074074,108,0,3,monthly_beme_op,monthly size/profit/invest,low_overlap_concentration,27,calibration,iid,constant_a024,0.11949838962962965
0.012993342222222213,0.012993342222222214,0.012993342222222226,,inf,0.0,0.0,1.0,0.008471041851851852,0.11949838962962965,108,200,0,monthly_beme_op,monthly size/profit/invest,low_overlap_concentration,27,calibration,iid,constant_equal_weight_public,0.11949838962962965
0.009642527979326234,-0.004392337279368123,0.0245081127748184,0.15224357142857142,0.18677796296296295,104.99999999999966,1.0097087378640779,0.0277777777777809,0.010304194444444444,0.15110244444444446,108,0,4,monthly_beme_op,monthly size/profit/invest,low_overlap_concentration,27,calibration,iid,momentum_12,0.11949838962962965
0.014083459343960991,0.012584502079347956,0.015868914418874103,0.021918000000000003,0.021918000000000003,6.999999999999993,1.0097087378640779,0.9351851851851852,0.009455527777777776,0.09748044444444444,108,0,2,monthly_beme_op,monthly size/profit/invest,low_overlap_concentration,27,calibration,iid,low_vol_12,0.11949838962962965
0.012754134150227437,0.0025001902146045835,0.02252858617586901,0.18735369767441862,0.21465499999999998,43.00000000000003,1.0097087378640779,0.6018518518518516,0.009305453703703703,0.14096814814814815,108,0,3,monthly_beme_op,monthly size/profit/invest,low_overlap_concentration,27,calibration,iid,risk_adjusted_12,0.11949838962962965
0.17906498835184828,0.155082175849157,0.20716395604240603,0.11414999999999999,0.11414999999999999,9.999999999999996,1.0097087378640779,0.9074074074074074,0.010699277777777775,0.16125392592592594,108,0,2,monthly_beme_op,monthly size/profit/invest,low_overlap_concentration,27,calibration,iid,ridge_return_train_only,0.11949838962962965
1.8282931033604608,0.10586199932034343,5.1981850302627315,-0.007561174013921111,0.11414999999999999,1.0085602648071768,2600.000000000001,0.9906614790295631,0.009011361111111112,0.15419533333333332,108,0,0,monthly_beme_op,monthly size/profit/invest,low_overlap_concentration,27,calibration,block,constant_a000,0.11949838962962965
2.672330406888009,0.007329170492388832,7.998535524889048,-0.1164053463773731,0.10742000000000002,1.0046647144140581,2600.0,0.9906975489406106,0.005691944444444445,0.1491787037037037,108,3,0,monthly_beme_op,monthly size/profit/invest,low_overlap_concentration,27,calibration,block,constant_a001,0.11949838962962965
0.010940647655120062,0.007398186890407128,0.012993342222222216,0.159488,0.15948800000000002,4.0,1.0097087378640779,0.962962962962963,0.009587805555555553,0.13425677777777775,108,9,1,monthly_beme_op,monthly size/profit/invest,low_overlap_concentration,27,calibration,block,constant_a002,0.11949838962962965
0.012993342222222213,0.01299334222222221,0.01299334222222223,,inf,0.0,0.0,1.0,0.007711083333333333,0.09189985185185184,108,200,0,monthly_beme_op,monthly size/profit/invest,low_overlap_concentration,27,calibration,block,constant_a003,0.11949838962962965
0.0129733999760278,0.011326849297055411,0.01451535595525191,0.056700999999999994,inf,6.0,1.0097087378640779,0.9444444444444444,0.008999,0.09132614814814814,108,16,2,monthly_beme_op,monthly size/profit/invest,low_overlap_concentration,27,calibration,block,constant_a004,0.11949838962962965
0.012688166856046977,0.012213366571576975,0.012993342222222225,0.00515,inf,2.9999999999999996,1.0097087378640779,0.9722222222222222,0.007037601851851851,0.14897285185185186,108,23,1,monthly_beme_op,monthly size/profit/invest,low_overlap_concentration,27,calibration,block,constant_a005,0.11949838962962965
0.013559090587718235,0.012993342222222216,0.01469058731871029,-0.041628,inf,2.0,1.0097087378640779,0.9814814814814815,0.008633907407407406,0.12433974074074074,108,61,1,monthly_beme_op,monthly size/profit/invest,low_overlap_concentration,27,calibration,block,constant_a006,0.11949838962962965
0.012993342222222213,0.01299334222222221,0.01299334222222223,,inf,0.0,0.0,1.0,0.008959064814814816,0.10838277777777777,108,200,0,monthly_beme_op,monthly size/profit/invest,low_overlap_concentration,27,calibration,block,constant_a007,0.11949838962962965
0.012993342222222213,0.01299334222222221,0.01299334222222223,,inf,0.0,0.0,1.0,0.008833333333333334,0.10437133333333333,108,200,0,monthly_beme_op,monthly size/profit/invest,low_overlap_concentration,27,calibration,block,constant_a008,0.11949838962962965
0.012299095621878616,0.01099357414910703,0.012993342222222226,0.052162,inf,2.0,1.0097087378640779,0.9814814814814815,0.008357185185185186,0.10816214814814815,108,58,1,monthly_beme_op,monthly size/profit/invest,low_overlap_concentration,27,calibration,block,constant_a009,0.11949838962962965
0.012993342222222213,0.01299334222222221,0.01299334222222223,,inf,0.0,0.0,1.0,0.006952916666666668,0.1526792962962963,108,200,0,monthly_beme_op,monthly size/profit/invest,low_overlap_concentration,27,calibration,block,constant_a010,0.11949838962962965
0.013338173255024163,0.012993342222222214,0.01437266635343002,-0.049877000000000005,inf,1.0,1.0097087378640779,0.9907407407407407,0.008470018518518517,0.11324855555555556,108,68,0,monthly_beme_op,monthly size/profit/invest,low_overlap_concentration,27,calibration,block,constant_a011,0.11949838962962965
0.012993342222222213,0.01299334222222221,0.01299334222222223,,inf,0.0,0.0,1.0,0.007643851851851852,0.12476462962962963,108,200,0,monthly_beme_op,monthly size/profit/invest,low_overlap_concentration,27,calibration,block,constant_a012,0.11949838962962965
0.012993342222222213,0.01299334222222221,0.01299334222222223,,inf,0.0,0.0,1.0,0.008225361111111112,0.10516055555555555,108,200,0,monthly_beme_op,monthly size/profit/invest,low_overlap_concentration,27,calibration,block,constant_a013,0.11949838962962965
0.025862920299062675,0.013923520043211441,0.04015972018897464,-0.006456,inf,1.0,1.0097087378640779,0.9907407407407407,0.01212915740740741,0.12042751851851852,108,80,0,monthly_beme_op,monthly size/profit/invest,low_overlap_concentration,27,calibration,block,constant_a014,0.11949838962962965
0.012993342222222213,0.01299334222222221,0.01299334222222223,,inf,0.0,0.0,1.0,0.004571592592592592,0.18182740740740738,108,200,0,monthly_beme_op,monthly size/profit/invest,low_overlap_concentration,27,calibration,block,constant_a015,0.11949838962962965
-0.27130563720164574,-0.8399035960493834,0.012993342222222228,-0.0011840000000000002,inf,1.0,2600.0,0.9907407407407407,0.005576574074074074,0.15014825925925926,108,77,0,monthly_beme_op,monthly size/profit/invest,low_overlap_concentration,27,calibration,block,constant_a016,0.11949838962962965
0.01384410252746812,0.012947294434456027,0.015481405138679134,-0.008067999999999999,inf,4.0,1.0097087378640777,0.962962962962963,0.007114703703703705,0.1573044814814815,108,30,1,monthly_beme_op,monthly size/profit/invest,low_overlap_concentration,27,calibration,block,constant_a017,0.11949838962962965
0.012911403028486946,0.01274752464101642,0.012993342222222228,-0.004229,inf,1.0,1.0097087378640777,0.9907407407407407,0.002282416666666666,0.17135685185185184,108,70,0,monthly_beme_op,monthly size/profit/invest,low_overlap_concentration,27,calibration,block,constant_a018,0.11949838962962965
0.028160783636705503,0.018678786228761297,0.03540452378227915,0.066469,inf,4.0,1.0097087378640777,0.962962962962963,0.010592287037037039,0.19485992592592594,108,13,1,monthly_beme_op,monthly size/profit/invest,low_overlap_concentration,27,calibration,block,constant_a019,0.11949838962962965
0.013016758655959079,0.012993342222222214,0.013063591523432819,-0.015498000000000001,inf,1.0,1.0097087378640777,0.9907407407407407,0.005733851851851852,0.16194114814814817,108,77,0,monthly_beme_op,monthly size/profit/invest,low_overlap_concentration,27,calibration,block,constant_a020,0.11949838962962965
0.014909711746174843,0.0007336474222764916,0.031824536290775855,,inf,0.0,0.0,1.0,0.004910851851851851,0.14231881481481481,108,200,0,monthly_beme_op,monthly size/profit/invest,low_overlap_concentration,27,calibration,block,constant_a021,0.11949838962962965
0.005922532774266333,-0.006737033999379978,0.018505605070226284,0.034992,0.034992,4.0,1.0097087378640777,0.962962962962963,0.0070512870370370365,0.17373688888888889,108,6,1,monthly_beme_op,monthly size/profit/invest,low_overlap_concentration,27,calibration,block,constant_a022,0.11949838962962965
0.013831840014128507,0.001574128931569666,0.02628558896496291,0.21465499999999998,0.21465499999999998,19.99999999999999,1.0097087378640777,0.8148148148148149,0.01687215740740741,0.16973874074074072,108,0,3,monthly_beme_op,monthly size/profit/invest,low_overlap_concentration,27,calibration,block,constant_a023,0.11949838962962965
0.014533357392473736,0.006845020330550532,0.02571235579652899,0.11103685714285716,0.11171400000000001,35.00000000000001,1.0097087378640777,0.6759259259259258,0.020826731481481484,0.17694474074074074,108,0,3,monthly_beme_op,monthly size/profit/invest,low_overlap_concentration,27,calibration,block,constant_a024,0.11949838962962965
0.012993342222222213,0.01299334222222221,0.01299334222222223,,inf,0.0,0.0,1.0,0.008471041851851852,0.11949838962962965,108,200,0,monthly_beme_op,monthly size/profit/invest,low_overlap_concentration,27,calibration,block,constant_equal_weight_public,0.11949838962962965
0.009642527979326234,-0.005792570972694152,0.025766620467175493,0.15224357142857142,0.1880863846153846,104.99999999999966,1.0097087378640779,0.0277777777777809,0.010304194444444444,0.15110244444444446,108,0,4,monthly_beme_op,monthly size/profit/invest,low_overlap_concentration,27,calibration,block,momentum_12,0.11949838962962965
0.014083459343960991,0.012607997064684965,0.01620763772144312,0.021918000000000003,0.021918000000000003,6.999999999999993,1.0097087378640779,0.9351851851851852,0.009455527777777776,0.09748044444444444,108,4,2,monthly_beme_op,monthly size/profit/invest,low_overlap_concentration,27,calibration,block,low_vol_12,0.11949838962962965
0.012754134150227437,-0.0010192516986787135,0.02521978178811696,0.18735369767441862,0.21465499999999998,43.00000000000003,1.0097087378640779,0.6018518518518516,0.009305453703703703,0.14096814814814815,108,0,3,monthly_beme_op,monthly size/profit/invest,low_overlap_concentration,27,calibration,block,risk_adjusted_12,0.11949838962962965
0.17906498835184828,0.13666330270726143,0.2206459446517917,0.11414999999999999,0.11414999999999999,9.999999999999996,1.0097087378640779,0.9074074074074074,0.010699277777777775,0.16125392592592594,108,0,2,monthly_beme_op,monthly size/profit/invest,low_overlap_concentration,27,calibration,block,ridge_return_train_only,0.11949838962962965
-0.10533683406005818,-0.13865928192277924,-0.07127410741889324,0.09006499999999999,0.090065,8.999999999999998,1.0097087378640779,0.9338235294117647,0.011030007352941176,0.15709526470588234,136,0,2,monthly_beme_op,monthly size/profit/invest,low_overlap_concentration,27,test,iid,constant_a000,0.11949838962962965
0.01939880527190816,0.009556532184275653,0.03034274047445905,0.12372166666666669,0.162361,44.99999999999999,1.0097087378640779,0.6691176470588236,0.023444860294117645,0.12699891176470587,136,0,3,monthly_beme_op,monthly size/profit/invest,low_overlap_concentration,27,test,iid,constant_a001,0.11949838962962965
0.01101751199187763,0.0047475565544133486,0.015293656045117074,0.193966,0.19396600000000003,14.99999999999999,1.0097087378640779,0.8897058823529412,0.013153823529411765,0.13322823529411765,136,0,3,monthly_beme_op,monthly size/profit/invest,low_overlap_concentration,27,test,iid,constant_a002,0.11949838962962965
0.014275355019988561,0.011963795640269054,0.016522055014023734,0.049852,0.04985200000000001,8.0,1.0097087378640779,0.9411764705882353,0.015877375,0.11909723529411764,136,0,2,monthly_beme_op,monthly size/profit/invest,low_overlap_concentration,27,test,iid,constant_a003,0.11949838962962965
0.012993342222222199,0.01299334222222222,0.012993342222222228,,inf,0.0,0.0,1.0,0.012729867647058824,0.08378829411764706,136,200,0,monthly_beme_op,monthly size/profit/invest,low_overlap_concentration,27,test,iid,constant_a004,0.11949838962962965
0.35676994111555344,0.012993342222222223,1.044186875182309,-0.030967999999999996,inf,1.0007766989119882,2600.000000000001,0.9926413478021178,0.010292911764705884,0.1313721176470588,136,31,0,monthly_beme_op,monthly size/profit/invest,low_overlap_concentration,27,test,iid,constant_a005,0.11949838962962965
0.012802856016244661,0.012415568731581957,0.013104716923662673,0.0059440000000000005,inf,2.9999999999999996,1.0097087378640779,0.9779411764705882,0.007293139705882353,0.09094320588235294,136,10,1,monthly_beme_op,monthly size/profit/invest,low_overlap_concentration,27,test,iid,constant_a006,0.11949838962962965
0.012993342222222199,0.01299334222222222,0.012993342222222228,,inf,0.0,0.0,1.0,0.011329838235294118,0.09501655882352941,136,200,0,monthly_beme_op,monthly size/profit/invest,low_overlap_concentration,27,test,iid,constant_a007,0.11949838962962965
0.012993342222222199,0.01299334222222222,0.012993342222222228,,inf,0.0,0.0,1.0,0.011474867647058825,0.08307823529411763,136,200,0,monthly_beme_op,monthly size/profit/invest,low_overlap_concentration,27,test,iid,constant_a008,0.11949838962962965
0.012215816668570316,0.010458101642616915,0.013699631674471734,0.04424,0.04424,5.0,1.0097087378640779,0.9632352941176471,0.010274257352941176,0.0984035294117647,136,0,2,monthly_beme_op,monthly size/profit/invest,low_overlap_concentration,27,test,iid,constant_a009,0.11949838962962965
0.012993342222222199,0.01299334222222222,0.012993342222222228,,inf,0.0,0.0,1.0,0.009373007352941174,0.11470952941176471,136,200,0,monthly_beme_op,monthly size/profit/invest,low_overlap_concentration,27,test,iid,constant_a010,0.11949838962962965
0.012993342222222199,0.01299334222222222,0.012993342222222228,,inf,0.0,0.0,1.0,0.011024213235294116,0.1011819117647059,136,200,0,monthly_beme_op,monthly size/profit/invest,low_overlap_concentration,27,test,iid,constant_a011,0.11949838962962965
0.012993342222222199,0.01299334222222222,0.012993342222222228,,inf,0.0,0.0,1.0,0.008815691176470589,0.10376441176470588,136,200,0,monthly_beme_op,monthly size/profit/invest,low_overlap_concentration,27,test,iid,constant_a012,0.11949838962962965
0.012540774861349047,0.011635640139602766,0.012993342222222228,0.047964,inf,1.0,1.0097087378640779,0.9926470588235294,0.009981808823529413,0.11502073529411763,136,70,0,monthly_beme_op,monthly size/profit/invest,low_overlap_concentration,27,test,iid,constant_a013,0.11949838962962965
-2.0041097374324743,-6.033764154421549,-0.015897641268599674,-0.024225,inf,1.0,2600.000000000001,0.9926470588235294,0.005425272058823529,0.15093029411764705,136,70,0,monthly_beme_op,monthly size/profit/invest,low_overlap_concentration,27,test,iid,constant_a014,0.11949838962962965
0.012641164096706622,0.01148113897715591,0.013146661841487403,0.041326,inf,2.0,1.0097087378640779,0.9852941176470589,0.01077013970588235,0.10116476470588236,136,24,1,monthly_beme_op,monthly size/profit/invest,low_overlap_concentration,27,test,iid,constant_a015,0.11949838962962965
0.012993342222222199,0.01299334222222222,0.012993342222222228,,inf,0.0,0.0,1.0,0.008198404411764707,0.11871282352941175,136,200,0,monthly_beme_op,monthly size/profit/invest,low_overlap_concentration,27,test,iid,constant_a016,0.11949838962962965
0.012993342222222199,0.01299334222222222,0.012993342222222228,,inf,0.0,0.0,1.0,0.010214404411764706,0.12240526470588234,136,200,0,monthly_beme_op,monthly size/profit/invest,low_overlap_concentration,27,test,iid,constant_a017,0.11949838962962965
0.012993342222222199,0.01299334222222222,0.012993342222222228,,inf,0.0,0.0,1.0,0.01078397794117647,0.1249915882352941,136,200,0,monthly_beme_op,monthly size/profit/invest,low_overlap_concentration,27,test,iid,constant_a018,0.11949838962962965
0.013390161986461297,0.004426942338277034,0.02188719871336245,0.08876200000000001,inf,2.0,1.0097087378640777,0.9852941176470589,0.004148029411764705,0.16689767647058826,136,28,1,monthly_beme_op,monthly size/profit/invest,low_overlap_concentration,27,test,iid,constant_a019,0.11949838962962965
0.011782443342851686,0.006736106031283712,0.015476928201408719,0.132271,0.132271,10.99999999999999,1.0097087378640777,0.9191176470588236,0.01308618382352941,0.1459555588235294,136,0,3,monthly_beme_op,monthly size/profit/invest,low_overlap_concentration,27,test,iid,constant_a020,0.11949838962962965
0.025398492752490443,0.01250429483852827,0.03807582556934894,0.029620999999999995,0.029621,5.999999999999997,1.0097087378640777,0.9558823529411765,0.011047073529411767,0.14904241176470587,136,0,2,monthly_beme_op,monthly size/profit/invest,low_overlap_concentration,27,test,iid,constant_a021,0.11949838962962965
0.028702535418532314,0.0168937018315546,0.04212384445975588,0.001535,inf,1.0,1.0097087378640777,0.9926470588235294,0.01314758823529412,0.13828129411764706,136,65,0,monthly_beme_op,monthly size/profit/invest,low_overlap_concentration,27,test,iid,constant_a022,0.11949838962962965
-0.0014941360427987577,-0.007494214617328907,0.005834915325342589,0.032311,0.032311,17.99999999999999,1.0097087378640777,0.8676470588235294,0.014868257352941176,0.13557679411764706,136,0,3,monthly_beme_op,monthly size/profit/invest,low_overlap_concentration,27,test,iid,constant_a023,0.11949838962962965
-0.015490558197440447,-0.024665800573656402,-0.006795100975122934,0.08165800000000001,0.08165800000000001,6.999999999999995,1.0097087378640777,0.948529411764706,0.004658558823529411,0.22838226470588233,136,0,2,monthly_beme_op,monthly size/profit/invest,low_overlap_concentration,27,test,iid,constant_a024,0.11949838962962965
0.012993342222222199,0.01299334222222222,0.012993342222222228,,inf,0.0,0.0,1.0,0.010897742352941178,0.10712653647058824,136,200,0,monthly_beme_op,monthly size/profit/invest,low_overlap_concentration,27,test,iid,constant_equal_weight_public,0.11949838962962965
0.016196670213927816,0.0004102181771155015,0.028461763875919626,0.14132838805970152,0.1764258872180451,133.9999999999996,1.0097087378640779,0.014705882352944122,0.016952595588235295,0.14063335294117646,136,0,4,monthly_beme_op,monthly size/profit/invest,low_overlap_concentration,27,test,iid,momentum_12,0.11949838962962965
0.012492058961513241,0.01140977236266342,0.01353006695057599,0.025731,inf,1.0,1.0097087378640777,0.9926470588235294,0.00962212588235294,0.0925010588235294,136,75,0,monthly_beme_op,monthly size/profit/invest,low_overlap_concentration,27,test,iid,low_vol_12,0.11949838962962965
0.0203394680370314,0.009478222955481999,0.030229972997788006,0.11869066666666665,0.132271,54.00000000000003,1.0097087378640779,0.6029411764705881,0.018501286764705884,0.10194055882352941,136,0,4,monthly_beme_op,monthly size/profit/invest,low_overlap_concentration,27,test,iid,risk_adjusted_12,0.11949838962962965
-1.8734068529597874,-5.902079332408783,0.1234436193550409,-0.02305727255129698,0.056729,1.0062220303853344,2600.000000000001,0.9926013086001079,0.010711227941176472,0.1602916470588235,136,0,0,monthly_beme_op,monthly size/profit/invest,low_overlap_concentration,27,test,iid,ridge_return_train_only,0.11949838962962965
-0.10533683406005818,-0.1548660518718692,-0.05932151172777986,0.09006499999999999,0.090065,8.999999999999998,1.0097087378640779,0.9338235294117647,0.011030007352941176,0.15709526470588234,136,2,2,monthly_beme_op,monthly size/profit/invest,low_overlap_concentration,27,test,block,constant_a000,0.11949838962962965
0.01939880527190816,0.010820418748524656,0.03115129216600038,0.12372166666666669,0.162361,44.99999999999999,1.0097087378640779,0.6691176470588236,0.023444860294117645,0.12699891176470587,136,0,3,monthly_beme_op,monthly size/profit/invest,low_overlap_concentration,27,test,block,constant_a001,0.11949838962962965
0.01101751199187763,0.006896374725934386,0.014768406113205157,0.193966,0.193966,14.99999999999999,1.0097087378640779,0.8897058823529412,0.013153823529411765,0.13322823529411765,136,0,3,monthly_beme_op,monthly size/profit/invest,low_overlap_concentration,27,test,block,constant_a002,0.11949838962962965
0.014275355019988561,0.01284761146989022,0.016694296581635886,0.049852,0.04985200000000001,8.0,1.0097087378640779,0.9411764705882353,0.015877375,0.11909723529411764,136,4,2,monthly_beme_op,monthly size/profit/invest,low_overlap_concentration,27,test,block,constant_a003,0.11949838962962965
0.012993342222222199,0.01299334222222222,0.01299334222222223,,inf,0.0,0.0,1.0,0.012729867647058824,0.08378829411764706,136,200,0,monthly_beme_op,monthly size/profit/invest,low_overlap_concentration,27,test,block,constant_a004,0.11949838962962965
0.35676994111555344,0.012993342222222223,1.044183289294943,-0.030967999999999996,inf,1.0007766989119882,2600.000000000001,0.9926413478021178,0.010292911764705884,0.1313721176470588,136,24,0,monthly_beme_op,monthly size/profit/invest,low_overlap_concentration,27,test,block,constant_a005,0.11949838962962965
0.012802856016244661,0.012500781219683987,0.012993342222222226,0.0059440000000000005,inf,2.9999999999999996,1.0097087378640779,0.9779411764705882,0.007293139705882353,0.09094320588235294,136,35,1,monthly_beme_op,monthly size/profit/invest,low_overlap_concentration,27,test,block,constant_a006,0.11949838962962965
0.012993342222222199,0.01299334222222222,0.01299334222222223,,inf,0.0,0.0,1.0,0.011329838235294118,0.09501655882352941,136,200,0,monthly_beme_op,monthly size/profit/invest,low_overlap_concentration,27,test,block,constant_a007,0.11949838962962965
0.012993342222222199,0.01299334222222222,0.01299334222222223,,inf,0.0,0.0,1.0,0.011474867647058825,0.08307823529411763,136,200,0,monthly_beme_op,monthly size/profit/invest,low_overlap_concentration,27,test,block,constant_a008,0.11949838962962965
0.012215816668570316,0.010510775393870169,0.013631751950504468,0.04424,0.04424,5.0,1.0097087378640779,0.9632352941176471,0.010274257352941176,0.0984035294117647,136,3,2,monthly_beme_op,monthly size/profit/invest,low_overlap_concentration,27,test,block,constant_a009,0.11949838962962965
0.012993342222222199,0.01299334222222222,0.01299334222222223,,inf,0.0,0.0,1.0,0.009373007352941174,0.11470952941176471,136,200,0,monthly_beme_op,monthly size/profit/invest,low_overlap_concentration,27,test,block,constant_a010,0.11949838962962965
0.012993342222222199,0.01299334222222222,0.01299334222222223,,inf,0.0,0.0,1.0,0.011024213235294116,0.1011819117647059,136,200,0,monthly_beme_op,monthly size/profit/invest,low_overlap_concentration,27,test,block,constant_a011,0.11949838962962965
0.012993342222222199,0.01299334222222222,0.01299334222222223,,inf,0.0,0.0,1.0,0.008815691176470589,0.10376441176470588,136,200,0,monthly_beme_op,monthly size/profit/invest,low_overlap_concentration,27,test,block,constant_a012,0.11949838962962965
0.012540774861349047,0.011635640139602768,0.012993342222222228,0.047964,inf,1.0,1.0097087378640779,0.9926470588235294,0.009981808823529413,0.11502073529411763,136,76,0,monthly_beme_op,monthly size/profit/invest,low_overlap_concentration,27,test,block,constant_a013,0.11949838962962965
-2.0041097374324743,-5.973092147884954,-0.014515329229479033,-0.024225,inf,1.0,2600.000000000001,0.9926470588235294,0.005425272058823529,0.15093029411764705,136,79,0,monthly_beme_op,monthly size/profit/invest,low_overlap_concentration,27,test,block,constant_a014,0.11949838962962965
0.012641164096706622,0.011533523180404851,0.013045726425471168,0.041326,inf,2.0,1.0097087378640779,0.9852941176470589,0.01077013970588235,0.10116476470588236,136,50,1,monthly_beme_op,monthly size/profit/invest,low_overlap_concentration,27,test,block,constant_a015,0.11949838962962965
0.012993342222222199,0.01299334222222222,0.01299334222222223,,inf,0.0,0.0,1.0,0.008198404411764707,0.11871282352941175,136,200,0,monthly_beme_op,monthly size/profit/invest,low_overlap_concentration,27,test,block,constant_a016,0.11949838962962965
0.012993342222222199,0.01299334222222222,0.01299334222222223,,inf,0.0,0.0,1.0,0.010214404411764706,0.12240526470588234,136,200,0,monthly_beme_op,monthly size/profit/invest,low_overlap_concentration,27,test,block,constant_a017,0.11949838962962965
0.012993342222222199,0.01299334222222222,0.01299334222222223,,inf,0.0,0.0,1.0,0.01078397794117647,0.1249915882352941,136,200,0,monthly_beme_op,monthly size/profit/invest,low_overlap_concentration,27,test,block,constant_a018,0.11949838962962965
0.013390161986461297,0.003525630712246697,0.023198736466037238,0.08876200000000001,inf,2.0,1.0097087378640777,0.9852941176470589,0.004148029411764705,0.16689767647058826,136,29,1,monthly_beme_op,monthly size/profit/invest,low_overlap_concentration,27,test,block,constant_a019,0.11949838962962965
0.011782443342851686,0.00924343008223872,0.013881814482898663,0.132271,0.132271,10.99999999999999,1.0097087378640777,0.9191176470588236,0.01308618382352941,0.1459555588235294,136,2,3,monthly_beme_op,monthly size/profit/invest,low_overlap_concentration,27,test,block,constant_a020,0.11949838962962965
0.025398492752490443,0.00704789350767519,0.041891412473366,0.029620999999999995,inf,5.999999999999997,1.0097087378640777,0.9558823529411765,0.011047073529411767,0.14904241176470587,136,13,2,monthly_beme_op,monthly size/profit/invest,low_overlap_concentration,27,test,block,constant_a021,0.11949838962962965
0.028702535418532314,0.0042065516969745555,0.05137477730976079,0.001535,inf,1.0,1.0097087378640777,0.9926470588235294,0.01314758823529412,0.13828129411764706,136,78,0,monthly_beme_op,monthly size/profit/invest,low_overlap_concentration,27,test,block,constant_a022,0.11949838962962965
-0.0014941360427987577,-0.009055645790263049,0.0059615489613928695,0.032311,0.032311,17.99999999999999,1.0097087378640777,0.8676470588235294,0.014868257352941176,0.13557679411764706,136,0,3,monthly_beme_op,monthly size/profit/invest,low_overlap_concentration,27,test,block,constant_a023,0.11949838962962965
-0.015490558197440447,-0.02997234172637557,-8.615053587859143e-05,0.08165800000000001,inf,6.999999999999995,1.0097087378640777,0.948529411764706,0.004658558823529411,0.22838226470588233,136,10,2,monthly_beme_op,monthly size/profit/invest,low_overlap_concentration,27,test,block,constant_a024,0.11949838962962965
0.012993342222222199,0.01299334222222222,0.01299334222222223,,inf,0.0,0.0,1.0,0.010897742352941178,0.10712653647058824,136,200,0,monthly_beme_op,monthly size/profit/invest,low_overlap_concentration,27,test,block,constant_equal_weight_public,0.11949838962962965
0.016196670213927816,0.005693036853864697,0.031086846889872576,0.14132838805970152,0.17330445864661653,133.9999999999996,1.0097087378640779,0.014705882352944122,0.016952595588235295,0.14063335294117646,136,0,4,monthly_beme_op,monthly size/profit/invest,low_overlap_concentration,27,test,block,momentum_12,0.11949838962962965
0.012492058961513241,0.011160466529383307,0.013377482729977888,0.025731,inf,1.0,1.0097087378640777,0.9926470588235294,0.00962212588235294,0.0925010588235294,136,87,0,monthly_beme_op,monthly size/profit/invest,low_overlap_concentration,27,test,block,low_vol_12,0.11949838962962965
0.0203394680370314,0.011653270303853096,0.03277603856765828,0.11869066666666665,0.132271,54.00000000000003,1.0097087378640779,0.6029411764705881,0.018501286764705884,0.10194055882352941,136,0,4,monthly_beme_op,monthly size/profit/invest,low_overlap_concentration,27,test,block,risk_adjusted_12,0.11949838962962965
-1.8734068529597874,-5.848640521841995,0.13227807152613041,-0.02305727255129698,0.05672900000000001,1.0062220303853344,2600.000000000001,0.9926013086001079,0.010711227941176472,0.1602916470588235,136,0,0,monthly_beme_op,monthly size/profit/invest,low_overlap_concentration,27,test,block,ridge_return_train_only,0.11949838962962965
0.013232406534297032,0.005646378526856699,0.01939440108678933,,inf,0.0,0.0,1.0,0.009011361111111112,0.15419533333333332,108,200,0,monthly_beme_op,monthly size/profit/invest,adversarial_support_mismatch,7,calibration,iid,constant_a000,0.11949838962962965
-0.02667559402481395,-0.038001798329593994,-0.011562987348773075,0.047503000000000004,0.047503000000000004,17.000000000000018,1.0048309178743962,0.8425925925925924,0.005691944444444445,0.1491787037037037,108,0,3,monthly_beme_op,monthly size/profit/invest,adversarial_support_mismatch,7,calibration,iid,constant_a001,0.11949838962962965
0.03756174077995711,0.029181787195154612,0.047039974544863944,-0.041722999999999996,inf,1.0,1.0048309178743962,0.9907407407407407,0.009587805555555553,0.13425677777777775,108,70,0,monthly_beme_op,monthly size/profit/invest,adversarial_support_mismatch,7,calibration,iid,constant_a002,0.11949838962962965
0.00014374634699111397,-0.0008388326491322254,0.0009799727588715925,0.032718,0.032718,7.000000000000002,1.0048309178743962,0.9351851851851851,0.007711083333333333,0.09189985185185184,108,0,2,monthly_beme_op,monthly size/profit/invest,adversarial_support_mismatch,7,calibration,iid,constant_a003,0.11949838962962965
0.0008098508713544462,-0.0009232991020456861,0.0025354523781236952,0.075818,inf,3.0,1.0048309178743962,0.9722222222222222,0.008999,0.09132614814814814,108,10,1,monthly_beme_op,monthly size/profit/invest,adversarial_support_mismatch,7,calibration,iid,constant_a004,0.11949838962962965
0.001316938918112959,0.0006371066666666663,0.002676603421005546,-0.073706,inf,1.0,1.0048309178743962,0.9907407407407407,0.007037601851851851,0.14897285185185186,108,65,0,monthly_beme_op,monthly size/profit/invest,adversarial_support_mismatch,7,calibration,iid,constant_a005,0.11949838962962965
0.023702227579241977,0.009219214050448517,0.03873543126101719,-0.015137000000000003,-0.015137000000000001,3.0,1.0048309178743962,0.9722222222222222,0.008633907407407406,0.12433974074074074,108,8,1,monthly_beme_op,monthly size/profit/invest,adversarial_support_mismatch,7,calibration,iid,constant_a006,0.11949838962962965
0.000637106666666666,0.0006371066666666662,0.0006371066666666668,,inf,0.0,0.0,1.0,0.008959064814814816,0.10838277777777777,108,200,0,monthly_beme_op,monthly size/profit/invest,adversarial_support_mismatch,7,calibration,iid,constant_a007,0.11949838962962965
0.00025959628078964676,-0.0008729348768414152,0.0006371066666666668,0.03993800000000001,inf,1.0,1.0048309178743962,0.9907407407407407,0.008833333333333334,0.10437133333333333,108,72,0,monthly_beme_op,monthly size/profit/invest,adversarial_support_mismatch,7,calibration,iid,constant_a008,0.11949838962962965
0.000637106666666666,0.0006371066666666662,0.0006371066666666668,,inf,0.0,0.0,1.0,0.008357185185185186,0.10816214814814815,108,200,0,monthly_beme_op,monthly size/profit/invest,adversarial_support_mismatch,7,calibration,iid,constant_a009,0.11949838962962965
0.001047819023081051,-0.00024188384803483054,0.0024772231738534015,0.046395,0.046395,3.0,1.0048309178743962,0.9722222222222222,0.006952916666666668,0.1526792962962963,108,9,1,monthly_beme_op,monthly size/profit/invest,adversarial_support_mismatch,7,calibration,iid,constant_a010,0.11949838962962965
0.0013118589395837055,0.0006371066666666663,0.002661363485417784,-0.07316,inf,1.0,1.0048309178743962,0.9907407407407407,0.008470018518518517,0.11324855555555556,108,73,0,monthly_beme_op,monthly size/profit/invest,adversarial_support_mismatch,7,calibration,iid,constant_a011,0.11949838962962965
0.000637106666666666,0.0006371066666666662,0.0006371066666666668,,inf,0.0,0.0,1.0,0.007643851851851852,0.12476462962962963,108,200,0,monthly_beme_op,monthly size/profit/invest,adversarial_support_mismatch,7,calibration,iid,constant_a012,0.11949838962962965
0.001804565374843442,0.0005061906237251743,0.003183480369535397,0.01922,0.01922,6.000000000000001,1.0048309178743962,0.9444444444444444,0.008225361111111112,0.10516055555555555,108,2,2,monthly_beme_op,monthly size/profit/invest,adversarial_support_mismatch,7,calibration,iid,constant_a013,0.11949838962962965
0.000637106666666666,0.0006371066666666662,0.0006371066666666668,,inf,0.0,0.0,1.0,0.01212915740740741,0.12042751851851852,108,200,0,monthly_beme_op,monthly size/profit/invest,adversarial_support_mismatch,7,calibration,iid,constant_a014,0.11949838962962965
0.004072753210472951,-0.001613119400727621,0.009026916119281938,0.171106,0.171106,10.000000000000005,1.0048309178743962,0.9074074074074073,0.004571592592592592,0.18182740740740738,108,0,3,monthly_beme_op,monthly size/profit/invest,adversarial_support_mismatch,7,calibration,iid,constant_a015,0.11949838962962965
0.0008483248547742577,0.0006371066666666663,0.0012707612309894424,-0.023339,inf,1.0,1.0048309178743962,0.9907407407407407,0.005576574074074074,0.15014825925925926,108,75,0,monthly_beme_op,monthly size/profit/invest,adversarial_support_mismatch,7,calibration,iid,constant_a016,0.11949838962962965
0.0003820647009005778,-0.00013439527977575014,0.0006371066666666668,0.026775000000000004,inf,1.0,1.0048309178743962,0.9907407407407407,0.007114703703703705,0.1573044814814815,108,74,0,monthly_beme_op,monthly size/profit/invest,adversarial_support_mismatch,7,calibration,iid,constant_a017,0.11949838962962965
-0.003520178180950669,-0.010997143636428697,0.0028589837743186017,0.276501,0.276501,11.000000000000009,1.0048309178743962,0.898148148148148,0.002282416666666666,0.17135685185185184,108,0,3,monthly_beme_op,monthly size/profit/invest,adversarial_support_mismatch,7,calibration,iid,constant_a018,0.11949838962962965
-0.0006781073418023509,-0.0028148553539691073,0.0006371066666666668,0.075916,inf,2.0,1.0048309178743962,0.9814814814814815,0.010592287037037039,0.19485992592592594,108,22,1,monthly_beme_op,monthly size/profit/invest,adversarial_support_mismatch,7,calibration,iid,constant_a019,0.11949838962962965
0.003518230073358382,0.000246202731317469,0.007795463516669655,0.05585999999999999,0.05586000000000001,6.000000000000001,1.0048309178743962,0.9444444444444444,0.005733851851851852,0.16194114814814817,108,0,2,monthly_beme_op,monthly size/profit/invest,adversarial_support_mismatch,7,calibration,iid,constant_a020,0.11949838962962965
-0.0011884191590624453,-0.005998119353491967,0.0036638408845947393,0.100661,0.100661,18.000000000000018,1.0048309178743962,0.8333333333333331,0.004910851851851851,0.14231881481481481,108,0,3,monthly_beme_op,monthly size/profit/invest,adversarial_support_mismatch,7,calibration,iid,constant_a021,0.11949838962962965
0.0007872534645434469,0.0006371066666666663,0.0010875470602970106,-0.016774999999999998,inf,1.0,1.0048309178743962,0.9907407407407407,0.0070512870370370365,0.17373688888888889,108,76,0,monthly_beme_op,monthly size/profit/invest,adversarial_support_mismatch,7,calibration,iid,constant_a022,0.11949838962962965
-0.0015024618111569151,-0.008258163950639963,0.006868226339466369,-0.012078,inf,2.0,1.0048309178743962,0.9814814814814815,0.01687215740740741,0.16973874074074072,108,28,1,monthly_beme_op,monthly size/profit/invest,adversarial_support_mismatch,7,calibration,iid,constant_a023,0.11949838962962965
0.031722465782674944,-0.001411168691612888,0.06213968587330746,0.127691,0.127691,13.000000000000014,1.0048309178743962,0.8796296296296295,0.020826731481481484,0.17694474074074074,108,0,3,monthly_beme_op,monthly size/profit/invest,adversarial_support_mismatch,7,calibration,iid,constant_a024,0.11949838962962965
0.000637106666666666,0.0006371066666666662,0.0006371066666666668,,inf,0.0,0.0,1.0,0.008471041851851852,0.11949838962962965,108,200,0,monthly_beme_op,monthly size/profit/invest,adversarial_support_mismatch,7,calibration,iid,constant_equal_weight_public,0.11949838962962965
0.010121243795135007,-0.010960617135477418,0.031008494335471013,,inf,0.0,0.0,1.0,0.010304194444444444,0.15110244444444446,108,200,0,monthly_beme_op,monthly size/profit/invest,adversarial_support_mismatch,7,calibration,iid,momentum_12,0.11949838962962965
0.001194585124998122,-0.0046939032713684175,0.0074788537922089145,0.075818,inf,3.0,1.0048309178743962,0.9722222222222222,0.009455527777777776,0.09748044444444444,108,13,1,monthly_beme_op,monthly size/profit/invest,adversarial_support_mismatch,7,calibration,iid,low_vol_12,0.11949838962962965
-0.0021174385153800612,-0.018511888386828424,0.014018844188515917,,inf,0.0,0.0,1.0,0.009305453703703703,0.14096814814814815,108,200,0,monthly_beme_op,monthly size/profit/invest,adversarial_support_mismatch,7,calibration,iid,risk_adjusted_12,0.11949838962962965
0.11430977322713816,0.1015044026992775,0.13056582628416963,0.028991,0.028991,7.000000000000002,1.0048309178743962,0.9351851851851851,0.019642879629629628,0.13318522222222223,108,0,2,monthly_beme_op,monthly size/profit/invest,adversarial_support_mismatch,7,calibration,iid,ridge_return_train_only,0.11949838962962965
0.013232406534297032,0.0023322072978198393,0.02394057950447686,,inf,0.0,0.0,1.0,0.009011361111111112,0.15419533333333332,108,200,0,monthly_beme_op,monthly size/profit/invest,adversarial_support_mismatch,7,calibration,block,constant_a000,0.11949838962962965
-0.02667559402481395,-0.04725501099358402,-0.00208446311661978,0.047503000000000004,0.047503000000000004,17.000000000000018,1.0048309178743962,0.8425925925925924,0.005691944444444445,0.1491787037037037,108,0,3,monthly_beme_op,monthly size/profit/invest,adversarial_support_mismatch,7,calibration,block,constant_a001,0.11949838962962965
0.03756174077995711,0.02910284819982319,0.04775302326251291,-0.041722999999999996,inf,1.0,1.0048309178743962,0.9907407407407407,0.009587805555555553,0.13425677777777775,108,79,0,monthly_beme_op,monthly size/profit/invest,adversarial_support_mismatch,7,calibration,block,constant_a002,0.11949838962962965
0.00014374634699111397,-0.0008492609456670857,0.0009042369964811832,0.032718,0.032718,7.000000000000002,1.0048309178743962,0.9351851851851851,0.007711083333333333,0.09189985185185184,108,2,2,monthly_beme_op,monthly size/profit/invest,adversarial_support_mismatch,7,calibration,block,constant_a003,0.11949838962962965
0.0008098508713544462,-0.0014992271597781366,0.0026719531999761436,0.075818,inf,3.0,1.0048309178743962,0.9722222222222222,0.008999,0.09132614814814814,108,18,1,monthly_beme_op,monthly size/profit/invest,adversarial_support_mismatch,7,calibration,block,constant_a004,0.11949838962962965
0.001316938918112959,0.0006371066666666663,0.0026766034210055465,-0.073706,inf,1.0,1.0048309178743962,0.9907407407407407,0.007037601851851851,0.14897285185185186,108,70,0,monthly_beme_op,monthly size/profit/invest,adversarial_support_mismatch,7,calibration,block,constant_a005,0.11949838962962965
0.023702227579241977,0.00146162676715812,0.05108157961662184,-0.015137000000000003,inf,3.0,1.0048309178743962,0.9722222222222222,0.008633907407407406,0.12433974074074074,108,38,1,monthly_beme_op,monthly size/profit/invest,adversarial_support_mismatch,7,calibration,block,constant_a006,0.11949838962962965
0.000637106666666666,0.0006371066666666662,0.0006371066666666669,,inf,0.0,0.0,1.0,0.008959064814814816,0.10838277777777777,108,200,0,monthly_beme_op,monthly size/profit/invest,adversarial_support_mismatch,7,calibration,block,constant_a007,0.11949838962962965
0.00025959628078964676,-0.0004954244909643952,0.0006371066666666668,0.03993800000000001,inf,1.0,1.0048309178743962,0.9907407407407407,0.008833333333333334,0.10437133333333333,108,79,0,monthly_beme_op,monthly size/profit/invest,adversarial_support_mismatch,7,calibration,block,constant_a008,0.11949838962962965
0.000637106666666666,0.0006371066666666662,0.0006371066666666669,,inf,0.0,0.0,1.0,0.008357185185185186,0.10816214814814815,108,200,0,monthly_beme_op,monthly size/profit/invest,adversarial_support_mismatch,7,calibration,block,constant_a009,0.11949838962962965
0.001047819023081051,-0.0004073725222162583,0.002745502732510287,0.046395,0.046395,3.0,1.0048309178743962,0.9722222222222222,0.006952916666666668,0.1526792962962963,108,6,1,monthly_beme_op,monthly size/profit/invest,adversarial_support_mismatch,7,calibration,block,constant_a010,0.11949838962962965
0.0013118589395837055,0.0006371066666666663,0.002661363485417784,-0.07316,inf,1.0,1.0048309178743962,0.9907407407407407,0.008470018518518517,0.11324855555555556,108,77,0,monthly_beme_op,monthly size/profit/invest,adversarial_support_mismatch,7,calibration,block,constant_a011,0.11949838962962965
0.000637106666666666,0.0006371066666666662,0.0006371066666666669,,inf,0.0,0.0,1.0,0.007643851851851852,0.12476462962962963,108,200,0,monthly_beme_op,monthly size/profit/invest,adversarial_support_mismatch,7,calibration,block,constant_a012,0.11949838962962965
0.001804565374843442,0.00042517616818751116,0.0036177546774020398,0.01922,0.01922,6.000000000000001,1.0048309178743962,0.9444444444444444,0.008225361111111112,0.10516055555555555,108,4,2,monthly_beme_op,monthly size/profit/invest,adversarial_support_mismatch,7,calibration,block,constant_a013,0.11949838962962965
0.000637106666666666,0.0006371066666666662,0.0006371066666666669,,inf,0.0,0.0,1.0,0.01212915740740741,0.12042751851851852,108,200,0,monthly_beme_op,monthly size/profit/invest,adversarial_support_mismatch,7,calibration,block,constant_a014,0.11949838962962965
0.004072753210472951,-0.0009791126710800987,0.01074061547515954,0.171106,0.171106,10.000000000000005,1.0048309178743962,0.9074074074074073,0.004571592592592592,0.18182740740740738,108,1,3,monthly_beme_op,monthly size/profit/invest,adversarial_support_mismatch,7,calibration,block,constant_a015,0.11949838962962965
0.0008483248547742577,0.0006371066666666663,0.0014819794190970347,-0.023339,inf,1.0,1.0048309178743962,0.9907407407407407,0.005576574074074074,0.15014825925925926,108,67,0,monthly_beme_op,monthly size/profit/invest,adversarial_support_mismatch,7,calibration,block,constant_a016,0.11949838962962965
0.0003820647009005778,-0.000128019230631598,0.0006371066666666668,0.026775000000000004,inf,1.0,1.0048309178743962,0.9907407407407407,0.007114703703703705,0.1573044814814815,108,75,0,monthly_beme_op,monthly size/profit/invest,adversarial_support_mismatch,7,calibration,block,constant_a017,0.11949838962962965
-0.003520178180950669,-0.015176673049442355,0.0027098037881553043,0.276501,0.276501,11.000000000000009,1.0048309178743962,0.898148148148148,0.002282416666666666,0.17135685185185184,108,0,3,monthly_beme_op,monthly size/profit/invest,adversarial_support_mismatch,7,calibration,block,constant_a018,0.11949838962962965
-0.0006781073418023509,-0.0027055706876602864,0.0006371066666666667,0.075916,inf,2.0,1.0048309178743962,0.9814814814814815,0.010592287037037039,0.19485992592592594,108,22,1,monthly_beme_op,monthly size/profit/invest,adversarial_support_mismatch,7,calibration,block,constant_a019,0.11949838962962965
0.003518230073358382,0.0006371066666666666,0.007561101256515785,0.05585999999999999,inf,6.000000000000001,1.0048309178743962,0.9444444444444444,0.005733851851851852,0.16194114814814817,108,10,2,monthly_beme_op,monthly size/profit/invest,adversarial_support_mismatch,7,calibration,block,constant_a020,0.11949838962962965
-0.0011884191590624453,-0.0064466292591399705,0.003555215846364882,0.100661,0.100661,18.000000000000018,1.0048309178743962,0.8333333333333331,0.004910851851851851,0.14231881481481481,108,0,3,monthly_beme_op,monthly size/profit/invest,adversarial_support_mismatch,7,calibration,block,constant_a021,0.11949838962962965
0.0007872534645434469,0.0006371066666666662,0.0010875470602970108,-0.016774999999999998,inf,1.0,1.0048309178743962,0.9907407407407407,0.0070512870370370365,0.17373688888888889,108,74,0,monthly_beme_op,monthly size/profit/invest,adversarial_support_mismatch,7,calibration,block,constant_a022,0.11949838962962965
-0.0015024618111569151,-0.013185673553071885,0.011656840026668206,-0.012078,inf,2.0,1.0048309178743962,0.9814814814814815,0.01687215740740741,0.16973874074074072,108,28,1,monthly_beme_op,monthly size/profit/invest,adversarial_support_mismatch,7,calibration,block,constant_a023,0.11949838962962965
0.031722465782674944,-0.018954824625242114,0.07411888438872855,0.127691,0.127691,13.000000000000014,1.0048309178743962,0.8796296296296295,0.020826731481481484,0.17694474074074074,108,1,3,monthly_beme_op,monthly size/profit/invest,adversarial_support_mismatch,7,calibration,block,constant_a024,0.11949838962962965
0.000637106666666666,0.0006371066666666662,0.0006371066666666669,,inf,0.0,0.0,1.0,0.008471041851851852,0.11949838962962965,108,200,0,monthly_beme_op,monthly size/profit/invest,adversarial_support_mismatch,7,calibration,block,constant_equal_weight_public,0.11949838962962965
0.010121243795135007,-0.016502427075608648,0.04516971004946171,,inf,0.0,0.0,1.0,0.010304194444444444,0.15110244444444446,108,200,0,monthly_beme_op,monthly size/profit/invest,adversarial_support_mismatch,7,calibration,block,momentum_12,0.11949838962962965
0.001194585124998122,-0.0071889474425398765,0.011471654055239835,0.075818,inf,3.0,1.0048309178743962,0.9722222222222222,0.009455527777777776,0.09748044444444444,108,29,1,monthly_beme_op,monthly size/profit/invest,adversarial_support_mismatch,7,calibration,block,low_vol_12,0.11949838962962965
-0.0021174385153800612,-0.024625440591923772,0.018216967403437298,,inf,0.0,0.0,1.0,0.009305453703703703,0.14096814814814815,108,200,0,monthly_beme_op,monthly size/profit/invest,adversarial_support_mismatch,7,calibration,block,risk_adjusted_12,0.11949838962962965
0.11430977322713816,0.09284697160398742,0.13682249683489886,0.028991,0.028991,7.000000000000002,1.0048309178743962,0.9351851851851851,0.019642879629629628,0.13318522222222223,108,0,2,monthly_beme_op,monthly size/profit/invest,adversarial_support_mismatch,7,calibration,block,ridge_return_train_only,0.11949838962962965
-0.03787436490356597,-0.045941867207720866,-0.02778694541035717,0.18138599999999996,0.181386,17.000000000000018,1.0048309178743962,0.8749999999999999,0.011030007352941176,0.15709526470588234,136,0,3,monthly_beme_op,monthly size/profit/invest,adversarial_support_mismatch,7,test,iid,constant_a000,0.11949838962962965
0.019091941249891064,0.011582581523971392,0.025276273147027038,-0.055805999999999994,inf,1.0,1.0048309178743962,0.9926470588235294,0.023444860294117645,0.12699891176470587,136,78,0,monthly_beme_op,monthly size/profit/invest,adversarial_support_mismatch,7,test,iid,constant_a001,0.11949838962962965
-0.03457973708740386,-0.04479266268669727,-0.022984454286718817,0.100115,0.100115,6.000000000000001,1.0048309178743962,0.9558823529411764,0.013153823529411765,0.13322823529411765,136,0,2,monthly_beme_op,monthly size/profit/invest,adversarial_support_mismatch,7,test,iid,constant_a002,0.11949838962962965
0.0021895664942692046,0.0009325493534147955,0.004111508270531404,0.006418,0.006418,5.0,1.0048309178743962,0.9632352941176471,0.015877375,0.11909723529411764,136,1,2,monthly_beme_op,monthly size/profit/invest,adversarial_support_mismatch,7,test,iid,constant_a003,0.11949838962962965
0.0006371066666666657,0.0006371066666666666,0.000637106666666667,,inf,0.0,0.0,1.0,0.012729867647058824,0.08378829411764706,136,200,0,monthly_beme_op,monthly size/profit/invest,adversarial_support_mismatch,7,test,iid,constant_a004,0.11949838962962965
0.0007670747485080985,-6.703976508481152e-07,0.001617316793786114,0.028075000000000003,inf,3.0,1.0048309178743962,0.9779411764705882,0.010292911764705884,0.1313721176470588,136,13,1,monthly_beme_op,monthly size/profit/invest,adversarial_support_mismatch,7,test,iid,constant_a005,0.11949838962962965
0.08788837301731976,0.07391771303961395,0.09959062716795046,0.101287,inf,2.0,1.0048309178743962,0.9852941176470589,0.007293139705882353,0.09094320588235294,136,21,1,monthly_beme_op,monthly size/profit/invest,adversarial_support_mismatch,7,test,iid,constant_a006,0.11949838962962965
0.0006371066666666657,0.0006371066666666666,0.000637106666666667,,inf,0.0,0.0,1.0,0.011329838235294118,0.09501655882352941,136,200,0,monthly_beme_op,monthly size/profit/invest,adversarial_support_mismatch,7,test,iid,constant_a007,0.11949838962962965
3.327447734117644,0.0006371066666666667,9.981068989019628,-0.087646,inf,1.0,5200.0,0.9926470588235294,0.011474867647058825,0.08307823529411763,136,78,0,monthly_beme_op,monthly size/profit/invest,adversarial_support_mismatch,7,test,iid,constant_a008,0.11949838962962965
0.0006371066666666657,0.0006371066666666666,0.000637106666666667,,inf,0.0,0.0,1.0,0.010274257352941176,0.0984035294117647,136,200,0,monthly_beme_op,monthly size/profit/invest,adversarial_support_mismatch,7,test,iid,constant_a009,0.11949838962962965
-0.0002677448555460845,-0.002213962886236621,0.0019651689072653225,0.09850400000000001,0.09850400000000001,11.000000000000009,1.0048309178743962,0.9191176470588235,0.009373007352941174,0.11470952941176471,136,0,3,monthly_beme_op,monthly size/profit/invest,adversarial_support_mismatch,7,test,iid,constant_a010,0.11949838962962965
0.0007585714161220028,0.0006371066666666668,0.0009641168703230079,-0.006012,inf,2.0,1.0048309178743962,0.9852941176470589,0.011024213235294116,0.1011819117647059,136,30,1,monthly_beme_op,monthly size/profit/invest,adversarial_support_mismatch,7,test,iid,constant_a011,0.11949838962962965
0.000848256811594202,-0.00025120328957090114,0.0021959000863881785,0.034246,0.034246,6.000000000000001,1.0048309178743962,0.9558823529411764,0.008815691176470589,0.10376441176470588,136,0,2,monthly_beme_op,monthly size/profit/invest,adversarial_support_mismatch,7,test,iid,constant_a012,0.11949838962962965
0.001075758116889267,0.0006371066666666668,0.001698817417827034,-0.025596000000000004,inf,2.0,1.0048309178743962,0.9852941176470589,0.009981808823529413,0.11502073529411763,136,30,1,monthly_beme_op,monthly size/profit/invest,adversarial_support_mismatch,7,test,iid,constant_a013,0.11949838962962965
0.002573544109121908,0.0009523614199109594,0.004664361601591362,0.008024,0.008024,6.000000000000001,1.0048309178743962,0.9558823529411764,0.005425272058823529,0.15093029411764705,136,1,2,monthly_beme_op,monthly size/profit/invest,adversarial_support_mismatch,7,test,iid,constant_a014,0.11949838962962965
0.000832131738183195,0.0006371066666666667,0.0014172069527327834,-0.027033,inf,1.0,1.0048309178743962,0.9926470588235294,0.01077013970588235,0.10116476470588236,136,75,0,monthly_beme_op,monthly size/profit/invest,adversarial_support_mismatch,7,test,iid,constant_a015,0.11949838962962965
0.001573693803163777,-0.0005149642781093121,0.004764590980960511,0.07685399999999999,0.07685399999999999,5.0,1.0048309178743962,0.9632352941176471,0.008198404411764707,0.11871282352941175,136,0,2,monthly_beme_op,monthly size/profit/invest,adversarial_support_mismatch,7,test,iid,constant_a016,0.11949838962962965
0.0006371066666666657,0.0006371066666666666,0.000637106666666667,,inf,0.0,0.0,1.0,0.010214404411764706,0.12240526470588234,136,200,0,monthly_beme_op,monthly size/profit/invest,adversarial_support_mismatch,7,test,iid,constant_a017,0.11949838962962965
0.0006371066666666657,0.0006371066666666666,0.000637106666666667,,inf,0.0,0.0,1.0,0.01078397794117647,0.1249915882352941,136,200,0,monthly_beme_op,monthly size/profit/invest,adversarial_support_mismatch,7,test,iid,constant_a018,0.11949838962962965
0.001317807108079945,-0.0027246139147485094,0.00519852380183765,0.128325,0.128325,17.000000000000018,1.0048309178743962,0.8749999999999999,0.004148029411764705,0.16689767647058826,136,0,3,monthly_beme_op,monthly size/profit/invest,adversarial_support_mismatch,7,test,iid,constant_a019,0.11949838962962965
0.0026628181149947897,-0.0036812916504688833,0.00882717120242494,0.32073,0.32073,7.000000000000002,1.0048309178743962,0.9485294117647058,0.01308618382352941,0.1459555588235294,136,0,2,monthly_beme_op,monthly size/profit/invest,adversarial_support_mismatch,7,test,iid,constant_a020,0.11949838962962965
0.0006371066666666657,0.0006371066666666666,0.000637106666666667,,inf,0.0,0.0,1.0,0.011047073529411767,0.14904241176470587,136,200,0,monthly_beme_op,monthly size/profit/invest,adversarial_support_mismatch,7,test,iid,constant_a021,0.11949838962962965
0.0014294678601875525,-0.0014750227403618455,0.004417467783650661,0.10493400000000001,0.10493400000000001,9.000000000000004,1.0048309178743962,0.9338235294117647,0.01314758823529412,0.13828129411764706,136,0,2,monthly_beme_op,monthly size/profit/invest,adversarial_support_mismatch,7,test,iid,constant_a022,0.11949838962962965
-0.033316340764122404,-0.041600149942881755,-0.025585708172238097,0.046941,0.046941,9.000000000000004,1.0048309178743962,0.9338235294117647,0.014868257352941176,0.13557679411764706,136,0,2,monthly_beme_op,monthly size/profit/invest,adversarial_support_mismatch,7,test,iid,constant_a023,0.11949838962962965
0.14097122717789956,0.12057419914671001,0.16349401755259343,0.2520664615384615,0.252699,26.00000000000002,1.0048309178743962,0.8088235294117645,0.004658558823529411,0.22838226470588233,136,0,3,monthly_beme_op,monthly size/profit/invest,adversarial_support_mismatch,7,test,iid,constant_a024,0.11949838962962965
0.0006371066666666657,0.0006371066666666666,0.000637106666666667,,inf,0.0,0.0,1.0,0.010897742352941178,0.10712653647058824,136,200,0,monthly_beme_op,monthly size/profit/invest,adversarial_support_mismatch,7,test,iid,constant_equal_weight_public,0.11949838962962965
0.005300765202253003,-0.0035291520658164927,0.014464871037586742,,inf,0.0,0.0,1.0,0.016952595588235295,0.14063335294117646,136,200,0,monthly_beme_op,monthly size/profit/invest,adversarial_support_mismatch,7,test,iid,momentum_12,0.11949838962962965
0.0021742720825787864,-0.0021458544044610753,0.0061190029557770835,0.027767000000000003,0.027767000000000003,4.0,1.0048309178743962,0.9705882352941176,0.00962212588235294,0.0925010588235294,136,2,1,monthly_beme_op,monthly size/profit/invest,adversarial_support_mismatch,7,test,iid,low_vol_12,0.11949838962962965
0.010031653477224862,0.0031454848035599643,0.01601368974408944,,inf,0.0,0.0,1.0,0.018501286764705884,0.10194055882352941,136,200,0,monthly_beme_op,monthly size/profit/invest,adversarial_support_mismatch,7,test,iid,risk_adjusted_12,0.11949838962962965
0.1612547599167089,0.14329337664706013,0.17655042910807647,0.101287,0.101287,12.00000000000001,1.0048309178743962,0.9117647058823528,0.010389308823529411,0.1253,136,0,3,monthly_beme_op,monthly size/profit/invest,adversarial_support_mismatch,7,test,iid,ridge_return_train_only,0.11949838962962965
-0.03787436490356597,-0.04799620034371848,-0.02718309472413863,0.18138599999999996,0.18138600000000002,17.000000000000018,1.0048309178743962,0.8749999999999999,0.011030007352941176,0.15709526470588234,136,0,3,monthly_beme_op,monthly size/profit/invest,adversarial_support_mismatch,7,test,block,constant_a000,0.11949838962962965
0.019091941249891064,0.009456641806903456,0.02823186822544718,-0.055805999999999994,inf,1.0,1.0048309178743962,0.9926470588235294,0.023444860294117645,0.12699891176470587,136,58,0,monthly_beme_op,monthly size/profit/invest,adversarial_support_mismatch,7,test,block,constant_a001,0.11949838962962965
-0.03457973708740386,-0.04807142178255359,-0.019742921431947804,0.100115,inf,6.000000000000001,1.0048309178743962,0.9558823529411764,0.013153823529411765,0.13322823529411765,136,10,2,monthly_beme_op,monthly size/profit/invest,adversarial_support_mismatch,7,test,block,constant_a002,0.11949838962962965
0.0021895664942692046,0.0005849802746992518,0.0046016130902718656,0.006418,inf,5.0,1.0048309178743962,0.9632352941176471,0.015877375,0.11909723529411764,136,11,2,monthly_beme_op,monthly size/profit/invest,adversarial_support_mismatch,7,test,block,constant_a003,0.11949838962962965
0.0006371066666666657,0.0006371066666666666,0.000637106666666667,,inf,0.0,0.0,1.0,0.012729867647058824,0.08378829411764706,136,200,0,monthly_beme_op,monthly size/profit/invest,adversarial_support_mismatch,7,test,block,constant_a004,0.11949838962962965
0.0007670747485080985,0.00012998985753528384,0.0014237677696315237,0.028075000000000003,inf,3.0,1.0048309178743962,0.9779411764705882,0.010292911764705884,0.1313721176470588,136,16,1,monthly_beme_op,monthly size/profit/invest,adversarial_support_mismatch,7,test,block,constant_a005,0.11949838962962965
0.08788837301731976,0.06513619175095135,0.10830617605223092,0.101287,inf,2.0,1.0048309178743962,0.9852941176470589,0.007293139705882353,0.09094320588235294,136,23,1,monthly_beme_op,monthly size/profit/invest,adversarial_support_mismatch,7,test,block,constant_a006,0.11949838962962965
0.0006371066666666657,0.0006371066666666666,0.000637106666666667,,inf,0.0,0.0,1.0,0.011329838235294118,0.09501655882352941,136,200,0,monthly_beme_op,monthly size/profit/invest,adversarial_support_mismatch,7,test,block,constant_a007,0.11949838962962965
3.327447734117644,0.0006371066666666666,9.98106898901963,-0.087646,inf,1.0,5200.0,0.9926470588235294,0.011474867647058825,0.08307823529411763,136,72,0,monthly_beme_op,monthly size/profit/invest,adversarial_support_mismatch,7,test,block,constant_a008,0.11949838962962965
0.0006371066666666657,0.0006371066666666666,0.000637106666666667,,inf,0.0,0.0,1.0,0.010274257352941176,0.0984035294117647,136,200,0,monthly_beme_op,monthly size/profit/invest,adversarial_support_mismatch,7,test,block,constant_a009,0.11949838962962965
-0.0002677448555460845,-0.0022465372289476185,0.001671379655015629,0.09850400000000001,0.09850400000000002,11.000000000000009,1.0048309178743962,0.9191176470588235,0.009373007352941174,0.11470952941176471,136,2,3,monthly_beme_op,monthly size/profit/invest,adversarial_support_mismatch,7,test,block,constant_a010,0.11949838962962965
0.0007585714161220028,0.0006371066666666666,0.0010015009150326794,-0.006012,inf,2.0,1.0048309178743962,0.9852941176470589,0.011024213235294116,0.1011819117647059,136,46,1,monthly_beme_op,monthly size/profit/invest,adversarial_support_mismatch,7,test,block,constant_a011,0.11949838962962965
0.000848256811594202,-0.0003438370855356638,0.001969142560386472,0.034246,0.034246,6.000000000000001,1.0048309178743962,0.9558823529411764,0.008815691176470589,0.10376441176470588,136,2,2,monthly_beme_op,monthly size/profit/invest,adversarial_support_mismatch,7,test,block,constant_a012,0.11949838962962965
0.001075758116889267,0.0006371066666666666,0.0018849711622620066,-0.025596000000000004,inf,2.0,1.0048309178743962,0.9852941176470589,0.009981808823529413,0.11502073529411763,136,42,1,monthly_beme_op,monthly size/profit/invest,adversarial_support_mismatch,7,test,block,constant_a013,0.11949838962962965
0.002573544109121908,0.000637106666666667,0.004919596023491524,0.008024,0.008024,6.000000000000001,1.0048309178743962,0.9558823529411764,0.005425272058823529,0.15093029411764705,136,4,2,monthly_beme_op,monthly size/profit/invest,adversarial_support_mismatch,7,test,block,constant_a014,0.11949838962962965
0.000832131738183195,0.0006371066666666666,0.0012270575080041686,-0.027033,inf,1.0,1.0048309178743962,0.9926470588235294,0.01077013970588235,0.10116476470588236,136,70,0,monthly_beme_op,monthly size/profit/invest,adversarial_support_mismatch,7,test,block,constant_a015,0.11949838962962965
0.001573693803163777,-0.00046774581036279324,0.004572117443591941,0.07685399999999999,inf,5.0,1.0048309178743962,0.9632352941176471,0.008198404411764707,0.11871282352941175,136,24,2,monthly_beme_op,monthly size/profit/invest,adversarial_support_mismatch,7,test,block,constant_a016,0.11949838962962965
0.0006371066666666657,0.0006371066666666666,0.000637106666666667,,inf,0.0,0.0,1.0,0.010214404411764706,0.12240526470588234,136,200,0,monthly_beme_op,monthly size/profit/invest,adversarial_support_mismatch,7,test,block,constant_a017,0.11949838962962965
0.0006371066666666657,0.0006371066666666666,0.000637106666666667,,inf,0.0,0.0,1.0,0.01078397794117647,0.1249915882352941,136,200,0,monthly_beme_op,monthly size/profit/invest,adversarial_support_mismatch,7,test,block,constant_a018,0.11949838962962965
0.001317807108079945,-0.0013084084897224601,0.0047318139283887475,0.128325,0.128325,17.000000000000018,1.0048309178743962,0.8749999999999999,0.004148029411764705,0.16689767647058826,136,0,3,monthly_beme_op,monthly size/profit/invest,adversarial_support_mismatch,7,test,block,constant_a019,0.11949838962962965
0.0026628181149947897,-0.003143535083830634,0.008499629620536143,0.32073,0.32073,7.000000000000002,1.0048309178743962,0.9485294117647058,0.01308618382352941,0.1459555588235294,136,5,2,monthly_beme_op,monthly size/profit/invest,adversarial_support_mismatch,7,test,block,constant_a020,0.11949838962962965
0.0006371066666666657,0.0006371066666666666,0.000637106666666667,,inf,0.0,0.0,1.0,0.011047073529411767,0.14904241176470587,136,200,0,monthly_beme_op,monthly size/profit/invest,adversarial_support_mismatch,7,test,block,constant_a021,0.11949838962962965
0.0014294678601875525,-6.462588083735887e-05,0.003278225754096808,0.10493400000000001,0.10493400000000001,9.000000000000004,1.0048309178743962,0.9338235294117647,0.01314758823529412,0.13828129411764706,136,9,2,monthly_beme_op,monthly size/profit/invest,adversarial_support_mismatch,7,test,block,constant_a022,0.11949838962962965
-0.033316340764122404,-0.045704041597618324,-0.022257878860306012,0.046941,0.046941,9.000000000000004,1.0048309178743962,0.9338235294117647,0.014868257352941176,0.13557679411764706,136,2,2,monthly_beme_op,monthly size/profit/invest,adversarial_support_mismatch,7,test,block,constant_a023,0.11949838962962965
0.14097122717789956,0.10328902539022679,0.16893296011518222,0.2520664615384615,0.252699,26.00000000000002,1.0048309178743962,0.8088235294117645,0.004658558823529411,0.22838226470588233,136,0,3,monthly_beme_op,monthly size/profit/invest,adversarial_support_mismatch,7,test,block,constant_a024,0.11949838962962965
0.0006371066666666657,0.0006371066666666666,0.000637106666666667,,inf,0.0,0.0,1.0,0.010897742352941178,0.10712653647058824,136,200,0,monthly_beme_op,monthly size/profit/invest,adversarial_support_mismatch,7,test,block,constant_equal_weight_public,0.11949838962962965
0.005300765202253003,-0.008647077293146737,0.018821512148447107,,inf,0.0,0.0,1.0,0.016952595588235295,0.14063335294117646,136,200,0,monthly_beme_op,monthly size/profit/invest,adversarial_support_mismatch,7,test,block,momentum_12,0.11949838962962965
0.0021742720825787864,-0.004094754405828998,0.008653187530254711,0.027767000000000003,0.027767000000000003,4.0,1.0048309178743962,0.9705882352941176,0.00962212588235294,0.0925010588235294,136,4,1,monthly_beme_op,monthly size/profit/invest,adversarial_support_mismatch,7,test,block,low_vol_12,0.11949838962962965
0.010031653477224862,0.0011757286069215213,0.019293001937227387,,inf,0.0,0.0,1.0,0.018501286764705884,0.10194055882352941,136,200,0,monthly_beme_op,monthly size/profit/invest,adversarial_support_mismatch,7,test,block,risk_adjusted_12,0.11949838962962965
0.1612547599167089,0.1351448080943085,0.1833253215674447,0.101287,0.101287,12.00000000000001,1.0048309178743962,0.9117647058823528,0.010389308823529411,0.1253,136,0,3,monthly_beme_op,monthly size/profit/invest,adversarial_support_mismatch,7,test,block,ridge_return_train_only,0.11949838962962965
0.01237579102783536,0.005776949814220856,0.019121530258475714,,inf,0.0,0.0,1.0,0.009011361111111112,0.15419533333333332,108,200,0,monthly_beme_op,monthly size/profit/invest,adversarial_support_mismatch,17,calibration,iid,constant_a000,0.11949838962962965
-0.02667559402481395,-0.040109241218506585,-0.012697502855788585,0.047503000000000004,0.047503000000000004,17.000000000000018,1.0048309178743962,0.8425925925925924,0.005691944444444445,0.1491787037037037,108,0,3,monthly_beme_op,monthly size/profit/invest,adversarial_support_mismatch,17,calibration,iid,constant_a001,0.11949838962962965
0.03756174077995711,0.029201409867046793,0.04716911718866601,-0.041722999999999996,inf,1.0,1.0048309178743962,0.9907407407407407,0.009587805555555553,0.13425677777777775,108,76,0,monthly_beme_op,monthly size/profit/invest,adversarial_support_mismatch,17,calibration,iid,constant_a002,0.11949838962962965
0.0002219934772668529,-0.0007728648573268918,0.0011024679629669388,0.032718,0.032718,7.000000000000002,1.0048309178743962,0.9351851851851851,0.007711083333333333,0.09189985185185184,108,0,2,monthly_beme_op,monthly size/profit/invest,adversarial_support_mismatch,17,calibration,iid,constant_a003,0.11949838962962965
0.0008912129113138898,-0.0008438655272777874,0.0026234781519731223,0.075818,inf,3.0,1.0048309178743962,0.9722222222222222,0.008999,0.09132614814814814,108,15,1,monthly_beme_op,monthly size/profit/invest,adversarial_support_mismatch,17,calibration,iid,constant_a004,0.11949838962962965
0.0013998584129142593,0.0007208048888888886,0.0027749417990656283,-0.073706,inf,1.0,1.0048309178743962,0.9907407407407407,0.007037601851851851,0.14897285185185186,108,73,0,monthly_beme_op,monthly size/profit/invest,adversarial_support_mismatch,17,calibration,iid,constant_a005,0.11949838962962965
0.023702227579241977,0.011728043929457074,0.03828262601611488,-0.015137000000000003,-0.015137000000000001,3.0,1.0048309178743962,0.9722222222222222,0.008633907407407406,0.12433974074074074,108,4,1,monthly_beme_op,monthly size/profit/invest,adversarial_support_mismatch,17,calibration,iid,constant_a006,0.11949838962962965
0.0007208048888888888,0.0007208048888888885,0.0007208048888888891,,inf,0.0,0.0,1.0,0.008959064814814816,0.10838277777777777,108,200,0,monthly_beme_op,monthly size/profit/invest,adversarial_support_mismatch,17,calibration,iid,constant_a007,0.11949838962962965
0.0007208048888888888,0.0007208048888888885,0.0007208048888888891,,inf,0.0,0.0,1.0,0.008833333333333334,0.10437133333333333,108,200,0,monthly_beme_op,monthly size/profit/invest,adversarial_support_mismatch,17,calibration,iid,constant_a008,0.11949838962962965
0.0007208048888888888,0.0007208048888888885,0.0007208048888888891,,inf,0.0,0.0,1.0,0.008357185185185186,0.10816214814814815,108,200,0,monthly_beme_op,monthly size/profit/invest,adversarial_support_mismatch,17,calibration,iid,constant_a009,0.11949838962962965
0.0011291810630404955,-0.0001559250643128368,0.0026828939880559036,0.046395,0.046395,3.0,1.0048309178743962,0.9722222222222222,0.006952916666666668,0.1526792962962963,108,9,1,monthly_beme_op,monthly size/profit/invest,adversarial_support_mismatch,17,calibration,iid,constant_a010,0.11949838962962965
0.0013947784343850045,0.0007208048888888885,0.0027427255253772275,-0.07316,inf,1.0,1.0048309178743962,0.9907407407407407,0.008470018518518517,0.11324855555555556,108,69,0,monthly_beme_op,monthly size/profit/invest,adversarial_support_mismatch,17,calibration,iid,constant_a011,0.11949838962962965
0.0007208048888888888,0.0007208048888888885,0.0007208048888888891,,inf,0.0,0.0,1.0,0.007643851851851852,0.12476462962962963,108,200,0,monthly_beme_op,monthly size/profit/invest,adversarial_support_mismatch,17,calibration,iid,constant_a012,0.11949838962962965
0.0018835912325401106,0.0008355314586270652,0.0030872780980895007,0.01922,0.01922,6.000000000000001,1.0048309178743962,0.9444444444444444,0.008225361111111112,0.10516055555555555,108,0,2,monthly_beme_op,monthly size/profit/invest,adversarial_support_mismatch,17,calibration,iid,constant_a013,0.11949838962962965
0.0007208048888888888,0.0007208048888888885,0.0007208048888888891,,inf,0.0,0.0,1.0,0.01212915740740741,0.12042751851851852,108,200,0,monthly_beme_op,monthly size/profit/invest,adversarial_support_mismatch,17,calibration,iid,constant_a014,0.11949838962962965
0.004148664158485904,-0.0019981053118466826,0.00907644131963182,0.171106,0.171106,10.000000000000005,1.0048309178743962,0.9074074074074073,0.004571592592592592,0.18182740740740738,108,0,3,monthly_beme_op,monthly size/profit/invest,adversarial_support_mismatch,17,calibration,iid,constant_a015,0.11949838962962965
-2.5012704725228536,-7.505884345728383,0.001146944796779389,0.051247999999999995,inf,1.0003864734155208,5200.0,0.9907371622831896,0.005576574074074074,0.15014825925925926,108,21,0,monthly_beme_op,monthly size/profit/invest,adversarial_support_mismatch,17,calibration,iid,constant_a016,0.11949838962962965
0.0004649841957018754,-5.305270800182936e-05,0.0007208048888888891,0.026775000000000004,inf,1.0,1.0048309178743962,0.9907407407407407,0.007114703703703705,0.1573044814814815,108,79,0,monthly_beme_op,monthly size/profit/invest,adversarial_support_mismatch,17,calibration,iid,constant_a017,0.11949838962962965
-0.0034450459603586467,-0.010250590785121552,0.0008382274476849375,0.276501,0.276501,11.000000000000009,1.0048309178743962,0.898148148148148,0.002282416666666666,0.17135685185185184,108,0,3,monthly_beme_op,monthly size/profit/invest,adversarial_support_mismatch,17,calibration,iid,constant_a018,0.11949838962962965
-0.0005959665744219806,-0.0025192135528915947,0.000720804888888889,0.075916,inf,2.0,1.0048309178743962,0.9814814814814815,0.010592287037037039,0.19485992592592594,108,27,1,monthly_beme_op,monthly size/profit/invest,adversarial_support_mismatch,17,calibration,iid,constant_a019,0.11949838962962965
0.0035972559310550435,0.0005487701597503032,0.0076348971160811975,0.05585999999999999,0.05586000000000001,6.000000000000001,1.0048309178743962,0.9444444444444444,0.005733851851851852,0.16194114814814817,108,1,2,monthly_beme_op,monthly size/profit/invest,adversarial_support_mismatch,17,calibration,iid,constant_a020,0.11949838962962965
-0.0011187380304168877,-0.005303401126967649,0.003405113263911256,0.100661,0.100661,18.000000000000018,1.0048309178743962,0.8333333333333331,0.004910851851851851,0.14231881481481481,108,0,3,monthly_beme_op,monthly size/profit/invest,adversarial_support_mismatch,17,calibration,iid,constant_a021,0.11949838962962965
0.000870172959344744,0.0007208048888888885,0.0011689091002564558,-0.016774999999999998,inf,1.0,1.0048309178743962,0.9907407407407407,0.0070512870370370365,0.17373688888888889,108,66,0,monthly_beme_op,monthly size/profit/invest,adversarial_support_mismatch,17,calibration,iid,constant_a022,0.11949838962962965
-0.0015024618111569151,-0.008980342596737505,0.005261916789231852,-0.012078,inf,2.0,1.0048309178743962,0.9814814814814815,0.01687215740740741,0.16973874074074072,108,30,1,monthly_beme_op,monthly size/profit/invest,adversarial_support_mismatch,17,calibration,iid,constant_a023,0.11949838962962965
0.031722465782674944,-0.0008375798717215953,0.06226753117667066,0.127691,0.127691,13.000000000000014,1.0048309178743962,0.8796296296296295,0.020826731481481484,0.17694474074074074,108,0,3,monthly_beme_op,monthly size/profit/invest,adversarial_support_mismatch,17,calibration,iid,constant_a024,0.11949838962962965
0.0007208048888888888,0.0007208048888888885,0.0007208048888888891,,inf,0.0,0.0,1.0,0.008471041851851852,0.11949838962962965,108,200,0,monthly_beme_op,monthly size/profit/invest,adversarial_support_mismatch,17,calibration,iid,constant_equal_weight_public,0.11949838962962965
0.009994019773563198,-0.010094228582442551,0.031110823858457374,,inf,0.0,0.0,1.0,0.010304194444444444,0.15110244444444446,108,200,0,monthly_beme_op,monthly size/profit/invest,adversarial_support_mismatch,17,calibration,iid,momentum_12,0.11949838962962965
0.0012682048173302842,-0.004629902141134125,0.0094259452134816,0.075818,0.075818,3.0,1.0048309178743962,0.9722222222222222,0.009455527777777776,0.09748044444444444,108,3,1,monthly_beme_op,monthly size/profit/invest,adversarial_support_mismatch,17,calibration,iid,low_vol_12,0.11949838962962965
-0.002067839568878,-0.0167436149446409,0.01130581570447201,,inf,0.0,0.0,1.0,0.009305453703703703,0.14096814814814815,108,200,0,monthly_beme_op,monthly size/profit/invest,adversarial_support_mismatch,17,calibration,iid,risk_adjusted_12,0.11949838962962965
0.11429409113134037,0.10092400657099639,0.12848626620302087,0.028991,0.028991,7.000000000000002,1.0048309178743962,0.9351851851851851,0.019642879629629628,0.13318522222222223,108,0,2,monthly_beme_op,monthly size/profit/invest,adversarial_support_mismatch,17,calibration,iid,ridge_return_train_only,0.11949838962962965
0.01237579102783536,0.0014643609380977918,0.02449996097031431,,inf,0.0,0.0,1.0,0.009011361111111112,0.15419533333333332,108,200,0,monthly_beme_op,monthly size/profit/invest,adversarial_support_mismatch,17,calibration,block,constant_a000,0.11949838962962965
-0.02667559402481395,-0.048338469956401856,-0.005876754355993708,0.047503000000000004,0.047503000000000004,17.000000000000018,1.0048309178743962,0.8425925925925924,0.005691944444444445,0.1491787037037037,108,0,3,monthly_beme_op,monthly size/profit/invest,adversarial_support_mismatch,17,calibration,block,constant_a001,0.11949838962962965
0.03756174077995711,0.027589541641052658,0.05087613947799728,-0.041722999999999996,inf,1.0,1.0048309178743962,0.9907407407407407,0.009587805555555553,0.13425677777777775,108,70,0,monthly_beme_op,monthly size/profit/invest,adversarial_support_mismatch,17,calibration,block,constant_a002,0.11949838962962965
0.0002219934772668529,-0.0006057815299178947,0.000997527550911513,0.032718,0.032718,7.000000000000002,1.0048309178743962,0.9351851851851851,0.007711083333333333,0.09189985185185184,108,6,2,monthly_beme_op,monthly size/profit/invest,adversarial_support_mismatch,17,calibration,block,constant_a003,0.11949838962962965
0.0008912129113138898,-0.0015117994730681297,0.0030599114784199107,0.075818,inf,3.0,1.0048309178743962,0.9722222222222222,0.008999,0.09132614814814814,108,15,1,monthly_beme_op,monthly size/profit/invest,adversarial_support_mismatch,17,calibration,block,constant_a004,0.11949838962962965
0.0013998584129142593,0.0007208048888888882,0.00275796546096499,-0.073706,inf,1.0,1.0048309178743962,0.9907407407407407,0.007037601851851851,0.14897285185185186,108,74,0,monthly_beme_op,monthly size/profit/invest,adversarial_support_mismatch,17,calibration,block,constant_a005,0.11949838962962965
0.023702227579241977,0.0004063258246041715,0.0477801909605408,-0.015137000000000003,inf,3.0,1.0048309178743962,0.9722222222222222,0.008633907407407406,0.12433974074074074,108,46,1,monthly_beme_op,monthly size/profit/invest,adversarial_support_mismatch,17,calibration,block,constant_a006,0.11949838962962965
0.0007208048888888888,0.0007208048888888882,0.0007208048888888893,,inf,0.0,0.0,1.0,0.008959064814814816,0.10838277777777777,108,200,0,monthly_beme_op,monthly size/profit/invest,adversarial_support_mismatch,17,calibration,block,constant_a007,0.11949838962962965
0.0007208048888888888,0.0007208048888888882,0.0007208048888888893,,inf,0.0,0.0,1.0,0.008833333333333334,0.10437133333333333,108,200,0,monthly_beme_op,monthly size/profit/invest,adversarial_support_mismatch,17,calibration,block,constant_a008,0.11949838962962965
0.0007208048888888888,0.0007208048888888882,0.0007208048888888893,,inf,0.0,0.0,1.0,0.008357185185185186,0.10816214814814815,108,200,0,monthly_beme_op,monthly size/profit/invest,adversarial_support_mismatch,17,calibration,block,constant_a009,0.11949838962962965
0.0011291810630404955,-0.0004534146979980523,0.0028700676587980352,0.046395,0.046395,3.0,1.0048309178743962,0.9722222222222222,0.006952916666666668,0.1526792962962963,108,8,1,monthly_beme_op,monthly size/profit/invest,adversarial_support_mismatch,17,calibration,block,constant_a010,0.11949838962962965
0.0013947784343850045,0.0007208048888888885,0.0027427255253772275,-0.07316,inf,1.0,1.0048309178743962,0.9907407407407407,0.008470018518518517,0.11324855555555556,108,70,0,monthly_beme_op,monthly size/profit/invest,adversarial_support_mismatch,17,calibration,block,constant_a011,0.11949838962962965
0.0007208048888888888,0.0007208048888888882,0.0007208048888888893,,inf,0.0,0.0,1.0,0.007643851851851852,0.12476462962962963,108,200,0,monthly_beme_op,monthly size/profit/invest,adversarial_support_mismatch,17,calibration,block,constant_a012,0.11949838962962965
0.0018835912325401106,0.0005352758400031807,0.003367791631339336,0.01922,0.01922,6.000000000000001,1.0048309178743962,0.9444444444444444,0.008225361111111112,0.10516055555555555,108,1,2,monthly_beme_op,monthly size/profit/invest,adversarial_support_mismatch,17,calibration,block,constant_a013,0.11949838962962965
0.0007208048888888888,0.0007208048888888882,0.0007208048888888893,,inf,0.0,0.0,1.0,0.01212915740740741,0.12042751851851852,108,200,0,monthly_beme_op,monthly size/profit/invest,adversarial_support_mismatch,17,calibration,block,constant_a014,0.11949838962962965
0.004148664158485904,-0.000878068066368463,0.009940789199085519,0.171106,0.171106,10.000000000000005,1.0048309178743962,0.9074074074074073,0.004571592592592592,0.18182740740740738,108,0,3,monthly_beme_op,monthly size/profit/invest,adversarial_support_mismatch,17,calibration,block,constant_a015,0.11949838962962965
-2.5012704725228536,-7.505884345728383,0.0013521232709488877,0.051247999999999995,inf,1.0003864734155208,5200.0,0.9907371622831896,0.005576574074074074,0.15014825925925926,108,26,0,monthly_beme_op,monthly size/profit/invest,adversarial_support_mismatch,17,calibration,block,constant_a016,0.11949838962962965
0.0004649841957018754,-4.6657190672154176e-05,0.0007208048888888893,0.026775000000000004,inf,1.0,1.0048309178743962,0.9907407407407407,0.007114703703703705,0.1573044814814815,108,82,0,monthly_beme_op,monthly size/profit/invest,adversarial_support_mismatch,17,calibration,block,constant_a017,0.11949838962962965
-0.0034450459603586467,-0.012473263159483898,0.0024891661212620045,0.276501,0.276501,11.000000000000009,1.0048309178743962,0.898148148148148,0.002282416666666666,0.17135685185185184,108,0,3,monthly_beme_op,monthly size/profit/invest,adversarial_support_mismatch,17,calibration,block,constant_a018,0.11949838962962965
-0.0005959665744219806,-0.0027446801204986026,0.000720804888888889,0.075916,inf,2.0,1.0048309178743962,0.9814814814814815,0.010592287037037039,0.19485992592592594,108,24,1,monthly_beme_op,monthly size/profit/invest,adversarial_support_mismatch,17,calibration,block,constant_a019,0.11949838962962965
0.0035972559310550435,0.0007208048888888887,0.008386670126065093,0.05585999999999999,inf,6.000000000000001,1.0048309178743962,0.9444444444444444,0.005733851851851852,0.16194114814814817,108,13,2,monthly_beme_op,monthly size/profit/invest,adversarial_support_mismatch,17,calibration,block,constant_a020,0.11949838962962965
-0.0011187380304168877,-0.006894536520578114,0.0033995978931790597,0.100661,0.100661,18.000000000000018,1.0048309178743962,0.8333333333333331,0.004910851851851851,0.14231881481481481,108,0,3,monthly_beme_op,monthly size/profit/invest,adversarial_support_mismatch,17,calibration,block,constant_a021,0.11949838962962965
0.000870172959344744,0.0007208048888888883,0.0011689091002564558,-0.016774999999999998,inf,1.0,1.0048309178743962,0.9907407407407407,0.0070512870370370365,0.17373688888888889,108,77,0,monthly_beme_op,monthly size/profit/invest,adversarial_support_mismatch,17,calibration,block,constant_a022,0.11949838962962965
-0.0015024618111569151,-0.014065503908873114,0.009918671288732542,-0.012078,inf,2.0,1.0048309178743962,0.9814814814814815,0.01687215740740741,0.16973874074074072,108,29,1,monthly_beme_op,monthly size/profit/invest,adversarial_support_mismatch,17,calibration,block,constant_a023,0.11949838962962965
0.031722465782674944,-0.018410324097170493,0.07519309443667452,0.127691,0.127691,13.000000000000014,1.0048309178743962,0.8796296296296295,0.020826731481481484,0.17694474074074074,108,0,3,monthly_beme_op,monthly size/profit/invest,adversarial_support_mismatch,17,calibration,block,constant_a024,0.11949838962962965
0.0007208048888888888,0.0007208048888888882,0.0007208048888888893,,inf,0.0,0.0,1.0,0.008471041851851852,0.11949838962962965,108,200,0,monthly_beme_op,monthly size/profit/invest,adversarial_support_mismatch,17,calibration,block,constant_equal_weight_public,0.11949838962962965
0.009994019773563198,-0.022107957064226063,0.04407992954941031,,inf,0.0,0.0,1.0,0.010304194444444444,0.15110244444444446,108,200,0,monthly_beme_op,monthly size/profit/invest,adversarial_support_mismatch,17,calibration,block,momentum_12,0.11949838962962965
0.0012682048173302842,-0.006942805396571967,0.013147400156493435,0.075818,inf,3.0,1.0048309178743962,0.9722222222222222,0.009455527777777776,0.09748044444444444,108,34,1,monthly_beme_op,monthly size/profit/invest,adversarial_support_mismatch,17,calibration,block,low_vol_12,0.11949838962962965
-0.002067839568878,-0.02525381212722204,0.01951860178711609,,inf,0.0,0.0,1.0,0.009305453703703703,0.14096814814814815,108,200,0,monthly_beme_op,monthly size/profit/invest,adversarial_support_mismatch,17,calibration,block,risk_adjusted_12,0.11949838962962965
0.11429409113134037,0.09123169814744668,0.13441475630446534,0.028991,0.028991,7.000000000000002,1.0048309178743962,0.9351851851851851,0.019642879629629628,0.13318522222222223,108,1,2,monthly_beme_op,monthly size/profit/invest,adversarial_support_mismatch,17,calibration,block,ridge_return_train_only,0.11949838962962965
-0.03787250890017246,-0.04606809576625982,-0.029521753388009983,0.18138599999999996,0.18138600000000002,17.000000000000018,1.0048309178743962,0.8749999999999999,0.011030007352941176,0.15709526470588234,136,0,3,monthly_beme_op,monthly size/profit/invest,adversarial_support_mismatch,17,test,iid,constant_a000,0.11949838962962965
0.019091941249891064,0.011741157428814448,0.025369174391193128,-0.055805999999999994,inf,1.0,1.0048309178743962,0.9926470588235294,0.023444860294117645,0.12699891176470587,136,72,0,monthly_beme_op,monthly size/profit/invest,adversarial_support_mismatch,17,test,iid,constant_a001,0.11949838962962965
-0.03457973708740386,-0.04567533075748868,-0.024717265920865202,0.100115,0.100115,6.000000000000001,1.0048309178743962,0.9558823529411764,0.013153823529411765,0.13322823529411765,136,0,2,monthly_beme_op,monthly size/profit/invest,adversarial_support_mismatch,17,test,iid,constant_a002,0.11949838962962965
0.0022701727105553914,0.000720804888888889,0.004542104286211365,0.006418,0.006418,5.0,1.0048309178743962,0.9632352941176471,0.015877375,0.11909723529411764,136,3,2,monthly_beme_op,monthly size/profit/invest,adversarial_support_mismatch,17,test,iid,constant_a003,0.11949838962962965
0.000720804888888888,0.0007208048888888885,0.000720804888888889,,inf,0.0,0.0,1.0,0.012729867647058824,0.08378829411764706,136,200,0,monthly_beme_op,monthly size/profit/invest,adversarial_support_mismatch,17,test,iid,constant_a004,0.11949838962962965
0.0008489177671687028,2.6055448246029365e-05,0.0017173652105396107,0.028075000000000003,0.028075000000000003,3.0,1.0048309178743962,0.9779411764705882,0.010292911764705884,0.1313721176470588,136,8,1,monthly_beme_op,monthly size/profit/invest,adversarial_support_mismatch,17,test,iid,constant_a005,0.11949838962962965
0.08788837301731976,0.0751602589500231,0.10108270804999635,0.101287,inf,2.0,1.0048309178743962,0.9852941176470589,0.007293139705882353,0.09094320588235294,136,23,1,monthly_beme_op,monthly size/profit/invest,adversarial_support_mismatch,17,test,iid,constant_a006,0.11949838962962965
0.000720804888888888,0.0007208048888888885,0.000720804888888889,,inf,0.0,0.0,1.0,0.011329838235294118,0.09501655882352941,136,200,0,monthly_beme_op,monthly size/profit/invest,adversarial_support_mismatch,17,test,iid,constant_a007,0.11949838962962965
0.000720804888888888,0.0007208048888888885,0.000720804888888889,,inf,0.0,0.0,1.0,0.011474867647058825,0.08307823529411763,136,200,0,monthly_beme_op,monthly size/profit/invest,adversarial_support_mismatch,17,test,iid,constant_a008,0.11949838962962965
0.000720804888888888,0.0007208048888888885,0.000720804888888889,,inf,0.0,0.0,1.0,0.010274257352941176,0.0984035294117647,136,200,0,monthly_beme_op,monthly size/profit/invest,adversarial_support_mismatch,17,test,iid,constant_a009,0.11949838962962965
-0.00019084904638312536,-0.0024930401214802184,0.002091597347952385,0.09850400000000001,0.09850400000000002,11.000000000000009,1.0048309178743962,0.9191176470588235,0.009373007352941174,0.11470952941176471,136,0,3,monthly_beme_op,monthly size/profit/invest,adversarial_support_mismatch,17,test,iid,constant_a010,0.11949838962962965
0.000841032835969813,0.0007208048888888885,0.0010423949327776193,-0.006012,inf,2.0,1.0048309178743962,0.9852941176470589,0.011024213235294116,0.1011819117647059,136,28,1,monthly_beme_op,monthly size/profit/invest,adversarial_support_mismatch,17,test,iid,constant_a011,0.11949838962962965
1.5584494885235067,0.00030062885732057716,6.22894434527047,-0.04053561520648393,0.034246,1.002706881600106,5200.0,0.9926271552823521,0.008815691176470589,0.10376441176470588,136,0,0,monthly_beme_op,monthly size/profit/invest,adversarial_support_mismatch,17,test,iid,constant_a012,0.11949838962962965
0.001158219536737078,0.0007208048888888885,0.0018492593829054966,-0.025596000000000004,inf,2.0,1.0048309178743962,0.9852941176470589,0.009981808823529413,0.11502073529411763,136,30,1,monthly_beme_op,monthly size/profit/invest,adversarial_support_mismatch,17,test,iid,constant_a013,0.11949838962962965
0.0026535319242208953,0.0011619502009724981,0.004350464225550189,0.008024,0.008024,6.000000000000001,1.0048309178743962,0.9558823529411764,0.005425272058823529,0.15093029411764705,136,0,2,monthly_beme_op,monthly size/profit/invest,adversarial_support_mismatch,17,test,iid,constant_a014,0.11949838962962965
0.0009152115592182108,0.0007208048888888885,0.0013040248998768592,-0.027033,inf,1.0,1.0048309178743962,0.9926470588235294,0.01077013970588235,0.10116476470588236,136,76,0,monthly_beme_op,monthly size/profit/invest,adversarial_support_mismatch,17,test,iid,constant_a015,0.11949838962962965
0.001654300019449975,-0.0004104335696378377,0.004552012913138206,0.07685399999999999,0.07685399999999999,5.0,1.0048309178743962,0.9632352941176471,0.008198404411764707,0.11871282352941175,136,3,2,monthly_beme_op,monthly size/profit/invest,adversarial_support_mismatch,17,test,iid,constant_a016,0.11949838962962965
0.000720804888888888,0.0007208048888888885,0.000720804888888889,,inf,0.0,0.0,1.0,0.010214404411764706,0.12240526470588234,136,200,0,monthly_beme_op,monthly size/profit/invest,adversarial_support_mismatch,17,test,iid,constant_a017,0.11949838962962965
0.000720804888888888,0.0007208048888888885,0.000720804888888889,,inf,0.0,0.0,1.0,0.01078397794117647,0.1249915882352941,136,200,0,monthly_beme_op,monthly size/profit/invest,adversarial_support_mismatch,17,test,iid,constant_a018,0.11949838962962965
0.0013909925101196715,-0.0026075791906539116,0.005999377475204447,0.128325,0.128325,17.000000000000018,1.0048309178743962,0.8749999999999999,0.004148029411764705,0.16689767647058826,136,0,3,monthly_beme_op,monthly size/profit/invest,adversarial_support_mismatch,17,test,iid,constant_a019,0.11949838962962965
0.0017746299634365849,-0.004033668935960343,0.007326552593192512,0.32073,0.32073,6.000000000000001,1.0048309178743962,0.9558823529411764,0.01308618382352941,0.1459555588235294,136,0,2,monthly_beme_op,monthly size/profit/invest,adversarial_support_mismatch,17,test,iid,constant_a020,0.11949838962962965
0.000720804888888888,0.0007208048888888885,0.000720804888888889,,inf,0.0,0.0,1.0,0.011047073529411767,0.14904241176470587,136,200,0,monthly_beme_op,monthly size/profit/invest,adversarial_support_mismatch,17,test,iid,constant_a021,0.11949838962962965
0.0015076004717249271,-0.0014192109224400878,0.004064738409674466,0.10493400000000001,0.10493400000000001,9.000000000000004,1.0048309178743962,0.9338235294117647,0.01314758823529412,0.13828129411764706,136,0,2,monthly_beme_op,monthly size/profit/invest,adversarial_support_mismatch,17,test,iid,constant_a022,0.11949838962962965
-0.033316340764122404,-0.04219522899443154,-0.024962154623831646,0.046941,0.046941,9.000000000000004,1.0048309178743962,0.9338235294117647,0.014868257352941176,0.13557679411764706,136,0,2,monthly_beme_op,monthly size/profit/invest,adversarial_support_mismatch,17,test,iid,constant_a023,0.11949838962962965
0.14097122717789956,0.1191324446669584,0.16157647319316074,0.2520664615384615,0.252699,26.00000000000002,1.0048309178743962,0.8088235294117645,0.004658558823529411,0.22838226470588233,136,0,3,monthly_beme_op,monthly size/profit/invest,adversarial_support_mismatch,17,test,iid,constant_a024,0.11949838962962965
0.000720804888888888,0.0007208048888888885,0.000720804888888889,,inf,0.0,0.0,1.0,0.010897742352941178,0.10712653647058824,136,200,0,monthly_beme_op,monthly size/profit/invest,adversarial_support_mismatch,17,test,iid,constant_equal_weight_public,0.11949838962962965
0.0052962909706978445,-0.0038783562877482266,0.013544075286579521,,inf,0.0,0.0,1.0,0.016952595588235295,0.14063335294117646,136,200,0,monthly_beme_op,monthly size/profit/invest,adversarial_support_mismatch,17,test,iid,momentum_12,0.11949838962962965
1.55911904671966,-0.0009533804581611865,6.228885746289517,-0.04083110272253334,0.027767000000000003,1.0015463415739791,5200.0,0.9926356886648973,0.00962212588235294,0.0925010588235294,136,0,0,monthly_beme_op,monthly size/profit/invest,adversarial_support_mismatch,17,test,iid,low_vol_12,0.11949838962962965
0.01008027229748633,0.00319746553872745,0.015603507017128003,,inf,0.0,0.0,1.0,0.018501286764705884,0.10194055882352941,136,200,0,monthly_beme_op,monthly size/profit/invest,adversarial_support_mismatch,17,test,iid,risk_adjusted_12,0.11949838962962965
0.16127430822230493,0.145636406499991,0.17766571073139903,0.101287,0.10128700000000002,12.00000000000001,1.0048309178743962,0.9117647058823528,0.010389308823529411,0.1253,136,0,3,monthly_beme_op,monthly size/profit/invest,adversarial_support_mismatch,17,test,iid,ridge_return_train_only,0.11949838962962965
-0.03787250890017246,-0.0489629274411992,-0.0262879035601237,0.18138599999999996,0.18138600000000002,17.000000000000018,1.0048309178743962,0.8749999999999999,0.011030007352941176,0.15709526470588234,136,0,3,monthly_beme_op,monthly size/profit/invest,adversarial_support_mismatch,17,test,block,constant_a000,0.11949838962962965
0.019091941249891064,0.008614265244261204,0.028919576185800093,-0.055805999999999994,inf,1.0,1.0048309178743962,0.9926470588235294,0.023444860294117645,0.12699891176470587,136,78,0,monthly_beme_op,monthly size/profit/invest,adversarial_support_mismatch,17,test,block,constant_a001,0.11949838962962965
-0.03457973708740386,-0.05013664527938106,-0.021341448462444058,0.100115,0.100115,6.000000000000001,1.0048309178743962,0.9558823529411764,0.013153823529411765,0.13322823529411765,136,7,2,monthly_beme_op,monthly size/profit/invest,adversarial_support_mismatch,17,test,block,constant_a002,0.11949838962962965
0.0022701727105553914,0.0007208048888888885,0.00503698882926337,0.006418,inf,5.0,1.0048309178743962,0.9632352941176471,0.015877375,0.11909723529411764,136,11,2,monthly_beme_op,monthly size/profit/invest,adversarial_support_mismatch,17,test,block,constant_a003,0.11949838962962965
0.000720804888888888,0.0007208048888888885,0.000720804888888889,,inf,0.0,0.0,1.0,0.012729867647058824,0.08378829411764706,136,200,0,monthly_beme_op,monthly size/profit/invest,adversarial_support_mismatch,17,test,block,constant_a004,0.11949838962962965
0.0008489177671687028,8.253470379842754e-05,0.0018540648706071802,0.028075000000000003,inf,3.0,1.0048309178743962,0.9779411764705882,0.010292911764705884,0.1313721176470588,136,22,1,monthly_beme_op,monthly size/profit/invest,adversarial_support_mismatch,17,test,block,constant_a005,0.11949838962962965
0.08788837301731976,0.0673109577287877,0.11050216140129673,0.101287,inf,2.0,1.0048309178743962,0.9852941176470589,0.007293139705882353,0.09094320588235294,136,20,1,monthly_beme_op,monthly size/profit/invest,adversarial_support_mismatch,17,test,block,constant_a006,0.11949838962962965
0.000720804888888888,0.0007208048888888885,0.000720804888888889,,inf,0.0,0.0,1.0,0.011329838235294118,0.09501655882352941,136,200,0,monthly_beme_op,monthly size/profit/invest,adversarial_support_mismatch,17,test,block,constant_a007,0.11949838962962965
0.000720804888888888,0.0007208048888888885,0.000720804888888889,,inf,0.0,0.0,1.0,0.011474867647058825,0.08307823529411763,136,200,0,monthly_beme_op,monthly size/profit/invest,adversarial_support_mismatch,17,test,block,constant_a008,0.11949838962962965
0.000720804888888888,0.0007208048888888885,0.000720804888888889,,inf,0.0,0.0,1.0,0.010274257352941176,0.0984035294117647,136,200,0,monthly_beme_op,monthly size/profit/invest,adversarial_support_mismatch,17,test,block,constant_a009,0.11949838962962965
-0.00019084904638312536,-0.002800213292368414,0.002211393214208582,0.09850400000000001,0.09850400000000001,11.000000000000009,1.0048309178743962,0.9191176470588235,0.009373007352941174,0.11470952941176471,136,0,3,monthly_beme_op,monthly size/profit/invest,adversarial_support_mismatch,17,test,block,constant_a010,0.11949838962962965
0.000841032835969813,0.0007208048888888885,0.0010786158389883484,-0.006012,inf,2.0,1.0048309178743962,0.9852941176470589,0.011024213235294116,0.1011819117647059,136,59,1,monthly_beme_op,monthly size/profit/invest,adversarial_support_mismatch,17,test,block,constant_a011,0.11949838962962965
1.5584494885235067,0.0005074368373212084,4.672920243887605,-0.04053561520648393,0.034246,1.002706881600106,5200.0,0.9926271552823521,0.008815691176470589,0.10376441176470588,136,0,0,monthly_beme_op,monthly size/profit/invest,adversarial_support_mismatch,17,test,block,constant_a012,0.11949838962962965
0.001158219536737078,0.0007208048888888885,0.002218584175681222,-0.025596000000000004,inf,2.0,1.0048309178743962,0.9852941176470589,0.009981808823529413,0.11502073529411763,136,39,1,monthly_beme_op,monthly size/profit/invest,adversarial_support_mismatch,17,test,block,constant_a013,0.11949838962962965
0.0026535319242208953,0.0009972973790533927,0.00489466199890752,0.008024,0.008024,6.000000000000001,1.0048309178743962,0.9558823529411764,0.005425272058823529,0.15093029411764705,136,3,2,monthly_beme_op,monthly size/profit/invest,adversarial_support_mismatch,17,test,block,constant_a014,0.11949838962962965
0.0009152115592182108,0.0007208048888888885,0.0013088850666350936,-0.027033,inf,1.0,1.0048309178743962,0.9926470588235294,0.01077013970588235,0.10116476470588236,136,83,0,monthly_beme_op,monthly size/profit/invest,adversarial_support_mismatch,17,test,block,constant_a015,0.11949838962962965
0.001654300019449975,-8.21928773767799e-05,0.005085163191759024,0.07685399999999999,inf,5.0,1.0048309178743962,0.9632352941176471,0.008198404411764707,0.11871282352941175,136,13,2,monthly_beme_op,monthly size/profit/invest,adversarial_support_mismatch,17,test,block,constant_a016,0.11949838962962965
0.000720804888888888,0.0007208048888888885,0.000720804888888889,,inf,0.0,0.0,1.0,0.010214404411764706,0.12240526470588234,136,200,0,monthly_beme_op,monthly size/profit/invest,adversarial_support_mismatch,17,test,block,constant_a017,0.11949838962962965
0.000720804888888888,0.0007208048888888885,0.000720804888888889,,inf,0.0,0.0,1.0,0.01078397794117647,0.1249915882352941,136,200,0,monthly_beme_op,monthly size/profit/invest,adversarial_support_mismatch,17,test,block,constant_a018,0.11949838962962965
0.0013909925101196715,-0.0015911883837264392,0.0043281455075179194,0.128325,0.128325,17.000000000000018,1.0048309178743962,0.8749999999999999,0.004148029411764705,0.16689767647058826,136,0,3,monthly_beme_op,monthly size/profit/invest,adversarial_support_mismatch,17,test,block,constant_a019,0.11949838962962965
0.0017746299634365849,-0.0046954208989359375,0.006995998333731176,0.32073,0.32073,6.000000000000001,1.0048309178743962,0.9558823529411764,0.01308618382352941,0.1459555588235294,136,9,2,monthly_beme_op,monthly size/profit/invest,adversarial_support_mismatch,17,test,block,constant_a020,0.11949838962962965
0.000720804888888888,0.0007208048888888885,0.000720804888888889,,inf,0.0,0.0,1.0,0.011047073529411767,0.14904241176470587,136,200,0,monthly_beme_op,monthly size/profit/invest,adversarial_support_mismatch,17,test,block,constant_a021,0.11949838962962965
0.0015076004717249271,0.0001718513955290327,0.003007071054043131,0.10493400000000001,0.10493400000000001,9.000000000000004,1.0048309178743962,0.9338235294117647,0.01314758823529412,0.13828129411764706,136,4,2,monthly_beme_op,monthly size/profit/invest,adversarial_support_mismatch,17,test,block,constant_a022,0.11949838962962965
-0.033316340764122404,-0.045540005503166045,-0.018779284946868924,0.046941,0.046941,9.000000000000004,1.0048309178743962,0.9338235294117647,0.014868257352941176,0.13557679411764706,136,1,2,monthly_beme_op,monthly size/profit/invest,adversarial_support_mismatch,17,test,block,constant_a023,0.11949838962962965
0.14097122717789956,0.10777543774440485,0.1724404570063175,0.2520664615384615,0.252699,26.00000000000002,1.0048309178743962,0.8088235294117645,0.004658558823529411,0.22838226470588233,136,0,3,monthly_beme_op,monthly size/profit/invest,adversarial_support_mismatch,17,test,block,constant_a024,0.11949838962962965
0.000720804888888888,0.0007208048888888885,0.000720804888888889,,inf,0.0,0.0,1.0,0.010897742352941178,0.10712653647058824,136,200,0,monthly_beme_op,monthly size/profit/invest,adversarial_support_mismatch,17,test,block,constant_equal_weight_public,0.11949838962962965
0.0052962909706978445,-0.007544808511175812,0.017645455519819747,,inf,0.0,0.0,1.0,0.016952595588235295,0.14063335294117646,136,200,0,monthly_beme_op,monthly size/profit/invest,adversarial_support_mismatch,17,test,block,momentum_12,0.11949838962962965
1.55911904671966,-0.002003886955811299,4.679883202889924,-0.04083110272253334,0.027767000000000003,1.0015463415739791,5200.0,0.9926356886648973,0.00962212588235294,0.0925010588235294,136,2,0,monthly_beme_op,monthly size/profit/invest,adversarial_support_mismatch,17,test,block,low_vol_12,0.11949838962962965
0.01008027229748633,0.0011818301857652398,0.01866757833029611,,inf,0.0,0.0,1.0,0.018501286764705884,0.10194055882352941,136,200,0,monthly_beme_op,monthly size/profit/invest,adversarial_support_mismatch,17,test,block,risk_adjusted_12,0.11949838962962965
0.16127430822230493,0.13660350663301973,0.18785827160992905,0.101287,0.101287,12.00000000000001,1.0048309178743962,0.9117647058823528,0.010389308823529411,0.1253,136,0,3,monthly_beme_op,monthly size/profit/invest,adversarial_support_mismatch,17,test,block,ridge_return_train_only,0.11949838962962965
0.012847118890605485,0.0062298572618586815,0.01909527805865224,,inf,0.0,0.0,1.0,0.009011361111111112,0.15419533333333332,108,200,0,monthly_beme_op,monthly size/profit/invest,adversarial_support_mismatch,27,calibration,iid,constant_a000,0.11949838962962965
-0.03300371816387538,-0.047150257463553336,-0.01802593529482347,0.047503000000000004,0.047503000000000004,17.000000000000018,1.0048309178743962,0.8425925925925924,0.005691944444444445,0.1491787037037037,108,0,3,monthly_beme_op,monthly size/profit/invest,adversarial_support_mismatch,27,calibration,iid,constant_a001,0.11949838962962965
0.03756174077995711,0.02858822908826414,0.04581789573839585,-0.041722999999999996,inf,1.0,1.0048309178743962,0.9907407407407407,0.009587805555555553,0.13425677777777775,108,66,0,monthly_beme_op,monthly size/profit/invest,adversarial_support_mismatch,27,calibration,iid,constant_a002,0.11949838962962965
0.0005274406970040354,-0.0004916906240432597,0.0013041036840221866,0.032718,0.032718,7.000000000000002,1.0048309178743962,0.9351851851851851,0.007711083333333333,0.09189985185185184,108,0,2,monthly_beme_op,monthly size/profit/invest,adversarial_support_mismatch,27,calibration,iid,constant_a003,0.11949838962962965
0.0012088195610425237,-0.0011005448639589673,0.0033325995381006343,0.075818,0.075818,3.0,1.0048309178743962,0.9722222222222222,0.008999,0.09132614814814814,108,9,1,monthly_beme_op,monthly size/profit/invest,adversarial_support_mismatch,27,calibration,iid,constant_a004,0.11949838962962965
0.0017235447776386152,0.001047531111111111,0.0030755721106936235,-0.073706,inf,1.0,1.0048309178743962,0.9907407407407407,0.007037601851851851,0.14897285185185186,108,72,0,monthly_beme_op,monthly size/profit/invest,adversarial_support_mismatch,27,calibration,iid,constant_a005,0.11949838962962965
0.02967655130253323,0.01885383083077536,0.04071982167727183,-0.015137000000000003,inf,3.0,1.0048309178743962,0.9722222222222222,0.008633907407407406,0.12433974074074074,108,11,1,monthly_beme_op,monthly size/profit/invest,adversarial_support_mismatch,27,calibration,iid,constant_a006,0.11949838962962965
0.001047531111111111,0.001047531111111111,0.001047531111111111,,inf,0.0,0.0,1.0,0.008959064814814816,0.10838277777777777,108,200,0,monthly_beme_op,monthly size/profit/invest,adversarial_support_mismatch,27,calibration,iid,constant_a007,0.11949838962962965
0.0006662021403153015,-0.00047778477207212626,0.001047531111111111,0.03993800000000001,inf,1.0,1.0048309178743962,0.9907407407407407,0.008833333333333334,0.10437133333333333,108,70,0,monthly_beme_op,monthly size/profit/invest,adversarial_support_mismatch,27,calibration,iid,constant_a008,0.11949838962962965
0.001047531111111111,0.001047531111111111,0.001047531111111111,,inf,0.0,0.0,1.0,0.008357185185185186,0.10816214814814815,108,200,0,monthly_beme_op,monthly size/profit/invest,adversarial_support_mismatch,27,calibration,iid,constant_a009,0.11949838962962965
0.0014467877127691295,0.00016472144291365958,0.0027300359454881613,0.046395,inf,3.0,1.0048309178743962,0.9722222222222222,0.006952916666666668,0.1526792962962963,108,12,1,monthly_beme_op,monthly size/profit/invest,adversarial_support_mismatch,27,calibration,iid,constant_a010,0.11949838962962965
0.0017184647991093612,0.001047531111111111,0.0030771055173058224,-0.07316,inf,1.0,1.0048309178743962,0.9907407407407407,0.008470018518518517,0.11324855555555556,108,70,0,monthly_beme_op,monthly size/profit/invest,adversarial_support_mismatch,27,calibration,iid,constant_a011,0.11949838962962965
0.001047531111111111,0.001047531111111111,0.001047531111111111,,inf,0.0,0.0,1.0,0.007643851851851852,0.12476462962962963,108,200,0,monthly_beme_op,monthly size/profit/invest,adversarial_support_mismatch,27,calibration,iid,constant_a012,0.11949838962962965
0.002192078309775153,0.00096484052420429,0.003748942722490607,0.01922,0.01922,6.000000000000001,1.0048309178743962,0.9444444444444444,0.008225361111111112,0.10516055555555555,108,0,2,monthly_beme_op,monthly size/profit/invest,adversarial_support_mismatch,27,calibration,iid,constant_a013,0.11949838962962965
0.001047531111111111,0.001047531111111111,0.001047531111111111,,inf,0.0,0.0,1.0,0.01212915740740741,0.12042751851851852,108,200,0,monthly_beme_op,monthly size/profit/invest,adversarial_support_mismatch,27,calibration,iid,constant_a014,0.11949838962962965
0.004444991805729508,-0.0006617245588755697,0.009019693766286953,0.171106,0.171106,10.000000000000005,1.0048309178743962,0.9074074074074073,0.004571592592592592,0.18182740740740738,108,0,3,monthly_beme_op,monthly size/profit/invest,adversarial_support_mismatch,27,calibration,iid,constant_a015,0.11949838962962965
0.0012549307142999142,0.001047531111111111,0.0016749149107572422,-0.023339,inf,1.0,1.0048309178743962,0.9907407407407407,0.005576574074074074,0.15014825925925926,108,72,0,monthly_beme_op,monthly size/profit/invest,adversarial_support_mismatch,27,calibration,iid,constant_a016,0.11949838962962965
0.0007886705604262337,0.00027094945905647966,0.001047531111111111,0.026775000000000004,inf,1.0,1.0048309178743962,0.9907407407407407,0.007114703703703705,0.1573044814814815,108,69,0,monthly_beme_op,monthly size/profit/invest,adversarial_support_mismatch,27,calibration,iid,constant_a017,0.11949838962962965
-0.003151758170612911,-0.010272027042683048,0.0018944250871354464,0.276501,0.276501,11.000000000000009,1.0048309178743962,0.898148148148148,0.002282416666666666,0.17135685185185184,108,0,3,monthly_beme_op,monthly size/profit/invest,adversarial_support_mismatch,27,calibration,iid,constant_a018,0.11949838962962965
-0.0002753200671954835,-0.0027024530911910305,0.001047531111111111,0.075916,inf,2.0,1.0048309178743962,0.9814814814814815,0.010592287037037039,0.19485992592592594,108,33,1,monthly_beme_op,monthly size/profit/invest,adversarial_support_mismatch,27,calibration,iid,constant_a019,0.11949838962962965
0.0039057430082900936,0.0007354264743046855,0.008833450800023858,0.05585999999999999,0.05586000000000001,6.000000000000001,1.0048309178743962,0.9444444444444444,0.005733851851851852,0.16194114814814817,108,0,2,monthly_beme_op,monthly size/profit/invest,adversarial_support_mismatch,27,calibration,iid,constant_a020,0.11949838962962965
-0.0008467292431562,-0.005664496798592473,0.0035768471909504787,0.100661,0.100661,18.000000000000018,1.0048309178743962,0.8333333333333331,0.004910851851851851,0.14231881481481481,108,0,3,monthly_beme_op,monthly size/profit/invest,adversarial_support_mismatch,27,calibration,iid,constant_a021,0.11949838962962965
0.0011938593240691036,0.001047531111111111,0.0014901739553090402,-0.016774999999999998,inf,1.0,1.0048309178743962,0.9907407407407407,0.0070512870370370365,0.17373688888888889,108,70,0,monthly_beme_op,monthly size/profit/invest,adversarial_support_mismatch,27,calibration,iid,constant_a022,0.11949838962962965
-0.007486885272589053,-0.01380875207430182,-0.0007173194542382946,-0.012078,inf,2.0,1.0048309178743962,0.9814814814814815,0.01687215740740741,0.16973874074074072,108,25,1,monthly_beme_op,monthly size/profit/invest,adversarial_support_mismatch,27,calibration,iid,constant_a023,0.11949838962962965
0.043527100004004234,0.013834928458394635,0.07547026142819335,0.127691,0.127691,13.000000000000014,1.0048309178743962,0.8796296296296295,0.020826731481481484,0.17694474074074074,108,0,3,monthly_beme_op,monthly size/profit/invest,adversarial_support_mismatch,27,calibration,iid,constant_a024,0.11949838962962965
0.001047531111111111,0.001047531111111111,0.001047531111111111,,inf,0.0,0.0,1.0,0.008471041851851852,0.11949838962962965,108,200,0,monthly_beme_op,monthly size/profit/invest,adversarial_support_mismatch,27,calibration,iid,constant_equal_weight_public,0.11949838962962965
0.01410078466421731,-0.004347878693994454,0.03419422157917074,,inf,0.0,0.0,1.0,0.010304194444444444,0.15110244444444446,108,200,0,monthly_beme_op,monthly size/profit/invest,adversarial_support_mismatch,27,calibration,iid,momentum_12,0.11949838962962965
0.0024804023957810148,-0.0027731448611217594,0.007137285923687257,0.075818,0.075818,3.0,1.0048309178743962,0.9722222222222222,0.009455527777777776,0.09748044444444444,108,8,1,monthly_beme_op,monthly size/profit/invest,adversarial_support_mismatch,27,calibration,iid,low_vol_12,0.11949838962962965
0.0038536107418475525,-0.010448664827201254,0.019771590601220586,,inf,0.0,0.0,1.0,0.009305453703703703,0.14096814814814815,108,200,0,monthly_beme_op,monthly size/profit/invest,adversarial_support_mismatch,27,calibration,iid,risk_adjusted_12,0.11949838962962965
0.12384487672286545,0.10707088512141189,0.13895276398836223,0.028991,0.028991,4.0,1.0048309178743962,0.962962962962963,0.017951564814814813,0.13138974074074075,108,3,1,monthly_beme_op,monthly size/profit/invest,adversarial_support_mismatch,27,calibration,iid,ridge_return_train_only,0.11949838962962965
0.012847118890605485,0.001157086651247872,0.02195499732169634,,inf,0.0,0.0,1.0,0.009011361111111112,0.15419533333333332,108,200,0,monthly_beme_op,monthly size/profit/invest,adversarial_support_mismatch,27,calibration,block,constant_a000,0.11949838962962965
-0.03300371816387538,-0.05458911063853766,-0.01275105169127967,0.047503000000000004,0.047503000000000004,17.000000000000018,1.0048309178743962,0.8425925925925924,0.005691944444444445,0.1491787037037037,108,0,3,monthly_beme_op,monthly size/profit/invest,adversarial_support_mismatch,27,calibration,block,constant_a001,0.11949838962962965
0.03756174077995711,0.029452835430204168,0.04894735349161002,-0.041722999999999996,inf,1.0,1.0048309178743962,0.9907407407407407,0.009587805555555553,0.13425677777777775,108,68,0,monthly_beme_op,monthly size/profit/invest,adversarial_support_mismatch,27,calibration,block,constant_a002,0.11949838962962965
0.0005274406970040354,-0.0006211015284785593,0.0012749969049919484,0.032718,0.032718,7.000000000000002,1.0048309178743962,0.9351851851851851,0.007711083333333333,0.09189985185185184,108,2,2,monthly_beme_op,monthly size/profit/invest,adversarial_support_mismatch,27,calibration,block,constant_a003,0.11949838962962965
0.0012088195610425237,-0.0005371623853998928,0.0031114906390330224,0.075818,inf,3.0,1.0048309178743962,0.9722222222222222,0.008999,0.09132614814814814,108,15,1,monthly_beme_op,monthly size/profit/invest,adversarial_support_mismatch,27,calibration,block,constant_a004,0.11949838962962965
0.0017235447776386152,0.001047531111111111,0.003092472452356815,-0.073706,inf,1.0,1.0048309178743962,0.9907407407407407,0.007037601851851851,0.14897285185185186,108,71,0,monthly_beme_op,monthly size/profit/invest,adversarial_support_mismatch,27,calibration,block,constant_a005,0.11949838962962965
0.02967655130253323,0.011644794688681352,0.04787114498481022,-0.015137000000000003,inf,3.0,1.0048309178743962,0.9722222222222222,0.008633907407407406,0.12433974074074074,108,40,1,monthly_beme_op,monthly size/profit/invest,adversarial_support_mismatch,27,calibration,block,constant_a006,0.11949838962962965
0.001047531111111111,0.001047531111111111,0.001047531111111111,,inf,0.0,0.0,1.0,0.008959064814814816,0.10838277777777777,108,200,0,monthly_beme_op,monthly size/profit/invest,adversarial_support_mismatch,27,calibration,block,constant_a007,0.11949838962962965
0.0006662021403153015,-9.645580127631696e-05,0.001047531111111111,0.03993800000000001,inf,1.0,1.0048309178743962,0.9907407407407407,0.008833333333333334,0.10437133333333333,108,83,0,monthly_beme_op,monthly size/profit/invest,adversarial_support_mismatch,27,calibration,block,constant_a008,0.11949838962962965
0.001047531111111111,0.001047531111111111,0.001047531111111111,,inf,0.0,0.0,1.0,0.008357185185185186,0.10816214814814815,108,200,0,monthly_beme_op,monthly size/profit/invest,adversarial_support_mismatch,27,calibration,block,constant_a009,0.11949838962962965
0.0014467877127691295,0.00016472144291365958,0.0030405934709051507,0.046395,0.046395,3.0,1.0048309178743962,0.9722222222222222,0.006952916666666668,0.1526792962962963,108,8,1,monthly_beme_op,monthly size/profit/invest,adversarial_support_mismatch,27,calibration,block,constant_a010,0.11949838962962965
0.0017184647991093612,0.001047531111111111,0.0030771055173058224,-0.07316,inf,1.0,1.0048309178743962,0.9907407407407407,0.008470018518518517,0.11324855555555556,108,70,0,monthly_beme_op,monthly size/profit/invest,adversarial_support_mismatch,27,calibration,block,constant_a011,0.11949838962962965
0.001047531111111111,0.001047531111111111,0.001047531111111111,,inf,0.0,0.0,1.0,0.007643851851851852,0.12476462962962963,108,200,0,monthly_beme_op,monthly size/profit/invest,adversarial_support_mismatch,27,calibration,block,constant_a012,0.11949838962962965
0.002192078309775153,0.0008589622047275399,0.004082477017156717,0.01922,0.01922,6.000000000000001,1.0048309178743962,0.9444444444444444,0.008225361111111112,0.10516055555555555,108,1,2,monthly_beme_op,monthly size/profit/invest,adversarial_support_mismatch,27,calibration,block,constant_a013,0.11949838962962965
0.001047531111111111,0.001047531111111111,0.001047531111111111,,inf,0.0,0.0,1.0,0.01212915740740741,0.12042751851851852,108,200,0,monthly_beme_op,monthly size/profit/invest,adversarial_support_mismatch,27,calibration,block,constant_a014,0.11949838962962965
0.004444991805729508,-8.686042066758167e-05,0.011298659582195187,0.171106,0.171106,10.000000000000005,1.0048309178743962,0.9074074074074073,0.004571592592592592,0.18182740740740738,108,2,3,monthly_beme_op,monthly size/profit/invest,adversarial_support_mismatch,27,calibration,block,constant_a015,0.11949838962962965
0.0012549307142999142,0.001047531111111111,0.001669729920677521,-0.023339,inf,1.0,1.0048309178743962,0.9907407407407407,0.005576574074074074,0.15014825925925926,108,63,0,monthly_beme_op,monthly size/profit/invest,adversarial_support_mismatch,27,calibration,block,constant_a016,0.11949838962962965
0.0007886705604262337,0.00027094945905647966,0.001047531111111111,0.026775000000000004,inf,1.0,1.0048309178743962,0.9907407407407407,0.007114703703703705,0.1573044814814815,108,70,0,monthly_beme_op,monthly size/profit/invest,adversarial_support_mismatch,27,calibration,block,constant_a017,0.11949838962962965
-0.003151758170612911,-0.010189346854535694,0.002905668115902269,0.276501,0.276501,11.000000000000009,1.0048309178743962,0.898148148148148,0.002282416666666666,0.17135685185185184,108,0,3,monthly_beme_op,monthly size/profit/invest,adversarial_support_mismatch,27,calibration,block,constant_a018,0.11949838962962965
-0.0002753200671954835,-0.002316971284467506,0.001047531111111111,0.075916,inf,2.0,1.0048309178743962,0.9814814814814815,0.010592287037037039,0.19485992592592594,108,28,1,monthly_beme_op,monthly size/profit/invest,adversarial_support_mismatch,27,calibration,block,constant_a019,0.11949838962962965
0.0039057430082900936,0.001047531111111111,0.009077039557742389,0.05585999999999999,inf,6.000000000000001,1.0048309178743962,0.9444444444444444,0.005733851851851852,0.16194114814814817,108,15,2,monthly_beme_op,monthly size/profit/invest,adversarial_support_mismatch,27,calibration,block,constant_a020,0.11949838962962965
-0.0008467292431562,-0.006608857289039979,0.00435351443299338,0.100661,0.100661,18.000000000000018,1.0048309178743962,0.8333333333333331,0.004910851851851851,0.14231881481481481,108,0,3,monthly_beme_op,monthly size/profit/invest,adversarial_support_mismatch,27,calibration,block,constant_a021,0.11949838962962965
0.0011938593240691036,0.001047531111111111,0.0014865157499850895,-0.016774999999999998,inf,1.0,1.0048309178743962,0.9907407407407407,0.0070512870370370365,0.17373688888888889,108,64,0,monthly_beme_op,monthly size/profit/invest,adversarial_support_mismatch,27,calibration,block,constant_a022,0.11949838962962965
-0.007486885272589053,-0.017647445615892588,0.002553170305635571,-0.012078,inf,2.0,1.0048309178743962,0.9814814814814815,0.01687215740740741,0.16973874074074072,108,27,1,monthly_beme_op,monthly size/profit/invest,adversarial_support_mismatch,27,calibration,block,constant_a023,0.11949838962962965
0.043527100004004234,-0.011673924480877715,0.09866469233069934,0.127691,0.127691,13.000000000000014,1.0048309178743962,0.8796296296296295,0.020826731481481484,0.17694474074074074,108,0,3,monthly_beme_op,monthly size/profit/invest,adversarial_support_mismatch,27,calibration,block,constant_a024,0.11949838962962965
0.001047531111111111,0.001047531111111111,0.001047531111111111,,inf,0.0,0.0,1.0,0.008471041851851852,0.11949838962962965,108,200,0,monthly_beme_op,monthly size/profit/invest,adversarial_support_mismatch,27,calibration,block,constant_equal_weight_public,0.11949838962962965
0.01410078466421731,-0.015512124943905175,0.043127911403835616,,inf,0.0,0.0,1.0,0.010304194444444444,0.15110244444444446,108,200,0,monthly_beme_op,monthly size/profit/invest,adversarial_support_mismatch,27,calibration,block,momentum_12,0.11949838962962965
0.0024804023957810148,-0.0038211667721133684,0.010088640748331604,0.075818,inf,3.0,1.0048309178743962,0.9722222222222222,0.009455527777777776,0.09748044444444444,108,28,1,monthly_beme_op,monthly size/profit/invest,adversarial_support_mismatch,27,calibration,block,low_vol_12,0.11949838962962965
0.0038536107418475525,-0.018872411374966036,0.028212503899641972,,inf,0.0,0.0,1.0,0.009305453703703703,0.14096814814814815,108,200,0,monthly_beme_op,monthly size/profit/invest,adversarial_support_mismatch,27,calibration,block,risk_adjusted_12,0.11949838962962965
0.12384487672286545,0.09683269686677377,0.14852629197368786,0.028991,0.028991,4.0,1.0048309178743962,0.962962962962963,0.017951564814814813,0.13138974074074075,108,4,1,monthly_beme_op,monthly size/profit/invest,adversarial_support_mismatch,27,calibration,block,ridge_return_train_only,0.11949838962962965
-0.037708835882730114,-0.04599440292829433,-0.028970298562682135,0.177369,0.177369,16.000000000000018,1.0048309178743962,0.8823529411764705,0.011030007352941176,0.15709526470588234,136,0,3,monthly_beme_op,monthly size/profit/invest,adversarial_support_mismatch,27,test,iid,constant_a000,0.11949838962962965
0.005295685618953897,-0.000954021932021571,0.012406602938542535,-0.055805999999999994,inf,1.0,1.0048309178743962,0.9926470588235294,0.023444860294117645,0.12699891176470587,136,75,0,monthly_beme_op,monthly size/profit/invest,adversarial_support_mismatch,27,test,iid,constant_a001,0.11949838962962965
2.0679034923829396,-0.0424581763209511,6.27711506717163,0.06635762188766657,0.100115,1.0023199602727813,5200.0,0.9926300002921119,0.013153823529411765,0.13322823529411765,136,1,0,monthly_beme_op,monthly size/profit/invest,adversarial_support_mismatch,27,test,iid,constant_a002,0.11949838962962965
-6.66337665474977,-19.996457077154204,0.003759498969183167,0.173293,0.173293,1.0019331135974023,5200.0,0.9926328447529603,0.015877375,0.11909723529411764,136,0,0,monthly_beme_op,monthly size/profit/invest,adversarial_support_mismatch,27,test,iid,constant_a003,0.11949838962962965
0.001047531111111111,0.001047531111111111,0.001047531111111111,,inf,0.0,0.0,1.0,0.012729867647058824,0.08378829411764706,136,200,0,monthly_beme_op,monthly size/profit/invest,adversarial_support_mismatch,27,test,iid,constant_a004,0.11949838962962965
0.0011684019759401344,0.0005557325528085628,0.0022312248274130916,0.028075000000000003,inf,3.0,1.0048309178743962,0.9779411764705882,0.010292911764705884,0.1313721176470588,136,11,1,monthly_beme_op,monthly size/profit/invest,adversarial_support_mismatch,27,test,iid,constant_a005,0.11949838962962965
0.0950330044985835,0.08490774161894521,0.10867566486941461,0.101287,inf,2.0,1.0048309178743962,0.9852941176470589,0.007293139705882353,0.09094320588235294,136,21,1,monthly_beme_op,monthly size/profit/invest,adversarial_support_mismatch,27,test,iid,constant_a006,0.11949838962962965
0.001047531111111111,0.001047531111111111,0.001047531111111111,,inf,0.0,0.0,1.0,0.011329838235294118,0.09501655882352941,136,200,0,monthly_beme_op,monthly size/profit/invest,adversarial_support_mismatch,27,test,iid,constant_a007,0.11949838962962965
0.001047531111111111,0.001047531111111111,0.001047531111111111,,inf,0.0,0.0,1.0,0.011474867647058825,0.08307823529411763,136,200,0,monthly_beme_op,monthly size/profit/invest,adversarial_support_mismatch,27,test,iid,constant_a008,0.11949838962962965
0.001047531111111111,0.001047531111111111,0.001047531111111111,,inf,0.0,0.0,1.0,0.010274257352941176,0.0984035294117647,136,200,0,monthly_beme_op,monthly size/profit/invest,adversarial_support_mismatch,27,test,iid,constant_a009,0.11949838962962965
0.0001093231265195286,-0.0018815218707019044,0.0025912426722238006,0.09850400000000001,0.09850400000000001,11.000000000000009,1.0048309178743962,0.9191176470588235,0.009373007352941174,0.11470952941176471,136,0,3,monthly_beme_op,monthly size/profit/invest,adversarial_support_mismatch,27,test,iid,constant_a010,0.11949838962962965
0.0011629310492248426,0.001047531111111111,0.0013214223485207286,-0.006012,inf,2.0,1.0048309178743962,0.9852941176470589,0.011024213235294116,0.1011819117647059,136,30,1,monthly_beme_op,monthly size/profit/invest,adversarial_support_mismatch,27,test,iid,constant_a011,0.11949838962962965
0.0018871507012724576,0.0004553238209718668,0.003691760983076,0.034246,0.034246,7.000000000000002,1.0048309178743962,0.9485294117647058,0.008815691176470589,0.10376441176470588,136,0,2,monthly_beme_op,monthly size/profit/invest,adversarial_support_mismatch,27,test,iid,constant_a012,0.11949838962962965
0.0014801177499921062,0.001047531111111111,0.002095825727637271,-0.025596000000000004,inf,2.0,1.0048309178743962,0.9852941176470589,0.009981808823529413,0.11502073529411763,136,36,1,monthly_beme_op,monthly size/profit/invest,adversarial_support_mismatch,27,test,iid,constant_a013,0.11949838962962965
0.002965774119541536,0.0012545849281677243,0.004920369377979855,0.008024,0.008024,6.000000000000001,1.0048309178743962,0.9558823529411764,0.005425272058823529,0.15093029411764705,136,0,2,monthly_beme_op,monthly size/profit/invest,adversarial_support_mismatch,27,test,iid,constant_a014,0.11949838962962965
0.0012395237769568372,0.001047531111111111,0.0016235091086482902,-0.027033,inf,1.0,1.0048309178743962,0.9926470588235294,0.01077013970588235,0.10116476470588236,136,75,0,monthly_beme_op,monthly size/profit/invest,adversarial_support_mismatch,27,test,iid,constant_a015,0.11949838962962965
0.0019689562192542072,0.000172858355593445,0.0046684855212655125,0.07685399999999999,0.07685399999999999,5.0,1.0048309178743962,0.9632352941176471,0.008198404411764707,0.11871282352941175,136,0,2,monthly_beme_op,monthly size/profit/invest,adversarial_support_mismatch,27,test,iid,constant_a016,0.11949838962962965
0.001047531111111111,0.001047531111111111,0.001047531111111111,,inf,0.0,0.0,1.0,0.010214404411764706,0.12240526470588234,136,200,0,monthly_beme_op,monthly size/profit/invest,adversarial_support_mismatch,27,test,iid,constant_a017,0.11949838962962965
0.001047531111111111,0.001047531111111111,0.001047531111111111,,inf,0.0,0.0,1.0,0.01078397794117647,0.1249915882352941,136,200,0,monthly_beme_op,monthly size/profit/invest,adversarial_support_mismatch,27,test,iid,constant_a018,0.11949838962962965
0.0016766806561207407,-0.0021183110407944176,0.0056074521856272356,0.128325,0.128325,17.000000000000018,1.0048309178743962,0.8749999999999999,0.004148029411764705,0.16689767647058826,136,0,3,monthly_beme_op,monthly size/profit/invest,adversarial_support_mismatch,27,test,iid,constant_a019,0.11949838962962965
0.0030520157197436136,-0.004528776788607876,0.008916487894319725,0.32073,0.32073,7.000000000000002,1.0048309178743962,0.9485294117647058,0.01308618382352941,0.1459555588235294,136,0,2,monthly_beme_op,monthly size/profit/invest,adversarial_support_mismatch,27,test,iid,constant_a020,0.11949838962962965
0.001047531111111111,0.001047531111111111,0.001047531111111111,,inf,0.0,0.0,1.0,0.011047073529411767,0.14904241176470587,136,200,0,monthly_beme_op,monthly size/profit/invest,adversarial_support_mismatch,27,test,iid,constant_a021,0.11949838962962965
0.0014852365754159953,-0.0015355888410217553,0.004584689159041395,0.104934,0.10493400000000001,8.000000000000002,1.0048309178743962,0.9411764705882353,0.01314758823529412,0.13828129411764706,136,0,2,monthly_beme_op,monthly size/profit/invest,adversarial_support_mismatch,27,test,iid,constant_a022,0.11949838962962965
-0.014218388770257172,-0.019325086182169694,-0.008886885325308116,0.046941,0.046941,9.000000000000004,1.0048309178743962,0.9338235294117647,0.014868257352941176,0.13557679411764706,136,0,2,monthly_beme_op,monthly size/profit/invest,adversarial_support_mismatch,27,test,iid,constant_a023,0.11949838962962965
0.17065668757353633,0.1471748462089289,0.19669407635958872,0.2520664615384615,0.252699,26.00000000000002,1.0048309178743962,0.8088235294117645,0.004658558823529411,0.22838226470588233,136,0,3,monthly_beme_op,monthly size/profit/invest,adversarial_support_mismatch,27,test,iid,constant_a024,0.11949838962962965
0.001047531111111111,0.001047531111111111,0.001047531111111111,,inf,0.0,0.0,1.0,0.010897742352941178,0.10712653647058824,136,200,0,monthly_beme_op,monthly size/profit/invest,adversarial_support_mismatch,27,test,iid,constant_equal_weight_public,0.11949838962962965
0.003300873963845366,-0.004628101513418139,0.010973673025697416,,inf,0.0,0.0,1.0,0.016952595588235295,0.14063335294117646,136,200,0,monthly_beme_op,monthly size/profit/invest,adversarial_support_mismatch,27,test,iid,momentum_12,0.11949838962962965
0.0029440825368985094,-0.0004910329114815306,0.008155327087931697,0.027767000000000003,0.027767000000000003,4.0,1.0048309178743962,0.9705882352941176,0.00962212588235294,0.0925010588235294,136,4,1,monthly_beme_op,monthly size/profit/invest,adversarial_support_mismatch,27,test,iid,low_vol_12,0.11949838962962965
0.008309271169439195,0.0028136246904036564,0.014560510112238552,,inf,0.0,0.0,1.0,0.018501286764705884,0.10194055882352941,136,200,0,monthly_beme_op,monthly size/profit/invest,adversarial_support_mismatch,27,test,iid,risk_adjusted_12,0.11949838962962965
0.19528867177560946,0.1769831574567143,0.21881556028653343,0.100314,0.100314,11.000000000000009,1.0048309178743962,0.9191176470588235,0.007906764705882353,0.1368699705882353,136,0,3,monthly_beme_op,monthly size/profit/invest,adversarial_support_mismatch,27,test,iid,ridge_return_train_only,0.11949838962962965
-0.037708835882730114,-0.05097554380427578,-0.026648874156888793,0.177369,0.177369,16.000000000000018,1.0048309178743962,0.8823529411764705,0.011030007352941176,0.15709526470588234,136,0,3,monthly_beme_op,monthly size/profit/invest,adversarial_support_mismatch,27,test,block,constant_a000,0.11949838962962965
0.005295685618953897,-0.0033039044823895934,0.014154077667288666,-0.055805999999999994,inf,1.0,1.0048309178743962,0.9926470588235294,0.023444860294117645,0.12699891176470587,136,75,0,monthly_beme_op,monthly size/profit/invest,adversarial_support_mismatch,27,test,block,constant_a001,0.11949838962962965
2.0679034923829396,-0.04246577509185728,6.270298960219589,0.06635762188766657,0.100115,1.0023199602727813,5200.0,0.9926300002921119,0.013153823529411765,0.13322823529411765,136,4,0,monthly_beme_op,monthly size/profit/invest,adversarial_support_mismatch,27,test,block,constant_a002,0.11949838962962965
-6.66337665474977,-20.163412741873277,0.003582975087114395,0.173293,0.173293,1.0019331135974023,5200.0,0.9926328447529603,0.015877375,0.11909723529411764,136,3,0,monthly_beme_op,monthly size/profit/invest,adversarial_support_mismatch,27,test,block,constant_a003,0.11949838962962965
0.001047531111111111,0.001047531111111111,0.001047531111111111,,inf,0.0,0.0,1.0,0.012729867647058824,0.08378829411764706,136,200,0,monthly_beme_op,monthly size/profit/invest,adversarial_support_mismatch,27,test,block,constant_a004,0.11949838962962965
0.0011684019759401344,0.00040058101963941743,0.001958020088187932,0.028075000000000003,inf,3.0,1.0048309178743962,0.9779411764705882,0.010292911764705884,0.1313721176470588,136,17,1,monthly_beme_op,monthly size/profit/invest,adversarial_support_mismatch,27,test,block,constant_a005,0.11949838962962965
0.0950330044985835,0.07779033310899407,0.11803474338152792,0.101287,inf,2.0,1.0048309178743962,0.9852941176470589,0.007293139705882353,0.09094320588235294,136,27,1,monthly_beme_op,monthly size/profit/invest,adversarial_support_mismatch,27,test,block,constant_a006,0.11949838962962965
0.001047531111111111,0.001047531111111111,0.001047531111111111,,inf,0.0,0.0,1.0,0.011329838235294118,0.09501655882352941,136,200,0,monthly_beme_op,monthly size/profit/invest,adversarial_support_mismatch,27,test,block,constant_a007,0.11949838962962965
0.001047531111111111,0.001047531111111111,0.001047531111111111,,inf,0.0,0.0,1.0,0.011474867647058825,0.08307823529411763,136,200,0,monthly_beme_op,monthly size/profit/invest,adversarial_support_mismatch,27,test,block,constant_a008,0.11949838962962965
0.001047531111111111,0.001047531111111111,0.001047531111111111,,inf,0.0,0.0,1.0,0.010274257352941176,0.0984035294117647,136,200,0,monthly_beme_op,monthly size/profit/invest,adversarial_support_mismatch,27,test,block,constant_a009,0.11949838962962965
0.0001093231265195286,-0.002693305630261122,0.0023065575936345555,0.09850400000000001,0.09850400000000001,11.000000000000009,1.0048309178743962,0.9191176470588235,0.009373007352941174,0.11470952941176471,136,2,3,monthly_beme_op,monthly size/profit/invest,adversarial_support_mismatch,27,test,block,constant_a010,0.11949838962962965
0.0011629310492248426,0.001047531111111111,0.0014304107183227557,-0.006012,inf,2.0,1.0048309178743962,0.9852941176470589,0.011024213235294116,0.1011819117647059,136,53,1,monthly_beme_op,monthly size/profit/invest,adversarial_support_mismatch,27,test,block,constant_a011,0.11949838962962965
0.0018871507012724576,0.0005325024308042056,0.0038588260534874186,0.034246,0.034246,7.000000000000002,1.0048309178743962,0.9485294117647058,0.008815691176470589,0.10376441176470588,136,1,2,monthly_beme_op,monthly size/profit/invest,adversarial_support_mismatch,27,test,block,constant_a012,0.11949838962962965
0.0014801177499921062,0.001047531111111111,0.0023452910277540965,-0.025596000000000004,inf,2.0,1.0048309178743962,0.9852941176470589,0.009981808823529413,0.11502073529411763,136,60,1,monthly_beme_op,monthly size/profit/invest,adversarial_support_mismatch,27,test,block,constant_a013,0.11949838962962965
0.002965774119541536,0.001047531111111111,0.004914789098323388,0.008024,0.008024,6.000000000000001,1.0048309178743962,0.9558823529411764,0.005425272058823529,0.15093029411764705,136,6,2,monthly_beme_op,monthly size/profit/invest,adversarial_support_mismatch,27,test,block,constant_a014,0.11949838962962965
0.0012395237769568372,0.001047531111111111,0.0016235091086482902,-0.027033,inf,1.0,1.0048309178743962,0.9926470588235294,0.01077013970588235,0.10116476470588236,136,70,0,monthly_beme_op,monthly size/profit/invest,adversarial_support_mismatch,27,test,block,constant_a015,0.11949838962962965
0.0019689562192542072,-3.530939986107168e-05,0.005256991961668404,0.07685399999999999,inf,5.0,1.0048309178743962,0.9632352941176471,0.008198404411764707,0.11871282352941175,136,19,2,monthly_beme_op,monthly size/profit/invest,adversarial_support_mismatch,27,test,block,constant_a016,0.11949838962962965
0.001047531111111111,0.001047531111111111,0.001047531111111111,,inf,0.0,0.0,1.0,0.010214404411764706,0.12240526470588234,136,200,0,monthly_beme_op,monthly size/profit/invest,adversarial_support_mismatch,27,test,block,constant_a017,0.11949838962962965
0.001047531111111111,0.001047531111111111,0.001047531111111111,,inf,0.0,0.0,1.0,0.01078397794117647,0.1249915882352941,136,200,0,monthly_beme_op,monthly size/profit/invest,adversarial_support_mismatch,27,test,block,constant_a018,0.11949838962962965
0.0016766806561207407,-0.0007501018361908371,0.004816729916074643,0.128325,0.128325,17.000000000000018,1.0048309178743962,0.8749999999999999,0.004148029411764705,0.16689767647058826,136,0,3,monthly_beme_op,monthly size/profit/invest,adversarial_support_mismatch,27,test,block,constant_a019,0.11949838962962965
0.0030520157197436136,-0.0017012547221432865,0.00959760659824445,0.32073,0.32073,7.000000000000002,1.0048309178743962,0.9485294117647058,0.01308618382352941,0.1459555588235294,136,3,2,monthly_beme_op,monthly size/profit/invest,adversarial_support_mismatch,27,test,block,constant_a020,0.11949838962962965
0.001047531111111111,0.001047531111111111,0.001047531111111111,,inf,0.0,0.0,1.0,0.011047073529411767,0.14904241176470587,136,200,0,monthly_beme_op,monthly size/profit/invest,adversarial_support_mismatch,27,test,block,constant_a021,0.11949838962962965
0.0014852365754159953,3.3125697957121534e-05,0.003151747905244545,0.104934,0.10493400000000001,8.000000000000002,1.0048309178743962,0.9411764705882353,0.01314758823529412,0.13828129411764706,136,1,2,monthly_beme_op,monthly size/profit/invest,adversarial_support_mismatch,27,test,block,constant_a022,0.11949838962962965
-0.014218388770257172,-0.02001934410653684,-0.007285002381504015,0.046941,0.046941,9.000000000000004,1.0048309178743962,0.9338235294117647,0.014868257352941176,0.13557679411764706,136,0,2,monthly_beme_op,monthly size/profit/invest,adversarial_support_mismatch,27,test,block,constant_a023,0.11949838962962965
0.17065668757353633,0.135990752934665,0.20619197569744246,0.2520664615384615,0.252699,26.00000000000002,1.0048309178743962,0.8088235294117645,0.004658558823529411,0.22838226470588233,136,0,3,monthly_beme_op,monthly size/profit/invest,adversarial_support_mismatch,27,test,block,constant_a024,0.11949838962962965
0.001047531111111111,0.001047531111111111,0.001047531111111111,,inf,0.0,0.0,1.0,0.010897742352941178,0.10712653647058824,136,200,0,monthly_beme_op,monthly size/profit/invest,adversarial_support_mismatch,27,test,block,constant_equal_weight_public,0.11949838962962965
0.003300873963845366,-0.008313373556523508,0.016180123359247633,,inf,0.0,0.0,1.0,0.016952595588235295,0.14063335294117646,136,200,0,monthly_beme_op,monthly size/profit/invest,adversarial_support_mismatch,27,test,block,momentum_12,0.11949838962962965
0.0029440825368985094,-0.002152512377330423,0.00677805071676066,0.027767000000000003,0.027767000000000003,4.0,1.0048309178743962,0.9705882352941176,0.00962212588235294,0.0925010588235294,136,8,1,monthly_beme_op,monthly size/profit/invest,adversarial_support_mismatch,27,test,block,low_vol_12,0.11949838962962965
0.008309271169439195,0.00035465148303155463,0.017855673604040525,,inf,0.0,0.0,1.0,0.018501286764705884,0.10194055882352941,136,200,0,monthly_beme_op,monthly size/profit/invest,adversarial_support_mismatch,27,test,block,risk_adjusted_12,0.11949838962962965
0.19528867177560946,0.16947985754309658,0.2234612481011874,0.100314,0.100314,11.000000000000009,1.0048309178743962,0.9191176470588235,0.007906764705882353,0.1368699705882353,136,0,3,monthly_beme_op,monthly size/profit/invest,adversarial_support_mismatch,27,test,block,ridge_return_train_only,0.11949838962962965
