DR,return_lcb,return_ucb,risk_hat,risk_ucb,ESS,max_weight,support_gap,truth_return,truth_cvar,eval_n,unsupported_bootstrap_draws,ess_bin,task,family,behavior,seed,split,scheme,policy,baseline_tau
0.05366327807242798,-0.01213001677666667,0.13155319685806605,0.037602000000000003,0.037602000000000003,5.0,26.0,0.9537037037037037,0.012389592592592593,0.1084932962962963,108,3,2,monthly_beme_inv,monthly size/profit/invest,uniform_high_overlap,7,calibration,iid,constant_a000,0.11827789185185185
0.03214838924115227,-0.030294262715102875,0.0930143866721812,0.058684,0.058684,10.0,26.0,0.9074074074074074,0.005986157407407407,0.10714711111111111,108,0,3,monthly_beme_inv,monthly size/profit/invest,uniform_high_overlap,7,calibration,iid,constant_a001,0.11827789185185185
0.011523907644444444,0.011523907644444444,0.011523907644444444,,inf,0.0,0.0,1.0,0.008702425925925926,0.0971386296296296,108,200,0,monthly_beme_inv,monthly size/profit/invest,uniform_high_overlap,7,calibration,iid,constant_a002,0.11827789185185185
-0.01328768489053498,-0.06792494994798354,0.014446681845967079,0.081902,0.081902,5.0,26.0,0.9537037037037037,0.007643314814814815,0.09719577777777777,108,1,2,monthly_beme_inv,monthly size/profit/invest,uniform_high_overlap,7,calibration,iid,constant_a003,0.11827789185185185
0.013908533616460904,-0.022155851557201647,0.06505847806090534,0.02559,0.02559,4.0,26.0,0.962962962962963,0.009480231481481482,0.11743285185185184,108,0,1,monthly_beme_inv,monthly size/profit/invest,uniform_high_overlap,7,calibration,iid,constant_a004,0.11827789185185185
-0.008088866360493828,-0.06517005300440329,0.03880527770234568,0.07836800000000001,0.07836800000000001,6.0,26.0,0.9444444444444444,0.011261194444444447,0.1134698888888889,108,1,2,monthly_beme_inv,monthly size/profit/invest,uniform_high_overlap,7,calibration,iid,constant_a005,0.11827789185185185
-0.016387523915976296,-0.12834744728137987,0.06565996960859281,0.04154,0.04154000000000001,4.0,26.0,0.962962962962963,0.008031666666666666,0.08997851851851851,108,1,1,monthly_beme_inv,monthly size/profit/invest,uniform_high_overlap,7,calibration,iid,constant_a006,0.11827789185185185
-0.0045404145432098785,-0.03392813942728395,0.013596248408230451,0.035161,inf,3.0,26.0,0.9722222222222222,0.010627296296296298,0.10327848148148148,108,14,1,monthly_beme_inv,monthly size/profit/invest,uniform_high_overlap,7,calibration,iid,constant_a007,0.11827789185185185
-0.006323238209462647,-0.016749890259180795,0.009362700343176034,-0.034058000000000005,inf,1.0,26.0,0.9907407407407407,0.0056105277777777785,0.11024014814814816,108,62,0,monthly_beme_inv,monthly size/profit/invest,uniform_high_overlap,7,calibration,iid,constant_a008,0.11827789185185185
0.010892992864197535,-0.044905873790946495,0.05590479287572018,0.080672,inf,3.0,26.0,0.9722222222222222,0.010969518518518519,0.13062,108,14,1,monthly_beme_inv,monthly size/profit/invest,uniform_high_overlap,7,calibration,iid,constant_a009,0.11827789185185185
0.008096418847736628,-0.043070713929753084,0.05932707174000001,0.043503999999999994,0.043504,8.0,26.0,0.9259259259259259,0.008336898148148149,0.13666044444444442,108,0,2,monthly_beme_inv,monthly size/profit/invest,uniform_high_overlap,7,calibration,iid,constant_a010,0.11827789185185185
0.04424284054887228,-0.009775166586846436,0.09935542430451563,0.013895,0.013895,4.0,26.0,0.962962962962963,0.009281564814814814,0.0990418148148148,108,3,1,monthly_beme_inv,monthly size/profit/invest,uniform_high_overlap,7,calibration,iid,constant_a011,0.11827789185185185
0.011523907644444444,0.011523907644444444,0.011523907644444444,,inf,0.0,0.0,1.0,0.01044275925925926,0.11443203703703704,108,200,0,monthly_beme_inv,monthly size/profit/invest,uniform_high_overlap,7,calibration,iid,constant_a012,0.11827789185185185
0.01737852386496925,0.002201184463557725,0.03173366596746815,0.012072000000000001,inf,3.0,26.0,0.9722222222222222,0.009317546296296296,0.12716503703703705,108,11,1,monthly_beme_inv,monthly size/profit/invest,uniform_high_overlap,7,calibration,iid,constant_a013,0.11827789185185185
-0.004428973813991769,-0.02973725896460905,0.011523907644444444,0.027336999999999997,inf,2.0,26.0,0.9814814814814815,0.002895814814814816,0.14171644444444445,108,28,1,monthly_beme_inv,monthly size/profit/invest,uniform_high_overlap,7,calibration,iid,constant_a014,0.11827789185185185
-0.026790133050205767,-0.09208480523785995,0.023377253304979428,0.08317500000000001,0.08317500000000001,4.0,26.0,0.962962962962963,0.00806975925925926,0.15166288888888887,108,1,1,monthly_beme_inv,monthly size/profit/invest,uniform_high_overlap,7,calibration,iid,constant_a015,0.11827789185185185
0.07317555585020577,0.015560689727860082,0.1454457340110291,-0.004556,-0.004556,5.0,26.0,0.9537037037037037,0.007727046296296298,0.13265266666666667,108,2,2,monthly_beme_inv,monthly size/profit/invest,uniform_high_overlap,7,calibration,iid,constant_a016,0.11827789185185185
0.02669545582716049,0.010267263211522633,0.05400556141728397,-0.006304,-0.006304,3.0,26.0,0.9722222222222222,0.006241351851851851,0.15278481481481482,108,7,1,monthly_beme_inv,monthly size/profit/invest,uniform_high_overlap,7,calibration,iid,constant_a017,0.11827789185185185
0.041373418790123455,-0.052206096013168724,0.17734745666164664,0.068217,0.068217,3.0,26.0,0.9722222222222222,0.005075231481481484,0.2541734074074074,108,9,1,monthly_beme_inv,monthly size/profit/invest,uniform_high_overlap,7,calibration,iid,constant_a018,0.11827789185185185
-0.04079711184384426,-0.07031643694087747,-0.00318621757347704,0.014172,inf,3.0,26.0,0.9722222222222222,0.0042173333333333325,0.147348,108,13,1,monthly_beme_inv,monthly size/profit/invest,uniform_high_overlap,7,calibration,iid,constant_a019,0.11827789185185185
-0.01028761824691358,-0.1022253034320985,0.050763052134979426,0.145975,0.145975,3.0,26.0,0.9722222222222222,0.008245074074074075,0.13999414814814815,108,6,1,monthly_beme_inv,monthly size/profit/invest,uniform_high_overlap,7,calibration,iid,constant_a020,0.11827789185185185
-0.022294781198353906,-0.11303686188205732,0.030696579358353918,0.148087,0.148087,4.0,26.0,0.962962962962963,0.006383953703703705,0.15362255555555557,108,2,1,monthly_beme_inv,monthly size/profit/invest,uniform_high_overlap,7,calibration,iid,constant_a021,0.11827789185185185
0.021860842824422293,-0.03823671853884552,0.10136510636412652,-0.0029980000000000002,-0.0029980000000000002,4.0,26.0,0.962962962962963,0.007549240740740741,0.166953037037037,108,4,1,monthly_beme_inv,monthly size/profit/invest,uniform_high_overlap,7,calibration,iid,constant_a022,0.11827789185185185
0.04500072623209877,-0.023357521671975308,0.10791469009724289,0.069469,0.069469,6.0,26.0,0.9444444444444444,0.010377666666666665,0.1526464814814815,108,0,2,monthly_beme_inv,monthly size/profit/invest,uniform_high_overlap,7,calibration,iid,constant_a023,0.11827789185185185
-0.09865091448559637,-0.20920316503999964,-0.004414242935144029,0.146049,0.146049,8.0,26.0,0.9259259259259259,0.003429722222222222,0.15112655555555557,108,0,2,monthly_beme_inv,monthly size/profit/invest,uniform_high_overlap,7,calibration,iid,constant_a024,0.11827789185185185
0.01844415587325103,-0.03176484926613168,0.06666730801893005,0.05405512,0.054055120000000005,7.0,26.0,0.9351851851851852,0.007931715555555555,0.11827789185185185,108,0,2,monthly_beme_inv,monthly size/profit/invest,uniform_high_overlap,7,calibration,iid,constant_equal_weight_public,0.11827789185185185
0.042381802042087593,0.000879777207280372,0.09254940348175698,0.037602000000000003,0.037602000000000003,5.0,26.0,0.9537037037037037,0.00639925,0.11877474074074072,108,2,2,monthly_beme_inv,monthly size/profit/invest,uniform_high_overlap,7,calibration,iid,momentum_12,0.11827789185185185
0.0074467378629588165,-0.044332042567749655,0.050350707564531826,0.058684,inf,3.0,26.0,0.9722222222222222,0.005811675925925926,0.12731337037037035,108,11,1,monthly_beme_inv,monthly size/profit/invest,uniform_high_overlap,7,calibration,iid,low_vol_12,0.11827789185185185
0.02689819525290262,-0.021521768976258574,0.07381773594637783,0.013895,0.013895,5.0,26.0,0.9537037037037037,0.010428287037037036,0.13604655555555556,108,1,2,monthly_beme_inv,monthly size/profit/invest,uniform_high_overlap,7,calibration,iid,risk_adjusted_12,0.11827789185185185
0.04645764390059456,-0.006296658322041484,0.0792022070916284,0.006963000000000001,inf,2.0,26.0,0.9814814814814815,0.007239944444444445,0.11081385185185184,108,26,1,monthly_beme_inv,monthly size/profit/invest,uniform_high_overlap,7,calibration,iid,ridge_return_train_only,0.11827789185185185
0.05366327807242798,-0.0018149663835390977,0.13151931510946516,0.037602000000000003,0.037602000000000003,5.0,26.0,0.9537037037037037,0.012389592592592593,0.1084932962962963,108,0,2,monthly_beme_inv,monthly size/profit/invest,uniform_high_overlap,7,calibration,block,constant_a000,0.11827789185185185
0.03214838924115227,-0.02102261284111111,0.08645851860510309,0.058684,0.058684,10.0,26.0,0.9074074074074074,0.005986157407407407,0.10714711111111111,108,0,3,monthly_beme_inv,monthly size/profit/invest,uniform_high_overlap,7,calibration,block,constant_a001,0.11827789185185185
0.011523907644444444,0.011523907644444444,0.011523907644444444,,inf,0.0,0.0,1.0,0.008702425925925926,0.0971386296296296,108,200,0,monthly_beme_inv,monthly size/profit/invest,uniform_high_overlap,7,calibration,block,constant_a002,0.11827789185185185
-0.01328768489053498,-0.06377168756390947,0.014451947493827161,0.081902,0.081902,5.0,26.0,0.9537037037037037,0.007643314814814815,0.09719577777777777,108,1,2,monthly_beme_inv,monthly size/profit/invest,uniform_high_overlap,7,calibration,block,constant_a003,0.11827789185185185
0.013908533616460904,-0.02113248434621399,0.058209447898477366,0.02559,0.02559,4.0,26.0,0.962962962962963,0.009480231481481482,0.11743285185185184,108,3,1,monthly_beme_inv,monthly size/profit/invest,uniform_high_overlap,7,calibration,block,constant_a004,0.11827789185185185
-0.008088866360493828,-0.06033817808576132,0.037230588894814856,0.07836800000000001,0.07836800000000001,6.0,26.0,0.9444444444444444,0.011261194444444447,0.1134698888888889,108,0,2,monthly_beme_inv,monthly size/profit/invest,uniform_high_overlap,7,calibration,block,constant_a005,0.11827789185185185
-0.016387523915976296,-0.11022641895026183,0.056147989437453104,0.04154,0.04154000000000001,4.0,26.0,0.962962962962963,0.008031666666666666,0.08997851851851851,108,4,1,monthly_beme_inv,monthly size/profit/invest,uniform_high_overlap,7,calibration,block,constant_a006,0.11827789185185185
-0.0045404145432098785,-0.03353876184534979,0.013596248408230451,0.035161,0.035161,3.0,26.0,0.9722222222222222,0.010627296296296298,0.10327848148148148,108,7,1,monthly_beme_inv,monthly size/profit/invest,uniform_high_overlap,7,calibration,block,constant_a007,0.11827789185185185
-0.006323238209462647,-0.0219906938292441,0.010071224167755471,-0.034058000000000005,inf,1.0,26.0,0.9907407407407407,0.0056105277777777785,0.11024014814814816,108,75,0,monthly_beme_inv,monthly size/profit/invest,uniform_high_overlap,7,calibration,block,constant_a008,0.11827789185185185
0.010892992864197535,-0.05506202565432098,0.0660922470539095,0.080672,0.080672,3.0,26.0,0.9722222222222222,0.010969518518518519,0.13062,108,8,1,monthly_beme_inv,monthly size/profit/invest,uniform_high_overlap,7,calibration,block,constant_a009,0.11827789185185185
0.008096418847736628,-0.04448797947320988,0.049700431303086434,0.043503999999999994,0.043504,8.0,26.0,0.9259259259259259,0.008336898148148149,0.13666044444444442,108,1,2,monthly_beme_inv,monthly size/profit/invest,uniform_high_overlap,7,calibration,block,constant_a010,0.11827789185185185
0.04424284054887228,-0.008911530944908801,0.11859973764928411,0.013895,0.013895,4.0,26.0,0.962962962962963,0.009281564814814814,0.0990418148148148,108,7,1,monthly_beme_inv,monthly size/profit/invest,uniform_high_overlap,7,calibration,block,constant_a011,0.11827789185185185
0.011523907644444444,0.011523907644444444,0.011523907644444444,,inf,0.0,0.0,1.0,0.01044275925925926,0.11443203703703704,108,200,0,monthly_beme_inv,monthly size/profit/invest,uniform_high_overlap,7,calibration,block,constant_a012,0.11827789185185185
0.01737852386496925,-0.000597496367661865,0.03277725489550667,0.012072000000000001,0.012072000000000001,3.0,26.0,0.9722222222222222,0.009317546296296296,0.12716503703703705,108,4,1,monthly_beme_inv,monthly size/profit/invest,uniform_high_overlap,7,calibration,block,constant_a013,0.11827789185185185
-0.004428973813991769,-0.026979333038683124,0.011523907644444444,0.027336999999999997,inf,2.0,26.0,0.9814814814814815,0.002895814814814816,0.14171644444444445,108,23,1,monthly_beme_inv,monthly size/profit/invest,uniform_high_overlap,7,calibration,block,constant_a014,0.11827789185185185
-0.026790133050205767,-0.11763503182259227,0.02924656851292185,0.08317500000000001,0.08317500000000001,4.0,26.0,0.962962962962963,0.00806975925925926,0.15166288888888887,108,1,1,monthly_beme_inv,monthly size/profit/invest,uniform_high_overlap,7,calibration,block,constant_a015,0.11827789185185185
0.07317555585020577,0.010087715086419754,0.1560329075407822,-0.004556,-0.004556,5.0,26.0,0.9537037037037037,0.007727046296296298,0.13265266666666667,108,1,2,monthly_beme_inv,monthly size/profit/invest,uniform_high_overlap,7,calibration,block,constant_a016,0.11827789185185185
0.02669545582716049,0.009010618778600822,0.050117818073004125,-0.006304,-0.006304,3.0,26.0,0.9722222222222222,0.006241351851851851,0.15278481481481482,108,7,1,monthly_beme_inv,monthly size/profit/invest,uniform_high_overlap,7,calibration,block,constant_a017,0.11827789185185185
0.041373418790123455,-0.06448479228641975,0.177081141012346,0.068217,inf,3.0,26.0,0.9722222222222222,0.005075231481481484,0.2541734074074074,108,21,1,monthly_beme_inv,monthly size/profit/invest,uniform_high_overlap,7,calibration,block,constant_a018,0.11827789185185185
-0.04079711184384426,-0.07497811340813101,0.0007682464895194088,0.014172,inf,3.0,26.0,0.9722222222222222,0.0042173333333333325,0.147348,108,14,1,monthly_beme_inv,monthly size/profit/invest,uniform_high_overlap,7,calibration,block,constant_a019,0.11827789185185185
-0.01028761824691358,-0.1170697315453907,0.039309362401522656,0.145975,inf,3.0,26.0,0.9722222222222222,0.008245074074074075,0.13999414814814815,108,13,1,monthly_beme_inv,monthly size/profit/invest,uniform_high_overlap,7,calibration,block,constant_a020,0.11827789185185185
-0.022294781198353906,-0.1102064736634977,0.029562459542386836,0.148087,0.148087,4.0,26.0,0.962962962962963,0.006383953703703705,0.15362255555555557,108,3,1,monthly_beme_inv,monthly size/profit/invest,uniform_high_overlap,7,calibration,block,constant_a021,0.11827789185185185
0.021860842824422293,-0.03368621056455764,0.10148727366921025,-0.0029980000000000002,-0.0029980000000000002,4.0,26.0,0.962962962962963,0.007549240740740741,0.166953037037037,108,0,1,monthly_beme_inv,monthly size/profit/invest,uniform_high_overlap,7,calibration,block,constant_a022,0.11827789185185185
0.04500072623209877,-0.015989373167407405,0.11487026682164611,0.069469,0.069469,6.0,26.0,0.9444444444444444,0.010377666666666665,0.1526464814814815,108,0,2,monthly_beme_inv,monthly size/profit/invest,uniform_high_overlap,7,calibration,block,constant_a023,0.11827789185185185
-0.09865091448559637,-0.2583818032023865,-0.007693718130987653,0.146049,0.146049,8.0,26.0,0.9259259259259259,0.003429722222222222,0.15112655555555557,108,0,2,monthly_beme_inv,monthly size/profit/invest,uniform_high_overlap,7,calibration,block,constant_a024,0.11827789185185185
0.01844415587325103,-0.014509894415761315,0.0549369023777778,0.05405512,0.054055120000000005,7.0,26.0,0.9351851851851852,0.007931715555555555,0.11827789185185185,108,0,2,monthly_beme_inv,monthly size/profit/invest,uniform_high_overlap,7,calibration,block,constant_equal_weight_public,0.11827789185185185
0.042381802042087593,-0.0009552014254069947,0.10137035997448315,0.037602000000000003,0.037602000000000003,5.0,26.0,0.9537037037037037,0.00639925,0.11877474074074072,108,1,2,monthly_beme_inv,monthly size/profit/invest,uniform_high_overlap,7,calibration,block,momentum_12,0.11827789185185185
0.0074467378629588165,-0.043877668323426995,0.04605180941903225,0.058684,inf,3.0,26.0,0.9722222222222222,0.005811675925925926,0.12731337037037035,108,11,1,monthly_beme_inv,monthly size/profit/invest,uniform_high_overlap,7,calibration,block,low_vol_12,0.11827789185185185
0.02689819525290262,-0.02132094729782585,0.06777234066044859,0.013895,0.013895,5.0,26.0,0.9537037037037037,0.010428287037037036,0.13604655555555556,108,2,2,monthly_beme_inv,monthly size/profit/invest,uniform_high_overlap,7,calibration,block,risk_adjusted_12,0.11827789185185185
0.04645764390059456,-0.01167740696539018,0.08427943036845927,0.006963000000000001,inf,2.0,26.0,0.9814814814814815,0.007239944444444445,0.11081385185185184,108,33,1,monthly_beme_inv,monthly size/profit/invest,uniform_high_overlap,7,calibration,block,ridge_return_train_only,0.11827789185185185
0.019440022386928102,-0.031663460821372516,0.07396424179960787,0.077534,0.077534,4.0,26.0,0.9705882352941176,0.012615316176470588,0.0930109705882353,136,2,1,monthly_beme_inv,monthly size/profit/invest,uniform_high_overlap,7,test,iid,constant_a000,0.11827789185185185
0.017351819454901964,-0.004974862870588234,0.04930257813091504,0.011077,0.011077,5.0,26.0,0.9632352941176471,0.013102345588235295,0.08792349999999999,136,4,2,monthly_beme_inv,monthly size/profit/invest,uniform_high_overlap,7,test,iid,constant_a001,0.11827789185185185
0.026386192956862745,0.011523907644444444,0.05152589489630721,-0.045554,inf,2.0,26.0,0.9852941176470589,0.012018411764705882,0.09237323529411764,136,28,1,monthly_beme_inv,monthly size/profit/invest,uniform_high_overlap,7,test,iid,constant_a002,0.11827789185185185
-0.0023647128614379086,-0.051962714027843145,0.03655864196542483,0.075979,0.075979,9.0,26.0,0.9338235294117647,0.012507904411764706,0.08533364705882353,136,0,2,monthly_beme_inv,monthly size/profit/invest,uniform_high_overlap,7,test,iid,constant_a003,0.11827789185185185
-0.0063818011424836615,-0.03232478524160131,0.011523907644444444,0.048823,0.048823,4.0,26.0,0.9705882352941176,0.016923816176470586,0.12503776470588232,136,6,1,monthly_beme_inv,monthly size/profit/invest,uniform_high_overlap,7,test,iid,constant_a004,0.11827789185185185
0.011790687101960785,-0.013813045764999999,0.0355226314500327,0.027441,0.027441,5.0,26.0,0.9632352941176471,0.008262551470588235,0.08173532352941176,136,1,2,monthly_beme_inv,monthly size/profit/invest,uniform_high_overlap,7,test,iid,constant_a005,0.11827789185185185
0.0037482254157434163,-0.06828551536561155,0.04985170939221552,0.021955,inf,3.0,26.0,0.9779411764705882,0.010530345588235294,0.08785285294117647,136,10,1,monthly_beme_inv,monthly size/profit/invest,uniform_high_overlap,7,test,iid,constant_a006,0.11827789185185185
-0.009590854065359476,-0.05161934948777777,0.03429944770826799,0.051681,0.051681,6.0,26.0,0.9558823529411765,0.009129316176470588,0.08401394117647058,136,0,2,monthly_beme_inv,monthly size/profit/invest,uniform_high_overlap,7,test,iid,constant_a007,0.11827789185185185
0.0282860508739928,-0.02478864995079806,0.10022954275507179,0.021265999999999997,0.021266,8.0,26.0,0.9411764705882353,0.00976945588235294,0.09247982352941177,136,0,2,monthly_beme_inv,monthly size/profit/invest,uniform_high_overlap,7,test,iid,constant_a008,0.11827789185185185
0.01355128418823529,-0.015231045728398696,0.04494677447218957,0.024204,0.024204,8.0,26.0,0.9411764705882353,0.011968948529411766,0.10100061764705882,136,0,2,monthly_beme_inv,monthly size/profit/invest,uniform_high_overlap,7,test,iid,constant_a009,0.11827789185185185
0.060928757681046164,-0.009874057043137256,0.16807800816705903,0.04444,0.04444,4.0,26.0,0.9705882352941176,0.008373220588235294,0.12336,136,0,1,monthly_beme_inv,monthly size/profit/invest,uniform_high_overlap,7,test,iid,constant_a010,0.11827789185185185
-0.01873453239055477,-0.07948949650112681,0.03762261376230887,0.08970900000000001,0.08970900000000001,5.0,26.0,0.9632352941176471,0.011226360294117646,0.10341623529411764,136,2,2,monthly_beme_inv,monthly size/profit/invest,uniform_high_overlap,7,test,iid,constant_a011,0.11827789185185185
0.023774392984313726,-0.027499719957091502,0.06432105028179756,0.081938,0.081938,5.0,26.0,0.9632352941176471,0.008645838235294119,0.10809861764705882,136,1,2,monthly_beme_inv,monthly size/profit/invest,uniform_high_overlap,7,test,iid,constant_a012,0.11827789185185185
-0.009760598006268013,-0.02210941871917072,0.00032031662515319046,0.017001,inf,2.0,26.0,0.9852941176470589,0.010076757352941175,0.10753394117647058,136,25,1,monthly_beme_inv,monthly size/profit/invest,uniform_high_overlap,7,test,iid,constant_a013,0.11827789185185185
0.03558948121960785,0.01609289000653595,0.058297363093986934,-0.021515,-0.021515,5.0,26.0,0.9632352941176471,0.008284867647058825,0.11493285294117647,136,0,2,monthly_beme_inv,monthly size/profit/invest,uniform_high_overlap,7,test,iid,constant_a014,0.11827789185185185
0.007806413590849674,-0.03651449079346404,0.05609418331457527,0.05037899999999999,0.05037899999999999,7.0,26.0,0.9485294117647058,0.008826257352941177,0.12884785294117648,136,0,2,monthly_beme_inv,monthly size/profit/invest,uniform_high_overlap,7,test,iid,constant_a015,0.11827789185185185
0.023270207662745096,-0.02335027630715686,0.11060961357254921,0.079318,inf,2.0,26.0,0.9852941176470589,0.008927345588235295,0.1193340588235294,136,29,1,monthly_beme_inv,monthly size/profit/invest,uniform_high_overlap,7,test,iid,constant_a016,0.11827789185185185
0.0002760753098039177,-0.059897249901176425,0.03645488413333333,0.11251499999999999,inf,2.0,26.0,0.9852941176470589,0.011229257352941177,0.11723499999999999,136,21,1,monthly_beme_inv,monthly size/profit/invest,uniform_high_overlap,7,test,iid,constant_a017,0.11827789185185185
0.028981275337254902,-0.0039782789561437866,0.06583746394934649,0.021689,0.021689,5.0,26.0,0.9632352941176471,0.008399514705882353,0.11210208823529413,136,0,2,monthly_beme_inv,monthly size/profit/invest,uniform_high_overlap,7,test,iid,constant_a018,0.11827789185185185
-0.024758952411734203,-0.03821225134289825,-0.012069139746087683,0.035067,0.035067,4.0,26.0,0.9705882352941176,0.00865529411764706,0.12635044117647057,136,2,1,monthly_beme_inv,monthly size/profit/invest,uniform_high_overlap,7,test,iid,constant_a019,0.11827789185185185
0.0030697547307189555,-0.042985924644444444,0.029274095116437915,0.0729,0.0729,3.0,26.0,0.9779411764705882,0.012099382352941175,0.14358485294117646,136,8,1,monthly_beme_inv,monthly size/profit/invest,uniform_high_overlap,7,test,iid,constant_a020,0.11827789185185185
0.025096066550326795,-0.06472473423928087,0.09780234516218969,0.131634,0.131634,9.0,26.0,0.9338235294117647,0.01222494117647059,0.14384626470588235,136,0,2,monthly_beme_inv,monthly size/profit/invest,uniform_high_overlap,7,test,iid,constant_a021,0.11827789185185185
-0.047647872629601906,-0.11923423500564875,0.031107101586732723,0.134187,0.134187,8.0,26.0,0.9411764705882353,0.017123066176470587,0.1353010882352941,136,0,2,monthly_beme_inv,monthly size/profit/invest,uniform_high_overlap,7,test,iid,constant_a022,0.11827789185185185
-0.05865992759477079,-0.19775468613241826,0.047716319022647065,0.33668,0.33668,6.0,26.0,0.9558823529411765,0.008874250000000002,0.14966720588235294,136,1,2,monthly_beme_inv,monthly size/profit/invest,uniform_high_overlap,7,test,iid,constant_a023,0.11827789185185185
-0.027324627622222222,-0.09133026583006526,0.016655501780392157,0.106646,0.106646,3.0,26.0,0.9779411764705882,0.009983330882352941,0.15231129411764704,136,7,1,monthly_beme_inv,monthly size/profit/invest,uniform_high_overlap,7,test,iid,constant_a024,0.11827789185185185
0.01863232834248366,-0.017678468019607842,0.06418828529013072,0.03702272,0.03702272,12.0,26.0,0.9117647058823529,0.010791123823529411,0.10181459294117648,136,0,3,monthly_beme_inv,monthly size/profit/invest,uniform_high_overlap,7,test,iid,constant_equal_weight_public,0.11827789185185185
0.027844997997552124,0.0029753691727626755,0.06443579928295975,0.007068,0.007068,3.0,26.0,0.9779411764705882,0.014479683823529411,0.10938723529411763,136,7,1,monthly_beme_inv,monthly size/profit/invest,uniform_high_overlap,7,test,iid,momentum_12,0.11827789185185185
-0.01846694264187234,-0.09669725077265788,0.032360793072641246,0.112515,0.112515,5.0,26.0,0.9632352941176471,0.00839615323529412,0.10006255882352941,136,1,2,monthly_beme_inv,monthly size/profit/invest,uniform_high_overlap,7,test,iid,low_vol_12,0.11827789185185185
0.04380940142242501,0.015196565575332912,0.08561505770555343,0.017001,inf,3.0,26.0,0.9779411764705882,0.009734536764705884,0.10477579411764705,136,11,1,monthly_beme_inv,monthly size/profit/invest,uniform_high_overlap,7,test,iid,risk_adjusted_12,0.11827789185185185
0.027244533834359406,-0.05364214506349118,0.08595645614499918,0.060334000000000006,inf,3.0,26.0,0.9779411764705882,0.0076422867647058836,0.09238155882352941,136,13,1,monthly_beme_inv,monthly size/profit/invest,uniform_high_overlap,7,test,iid,ridge_return_train_only,0.11827789185185185
0.019440022386928102,-0.023806453503888894,0.07310273712026143,0.077534,0.077534,4.0,26.0,0.9705882352941176,0.012615316176470588,0.0930109705882353,136,4,1,monthly_beme_inv,monthly size/profit/invest,uniform_high_overlap,7,test,block,constant_a000,0.11827789185185185
0.017351819454901964,-0.006177533909379084,0.04330420783771243,0.011077,0.011077,5.0,26.0,0.9632352941176471,0.013102345588235295,0.08792349999999999,136,3,2,monthly_beme_inv,monthly size/profit/invest,uniform_high_overlap,7,test,block,constant_a001,0.11827789185185185
0.026386192956862745,0.011523907644444444,0.04780050070490197,-0.045554,inf,2.0,26.0,0.9852941176470589,0.012018411764705882,0.09237323529411764,136,23,1,monthly_beme_inv,monthly size/profit/invest,uniform_high_overlap,7,test,block,constant_a002,0.11827789185185185
-0.0023647128614379086,-0.05025878761385614,0.04346620653009806,0.075979,0.075979,9.0,26.0,0.9338235294117647,0.012507904411764706,0.08533364705882353,136,0,2,monthly_beme_inv,monthly size/profit/invest,uniform_high_overlap,7,test,block,constant_a003,0.11827789185185185
-0.0063818011424836615,-0.03464617040650327,0.011434645888888888,0.048823,0.048823,4.0,26.0,0.9705882352941176,0.016923816176470586,0.12503776470588232,136,3,1,monthly_beme_inv,monthly size/profit/invest,uniform_high_overlap,7,test,block,constant_a004,0.11827789185185185
0.011790687101960785,-0.011542843320686271,0.036756469170163425,0.027441,0.027441,5.0,26.0,0.9632352941176471,0.008262551470588235,0.08173532352941176,136,2,2,monthly_beme_inv,monthly size/profit/invest,uniform_high_overlap,7,test,block,constant_a005,0.11827789185185185
0.0037482254157434163,-0.059429783476650275,0.05027957707461638,0.021955,inf,3.0,26.0,0.9779411764705882,0.010530345588235294,0.08785285294117647,136,14,1,monthly_beme_inv,monthly size/profit/invest,uniform_high_overlap,7,test,block,constant_a006,0.11827789185185185
-0.009590854065359476,-0.05964441185055554,0.026301726457352948,0.051681,0.051681,6.0,26.0,0.9558823529411765,0.009129316176470588,0.08401394117647058,136,0,2,monthly_beme_inv,monthly size/profit/invest,uniform_high_overlap,7,test,block,constant_a007,0.11827789185185185
0.0282860508739928,-0.019161847932220456,0.0840002841141991,0.021265999999999997,0.021266,8.0,26.0,0.9411764705882353,0.00976945588235294,0.09247982352941177,136,0,2,monthly_beme_inv,monthly size/profit/invest,uniform_high_overlap,7,test,block,constant_a008,0.11827789185185185
0.01355128418823529,-0.013134744660915033,0.045711293030065374,0.024204,0.024204,8.0,26.0,0.9411764705882353,0.011968948529411766,0.10100061764705882,136,0,2,monthly_beme_inv,monthly size/profit/invest,uniform_high_overlap,7,test,block,constant_a009,0.11827789185185185
0.060928757681046164,-0.010088030425032677,0.1658844912472878,0.04444,0.04444,4.0,26.0,0.9705882352941176,0.008373220588235294,0.12336,136,2,1,monthly_beme_inv,monthly size/profit/invest,uniform_high_overlap,7,test,block,constant_a010,0.11827789185185185
-0.01873453239055477,-0.08124921947780059,0.030652115714195065,0.08970900000000001,0.08970900000000001,5.0,26.0,0.9632352941176471,0.011226360294117646,0.10341623529411764,136,3,2,monthly_beme_inv,monthly size/profit/invest,uniform_high_overlap,7,test,block,constant_a011,0.11827789185185185
0.023774392984313726,-0.022593008118627442,0.07013383388519616,0.081938,0.081938,5.0,26.0,0.9632352941176471,0.008645838235294119,0.10809861764705882,136,4,2,monthly_beme_inv,monthly size/profit/invest,uniform_high_overlap,7,test,block,constant_a012,0.11827789185185185
-0.009760598006268013,-0.023226502325062324,0.0017135506250382877,0.017001,inf,2.0,26.0,0.9852941176470589,0.010076757352941175,0.10753394117647058,136,22,1,monthly_beme_inv,monthly size/profit/invest,uniform_high_overlap,7,test,block,constant_a013,0.11827789185185185
0.03558948121960785,0.015566758462647058,0.05626845301199348,-0.021515,-0.021515,5.0,26.0,0.9632352941176471,0.008284867647058825,0.11493285294117647,136,2,2,monthly_beme_inv,monthly size/profit/invest,uniform_high_overlap,7,test,block,constant_a014,0.11827789185185185
0.007806413590849674,-0.036430897069771234,0.05262979894957517,0.05037899999999999,0.05037899999999999,7.0,26.0,0.9485294117647058,0.008826257352941177,0.12884785294117648,136,0,2,monthly_beme_inv,monthly size/profit/invest,uniform_high_overlap,7,test,block,constant_a015,0.11827789185185185
0.023270207662745096,-0.04057659821045751,0.09886331355424849,0.079318,inf,2.0,26.0,0.9852941176470589,0.008927345588235295,0.1193340588235294,136,29,1,monthly_beme_inv,monthly size/profit/invest,uniform_high_overlap,7,test,block,constant_a016,0.11827789185185185
0.0002760753098039177,-0.059616054092810386,0.04892037237777777,0.11251499999999999,inf,2.0,26.0,0.9852941176470589,0.011229257352941177,0.11723499999999999,136,23,1,monthly_beme_inv,monthly size/profit/invest,uniform_high_overlap,7,test,block,constant_a017,0.11827789185185185
0.028981275337254902,-0.00018165231918300856,0.07335441284640527,0.021689,0.021689,5.0,26.0,0.9632352941176471,0.008399514705882353,0.11210208823529413,136,2,2,monthly_beme_inv,monthly size/profit/invest,uniform_high_overlap,7,test,block,constant_a018,0.11827789185185185
-0.024758952411734203,-0.03886716167623009,-0.008529204695828465,0.035067,0.035067,4.0,26.0,0.9705882352941176,0.00865529411764706,0.12635044117647057,136,6,1,monthly_beme_inv,monthly size/profit/invest,uniform_high_overlap,7,test,block,constant_a019,0.11827789185185185
0.0030697547307189555,-0.03691489747401961,0.029269733279117652,0.0729,inf,3.0,26.0,0.9779411764705882,0.012099382352941175,0.14358485294117646,136,12,1,monthly_beme_inv,monthly size/profit/invest,uniform_high_overlap,7,test,block,constant_a020,0.11827789185185185
0.025096066550326795,-0.04976402901160114,0.11845141328611117,0.131634,0.131634,9.0,26.0,0.9338235294117647,0.01222494117647059,0.14384626470588235,136,0,2,monthly_beme_inv,monthly size/profit/invest,uniform_high_overlap,7,test,block,constant_a021,0.11827789185185185
-0.047647872629601906,-0.12407730459198182,0.02157202776570134,0.134187,0.134187,8.0,26.0,0.9411764705882353,0.017123066176470587,0.1353010882352941,136,0,2,monthly_beme_inv,monthly size/profit/invest,uniform_high_overlap,7,test,block,constant_a022,0.11827789185185185
-0.05865992759477079,-0.19636816474712407,0.03421320468441177,0.33668,0.33668,6.0,26.0,0.9558823529411765,0.008874250000000002,0.14966720588235294,136,0,2,monthly_beme_inv,monthly size/profit/invest,uniform_high_overlap,7,test,block,constant_a023,0.11827789185185185
-0.027324627622222222,-0.08385785193323515,0.016655501780392157,0.106646,0.106646,3.0,26.0,0.9779411764705882,0.009983330882352941,0.15231129411764704,136,7,1,monthly_beme_inv,monthly size/profit/invest,uniform_high_overlap,7,test,block,constant_a024,0.11827789185185185
0.01863232834248366,-0.018681081048562097,0.06057704945166668,0.03702272,0.03702272,12.0,26.0,0.9117647058823529,0.010791123823529411,0.10181459294117648,136,0,3,monthly_beme_inv,monthly size/profit/invest,uniform_high_overlap,7,test,block,constant_equal_weight_public,0.11827789185185185
0.027844997997552124,0.004709462119203346,0.05944019018507089,0.007068,0.007068,3.0,26.0,0.9779411764705882,0.014479683823529411,0.10938723529411763,136,3,1,monthly_beme_inv,monthly size/profit/invest,uniform_high_overlap,7,test,block,momentum_12,0.11827789185185185
-0.01846694264187234,-0.08382792733647809,0.0362727195319909,0.112515,0.112515,5.0,26.0,0.9632352941176471,0.00839615323529412,0.10006255882352941,136,1,2,monthly_beme_inv,monthly size/profit/invest,uniform_high_overlap,7,test,block,low_vol_12,0.11827789185185185
0.04380940142242501,0.014051061662316023,0.08557969167565281,0.017001,0.017001,3.0,26.0,0.9779411764705882,0.009734536764705884,0.10477579411764705,136,9,1,monthly_beme_inv,monthly size/profit/invest,uniform_high_overlap,7,test,block,risk_adjusted_12,0.11827789185185185
0.027244533834359406,-0.038676669895427236,0.08138333954317357,0.060334000000000006,inf,3.0,26.0,0.9779411764705882,0.0076422867647058836,0.09238155882352941,136,12,1,monthly_beme_inv,monthly size/profit/invest,uniform_high_overlap,7,test,block,ridge_return_train_only,0.11827789185185185
0.06565122078518495,-0.027580928871604928,0.17780121014432076,0.062678,0.062678,9.0,26.0,0.9166666666666666,0.012389592592592593,0.1084932962962963,108,0,2,monthly_beme_inv,monthly size/profit/invest,uniform_high_overlap,17,calibration,iid,constant_a000,0.11827789185185185
-0.03515707609382715,-0.081236236524321,0.010268922449382722,0.075096,0.075096,7.0,26.0,0.9351851851851852,0.005986157407407407,0.10714711111111111,108,1,2,monthly_beme_inv,monthly size/profit/invest,uniform_high_overlap,17,calibration,iid,constant_a001,0.11827789185185185
0.056161395746906824,-0.03781398794430407,0.18976837224779056,0.049111,0.04911100000000001,5.0,26.0,0.9537037037037037,0.008702425925925926,0.0971386296296296,108,1,2,monthly_beme_inv,monthly size/profit/invest,uniform_high_overlap,17,calibration,iid,constant_a002,0.11827789185185185
-0.02714554022222222,-0.10435111758888915,0.012633921866666674,0.147307,0.147307,3.0,26.0,0.9722222222222222,0.007643314814814815,0.09719577777777777,108,6,1,monthly_beme_inv,monthly size/profit/invest,uniform_high_overlap,17,calibration,iid,constant_a003,0.11827789185185185
0.03393668258271606,0.00671861106876544,0.08840980902493824,0.011508000000000001,0.011508000000000001,5.0,26.0,0.9537037037037037,0.009480231481481482,0.11743285185185184,108,0,2,monthly_beme_inv,monthly size/profit/invest,uniform_high_overlap,17,calibration,iid,constant_a004,0.11827789185185185
0.014239544498796039,-0.0369780163899698,0.052341164704712735,0.020798,0.020798,4.0,26.0,0.962962962962963,0.011261194444444447,0.1134698888888889,108,4,1,monthly_beme_inv,monthly size/profit/invest,uniform_high_overlap,17,calibration,iid,constant_a005,0.11827789185185185
0.015194940676543216,0.012633921866666674,0.020316978296296303,-0.023272,inf,1.0,26.0,0.9907407407407407,0.008031666666666666,0.08997851851851851,108,64,0,monthly_beme_inv,monthly size/profit/invest,uniform_high_overlap,17,calibration,iid,constant_a006,0.11827789185185185
0.016048182291358033,-0.03646593751814813,0.0671467236958025,0.064681,0.064681,4.0,26.0,0.962962962962963,0.010627296296296298,0.10327848148148148,108,2,1,monthly_beme_inv,monthly size/profit/invest,uniform_high_overlap,17,calibration,iid,constant_a007,0.11827789185185185
-0.011012021120987644,-0.05810396788753085,0.024985345636296306,0.074438,0.074438,5.0,26.0,0.9537037037037037,0.0056105277777777785,0.11024014814814816,108,0,2,monthly_beme_inv,monthly size/profit/invest,uniform_high_overlap,17,calibration,iid,constant_a008,0.11827789185185185
0.006894015624691363,-0.017560380857777776,0.02313474739024692,0.032526,0.032526,4.0,26.0,0.962962962962963,0.010969518518518519,0.13062,108,8,1,monthly_beme_inv,monthly size/profit/invest,uniform_high_overlap,17,calibration,iid,constant_a009,0.11827789185185185
0.08421360239679584,0.04372484884161052,0.12466018532897093,-0.03882,inf,2.0,26.0,0.9814814814814815,0.008336898148148149,0.13666044444444442,108,24,1,monthly_beme_inv,monthly size/profit/invest,uniform_high_overlap,17,calibration,iid,constant_a010,0.11827789185185185
0.014049736972839512,0.012633921866666674,0.016881367185185195,-0.018515,inf,1.0,26.0,0.9907407407407407,0.009281564814814814,0.0990418148148148,108,73,0,monthly_beme_inv,monthly size/profit/invest,uniform_high_overlap,17,calibration,iid,constant_a011,0.11827789185185185
0.009368570888888894,-0.012678928819753084,0.023321885412345686,0.022058,inf,3.0,26.0,0.9722222222222222,0.01044275925925926,0.11443203703703704,108,14,1,monthly_beme_inv,monthly size/profit/invest,uniform_high_overlap,17,calibration,iid,constant_a012,0.11827789185185185
0.0020970344345679123,-0.037632999726790094,0.02797498969148149,0.05624,0.056240000000000005,5.0,26.0,0.9537037037037037,0.009317546296296296,0.12716503703703705,108,0,2,monthly_beme_inv,monthly size/profit/invest,uniform_high_overlap,17,calibration,iid,constant_a013,0.11827789185185185
0.010841644671604945,-0.007432966148148141,0.027323978296296306,0.015151,inf,2.0,26.0,0.9814814814814815,0.002895814814814816,0.14171644444444445,108,26,1,monthly_beme_inv,monthly size/profit/invest,uniform_high_overlap,17,calibration,iid,constant_a014,0.11827789185185185
0.09601865216509059,-0.06209298201506669,0.3080764470951414,0.090918,0.090918,6.0,26.0,0.9444444444444444,0.00806975925925926,0.15166288888888887,108,0,2,monthly_beme_inv,monthly size/profit/invest,uniform_high_overlap,17,calibration,iid,constant_a015,0.11827789185185185
-0.034082725407407394,-0.09591739796555585,0.012633921866666674,0.105883,0.105883,3.0,26.0,0.9722222222222222,0.007727046296296298,0.13265266666666667,108,9,1,monthly_beme_inv,monthly size/profit/invest,uniform_high_overlap,17,calibration,iid,constant_a016,0.11827789185185185
0.022536145254320995,0.009330515041975315,0.04525175723222224,-0.005773,-0.005773,4.0,26.0,0.962962962962963,0.006241351851851851,0.15278481481481482,108,1,1,monthly_beme_inv,monthly size/profit/invest,uniform_high_overlap,17,calibration,iid,constant_a017,0.11827789185185185
-0.06487755874074097,-0.3063971952614819,0.02158676637172841,0.32784399999999997,0.32784399999999997,3.0,26.0,0.9722222222222222,0.005075231481481484,0.2541734074074074,108,6,1,monthly_beme_inv,monthly size/profit/invest,uniform_high_overlap,17,calibration,iid,constant_a018,0.11827789185185185
-0.021557650459259253,-0.06280215236296319,0.012271536994691381,0.05177,0.05177,6.0,26.0,0.9444444444444444,0.0042173333333333325,0.147348,108,0,2,monthly_beme_inv,monthly size/profit/invest,uniform_high_overlap,17,calibration,iid,constant_a019,0.11827789185185185
-0.03557040913580245,-0.13411315084703718,0.04543253171740742,0.106968,0.10696800000000001,8.0,26.0,0.9259259259259259,0.008245074074074075,0.13999414814814815,108,0,2,monthly_beme_inv,monthly size/profit/invest,uniform_high_overlap,17,calibration,iid,constant_a020,0.11827789185185185
0.016053494497492164,0.005901449909353011,0.027685184140877235,-0.043476999999999995,inf,1.0,26.0,0.9907407407407407,0.006383953703703705,0.15362255555555557,108,70,0,monthly_beme_inv,monthly size/profit/invest,uniform_high_overlap,17,calibration,iid,constant_a021,0.11827789185185185
-0.016598132060183086,-0.1183790088229922,0.06546572645284639,0.020232999999999998,0.020232999999999998,5.0,26.0,0.9537037037037037,0.007549240740740741,0.166953037037037,108,1,2,monthly_beme_inv,monthly size/profit/invest,uniform_high_overlap,17,calibration,iid,constant_a022,0.11827789185185185
-0.00339615016790123,-0.03178650005543209,0.026726510472962983,0.021131999999999998,0.021131999999999998,7.0,26.0,0.9351851851851852,0.010377666666666665,0.1526464814814815,108,0,2,monthly_beme_inv,monthly size/profit/invest,uniform_high_overlap,17,calibration,iid,constant_a023,0.11827789185185185
-0.038406929402469134,-0.127826669560494,0.012633921866666674,0.13322900000000001,inf,2.0,26.0,0.9814814814814815,0.003429722222222222,0.15112655555555557,108,27,1,monthly_beme_inv,monthly size/profit/invest,uniform_high_overlap,17,calibration,iid,constant_a024,0.11827789185185185
-0.01953643052868837,-0.09892663454416332,0.046137670775791124,0.0003534800000000005,0.0003534800000000005,3.0,26.0,0.9722222222222222,0.007931715555555555,0.11827789185185185,108,4,1,monthly_beme_inv,monthly size/profit/invest,uniform_high_overlap,17,calibration,iid,constant_equal_weight_public,0.11827789185185185
0.019034678638852463,-0.049263632924326034,0.0717327209704171,0.03459,0.03459,8.0,26.0,0.9259259259259259,0.00639925,0.11877474074074072,108,0,2,monthly_beme_inv,monthly size/profit/invest,uniform_high_overlap,17,calibration,iid,momentum_12,0.11827789185185185
0.04494687830235903,-0.012715935661904553,0.16500097333761932,0.020798,inf,2.0,26.0,0.9814814814814815,0.005811675925925926,0.12731337037037035,108,20,1,monthly_beme_inv,monthly size/profit/invest,uniform_high_overlap,17,calibration,iid,low_vol_12,0.11827789185185185
0.021117645953882797,0.005561772118736942,0.037255107038705056,0.002636,0.002636,5.0,26.0,0.9537037037037037,0.010428287037037036,0.13604655555555556,108,0,2,monthly_beme_inv,monthly size/profit/invest,uniform_high_overlap,17,calibration,iid,risk_adjusted_12,0.11827789185185185
0.04596121649551871,-0.03676397651817278,0.10256851367159835,0.0003534800000000005,0.0003534800000000005,3.0,26.0,0.9722222222222222,0.011889379629629628,0.10863070370370372,108,4,1,monthly_beme_inv,monthly size/profit/invest,uniform_high_overlap,17,calibration,iid,ridge_return_train_only,0.11827789185185185
0.06565122078518495,-0.035803373108024686,0.16154751571444428,0.062678,0.062678,9.0,26.0,0.9166666666666666,0.012389592592592593,0.1084932962962963,108,0,2,monthly_beme_inv,monthly size/profit/invest,uniform_high_overlap,17,calibration,block,constant_a000,0.11827789185185185
-0.03515707609382715,-0.09462104160234569,0.002312129699753092,0.075096,0.075096,7.0,26.0,0.9351851851851852,0.005986157407407407,0.10714711111111111,108,0,2,monthly_beme_inv,monthly size/profit/invest,uniform_high_overlap,17,calibration,block,constant_a001,0.11827789185185185
0.056161395746906824,-0.049265326453175946,0.21724046256746748,0.049111,0.049111,5.0,26.0,0.9537037037037037,0.008702425925925926,0.0971386296296296,108,0,2,monthly_beme_inv,monthly size/profit/invest,uniform_high_overlap,17,calibration,block,constant_a002,0.11827789185185185
-0.02714554022222222,-0.10457129229753112,0.012633921866666672,0.147307,0.147307,3.0,26.0,0.9722222222222222,0.007643314814814815,0.09719577777777777,108,7,1,monthly_beme_inv,monthly size/profit/invest,uniform_high_overlap,17,calibration,block,constant_a003,0.11827789185185185
0.03393668258271606,0.0026812887946913674,0.07545796422037039,0.011508000000000001,0.011508000000000001,5.0,26.0,0.9537037037037037,0.009480231481481482,0.11743285185185184,108,4,2,monthly_beme_inv,monthly size/profit/invest,uniform_high_overlap,17,calibration,block,constant_a004,0.11827789185185185
0.014239544498796039,-0.025838504435751284,0.05325568867927137,0.020798,0.020798,4.0,26.0,0.962962962962963,0.011261194444444447,0.1134698888888889,108,2,1,monthly_beme_inv,monthly size/profit/invest,uniform_high_overlap,17,calibration,block,constant_a005,0.11827789185185185
0.015194940676543216,0.012633921866666672,0.02287799710617285,-0.023272,inf,1.0,26.0,0.9907407407407407,0.008031666666666666,0.08997851851851851,108,82,0,monthly_beme_inv,monthly size/profit/invest,uniform_high_overlap,17,calibration,block,constant_a006,0.11827789185185185
0.016048182291358033,-0.03591021121987653,0.06363981655790125,0.064681,0.064681,4.0,26.0,0.962962962962963,0.010627296296296298,0.10327848148148148,108,2,1,monthly_beme_inv,monthly size/profit/invest,uniform_high_overlap,17,calibration,block,constant_a007,0.11827789185185185
-0.011012021120987644,-0.0662124733848148,0.023800148495061756,0.074438,0.074438,5.0,26.0,0.9537037037037037,0.0056105277777777785,0.11024014814814816,108,3,2,monthly_beme_inv,monthly size/profit/invest,uniform_high_overlap,17,calibration,block,constant_a008,0.11827789185185185
0.006894015624691363,-0.01740688945333333,0.0255721157371605,0.032526,0.032526,4.0,26.0,0.962962962962963,0.010969518518518519,0.13062,108,6,1,monthly_beme_inv,monthly size/profit/invest,uniform_high_overlap,17,calibration,block,constant_a009,0.11827789185185185
0.08421360239679584,0.046068803330772956,0.11963307171210978,-0.03882,inf,2.0,26.0,0.9814814814814815,0.008336898148148149,0.13666044444444442,108,34,1,monthly_beme_inv,monthly size/profit/invest,uniform_high_overlap,17,calibration,block,constant_a010,0.11827789185185185
0.014049736972839512,0.012633921866666672,0.016881367185185195,-0.018515,inf,1.0,26.0,0.9907407407407407,0.009281564814814814,0.0990418148148148,108,78,0,monthly_beme_inv,monthly size/profit/invest,uniform_high_overlap,17,calibration,block,constant_a011,0.11827789185185185
0.009368570888888894,-0.012678928819753084,0.025713966386296316,0.022058,inf,3.0,26.0,0.9722222222222222,0.01044275925925926,0.11443203703703704,108,14,1,monthly_beme_inv,monthly size/profit/invest,uniform_high_overlap,17,calibration,block,constant_a012,0.11827789185185185
0.0020970344345679123,-0.04162074699358022,0.03363772020246914,0.05624,0.056240000000000005,5.0,26.0,0.9537037037037037,0.009317546296296296,0.12716503703703705,108,2,2,monthly_beme_inv,monthly size/profit/invest,uniform_high_overlap,17,calibration,block,constant_a013,0.11827789185185185
0.010841644671604945,-0.007432966148148141,0.027323978296296306,0.015151,inf,2.0,26.0,0.9814814814814815,0.002895814814814816,0.14171644444444445,108,16,1,monthly_beme_inv,monthly size/profit/invest,uniform_high_overlap,17,calibration,block,constant_a014,0.11827789185185185
0.09601865216509059,-0.05919773638512201,0.34823960072245547,0.090918,0.090918,6.0,26.0,0.9444444444444444,0.00806975925925926,0.15166288888888887,108,0,2,monthly_beme_inv,monthly size/profit/invest,uniform_high_overlap,17,calibration,block,constant_a015,0.11827789185185185
-0.034082725407407394,-0.1150756120333336,0.012633921866666674,0.105883,inf,3.0,26.0,0.9722222222222222,0.007727046296296298,0.13265266666666667,108,13,1,monthly_beme_inv,monthly size/profit/invest,uniform_high_overlap,17,calibration,block,constant_a016,0.11827789185185185
0.022536145254320995,0.009714810338641982,0.04273313305296298,-0.005773,-0.005773,4.0,26.0,0.962962962962963,0.006241351851851851,0.15278481481481482,108,4,1,monthly_beme_inv,monthly size/profit/invest,uniform_high_overlap,17,calibration,block,constant_a017,0.11827789185185185
-0.06487755874074097,-0.2318171366974079,0.021581818865432117,0.32784399999999997,0.32784399999999997,3.0,26.0,0.9722222222222222,0.005075231481481484,0.2541734074074074,108,9,1,monthly_beme_inv,monthly size/profit/invest,uniform_high_overlap,17,calibration,block,constant_a018,0.11827789185185185
-0.021557650459259253,-0.06876707399518535,0.016740274301234575,0.05177,0.05177,6.0,26.0,0.9444444444444444,0.0042173333333333325,0.147348,108,2,2,monthly_beme_inv,monthly size/profit/invest,uniform_high_overlap,17,calibration,block,constant_a019,0.11827789185185185
-0.03557040913580245,-0.13161438975777792,0.033821364482592604,0.106968,0.10696800000000001,8.0,26.0,0.9259259259259259,0.008245074074074075,0.13999414814814815,108,0,2,monthly_beme_inv,monthly size/profit/invest,uniform_high_overlap,17,calibration,block,constant_a020,0.11827789185185185
0.016053494497492164,0.0024826495017548993,0.032410885258441074,-0.043476999999999995,inf,1.0,26.0,0.9907407407407407,0.006383953703703705,0.15362255555555557,108,78,0,monthly_beme_inv,monthly size/profit/invest,uniform_high_overlap,17,calibration,block,constant_a021,0.11827789185185185
-0.016598132060183086,-0.12369187493146803,0.06884174448497615,0.020232999999999998,0.020232999999999998,5.0,26.0,0.9537037037037037,0.007549240740740741,0.166953037037037,108,1,2,monthly_beme_inv,monthly size/profit/invest,uniform_high_overlap,17,calibration,block,constant_a022,0.11827789185185185
-0.00339615016790123,-0.029367568125555545,0.02329401751296297,0.021131999999999998,0.021131999999999998,7.0,26.0,0.9351851851851852,0.010377666666666665,0.1526464814814815,108,0,2,monthly_beme_inv,monthly size/profit/invest,uniform_high_overlap,17,calibration,block,constant_a023,0.11827789185185185
-0.038406929402469134,-0.12456292852839522,0.012633921866666674,0.13322900000000001,inf,2.0,26.0,0.9814814814814815,0.003429722222222222,0.15112655555555557,108,29,1,monthly_beme_inv,monthly size/profit/invest,uniform_high_overlap,17,calibration,block,constant_a024,0.11827789185185185
-0.01953643052868837,-0.11773451491366226,0.05697333486505166,0.0003534800000000005,0.0003534800000000005,3.0,26.0,0.9722222222222222,0.007931715555555555,0.11827789185185185,108,4,1,monthly_beme_inv,monthly size/profit/invest,uniform_high_overlap,17,calibration,block,constant_equal_weight_public,0.11827789185185185
0.019034678638852463,-0.048104649753077905,0.06078288100704813,0.03459,0.03459,8.0,26.0,0.9259259259259259,0.00639925,0.11877474074074072,108,0,2,monthly_beme_inv,monthly size/profit/invest,uniform_high_overlap,17,calibration,block,momentum_12,0.11827789185185185
0.04494687830235903,-0.011065606472712748,0.13785441904501636,0.020798,inf,2.0,26.0,0.9814814814814815,0.005811675925925926,0.12731337037037035,108,23,1,monthly_beme_inv,monthly size/profit/invest,uniform_high_overlap,17,calibration,block,low_vol_12,0.11827789185185185
0.021117645953882797,0.004784264750525791,0.03720237029440653,0.002636,0.002636,5.0,26.0,0.9537037037037037,0.010428287037037036,0.13604655555555556,108,2,2,monthly_beme_inv,monthly size/profit/invest,uniform_high_overlap,17,calibration,block,risk_adjusted_12,0.11827789185185185
0.04596121649551871,-0.04003303656757151,0.11747381090768215,0.0003534800000000005,0.0003534800000000005,3.0,26.0,0.9722222222222222,0.011889379629629628,0.10863070370370372,108,7,1,monthly_beme_inv,monthly size/profit/invest,uniform_high_overlap,17,calibration,block,ridge_return_train_only,0.11827789185185185
0.0036775551450980454,-0.021354616355882355,0.02024503742607844,0.048246000000000004,0.048246000000000004,4.0,26.0,0.9705882352941176,0.012615316176470588,0.0930109705882353,136,2,1,monthly_beme_inv,monthly size/profit/invest,uniform_high_overlap,17,test,iid,constant_a000,0.11827789185185185
-0.008647738278431363,-0.06345014719127451,0.027137506379705918,0.096993,0.09699300000000001,7.0,26.0,0.9485294117647058,0.013102345588235295,0.08792349999999999,136,1,2,monthly_beme_inv,monthly size/profit/invest,uniform_high_overlap,17,test,iid,constant_a001,0.11827789185185185
0.018664308108947286,-0.0525537726631655,0.10724335508043338,0.088063,0.088063,7.0,26.0,0.9485294117647058,0.012018411764705882,0.09237323529411764,136,1,2,monthly_beme_inv,monthly size/profit/invest,uniform_high_overlap,17,test,iid,constant_a002,0.11827789185185185
0.016629554913725496,-7.568838509803007e-05,0.037285422792156867,0.012587,inf,3.0,26.0,0.9779411764705882,0.012507904411764706,0.08533364705882353,136,11,1,monthly_beme_inv,monthly size/profit/invest,uniform_high_overlap,17,test,iid,constant_a003,0.11827789185185185
0.029093863505882358,0.012633921866666672,0.05396744875882354,-0.054768,inf,2.0,26.0,0.9852941176470589,0.016923816176470586,0.12503776470588232,136,40,1,monthly_beme_inv,monthly size/profit/invest,uniform_high_overlap,17,test,iid,constant_a004,0.11827789185185185
0.038590995040928874,0.023969934437420452,0.07162202459393999,-0.037499,inf,1.0,26.0,0.9926470588235294,0.008262551470588235,0.08173532352941176,136,69,0,monthly_beme_inv,monthly size/profit/invest,uniform_high_overlap,17,test,iid,constant_a005,0.11827789185185185
0.017431967372549026,-0.03551195143598042,0.05746573636549021,0.076492,0.076492,6.0,26.0,0.9558823529411765,0.010530345588235294,0.08785285294117647,136,2,2,monthly_beme_inv,monthly size/profit/invest,uniform_high_overlap,17,test,iid,constant_a006,0.11827789185185185
0.0006994230235294153,-0.06183301731098039,0.04845464999803923,0.104398,0.104398,5.0,26.0,0.9632352941176471,0.009129316176470588,0.08401394117647058,136,2,2,monthly_beme_inv,monthly size/profit/invest,uniform_high_overlap,17,test,iid,constant_a007,0.11827789185185185
-0.012854752752941165,-0.04828313903754901,0.016708073704215693,0.036256,0.036256,8.0,26.0,0.9411764705882353,0.00976945588235294,0.09247982352941177,136,0,2,monthly_beme_inv,monthly size/profit/invest,uniform_high_overlap,17,test,iid,constant_a008,0.11827789185185185
0.015368172560784321,-0.011485988972549011,0.05681124655294119,0.028291,inf,3.0,26.0,0.9779411764705882,0.011968948529411766,0.10100061764705882,136,12,1,monthly_beme_inv,monthly size/profit/invest,uniform_high_overlap,17,test,iid,constant_a009,0.11827789185185185
0.04290320788535746,0.01128349416737328,0.06318977854744529,0.002852,0.002852,4.0,26.0,0.9705882352941176,0.008373220588235294,0.12336,136,1,1,monthly_beme_inv,monthly size/profit/invest,uniform_high_overlap,17,test,iid,constant_a010,0.11827789185185185
0.041234423717647066,0.007222154504901966,0.08311937001156865,0.006377000000000001,0.006377000000000002,8.0,26.0,0.9411764705882353,0.011226360294117646,0.10341623529411764,136,0,2,monthly_beme_inv,monthly size/profit/invest,uniform_high_overlap,17,test,iid,constant_a011,0.11827789185185185
0.026392041133333346,0.0022166009878431445,0.06496370569715687,0.009266,0.009266,7.0,26.0,0.9485294117647058,0.008645838235294119,0.10809861764705882,136,0,2,monthly_beme_inv,monthly size/profit/invest,uniform_high_overlap,17,test,iid,constant_a012,0.11827789185185185
-0.005889665211764698,-0.05339793102058823,0.031886332440294145,0.102064,0.102064,5.0,26.0,0.9632352941176471,0.010076757352941175,0.10753394117647058,136,0,2,monthly_beme_inv,monthly size/profit/invest,uniform_high_overlap,17,test,iid,constant_a013,0.11827789185185185
-0.016092150043137247,-0.07352102322294127,0.03838864007156864,0.105458,0.105458,7.0,26.0,0.9485294117647058,0.008284867647058825,0.11493285294117647,136,0,2,monthly_beme_inv,monthly size/profit/invest,uniform_high_overlap,17,test,iid,constant_a014,0.11827789185185185
0.03570588308891891,-0.04283230861071942,0.12889735813088457,0.07187400000000001,0.07187400000000001,5.0,26.0,0.9632352941176471,0.008826257352941177,0.12884785294117648,136,1,2,monthly_beme_inv,monthly size/profit/invest,uniform_high_overlap,17,test,iid,constant_a015,0.11827789185185185
-0.021900900737254893,-0.06572975312058824,0.012407392686274514,0.079318,0.079318,4.0,26.0,0.9705882352941176,0.008927345588235295,0.1193340588235294,136,4,1,monthly_beme_inv,monthly size/profit/invest,uniform_high_overlap,17,test,iid,constant_a016,0.11827789185185185
0.04733655560784314,0.00797478198911765,0.09693104988490177,0.0017310000000000001,0.0017310000000000003,6.0,26.0,0.9558823529411765,0.011229257352941177,0.11723499999999999,136,1,2,monthly_beme_inv,monthly size/profit/invest,uniform_high_overlap,17,test,iid,constant_a017,0.11827789185185185
0.03900836489411765,0.00097294987911765,0.08415625279254904,0.020931,0.020931,8.0,26.0,0.9411764705882353,0.008399514705882353,0.11210208823529413,136,0,2,monthly_beme_inv,monthly size/profit/invest,uniform_high_overlap,17,test,iid,constant_a018,0.11827789185185185
-0.008181473803921558,-0.04490696451186274,0.022450989194215693,0.056749999999999995,0.056749999999999995,6.0,26.0,0.9558823529411765,0.00865529411764706,0.12635044117647057,136,0,2,monthly_beme_inv,monthly size/profit/invest,uniform_high_overlap,17,test,iid,constant_a019,0.11827789185185185
-0.012462694623529405,-0.0716627909940196,0.04180464905450981,0.139899,0.139899,5.0,26.0,0.9632352941176471,0.012099382352941175,0.14358485294117646,136,3,2,monthly_beme_inv,monthly size/profit/invest,uniform_high_overlap,17,test,iid,constant_a020,0.11827789185185185
0.001447624322166725,-0.05665239254095178,0.047928311658511975,0.058697,0.058697,8.0,26.0,0.9411764705882353,0.01222494117647059,0.14384626470588235,136,0,2,monthly_beme_inv,monthly size/profit/invest,uniform_high_overlap,17,test,iid,constant_a021,0.11827789185185185
0.12104430517280396,0.03829875679244575,0.2727110683594221,-0.001681,-0.001681,3.0,26.0,0.9779411764705882,0.017123066176470587,0.1353010882352941,136,4,1,monthly_beme_inv,monthly size/profit/invest,uniform_high_overlap,17,test,iid,constant_a022,0.11827789185185185
-0.060974679917647275,-0.14710238744803936,-0.003491898258823506,0.109634,0.109634,5.0,26.0,0.9632352941176471,0.008874250000000002,0.14966720588235294,136,1,2,monthly_beme_inv,monthly size/profit/invest,uniform_high_overlap,17,test,iid,constant_a023,0.11827789185185185
0.06936277642745094,0.011444424340490207,0.12877345241725488,0.025168,0.025168,7.0,26.0,0.9485294117647058,0.009983330882352941,0.15231129411764704,136,0,2,monthly_beme_inv,monthly size/profit/invest,uniform_high_overlap,17,test,iid,constant_a024,0.11827789185185185
-0.0037868559273330532,-0.052730333476353086,0.026334691909309597,0.02876308,inf,2.0,26.0,0.9852941176470589,0.010791123823529411,0.10181459294117648,136,26,1,monthly_beme_inv,monthly size/profit/invest,uniform_high_overlap,17,test,iid,constant_equal_weight_public,0.11827789185185185
-0.039425559358857075,-0.11349442522066558,0.015581555543875227,0.139899,0.139899,3.0,26.0,0.9779411764705882,0.014479683823529411,0.10938723529411763,136,9,1,monthly_beme_inv,monthly size/profit/invest,uniform_high_overlap,17,test,iid,momentum_12,0.11827789185185185
0.03524493422815839,0.012444270177344216,0.062255051610673,-0.034234,-0.034234,5.0,26.0,0.9632352941176471,0.00839615323529412,0.10006255882352941,136,1,2,monthly_beme_inv,monthly size/profit/invest,uniform_high_overlap,17,test,iid,low_vol_12,0.11827789185185185
-0.006189818015015923,-0.07699566973760322,0.038367976152360324,0.139899,0.139899,4.0,26.0,0.9705882352941176,0.009734536764705884,0.10477579411764705,136,4,1,monthly_beme_inv,monthly size/profit/invest,uniform_high_overlap,17,test,iid,risk_adjusted_12,0.11827789185185185
0.07292122240688151,0.04045269795376939,0.09256077415038144,-0.018014,-0.018014,3.0,26.0,0.9779411764705882,0.009664043235294116,0.12108776470588237,136,8,1,monthly_beme_inv,monthly size/profit/invest,uniform_high_overlap,17,test,iid,ridge_return_train_only,0.11827789185185185
0.0036775551450980454,-0.02461445956078431,0.020236275270588237,0.048246000000000004,0.048246000000000004,4.0,26.0,0.9705882352941176,0.012615316176470588,0.0930109705882353,136,5,1,monthly_beme_inv,monthly size/profit/invest,uniform_high_overlap,17,test,block,constant_a000,0.11827789185185185
-0.008647738278431363,-0.06847615456039215,0.027377223889313743,0.096993,0.09699300000000001,7.0,26.0,0.9485294117647058,0.013102345588235295,0.08792349999999999,136,2,2,monthly_beme_inv,monthly size/profit/invest,uniform_high_overlap,17,test,block,constant_a001,0.11827789185185185
0.018664308108947286,-0.05903008978995387,0.1147491887079184,0.088063,0.088063,7.0,26.0,0.9485294117647058,0.012018411764705882,0.09237323529411764,136,0,2,monthly_beme_inv,monthly size/profit/invest,uniform_high_overlap,17,test,block,constant_a002,0.11827789185185185
0.016629554913725496,0.0009062367569607939,0.041301706183725494,0.012587,0.012587,3.0,26.0,0.9779411764705882,0.012507904411764706,0.08533364705882353,136,4,1,monthly_beme_inv,monthly size/profit/invest,uniform_high_overlap,17,test,block,constant_a003,0.11827789185185185
0.029093863505882358,0.012633921866666672,0.053276489200000006,-0.054768,inf,2.0,26.0,0.9852941176470589,0.016923816176470586,0.12503776470588232,136,22,1,monthly_beme_inv,monthly size/profit/invest,uniform_high_overlap,17,test,block,constant_a004,0.11827789185185185
0.038590995040928874,0.02179920294820271,0.062844824100863,-0.037499,inf,1.0,26.0,0.9926470588235294,0.008262551470588235,0.08173532352941176,136,78,0,monthly_beme_inv,monthly size/profit/invest,uniform_high_overlap,17,test,block,constant_a005,0.11827789185185185
0.017431967372549026,-0.02865928917313725,0.057264388785392153,0.076492,0.076492,6.0,26.0,0.9558823529411765,0.010530345588235294,0.08785285294117647,136,1,2,monthly_beme_inv,monthly size/profit/invest,uniform_high_overlap,17,test,block,constant_a006,0.11827789185185185
0.0006994230235294153,-0.057398019882647075,0.040962732078431374,0.104398,0.104398,5.0,26.0,0.9632352941176471,0.009129316176470588,0.08401394117647058,136,0,2,monthly_beme_inv,monthly size/profit/invest,uniform_high_overlap,17,test,block,constant_a007,0.11827789185185185
-0.012854752752941165,-0.044142752988921556,0.020262702435294128,0.036256,0.036256,8.0,26.0,0.9411764705882353,0.00976945588235294,0.09247982352941177,136,0,2,monthly_beme_inv,monthly size/profit/invest,uniform_high_overlap,17,test,block,constant_a008,0.11827789185185185
0.015368172560784321,-0.0044735551548039125,0.0483553065687255,0.028291,inf,3.0,26.0,0.9779411764705882,0.011968948529411766,0.10100061764705882,136,11,1,monthly_beme_inv,monthly size/profit/invest,uniform_high_overlap,17,test,block,constant_a009,0.11827789185185185
0.04290320788535746,0.008089293145624203,0.0661539541599967,0.002852,0.002852,4.0,26.0,0.9705882352941176,0.008373220588235294,0.12336,136,4,1,monthly_beme_inv,monthly size/profit/invest,uniform_high_overlap,17,test,block,constant_a010,0.11827789185185185
0.041234423717647066,0.008673535124411767,0.07990410125000003,0.006377000000000001,0.006377000000000002,8.0,26.0,0.9411764705882353,0.011226360294117646,0.10341623529411764,136,0,2,monthly_beme_inv,monthly size/profit/invest,uniform_high_overlap,17,test,block,constant_a011,0.11827789185185185
0.026392041133333346,0.0011641021569607924,0.06288103975784316,0.009266,0.009266,7.0,26.0,0.9485294117647058,0.008645838235294119,0.10809861764705882,136,0,2,monthly_beme_inv,monthly size/profit/invest,uniform_high_overlap,17,test,block,constant_a012,0.11827789185185185
-0.005889665211764698,-0.05431945343549021,0.030175952203921573,0.102064,0.102064,5.0,26.0,0.9632352941176471,0.010076757352941175,0.10753394117647058,136,0,2,monthly_beme_inv,monthly size/profit/invest,uniform_high_overlap,17,test,block,constant_a013,0.11827789185185185
-0.016092150043137247,-0.07247796439941179,0.025629553644901965,0.105458,0.105458,7.0,26.0,0.9485294117647058,0.008284867647058825,0.11493285294117647,136,0,2,monthly_beme_inv,monthly size/profit/invest,uniform_high_overlap,17,test,block,constant_a014,0.11827789185185185
0.03570588308891891,-0.03292955400628574,0.1243864865461397,0.07187400000000001,0.07187400000000001,5.0,26.0,0.9632352941176471,0.008826257352941177,0.12884785294117648,136,0,2,monthly_beme_inv,monthly size/profit/invest,uniform_high_overlap,17,test,block,constant_a015,0.11827789185185185
-0.021900900737254893,-0.058653084382156856,0.012633921866666672,0.079318,0.079318,4.0,26.0,0.9705882352941176,0.008927345588235295,0.1193340588235294,136,6,1,monthly_beme_inv,monthly size/profit/invest,uniform_high_overlap,17,test,block,constant_a016,0.11827789185185185
0.04733655560784314,0.009784237408725494,0.09575438671578416,0.0017310000000000001,0.0017310000000000003,6.0,26.0,0.9558823529411765,0.011229257352941177,0.11723499999999999,136,1,2,monthly_beme_inv,monthly size/profit/invest,uniform_high_overlap,17,test,block,constant_a017,0.11827789185185185
0.03900836489411765,0.00297202174892157,0.08945704685745101,0.020931,0.020931,8.0,26.0,0.9411764705882353,0.008399514705882353,0.11210208823529413,136,0,2,monthly_beme_inv,monthly size/profit/invest,uniform_high_overlap,17,test,block,constant_a018,0.11827789185185185
-0.008181473803921558,-0.048527516782058966,0.021762504771666694,0.056749999999999995,0.056749999999999995,6.0,26.0,0.9558823529411765,0.00865529411764706,0.12635044117647057,136,0,2,monthly_beme_inv,monthly size/profit/invest,uniform_high_overlap,17,test,block,constant_a019,0.11827789185185185
-0.012462694623529405,-0.09823478539000013,0.04310763103401964,0.139899,0.139899,5.0,26.0,0.9632352941176471,0.012099382352941175,0.14358485294117646,136,3,2,monthly_beme_inv,monthly size/profit/invest,uniform_high_overlap,17,test,block,constant_a020,0.11827789185185185
0.001447624322166725,-0.05681907775717086,0.06774212759031459,0.058697,0.058697,8.0,26.0,0.9411764705882353,0.01222494117647059,0.14384626470588235,136,0,2,monthly_beme_inv,monthly size/profit/invest,uniform_high_overlap,17,test,block,constant_a021,0.11827789185185185
0.12104430517280396,0.036172704494986045,0.2843529762671573,-0.001681,inf,3.0,26.0,0.9779411764705882,0.017123066176470587,0.1353010882352941,136,17,1,monthly_beme_inv,monthly size/profit/invest,uniform_high_overlap,17,test,block,constant_a022,0.11827789185185185
-0.060974679917647275,-0.14932285376078436,-0.010693325328431355,0.109634,0.109634,5.0,26.0,0.9632352941176471,0.008874250000000002,0.14966720588235294,136,1,2,monthly_beme_inv,monthly size/profit/invest,uniform_high_overlap,17,test,block,constant_a023,0.11827789185185185
0.06936277642745094,0.00809822814745099,0.1474769114020587,0.025168,0.025168,7.0,26.0,0.9485294117647058,0.009983330882352941,0.15231129411764704,136,0,2,monthly_beme_inv,monthly size/profit/invest,uniform_high_overlap,17,test,block,constant_a024,0.11827789185185185
-0.0037868559273330532,-0.05633826068672991,0.027147486350677708,0.02876308,inf,2.0,26.0,0.9852941176470589,0.010791123823529411,0.10181459294117648,136,30,1,monthly_beme_inv,monthly size/profit/invest,uniform_high_overlap,17,test,block,constant_equal_weight_public,0.11827789185185185
-0.039425559358857075,-0.11294711725233703,0.015346836091470702,0.139899,inf,3.0,26.0,0.9779411764705882,0.014479683823529411,0.10938723529411763,136,14,1,monthly_beme_inv,monthly size/profit/invest,uniform_high_overlap,17,test,block,momentum_12,0.11827789185185185
0.03524493422815839,0.0146576787241204,0.06248601119801851,-0.034234,-0.034234,5.0,26.0,0.9632352941176471,0.00839615323529412,0.10006255882352941,136,1,2,monthly_beme_inv,monthly size/profit/invest,uniform_high_overlap,17,test,block,low_vol_12,0.11827789185185185
-0.006189818015015923,-0.07861892347882392,0.0462875162841499,0.139899,0.139899,4.0,26.0,0.9705882352941176,0.009734536764705884,0.10477579411764705,136,2,1,monthly_beme_inv,monthly size/profit/invest,uniform_high_overlap,17,test,block,risk_adjusted_12,0.11827789185185185
0.07292122240688151,0.045780627172358576,0.09707409693452881,-0.018014,-0.018014,3.0,26.0,0.9779411764705882,0.009664043235294116,0.12108776470588237,136,3,1,monthly_beme_inv,monthly size/profit/invest,uniform_high_overlap,17,test,block,ridge_return_train_only,0.11827789185185185
0.04609557161646102,0.02024549615473251,0.07764834938144034,-0.020699000000000002,-0.020699000000000002,5.0,26.0,0.9537037037037037,0.012389592592592593,0.1084932962962963,108,2,2,monthly_beme_inv,monthly size/profit/invest,uniform_high_overlap,27,calibration,iid,constant_a000,0.11827789185185185
-0.01001678069794241,-0.059876345976954695,0.039497773932510326,0.056859,0.05685900000000001,4.0,26.0,0.962962962962963,0.005986157407407407,0.10714711111111111,108,3,1,monthly_beme_inv,monthly size/profit/invest,uniform_high_overlap,27,calibration,iid,constant_a001,0.11827789185185185
-0.004518281160493841,-0.034398020976131635,0.01720951467325101,0.049111,inf,3.0,26.0,0.9722222222222222,0.008702425925925926,0.0971386296296296,108,15,1,monthly_beme_inv,monthly size/profit/invest,uniform_high_overlap,27,calibration,iid,constant_a002,0.11827789185185185
0.03275927578271615,0.0011709906095061717,0.06533793505230462,0.026892,0.026892000000000003,6.0,26.0,0.9444444444444444,0.007643314814814815,0.09719577777777777,108,0,2,monthly_beme_inv,monthly size/profit/invest,uniform_high_overlap,27,calibration,iid,constant_a003,0.11827789185185185
-0.02840552143868303,-0.10730294826987669,0.017869115610329212,0.102891,0.102891,4.0,26.0,0.962962962962963,0.009480231481481482,0.11743285185185184,108,7,1,monthly_beme_inv,monthly size/profit/invest,uniform_high_overlap,27,calibration,iid,constant_a004,0.11827789185185185
0.01314996050534977,-0.01328645942600822,0.03705668548098771,0.026217999999999998,0.026217999999999998,5.0,26.0,0.9537037037037037,0.011261194444444447,0.1134698888888889,108,0,2,monthly_beme_inv,monthly size/profit/invest,uniform_high_overlap,27,calibration,iid,constant_a005,0.11827789185185185
0.009193348469135798,-0.019459133012345652,0.04313202250728398,0.031923,inf,3.0,26.0,0.9722222222222222,0.008031666666666666,0.08997851851851851,108,10,1,monthly_beme_inv,monthly size/profit/invest,uniform_high_overlap,27,calibration,iid,constant_a006,0.11827789185185185
0.04867930773117621,0.017324099436653893,0.08694918936936182,-0.03561,inf,3.0,26.0,0.9722222222222222,0.010627296296296298,0.10327848148148148,108,10,1,monthly_beme_inv,monthly size/profit/invest,uniform_high_overlap,27,calibration,iid,constant_a007,0.11827789185185185
0.019459217914403283,0.012946921155555543,0.03248381143209878,-0.039998,inf,1.0,26.0,0.9907407407407407,0.0056105277777777785,0.11024014814814816,108,72,0,monthly_beme_inv,monthly size/profit/invest,uniform_high_overlap,27,calibration,iid,constant_a008,0.11827789185185185
-0.0019156977175926984,-0.03990679217991407,0.057096541938415936,-0.033797,inf,2.0,26.0,0.9814814814814815,0.010969518518518519,0.13062,108,27,1,monthly_beme_inv,monthly size/profit/invest,uniform_high_overlap,27,calibration,iid,constant_a009,0.11827789185185185
-0.05800216912427972,-0.14800739042139913,0.013330814637736645,0.134339,0.134339,5.0,26.0,0.9537037037037037,0.008336898148148149,0.13666044444444442,108,0,2,monthly_beme_inv,monthly size/profit/invest,uniform_high_overlap,27,calibration,iid,constant_a010,0.11827789185185185
-0.04559653903209865,-0.12656921174082317,0.01987016613152263,0.118802,0.118802,6.0,26.0,0.9444444444444444,0.009281564814814814,0.0990418148148148,108,0,2,monthly_beme_inv,monthly size/profit/invest,uniform_high_overlap,27,calibration,iid,constant_a011,0.11827789185185185
-8.67256049382657e-05,-0.026919891346502058,0.01702414430288065,0.021384,0.021384,3.0,26.0,0.9722222222222222,0.01044275925925926,0.11443203703703704,108,3,1,monthly_beme_inv,monthly size/profit/invest,uniform_high_overlap,27,calibration,iid,constant_a012,0.11827789185185185
0.06532329383868324,0.012936889708765416,0.1823570952151854,-0.00976,-0.00976,5.0,26.0,0.9537037037037037,0.009317546296296296,0.12716503703703705,108,4,2,monthly_beme_inv,monthly size/profit/invest,uniform_high_overlap,27,calibration,iid,constant_a013,0.11827789185185185
-0.015002595717560208,-0.1142427761707543,0.06692701402123571,0.023940000000000003,0.023940000000000003,6.0,26.0,0.9444444444444444,0.002895814814814816,0.14171644444444445,108,0,2,monthly_beme_inv,monthly size/profit/invest,uniform_high_overlap,27,calibration,iid,constant_a014,0.11827789185185185
-0.012230829651258062,-0.04660049798006921,0.04510957812924584,-0.012655999999999999,inf,1.0,26.0,0.9907407407407407,0.00806975925925926,0.15166288888888887,108,75,0,monthly_beme_inv,monthly size/profit/invest,uniform_high_overlap,27,calibration,iid,constant_a015,0.11827789185185185
0.023038107728395058,0.011050403562139908,0.043473008665061756,-0.009008,-0.009008,3.0,26.0,0.9722222222222222,0.007727046296296298,0.13265266666666667,108,9,1,monthly_beme_inv,monthly size/profit/invest,uniform_high_overlap,27,calibration,iid,constant_a016,0.11827789185185185
-0.037064484401645975,-0.14144173442641977,0.02287765447567904,0.163866,0.163866,4.0,26.0,0.962962962962963,0.006241351851851851,0.15278481481481482,108,7,1,monthly_beme_inv,monthly size/profit/invest,uniform_high_overlap,27,calibration,iid,constant_a017,0.11827789185185185
0.04736286883786014,0.005004697553539097,0.11758841652345678,0.0016120000000000002,0.0016120000000000004,7.0,26.0,0.9351851851851852,0.005075231481481484,0.2541734074074074,108,0,2,monthly_beme_inv,monthly size/profit/invest,uniform_high_overlap,27,calibration,iid,constant_a018,0.11827789185185185
0.06750109611353944,0.01932354122861302,0.13228407329869454,0.023993,inf,3.0,26.0,0.9722222222222222,0.0042173333333333325,0.147348,108,10,1,monthly_beme_inv,monthly size/profit/invest,uniform_high_overlap,27,calibration,iid,constant_a019,0.11827789185185185
-0.035395430442750606,-0.13262817437622712,0.015621746111988188,0.209161,0.209161,4.0,26.0,0.962962962962963,0.008245074074074075,0.13999414814814815,108,6,1,monthly_beme_inv,monthly size/profit/invest,uniform_high_overlap,27,calibration,iid,constant_a020,0.11827789185185185
0.018115554434812504,-0.014483227319200653,0.05140779254743406,0.019986,0.019986,7.0,26.0,0.9351851851851852,0.006383953703703705,0.15362255555555557,108,0,2,monthly_beme_inv,monthly size/profit/invest,uniform_high_overlap,27,calibration,iid,constant_a021,0.11827789185185185
0.025637904949794343,-0.025917939020534943,0.08272064383703695,0.049871,0.049871,5.0,26.0,0.9537037037037037,0.007549240740740741,0.166953037037037,108,1,2,monthly_beme_inv,monthly size/profit/invest,uniform_high_overlap,27,calibration,iid,constant_a022,0.11827789185185185
0.042158237820576226,0.007369496617283945,0.0921199239308641,-0.0035659999999999997,-0.0035659999999999997,4.0,26.0,0.962962962962963,0.010377666666666665,0.1526464814814815,108,7,1,monthly_beme_inv,monthly size/profit/invest,uniform_high_overlap,27,calibration,iid,constant_a023,0.11827789185185185
-0.0396485575506172,-0.10182275654415653,0.01633950360839505,0.08805500000000001,0.08805500000000001,6.0,26.0,0.9444444444444444,0.003429722222222222,0.15112655555555557,108,1,2,monthly_beme_inv,monthly size/profit/invest,uniform_high_overlap,27,calibration,iid,constant_a024,0.11827789185185185
0.016005444765432086,-0.019891590327571974,0.05018914954699593,0.042165079999999994,0.042165079999999994,3.0,26.0,0.9722222222222222,0.007931715555555555,0.11827789185185185,108,7,1,monthly_beme_inv,monthly size/profit/invest,uniform_high_overlap,27,calibration,iid,constant_equal_weight_public,0.11827789185185185
-0.008344214030052895,-0.05025034659306476,0.02259510040874487,0.053479000000000006,0.053479000000000006,5.0,26.0,0.9537037037037037,0.00639925,0.11877474074074072,108,1,2,monthly_beme_inv,monthly size/profit/invest,uniform_high_overlap,27,calibration,iid,momentum_12,0.11827789185185185
0.005434187457341233,-0.05867797908090979,0.06285178743717297,0.118802,inf,3.0,26.0,0.9722222222222222,0.005811675925925926,0.12731337037037035,108,13,1,monthly_beme_inv,monthly size/profit/invest,uniform_high_overlap,27,calibration,iid,low_vol_12,0.11827789185185185
-0.004173111867153188,-0.059884013806733374,0.03606527816017653,0.079277,0.07927700000000001,4.0,26.0,0.962962962962963,0.010428287037037036,0.13604655555555556,108,3,1,monthly_beme_inv,monthly size/profit/invest,uniform_high_overlap,27,calibration,iid,risk_adjusted_12,0.11827789185185185
-0.003060648606987403,-0.11096200105333903,0.07003946806143556,0.01291,0.012910000000000001,6.0,26.0,0.9444444444444444,0.003309574074074074,0.14225918518518518,108,0,2,monthly_beme_inv,monthly size/profit/invest,uniform_high_overlap,27,calibration,iid,ridge_return_train_only,0.11827789185185185
0.04609557161646102,0.018475551247736616,0.08134378088604943,-0.020699000000000002,-0.020699000000000002,5.0,26.0,0.9537037037037037,0.012389592592592593,0.1084932962962963,108,3,2,monthly_beme_inv,monthly size/profit/invest,uniform_high_overlap,27,calibration,block,constant_a000,0.11827789185185185
-0.01001678069794241,-0.055194233927942364,0.03333920124609059,0.056859,0.05685900000000001,4.0,26.0,0.962962962962963,0.005986157407407407,0.10714711111111111,108,2,1,monthly_beme_inv,monthly size/profit/invest,uniform_high_overlap,27,calibration,block,constant_a001,0.11827789185185185
-0.004518281160493841,-0.04473454413584357,0.015131500333374492,0.049111,0.049111,3.0,26.0,0.9722222222222222,0.008702425925925926,0.0971386296296296,108,7,1,monthly_beme_inv,monthly size/profit/invest,uniform_high_overlap,27,calibration,block,constant_a002,0.11827789185185185
0.03275927578271615,0.0034325216866666584,0.06836808276185195,0.026892,0.026892000000000003,6.0,26.0,0.9444444444444444,0.007643314814814815,0.09719577777777777,108,0,2,monthly_beme_inv,monthly size/profit/invest,uniform_high_overlap,27,calibration,block,constant_a003,0.11827789185185185
-0.02840552143868303,-0.10524288902176962,0.017998700783539077,0.102891,0.102891,4.0,26.0,0.962962962962963,0.009480231481481482,0.11743285185185184,108,5,1,monthly_beme_inv,monthly size/profit/invest,uniform_high_overlap,27,calibration,block,constant_a004,0.11827789185185185
0.01314996050534977,-0.011089537121604947,0.03494758506551447,0.026217999999999998,0.026217999999999998,5.0,26.0,0.9537037037037037,0.011261194444444447,0.1134698888888889,108,1,2,monthly_beme_inv,monthly size/profit/invest,uniform_high_overlap,27,calibration,block,constant_a005,0.11827789185185185
0.009193348469135798,-0.019506570026255117,0.038337413306255154,0.031923,0.031923,3.0,26.0,0.9722222222222222,0.008031666666666666,0.08997851851851851,108,9,1,monthly_beme_inv,monthly size/profit/invest,uniform_high_overlap,27,calibration,block,constant_a006,0.11827789185185185
0.04867930773117621,0.017005008536135048,0.08810621759991212,-0.03561,-0.03561,3.0,26.0,0.9722222222222222,0.010627296296296298,0.10327848148148148,108,8,1,monthly_beme_inv,monthly size/profit/invest,uniform_high_overlap,27,calibration,block,constant_a007,0.11827789185185185
0.019459217914403283,0.012946921155555539,0.03248381143209879,-0.039998,inf,1.0,26.0,0.9907407407407407,0.0056105277777777785,0.11024014814814816,108,68,0,monthly_beme_inv,monthly size/profit/invest,uniform_high_overlap,27,calibration,block,constant_a008,0.11827789185185185
-0.0019156977175926984,-0.04229331305131801,0.04493809171555712,-0.033797,inf,2.0,26.0,0.9814814814814815,0.010969518518518519,0.13062,108,27,1,monthly_beme_inv,monthly size/profit/invest,uniform_high_overlap,27,calibration,block,constant_a009,0.11827789185185185
-0.05800216912427972,-0.15567505381263372,0.018028254951440326,0.134339,0.134339,5.0,26.0,0.9537037037037037,0.008336898148148149,0.13666044444444442,108,2,2,monthly_beme_inv,monthly size/profit/invest,uniform_high_overlap,27,calibration,block,constant_a010,0.11827789185185185
-0.04559653903209865,-0.13535152788670793,0.023170731778930052,0.118802,0.118802,6.0,26.0,0.9444444444444444,0.009281564814814814,0.0990418148148148,108,2,2,monthly_beme_inv,monthly size/profit/invest,uniform_high_overlap,27,calibration,block,constant_a011,0.11827789185185185
-8.67256049382657e-05,-0.019361141359300414,0.014985532729218098,0.021384,inf,3.0,26.0,0.9722222222222222,0.01044275925925926,0.11443203703703704,108,16,1,monthly_beme_inv,monthly size/profit/invest,uniform_high_overlap,27,calibration,block,constant_a012,0.11827789185185185
0.06532329383868324,0.01311987165279834,0.1562868618570783,-0.00976,-0.00976,5.0,26.0,0.9537037037037037,0.009317546296296296,0.12716503703703705,108,0,2,monthly_beme_inv,monthly size/profit/invest,uniform_high_overlap,27,calibration,block,constant_a013,0.11827789185185185
-0.015002595717560208,-0.11947634693810963,0.07621032218778837,0.023940000000000003,0.023940000000000003,6.0,26.0,0.9444444444444444,0.002895814814814816,0.14171644444444445,108,2,2,monthly_beme_inv,monthly size/profit/invest,uniform_high_overlap,27,calibration,block,constant_a014,0.11827789185185185
-0.012230829651258062,-0.047613301565432205,0.049246615165012025,-0.012655999999999999,inf,1.0,26.0,0.9907407407407407,0.00806975925925926,0.15166288888888887,108,84,0,monthly_beme_inv,monthly size/profit/invest,uniform_high_overlap,27,calibration,block,constant_a015,0.11827789185185185
0.023038107728395058,0.011050403562139908,0.042431630400781885,-0.009008,-0.009008,3.0,26.0,0.9722222222222222,0.007727046296296298,0.13265266666666667,108,3,1,monthly_beme_inv,monthly size/profit/invest,uniform_high_overlap,27,calibration,block,constant_a016,0.11827789185185185
-0.037064484401645975,-0.12256663116214009,0.02324765401312759,0.163866,0.163866,4.0,26.0,0.962962962962963,0.006241351851851851,0.15278481481481482,108,4,1,monthly_beme_inv,monthly size/profit/invest,uniform_high_overlap,27,calibration,block,constant_a017,0.11827789185185185
0.04736286883786014,0.005013996568559665,0.11334823733078184,0.0016120000000000002,0.0016120000000000004,7.0,26.0,0.9351851851851852,0.005075231481481484,0.2541734074074074,108,0,2,monthly_beme_inv,monthly size/profit/invest,uniform_high_overlap,27,calibration,block,constant_a018,0.11827789185185185
0.06750109611353944,0.023411338055828766,0.1373343250157234,0.023993,0.023993,3.0,26.0,0.9722222222222222,0.0042173333333333325,0.147348,108,1,1,monthly_beme_inv,monthly size/profit/invest,uniform_high_overlap,27,calibration,block,constant_a019,0.11827789185185185
-0.035395430442750606,-0.11536738684580791,0.022206794742085458,0.209161,0.209161,4.0,26.0,0.962962962962963,0.008245074074074075,0.13999414814814815,108,2,1,monthly_beme_inv,monthly size/profit/invest,uniform_high_overlap,27,calibration,block,constant_a020,0.11827789185185185
0.018115554434812504,-0.015248638200726427,0.051978772806918115,0.019986,0.019986,7.0,26.0,0.9351851851851852,0.006383953703703705,0.15362255555555557,108,0,2,monthly_beme_inv,monthly size/profit/invest,uniform_high_overlap,27,calibration,block,constant_a021,0.11827789185185185
0.025637904949794343,-0.03725227281641972,0.08080135953193401,0.049871,0.049871,5.0,26.0,0.9537037037037037,0.007549240740740741,0.166953037037037,108,0,2,monthly_beme_inv,monthly size/profit/invest,uniform_high_overlap,27,calibration,block,constant_a022,0.11827789185185185
0.042158237820576226,0.007369496617283949,0.0929011035604937,-0.0035659999999999997,-0.0035659999999999997,4.0,26.0,0.962962962962963,0.010377666666666665,0.1526464814814815,108,3,1,monthly_beme_inv,monthly size/profit/invest,uniform_high_overlap,27,calibration,block,constant_a023,0.11827789185185185
-0.0396485575506172,-0.10442473623283964,0.006516530851769567,0.08805500000000001,0.08805500000000001,6.0,26.0,0.9444444444444444,0.003429722222222222,0.15112655555555557,108,0,2,monthly_beme_inv,monthly size/profit/invest,uniform_high_overlap,27,calibration,block,constant_a024,0.11827789185185185
0.016005444765432086,-0.013588486808230441,0.04559937633909471,0.042165079999999994,inf,3.0,26.0,0.9722222222222222,0.007931715555555555,0.11827789185185185,108,11,1,monthly_beme_inv,monthly size/profit/invest,uniform_high_overlap,27,calibration,block,constant_equal_weight_public,0.11827789185185185
-0.008344214030052895,-0.047139963693069144,0.022188301145543352,0.053479000000000006,0.053479000000000006,5.0,26.0,0.9537037037037037,0.00639925,0.11877474074074072,108,0,2,monthly_beme_inv,monthly size/profit/invest,uniform_high_overlap,27,calibration,block,momentum_12,0.11827789185185185
0.005434187457341233,-0.07152094774723236,0.06312243563269468,0.118802,0.118802,3.0,26.0,0.9722222222222222,0.005811675925925926,0.12731337037037035,108,6,1,monthly_beme_inv,monthly size/profit/invest,uniform_high_overlap,27,calibration,block,low_vol_12,0.11827789185185185
-0.004173111867153188,-0.05710386419406482,0.03763029254958867,0.079277,0.07927700000000001,4.0,26.0,0.962962962962963,0.010428287037037036,0.13604655555555556,108,3,1,monthly_beme_inv,monthly size/profit/invest,uniform_high_overlap,27,calibration,block,risk_adjusted_12,0.11827789185185185
-0.003060648606987403,-0.10828870054429449,0.08687956804622811,0.01291,0.012910000000000001,6.0,26.0,0.9444444444444444,0.003309574074074074,0.14225918518518518,108,2,2,monthly_beme_inv,monthly size/profit/invest,uniform_high_overlap,27,calibration,block,ridge_return_train_only,0.11827789185185185
0.030388453505882446,-0.01091657258689543,0.07690386343235298,0.04687,0.04687,8.0,26.0,0.9411764705882353,0.012615316176470588,0.0930109705882353,136,0,2,monthly_beme_inv,monthly size/profit/invest,uniform_high_overlap,27,test,iid,constant_a000,0.11827789185185185
0.014485569683660098,-0.006905930316339853,0.03293685943513073,0.018455,0.018455,4.0,26.0,0.9705882352941176,0.013102345588235295,0.08792349999999999,136,4,1,monthly_beme_inv,monthly size/profit/invest,uniform_high_overlap,27,test,iid,constant_a001,0.11827789185185185
-0.022456767816993357,-0.07038121742245093,0.0158013921111111,0.088063,0.088063,6.0,26.0,0.9558823529411765,0.012018411764705882,0.09237323529411764,136,0,2,monthly_beme_inv,monthly size/profit/invest,uniform_high_overlap,27,test,iid,constant_a002,0.11827789185185185
0.0537421285071897,0.01182339211111111,0.11693372629999998,-0.007069999999999999,-0.007069999999999999,4.0,26.0,0.9705882352941176,0.012507904411764706,0.08533364705882353,136,4,1,monthly_beme_inv,monthly size/profit/invest,uniform_high_overlap,27,test,iid,constant_a003,0.11827789185185185
-0.010988840979084981,-0.06447226224784312,0.045870850169509834,0.067084,0.067084,7.0,26.0,0.9485294117647058,0.016923816176470586,0.12503776470588232,136,0,2,monthly_beme_inv,monthly size/profit/invest,uniform_high_overlap,27,test,iid,constant_a004,0.11827789185185185
-0.008083723332026102,-0.08585250461022871,0.063176087292353,0.09027400000000001,0.09027400000000001,7.0,26.0,0.9485294117647058,0.008262551470588235,0.08173532352941176,136,0,2,monthly_beme_inv,monthly size/profit/invest,uniform_high_overlap,27,test,iid,constant_a005,0.11827789185185185
0.004659260125490197,-0.008647790601601311,0.012946921155555553,0.01287,inf,2.0,26.0,0.9852941176470589,0.010530345588235294,0.08785285294117647,136,29,1,monthly_beme_inv,monthly size/profit/invest,uniform_high_overlap,27,test,iid,constant_a006,0.11827789185185185
0.020234964123572462,-0.011403551226731241,0.049329784130964435,0.040513,0.04051300000000001,7.0,26.0,0.9485294117647058,0.009129316176470588,0.08401394117647058,136,0,2,monthly_beme_inv,monthly size/profit/invest,uniform_high_overlap,27,test,iid,constant_a007,0.11827789185185185
0.005076467477124157,-0.03280533289937905,0.03603638957267977,0.047793,0.047793,6.0,26.0,0.9558823529411765,0.00976945588235294,0.09247982352941177,136,1,2,monthly_beme_inv,monthly size/profit/invest,uniform_high_overlap,27,test,iid,constant_a008,0.11827789185185185
0.018938082147088284,-0.025142915597049967,0.078703874313264,0.025640999999999997,0.025641,7.0,26.0,0.9485294117647058,0.011968948529411766,0.10100061764705882,136,0,2,monthly_beme_inv,monthly size/profit/invest,uniform_high_overlap,27,test,iid,constant_a009,0.11827789185185185
-0.010347826273202564,-0.09656129685258168,0.05679136564839874,0.11627699999999999,0.116277,7.0,26.0,0.9485294117647058,0.008373220588235294,0.12336,136,0,2,monthly_beme_inv,monthly size/profit/invest,uniform_high_overlap,27,test,iid,constant_a010,0.11827789185185185
0.011086864535947712,-0.026279479251764718,0.054686686254673274,0.052179,0.052179,6.0,26.0,0.9558823529411765,0.011226360294117646,0.10341623529411764,136,1,2,monthly_beme_inv,monthly size/profit/invest,uniform_high_overlap,27,test,iid,constant_a011,0.11827789185185185
0.007208276300653566,-0.015262163406535927,0.028930980372647064,0.019001999999999998,0.019001999999999998,6.0,26.0,0.9558823529411765,0.008645838235294119,0.10809861764705882,136,0,2,monthly_beme_inv,monthly size/profit/invest,uniform_high_overlap,27,test,iid,constant_a012,0.11827789185185185
0.018080980346405255,0.01294692115555555,0.028349098728104587,-0.039802,inf,1.0,26.0,0.9926470588235294,0.010076757352941175,0.10753394117647058,136,82,0,monthly_beme_inv,monthly size/profit/invest,uniform_high_overlap,27,test,iid,constant_a013,0.11827789185185185
0.0068742865168619,-0.059884268331368055,0.054012630460068774,0.058054,0.058054,7.0,26.0,0.9485294117647058,0.008284867647058825,0.11493285294117647,136,0,2,monthly_beme_inv,monthly size/profit/invest,uniform_high_overlap,27,test,iid,constant_a014,0.11827789185185185
0.0120371835952833,-0.03755847667012977,0.07839997635995297,0.039816,0.039816,5.0,26.0,0.9632352941176471,0.008826257352941177,0.12884785294117648,136,0,2,monthly_beme_inv,monthly size/profit/invest,uniform_high_overlap,27,test,iid,constant_a015,0.11827789185185185
-0.023995929581699244,-0.07765418028156858,0.011757171917091502,0.076984,0.076984,6.0,26.0,0.9558823529411765,0.008927345588235295,0.1193340588235294,136,0,2,monthly_beme_inv,monthly size/profit/invest,uniform_high_overlap,27,test,iid,constant_a016,0.11827789185185185
0.03541789394771248,0.0005607840117320241,0.07366312220866017,0.037709,0.037709,6.0,26.0,0.9558823529411765,0.011229257352941177,0.11723499999999999,136,1,2,monthly_beme_inv,monthly size/profit/invest,uniform_high_overlap,27,test,iid,constant_a017,0.11827789185185185
0.026311570050980424,-0.03088146668552286,0.07953116638369274,0.063432,0.063432,5.0,26.0,0.9632352941176471,0.008399514705882353,0.11210208823529413,136,1,2,monthly_beme_inv,monthly size/profit/invest,uniform_high_overlap,27,test,iid,constant_a018,0.11827789185185185
-0.04989117304290657,-0.13884835041985785,0.02203715140405406,0.120603,0.12060300000000002,6.0,26.0,0.9558823529411765,0.00865529411764706,0.12635044117647057,136,0,2,monthly_beme_inv,monthly size/profit/invest,uniform_high_overlap,27,test,iid,constant_a019,0.11827789185185185
0.027407528994836738,-0.021702931368312313,0.10974747036206543,0.020066,inf,3.0,26.0,0.9779411764705882,0.012099382352941175,0.14358485294117646,136,12,1,monthly_beme_inv,monthly size/profit/invest,uniform_high_overlap,27,test,iid,constant_a020,0.11827789185185185
0.006194040100785883,-0.03987830129184289,0.04665035718613904,0.039135,0.039135,5.0,26.0,0.9632352941176471,0.01222494117647059,0.14384626470588235,136,0,2,monthly_beme_inv,monthly size/profit/invest,uniform_high_overlap,27,test,iid,constant_a021,0.11827789185185185
0.04445381968366023,0.014558745052287577,0.08284460056470586,-0.021377999999999998,-0.021377999999999998,4.0,26.0,0.9705882352941176,0.017123066176470587,0.1353010882352941,136,2,1,monthly_beme_inv,monthly size/profit/invest,uniform_high_overlap,27,test,iid,constant_a022,0.11827789185185185
0.024967393213071967,-0.030248314507516326,0.0907422163751633,0.046146,0.046146000000000006,4.0,26.0,0.9705882352941176,0.008874250000000002,0.14966720588235294,136,3,1,monthly_beme_inv,monthly size/profit/invest,uniform_high_overlap,27,test,iid,constant_a023,0.11827789185185185
0.008852982550326807,-0.040978578083888856,0.04309483585849679,0.063486,0.063486,7.0,26.0,0.9485294117647058,0.009983330882352941,0.15231129411764704,136,0,2,monthly_beme_inv,monthly size/profit/invest,uniform_high_overlap,27,test,iid,constant_a024,0.11827789185185185
0.012946921155555527,0.01294692115555555,0.012946921155555555,,inf,0.0,0.0,1.0,0.010791123823529411,0.10181459294117648,136,200,0,monthly_beme_inv,monthly size/profit/invest,uniform_high_overlap,27,test,iid,constant_equal_weight_public,0.11827789185185185
0.0016798458271533381,-0.021294949651621944,0.01366829682163344,0.025632000000000005,0.025632000000000005,4.0,26.0,0.9705882352941176,0.014479683823529411,0.10938723529411763,136,2,1,monthly_beme_inv,monthly size/profit/invest,uniform_high_overlap,27,test,iid,momentum_12,0.11827789185185185
0.032069830938332294,-0.004414474825231483,0.07556959766857764,0.04687,0.04687,6.0,26.0,0.9558823529411765,0.00839615323529412,0.10006255882352941,136,1,2,monthly_beme_inv,monthly size/profit/invest,uniform_high_overlap,27,test,iid,low_vol_12,0.11827789185185185
0.01670686056150306,-0.029221874263525502,0.06293244389142058,0.05267499999999999,0.052675,4.0,26.0,0.9705882352941176,0.009734536764705884,0.10477579411764705,136,2,1,monthly_beme_inv,monthly size/profit/invest,uniform_high_overlap,27,test,iid,risk_adjusted_12,0.11827789185185185
-0.023412507023513177,-0.11952265979300879,0.05804414030721265,0.058054,0.058054,8.0,26.0,0.9411764705882353,0.008417963235294118,0.12627861764705883,136,0,2,monthly_beme_inv,monthly size/profit/invest,uniform_high_overlap,27,test,iid,ridge_return_train_only,0.11827789185185185
0.030388453505882446,-0.004635725961960788,0.07752593033362748,0.04687,0.04687,8.0,26.0,0.9411764705882353,0.012615316176470588,0.0930109705882353,136,0,2,monthly_beme_inv,monthly size/profit/invest,uniform_high_overlap,27,test,block,constant_a000,0.11827789185185185
0.014485569683660098,-0.004152953855915029,0.03535146418732027,0.018455,0.018455,4.0,26.0,0.9705882352941176,0.013102345588235295,0.08792349999999999,136,4,1,monthly_beme_inv,monthly size/profit/invest,uniform_high_overlap,27,test,block,constant_a001,0.11827789185185185
-0.022456767816993357,-0.0634229865587908,0.014946078517352947,0.088063,0.088063,6.0,26.0,0.9558823529411765,0.012018411764705882,0.09237323529411764,136,0,2,monthly_beme_inv,monthly size/profit/invest,uniform_high_overlap,27,test,block,constant_a002,0.11827789185185185
0.0537421285071897,0.01182339211111111,0.10664964615294109,-0.007069999999999999,-0.007069999999999999,4.0,26.0,0.9705882352941176,0.012507904411764706,0.08533364705882353,136,4,1,monthly_beme_inv,monthly size/profit/invest,uniform_high_overlap,27,test,block,constant_a003,0.11827789185185185
-0.010988840979084981,-0.06704296010722219,0.04039432119885623,0.067084,0.067084,7.0,26.0,0.9485294117647058,0.016923816176470586,0.12503776470588232,136,0,2,monthly_beme_inv,monthly size/profit/invest,uniform_high_overlap,27,test,block,constant_a004,0.11827789185185185
-0.008083723332026102,-0.07212858917921568,0.05873590867196079,0.09027400000000001,0.09027400000000001,7.0,26.0,0.9485294117647058,0.008262551470588235,0.08173532352941176,136,0,2,monthly_beme_inv,monthly size/profit/invest,uniform_high_overlap,27,test,block,constant_a005,0.11827789185185185
0.004659260125490197,-0.00882820825816992,0.012946921155555555,0.01287,inf,2.0,26.0,0.9852941176470589,0.010530345588235294,0.08785285294117647,136,21,1,monthly_beme_inv,monthly size/profit/invest,uniform_high_overlap,27,test,block,constant_a006,0.11827789185185185
0.020234964123572462,-0.007070406629260911,0.05097132061973136,0.040513,0.04051300000000001,7.0,26.0,0.9485294117647058,0.009129316176470588,0.08401394117647058,136,0,2,monthly_beme_inv,monthly size/profit/invest,uniform_high_overlap,27,test,block,constant_a007,0.11827789185185185
0.005076467477124157,-0.030567264858104546,0.0360170880843791,0.047793,0.04779300000000001,6.0,26.0,0.9558823529411765,0.00976945588235294,0.09247982352941177,136,0,2,monthly_beme_inv,monthly size/profit/invest,uniform_high_overlap,27,test,block,constant_a008,0.11827789185185185
0.018938082147088284,-0.022066441127211314,0.08593413187428181,0.025640999999999997,0.025641,7.0,26.0,0.9485294117647058,0.011968948529411766,0.10100061764705882,136,0,2,monthly_beme_inv,monthly size/profit/invest,uniform_high_overlap,27,test,block,constant_a009,0.11827789185185185
-0.010347826273202564,-0.08371029501434635,0.06322397150254909,0.11627699999999999,0.116277,7.0,26.0,0.9485294117647058,0.008373220588235294,0.12336,136,0,2,monthly_beme_inv,monthly size/profit/invest,uniform_high_overlap,27,test,block,constant_a010,0.11827789185185185
0.011086864535947712,-0.020088186972026124,0.04927537485728763,0.052179,0.052179,6.0,26.0,0.9558823529411765,0.011226360294117646,0.10341623529411764,136,0,2,monthly_beme_inv,monthly size/profit/invest,uniform_high_overlap,27,test,block,constant_a011,0.11827789185185185
0.007208276300653566,-0.01900210713718953,0.030794363055849684,0.019001999999999998,0.019001999999999998,6.0,26.0,0.9558823529411765,0.008645838235294119,0.10809861764705882,136,1,2,monthly_beme_inv,monthly size/profit/invest,uniform_high_overlap,27,test,block,constant_a012,0.11827789185185185
0.018080980346405255,0.01294692115555555,0.028349098728104587,-0.039802,inf,1.0,26.0,0.9926470588235294,0.010076757352941175,0.10753394117647058,136,77,0,monthly_beme_inv,monthly size/profit/invest,uniform_high_overlap,27,test,block,constant_a013,0.11827789185185185
0.0068742865168619,-0.059832340924559635,0.05572498700706326,0.058054,0.058054,7.0,26.0,0.9485294117647058,0.008284867647058825,0.11493285294117647,136,0,2,monthly_beme_inv,monthly size/profit/invest,uniform_high_overlap,27,test,block,constant_a014,0.11827789185185185
0.0120371835952833,-0.031715146477311905,0.07173300532197727,0.039816,0.039816,5.0,26.0,0.9632352941176471,0.008826257352941177,0.12884785294117648,136,1,2,monthly_beme_inv,monthly size/profit/invest,uniform_high_overlap,27,test,block,constant_a015,0.11827789185185185
-0.023995929581699244,-0.07433371892124181,0.012480940649052292,0.076984,0.076984,6.0,26.0,0.9558823529411765,0.008927345588235295,0.1193340588235294,136,0,2,monthly_beme_inv,monthly size/profit/invest,uniform_high_overlap,27,test,block,constant_a016,0.11827789185185185
0.03541789394771248,-0.00642598212637255,0.07808934649140527,0.037709,0.037709,6.0,26.0,0.9558823529411765,0.011229257352941177,0.11723499999999999,136,0,2,monthly_beme_inv,monthly size/profit/invest,uniform_high_overlap,27,test,block,constant_a017,0.11827789185185185
0.026311570050980424,-0.024388381438627437,0.08656634872810454,0.063432,0.063432,5.0,26.0,0.9632352941176471,0.008399514705882353,0.11210208823529413,136,1,2,monthly_beme_inv,monthly size/profit/invest,uniform_high_overlap,27,test,block,constant_a018,0.11827789185185185
-0.04989117304290657,-0.13271885375954517,0.019615961827870204,0.120603,0.12060300000000002,6.0,26.0,0.9558823529411765,0.00865529411764706,0.12635044117647057,136,0,2,monthly_beme_inv,monthly size/profit/invest,uniform_high_overlap,27,test,block,constant_a019,0.11827789185185185
0.027407528994836738,-0.02295896594530255,0.1105359549979885,0.020066,inf,3.0,26.0,0.9779411764705882,0.012099382352941175,0.14358485294117646,136,12,1,monthly_beme_inv,monthly size/profit/invest,uniform_high_overlap,27,test,block,constant_a020,0.11827789185185185
0.006194040100785883,-0.045893251369073934,0.03933230857547263,0.039135,0.039135,5.0,26.0,0.9632352941176471,0.01222494117647059,0.14384626470588235,136,2,2,monthly_beme_inv,monthly size/profit/invest,uniform_high_overlap,27,test,block,constant_a021,0.11827789185185185
0.04445381968366023,0.017782392845751626,0.08129391930584967,-0.021377999999999998,-0.021377999999999998,4.0,26.0,0.9705882352941176,0.017123066176470587,0.1353010882352941,136,1,1,monthly_beme_inv,monthly size/profit/invest,uniform_high_overlap,27,test,block,constant_a022,0.11827789185185185
0.024967393213071967,-0.030231562669281037,0.0988734219170915,0.046146,0.046146000000000006,4.0,26.0,0.9705882352941176,0.008874250000000002,0.14966720588235294,136,2,1,monthly_beme_inv,monthly size/profit/invest,uniform_high_overlap,27,test,block,constant_a023,0.11827789185185185
0.008852982550326807,-0.025941106438954222,0.04743362554503272,0.063486,0.063486,7.0,26.0,0.9485294117647058,0.009983330882352941,0.15231129411764704,136,0,2,monthly_beme_inv,monthly size/profit/invest,uniform_high_overlap,27,test,block,constant_a024,0.11827789185185185
0.012946921155555527,0.012946921155555548,0.012946921155555555,,inf,0.0,0.0,1.0,0.010791123823529411,0.10181459294117648,136,200,0,monthly_beme_inv,monthly size/profit/invest,uniform_high_overlap,27,test,block,constant_equal_weight_public,0.11827789185185185
0.0016798458271533381,-0.019391968025419672,0.014144111007269354,0.025632000000000005,0.025632000000000005,4.0,26.0,0.9705882352941176,0.014479683823529411,0.10938723529411763,136,5,1,monthly_beme_inv,monthly size/profit/invest,uniform_high_overlap,27,test,block,momentum_12,0.11827789185185185
0.032069830938332294,-0.0049043232241679224,0.07319719000960645,0.04687,0.04687,6.0,26.0,0.9558823529411765,0.00839615323529412,0.10006255882352941,136,0,2,monthly_beme_inv,monthly size/profit/invest,uniform_high_overlap,27,test,block,low_vol_12,0.11827789185185185
0.01670686056150306,-0.01856727618169309,0.05388965774984819,0.05267499999999999,0.052675,4.0,26.0,0.9705882352941176,0.009734536764705884,0.10477579411764705,136,4,1,monthly_beme_inv,monthly size/profit/invest,uniform_high_overlap,27,test,block,risk_adjusted_12,0.11827789185185185
-0.023412507023513177,-0.12177882588488212,0.049861257988177664,0.058054,0.058054,8.0,26.0,0.9411764705882353,0.008417963235294118,0.12627861764705883,136,0,2,monthly_beme_inv,monthly size/profit/invest,uniform_high_overlap,27,test,block,ridge_return_train_only,0.11827789185185185
0.04560881422223036,-0.007981063001117826,0.12935338722530237,0.017432,0.017432,3.989944011345152,28.91790154649816,0.9630560739690264,0.012389592592592593,0.1084932962962963,108,2,1,monthly_beme_inv,monthly size/profit/invest,softmax_high_entropy,7,calibration,iid,constant_a000,0.11827789185185185
0.03439239795053866,0.004576212081591411,0.07690385282637861,-0.031745,inf,1.9948700279468987,28.531739147592557,0.9815289812227139,0.005986157407407407,0.10714711111111111,108,25,0,monthly_beme_inv,monthly size/profit/invest,softmax_high_entropy,7,calibration,iid,constant_a001,0.11827789185185185
0.01793655519498989,-0.009567011227748954,0.05563765960785382,0.035512999999999996,0.035512999999999996,4.971350881339728,26.343986150360553,0.9539689733209284,0.008702425925925926,0.0971386296296296,108,1,1,monthly_beme_inv,monthly size/profit/invest,softmax_high_entropy,7,calibration,iid,constant_a002,0.11827789185185185
-0.035510785278321313,-0.10955527348595105,0.01089008439630507,0.147307,0.147307,3.9756829077775393,27.655249281835257,0.9631881212242821,0.007643314814814815,0.09719577777777777,108,3,1,monthly_beme_inv,monthly size/profit/invest,softmax_high_entropy,7,calibration,iid,constant_a003,0.11827789185185185
0.010278495640718009,-0.009218720539058013,0.03501041033158299,0.016794,0.016794,2.9874647078072045,25.945834904882165,0.9723382897425259,0.009480231481481482,0.11743285185185184,108,9,1,monthly_beme_inv,monthly size/profit/invest,softmax_high_entropy,7,calibration,iid,constant_a004,0.11827789185185185
0.038441852931324745,0.01074436903765012,0.08049221716958085,-0.011309,-0.011309,3.9908131846685237,26.47184780767338,0.9630480260678841,0.011261194444444447,0.1134698888888889,108,2,1,monthly_beme_inv,monthly size/profit/invest,softmax_high_entropy,7,calibration,iid,constant_a005,0.11827789185185185
0.0058729664662445676,-0.05806298147456448,0.06514351653477608,0.10068099999999999,0.100681,3.983542448775814,24.88130107324779,0.9631153476965202,0.008031666666666666,0.08997851851851851,108,5,1,monthly_beme_inv,monthly size/profit/invest,softmax_high_entropy,7,calibration,iid,constant_a006,0.11827789185185185
0.029027739890391584,-0.0053051373777902545,0.08854833817248178,0.015121,0.015121000000000002,4.984965060603807,28.233334372758605,0.9538429161055203,0.010627296296296298,0.10327848148148148,108,0,1,monthly_beme_inv,monthly size/profit/invest,softmax_high_entropy,7,calibration,iid,constant_a007,0.11827789185185185
-0.005299810364882374,-0.037836645640736376,0.011607126368311413,0.055785,inf,1.9995469439375055,27.02866442491269,0.981485676445023,0.0056105277777777785,0.11024014814814816,108,24,0,monthly_beme_inv,monthly size/profit/invest,softmax_high_entropy,7,calibration,iid,constant_a008,0.11827789185185185
0.01707667839890457,0.009483517633504256,0.02642415966232104,-0.005857,-0.005856999999999999,4.940728671210079,26.12824911636532,0.9542525123036104,0.010969518518518519,0.13062,108,3,1,monthly_beme_inv,monthly size/profit/invest,softmax_high_entropy,7,calibration,iid,constant_a009,0.11827789185185185
0.020546799327072138,-0.010566960630982902,0.056545890139473,0.03932,0.03932,5.991167781439587,28.324079812268987,0.9445262242459298,0.008336898148148149,0.13666044444444442,108,0,2,monthly_beme_inv,monthly size/profit/invest,softmax_high_entropy,7,calibration,iid,constant_a010,0.11827789185185185
-0.0016325222004072238,-0.04633139837731137,0.03887907879675623,0.084734,inf,1.9999858597732445,27.78576120156911,0.981481612409507,0.009281564814814814,0.0990418148148148,108,22,0,monthly_beme_inv,monthly size/profit/invest,softmax_high_entropy,7,calibration,iid,constant_a011,0.11827789185185185
-0.0337975206578241,-0.1148645798871389,0.014661524902164883,0.090283,0.090283,3.9953169480577073,26.520989724472837,0.9630063245550212,0.01044275925925926,0.11443203703703704,108,5,1,monthly_beme_inv,monthly size/profit/invest,softmax_high_entropy,7,calibration,iid,constant_a012,0.11827789185185185
0.027369581137567486,0.0017318257835387298,0.06231066829558989,0.030941999999999997,0.030942,5.9680982590431455,28.232364330875836,0.9447398309347856,0.009317546296296296,0.12716503703703705,108,1,2,monthly_beme_inv,monthly size/profit/invest,softmax_high_entropy,7,calibration,iid,constant_a013,0.11827789185185185
0.008787924403299783,-0.0050189339910204295,0.02259702910399105,0.015881,inf,1.9954111500885108,27.81318864076653,0.9815239708325137,0.002895814814814816,0.14171644444444445,108,22,0,monthly_beme_inv,monthly size/profit/invest,softmax_high_entropy,7,calibration,iid,constant_a014,0.11827789185185185
0.047359219500751816,-0.039590387190142746,0.15036374045521259,0.056961000000000005,0.05696100000000001,7.949385563404675,29.514860769057965,0.9263945781166234,0.00806975925925926,0.15166288888888887,108,0,2,monthly_beme_inv,monthly size/profit/invest,softmax_high_entropy,7,calibration,iid,constant_a015,0.11827789185185185
0.006968402033244333,0.0007252876519906532,0.010330088177777775,0.00303,inf,1.997084172696822,27.238997003874793,0.9815084798824368,0.007727046296296298,0.13265266666666667,108,23,0,monthly_beme_inv,monthly size/profit/invest,softmax_high_entropy,7,calibration,iid,constant_a016,0.11827789185185185
0.0029831779132790705,-0.03705653864925354,0.03955276063248018,0.061384,0.06138400000000001,4.995067528313871,27.354556924750977,0.9537493747378345,0.006241351851851851,0.15278481481481482,108,1,1,monthly_beme_inv,monthly size/profit/invest,softmax_high_entropy,7,calibration,iid,constant_a017,0.11827789185185185
0.010330088177777776,0.010330088177777768,0.010330088177777778,,inf,0.0,0.0,1.0,0.005075231481481484,0.2541734074074074,108,200,0,monthly_beme_inv,monthly size/profit/invest,softmax_high_entropy,7,calibration,iid,constant_a018,0.11827789185185185
-0.0022676706377394297,-0.03550732484253127,0.024481302465114572,0.041324,0.041324,2.9717954525613286,31.92598436931424,0.972483375439247,0.0042173333333333325,0.147348,108,5,1,monthly_beme_inv,monthly size/profit/invest,softmax_high_entropy,7,calibration,iid,constant_a019,0.11827789185185185
0.040706706422016244,0.013620658305565523,0.07568787982127335,-0.012877,-0.012877000000000001,4.9817917759300245,24.49914079314164,0.9538722983710183,0.008245074074074075,0.13999414814814815,108,1,1,monthly_beme_inv,monthly size/profit/invest,softmax_high_entropy,7,calibration,iid,constant_a020,0.11827789185185185
0.025421561662978556,-0.052143499160567354,0.10171487487994633,0.09643700000000001,0.09643700000000001,8.928902860541248,31.68015433224103,0.917324973513507,0.006383953703703705,0.15362255555555557,108,0,2,monthly_beme_inv,monthly size/profit/invest,softmax_high_entropy,7,calibration,iid,constant_a021,0.11827789185185185
0.039538192286686334,0.008587761858535757,0.07843414501102418,0.016865,0.016865,4.955436374052327,26.722137090907353,0.9541163298698858,0.007549240740740741,0.166953037037037,108,0,1,monthly_beme_inv,monthly size/profit/invest,softmax_high_entropy,7,calibration,iid,constant_a022,0.11827789185185185
0.17988467866553534,0.08169320870155809,0.3355085593361752,-0.06101399999999999,inf,1.9695126343349763,31.708802284959756,0.9817637719043057,0.010377666666666665,0.1526464814814815,108,27,0,monthly_beme_inv,monthly size/profit/invest,softmax_high_entropy,7,calibration,iid,constant_a023,0.11827789185185185
0.04698331957035145,-0.018080339097708766,0.13434951547274093,0.071836,0.071836,6.928062583987881,32.502231671127504,0.9358512723704826,0.003429722222222222,0.15112655555555557,108,0,2,monthly_beme_inv,monthly size/profit/invest,softmax_high_entropy,7,calibration,iid,constant_a024,0.11827789185185185
-0.0035321008643963837,-0.09386894150260962,0.05774781483147439,0.06300288,0.06300288,3.999985056108004,26.17322191745697,0.9629631013323333,0.007931715555555555,0.11827789185185185,108,4,1,monthly_beme_inv,monthly size/profit/invest,softmax_high_entropy,7,calibration,iid,constant_equal_weight_public,0.11827789185185185
0.02399472489689612,-0.005994289944240675,0.061772882304032474,-0.0029980000000000002,-0.0029980000000000002,3.999397757327853,20.932112790479614,0.9629685392840014,0.00639925,0.11877474074074072,108,4,1,monthly_beme_inv,monthly size/profit/invest,softmax_high_entropy,7,calibration,iid,momentum_12,0.11827789185185185
0.006168117489099802,-0.06581516171308528,0.06593204342342826,0.10068099999999999,0.10068099999999999,4.900193081025135,31.92598436931424,0.9546278418423598,0.005811675925925926,0.12731337037037035,108,0,1,monthly_beme_inv,monthly size/profit/invest,softmax_high_entropy,7,calibration,iid,low_vol_12,0.11827789185185185
0.015239817097981771,0.009632341640931958,0.021193061885440276,-0.005857,inf,1.999999813182679,20.430635301365207,0.9814814832112715,0.010428287037037036,0.13604655555555556,108,25,0,monthly_beme_inv,monthly size/profit/invest,softmax_high_entropy,7,calibration,iid,risk_adjusted_12,0.11827789185185185
0.1190695184047055,0.09235622895677661,0.13807549680476022,0.0003534800000000005,inf,1.0,26.077871273059944,0.9907407407407407,0.007360818518518517,0.15027318518518518,108,71,0,monthly_beme_inv,monthly size/profit/invest,softmax_high_entropy,7,calibration,iid,ridge_return_train_only,0.11827789185185185
0.04560881422223036,-0.002710986677637519,0.12028324336933288,0.017432,0.017432,3.989944011345152,28.91790154649816,0.9630560739690264,0.012389592592592593,0.1084932962962963,108,5,1,monthly_beme_inv,monthly size/profit/invest,softmax_high_entropy,7,calibration,block,constant_a000,0.11827789185185185
0.03439239795053866,0.003846724158130382,0.08262191958906918,-0.031745,inf,1.9948700279468987,28.531739147592557,0.9815289812227139,0.005986157407407407,0.10714711111111111,108,26,0,monthly_beme_inv,monthly size/profit/invest,softmax_high_entropy,7,calibration,block,constant_a001,0.11827789185185185
0.01793655519498989,-0.017959301952838937,0.0477451680461965,0.035512999999999996,0.035512999999999996,4.971350881339728,26.343986150360553,0.9539689733209284,0.008702425925925926,0.0971386296296296,108,0,1,monthly_beme_inv,monthly size/profit/invest,softmax_high_entropy,7,calibration,block,constant_a002,0.11827789185185185
-0.035510785278321313,-0.1256111308011753,0.010890084396305066,0.147307,inf,3.9756829077775393,27.655249281835257,0.9631881212242821,0.007643314814814815,0.09719577777777777,108,13,1,monthly_beme_inv,monthly size/profit/invest,softmax_high_entropy,7,calibration,block,constant_a003,0.11827789185185185
0.010278495640718009,-0.007552268485469445,0.033292365740934686,0.016794,inf,2.9874647078072045,25.945834904882165,0.9723382897425259,0.009480231481481482,0.11743285185185184,108,12,1,monthly_beme_inv,monthly size/profit/invest,softmax_high_entropy,7,calibration,block,constant_a004,0.11827789185185185
0.038441852931324745,0.010749613099167488,0.08076494865207248,-0.011309,-0.011309,3.9908131846685237,26.47184780767338,0.9630480260678841,0.011261194444444447,0.1134698888888889,108,1,1,monthly_beme_inv,monthly size/profit/invest,softmax_high_entropy,7,calibration,block,constant_a005,0.11827789185185185
0.0058729664662445676,-0.055879261247904786,0.05136087164855705,0.10068099999999999,0.100681,3.983542448775814,24.88130107324779,0.9631153476965202,0.008031666666666666,0.08997851851851851,108,5,1,monthly_beme_inv,monthly size/profit/invest,softmax_high_entropy,7,calibration,block,constant_a006,0.11827789185185185
0.029027739890391584,-0.005325428189020972,0.0821826819140325,0.015121,0.015121000000000002,4.984965060603807,28.233334372758605,0.9538429161055203,0.010627296296296298,0.10327848148148148,108,1,1,monthly_beme_inv,monthly size/profit/invest,softmax_high_entropy,7,calibration,block,constant_a007,0.11827789185185185
-0.005299810364882374,-0.03741096624389183,0.011607126368311413,0.055785,inf,1.9995469439375055,27.02866442491269,0.981485676445023,0.0056105277777777785,0.11024014814814816,108,26,0,monthly_beme_inv,monthly size/profit/invest,softmax_high_entropy,7,calibration,block,constant_a008,0.11827789185185185
0.01707667839890457,0.009989781123441338,0.027794734336776088,-0.005857,-0.005857,4.940728671210079,26.12824911636532,0.9542525123036104,0.010969518518518519,0.13062,108,3,1,monthly_beme_inv,monthly size/profit/invest,softmax_high_entropy,7,calibration,block,constant_a009,0.11827789185185185
0.020546799327072138,-0.010660348085867851,0.059273961136100325,0.03932,0.03932,5.991167781439587,28.324079812268987,0.9445262242459298,0.008336898148148149,0.13666044444444442,108,2,2,monthly_beme_inv,monthly size/profit/invest,softmax_high_entropy,7,calibration,block,constant_a010,0.11827789185185185
-0.0016325222004072238,-0.03651361000354812,0.03402840507692202,0.084734,inf,1.9999858597732445,27.78576120156911,0.981481612409507,0.009281564814814814,0.0990418148148148,108,35,0,monthly_beme_inv,monthly size/profit/invest,softmax_high_entropy,7,calibration,block,constant_a011,0.11827789185185185
-0.0337975206578241,-0.09939008679642967,0.017081852329827233,0.090283,0.090283,3.9953169480577073,26.520989724472837,0.9630063245550212,0.01044275925925926,0.11443203703703704,108,7,1,monthly_beme_inv,monthly size/profit/invest,softmax_high_entropy,7,calibration,block,constant_a012,0.11827789185185185
0.027369581137567486,-0.002569228300093625,0.05801428916844991,0.030941999999999997,0.030942,5.9680982590431455,28.232364330875836,0.9447398309347856,0.009317546296296296,0.12716503703703705,108,1,2,monthly_beme_inv,monthly size/profit/invest,softmax_high_entropy,7,calibration,block,constant_a013,0.11827789185185185
0.008787924403299783,-0.00509513448504455,0.022597029103991043,0.015881,inf,1.9954111500885108,27.81318864076653,0.9815239708325137,0.002895814814814816,0.14171644444444445,108,28,0,monthly_beme_inv,monthly size/profit/invest,softmax_high_entropy,7,calibration,block,constant_a014,0.11827789185185185
0.047359219500751816,-0.03953006102222908,0.14128411147050982,0.056961000000000005,0.05696100000000001,7.949385563404675,29.514860769057965,0.9263945781166234,0.00806975925925926,0.15166288888888887,108,0,2,monthly_beme_inv,monthly size/profit/invest,softmax_high_entropy,7,calibration,block,constant_a015,0.11827789185185185
0.006968402033244333,-5.5128467951843485e-05,0.010330088177777776,0.00303,inf,1.997084172696822,27.238997003874793,0.9815084798824368,0.007727046296296298,0.13265266666666667,108,38,0,monthly_beme_inv,monthly size/profit/invest,softmax_high_entropy,7,calibration,block,constant_a016,0.11827789185185185
0.0029831779132790705,-0.038621940934690534,0.040395142964406765,0.061384,0.06138400000000001,4.995067528313871,27.354556924750977,0.9537493747378345,0.006241351851851851,0.15278481481481482,108,2,1,monthly_beme_inv,monthly size/profit/invest,softmax_high_entropy,7,calibration,block,constant_a017,0.11827789185185185
0.010330088177777776,0.010330088177777766,0.010330088177777778,,inf,0.0,0.0,1.0,0.005075231481481484,0.2541734074074074,108,200,0,monthly_beme_inv,monthly size/profit/invest,softmax_high_entropy,7,calibration,block,constant_a018,0.11827789185185185
-0.0022676706377394297,-0.03778791649643996,0.02068368465422751,0.041324,inf,2.9717954525613286,31.92598436931424,0.972483375439247,0.0042173333333333325,0.147348,108,10,1,monthly_beme_inv,monthly size/profit/invest,softmax_high_entropy,7,calibration,block,constant_a019,0.11827789185185185
0.040706706422016244,0.013013391698076646,0.08384164479412506,-0.012877,-0.012877000000000001,4.9817917759300245,24.49914079314164,0.9538722983710183,0.008245074074074075,0.13999414814814815,108,1,1,monthly_beme_inv,monthly size/profit/invest,softmax_high_entropy,7,calibration,block,constant_a020,0.11827789185185185
0.025421561662978556,-0.055703167002446596,0.09848556632815884,0.09643700000000001,0.09643700000000001,8.928902860541248,31.68015433224103,0.917324973513507,0.006383953703703705,0.15362255555555557,108,0,2,monthly_beme_inv,monthly size/profit/invest,softmax_high_entropy,7,calibration,block,constant_a021,0.11827789185185185
0.039538192286686334,-0.004488150762459826,0.0767504466141467,0.016865,0.016865,4.955436374052327,26.722137090907353,0.9541163298698858,0.007549240740740741,0.166953037037037,108,2,1,monthly_beme_inv,monthly size/profit/invest,softmax_high_entropy,7,calibration,block,constant_a022,0.11827789185185185
0.17988467866553534,0.08474379750722527,0.30444866021923594,-0.06101399999999999,inf,1.9695126343349763,31.708802284959756,0.9817637719043057,0.010377666666666665,0.1526464814814815,108,27,0,monthly_beme_inv,monthly size/profit/invest,softmax_high_entropy,7,calibration,block,constant_a023,0.11827789185185185
0.04698331957035145,-0.026333167099288107,0.11613937420339526,0.071836,0.071836,6.928062583987881,32.502231671127504,0.9358512723704826,0.003429722222222222,0.15112655555555557,108,0,2,monthly_beme_inv,monthly size/profit/invest,softmax_high_entropy,7,calibration,block,constant_a024,0.11827789185185185
-0.0035321008643963837,-0.07618659957679358,0.06702849847828297,0.06300288,0.06300288,3.999985056108004,26.17322191745697,0.9629631013323333,0.007931715555555555,0.11827789185185185,108,2,1,monthly_beme_inv,monthly size/profit/invest,softmax_high_entropy,7,calibration,block,constant_equal_weight_public,0.11827789185185185
0.02399472489689612,-0.006748066591681765,0.06139147176045153,-0.0029980000000000002,-0.002998,3.999397757327853,20.932112790479614,0.9629685392840014,0.00639925,0.11877474074074072,108,5,1,monthly_beme_inv,monthly size/profit/invest,softmax_high_entropy,7,calibration,block,momentum_12,0.11827789185185185
0.006168117489099802,-0.06473066034049559,0.0707923977990769,0.10068099999999999,0.10068099999999999,4.900193081025135,31.92598436931424,0.9546278418423598,0.005811675925925926,0.12731337037037035,108,1,1,monthly_beme_inv,monthly size/profit/invest,softmax_high_entropy,7,calibration,block,low_vol_12,0.11827789185185185
0.015239817097981771,0.009297828570440633,0.023026841615590744,-0.005857,inf,1.999999813182679,20.430635301365207,0.9814814832112715,0.010428287037037036,0.13604655555555556,108,38,0,monthly_beme_inv,monthly size/profit/invest,softmax_high_entropy,7,calibration,block,risk_adjusted_12,0.11827789185185185
0.1190695184047055,0.07393378342110905,0.14847074437295016,0.0003534800000000005,inf,1.0,26.077871273059944,0.9907407407407407,0.007360818518518517,0.15027318518518518,108,61,0,monthly_beme_inv,monthly size/profit/invest,softmax_high_entropy,7,calibration,block,ridge_return_train_only,0.11827789185185185
0.03780816675977781,0.010330088177777773,0.08988647036950992,-0.051913,inf,1.9995564856235288,24.843261025898656,0.9852973787821799,0.012615316176470588,0.0930109705882353,136,21,0,monthly_beme_inv,monthly size/profit/invest,softmax_high_entropy,7,test,iid,constant_a000,0.11827789185185185
0.039557639561272576,0.0013764981433677824,0.1011923109229954,0.004079999999999999,0.004079999999999999,3.869760801174367,30.61987522725771,0.9715458764619532,0.013102345588235295,0.08792349999999999,136,4,1,monthly_beme_inv,monthly size/profit/invest,softmax_high_entropy,7,test,iid,constant_a001,0.11827789185185185
0.025744674644484624,-0.04008148491359588,0.09199799578813177,0.073125,0.073125,7.878105208298478,29.419440724947908,0.9420727558213348,0.012018411764705882,0.09237323529411764,136,0,2,monthly_beme_inv,monthly size/profit/invest,softmax_high_entropy,7,test,iid,constant_a002,0.11827789185185185
0.012551886184543145,-0.015246230765089776,0.04056803695962778,0.046408,0.046408,4.974806743871383,26.457827454905186,0.9634205386480046,0.012507904411764706,0.08533364705882353,136,2,1,monthly_beme_inv,monthly size/profit/invest,softmax_high_entropy,7,test,iid,constant_a003,0.11827789185185185
0.01017540971004064,-0.027820129894671777,0.05018300818104377,0.048823,0.048823000000000005,3.7962109813899265,31.96829203923076,0.9720866839603682,0.016923816176470586,0.12503776470588232,136,3,1,monthly_beme_inv,monthly size/profit/invest,softmax_high_entropy,7,test,iid,constant_a004,0.11827789185185185
-2.7738272764478347e-05,-0.02568699731757324,0.02483987304976047,0.052675,0.05267500000000001,6.919642173713516,30.765020402660554,0.9491202781344594,0.008262551470588235,0.08173532352941176,136,0,2,monthly_beme_inv,monthly size/profit/invest,softmax_high_entropy,7,test,iid,constant_a005,0.11827789185185185
0.016715194881759973,-0.0027420192483162604,0.035738460737258844,0.027243,0.027243000000000003,4.987860612016852,26.239558827208164,0.9633245543234055,0.010530345588235294,0.08785285294117647,136,3,1,monthly_beme_inv,monthly size/profit/invest,softmax_high_entropy,7,test,iid,constant_a006,0.11827789185185185
0.026912999758571605,0.004578131808176348,0.05383524986266716,0.011769,0.011769,7.960047435891009,28.803432629993022,0.9414702394419778,0.009129316176470588,0.08401394117647058,136,0,2,monthly_beme_inv,monthly size/profit/invest,softmax_high_entropy,7,test,iid,constant_a007,0.11827789185185185
-0.007288305288569476,-0.08913583216368032,0.03318892785598617,0.11265800000000001,inf,2.998112865492659,29.199087442397072,0.9779550524596128,0.00976945588235294,0.09247982352941177,136,12,1,monthly_beme_inv,monthly size/profit/invest,softmax_high_entropy,7,test,iid,constant_a008,0.11827789185185185
0.011777997618027669,0.010330088177777771,0.014673816498527545,-0.018673,inf,1.0,23.602752620432113,0.9926470588235294,0.011968948529411766,0.10100061764705882,136,74,0,monthly_beme_inv,monthly size/profit/invest,softmax_high_entropy,7,test,iid,constant_a009,0.11827789185185185
0.0026381705094890586,-0.022414566252444063,0.026022587675865398,0.030966999999999995,0.030967,6.952845812671566,31.41244354017103,0.9488761337303562,0.008373220588235294,0.12336,136,1,2,monthly_beme_inv,monthly size/profit/invest,softmax_high_entropy,7,test,iid,constant_a010,0.11827789185185185
0.028376855331529307,-0.01267520689370109,0.06371054163715643,0.041908,0.041908,8.873994066121618,32.55234896782043,0.9347500436314586,0.011226360294117646,0.10341623529411764,136,0,2,monthly_beme_inv,monthly size/profit/invest,softmax_high_entropy,7,test,iid,constant_a011,0.11827789185185185
0.02789408326381621,0.010330088177777775,0.05213737216228808,-0.018012,-0.018012,2.9960139751342383,27.960745955241535,0.9779704854769541,0.008645838235294119,0.10809861764705882,136,8,1,monthly_beme_inv,monthly size/profit/invest,softmax_high_entropy,7,test,iid,constant_a012,0.11827789185185185
0.00891810921414442,0.0017834133844135945,0.016716366551798686,0.009404000000000001,inf,1.984486436606371,29.13493562874383,0.9854081879661296,0.010076757352941175,0.10753394117647058,136,18,0,monthly_beme_inv,monthly size/profit/invest,softmax_high_entropy,7,test,iid,constant_a013,0.11827789185185185
-0.0028035483250849254,-0.023316704479908308,0.016585725426170334,0.028404,0.028404000000000002,4.966399367516781,27.8839445729378,0.9634823575917884,0.008284867647058825,0.11493285294117647,136,4,1,monthly_beme_inv,monthly size/profit/invest,softmax_high_entropy,7,test,iid,constant_a014,0.11827789185185185
0.04480049684752686,-0.0418976975092032,0.18163631512087727,0.088333,0.088333,4.929333330079052,33.37716471332477,0.9637549019847128,0.008826257352941177,0.12884785294117648,136,2,1,monthly_beme_inv,monthly size/profit/invest,softmax_high_entropy,7,test,iid,constant_a015,0.11827789185185185
0.036997065604436434,-0.01076200967779033,0.0968642885615218,0.030098,0.030098000000000003,9.897855489509796,33.57152614097808,0.927221650812428,0.008927345588235295,0.1193340588235294,136,0,2,monthly_beme_inv,monthly size/profit/invest,softmax_high_entropy,7,test,iid,constant_a016,0.11827789185185185
-0.009381444194635576,-0.05431976593758685,0.014560776328213556,0.08391799999999999,0.08391799999999999,4.981184215838222,27.821698236181845,0.9633736454717778,0.011229257352941177,0.11723499999999999,136,0,1,monthly_beme_inv,monthly size/profit/invest,softmax_high_entropy,7,test,iid,constant_a017,0.11827789185185185
0.009987633052347978,-0.03161589602566003,0.048226876963379114,0.041117,0.041117,6.95768535464369,31.52952290750601,0.948840548862914,0.008399514705882353,0.11210208823529413,136,1,2,monthly_beme_inv,monthly size/profit/invest,softmax_high_entropy,7,test,iid,constant_a018,0.11827789185185185
-0.005040642594737974,-0.05889068379714884,0.05467965421298926,0.047568,0.047568000000000006,7.983997415898132,30.017242134981565,0.9412941366478078,0.00865529411764706,0.12635044117647057,136,1,2,monthly_beme_inv,monthly size/profit/invest,softmax_high_entropy,7,test,iid,constant_a019,0.11827789185185185
-0.017151306731944285,-0.05057376315105892,0.01017689122177786,0.093336,0.09333600000000002,5.557135996171478,28.003331621096873,0.9591387059105039,0.012099382352941175,0.14358485294117646,136,1,2,monthly_beme_inv,monthly size/profit/invest,softmax_high_entropy,7,test,iid,constant_a020,0.11827789185185185
0.02130763121462911,0.003048698919346687,0.04650780353028839,0.012116000000000002,0.012116,4.913155754050318,29.37430892029344,0.96387385474963,0.01222494117647059,0.14384626470588235,136,0,1,monthly_beme_inv,monthly size/profit/invest,softmax_high_entropy,7,test,iid,constant_a021,0.11827789185185185
0.03408188215883656,-0.0070487486890763035,0.07714234651612391,0.064913,inf,2.9396041300693185,30.55407446422825,0.9783852637494903,0.017123066176470587,0.1353010882352941,136,10,1,monthly_beme_inv,monthly size/profit/invest,softmax_high_entropy,7,test,iid,constant_a022,0.11827789185185185
-0.119394508511754,-0.349872116800189,0.021187533809002256,0.33668,0.33668,4.8959362934935164,32.43992959368297,0.9640004684301947,0.008874250000000002,0.14966720588235294,136,1,1,monthly_beme_inv,monthly size/profit/invest,softmax_high_entropy,7,test,iid,constant_a023,0.11827789185185185
0.007192540798966838,-0.020326817696325765,0.038368902727767225,0.052097,inf,2.9137742874599377,29.690343426821496,0.9785751890627946,0.009983330882352941,0.15231129411764704,136,15,1,monthly_beme_inv,monthly size/profit/invest,softmax_high_entropy,7,test,iid,constant_a024,0.11827789185185185
-0.019868299907960827,-0.12110922131216394,0.06409732178429219,0.09366764,0.09366764,5.999451651330333,26.8610029639999,0.9558863849166888,0.010791123823529411,0.10181459294117648,136,0,2,monthly_beme_inv,monthly size/profit/invest,softmax_high_entropy,7,test,iid,constant_equal_weight_public,0.11827789185185185
-0.0008792767722579952,-0.032268472336355304,0.015875227662826168,0.093336,0.09333600000000002,3.838223937370656,22.200046404892625,0.9717777651663922,0.014479683823529411,0.10938723529411763,136,7,1,monthly_beme_inv,monthly size/profit/invest,softmax_high_entropy,7,test,iid,momentum_12,0.11827789185185185
0.02210582687189859,0.006551657217049646,0.04448968164719518,0.003713,0.0037130000000000006,2.94749155410198,30.765020402660554,0.9783272679845443,0.00839615323529412,0.10006255882352941,136,7,1,monthly_beme_inv,monthly size/profit/invest,softmax_high_entropy,7,test,iid,low_vol_12,0.11827789185185185
0.000850692463759613,-0.03857255000951106,0.03627840480393115,0.093336,0.093336,7.737405351337081,23.119404188184344,0.9431073135931097,0.009734536764705884,0.10477579411764705,136,0,2,monthly_beme_inv,monthly size/profit/invest,softmax_high_entropy,7,test,iid,risk_adjusted_12,0.11827789185185185
0.01901553337070761,-0.09680612644125994,0.11464603926765454,0.09366763999999998,0.09366764,3.969177032717404,30.613935838728075,0.9708148747594308,0.01621978911764706,0.1388590882352941,136,4,1,monthly_beme_inv,monthly size/profit/invest,softmax_high_entropy,7,test,iid,ridge_return_train_only,0.11827789185185185
0.03780816675977781,0.010330088177777773,0.08993107541472856,-0.051913,inf,1.9995564856235288,24.843261025898656,0.9852973787821799,0.012615316176470588,0.0930109705882353,136,21,0,monthly_beme_inv,monthly size/profit/invest,softmax_high_entropy,7,test,block,constant_a000,0.11827789185185185
0.039557639561272576,0.010307864945845572,0.0897878124618994,0.004079999999999999,0.004079999999999999,3.869760801174367,30.61987522725771,0.9715458764619532,0.013102345588235295,0.08792349999999999,136,1,1,monthly_beme_inv,monthly size/profit/invest,softmax_high_entropy,7,test,block,constant_a001,0.11827789185185185
0.025744674644484624,-0.02993622614937811,0.09087751552699552,0.073125,0.073125,7.878105208298478,29.419440724947908,0.9420727558213348,0.012018411764705882,0.09237323529411764,136,0,2,monthly_beme_inv,monthly size/profit/invest,softmax_high_entropy,7,test,block,constant_a002,0.11827789185185185
0.012551886184543145,-0.011796822323966531,0.040145245022414025,0.046408,0.046408,4.974806743871383,26.457827454905186,0.9634205386480046,0.012507904411764706,0.08533364705882353,136,0,1,monthly_beme_inv,monthly size/profit/invest,softmax_high_entropy,7,test,block,constant_a003,0.11827789185185185
0.01017540971004064,-0.02829356245095993,0.042753408285321946,0.048823,0.048823000000000005,3.7962109813899265,31.96829203923076,0.9720866839603682,0.016923816176470586,0.12503776470588232,136,4,1,monthly_beme_inv,monthly size/profit/invest,softmax_high_entropy,7,test,block,constant_a004,0.11827789185185185
-2.7738272764478347e-05,-0.026389375168485905,0.021645060895347932,0.052675,0.05267500000000001,6.919642173713516,30.765020402660554,0.9491202781344594,0.008262551470588235,0.08173532352941176,136,0,2,monthly_beme_inv,monthly size/profit/invest,softmax_high_entropy,7,test,block,constant_a005,0.11827789185185185
0.016715194881759973,-0.006004795912590183,0.03952939759986692,0.027243,0.027243000000000003,4.987860612016852,26.239558827208164,0.9633245543234055,0.010530345588235294,0.08785285294117647,136,0,1,monthly_beme_inv,monthly size/profit/invest,softmax_high_entropy,7,test,block,constant_a006,0.11827789185185185
0.026912999758571605,0.006547956209089628,0.05324893958249696,0.011769,0.011769,7.960047435891009,28.803432629993022,0.9414702394419778,0.009129316176470588,0.08401394117647058,136,0,2,monthly_beme_inv,monthly size/profit/invest,softmax_high_entropy,7,test,block,constant_a007,0.11827789185185185
-0.007288305288569476,-0.09266047014956158,0.02879761607188965,0.11265800000000001,0.11265800000000002,2.998112865492659,29.199087442397072,0.9779550524596128,0.00976945588235294,0.09247982352941177,136,9,1,monthly_beme_inv,monthly size/profit/invest,softmax_high_entropy,7,test,block,constant_a008,0.11827789185185185
0.011777997618027669,0.010330088177777771,0.016121725938777465,-0.018673,inf,1.0,23.602752620432113,0.9926470588235294,0.011968948529411766,0.10100061764705882,136,81,0,monthly_beme_inv,monthly size/profit/invest,softmax_high_entropy,7,test,block,constant_a009,0.11827789185185185
0.0026381705094890586,-0.02220453161407406,0.02596321982858235,0.030966999999999995,0.030967,6.952845812671566,31.41244354017103,0.9488761337303562,0.008373220588235294,0.12336,136,0,2,monthly_beme_inv,monthly size/profit/invest,softmax_high_entropy,7,test,block,constant_a010,0.11827789185185185
0.028376855331529307,-0.005411759701452564,0.06701002831642724,0.041908,0.041908,8.873994066121618,32.55234896782043,0.9347500436314586,0.011226360294117646,0.10341623529411764,136,0,2,monthly_beme_inv,monthly size/profit/invest,softmax_high_entropy,7,test,block,constant_a011,0.11827789185185185
0.02789408326381621,0.010330088177777775,0.05011068135946375,-0.018012,-0.018012,2.9960139751342383,27.960745955241535,0.9779704854769541,0.008645838235294119,0.10809861764705882,136,6,1,monthly_beme_inv,monthly size/profit/invest,softmax_high_entropy,7,test,block,constant_a012,0.11827789185185185
0.00891810921414442,-0.0002921270871432019,0.015339687062256177,0.009404000000000001,inf,1.984486436606371,29.13493562874383,0.9854081879661296,0.010076757352941175,0.10753394117647058,136,31,0,monthly_beme_inv,monthly size/profit/invest,softmax_high_entropy,7,test,block,constant_a013,0.11827789185185185
-0.0028035483250849254,-0.020479967736346236,0.013630535717749206,0.028404,0.028404000000000002,4.966399367516781,27.8839445729378,0.9634823575917884,0.008284867647058825,0.11493285294117647,136,2,1,monthly_beme_inv,monthly size/profit/invest,softmax_high_entropy,7,test,block,constant_a014,0.11827789185185185
0.04480049684752686,-0.04445934544037932,0.14902534610756413,0.088333,0.088333,4.929333330079052,33.37716471332477,0.9637549019847128,0.008826257352941177,0.12884785294117648,136,5,1,monthly_beme_inv,monthly size/profit/invest,softmax_high_entropy,7,test,block,constant_a015,0.11827789185185185
0.036997065604436434,-0.008747592432704917,0.09021610405581725,0.030098,0.030098000000000003,9.897855489509796,33.57152614097808,0.927221650812428,0.008927345588235295,0.1193340588235294,136,0,2,monthly_beme_inv,monthly size/profit/invest,softmax_high_entropy,7,test,block,constant_a016,0.11827789185185185
-0.009381444194635576,-0.05244624468226165,0.016228513121508678,0.08391799999999999,0.08391799999999999,4.981184215838222,27.821698236181845,0.9633736454717778,0.011229257352941177,0.11723499999999999,136,1,1,monthly_beme_inv,monthly size/profit/invest,softmax_high_entropy,7,test,block,constant_a017,0.11827789185185185
0.009987633052347978,-0.035968746690998886,0.04730078831119697,0.041117,0.041117,6.95768535464369,31.52952290750601,0.948840548862914,0.008399514705882353,0.11210208823529413,136,0,2,monthly_beme_inv,monthly size/profit/invest,softmax_high_entropy,7,test,block,constant_a018,0.11827789185185185
-0.005040642594737974,-0.05472748147816851,0.051397915703265996,0.047568,0.047568,7.983997415898132,30.017242134981565,0.9412941366478078,0.00865529411764706,0.12635044117647057,136,0,2,monthly_beme_inv,monthly size/profit/invest,softmax_high_entropy,7,test,block,constant_a019,0.11827789185185185
-0.017151306731944285,-0.047468352674709335,0.008506338034746555,0.093336,0.093336,5.557135996171478,28.003331621096873,0.9591387059105039,0.012099382352941175,0.14358485294117646,136,1,2,monthly_beme_inv,monthly size/profit/invest,softmax_high_entropy,7,test,block,constant_a020,0.11827789185185185
0.02130763121462911,0.002687614069996832,0.046621444347487766,0.012116000000000002,0.012116,4.913155754050318,29.37430892029344,0.96387385474963,0.01222494117647059,0.14384626470588235,136,1,1,monthly_beme_inv,monthly size/profit/invest,softmax_high_entropy,7,test,block,constant_a021,0.11827789185185185
0.03408188215883656,-0.011411233141164994,0.06750524140238288,0.064913,0.064913,2.9396041300693185,30.55407446422825,0.9783852637494903,0.017123066176470587,0.1353010882352941,136,8,1,monthly_beme_inv,monthly size/profit/invest,softmax_high_entropy,7,test,block,constant_a022,0.11827789185185185
-0.119394508511754,-0.3266283975081383,0.010727077904099455,0.33668,0.33668,4.8959362934935164,32.43992959368297,0.9640004684301947,0.008874250000000002,0.14966720588235294,136,0,1,monthly_beme_inv,monthly size/profit/invest,softmax_high_entropy,7,test,block,constant_a023,0.11827789185185185
0.007192540798966838,-0.02010801332606405,0.03522285305203218,0.052097,0.052097000000000004,2.9137742874599377,29.690343426821496,0.9785751890627946,0.009983330882352941,0.15231129411764704,136,7,1,monthly_beme_inv,monthly size/profit/invest,softmax_high_entropy,7,test,block,constant_a024,0.11827789185185185
-0.019868299907960827,-0.12478126019585593,0.06527858957757102,0.09366764,0.09366764,5.999451651330333,26.8610029639999,0.9558863849166888,0.010791123823529411,0.10181459294117648,136,2,2,monthly_beme_inv,monthly size/profit/invest,softmax_high_entropy,7,test,block,constant_equal_weight_public,0.11827789185185185
-0.0008792767722579952,-0.028478419603817744,0.019800508531512634,0.093336,0.093336,3.838223937370656,22.200046404892625,0.9717777651663922,0.014479683823529411,0.10938723529411763,136,4,1,monthly_beme_inv,monthly size/profit/invest,softmax_high_entropy,7,test,block,momentum_12,0.11827789185185185
0.02210582687189859,0.004161134844292966,0.04950493025519309,0.003713,0.0037130000000000006,2.94749155410198,30.765020402660554,0.9783272679845443,0.00839615323529412,0.10006255882352941,136,9,1,monthly_beme_inv,monthly size/profit/invest,softmax_high_entropy,7,test,block,low_vol_12,0.11827789185185185
0.000850692463759613,-0.04127018638843069,0.037891931489950036,0.093336,0.093336,7.737405351337081,23.119404188184344,0.9431073135931097,0.009734536764705884,0.10477579411764705,136,0,2,monthly_beme_inv,monthly size/profit/invest,softmax_high_entropy,7,test,block,risk_adjusted_12,0.11827789185185185
0.01901553337070761,-0.10721707353057257,0.10196910346872826,0.09366763999999998,0.09366764,3.969177032717404,30.613935838728075,0.9708148747594308,0.01621978911764706,0.1388590882352941,136,3,1,monthly_beme_inv,monthly size/profit/invest,softmax_high_entropy,7,test,block,ridge_return_train_only,0.11827789185185185
0.04611490143117574,-0.005709804017443561,0.11680604218099722,0.041571,0.041571,7.9832428864850264,27.667661725607935,0.9260810843843978,0.012389592592592593,0.1084932962962963,108,0,2,monthly_beme_inv,monthly size/profit/invest,softmax_high_entropy,17,calibration,iid,constant_a000,0.11827789185185185
-0.000272250184863991,-0.020578762238713178,0.011059403733333337,0.031728,inf,1.9948315750679981,25.590257436500547,0.9815293372678889,0.005986157407407407,0.10714711111111111,108,25,0,monthly_beme_inv,monthly size/profit/invest,softmax_high_entropy,17,calibration,iid,constant_a001,0.11827789185185185
-0.001437625120907687,-0.024861262763620568,0.011059403733333336,0.021543999999999997,inf,2.9940560153043156,25.863893292697384,0.9722772591175526,0.008702425925925926,0.0971386296296296,108,12,1,monthly_beme_inv,monthly size/profit/invest,softmax_high_entropy,17,calibration,iid,constant_a002,0.11827789185185185
0.04703168186359293,-0.005249460516419305,0.11917479034981192,-0.020964999999999998,-0.020964999999999998,3.971966627078721,24.992075525217107,0.9632225312307526,0.007643314814814815,0.09719577777777777,108,4,1,monthly_beme_inv,monthly size/profit/invest,softmax_high_entropy,17,calibration,iid,constant_a003,0.11827789185185185
0.06239271459390608,0.00832531475992024,0.13524612015272053,-0.00534,-0.00534,4.911696308537766,30.052855938814734,0.9545213304765021,0.009480231481481482,0.11743285185185184,108,0,1,monthly_beme_inv,monthly size/profit/invest,softmax_high_entropy,17,calibration,iid,constant_a004,0.11827789185185185
0.008482022107063177,0.003327258854522828,0.011059403733333337,-0.0004340000000000001,inf,1.0,26.19733072014325,0.9907407407407407,0.011261194444444447,0.1134698888888889,108,77,0,monthly_beme_inv,monthly size/profit/invest,softmax_high_entropy,17,calibration,iid,constant_a005,0.11827789185185185
-0.00013015009284339505,-0.08393719243696511,0.06593922213651014,0.10068099999999999,0.10068099999999999,6.954667848398561,27.159966970608902,0.935604927329643,0.008031666666666666,0.08997851851851851,108,0,2,monthly_beme_inv,monthly size/profit/invest,softmax_high_entropy,17,calibration,iid,constant_a006,0.11827789185185185
0.04771169919111041,0.007395224304532323,0.10670455973259506,0.003964,0.003964,5.993529330879089,26.77450609361969,0.9445043580474158,0.010627296296296298,0.10327848148148148,108,1,2,monthly_beme_inv,monthly size/profit/invest,softmax_high_entropy,17,calibration,iid,constant_a007,0.11827789185185185
0.0027620793297025046,-0.03553174369217765,0.0361304362674013,0.041331,inf,2.9931040949835537,29.69808012432398,0.9722860731945967,0.0056105277777777785,0.11024014814814816,108,11,1,monthly_beme_inv,monthly size/profit/invest,softmax_high_entropy,17,calibration,iid,constant_a008,0.11827789185185185
-0.004206856917886222,-0.0621616633669842,0.035368908007023685,0.07235699999999999,0.07235699999999999,2.960579512037126,31.450209150828908,0.972587226740397,0.010969518518518519,0.13062,108,4,1,monthly_beme_inv,monthly size/profit/invest,softmax_high_entropy,17,calibration,iid,constant_a009,0.11827789185185185
0.014455475473438444,-0.04998331582903252,0.07307634273927338,0.07434,0.07434,8.968051838068243,27.55734647319118,0.9169624829808496,0.008336898148148149,0.13666044444444442,108,0,2,monthly_beme_inv,monthly size/profit/invest,softmax_high_entropy,17,calibration,iid,constant_a010,0.11827789185185185
0.020735389068852878,0.011059403733333332,0.0326831477770449,-0.018515,inf,2.9749638966619436,26.65443173428297,0.9724540379938709,0.009281564814814814,0.0990418148148148,108,15,1,monthly_beme_inv,monthly size/profit/invest,softmax_high_entropy,17,calibration,iid,constant_a011,0.11827789185185185
0.06368935816891799,-0.01970908200702097,0.1807628616285844,-0.010125,-0.010125,3.9926233738003227,26.87269205200524,0.9630312650574044,0.01044275925925926,0.11443203703703704,108,4,1,monthly_beme_inv,monthly size/profit/invest,softmax_high_entropy,17,calibration,iid,constant_a012,0.11827789185185185
-0.01344989498029473,-0.05184143198775687,0.020786999583112115,0.056240000000000005,0.056240000000000005,3.984754994175958,26.34670904299594,0.9631041204242967,0.009317546296296296,0.12716503703703705,108,3,1,monthly_beme_inv,monthly size/profit/invest,softmax_high_entropy,17,calibration,iid,constant_a013,0.11827789185185185
0.02233091108136415,-0.045056530754614105,0.10582399419005889,0.063181,0.063181,2.993365720544324,30.61593375065499,0.9722836507357007,0.002895814814814816,0.14171644444444445,108,9,1,monthly_beme_inv,monthly size/profit/invest,softmax_high_entropy,17,calibration,iid,constant_a014,0.11827789185185185
-0.015088967431118204,-0.05727388772707746,0.009966577936518218,0.051550000000000006,0.051550000000000006,3.9294697923006434,33.71740758756324,0.9636160204416607,0.00806975925925926,0.15166288888888887,108,0,1,monthly_beme_inv,monthly size/profit/invest,softmax_high_entropy,17,calibration,iid,constant_a015,0.11827789185185185
-0.010495823709296904,-0.10891049819105258,0.05898663703752001,0.122682,inf,1.9881264624210808,31.82291360983704,0.9815914216442493,0.007727046296296298,0.13265266666666667,108,27,0,monthly_beme_inv,monthly size/profit/invest,softmax_high_entropy,17,calibration,iid,constant_a016,0.11827789185185185
0.005564327268591163,-0.026441605381353026,0.033057536975063126,0.034157,0.034157,2.995410060763359,29.914093949907944,0.9722647216595985,0.006241351851851851,0.15278481481481482,108,9,1,monthly_beme_inv,monthly size/profit/invest,softmax_high_entropy,17,calibration,iid,constant_a017,0.11827789185185185
-0.03141830254521026,-0.13775440803958158,0.05568081241316441,0.06112,0.06112000000000001,6.9398098410068165,28.840445952084373,0.9357425014721591,0.005075231481481484,0.2541734074074074,108,0,2,monthly_beme_inv,monthly size/profit/invest,softmax_high_entropy,17,calibration,iid,constant_a018,0.11827789185185185
-0.07939051472422952,-0.2328344908985668,0.0043803649569048335,0.176075,0.176075,10.922126086281322,31.858860935953523,0.8988692029048025,0.0042173333333333325,0.147348,108,0,3,monthly_beme_inv,monthly size/profit/invest,softmax_high_entropy,17,calibration,iid,constant_a019,0.11827789185185185
0.006225505875291698,-0.01450798790831803,0.018840344555803794,0.03459,0.03459000000000001,2.9489980664242483,26.78859422524238,0.9726944623479237,0.008245074074074075,0.13999414814814815,108,9,1,monthly_beme_inv,monthly size/profit/invest,softmax_high_entropy,17,calibration,iid,constant_a020,0.11827789185185185
0.018787440628836933,0.01105940373333333,0.034243514419844114,-0.045128,inf,1.0,24.49845535699406,0.9907407407407407,0.006383953703703705,0.15362255555555557,108,70,0,monthly_beme_inv,monthly size/profit/invest,softmax_high_entropy,17,calibration,iid,constant_a021,0.11827789185185185
-0.004047036744983221,-0.026194095215824297,0.011059403733333336,0.024617,inf,1.9635415596518055,27.930822285174617,0.9818190596328537,0.007549240740740741,0.166953037037037,108,25,0,monthly_beme_inv,monthly size/profit/invest,softmax_high_entropy,17,calibration,iid,constant_a022,0.11827789185185185
0.00865915432642843,0.003858655512618622,0.011059403733333337,0.002636,inf,1.0,18.928024393672697,0.9907407407407407,0.010377666666666665,0.1526464814814815,108,66,0,monthly_beme_inv,monthly size/profit/invest,softmax_high_entropy,17,calibration,iid,constant_a023,0.11827789185185185
-0.04719040408280648,-0.13173348289604858,0.024402975465285304,0.159931,0.159931,4.874391031176991,33.070565493041364,0.9548667497113241,0.003429722222222222,0.15112655555555557,108,5,1,monthly_beme_inv,monthly size/profit/invest,softmax_high_entropy,17,calibration,iid,constant_a024,0.11827789185185185
-0.0018202053838789047,-0.08952313131926402,0.07980472562801187,0.08126652000000002,0.08126652000000002,3.9999512396024666,26.29476380429003,0.9629634144481253,0.007931715555555555,0.11827789185185185,108,3,1,monthly_beme_inv,monthly size/profit/invest,softmax_high_entropy,17,calibration,iid,constant_equal_weight_public,0.11827789185185185
0.020022751128034286,-0.025961995135627212,0.08802618426230421,0.03459,0.03459,6.969580902497236,23.049256930920578,0.935466843495396,0.00639925,0.11877474074074072,108,0,2,monthly_beme_inv,monthly size/profit/invest,softmax_high_entropy,17,calibration,iid,momentum_12,0.11827789185185185
-0.00441382885849111,-0.06000125977649721,0.04969432940663599,0.100681,0.100681,2.9755099739940247,26.152227130940506,0.9724489817222776,0.005811675925925926,0.12731337037037035,108,7,1,monthly_beme_inv,monthly size/profit/invest,softmax_high_entropy,17,calibration,iid,low_vol_12,0.11827789185185185
0.01028227495337454,0.0006975421293434193,0.020480757900541997,0.002636,inf,2.989256620682888,21.560355954449108,0.9723216979566399,0.010428287037037036,0.13604655555555556,108,16,1,monthly_beme_inv,monthly size/profit/invest,softmax_high_entropy,17,calibration,iid,risk_adjusted_12,0.11827789185185185
-0.021920190969628717,-0.12470488322920528,0.062044369089395715,0.059546999999999996,0.059547,5.994969580771834,26.87269205200524,0.9444910224002608,0.009775014444444442,0.1184234,108,1,2,monthly_beme_inv,monthly size/profit/invest,softmax_high_entropy,17,calibration,iid,ridge_return_train_only,0.11827789185185185
0.04611490143117574,-0.006011797873008961,0.10397172535271172,0.041571,0.041571,7.9832428864850264,27.667661725607935,0.9260810843843978,0.012389592592592593,0.1084932962962963,108,0,2,monthly_beme_inv,monthly size/profit/invest,softmax_high_entropy,17,calibration,block,constant_a000,0.11827789185185185
-0.000272250184863991,-0.020608595096720084,0.011059403733333337,0.031728,inf,1.9948315750679981,25.590257436500547,0.9815293372678889,0.005986157407407407,0.10714711111111111,108,36,0,monthly_beme_inv,monthly size/profit/invest,softmax_high_entropy,17,calibration,block,constant_a001,0.11827789185185185
-0.001437625120907687,-0.01962626737303647,0.011059403733333336,0.021543999999999997,0.021544,2.9940560153043156,25.863893292697384,0.9722772591175526,0.008702425925925926,0.0971386296296296,108,8,1,monthly_beme_inv,monthly size/profit/invest,softmax_high_entropy,17,calibration,block,constant_a002,0.11827789185185185
0.04703168186359293,-0.008146199691902127,0.1358859033803576,-0.020964999999999998,-0.020964999999999998,3.971966627078721,24.992075525217107,0.9632225312307526,0.007643314814814815,0.09719577777777777,108,5,1,monthly_beme_inv,monthly size/profit/invest,softmax_high_entropy,17,calibration,block,constant_a003,0.11827789185185185
0.06239271459390608,0.0077428923790376445,0.12981989919086206,-0.00534,-0.00534,4.911696308537766,30.052855938814734,0.9545213304765021,0.009480231481481482,0.11743285185185184,108,2,1,monthly_beme_inv,monthly size/profit/invest,softmax_high_entropy,17,calibration,block,constant_a004,0.11827789185185185
0.008482022107063177,0.000749877228252664,0.011059403733333337,-0.0004340000000000001,inf,1.0,26.19733072014325,0.9907407407407407,0.011261194444444447,0.1134698888888889,108,78,0,monthly_beme_inv,monthly size/profit/invest,softmax_high_entropy,17,calibration,block,constant_a005,0.11827789185185185
-0.00013015009284339505,-0.0721597306784787,0.07836796337934507,0.10068099999999999,0.10068099999999999,6.954667848398561,27.159966970608902,0.935604927329643,0.008031666666666666,0.08997851851851851,108,0,2,monthly_beme_inv,monthly size/profit/invest,softmax_high_entropy,17,calibration,block,constant_a006,0.11827789185185185
0.04771169919111041,0.010078532627864397,0.09537269101412447,0.003964,0.003964,5.993529330879089,26.77450609361969,0.9445043580474158,0.010627296296296298,0.10327848148148148,108,0,2,monthly_beme_inv,monthly size/profit/invest,softmax_high_entropy,17,calibration,block,constant_a007,0.11827789185185185
0.0027620793297025046,-0.03553174369217765,0.03950229458685076,0.041331,0.041331,2.9931040949835537,29.69808012432398,0.9722860731945967,0.0056105277777777785,0.11024014814814816,108,8,1,monthly_beme_inv,monthly size/profit/invest,softmax_high_entropy,17,calibration,block,constant_a008,0.11827789185185185
-0.004206856917886222,-0.057700605912865924,0.02910953694984455,0.07235699999999999,inf,2.960579512037126,31.450209150828908,0.972587226740397,0.010969518518518519,0.13062,108,10,1,monthly_beme_inv,monthly size/profit/invest,softmax_high_entropy,17,calibration,block,constant_a009,0.11827789185185185
0.014455475473438444,-0.060267846119654314,0.07585021600500431,0.07434,0.07434,8.968051838068243,27.55734647319118,0.9169624829808496,0.008336898148148149,0.13666044444444442,108,0,2,monthly_beme_inv,monthly size/profit/invest,softmax_high_entropy,17,calibration,block,constant_a010,0.11827789185185185
0.020735389068852878,0.011059403733333332,0.03217586148939648,-0.018515,inf,2.9749638966619436,26.65443173428297,0.9724540379938709,0.009281564814814814,0.0990418148148148,108,14,1,monthly_beme_inv,monthly size/profit/invest,softmax_high_entropy,17,calibration,block,constant_a011,0.11827789185185185
0.06368935816891799,-0.017257143367582706,0.16631703001084167,-0.010125,-0.010125,3.9926233738003227,26.87269205200524,0.9630312650574044,0.01044275925925926,0.11443203703703704,108,2,1,monthly_beme_inv,monthly size/profit/invest,softmax_high_entropy,17,calibration,block,constant_a012,0.11827789185185185
-0.01344989498029473,-0.052667394260841736,0.02085182906392093,0.056240000000000005,0.056240000000000005,3.984754994175958,26.34670904299594,0.9631041204242967,0.009317546296296296,0.12716503703703705,108,2,1,monthly_beme_inv,monthly size/profit/invest,softmax_high_entropy,17,calibration,block,constant_a013,0.11827789185185185
0.02233091108136415,-0.03878009166685294,0.09455248684202813,0.063181,inf,2.993365720544324,30.61593375065499,0.9722836507357007,0.002895814814814816,0.14171644444444445,108,11,1,monthly_beme_inv,monthly size/profit/invest,softmax_high_entropy,17,calibration,block,constant_a014,0.11827789185185185
-0.015088967431118204,-0.05788101023820118,0.013267233026580236,0.051550000000000006,0.051550000000000006,3.9294697923006434,33.71740758756324,0.9636160204416607,0.00806975925925926,0.15166288888888887,108,2,1,monthly_beme_inv,monthly size/profit/invest,softmax_high_entropy,17,calibration,block,constant_a015,0.11827789185185185
-0.010495823709296904,-0.11298151765312585,0.06990599404405054,0.122682,inf,1.9881264624210808,31.82291360983704,0.9815914216442493,0.007727046296296298,0.13265266666666667,108,24,0,monthly_beme_inv,monthly size/profit/invest,softmax_high_entropy,17,calibration,block,constant_a016,0.11827789185185185
0.005564327268591163,-0.02815021598823508,0.033768694569034384,0.034157,inf,2.995410060763359,29.914093949907944,0.9722647216595985,0.006241351851851851,0.15278481481481482,108,11,1,monthly_beme_inv,monthly size/profit/invest,softmax_high_entropy,17,calibration,block,constant_a017,0.11827789185185185
-0.03141830254521026,-0.13563509163732324,0.049148059924333666,0.06112,0.06112000000000001,6.9398098410068165,28.840445952084373,0.9357425014721591,0.005075231481481484,0.2541734074074074,108,0,2,monthly_beme_inv,monthly size/profit/invest,softmax_high_entropy,17,calibration,block,constant_a018,0.11827789185185185
-0.07939051472422952,-0.22466520771141035,-0.007994838797757716,0.176075,0.176075,10.922126086281322,31.858860935953523,0.8988692029048025,0.0042173333333333325,0.147348,108,0,3,monthly_beme_inv,monthly size/profit/invest,softmax_high_entropy,17,calibration,block,constant_a019,0.11827789185185185
0.006225505875291698,-0.014001646639621605,0.022125101800859744,0.03459,0.03459,2.9489980664242483,26.78859422524238,0.9726944623479237,0.008245074074074075,0.13999414814814815,108,9,1,monthly_beme_inv,monthly size/profit/invest,softmax_high_entropy,17,calibration,block,constant_a020,0.11827789185185185
0.018787440628836933,0.01105940373333333,0.034243514419844114,-0.045128,inf,1.0,24.49845535699406,0.9907407407407407,0.006383953703703705,0.15362255555555557,108,77,0,monthly_beme_inv,monthly size/profit/invest,softmax_high_entropy,17,calibration,block,constant_a021,0.11827789185185185
-0.004047036744983221,-0.027246278774704098,0.011059403733333336,0.024617,inf,1.9635415596518055,27.930822285174617,0.9818190596328537,0.007549240740740741,0.166953037037037,108,20,0,monthly_beme_inv,monthly size/profit/invest,softmax_high_entropy,17,calibration,block,constant_a022,0.11827789185185185
0.00865915432642843,0.0038586555126186215,0.011059403733333337,0.002636,inf,1.0,18.928024393672697,0.9907407407407407,0.010377666666666665,0.1526464814814815,108,69,0,monthly_beme_inv,monthly size/profit/invest,softmax_high_entropy,17,calibration,block,constant_a023,0.11827789185185185
-0.04719040408280648,-0.14216093045426753,0.018260850537900875,0.159931,0.159931,4.874391031176991,33.070565493041364,0.9548667497113241,0.003429722222222222,0.15112655555555557,108,3,1,monthly_beme_inv,monthly size/profit/invest,softmax_high_entropy,17,calibration,block,constant_a024,0.11827789185185185
-0.0018202053838789047,-0.09523749543614032,0.06079000303191681,0.08126652000000002,0.08126652000000002,3.9999512396024666,26.29476380429003,0.9629634144481253,0.007931715555555555,0.11827789185185185,108,0,1,monthly_beme_inv,monthly size/profit/invest,softmax_high_entropy,17,calibration,block,constant_equal_weight_public,0.11827789185185185
0.020022751128034286,-0.02463838391069248,0.08652706040387408,0.03459,0.03459,6.969580902497236,23.049256930920578,0.935466843495396,0.00639925,0.11877474074074072,108,0,2,monthly_beme_inv,monthly size/profit/invest,softmax_high_entropy,17,calibration,block,momentum_12,0.11827789185185185
-0.00441382885849111,-0.07057416325093147,0.03819238465325849,0.100681,0.100681,2.9755099739940247,26.152227130940506,0.9724489817222776,0.005811675925925926,0.12731337037037035,108,9,1,monthly_beme_inv,monthly size/profit/invest,softmax_high_entropy,17,calibration,block,low_vol_12,0.11827789185185185
0.01028227495337454,0.0001657098776505709,0.020693822559789146,0.002636,inf,2.989256620682888,21.560355954449108,0.9723216979566399,0.010428287037037036,0.13604655555555556,108,12,1,monthly_beme_inv,monthly size/profit/invest,softmax_high_entropy,17,calibration,block,risk_adjusted_12,0.11827789185185185
-0.021920190969628717,-0.14369598866922928,0.06476293970248126,0.059546999999999996,0.059547,5.994969580771834,26.87269205200524,0.9444910224002608,0.009775014444444442,0.1184234,108,0,2,monthly_beme_inv,monthly size/profit/invest,softmax_high_entropy,17,calibration,block,ridge_return_train_only,0.11827789185185185
-0.055519394381028694,-0.12605195974950262,0.006216591868486846,0.077534,0.077534,5.94500566938657,29.86322220234451,0.9562867230192164,0.012615316176470588,0.0930109705882353,136,1,2,monthly_beme_inv,monthly size/profit/invest,softmax_high_entropy,17,test,iid,constant_a000,0.11827789185185185
0.011059403733333348,0.011059403733333325,0.011059403733333332,,inf,0.0,0.0,1.0,0.013102345588235295,0.08792349999999999,136,200,0,monthly_beme_inv,monthly size/profit/invest,softmax_high_entropy,17,test,iid,constant_a001,0.11827789185185185
0.009476367682220113,-0.031674451944554864,0.04939137914488792,0.061525,0.061525,6.956747121123782,31.324390189739916,0.9488474476387957,0.012018411764705882,0.09237323529411764,136,0,2,monthly_beme_inv,monthly size/profit/invest,softmax_high_entropy,17,test,iid,constant_a002,0.11827789185185185
-0.002084278882163737,-0.04998559739344913,0.05141468700546983,0.028611,0.028611000000000004,6.809847496895092,31.660815787240647,0.9499275919345949,0.012507904411764706,0.08533364705882353,136,1,2,monthly_beme_inv,monthly size/profit/invest,softmax_high_entropy,17,test,iid,constant_a003,0.11827789185185185
0.02818696733700546,-0.007409699522634165,0.07601728634612201,0.004574,0.004574,3.8996642634297696,31.529588670311774,0.9713259980630164,0.016923816176470586,0.12503776470588232,136,1,1,monthly_beme_inv,monthly size/profit/invest,softmax_high_entropy,17,test,iid,constant_a004,0.11827789185185185
0.030960089794801773,-0.026608132016904543,0.10179816583961059,0.06616799999999999,0.06616799999999999,3.9862681065198537,27.8441664062807,0.9706892050991187,0.008262551470588235,0.08173532352941176,136,3,1,monthly_beme_inv,monthly size/profit/invest,softmax_high_entropy,17,test,iid,constant_a005,0.11827789185185185
0.034350859136903056,-0.015239734750843153,0.10459185613277146,0.00603,0.00603,4.93274869131846,27.667344531823094,0.9637297890344231,0.010530345588235294,0.08785285294117647,136,0,1,monthly_beme_inv,monthly size/profit/invest,softmax_high_entropy,17,test,iid,constant_a006,0.11827789185185185
-0.019710073875784703,-0.07854506094089352,0.01942180385098511,0.08095000000000001,0.08095000000000001,7.956714740023864,29.781212803267,0.941494744558648,0.009129316176470588,0.08401394117647058,136,0,2,monthly_beme_inv,monthly size/profit/invest,softmax_high_entropy,17,test,iid,constant_a007,0.11827789185185185
0.017070588340635132,-0.0058395552537942605,0.041160925011973645,0.031219999999999998,0.03122,2.9761462242035486,28.84792474664888,0.9781165718808562,0.00976945588235294,0.09247982352941177,136,9,1,monthly_beme_inv,monthly size/profit/invest,softmax_high_entropy,17,test,iid,constant_a008,0.11827789185185185
0.010470399230618196,-0.016699031723568764,0.04659161890304574,0.025640999999999994,0.025641,3.968120453837815,28.39343502076202,0.9708226437217807,0.011968948529411766,0.10100061764705882,136,1,1,monthly_beme_inv,monthly size/profit/invest,softmax_high_entropy,17,test,iid,constant_a009,0.11827789185185185
0.01655648168231439,-0.01353558409098847,0.05806208308704731,0.033079,0.033079,5.991474944899158,27.260743823321413,0.9559450371698591,0.008373220588235294,0.12336,136,1,2,monthly_beme_inv,monthly size/profit/invest,softmax_high_entropy,17,test,iid,constant_a010,0.11827789185185185
0.03138699478995613,-0.00028721506485531687,0.07614037344690257,0.019319,0.019319,6.921968775338137,29.80784998808145,0.9491031707695725,0.011226360294117646,0.10341623529411764,136,0,2,monthly_beme_inv,monthly size/profit/invest,softmax_high_entropy,17,test,iid,constant_a011,0.11827789185185185
-0.04323421320995664,-0.10990553782776613,0.010773841094883573,0.052736,0.052736000000000005,6.981300538660342,29.481854362996206,0.9486669078039681,0.008645838235294119,0.10809861764705882,136,0,2,monthly_beme_inv,monthly size/profit/invest,softmax_high_entropy,17,test,iid,constant_a012,0.11827789185185185
0.054194885978444074,0.0032266617323898896,0.12520714716459977,0.008808,0.008808,7.979624233644656,27.091432382248062,0.9413262923996717,0.010076757352941175,0.10753394117647058,136,0,2,monthly_beme_inv,monthly size/profit/invest,softmax_high_entropy,17,test,iid,constant_a013,0.11827789185185185
0.011740592313633372,-0.02304305990107468,0.0459654925939296,0.040811,0.040811,6.939129213764844,30.779276360879027,0.9489769910752585,0.008284867647058825,0.11493285294117647,136,0,2,monthly_beme_inv,monthly size/profit/invest,softmax_high_entropy,17,test,iid,constant_a014,0.11827789185185185
-0.00897785346859966,-0.05467639051444421,0.036422271242074374,0.12146599999999999,0.121466,4.883279964920272,30.869361452240614,0.9640935296697039,0.008826257352941177,0.12884785294117648,136,0,1,monthly_beme_inv,monthly size/profit/invest,softmax_high_entropy,17,test,iid,constant_a015,0.11827789185185185
0.024337182273732823,-0.02297870178745426,0.0894337687821909,0.043795,0.04379500000000001,3.779756883724092,37.18879819267947,0.972207669972617,0.008927345588235295,0.1193340588235294,136,7,1,monthly_beme_inv,monthly size/profit/invest,softmax_high_entropy,17,test,iid,constant_a016,0.11827789185185185
0.002600099673461922,-0.014318508446280931,0.011059403733333332,0.037413,inf,1.0,23.734439877826095,0.9926470588235294,0.011229257352941177,0.11723499999999999,136,80,0,monthly_beme_inv,monthly size/profit/invest,softmax_high_entropy,17,test,iid,constant_a017,0.11827789185185185
-0.01074888338827591,-0.09647822360055361,0.07395038638693581,0.07803399999999999,0.07803399999999999,6.943084036267533,31.821282954417438,0.9489479114980328,0.008399514705882353,0.11210208823529413,136,0,2,monthly_beme_inv,monthly size/profit/invest,softmax_high_entropy,17,test,iid,constant_a018,0.11827789185185185
0.02138762712440933,-0.023369386561784118,0.07704425983085796,0.061285,0.061285000000000006,4.971768614513564,29.60275252071277,0.963442877834459,0.00865529411764706,0.12635044117647057,136,0,1,monthly_beme_inv,monthly size/profit/invest,softmax_high_entropy,17,test,iid,constant_a019,0.11827789185185185
0.01703540043625302,-0.024021139870742853,0.059081476901275146,0.065261,0.065261,4.90853777246369,28.06126423627416,0.9639078104965905,0.012099382352941175,0.14358485294117646,136,2,1,monthly_beme_inv,monthly size/profit/invest,softmax_high_entropy,17,test,iid,constant_a020,0.11827789185185185
0.03243332896686806,0.011059403733333327,0.06726010515848056,-0.05845900000000001,inf,1.9783444778696582,28.504913997645,0.985453349427429,0.01222494117647059,0.14384626470588235,136,32,0,monthly_beme_inv,monthly size/profit/invest,softmax_high_entropy,17,test,iid,constant_a021,0.11827789185185185
-0.015718376240633155,-0.1542455868114726,0.11822356972134172,0.284526,0.284526,8.907382959683417,31.933880889542355,0.9345045370611513,0.017123066176470587,0.1353010882352941,136,0,2,monthly_beme_inv,monthly size/profit/invest,softmax_high_entropy,17,test,iid,constant_a022,0.11827789185185185
-0.03605396562874648,-0.12049387381780642,0.029839663338435567,0.12103799999999999,0.121038,7.896796576936373,31.45148123543734,0.9419353192872325,0.008874250000000002,0.14966720588235294,136,1,2,monthly_beme_inv,monthly size/profit/invest,softmax_high_entropy,17,test,iid,constant_a023,0.11827789185185185
0.048519083516343764,-0.007074236655223065,0.1438253248977443,0.042704000000000006,0.042704000000000006,4.953490875838655,31.861745544405384,0.9635772729717746,0.009983330882352941,0.15231129411764704,136,0,1,monthly_beme_inv,monthly size/profit/invest,softmax_high_entropy,17,test,iid,constant_a024,0.11827789185185185
0.02745740027979179,-0.011479481329830765,0.05433466212341802,0.07182344,inf,1.9999897223903798,26.396146815138486,0.9852941932177178,0.010791123823529411,0.10181459294117648,136,27,0,monthly_beme_inv,monthly size/profit/invest,softmax_high_entropy,17,test,iid,constant_equal_weight_public,0.11827789185185185
0.008806176254907773,-0.012413069343289118,0.040031529156981244,-0.026285,inf,1.9970971085664546,22.894612200820458,0.9853154624370114,0.014479683823529411,0.10938723529411763,136,22,0,monthly_beme_inv,monthly size/profit/invest,softmax_high_entropy,17,test,iid,momentum_12,0.11827789185185185
0.014723741617219389,-0.03370206998635823,0.07235991190270638,0.07182344,inf,2.9983748963059664,27.486071821248554,0.9779531257624561,0.00839615323529412,0.10006255882352941,136,11,1,monthly_beme_inv,monthly size/profit/invest,softmax_high_entropy,17,test,iid,low_vol_12,0.11827789185185185
0.03834661701638814,0.0025744204659043602,0.08846843683029429,-0.0037040000000000003,-0.003704,5.959600278036713,26.087038605103675,0.9561794097203182,0.009734536764705884,0.10477579411764705,136,1,2,monthly_beme_inv,monthly size/profit/invest,softmax_high_entropy,17,test,iid,risk_adjusted_12,0.11827789185185185
-0.027439189554811512,-0.14037554291959609,0.044134680061395315,0.07803399999999999,0.07803399999999999,5.9723886894159435,29.481854362996206,0.9560853772837064,0.008965178235294118,0.10035992352941178,136,0,2,monthly_beme_inv,monthly size/profit/invest,softmax_high_entropy,17,test,iid,ridge_return_train_only,0.11827789185185185
-0.055519394381028694,-0.13280068036749204,-0.0018699536897968366,0.077534,0.077534,5.94500566938657,29.86322220234451,0.9562867230192164,0.012615316176470588,0.0930109705882353,136,0,2,monthly_beme_inv,monthly size/profit/invest,softmax_high_entropy,17,test,block,constant_a000,0.11827789185185185
0.011059403733333348,0.011059403733333324,0.011059403733333332,,inf,0.0,0.0,1.0,0.013102345588235295,0.08792349999999999,136,200,0,monthly_beme_inv,monthly size/profit/invest,softmax_high_entropy,17,test,block,constant_a001,0.11827789185185185
0.009476367682220113,-0.029179281245270878,0.047616250004206315,0.061525,0.061525,6.956747121123782,31.324390189739916,0.9488474476387957,0.012018411764705882,0.09237323529411764,136,0,2,monthly_beme_inv,monthly size/profit/invest,softmax_high_entropy,17,test,block,constant_a002,0.11827789185185185
-0.002084278882163737,-0.03869010836848746,0.04861650407472643,0.028611,0.028611000000000004,6.809847496895092,31.660815787240647,0.9499275919345949,0.012507904411764706,0.08533364705882353,136,0,2,monthly_beme_inv,monthly size/profit/invest,softmax_high_entropy,17,test,block,constant_a003,0.11827789185185185
0.02818696733700546,-0.01324789488785247,0.07664987898914058,0.004574,0.004574,3.8996642634297696,31.529588670311774,0.9713259980630164,0.016923816176470586,0.12503776470588232,136,3,1,monthly_beme_inv,monthly size/profit/invest,softmax_high_entropy,17,test,block,constant_a004,0.11827789185185185
0.030960089794801773,-0.03637440539922452,0.1145965259591478,0.06616799999999999,0.06616799999999999,3.9862681065198537,27.8441664062807,0.9706892050991187,0.008262551470588235,0.08173532352941176,136,2,1,monthly_beme_inv,monthly size/profit/invest,softmax_high_entropy,17,test,block,constant_a005,0.11827789185185185
0.034350859136903056,-0.013057969201342948,0.10286868835008324,0.00603,0.006030000000000001,4.93274869131846,27.667344531823094,0.9637297890344231,0.010530345588235294,0.08785285294117647,136,0,1,monthly_beme_inv,monthly size/profit/invest,softmax_high_entropy,17,test,block,constant_a006,0.11827789185185185
-0.019710073875784703,-0.07306395374692677,0.023469333558255548,0.08095000000000001,0.08095000000000001,7.956714740023864,29.781212803267,0.941494744558648,0.009129316176470588,0.08401394117647058,136,0,2,monthly_beme_inv,monthly size/profit/invest,softmax_high_entropy,17,test,block,constant_a007,0.11827789185185185
0.017070588340635132,-0.005749775630090191,0.04229039427354109,0.031219999999999998,0.03122,2.9761462242035486,28.84792474664888,0.9781165718808562,0.00976945588235294,0.09247982352941177,136,8,1,monthly_beme_inv,monthly size/profit/invest,softmax_high_entropy,17,test,block,constant_a008,0.11827789185185185
0.010470399230618196,-0.018679353895262787,0.043240806453330456,0.025640999999999994,0.025641,3.968120453837815,28.39343502076202,0.9708226437217807,0.011968948529411766,0.10100061764705882,136,2,1,monthly_beme_inv,monthly size/profit/invest,softmax_high_entropy,17,test,block,constant_a009,0.11827789185185185
0.01655648168231439,-0.00978577475547942,0.058838467980098196,0.033079,0.033079,5.991474944899158,27.260743823321413,0.9559450371698591,0.008373220588235294,0.12336,136,0,2,monthly_beme_inv,monthly size/profit/invest,softmax_high_entropy,17,test,block,constant_a010,0.11827789185185185
0.03138699478995613,-1.3645386168543129e-05,0.07224129391543858,0.019319,0.019319,6.921968775338137,29.80784998808145,0.9491031707695725,0.011226360294117646,0.10341623529411764,136,0,2,monthly_beme_inv,monthly size/profit/invest,softmax_high_entropy,17,test,block,constant_a011,0.11827789185185185
-0.04323421320995664,-0.10943914659459267,0.014866286917405306,0.052736,0.052736,6.981300538660342,29.481854362996206,0.9486669078039681,0.008645838235294119,0.10809861764705882,136,0,2,monthly_beme_inv,monthly size/profit/invest,softmax_high_entropy,17,test,block,constant_a012,0.11827789185185185
0.054194885978444074,0.00855534622516643,0.10938854571076781,0.008808,0.008808,7.979624233644656,27.091432382248062,0.9413262923996717,0.010076757352941175,0.10753394117647058,136,0,2,monthly_beme_inv,monthly size/profit/invest,softmax_high_entropy,17,test,block,constant_a013,0.11827789185185185
0.011740592313633372,-0.02030517134131871,0.05359106625634532,0.040811,0.040811,6.939129213764844,30.779276360879027,0.9489769910752585,0.008284867647058825,0.11493285294117647,136,0,2,monthly_beme_inv,monthly size/profit/invest,softmax_high_entropy,17,test,block,constant_a014,0.11827789185185185
-0.00897785346859966,-0.06312903786788483,0.026827075099243803,0.12146599999999999,0.121466,4.883279964920272,30.869361452240614,0.9640935296697039,0.008826257352941177,0.12884785294117648,136,3,1,monthly_beme_inv,monthly size/profit/invest,softmax_high_entropy,17,test,block,constant_a015,0.11827789185185185
0.024337182273732823,-0.019318970967337534,0.0763804165153483,0.043795,0.04379500000000001,3.779756883724092,37.18879819267947,0.972207669972617,0.008927345588235295,0.1193340588235294,136,1,1,monthly_beme_inv,monthly size/profit/invest,softmax_high_entropy,17,test,block,constant_a016,0.11827789185185185
0.002600099673461922,-0.01431850844628093,0.011059403733333332,0.037413,inf,1.0,23.734439877826095,0.9926470588235294,0.011229257352941177,0.11723499999999999,136,72,0,monthly_beme_inv,monthly size/profit/invest,softmax_high_entropy,17,test,block,constant_a017,0.11827789185185185
-0.01074888338827591,-0.09707412440800604,0.0870783659442519,0.07803399999999999,0.07803399999999999,6.943084036267533,31.821282954417438,0.9489479114980328,0.008399514705882353,0.11210208823529413,136,0,2,monthly_beme_inv,monthly size/profit/invest,softmax_high_entropy,17,test,block,constant_a018,0.11827789185185185
0.02138762712440933,-0.01497456800437944,0.07108533630089062,0.061285,0.061285000000000006,4.971768614513564,29.60275252071277,0.963442877834459,0.00865529411764706,0.12635044117647057,136,2,1,monthly_beme_inv,monthly size/profit/invest,softmax_high_entropy,17,test,block,constant_a019,0.11827789185185185
0.01703540043625302,-0.03081928864639306,0.0603524805481166,0.065261,0.065261,4.90853777246369,28.06126423627416,0.9639078104965905,0.012099382352941175,0.14358485294117646,136,0,1,monthly_beme_inv,monthly size/profit/invest,softmax_high_entropy,17,test,block,constant_a020,0.11827789185185185
0.03243332896686806,0.011059403733333327,0.06726010515848056,-0.05845900000000001,inf,1.9783444778696582,28.504913997645,0.985453349427429,0.01222494117647059,0.14384626470588235,136,20,0,monthly_beme_inv,monthly size/profit/invest,softmax_high_entropy,17,test,block,constant_a021,0.11827789185185185
-0.015718376240633155,-0.15284545431373464,0.06603461266647241,0.284526,0.284526,8.907382959683417,31.933880889542355,0.9345045370611513,0.017123066176470587,0.1353010882352941,136,0,2,monthly_beme_inv,monthly size/profit/invest,softmax_high_entropy,17,test,block,constant_a022,0.11827789185185185
-0.03605396562874648,-0.14521817986779917,0.0484950188285847,0.12103799999999999,0.121038,7.896796576936373,31.45148123543734,0.9419353192872325,0.008874250000000002,0.14966720588235294,136,0,2,monthly_beme_inv,monthly size/profit/invest,softmax_high_entropy,17,test,block,constant_a023,0.11827789185185185
0.048519083516343764,-0.005760066324763679,0.12907981724706394,0.042704000000000006,0.042704000000000006,4.953490875838655,31.861745544405384,0.9635772729717746,0.009983330882352941,0.15231129411764704,136,1,1,monthly_beme_inv,monthly size/profit/invest,softmax_high_entropy,17,test,block,constant_a024,0.11827789185185185
0.02745740027979179,-0.01771280492058874,0.05505164572658593,0.07182344,inf,1.9999897223903798,26.396146815138486,0.9852941932177178,0.010791123823529411,0.10181459294117648,136,26,0,monthly_beme_inv,monthly size/profit/invest,softmax_high_entropy,17,test,block,constant_equal_weight_public,0.11827789185185185
0.008806176254907773,-0.012920052275971271,0.04152295580071866,-0.026285,inf,1.9970971085664546,22.894612200820458,0.9853154624370114,0.014479683823529411,0.10938723529411763,136,25,0,monthly_beme_inv,monthly size/profit/invest,softmax_high_entropy,17,test,block,momentum_12,0.11827789185185185
0.014723741617219389,-0.03647712441338494,0.06744427578225862,0.07182344,inf,2.9983748963059664,27.486071821248554,0.9779531257624561,0.00839615323529412,0.10006255882352941,136,11,1,monthly_beme_inv,monthly size/profit/invest,softmax_high_entropy,17,test,block,low_vol_12,0.11827789185185185
0.03834661701638814,0.002412845993287557,0.08337972422725387,-0.0037040000000000003,-0.003704,5.959600278036713,26.087038605103675,0.9561794097203182,0.009734536764705884,0.10477579411764705,136,1,2,monthly_beme_inv,monthly size/profit/invest,softmax_high_entropy,17,test,block,risk_adjusted_12,0.11827789185185185
-0.027439189554811512,-0.11068158956414795,0.05365819787417227,0.07803399999999999,0.07803399999999999,5.9723886894159435,29.481854362996206,0.9560853772837064,0.008965178235294118,0.10035992352941178,136,1,2,monthly_beme_inv,monthly size/profit/invest,softmax_high_entropy,17,test,block,ridge_return_train_only,0.11827789185185185
0.0354043720587963,0.011953648533333349,0.06006194388013237,-0.003582,-0.0035819999999999997,4.994321537643686,27.421804697934004,0.9537562820588548,0.012389592592592593,0.1084932962962963,108,2,1,monthly_beme_inv,monthly size/profit/invest,softmax_high_entropy,27,calibration,iid,constant_a000,0.11827789185185185
-0.003688254896087895,-0.050932643835148214,0.036997893068322706,0.035985,0.035985,8.921640030192156,30.637098602798694,0.9173922219426652,0.005986157407407407,0.10714711111111111,108,0,2,monthly_beme_inv,monthly size/profit/invest,softmax_high_entropy,27,calibration,iid,constant_a001,0.11827789185185185
0.006538708841574055,-0.011221206576003003,0.016573672556039015,0.021241,inf,1.9999878409219451,25.133412185350558,0.9814815940655376,0.008702425925925926,0.0971386296296296,108,24,0,monthly_beme_inv,monthly size/profit/invest,softmax_high_entropy,27,calibration,iid,constant_a002,0.11827789185185185
-0.01677552845203159,-0.09512301998427358,0.028950523679216415,0.147307,0.147307,3.9847702114585837,28.63553180860244,0.9631039795235317,0.007643314814814815,0.09719577777777777,108,1,1,monthly_beme_inv,monthly size/profit/invest,softmax_high_entropy,27,calibration,iid,constant_a003,0.11827789185185185
-0.01106340587961682,-0.05709751470551735,0.011953648533333349,0.102891,inf,1.0,21.645256512558447,0.9907407407407407,0.009480231481481482,0.11743285185185184,108,69,0,monthly_beme_inv,monthly size/profit/invest,softmax_high_entropy,27,calibration,iid,constant_a004,0.11827789185185185
0.035919241340490134,-0.004601523966260944,0.0986326358602905,0.018563,0.018563,4.992576322139554,26.76878565115955,0.9537724414616708,0.011261194444444447,0.1134698888888889,108,1,1,monthly_beme_inv,monthly size/profit/invest,softmax_high_entropy,27,calibration,iid,constant_a005,0.11827789185185185
0.00482777979446369,-0.05113900634180409,0.05094615885879367,0.10068099999999999,0.10068099999999999,3.970109557413428,26.37188929082875,0.963239726320246,0.008031666666666666,0.08997851851851851,108,3,1,monthly_beme_inv,monthly size/profit/invest,softmax_high_entropy,27,calibration,iid,constant_a006,0.11827789185185185
0.05704869160978288,0.020594773141482562,0.09881999836808056,0.028333,0.028333000000000004,2.9830835110788274,28.83357154323038,0.9723788563788998,0.010627296296296298,0.10327848148148148,108,9,1,monthly_beme_inv,monthly size/profit/invest,softmax_high_entropy,27,calibration,iid,constant_a007,0.11827789185185185
0.014179658139183308,0.007441553158616217,0.024501618557077897,-0.005535,inf,2.988510043290703,28.97956527269385,0.9723286107102713,0.0056105277777777785,0.11024014814814816,108,11,1,monthly_beme_inv,monthly size/profit/invest,softmax_high_entropy,27,calibration,iid,constant_a008,0.11827789185185185
0.008643507480164837,-0.022359225988138946,0.027244424234165652,0.040053,0.040053,2.949914882516057,31.052299267790684,0.9726859733100365,0.010969518518518519,0.13062,108,9,1,monthly_beme_inv,monthly size/profit/invest,softmax_high_entropy,27,calibration,iid,constant_a009,0.11827789185185185
0.0037088567212035083,-0.024266907718130944,0.020616100008603463,0.044268999999999996,inf,2.998211494408324,25.63788977984618,0.9722387824591822,0.008336898148148149,0.13666044444444442,108,12,1,monthly_beme_inv,monthly size/profit/invest,softmax_high_entropy,27,calibration,iid,constant_a010,0.11827789185185185
-0.015358212838676525,-0.07355102984441551,0.014779431227938993,0.085692,0.08569200000000002,3.9695402518977216,28.484553433793018,0.9632449976676137,0.009281564814814814,0.0990418148148148,108,4,1,monthly_beme_inv,monthly size/profit/invest,softmax_high_entropy,27,calibration,iid,constant_a011,0.11827789185185185
-0.03260362831585273,-0.10195724106894113,0.010631379835533037,0.10232799999999999,0.10232799999999999,3.940439303376141,25.711394672889014,0.9635144508946654,0.01044275925925926,0.11443203703703704,108,2,1,monthly_beme_inv,monthly size/profit/invest,softmax_high_entropy,27,calibration,iid,constant_a012,0.11827789185185185
0.011953648533333354,0.01195364853333334,0.011953648533333349,,inf,0.0,0.0,1.0,0.009317546296296296,0.12716503703703705,108,200,0,monthly_beme_inv,monthly size/profit/invest,softmax_high_entropy,27,calibration,iid,constant_a013,0.11827789185185185
-0.039189223203917746,-0.11232335281152345,0.012559141192192529,0.095336,0.095336,4.958855483516773,30.453203488435687,0.9540846714489187,0.002895814814814816,0.14171644444444445,108,2,1,monthly_beme_inv,monthly size/profit/invest,softmax_high_entropy,27,calibration,iid,constant_a014,0.11827789185185185
0.024147504045280165,-0.05804210495224507,0.12185707667344574,0.090918,0.090918,6.946062257540963,29.671703468358178,0.9356846087264725,0.00806975925925926,0.15166288888888887,108,0,2,monthly_beme_inv,monthly size/profit/invest,softmax_high_entropy,27,calibration,iid,constant_a015,0.11827789185185185
0.03396065400349771,0.0030311960983530582,0.08524055538445827,0.01564,0.01564,3.993914752420939,26.241428451239777,0.9630193078479543,0.007727046296296298,0.13265266666666667,108,1,1,monthly_beme_inv,monthly size/profit/invest,softmax_high_entropy,27,calibration,iid,constant_a016,0.11827789185185185
0.037663174569837775,0.011953648533333345,0.07228466886091495,-0.023736999999999998,inf,2.9987878167187665,28.770475782725338,0.9722334461414929,0.006241351851851851,0.15278481481481482,108,11,1,monthly_beme_inv,monthly size/profit/invest,softmax_high_entropy,27,calibration,iid,constant_a017,0.11827789185185185
0.0067063683371973845,-0.04139222344964579,0.04768514083489304,0.06112,inf,2.984668595318519,28.036063951034066,0.9723641796729767,0.005075231481481484,0.2541734074074074,108,10,1,monthly_beme_inv,monthly size/profit/invest,softmax_high_entropy,27,calibration,iid,constant_a018,0.11827789185185185
0.027184443774980464,-0.008821628143382255,0.08702425346520502,0.019355,0.019355000000000004,2.9719019582621007,30.283659610037724,0.9724823892753509,0.0042173333333333325,0.147348,108,8,1,monthly_beme_inv,monthly size/profit/invest,softmax_high_entropy,27,calibration,iid,constant_a019,0.11827789185185185
0.039151002165617635,-0.029542667379606983,0.09041168057256709,0.069705,inf,2.977059510061428,29.143877028302253,0.9724346341660979,0.008245074074074075,0.13999414814814815,108,11,1,monthly_beme_inv,monthly size/profit/invest,softmax_high_entropy,27,calibration,iid,constant_a020,0.11827789185185185
0.021637148687392565,-0.027323446787030095,0.06617580525196702,0.061106,0.06110600000000001,4.929804418452429,27.525894529493176,0.9543536627921071,0.006383953703703705,0.15362255555555557,108,4,1,monthly_beme_inv,monthly size/profit/invest,softmax_high_entropy,27,calibration,iid,constant_a021,0.11827789185185185
-0.031426861363823375,-0.152228852115288,0.06788925226904265,0.13905099999999998,0.13905099999999998,6.9005673186230085,31.16339693053459,0.9361058581608981,0.007549240740740741,0.166953037037037,108,0,2,monthly_beme_inv,monthly size/profit/invest,softmax_high_entropy,27,calibration,iid,constant_a022,0.11827789185185185
-0.03826406470701598,-0.1997567395416464,0.07563416699754649,0.166206,0.166206,5.8888776552895585,29.43163192860261,0.9454733550436152,0.010377666666666665,0.1526464814814815,108,1,2,monthly_beme_inv,monthly size/profit/invest,softmax_high_entropy,27,calibration,iid,constant_a023,0.11827789185185185
-0.020155910291212935,-0.07531476631172794,0.0338786628994799,0.099713,0.09971300000000001,5.9623023912905175,28.840815815316525,0.9447934963769397,0.003429722222222222,0.15112655555555557,108,0,2,monthly_beme_inv,monthly size/profit/invest,softmax_high_entropy,27,calibration,iid,constant_a024,0.11827789185185185
0.02025615880903599,-0.003888474055739784,0.04903023648919025,0.023478399999999996,0.023478399999999996,5.9999305779369045,26.33802206714594,0.9444450872413249,0.007931715555555555,0.11827789185185185,108,0,2,monthly_beme_inv,monthly size/profit/invest,softmax_high_entropy,27,calibration,iid,constant_equal_weight_public,0.11827789185185185
-0.04650125273523476,-0.16670570219206363,0.03196290183996952,0.102328,0.102328,6.956102793218016,23.114979095042898,0.9355916408035369,0.00639925,0.11877474074074072,108,0,2,monthly_beme_inv,monthly size/profit/invest,softmax_high_entropy,27,calibration,iid,momentum_12,0.11827789185185185
0.013258306283560476,-0.04954674156329441,0.05496327524587551,0.10068099999999999,0.100681,5.930166524418224,30.637098602798694,0.9450910506998312,0.005811675925925926,0.12731337037037035,108,1,2,monthly_beme_inv,monthly size/profit/invest,softmax_high_entropy,27,calibration,iid,low_vol_12,0.11827789185185185
-0.022449488837092288,-0.12041928874437102,0.040436689339955686,0.095793,0.09579300000000002,3.9499177894176443,24.220146825020404,0.9634266871350218,0.010428287037037036,0.13604655555555556,108,1,1,monthly_beme_inv,monthly size/profit/invest,softmax_high_entropy,27,calibration,iid,risk_adjusted_12,0.11827789185185185
-0.011527452366482014,-0.17181775773849747,0.0944552662843536,0.16620599999999996,0.166206,4.910231079823639,28.69671613527286,0.9545348974090404,0.01015025925925926,0.14050600000000002,108,4,1,monthly_beme_inv,monthly size/profit/invest,softmax_high_entropy,27,calibration,iid,ridge_return_train_only,0.11827789185185185
0.0354043720587963,0.01386467774471435,0.06460639073567781,-0.003582,-0.0035819999999999997,4.994321537643686,27.421804697934004,0.9537562820588548,0.012389592592592593,0.1084932962962963,108,1,1,monthly_beme_inv,monthly size/profit/invest,softmax_high_entropy,27,calibration,block,constant_a000,0.11827789185185185
-0.003688254896087895,-0.03698805573357582,0.03282392341065127,0.035985,0.035985,8.921640030192156,30.637098602798694,0.9173922219426652,0.005986157407407407,0.10714711111111111,108,0,2,monthly_beme_inv,monthly size/profit/invest,softmax_high_entropy,27,calibration,block,constant_a001,0.11827789185185185
0.006538708841574055,-0.011221206576003005,0.018883684567391843,0.021241,inf,1.9999878409219451,25.133412185350558,0.9814815940655376,0.008702425925925926,0.0971386296296296,108,29,0,monthly_beme_inv,monthly size/profit/invest,softmax_high_entropy,27,calibration,block,constant_a002,0.11827789185185185
-0.01677552845203159,-0.09118572606710919,0.026765359771202233,0.147307,0.147307,3.9847702114585837,28.63553180860244,0.9631039795235317,0.007643314814814815,0.09719577777777777,108,2,1,monthly_beme_inv,monthly size/profit/invest,softmax_high_entropy,27,calibration,block,constant_a003,0.11827789185185185
-0.01106340587961682,-0.057097514705517355,0.01195364853333335,0.102891,inf,1.0,21.645256512558447,0.9907407407407407,0.009480231481481482,0.11743285185185184,108,71,0,monthly_beme_inv,monthly size/profit/invest,softmax_high_entropy,27,calibration,block,constant_a004,0.11827789185185185
0.035919241340490134,-0.005985871164307673,0.09568589998698787,0.018563,0.018563,4.992576322139554,26.76878565115955,0.9537724414616708,0.011261194444444447,0.1134698888888889,108,0,1,monthly_beme_inv,monthly size/profit/invest,softmax_high_entropy,27,calibration,block,constant_a005,0.11827789185185185
0.00482777979446369,-0.042357024960977714,0.044758244672753536,0.10068099999999999,0.10068099999999999,3.970109557413428,26.37188929082875,0.963239726320246,0.008031666666666666,0.08997851851851851,108,4,1,monthly_beme_inv,monthly size/profit/invest,softmax_high_entropy,27,calibration,block,constant_a006,0.11827789185185185
0.05704869160978288,0.02167758879308511,0.09733963478519193,0.028333,0.028333000000000004,2.9830835110788274,28.83357154323038,0.9723788563788998,0.010627296296296298,0.10327848148148148,108,8,1,monthly_beme_inv,monthly size/profit/invest,softmax_high_entropy,27,calibration,block,constant_a007,0.11827789185185185
0.014179658139183308,0.007453978208751887,0.023632565398369398,-0.005535,-0.005534999999999999,2.988510043290703,28.97956527269385,0.9723286107102713,0.0056105277777777785,0.11024014814814816,108,9,1,monthly_beme_inv,monthly size/profit/invest,softmax_high_entropy,27,calibration,block,constant_a008,0.11827789185185185
0.008643507480164837,-0.015027031666075115,0.02449720811964662,0.040053,inf,2.949914882516057,31.052299267790684,0.9726859733100365,0.010969518518518519,0.13062,108,20,1,monthly_beme_inv,monthly size/profit/invest,softmax_high_entropy,27,calibration,block,constant_a009,0.11827789185185185
0.0037088567212035083,-0.025774404115961363,0.020835487701612605,0.044268999999999996,0.044269,2.998211494408324,25.63788977984618,0.9722387824591822,0.008336898148148149,0.13666044444444442,108,8,1,monthly_beme_inv,monthly size/profit/invest,softmax_high_entropy,27,calibration,block,constant_a010,0.11827789185185185
-0.015358212838676525,-0.07045670793890794,0.014771475501580813,0.085692,0.085692,3.9695402518977216,28.484553433793018,0.9632449976676137,0.009281564814814814,0.0990418148148148,108,2,1,monthly_beme_inv,monthly size/profit/invest,softmax_high_entropy,27,calibration,block,constant_a011,0.11827789185185185
-0.03260362831585273,-0.1112412686543631,0.011627265753496565,0.10232799999999999,0.102328,3.940439303376141,25.711394672889014,0.9635144508946654,0.01044275925925926,0.11443203703703704,108,5,1,monthly_beme_inv,monthly size/profit/invest,softmax_high_entropy,27,calibration,block,constant_a012,0.11827789185185185
0.011953648533333354,0.01195364853333334,0.01195364853333335,,inf,0.0,0.0,1.0,0.009317546296296296,0.12716503703703705,108,200,0,monthly_beme_inv,monthly size/profit/invest,softmax_high_entropy,27,calibration,block,constant_a013,0.11827789185185185
-0.039189223203917746,-0.13337094140161307,0.017723792333918378,0.095336,0.095336,4.958855483516773,30.453203488435687,0.9540846714489187,0.002895814814814816,0.14171644444444445,108,1,1,monthly_beme_inv,monthly size/profit/invest,softmax_high_entropy,27,calibration,block,constant_a014,0.11827789185185185
0.024147504045280165,-0.08405430426958549,0.09964755324320408,0.090918,0.090918,6.946062257540963,29.671703468358178,0.9356846087264725,0.00806975925925926,0.15166288888888887,108,0,2,monthly_beme_inv,monthly size/profit/invest,softmax_high_entropy,27,calibration,block,constant_a015,0.11827789185185185
0.03396065400349771,0.003435926902578057,0.07216002329207975,0.01564,0.01564,3.993914752420939,26.241428451239777,0.9630193078479543,0.007727046296296298,0.13265266666666667,108,3,1,monthly_beme_inv,monthly size/profit/invest,softmax_high_entropy,27,calibration,block,constant_a016,0.11827789185185185
0.037663174569837775,0.01501417920287777,0.07262282449028103,-0.023736999999999998,-0.023736999999999994,2.9987878167187665,28.770475782725338,0.9722334461414929,0.006241351851851851,0.15278481481481482,108,5,1,monthly_beme_inv,monthly size/profit/invest,softmax_high_entropy,27,calibration,block,constant_a017,0.11827789185185185
0.0067063683371973845,-0.045337507053064496,0.04768514083489309,0.06112,0.06112000000000001,2.984668595318519,28.036063951034066,0.9723641796729767,0.005075231481481484,0.2541734074074074,108,2,1,monthly_beme_inv,monthly size/profit/invest,softmax_high_entropy,27,calibration,block,constant_a018,0.11827789185185185
0.027184443774980464,-0.014037941314332539,0.1039954796496753,0.019355,inf,2.9719019582621007,30.283659610037724,0.9724823892753509,0.0042173333333333325,0.147348,108,13,1,monthly_beme_inv,monthly size/profit/invest,softmax_high_entropy,27,calibration,block,constant_a019,0.11827789185185185
0.039151002165617635,-0.033258286645608995,0.09044237614325741,0.069705,inf,2.977059510061428,29.143877028302253,0.9724346341660979,0.008245074074074075,0.13999414814814815,108,10,1,monthly_beme_inv,monthly size/profit/invest,softmax_high_entropy,27,calibration,block,constant_a020,0.11827789185185185
0.021637148687392565,-0.03736907070130759,0.07281012868749322,0.061106,0.06110600000000001,4.929804418452429,27.525894529493176,0.9543536627921071,0.006383953703703705,0.15362255555555557,108,5,1,monthly_beme_inv,monthly size/profit/invest,softmax_high_entropy,27,calibration,block,constant_a021,0.11827789185185185
-0.031426861363823375,-0.13124781494157445,0.05002349136718857,0.13905099999999998,0.13905099999999998,6.9005673186230085,31.16339693053459,0.9361058581608981,0.007549240740740741,0.166953037037037,108,0,2,monthly_beme_inv,monthly size/profit/invest,softmax_high_entropy,27,calibration,block,constant_a022,0.11827789185185185
-0.03826406470701598,-0.16550709590942214,0.06516232996252135,0.166206,0.166206,5.8888776552895585,29.43163192860261,0.9454733550436152,0.010377666666666665,0.1526464814814815,108,0,2,monthly_beme_inv,monthly size/profit/invest,softmax_high_entropy,27,calibration,block,constant_a023,0.11827789185185185
-0.020155910291212935,-0.0733711410387186,0.026854003698257387,0.099713,0.09971300000000001,5.9623023912905175,28.840815815316525,0.9447934963769397,0.003429722222222222,0.15112655555555557,108,1,2,monthly_beme_inv,monthly size/profit/invest,softmax_high_entropy,27,calibration,block,constant_a024,0.11827789185185185
0.02025615880903599,-0.010714668948851756,0.053659809865753555,0.023478399999999996,0.023478399999999996,5.9999305779369045,26.33802206714594,0.9444450872413249,0.007931715555555555,0.11827789185185185,108,0,2,monthly_beme_inv,monthly size/profit/invest,softmax_high_entropy,27,calibration,block,constant_equal_weight_public,0.11827789185185185
-0.04650125273523476,-0.13099788873967697,0.03775926700951675,0.102328,0.10232799999999999,6.956102793218016,23.114979095042898,0.9355916408035369,0.00639925,0.11877474074074072,108,0,2,monthly_beme_inv,monthly size/profit/invest,softmax_high_entropy,27,calibration,block,momentum_12,0.11827789185185185
0.013258306283560476,-0.046013114126076275,0.06134851819091262,0.10068099999999999,0.100681,5.930166524418224,30.637098602798694,0.9450910506998312,0.005811675925925926,0.12731337037037035,108,0,2,monthly_beme_inv,monthly size/profit/invest,softmax_high_entropy,27,calibration,block,low_vol_12,0.11827789185185185
-0.022449488837092288,-0.10315556578238269,0.04339318172162016,0.095793,0.09579300000000002,3.9499177894176443,24.220146825020404,0.9634266871350218,0.010428287037037036,0.13604655555555556,108,4,1,monthly_beme_inv,monthly size/profit/invest,softmax_high_entropy,27,calibration,block,risk_adjusted_12,0.11827789185185185
-0.011527452366482014,-0.14378192090664563,0.09205673881842735,0.16620599999999996,0.166206,4.910231079823639,28.69671613527286,0.9545348974090404,0.01015025925925926,0.14050600000000002,108,1,1,monthly_beme_inv,monthly size/profit/invest,softmax_high_entropy,27,calibration,block,ridge_return_train_only,0.11827789185185185
0.02315345515439765,-0.0015232209122266463,0.05140464709618099,0.019267,0.019267,7.877666928026684,31.44591766146384,0.942075978470392,0.012615316176470588,0.0930109705882353,136,0,2,monthly_beme_inv,monthly size/profit/invest,softmax_high_entropy,27,test,iid,constant_a000,0.11827789185185185
0.01846215243668724,-0.02281676952781416,0.05611978714453776,0.082918,0.082918,6.966538019913502,27.30608427880032,0.9487754557359301,0.013102345588235295,0.08792349999999999,136,0,2,monthly_beme_inv,monthly size/profit/invest,softmax_high_entropy,27,test,iid,constant_a001,0.11827789185185185
-0.004303473942789969,-0.05748593121950797,0.034835048354695,0.11002100000000001,inf,2.993623587321015,26.638249954948783,0.9779880618579337,0.012018411764705882,0.09237323529411764,136,16,1,monthly_beme_inv,monthly size/profit/invest,softmax_high_entropy,27,test,iid,constant_a002,0.11827789185185185
-0.00394304574688387,-0.03598751297136465,0.01195364853333334,0.061278000000000006,inf,1.9907747402424256,26.80439180324667,0.9853619504393939,0.012507904411764706,0.08533364705882353,136,22,0,monthly_beme_inv,monthly size/profit/invest,softmax_high_entropy,27,test,iid,constant_a003,0.11827789185185185
0.029705588237526722,-0.027311443316557143,0.08847453481217542,0.057672999999999995,0.057673,5.7624423174629955,32.482556545268686,0.9576291006068898,0.016923816176470586,0.12503776470588232,136,0,2,monthly_beme_inv,monthly size/profit/invest,softmax_high_entropy,27,test,iid,constant_a004,0.11827789185185185
0.007914038788257801,-0.05717567153183273,0.06013077708379074,0.016229,0.016229,5.918013773575001,32.205207952470865,0.9564851928413602,0.008262551470588235,0.08173532352941176,136,1,2,monthly_beme_inv,monthly size/profit/invest,softmax_high_entropy,27,test,iid,constant_a005,0.11827789185185185
-0.013103557616771082,-0.04631082108744428,0.013037354325453098,0.047713,0.047713,6.921630920919225,29.040460757020575,0.949105654993241,0.010530345588235294,0.08785285294117647,136,0,2,monthly_beme_inv,monthly size/profit/invest,softmax_high_entropy,27,test,iid,constant_a006,0.11827789185185185
0.025052382989093912,-0.024962124289784084,0.07189851874775788,0.0019029999999999997,0.0019030000000000002,5.967936191145153,31.47582339071408,0.9561181162415797,0.009129316176470588,0.08401394117647058,136,0,2,monthly_beme_inv,monthly size/profit/invest,softmax_high_entropy,27,test,iid,constant_a007,0.11827789185185185
0.01837913845084839,-0.011867541975863805,0.05518516088434286,0.03508,0.03508,5.982304764164481,29.28560722388944,0.9560124649693789,0.00976945588235294,0.09247982352941177,136,0,2,monthly_beme_inv,monthly size/profit/invest,softmax_high_entropy,27,test,iid,constant_a008,0.11827789185185185
0.006016028049736444,-0.024992502245147676,0.041983160441703624,0.06240700000000001,0.06240700000000001,6.959674655833121,26.28669151004016,0.9488259216482858,0.011968948529411766,0.10100061764705882,136,1,2,monthly_beme_inv,monthly size/profit/invest,softmax_high_entropy,27,test,iid,constant_a009,0.11827789185185185
0.02401706629682671,0.0004269671896107276,0.060904738936219956,0.021247,0.021247,5.950373914081151,29.367918898116624,0.9562472506317562,0.008373220588235294,0.12336,136,0,2,monthly_beme_inv,monthly size/profit/invest,softmax_high_entropy,27,test,iid,constant_a010,0.11827789185185185
-0.004759780859494491,-0.029300346158978544,0.011663970604239788,0.024416000000000004,0.024416000000000004,6.970147597978952,27.573740321765296,0.948748914720743,0.011226360294117646,0.10341623529411764,136,0,2,monthly_beme_inv,monthly size/profit/invest,softmax_high_entropy,27,test,iid,constant_a011,0.11827789185185185
0.03506959308983389,-0.023115361018308425,0.09220061087661224,0.074712,0.074712,7.951076925173167,29.028811251237777,0.9415361990796091,0.008645838235294119,0.10809861764705882,136,0,2,monthly_beme_inv,monthly size/profit/invest,softmax_high_entropy,27,test,iid,constant_a012,0.11827789185185185
0.034907274038976935,0.0004575237451072574,0.09371229910882985,0.009404000000000001,inf,2.9871816710005072,28.630190464391475,0.9780354288897022,0.010076757352941175,0.10753394117647058,136,10,1,monthly_beme_inv,monthly size/profit/invest,softmax_high_entropy,27,test,iid,constant_a013,0.11827789185185185
-0.04811331823199811,-0.13526163592375587,0.0070552658971117154,0.12928,0.12928,5.957896963638252,31.722084672708117,0.9561919340908952,0.008284867647058825,0.11493285294117647,136,1,2,monthly_beme_inv,monthly size/profit/invest,softmax_high_entropy,27,test,iid,constant_a014,0.11827789185185185
-0.008928276893681393,-0.05801644014488075,0.017018018507455684,0.060768,0.06076800000000001,5.974874980771531,28.13295219396,0.9560670957296211,0.008826257352941177,0.12884785294117648,136,0,2,monthly_beme_inv,monthly size/profit/invest,softmax_high_entropy,27,test,iid,constant_a015,0.11827789185185185
-0.028633201322604454,-0.07860323239619076,0.01546452314680638,0.076984,0.076984,6.921440652841463,28.328024816940065,0.9491070540232245,0.008927345588235295,0.1193340588235294,136,1,2,monthly_beme_inv,monthly size/profit/invest,softmax_high_entropy,27,test,iid,constant_a016,0.11827789185185185
0.03192893596657559,0.005403055650709608,0.08324898034747606,0.012497000000000001,0.012497000000000003,4.996502913554416,27.542328592864518,0.9632610079885705,0.011229257352941177,0.11723499999999999,136,1,1,monthly_beme_inv,monthly size/profit/invest,softmax_high_entropy,27,test,iid,constant_a017,0.11827789185185185
0.04883575534538742,0.0066906103208729285,0.0907211018529234,0.014646999999999999,0.014647,5.981124209981414,30.738625984365548,0.9560211455148425,0.008399514705882353,0.11210208823529413,136,0,2,monthly_beme_inv,monthly size/profit/invest,softmax_high_entropy,27,test,iid,constant_a018,0.11827789185185185
0.00711800408605265,-0.05913789591238306,0.07314357964712545,0.083162,0.083162,3.9685820071908724,30.020888188662248,0.970819249947126,0.00865529411764706,0.12635044117647057,136,5,1,monthly_beme_inv,monthly size/profit/invest,softmax_high_entropy,27,test,iid,constant_a019,0.11827789185185185
0.05260649055458143,-0.004700187731865328,0.12089298324645344,0.011297999999999999,inf,1.9720233500929505,27.12362977331495,0.9854998283081401,0.012099382352941175,0.14358485294117646,136,17,0,monthly_beme_inv,monthly size/profit/invest,softmax_high_entropy,27,test,iid,constant_a020,0.11827789185185185
-0.021684794394029917,-0.08922563397662876,0.03226415522048263,0.083786,0.083786,3.939585347304268,31.701453372112734,0.9710324606815862,0.01222494117647059,0.14384626470588235,136,5,1,monthly_beme_inv,monthly size/profit/invest,softmax_high_entropy,27,test,iid,constant_a021,0.11827789185185185
0.03628281524093298,0.011953648533333338,0.06980911176543239,-0.053999,inf,1.9918413660231153,27.819817273484574,0.9853541076027712,0.017123066176470587,0.1353010882352941,136,32,0,monthly_beme_inv,monthly size/profit/invest,softmax_high_entropy,27,test,iid,constant_a022,0.11827789185185185
0.02873288936660948,0.018551325736116488,0.03685349054270594,-0.060572,inf,1.0,31.84234390536231,0.9926470588235294,0.008874250000000002,0.14966720588235294,136,84,0,monthly_beme_inv,monthly size/profit/invest,softmax_high_entropy,27,test,iid,constant_a023,0.11827789185185185
-0.010640814887229335,-0.0792638713428896,0.05318749062978695,0.10979699999999999,0.109797,5.972434769154436,28.818882395483882,0.9560850384620997,0.009983330882352941,0.15231129411764704,136,0,2,monthly_beme_inv,monthly size/profit/invest,softmax_high_entropy,27,test,iid,constant_a024,0.11827789185185185
0.023599498967564053,-0.003952475700585316,0.058616706914047974,0.02876308,0.028763080000000003,4.99989172779442,26.56442417816029,0.9632360902368058,0.010791123823529411,0.10181459294117648,136,2,1,monthly_beme_inv,monthly size/profit/invest,softmax_high_entropy,27,test,iid,constant_equal_weight_public,0.11827789185185185
-0.003776144890363351,-0.024408749248909706,0.012076474338487924,0.037014,0.037014,3.989923794017556,22.0011151360281,0.9706623250439885,0.014479683823529411,0.10938723529411763,136,3,1,monthly_beme_inv,monthly size/profit/invest,softmax_high_entropy,27,test,iid,momentum_12,0.11827789185185185
-0.013478331258916286,-0.07676044387928013,0.02808447355155459,0.031932,0.031932,6.887465783813533,30.45498416935516,0.9493568692366652,0.00839615323529412,0.10006255882352941,136,0,2,monthly_beme_inv,monthly size/profit/invest,softmax_high_entropy,27,test,iid,low_vol_12,0.11827789185185185
0.004448944370955167,-0.017279219140047385,0.02615341223022518,0.031932,0.031932,4.992590687721205,23.61706327074408,0.9632897743549911,0.009734536764705884,0.10477579411764705,136,2,1,monthly_beme_inv,monthly size/profit/invest,softmax_high_entropy,27,test,iid,risk_adjusted_12,0.11827789185185185
0.04650392538886557,-0.008938479465241747,0.08493797095700847,0.011297999999999999,0.011298,2.9752203659563112,27.871976014488997,0.978123379662086,0.008496044117647058,0.12747088235294118,136,9,1,monthly_beme_inv,monthly size/profit/invest,softmax_high_entropy,27,test,iid,ridge_return_train_only,0.11827789185185185
0.02315345515439765,0.0031533798031865715,0.05270684429425859,0.019267,0.019267,7.877666928026684,31.44591766146384,0.942075978470392,0.012615316176470588,0.0930109705882353,136,0,2,monthly_beme_inv,monthly size/profit/invest,softmax_high_entropy,27,test,block,constant_a000,0.11827789185185185
0.01846215243668724,-0.029467867158595635,0.05842604584912494,0.082918,0.082918,6.966538019913502,27.30608427880032,0.9487754557359301,0.013102345588235295,0.08792349999999999,136,0,2,monthly_beme_inv,monthly size/profit/invest,softmax_high_entropy,27,test,block,constant_a001,0.11827789185185185
-0.004303473942789969,-0.05862018981166432,0.034835048354694996,0.11002100000000001,0.11002100000000002,2.993623587321015,26.638249954948783,0.9779880618579337,0.012018411764705882,0.09237323529411764,136,7,1,monthly_beme_inv,monthly size/profit/invest,softmax_high_entropy,27,test,block,constant_a002,0.11827789185185185
-0.00394304574688387,-0.03427304737772702,0.011953648533333344,0.061278000000000006,inf,1.9907747402424256,26.80439180324667,0.9853619504393939,0.012507904411764706,0.08533364705882353,136,39,0,monthly_beme_inv,monthly size/profit/invest,softmax_high_entropy,27,test,block,constant_a003,0.11827789185185185
0.029705588237526722,-0.029598069140747838,0.09398155077822516,0.057672999999999995,0.057673,5.7624423174629955,32.482556545268686,0.9576291006068898,0.016923816176470586,0.12503776470588232,136,0,2,monthly_beme_inv,monthly size/profit/invest,softmax_high_entropy,27,test,block,constant_a004,0.11827789185185185
0.007914038788257801,-0.05232983745519418,0.060106774444334536,0.016229,0.016229,5.918013773575001,32.205207952470865,0.9564851928413602,0.008262551470588235,0.08173532352941176,136,0,2,monthly_beme_inv,monthly size/profit/invest,softmax_high_entropy,27,test,block,constant_a005,0.11827789185185185
-0.013103557616771082,-0.04543935488674745,0.016992473646007922,0.047713,0.047713,6.921630920919225,29.040460757020575,0.949105654993241,0.010530345588235294,0.08785285294117647,136,0,2,monthly_beme_inv,monthly size/profit/invest,softmax_high_entropy,27,test,block,constant_a006,0.11827789185185185
0.025052382989093912,-0.013700289985616542,0.06039094514699183,0.0019029999999999997,0.0019030000000000002,5.967936191145153,31.47582339071408,0.9561181162415797,0.009129316176470588,0.08401394117647058,136,0,2,monthly_beme_inv,monthly size/profit/invest,softmax_high_entropy,27,test,block,constant_a007,0.11827789185185185
0.01837913845084839,-0.015882434792842952,0.05294431514977816,0.03508,0.03508,5.982304764164481,29.28560722388944,0.9560124649693789,0.00976945588235294,0.09247982352941177,136,0,2,monthly_beme_inv,monthly size/profit/invest,softmax_high_entropy,27,test,block,constant_a008,0.11827789185185185
0.006016028049736444,-0.028344165154336392,0.043119653240402275,0.06240700000000001,0.06240700000000001,6.959674655833121,26.28669151004016,0.9488259216482858,0.011968948529411766,0.10100061764705882,136,2,2,monthly_beme_inv,monthly size/profit/invest,softmax_high_entropy,27,test,block,constant_a009,0.11827789185185185
0.02401706629682671,-0.0020217669992002316,0.05580927769194153,0.021247,0.021247,5.950373914081151,29.367918898116624,0.9562472506317562,0.008373220588235294,0.12336,136,0,2,monthly_beme_inv,monthly size/profit/invest,softmax_high_entropy,27,test,block,constant_a010,0.11827789185185185
-0.004759780859494491,-0.0324813012220183,0.013858549688420986,0.024416000000000004,0.024416000000000007,6.970147597978952,27.573740321765296,0.948748914720743,0.011226360294117646,0.10341623529411764,136,0,2,monthly_beme_inv,monthly size/profit/invest,softmax_high_entropy,27,test,block,constant_a011,0.11827789185185185
0.03506959308983389,-0.02911015848891879,0.09584601790383283,0.074712,0.074712,7.951076925173167,29.028811251237777,0.9415361990796091,0.008645838235294119,0.10809861764705882,136,0,2,monthly_beme_inv,monthly size/profit/invest,softmax_high_entropy,27,test,block,constant_a012,0.11827789185185185
0.034907274038976935,0.00045752374510725746,0.08847860824241503,0.009404000000000001,0.009404000000000001,2.9871816710005072,28.630190464391475,0.9780354288897022,0.010076757352941175,0.10753394117647058,136,5,1,monthly_beme_inv,monthly size/profit/invest,softmax_high_entropy,27,test,block,constant_a013,0.11827789185185185
-0.04811331823199811,-0.11579645289738873,0.005481824908381477,0.12928,0.12928,5.957896963638252,31.722084672708117,0.9561919340908952,0.008284867647058825,0.11493285294117647,136,1,2,monthly_beme_inv,monthly size/profit/invest,softmax_high_entropy,27,test,block,constant_a014,0.11827789185185185
-0.008928276893681393,-0.04523517632647884,0.019697216785892046,0.060768,0.06076800000000001,5.974874980771531,28.13295219396,0.9560670957296211,0.008826257352941177,0.12884785294117648,136,0,2,monthly_beme_inv,monthly size/profit/invest,softmax_high_entropy,27,test,block,constant_a015,0.11827789185185185
-0.028633201322604454,-0.08318324870473223,0.015358255464179257,0.076984,0.076984,6.921440652841463,28.328024816940065,0.9491070540232245,0.008927345588235295,0.1193340588235294,136,0,2,monthly_beme_inv,monthly size/profit/invest,softmax_high_entropy,27,test,block,constant_a016,0.11827789185185185
0.03192893596657559,0.004805140652526515,0.07527798807325563,0.012497000000000001,0.012497000000000003,4.996502913554416,27.542328592864518,0.9632610079885705,0.011229257352941177,0.11723499999999999,136,0,1,monthly_beme_inv,monthly size/profit/invest,softmax_high_entropy,27,test,block,constant_a017,0.11827789185185185
0.04883575534538742,0.002469588023728433,0.10899653733702508,0.014646999999999999,0.014647,5.981124209981414,30.738625984365548,0.9560211455148425,0.008399514705882353,0.11210208823529413,136,0,2,monthly_beme_inv,monthly size/profit/invest,softmax_high_entropy,27,test,block,constant_a018,0.11827789185185185
0.00711800408605265,-0.05619237719755766,0.06751376239957695,0.083162,0.083162,3.9685820071908724,30.020888188662248,0.970819249947126,0.00865529411764706,0.12635044117647057,136,4,1,monthly_beme_inv,monthly size/profit/invest,softmax_high_entropy,27,test,block,constant_a019,0.11827789185185185
0.05260649055458143,0.002937557565031941,0.10516361825690254,0.011297999999999999,inf,1.9720233500929505,27.12362977331495,0.9854998283081401,0.012099382352941175,0.14358485294117646,136,34,0,monthly_beme_inv,monthly size/profit/invest,softmax_high_entropy,27,test,block,constant_a020,0.11827789185185185
-0.021684794394029917,-0.09571934982517485,0.037690886287447836,0.083786,0.083786,3.939585347304268,31.701453372112734,0.9710324606815862,0.01222494117647059,0.14384626470588235,136,3,1,monthly_beme_inv,monthly size/profit/invest,softmax_high_entropy,27,test,block,constant_a021,0.11827789185185185
0.03628281524093298,0.011953648533333338,0.07737513021078243,-0.053999,inf,1.9918413660231153,27.819817273484574,0.9853541076027712,0.017123066176470587,0.1353010882352941,136,29,0,monthly_beme_inv,monthly size/profit/invest,softmax_high_entropy,27,test,block,constant_a022,0.11827789185185185
0.02873288936660948,0.015598619040202176,0.04463872746706171,-0.060572,inf,1.0,31.84234390536231,0.9926470588235294,0.008874250000000002,0.14966720588235294,136,77,0,monthly_beme_inv,monthly size/profit/invest,softmax_high_entropy,27,test,block,constant_a023,0.11827789185185185
-0.010640814887229335,-0.08633181139423607,0.050228952327083014,0.10979699999999999,0.109797,5.972434769154436,28.818882395483882,0.9560850384620997,0.009983330882352941,0.15231129411764704,136,0,2,monthly_beme_inv,monthly size/profit/invest,softmax_high_entropy,27,test,block,constant_a024,0.11827789185185185
0.023599498967564053,-0.0016890620132604354,0.06217960034127146,0.02876308,0.028763080000000003,4.99989172779442,26.56442417816029,0.9632360902368058,0.010791123823529411,0.10181459294117648,136,1,1,monthly_beme_inv,monthly size/profit/invest,softmax_high_entropy,27,test,block,constant_equal_weight_public,0.11827789185185185
-0.003776144890363351,-0.026870098895414266,0.01388416733186953,0.037014,0.037014,3.989923794017556,22.0011151360281,0.9706623250439885,0.014479683823529411,0.10938723529411763,136,1,1,monthly_beme_inv,monthly size/profit/invest,softmax_high_entropy,27,test,block,momentum_12,0.11827789185185185
-0.013478331258916286,-0.05907611853411059,0.024396354233378686,0.031932,0.031932,6.887465783813533,30.45498416935516,0.9493568692366652,0.00839615323529412,0.10006255882352941,136,0,2,monthly_beme_inv,monthly size/profit/invest,softmax_high_entropy,27,test,block,low_vol_12,0.11827789185185185
0.004448944370955167,-0.028937190293948693,0.030664991234246878,0.031932,0.031932,4.992590687721205,23.61706327074408,0.9632897743549911,0.009734536764705884,0.10477579411764705,136,0,1,monthly_beme_inv,monthly size/profit/invest,softmax_high_entropy,27,test,block,risk_adjusted_12,0.11827789185185185
0.04650392538886557,0.0014070195652956016,0.08180801519696211,0.011297999999999999,0.011298,2.9752203659563112,27.871976014488997,0.978123379662086,0.008496044117647058,0.12747088235294118,136,6,1,monthly_beme_inv,monthly size/profit/invest,softmax_high_entropy,27,test,block,ridge_return_train_only,0.11827789185185185
0.012461398998896757,0.009266682657115848,0.014829112795692139,0.097365,0.09736500000000001,9.0,1.1063829787234043,0.9166666666666666,0.012389592592592593,0.1084932962962963,108,0,2,monthly_beme_inv,monthly size/profit/invest,epsilon_greedy_momentum,7,calibration,iid,constant_a000,0.11827789185185185
0.0016894266599422206,-0.02366255579259258,0.01491676430575256,-0.008625,inf,1.0085104841922279,260.0,0.9906619399611831,0.005986157407407407,0.10714711111111111,108,25,0,monthly_beme_inv,monthly size/profit/invest,epsilon_greedy_momentum,7,calibration,iid,constant_a001,0.11827789185185185
-0.007766272632098835,-0.10561353274074077,0.09503466642962961,0.006396,inf,2.0,260.0,0.9814814814814815,0.008702425925925926,0.0971386296296296,108,22,1,monthly_beme_inv,monthly size/profit/invest,epsilon_greedy_momentum,7,calibration,iid,constant_a002,0.11827789185185185
-0.08806267783942569,-0.2971619056485513,0.02178612779005973,0.01463026050420169,0.08549400000000001,1.0256391685376975,260.0,0.9905033410320584,0.007643314814814815,0.09719577777777777,108,4,0,monthly_beme_inv,monthly size/profit/invest,epsilon_greedy_momentum,7,calibration,iid,constant_a003,0.11827789185185185
0.006714740007757643,-0.006387937336752347,0.02114845946237793,0.068013,0.068013,8.0,1.1063829787234043,0.9259259259259259,0.009480231481481482,0.11743285185185184,108,0,2,monthly_beme_inv,monthly size/profit/invest,epsilon_greedy_momentum,7,calibration,iid,constant_a004,0.11827789185185185
0.013366272468190159,0.012022875472760708,0.013814071466666668,0.029897999999999997,inf,1.0,1.1063829787234043,0.9907407407407407,0.011261194444444447,0.1134698888888889,108,60,0,monthly_beme_inv,monthly size/profit/invest,epsilon_greedy_momentum,7,calibration,iid,constant_a005,0.11827789185185185
0.12525984473486623,0.11328132474600788,0.13889321797844692,-0.04202499999999999,inf,1.0,260.0,0.9907407407407407,0.008031666666666666,0.08997851851851851,108,63,0,monthly_beme_inv,monthly size/profit/invest,epsilon_greedy_momentum,7,calibration,iid,constant_a006,0.11827789185185185
0.021597047565432074,0.013814071466666657,0.03716299976296299,-0.017047,inf,1.0,260.0,0.9907407407407407,0.010627296296296298,0.10327848148148148,108,76,0,monthly_beme_inv,monthly size/profit/invest,epsilon_greedy_momentum,7,calibration,iid,constant_a007,0.11827789185185185
0.013814071466666647,0.013814071466666656,0.01381407146666667,,inf,0.0,0.0,1.0,0.0056105277777777785,0.11024014814814816,108,200,0,monthly_beme_inv,monthly size/profit/invest,epsilon_greedy_momentum,7,calibration,iid,constant_a008,0.11827789185185185
0.013495478533228245,0.011530139413827167,0.015146536267023893,0.067303,0.067303,8.0,1.1063829787234043,0.9259259259259259,0.010969518518518519,0.13062,108,0,2,monthly_beme_inv,monthly size/profit/invest,epsilon_greedy_momentum,7,calibration,iid,constant_a009,0.11827789185185185
-0.024429666444604765,-0.14234051068533604,0.04225087982157957,0.007842,0.007842,1.0170568743549353,260.0,0.9905828067189358,0.008336898148148149,0.13666044444444442,108,6,0,monthly_beme_inv,monthly size/profit/invest,epsilon_greedy_momentum,7,calibration,iid,constant_a010,0.11827789185185185
0.014741678467244522,0.013539460917257677,0.016566733179353817,0.005339,0.005339,4.0,1.1063829787234043,0.962962962962963,0.009281564814814814,0.0990418148148148,108,3,1,monthly_beme_inv,monthly size/profit/invest,epsilon_greedy_momentum,7,calibration,iid,constant_a011,0.11827789185185185
0.011750506957919618,0.007315421348421331,0.014700878176296287,0.10232799999999999,0.102328,9.0,1.1063829787234043,0.9166666666666666,0.01044275925925926,0.11443203703703704,108,0,2,monthly_beme_inv,monthly size/profit/invest,epsilon_greedy_momentum,7,calibration,iid,constant_a012,0.11827789185185185
-0.05056525655518792,-0.17982866690370386,0.01431882577147359,0.012998000000000001,inf,1.0085104841922279,260.0,0.9906619399611831,0.009317546296296296,0.12716503703703705,108,23,0,monthly_beme_inv,monthly size/profit/invest,epsilon_greedy_momentum,7,calibration,iid,constant_a013,0.11827789185185185
0.0761777883061728,0.013814071466666657,0.20090522198518512,-0.03971900000000001,inf,1.0,260.0,0.9907407407407407,0.002895814814814816,0.14171644444444445,108,79,0,monthly_beme_inv,monthly size/profit/invest,epsilon_greedy_momentum,7,calibration,iid,constant_a014,0.11827789185185185
-0.16438979115061822,-0.6397036669037021,0.13272022198518518,0.076673,inf,2.0,260.0,0.9814814814814815,0.00806975925925926,0.15166288888888887,108,27,1,monthly_beme_inv,monthly size/profit/invest,epsilon_greedy_momentum,7,calibration,iid,constant_a015,0.11827789185185185
-0.02164239687901231,-0.09255533357037035,0.013814071466666668,0.000914,inf,1.0,260.0,0.9907407407407407,0.007727046296296298,0.13265266666666667,108,70,0,monthly_beme_inv,monthly size/profit/invest,epsilon_greedy_momentum,7,calibration,iid,constant_a016,0.11827789185185185
-0.09232557086419718,-0.3076491761281637,0.016310316723908588,0.030711000000000002,0.030711000000000002,1.0256391685376975,260.0,0.9905033410320584,0.006241351851851851,0.15278481481481482,108,4,0,monthly_beme_inv,monthly size/profit/invest,epsilon_greedy_momentum,7,calibration,iid,constant_a017,0.11827789185185185
0.01478219242532175,0.01376332095673233,0.015875621813532963,-0.001397,-0.0013969999999999998,7.000000000000001,1.1063829787234043,0.9351851851851851,0.005075231481481484,0.2541734074074074,108,0,2,monthly_beme_inv,monthly size/profit/invest,epsilon_greedy_momentum,7,calibration,iid,constant_a018,0.11827789185185185
0.013432163721145241,0.01266834823010244,0.013814071466666668,0.023466,inf,1.0,1.1063829787234043,0.9907407407407407,0.0042173333333333325,0.147348,108,73,0,monthly_beme_inv,monthly size/profit/invest,epsilon_greedy_momentum,7,calibration,iid,constant_a019,0.11827789185185185
-0.006877892407726128,-0.014132801995235499,-0.0003903426982413955,0.064294,0.064294,15.999999999999996,1.1063829787234043,0.8518518518518519,0.008245074074074075,0.13999414814814815,108,0,3,monthly_beme_inv,monthly size/profit/invest,epsilon_greedy_momentum,7,calibration,iid,constant_a020,0.11827789185185185
-0.029375396232157507,-0.09048988229874927,0.008247612019754828,0.00776,inf,1.0085104841922279,260.0,0.9906619399611831,0.006383953703703705,0.15362255555555557,108,27,0,monthly_beme_inv,monthly size/profit/invest,epsilon_greedy_momentum,7,calibration,iid,constant_a021,0.11827789185185185
0.019692406369324036,0.012323901305424658,0.025631041088547864,0.12973200000000001,0.12973200000000001,8.0,1.1063829787234043,0.9259259259259259,0.007549240740740741,0.166953037037037,108,0,2,monthly_beme_inv,monthly size/profit/invest,epsilon_greedy_momentum,7,calibration,iid,constant_a022,0.11827789185185185
0.10091490066656099,0.01111029602009768,0.27432934139395054,-0.02602473251028804,0.069794,1.069089131497473,260.0,0.9901010265602086,0.010377666666666665,0.1526464814814815,108,0,0,monthly_beme_inv,monthly size/profit/invest,epsilon_greedy_momentum,7,calibration,iid,constant_a023,0.11827789185185185
0.18147898804217188,-0.08718251754897323,0.9506412763656834,0.03485735593220343,inf,1.0085104841922279,260.0,0.9906619399611831,0.003429722222222222,0.15112655555555557,108,27,0,monthly_beme_inv,monthly size/profit/invest,epsilon_greedy_momentum,7,calibration,iid,constant_a024,0.11827789185185185
-0.46063862650864035,-1.4214053399086402,0.013814071466666668,0.18326627999999998,inf,1.0,260.0,0.9907407407407407,0.007931715555555555,0.11827789185185185,108,70,0,monthly_beme_inv,monthly size/profit/invest,epsilon_greedy_momentum,7,calibration,iid,constant_equal_weight_public,0.11827789185185185
0.009369002156557145,-0.0016523417721798282,0.0189038158483941,0.10498685714285715,0.11956058620689658,90.99999999999964,1.1063829787234043,0.15740740740741066,0.00639925,0.11877474074074072,108,0,4,monthly_beme_inv,monthly size/profit/invest,epsilon_greedy_momentum,7,calibration,iid,momentum_12,0.11827789185185185
-0.04317855140823159,-0.17490289011134644,0.02665939159670334,0.017621109243697496,0.068013,1.0256391685376982,260.0,0.9905033410320584,0.005811675925925926,0.12731337037037035,108,2,0,monthly_beme_inv,monthly size/profit/invest,epsilon_greedy_momentum,7,calibration,iid,low_vol_12,0.11827789185185185
-0.08352140401420341,-0.2758114384345885,0.018428394030604076,0.02296796031746033,0.08263405263157896,2.2991202346041044,260.0,0.9787118496795916,0.010428287037037036,0.13604655555555556,108,0,1,monthly_beme_inv,monthly size/profit/invest,epsilon_greedy_momentum,7,calibration,iid,risk_adjusted_12,0.11827789185185185
0.1394166299759695,0.13092692593626598,0.15061143521469303,,inf,0.0,0.0,1.0,0.007902712962962964,0.13391274074074072,108,200,0,monthly_beme_inv,monthly size/profit/invest,epsilon_greedy_momentum,7,calibration,iid,ridge_return_train_only,0.11827789185185185
0.012461398998896757,0.009792012029755718,0.014523818450843183,0.097365,0.09736500000000001,9.0,1.1063829787234043,0.9166666666666666,0.012389592592592593,0.1084932962962963,108,0,2,monthly_beme_inv,monthly size/profit/invest,epsilon_greedy_momentum,7,calibration,block,constant_a000,0.11827789185185185
0.0016894266599422206,-0.02366255579259258,0.014916764305752558,-0.008625,inf,1.0085104841922279,260.0,0.9906619399611831,0.005986157407407407,0.10714711111111111,108,19,0,monthly_beme_inv,monthly size/profit/invest,epsilon_greedy_momentum,7,calibration,block,constant_a001,0.11827789185185185
-0.007766272632098835,-0.1321475557925926,0.09503466642962967,0.006396,inf,2.0,260.0,0.9814814814814815,0.008702425925925926,0.0971386296296296,108,29,1,monthly_beme_inv,monthly size/profit/invest,epsilon_greedy_momentum,7,calibration,block,constant_a002,0.11827789185185185
-0.08806267783942569,-0.39091357683286676,0.022152756871268005,0.01463026050420169,inf,1.0256391685376975,260.0,0.9905033410320584,0.007643314814814815,0.09719577777777777,108,12,0,monthly_beme_inv,monthly size/profit/invest,epsilon_greedy_momentum,7,calibration,block,constant_a003,0.11827789185185185
0.006714740007757643,-0.012608268905320158,0.02969594932800345,0.068013,0.068013,8.0,1.1063829787234043,0.9259259259259259,0.009480231481481482,0.11743285185185184,108,1,2,monthly_beme_inv,monthly size/profit/invest,epsilon_greedy_momentum,7,calibration,block,constant_a004,0.11827789185185185
0.013366272468190159,0.012470674471237186,0.01381407146666667,0.029897999999999997,inf,1.0,1.1063829787234043,0.9907407407407407,0.011261194444444447,0.1134698888888889,108,68,0,monthly_beme_inv,monthly size/profit/invest,epsilon_greedy_momentum,7,calibration,block,constant_a005,0.11827789185185185
0.12525984473486623,0.10821705556710141,0.14392136568666367,-0.04202499999999999,inf,1.0,260.0,0.9907407407407407,0.008031666666666666,0.08997851851851851,108,74,0,monthly_beme_inv,monthly size/profit/invest,epsilon_greedy_momentum,7,calibration,block,constant_a006,0.11827789185185185
0.021597047565432074,0.013814071466666656,0.04494597586172836,-0.017047,inf,1.0,260.0,0.9907407407407407,0.010627296296296298,0.10327848148148148,108,55,0,monthly_beme_inv,monthly size/profit/invest,epsilon_greedy_momentum,7,calibration,block,constant_a007,0.11827789185185185
0.013814071466666647,0.013814071466666654,0.01381407146666667,,inf,0.0,0.0,1.0,0.0056105277777777785,0.11024014814814816,108,200,0,monthly_beme_inv,monthly size/profit/invest,epsilon_greedy_momentum,7,calibration,block,constant_a008,0.11827789185185185
0.013495478533228245,0.011678101967785655,0.014873126552371935,0.067303,0.067303,8.0,1.1063829787234043,0.9259259259259259,0.010969518518518519,0.13062,108,2,2,monthly_beme_inv,monthly size/profit/invest,epsilon_greedy_momentum,7,calibration,block,constant_a009,0.11827789185185185
-0.024429666444604765,-0.18922786028842634,0.04655493733454466,0.007842,inf,1.0170568743549353,260.0,0.9905828067189358,0.008336898148148149,0.13666044444444442,108,11,0,monthly_beme_inv,monthly size/profit/invest,epsilon_greedy_momentum,7,calibration,block,constant_a010,0.11827789185185185
0.014741678467244522,0.01342165235072235,0.01693092374139216,0.005339,0.005339,4.0,1.1063829787234043,0.962962962962963,0.009281564814814814,0.0990418148148148,108,7,1,monthly_beme_inv,monthly size/profit/invest,epsilon_greedy_momentum,7,calibration,block,constant_a011,0.11827789185185185
0.011750506957919618,0.006015436621833465,0.015501803671541893,0.10232799999999999,0.102328,9.0,1.1063829787234043,0.9166666666666666,0.01044275925925926,0.11443203703703704,108,1,2,monthly_beme_inv,monthly size/profit/invest,epsilon_greedy_momentum,7,calibration,block,constant_a012,0.11827789185185185
-0.05056525655518792,-0.17982866690370372,0.014318825771473595,0.012998000000000001,inf,1.0085104841922279,260.0,0.9906619399611831,0.009317546296296296,0.12716503703703705,108,22,0,monthly_beme_inv,monthly size/profit/invest,epsilon_greedy_momentum,7,calibration,block,constant_a013,0.11827789185185185
0.0761777883061728,0.013814071466666656,0.20090522198518512,-0.03971900000000001,inf,1.0,260.0,0.9907407407407407,0.002895814814814816,0.14171644444444445,108,76,0,monthly_beme_inv,monthly size/profit/invest,epsilon_greedy_momentum,7,calibration,block,constant_a014,0.11827789185185185
-0.16438979115061822,-0.639703666903702,0.13272022198518518,0.076673,inf,2.0,260.0,0.9814814814814815,0.00806975925925926,0.15166288888888887,108,22,1,monthly_beme_inv,monthly size/profit/invest,epsilon_greedy_momentum,7,calibration,block,constant_a015,0.11827789185185185
-0.02164239687901231,-0.09344174527901233,0.013814071466666668,0.000914,inf,1.0,260.0,0.9907407407407407,0.007727046296296298,0.13265266666666667,108,68,0,monthly_beme_inv,monthly size/profit/invest,epsilon_greedy_momentum,7,calibration,block,constant_a016,0.11827789185185185
-0.09232557086419718,-0.30743030121477255,0.016530986125747306,0.030711000000000002,0.030711000000000002,1.0256391685376975,260.0,0.9905033410320584,0.006241351851851851,0.15278481481481482,108,7,0,monthly_beme_inv,monthly size/profit/invest,epsilon_greedy_momentum,7,calibration,block,constant_a017,0.11827789185185185
0.01478219242532175,0.013808917126136066,0.016281581825090614,-0.001397,-0.0013969999999999998,7.000000000000001,1.1063829787234043,0.9351851851851851,0.005075231481481484,0.2541734074074074,108,4,2,monthly_beme_inv,monthly size/profit/invest,epsilon_greedy_momentum,7,calibration,block,constant_a018,0.11827789185185185
0.013432163721145241,0.012286440484581032,0.01381407146666667,0.023466,inf,1.0,1.1063829787234043,0.9907407407407407,0.0042173333333333325,0.147348,108,63,0,monthly_beme_inv,monthly size/profit/invest,epsilon_greedy_momentum,7,calibration,block,constant_a019,0.11827789185185185
-0.006877892407726128,-0.015716692184909162,-0.0005425921937576048,0.064294,0.064294,15.999999999999996,1.1063829787234043,0.8518518518518519,0.008245074074074075,0.13999414814814815,108,0,3,monthly_beme_inv,monthly size/profit/invest,epsilon_greedy_momentum,7,calibration,block,constant_a020,0.11827789185185185
-0.029375396232157507,-0.07705935730073868,0.013262752468031838,0.00776,inf,1.0085104841922279,260.0,0.9906619399611831,0.006383953703703705,0.15362255555555557,108,33,0,monthly_beme_inv,monthly size/profit/invest,epsilon_greedy_momentum,7,calibration,block,constant_a021,0.11827789185185185
0.019692406369324036,0.011502774422992587,0.03056312831795297,0.12973200000000001,0.12973200000000001,8.0,1.1063829787234043,0.9259259259259259,0.007549240740740741,0.166953037037037,108,3,2,monthly_beme_inv,monthly size/profit/invest,epsilon_greedy_momentum,7,calibration,block,constant_a022,0.11827789185185185
0.10091490066656099,0.010624779882105504,0.27659822061246525,-0.02602473251028804,0.069794,1.069089131497473,260.0,0.9901010265602086,0.010377666666666665,0.1526464814814815,108,0,0,monthly_beme_inv,monthly size/profit/invest,epsilon_greedy_momentum,7,calibration,block,constant_a023,0.11827789185185185
0.18147898804217188,-0.08697671147666028,0.7051997988076949,0.03485735593220343,inf,1.0085104841922279,260.0,0.9906619399611831,0.003429722222222222,0.15112655555555557,108,21,0,monthly_beme_inv,monthly size/profit/invest,epsilon_greedy_momentum,7,calibration,block,constant_a024,0.11827789185185185
-0.46063862650864035,-1.4095440224592577,0.01381407146666667,0.18326627999999998,inf,1.0,260.0,0.9907407407407407,0.007931715555555555,0.11827789185185185,108,74,0,monthly_beme_inv,monthly size/profit/invest,epsilon_greedy_momentum,7,calibration,block,constant_equal_weight_public,0.11827789185185185
0.009369002156557145,-0.0007250591374452556,0.019270740706466803,0.10498685714285715,0.11972705882352945,90.99999999999964,1.1063829787234043,0.15740740740741066,0.00639925,0.11877474074074072,108,0,4,monthly_beme_inv,monthly size/profit/invest,epsilon_greedy_momentum,7,calibration,block,momentum_12,0.11827789185185185
-0.04317855140823159,-0.17386060777955498,0.026602197554269565,0.017621109243697496,0.068013,1.0256391685376982,260.0,0.9905033410320584,0.005811675925925926,0.12731337037037035,108,1,0,monthly_beme_inv,monthly size/profit/invest,epsilon_greedy_momentum,7,calibration,block,low_vol_12,0.11827789185185185
-0.08352140401420341,-0.2854101749399589,0.019309920153689673,0.02296796031746033,0.08388728571428573,2.2991202346041044,260.0,0.9787118496795916,0.010428287037037036,0.13604655555555556,108,0,1,monthly_beme_inv,monthly size/profit/invest,epsilon_greedy_momentum,7,calibration,block,risk_adjusted_12,0.11827789185185185
0.1394166299759695,0.12676374416587471,0.15578063232137204,,inf,0.0,0.0,1.0,0.007902712962962964,0.13391274074074072,108,200,0,monthly_beme_inv,monthly size/profit/invest,epsilon_greedy_momentum,7,calibration,block,ridge_return_train_only,0.11827789185185185
0.013521787046474729,0.012581118415536092,0.014444260555152282,0.019267,0.019267,7.000000000000001,1.1063829787234043,0.9485294117647058,0.012615316176470588,0.0930109705882353,136,0,2,monthly_beme_inv,monthly size/profit/invest,epsilon_greedy_momentum,7,test,iid,constant_a000,0.11827789185185185
0.013282679904547321,0.011638828364071761,0.014948588458464755,0.096993,0.09699300000000001,4.0,1.1063829787234043,0.9705882352941176,0.013102345588235295,0.08792349999999999,136,3,1,monthly_beme_inv,monthly size/profit/invest,epsilon_greedy_momentum,7,test,iid,constant_a001,0.11827789185185185
0.013899164752607393,0.013814071466666671,0.014071478656637474,-0.024274,inf,1.0,1.1063829787234043,0.9926470588235294,0.012018411764705882,0.09237323529411764,136,73,0,monthly_beme_inv,monthly size/profit/invest,epsilon_greedy_momentum,7,test,iid,constant_a002,0.11827789185185185
0.03958798278586247,0.03443195163639251,0.04615551812023093,0.065871,0.065871,8.0,1.1063829787234043,0.9411764705882353,0.012507904411764706,0.08533364705882353,136,0,2,monthly_beme_inv,monthly size/profit/invest,epsilon_greedy_momentum,7,test,iid,constant_a003,0.11827789185185185
-0.2856304823333368,-0.8347560785245511,-0.003778566009375272,0.0707081428571428,0.12953527272727272,1.4184910439659795,260.0,0.9895699187943678,0.016923816176470586,0.12503776470588232,136,0,0,monthly_beme_inv,monthly size/profit/invest,epsilon_greedy_momentum,7,test,iid,constant_a004,0.11827789185185185
0.014507720132165164,0.013181062027259077,0.015854042887359202,0.037338,0.037338,8.0,1.1063829787234043,0.9411764705882353,0.008262551470588235,0.08173532352941176,136,0,2,monthly_beme_inv,monthly size/profit/invest,epsilon_greedy_momentum,7,test,iid,constant_a005,0.11827789185185185
-0.11809375564835202,-0.49006145054943406,0.06724384774543582,-0.014845033898305106,inf,1.0085104841922279,260.0,0.9925844817338807,0.010530345588235294,0.08785285294117647,136,28,0,monthly_beme_inv,monthly size/profit/invest,epsilon_greedy_momentum,7,test,iid,constant_a006,0.11827789185185185
0.013814071466666633,0.01381407146666667,0.013814071466666675,,inf,0.0,0.0,1.0,0.009129316176470588,0.08401394117647058,136,200,0,monthly_beme_inv,monthly size/profit/invest,epsilon_greedy_momentum,7,test,iid,constant_a007,0.11827789185185185
0.1866222572946179,0.012108374787342517,0.5342427387658081,-0.06914318410041846,0.032854,1.0342573647902369,260.0,0.9923951664353658,0.00976945588235294,0.09247982352941177,136,2,0,monthly_beme_inv,monthly size/profit/invest,epsilon_greedy_momentum,7,test,iid,constant_a008,0.11827789185185185
0.013814071466666633,0.01381407146666667,0.013814071466666675,,inf,0.0,0.0,1.0,0.011968948529411766,0.10100061764705882,136,200,0,monthly_beme_inv,monthly size/profit/invest,epsilon_greedy_momentum,7,test,iid,constant_a009,0.11827789185185185
0.044891142108745584,0.037813917728140516,0.052205092065100656,,inf,0.0,0.0,1.0,0.008373220588235294,0.12336,136,200,0,monthly_beme_inv,monthly size/profit/invest,epsilon_greedy_momentum,7,test,iid,constant_a010,0.11827789185185185
0.10804381598498121,0.013781073433900714,0.29655219099607844,-0.058764457627118724,inf,1.0085104841922279,260.0,0.9925844817338807,0.011226360294117646,0.10341623529411764,136,24,0,monthly_beme_inv,monthly size/profit/invest,epsilon_greedy_momentum,7,test,iid,constant_a011,0.11827789185185185
-0.06840724163137257,-0.23284986782745096,0.013814071466666675,0.029194,inf,1.0,260.0,0.9926470588235294,0.008645838235294119,0.10809861764705882,136,65,0,monthly_beme_inv,monthly size/profit/invest,epsilon_greedy_momentum,7,test,iid,constant_a012,0.11827789185185185
0.013814071466666633,0.01381407146666667,0.013814071466666675,,inf,0.0,0.0,1.0,0.010076757352941175,0.10753394117647058,136,200,0,monthly_beme_inv,monthly size/profit/invest,epsilon_greedy_momentum,7,test,iid,constant_a013,0.11827789185185185
0.013814071466666633,0.01381407146666667,0.013814071466666675,,inf,0.0,0.0,1.0,0.008284867647058825,0.11493285294117647,136,200,0,monthly_beme_inv,monthly size/profit/invest,epsilon_greedy_momentum,7,test,iid,constant_a014,0.11827789185185185
-0.13292102756946197,-0.4262036748845807,0.013814071466666675,0.06289,inf,1.0085104841922279,260.0,0.9925844817338807,0.008826257352941177,0.12884785294117648,136,27,0,monthly_beme_inv,monthly size/profit/invest,epsilon_greedy_momentum,7,test,iid,constant_a015,0.11827789185185185
0.013814071466666633,0.01381407146666667,0.013814071466666675,,inf,0.0,0.0,1.0,0.008927345588235295,0.1193340588235294,136,200,0,monthly_beme_inv,monthly size/profit/invest,epsilon_greedy_momentum,7,test,iid,constant_a016,0.11827789185185185
0.013814071466666633,0.01381407146666667,0.013814071466666675,,inf,0.0,0.0,1.0,0.011229257352941177,0.11723499999999999,136,200,0,monthly_beme_inv,monthly size/profit/invest,epsilon_greedy_momentum,7,test,iid,constant_a017,0.11827789185185185
-0.04236518280784317,-0.15612817271372548,0.013814071466666675,0.015571999999999999,inf,1.0,260.0,0.9926470588235294,0.008399514705882353,0.11210208823529413,136,74,0,monthly_beme_inv,monthly size/profit/invest,epsilon_greedy_momentum,7,test,iid,constant_a018,0.11827789185185185
0.013616223576136803,0.013022679904547358,0.013814071466666675,0.010506,inf,1.0,1.1063829787234043,0.9926470588235294,0.00865529411764706,0.12635044117647057,136,73,0,monthly_beme_inv,monthly size/profit/invest,epsilon_greedy_momentum,7,test,iid,constant_a019,0.11827789185185185
-0.11578028910270094,-0.5142174221040476,0.1654653836039725,0.027130421487603303,0.139899,2.120654692931631,260.0,0.9844069507872675,0.012099382352941175,0.14358485294117646,136,0,1,monthly_beme_inv,monthly size/profit/invest,epsilon_greedy_momentum,7,test,iid,constant_a020,0.11827789185185185
-0.3836166691447716,-1.1926971394106012,0.030986908525318154,0.014724833333333314,0.036559,1.0429114611624113,260.0,0.9923315333738058,0.01222494117647059,0.14384626470588235,136,1,0,monthly_beme_inv,monthly size/profit/invest,epsilon_greedy_momentum,7,test,iid,constant_a021,0.11827789185185185
0.08547471709155832,-0.3002832766355125,0.49394168248197495,0.026342917355371892,0.052996999999999996,2.1206546929316343,260.0,0.9844069507872674,0.017123066176470587,0.1353010882352941,136,0,1,monthly_beme_inv,monthly size/profit/invest,epsilon_greedy_momentum,7,test,iid,constant_a022,0.11827789185185185
0.006482410813567763,0.003550536288917658,0.008957060584821411,0.043380999999999996,inf,2.999999999999999,1.1063829787234043,0.9779411764705882,0.008874250000000002,0.14966720588235294,136,13,1,monthly_beme_inv,monthly size/profit/invest,epsilon_greedy_momentum,7,test,iid,constant_a023,0.11827789185185185
-0.1525199680653194,-0.420625931633132,-0.012775667329804471,0.101518,0.101518,1.0516014557042233,260.0,0.9922676363551161,0.009983330882352941,0.15231129411764704,136,0,0,monthly_beme_inv,monthly size/profit/invest,epsilon_greedy_momentum,7,test,iid,constant_a024,0.11827789185185185
0.013814071466666633,0.01381407146666667,0.013814071466666675,,inf,0.0,0.0,1.0,0.010791123823529411,0.10181459294117648,136,200,0,monthly_beme_inv,monthly size/profit/invest,epsilon_greedy_momentum,7,test,iid,constant_equal_weight_public,0.11827789185185185
0.014194847874435583,0.005607236823845908,0.024864848373721972,0.11202658536585368,0.13119226016260166,122.99999999999983,1.1063829787234043,0.09558823529411886,0.014479683823529411,0.10938723529411763,136,0,4,monthly_beme_inv,monthly size/profit/invest,epsilon_greedy_momentum,7,test,iid,momentum_12,0.11827789185185185
0.021110694253408363,0.016936635070632568,0.024719168857842824,0.037338,0.037338,9.0,1.1063829787234043,0.9338235294117647,0.00839615323529412,0.10006255882352941,136,0,2,monthly_beme_inv,monthly size/profit/invest,epsilon_greedy_momentum,7,test,iid,low_vol_12,0.11827789185185185
0.01549054930357771,0.0060706443235712445,0.02313610563718264,0.1325272857142857,0.139899,55.9999999999999,1.1063829787234043,0.5882352941176479,0.009734536764705884,0.10477579411764705,136,0,4,monthly_beme_inv,monthly size/profit/invest,epsilon_greedy_momentum,7,test,iid,risk_adjusted_12,0.11827789185185185
-0.4814341379983047,-1.4280505852165095,0.10751928951433355,0.012324843551797028,0.029869,2.025558382298354,260.0,0.9851061883654533,0.01413326470588235,0.09107920588235294,136,1,1,monthly_beme_inv,monthly size/profit/invest,epsilon_greedy_momentum,7,test,iid,ridge_return_train_only,0.11827789185185185
0.013521787046474729,0.012974526383379233,0.013930250059090534,0.019267,0.019267,7.000000000000001,1.1063829787234043,0.9485294117647058,0.012615316176470588,0.0930109705882353,136,3,2,monthly_beme_inv,monthly size/profit/invest,epsilon_greedy_momentum,7,test,block,constant_a000,0.11827789185185185
0.013282679904547321,0.011179244530771806,0.014648826149853992,0.096993,0.09699300000000001,4.0,1.1063829787234043,0.9705882352941176,0.013102345588235295,0.08792349999999999,136,2,1,monthly_beme_inv,monthly size/profit/invest,epsilon_greedy_momentum,7,test,block,constant_a001,0.11827789185185185
0.013899164752607393,0.013814071466666668,0.014071478656637474,-0.024274,inf,1.0,1.1063829787234043,0.9926470588235294,0.012018411764705882,0.09237323529411764,136,71,0,monthly_beme_inv,monthly size/profit/invest,epsilon_greedy_momentum,7,test,block,constant_a002,0.11827789185185185
0.03958798278586247,0.03084513443657799,0.0476779599439243,0.065871,0.065871,8.0,1.1063829787234043,0.9411764705882353,0.012507904411764706,0.08533364705882353,136,0,2,monthly_beme_inv,monthly size/profit/invest,epsilon_greedy_momentum,7,test,block,constant_a003,0.11827789185185185
-0.2856304823333368,-0.8290765129501662,-0.002703824736242828,0.0707081428571428,0.1296012558139535,1.4184910439659795,260.0,0.9895699187943678,0.016923816176470586,0.12503776470588232,136,0,0,monthly_beme_inv,monthly size/profit/invest,epsilon_greedy_momentum,7,test,block,constant_a004,0.11827789185185185
0.014507720132165164,0.013225938462327915,0.015918942547209013,0.037338,0.037338,8.0,1.1063829787234043,0.9411764705882353,0.008262551470588235,0.08173532352941176,136,3,2,monthly_beme_inv,monthly size/profit/invest,epsilon_greedy_momentum,7,test,block,constant_a005,0.11827789185185185
-0.11809375564835202,-0.480468079851553,0.06795137389818325,-0.014845033898305106,inf,1.0085104841922279,260.0,0.9925844817338807,0.010530345588235294,0.08785285294117647,136,24,0,monthly_beme_inv,monthly size/profit/invest,epsilon_greedy_momentum,7,test,block,constant_a006,0.11827789185185185
0.013814071466666633,0.013814071466666666,0.013814071466666675,,inf,0.0,0.0,1.0,0.009129316176470588,0.08401394117647058,136,200,0,monthly_beme_inv,monthly size/profit/invest,epsilon_greedy_momentum,7,test,block,constant_a007,0.11827789185185185
0.1866222572946179,0.012388462292106805,0.5336002677172724,-0.06914318410041846,0.032854,1.0342573647902369,260.0,0.9923951664353658,0.00976945588235294,0.09247982352941177,136,8,0,monthly_beme_inv,monthly size/profit/invest,epsilon_greedy_momentum,7,test,block,constant_a008,0.11827789185185185
0.013814071466666633,0.013814071466666666,0.013814071466666675,,inf,0.0,0.0,1.0,0.011968948529411766,0.10100061764705882,136,200,0,monthly_beme_inv,monthly size/profit/invest,epsilon_greedy_momentum,7,test,block,constant_a009,0.11827789185185185
0.044891142108745584,0.03621205864744623,0.05348893611727024,,inf,0.0,0.0,1.0,0.008373220588235294,0.12336,136,200,0,monthly_beme_inv,monthly size/profit/invest,epsilon_greedy_momentum,7,test,block,constant_a010,0.11827789185185185
0.10804381598498121,0.013781480817021283,0.29655219099607844,-0.058764457627118724,inf,1.0085104841922279,260.0,0.9925844817338807,0.011226360294117646,0.10341623529411764,136,27,0,monthly_beme_inv,monthly size/profit/invest,epsilon_greedy_momentum,7,test,block,constant_a011,0.11827789185185185
-0.06840724163137257,-0.23284986782745098,0.013814071466666675,0.029194,inf,1.0,260.0,0.9926470588235294,0.008645838235294119,0.10809861764705882,136,63,0,monthly_beme_inv,monthly size/profit/invest,epsilon_greedy_momentum,7,test,block,constant_a012,0.11827789185185185
0.013814071466666633,0.013814071466666666,0.013814071466666675,,inf,0.0,0.0,1.0,0.010076757352941175,0.10753394117647058,136,200,0,monthly_beme_inv,monthly size/profit/invest,epsilon_greedy_momentum,7,test,block,constant_a013,0.11827789185185185
0.013814071466666633,0.013814071466666666,0.013814071466666675,,inf,0.0,0.0,1.0,0.008284867647058825,0.11493285294117647,136,200,0,monthly_beme_inv,monthly size/profit/invest,epsilon_greedy_momentum,7,test,block,constant_a014,0.11827789185185185
-0.13292102756946197,-0.42620130082436375,0.013814071466666675,0.06289,inf,1.0085104841922279,260.0,0.9925844817338807,0.008826257352941177,0.12884785294117648,136,29,0,monthly_beme_inv,monthly size/profit/invest,epsilon_greedy_momentum,7,test,block,constant_a015,0.11827789185185185
0.013814071466666633,0.013814071466666666,0.013814071466666675,,inf,0.0,0.0,1.0,0.008927345588235295,0.1193340588235294,136,200,0,monthly_beme_inv,monthly size/profit/invest,epsilon_greedy_momentum,7,test,block,constant_a016,0.11827789185185185
0.013814071466666633,0.013814071466666666,0.013814071466666675,,inf,0.0,0.0,1.0,0.011229257352941177,0.11723499999999999,136,200,0,monthly_beme_inv,monthly size/profit/invest,epsilon_greedy_momentum,7,test,block,constant_a017,0.11827789185185185
-0.04236518280784317,-0.15472369135686276,0.013814071466666675,0.015571999999999999,inf,1.0,260.0,0.9926470588235294,0.008399514705882353,0.11210208823529413,136,67,0,monthly_beme_inv,monthly size/profit/invest,epsilon_greedy_momentum,7,test,block,constant_a018,0.11827789185185185
0.013616223576136803,0.013220527795077184,0.013814071466666675,0.010506,inf,1.0,1.1063829787234043,0.9926470588235294,0.00865529411764706,0.12635044117647057,136,82,0,monthly_beme_inv,monthly size/profit/invest,epsilon_greedy_momentum,7,test,block,constant_a019,0.11827789185185185
-0.11578028910270094,-0.5128411467095401,0.16729640629163123,0.027130421487603303,0.139899,2.120654692931631,260.0,0.9844069507872675,0.012099382352941175,0.14358485294117646,136,0,1,monthly_beme_inv,monthly size/profit/invest,epsilon_greedy_momentum,7,test,block,constant_a020,0.11827789185185185
-0.3836166691447716,-1.1926990496409162,0.03778761783250011,0.014724833333333314,0.036559,1.0429114611624113,260.0,0.9923315333738058,0.01222494117647059,0.14384626470588235,136,5,0,monthly_beme_inv,monthly size/profit/invest,epsilon_greedy_momentum,7,test,block,constant_a021,0.11827789185185185
0.08547471709155832,-0.2965743990967318,0.5400122899479308,0.026342917355371892,0.052996999999999996,2.1206546929316343,260.0,0.9844069507872674,0.017123066176470587,0.1353010882352941,136,0,1,monthly_beme_inv,monthly size/profit/invest,epsilon_greedy_momentum,7,test,block,constant_a022,0.11827789185185185
0.006482410813567763,0.0027670375955572038,0.0105413168309891,0.043380999999999996,inf,2.999999999999999,1.1063829787234043,0.9779411764705882,0.008874250000000002,0.14966720588235294,136,33,1,monthly_beme_inv,monthly size/profit/invest,epsilon_greedy_momentum,7,test,block,constant_a023,0.11827789185185185
-0.1525199680653194,-0.41611927525150294,-0.012188858702995065,0.101518,0.101518,1.0516014557042233,260.0,0.9922676363551161,0.009983330882352941,0.15231129411764704,136,0,0,monthly_beme_inv,monthly size/profit/invest,epsilon_greedy_momentum,7,test,block,constant_a024,0.11827789185185185
0.013814071466666633,0.013814071466666666,0.013814071466666675,,inf,0.0,0.0,1.0,0.010791123823529411,0.10181459294117648,136,200,0,monthly_beme_inv,monthly size/profit/invest,epsilon_greedy_momentum,7,test,block,constant_equal_weight_public,0.11827789185185185
0.014194847874435583,0.0034552402820700653,0.024926512076096242,0.11202658536585368,0.12894762790697675,122.99999999999983,1.1063829787234043,0.09558823529411886,0.014479683823529411,0.10938723529411763,136,0,4,monthly_beme_inv,monthly size/profit/invest,epsilon_greedy_momentum,7,test,block,momentum_12,0.11827789185185185
0.021110694253408363,0.017536322640034477,0.025043282431288227,0.037338,0.037338,9.0,1.1063829787234043,0.9338235294117647,0.00839615323529412,0.10006255882352941,136,0,2,monthly_beme_inv,monthly size/profit/invest,epsilon_greedy_momentum,7,test,block,low_vol_12,0.11827789185185185
0.01549054930357771,0.007909815830572089,0.02440310133926498,0.1325272857142857,0.139269,55.9999999999999,1.1063829787234043,0.5882352941176479,0.009734536764705884,0.10477579411764705,136,0,4,monthly_beme_inv,monthly size/profit/invest,epsilon_greedy_momentum,7,test,block,risk_adjusted_12,0.11827789185185185
-0.4814341379983047,-1.466984564122781,0.10813418594097614,0.012324843551797028,0.029869,2.025558382298354,260.0,0.9851061883654533,0.01413326470588235,0.09107920588235294,136,3,1,monthly_beme_inv,monthly size/profit/invest,epsilon_greedy_momentum,7,test,block,ridge_return_train_only,0.11827789185185185
0.28094096396390883,0.10194694524256971,0.6191081063083765,-0.017217098360655644,0.038553000000000004,1.07788680884962,260.0,0.9900195665847258,0.012389592592592593,0.1084932962962963,108,0,0,monthly_beme_inv,monthly size/profit/invest,epsilon_greedy_momentum,17,calibration,iid,constant_a000,0.11827789185185185
-0.09173489888563147,-0.30478169238518543,0.015333241594956663,0.029929,inf,1.0085104841922279,260.0,0.9906619399611831,0.005986157407407407,0.10714711111111111,108,26,0,monthly_beme_inv,monthly size/profit/invest,epsilon_greedy_momentum,17,calibration,iid,constant_a001,0.11827789185185185
0.01424375413333334,0.014243754133333338,0.01424375413333334,,inf,0.0,0.0,1.0,0.008702425925925926,0.0971386296296296,108,200,0,monthly_beme_inv,monthly size/profit/invest,epsilon_greedy_momentum,17,calibration,iid,constant_a002,0.11827789185185185
0.010216402448121893,0.0005655896407775373,0.016038445302526932,-0.0042807815126050565,0.08549400000000001,1.0256391685376982,260.0,0.9905033410320584,0.007643314814814815,0.09719577777777777,108,2,0,monthly_beme_inv,monthly size/profit/invest,epsilon_greedy_momentum,17,calibration,iid,constant_a003,0.11827789185185185
-0.10353364244459834,-0.5302414208664161,0.11417964556253865,-0.012886061728395041,0.068013,1.069089131497473,260.0,0.9901010265602086,0.009480231481481482,0.11743285185185184,108,0,0,monthly_beme_inv,monthly size/profit/invest,epsilon_greedy_momentum,17,calibration,iid,constant_a004,0.11827789185185185
0.01320859447417915,0.011845454197425801,0.01424375413333334,0.042662000000000005,inf,2.0,1.1063829787234043,0.9814814814814815,0.011261194444444447,0.1134698888888889,108,29,1,monthly_beme_inv,monthly size/profit/invest,epsilon_greedy_momentum,17,calibration,iid,constant_a005,0.11827789185185185
0.1346885652892601,0.1091046064334172,0.15572281142758135,,inf,0.0,0.0,1.0,0.008031666666666666,0.08997851851851851,108,200,0,monthly_beme_inv,monthly size/profit/invest,epsilon_greedy_momentum,17,calibration,iid,constant_a006,0.11827789185185185
0.01424375413333334,0.014243754133333338,0.01424375413333334,,inf,0.0,0.0,1.0,0.010627296296296298,0.10327848148148148,108,200,0,monthly_beme_inv,monthly size/profit/invest,epsilon_greedy_momentum,17,calibration,iid,constant_a007,0.11827789185185185
0.01424375413333334,0.014243754133333338,0.01424375413333334,,inf,0.0,0.0,1.0,0.0056105277777777785,0.11024014814814816,108,200,0,monthly_beme_inv,monthly size/profit/invest,epsilon_greedy_momentum,17,calibration,iid,constant_a008,0.11827789185185185
0.04492634836921452,0.011301188536611509,0.11044889263155253,-0.005848959183673465,0.08820299999999999,1.0867203765728253,260.0,0.9899377742909924,0.010969518518518519,0.13062,108,0,0,monthly_beme_inv,monthly size/profit/invest,epsilon_greedy_momentum,17,calibration,iid,constant_a009,0.11827789185185185
0.025194060353485044,0.015330715878993512,0.033791806747776765,0.030998,0.030998000000000005,4.0,1.1063829787234043,0.962962962962963,0.008336898148148149,0.13666044444444442,108,3,1,monthly_beme_inv,monthly size/profit/invest,epsilon_greedy_momentum,17,calibration,iid,constant_a010,0.11827789185185185
0.015240958540373004,0.014243754133333338,0.016820635127291837,-0.060185999999999996,inf,2.0,1.1063829787234043,0.9814814814814815,0.009281564814814814,0.0990418148148148,108,27,1,monthly_beme_inv,monthly size/profit/invest,epsilon_greedy_momentum,17,calibration,iid,constant_a011,0.11827789185185185
0.010171132354504864,0.004515863822926191,0.014748496862369327,0.178004,0.17800400000000002,10.0,1.1063829787234043,0.9074074074074074,0.01044275925925926,0.11443203703703704,108,0,3,monthly_beme_inv,monthly size/profit/invest,epsilon_greedy_momentum,17,calibration,iid,constant_a012,0.11827789185185185
0.014279265868978205,0.013894252148568431,0.014735303060677706,-0.0017159999999999999,inf,2.0,1.1063829787234043,0.9814814814814815,0.009317546296296296,0.12716503703703705,108,22,1,monthly_beme_inv,monthly size/profit/invest,epsilon_greedy_momentum,17,calibration,iid,constant_a013,0.11827789185185185
0.01424375413333334,0.014243754133333338,0.01424375413333334,,inf,0.0,0.0,1.0,0.002895814814814816,0.14171644444444445,108,200,0,monthly_beme_inv,monthly size/profit/invest,epsilon_greedy_momentum,17,calibration,iid,constant_a014,0.11827789185185185
0.01424375413333334,0.014243754133333338,0.01424375413333334,,inf,0.0,0.0,1.0,0.00806975925925926,0.15166288888888887,108,200,0,monthly_beme_inv,monthly size/profit/invest,epsilon_greedy_momentum,17,calibration,iid,constant_a015,0.11827789185185185
0.01424375413333334,0.014243754133333338,0.01424375413333334,,inf,0.0,0.0,1.0,0.007727046296296298,0.13265266666666667,108,200,0,monthly_beme_inv,monthly size/profit/invest,epsilon_greedy_momentum,17,calibration,iid,constant_a016,0.11827789185185185
0.01451593190228527,0.01414018104226951,0.015002768756133445,-0.009251,-0.009251,2.999999999999999,1.1063829787234043,0.9722222222222222,0.006241351851851851,0.15278481481481482,108,8,1,monthly_beme_inv,monthly size/profit/invest,epsilon_greedy_momentum,17,calibration,iid,constant_a017,0.11827789185185185
0.014928830232729189,0.013899199089824014,0.015946324070522728,0.010378,0.010378,8.0,1.1063829787234043,0.9259259259259259,0.005075231481481484,0.2541734074074074,108,0,2,monthly_beme_inv,monthly size/profit/invest,epsilon_greedy_momentum,17,calibration,iid,constant_a018,0.11827789185185185
0.0382504802496456,-0.1808339146074074,0.2825005298370369,0.013221309978768582,inf,2.008501507455794,260.0,0.9814027638198538,0.0042173333333333325,0.147348,108,19,1,monthly_beme_inv,monthly size/profit/invest,epsilon_greedy_momentum,17,calibration,iid,constant_a019,0.11827789185185185
-0.034061427324694506,-0.14062359994281556,0.005738166196825419,0.02702231999999999,0.064294,1.1314265025343926,260.0,0.9895238286802371,0.008245074074074075,0.13999414814814815,108,0,0,monthly_beme_inv,monthly size/profit/invest,epsilon_greedy_momentum,17,calibration,iid,constant_a020,0.11827789185185185
0.05866792056346147,-0.012111981690327607,0.20062031575607833,-0.13488696610169507,inf,1.0085104841922279,260.0,0.9906619399611831,0.006383953703703705,0.15362255555555557,108,28,0,monthly_beme_inv,monthly size/profit/invest,epsilon_greedy_momentum,17,calibration,iid,constant_a021,0.11827789185185185
0.028956650020538086,0.020064247386813353,0.037401266763635206,0.12973200000000001,0.12973200000000001,9.0,1.1063829787234043,0.9166666666666666,0.007549240740740741,0.166953037037037,108,0,2,monthly_beme_inv,monthly size/profit/invest,epsilon_greedy_momentum,17,calibration,iid,constant_a022,0.11827789185185185
-0.008669998838528231,-0.01715796830859307,-0.001306460084588897,0.069794,0.069794,8.0,1.1063829787234043,0.9259259259259259,0.010377666666666665,0.1526464814814815,108,0,2,monthly_beme_inv,monthly size/profit/invest,epsilon_greedy_momentum,17,calibration,iid,constant_a023,0.11827789185185185
0.2983627081865954,-0.06303049057031913,0.9264908110908777,0.079594,0.079594,2.008501507455794,260.0,0.9814027638198538,0.003429722222222222,0.15112655555555557,108,7,1,monthly_beme_inv,monthly size/profit/invest,epsilon_greedy_momentum,17,calibration,iid,constant_a024,0.11827789185185185
0.01424375413333334,0.014243754133333338,0.01424375413333334,,inf,0.0,0.0,1.0,0.007931715555555555,0.11827789185185185,108,200,0,monthly_beme_inv,monthly size/profit/invest,epsilon_greedy_momentum,17,calibration,iid,constant_equal_weight_public,0.11827789185185185
0.004624907213435617,-0.00695261354816112,0.015645266631098425,0.12102070103092781,0.15478820618556705,96.9999999999996,1.1063829787234043,0.10185185185185552,0.00639925,0.11877474074074072,108,0,4,monthly_beme_inv,monthly size/profit/invest,epsilon_greedy_momentum,17,calibration,iid,momentum_12,0.11827789185185185
0.024908675610905054,0.016968039625835974,0.036270065125273344,0.08820299999999999,0.08820299999999999,2.999999999999999,1.1063829787234043,0.9722222222222222,0.005811675925925926,0.12731337037037035,108,7,1,monthly_beme_inv,monthly size/profit/invest,epsilon_greedy_momentum,17,calibration,iid,low_vol_12,0.11827789185185185
0.012836809231937306,0.004388549753427024,0.021072942819161035,0.14146577777777777,0.178004,35.99999999999995,1.1063829787234043,0.6666666666666672,0.010428287037037036,0.13604655555555556,108,0,3,monthly_beme_inv,monthly size/profit/invest,epsilon_greedy_momentum,17,calibration,iid,risk_adjusted_12,0.11827789185185185
0.1876913064573768,0.1731008629961295,0.20566937290038514,0.053479,inf,2.0,1.1063829787234043,0.9814814814814815,0.011096796296296297,0.09738833333333331,108,28,1,monthly_beme_inv,monthly size/profit/invest,epsilon_greedy_momentum,17,calibration,iid,ridge_return_train_only,0.11827789185185185
0.28094096396390883,0.09661708873670173,0.6224197381566988,-0.017217098360655644,0.038553000000000004,1.07788680884962,260.0,0.9900195665847258,0.012389592592592593,0.1084932962962963,108,0,0,monthly_beme_inv,monthly size/profit/invest,epsilon_greedy_momentum,17,calibration,block,constant_a000,0.11827789185185185
-0.09173489888563147,-0.3047816923851855,0.015333241594956663,0.029929,inf,1.0085104841922279,260.0,0.9906619399611831,0.005986157407407407,0.10714711111111111,108,17,0,monthly_beme_inv,monthly size/profit/invest,epsilon_greedy_momentum,17,calibration,block,constant_a001,0.11827789185185185
0.01424375413333334,0.014243754133333338,0.01424375413333334,,inf,0.0,0.0,1.0,0.008702425925925926,0.0971386296296296,108,200,0,monthly_beme_inv,monthly size/profit/invest,epsilon_greedy_momentum,17,calibration,block,constant_a002,0.11827789185185185
0.010216402448121893,-0.0002915441698029741,0.015554564787864468,-0.0042807815126050565,inf,1.0256391685376982,260.0,0.9905033410320584,0.007643314814814815,0.09719577777777777,108,10,0,monthly_beme_inv,monthly size/profit/invest,epsilon_greedy_momentum,17,calibration,block,constant_a003,0.11827789185185185
-0.10353364244459834,-0.7103475740247008,0.11621900391872646,-0.012886061728395041,0.068013,1.069089131497473,260.0,0.9901010265602086,0.009480231481481482,0.11743285185185184,108,0,0,monthly_beme_inv,monthly size/profit/invest,epsilon_greedy_momentum,17,calibration,block,constant_a004,0.11827789185185185
0.01320859447417915,0.01171796507213029,0.01424375413333334,0.042662000000000005,inf,2.0,1.1063829787234043,0.9814814814814815,0.011261194444444447,0.1134698888888889,108,25,1,monthly_beme_inv,monthly size/profit/invest,epsilon_greedy_momentum,17,calibration,block,constant_a005,0.11827789185185185
0.1346885652892601,0.09593043845086699,0.17757155636632296,,inf,0.0,0.0,1.0,0.008031666666666666,0.08997851851851851,108,200,0,monthly_beme_inv,monthly size/profit/invest,epsilon_greedy_momentum,17,calibration,block,constant_a006,0.11827789185185185
0.01424375413333334,0.014243754133333338,0.01424375413333334,,inf,0.0,0.0,1.0,0.010627296296296298,0.10327848148148148,108,200,0,monthly_beme_inv,monthly size/profit/invest,epsilon_greedy_momentum,17,calibration,block,constant_a007,0.11827789185185185
0.01424375413333334,0.014243754133333338,0.01424375413333334,,inf,0.0,0.0,1.0,0.0056105277777777785,0.11024014814814816,108,200,0,monthly_beme_inv,monthly size/profit/invest,epsilon_greedy_momentum,17,calibration,block,constant_a008,0.11827789185185185
0.04492634836921452,0.010881783678508016,0.11033676951103763,-0.005848959183673465,0.08820299999999999,1.0867203765728253,260.0,0.9899377742909924,0.010969518518518519,0.13062,108,2,0,monthly_beme_inv,monthly size/profit/invest,epsilon_greedy_momentum,17,calibration,block,constant_a009,0.11827789185185185
0.025194060353485044,0.012479294761177831,0.03897756279503213,0.030998,inf,4.0,1.1063829787234043,0.962962962962963,0.008336898148148149,0.13666044444444442,108,37,1,monthly_beme_inv,monthly size/profit/invest,epsilon_greedy_momentum,17,calibration,block,constant_a010,0.11827789185185185
0.015240958540373004,0.014243754133333338,0.017292678504964545,-0.060185999999999996,inf,2.0,1.1063829787234043,0.9814814814814815,0.009281564814814814,0.0990418148148148,108,38,1,monthly_beme_inv,monthly size/profit/invest,epsilon_greedy_momentum,17,calibration,block,constant_a011,0.11827789185185185
0.010171132354504864,0.0020048663171631227,0.015534957710207518,0.178004,0.17800400000000002,10.0,1.1063829787234043,0.9074074074074074,0.01044275925925926,0.11443203703703704,108,0,3,monthly_beme_inv,monthly size/profit/invest,epsilon_greedy_momentum,17,calibration,block,constant_a012,0.11827789185185185
0.014279265868978205,0.013893364355177308,0.014610173601544532,-0.0017159999999999999,inf,2.0,1.1063829787234043,0.9814814814814815,0.009317546296296296,0.12716503703703705,108,28,1,monthly_beme_inv,monthly size/profit/invest,epsilon_greedy_momentum,17,calibration,block,constant_a013,0.11827789185185185
0.01424375413333334,0.014243754133333338,0.01424375413333334,,inf,0.0,0.0,1.0,0.002895814814814816,0.14171644444444445,108,200,0,monthly_beme_inv,monthly size/profit/invest,epsilon_greedy_momentum,17,calibration,block,constant_a014,0.11827789185185185
0.01424375413333334,0.014243754133333338,0.01424375413333334,,inf,0.0,0.0,1.0,0.00806975925925926,0.15166288888888887,108,200,0,monthly_beme_inv,monthly size/profit/invest,epsilon_greedy_momentum,17,calibration,block,constant_a015,0.11827789185185185
0.01424375413333334,0.014243754133333338,0.01424375413333334,,inf,0.0,0.0,1.0,0.007727046296296298,0.13265266666666667,108,200,0,monthly_beme_inv,monthly size/profit/invest,epsilon_greedy_momentum,17,calibration,block,constant_a016,0.11827789185185185
0.01451593190228527,0.014192606927869719,0.015162731480672452,-0.009251,inf,2.999999999999999,1.1063829787234043,0.9722222222222222,0.006241351851851851,0.15278481481481482,108,37,1,monthly_beme_inv,monthly size/profit/invest,epsilon_greedy_momentum,17,calibration,block,constant_a017,0.11827789185185185
0.014928830232729189,0.01394555408824797,0.016112512409078024,0.010378,0.010378,8.0,1.1063829787234043,0.9259259259259259,0.005075231481481484,0.2541734074074074,108,1,2,monthly_beme_inv,monthly size/profit/invest,epsilon_greedy_momentum,17,calibration,block,constant_a018,0.11827789185185185
0.0382504802496456,-0.18122022414541636,0.2830813825130443,0.013221309978768582,inf,2.008501507455794,260.0,0.9814027638198538,0.0042173333333333325,0.147348,108,12,1,monthly_beme_inv,monthly size/profit/invest,epsilon_greedy_momentum,17,calibration,block,constant_a019,0.11827789185185185
-0.034061427324694506,-0.11265580658229503,0.006875361312134852,0.02702231999999999,0.064294,1.1314265025343926,260.0,0.9895238286802371,0.008245074074074075,0.13999414814814815,108,0,0,monthly_beme_inv,monthly size/profit/invest,epsilon_greedy_momentum,17,calibration,block,constant_a020,0.11827789185185185
0.05866792056346147,-0.015440390354127174,0.20058334728504615,-0.13488696610169507,inf,1.0085104841922279,260.0,0.9906619399611831,0.006383953703703705,0.15362255555555557,108,24,0,monthly_beme_inv,monthly size/profit/invest,epsilon_greedy_momentum,17,calibration,block,constant_a021,0.11827789185185185
0.028956650020538086,0.016637052164723522,0.040645836040876036,0.12973200000000001,0.12973200000000001,9.0,1.1063829787234043,0.9166666666666666,0.007549240740740741,0.166953037037037,108,1,2,monthly_beme_inv,monthly size/profit/invest,epsilon_greedy_momentum,17,calibration,block,constant_a022,0.11827789185185185
-0.008669998838528231,-0.017900322115156256,0.0018671262673710545,0.069794,0.069794,8.0,1.1063829787234043,0.9259259259259259,0.010377666666666665,0.1526464814814815,108,0,2,monthly_beme_inv,monthly size/profit/invest,epsilon_greedy_momentum,17,calibration,block,constant_a023,0.11827789185185185
0.2983627081865954,-0.06659743494406338,0.729326493830975,0.079594,0.079594,2.008501507455794,260.0,0.9814027638198538,0.003429722222222222,0.15112655555555557,108,7,1,monthly_beme_inv,monthly size/profit/invest,epsilon_greedy_momentum,17,calibration,block,constant_a024,0.11827789185185185
0.01424375413333334,0.014243754133333338,0.01424375413333334,,inf,0.0,0.0,1.0,0.007931715555555555,0.11827789185185185,108,200,0,monthly_beme_inv,monthly size/profit/invest,epsilon_greedy_momentum,17,calibration,block,constant_equal_weight_public,0.11827789185185185
0.004624907213435617,-0.007608481047992114,0.015101987243406147,0.12102070103092781,0.15321440000000006,96.9999999999996,1.1063829787234043,0.10185185185185552,0.00639925,0.11877474074074072,108,0,4,monthly_beme_inv,monthly size/profit/invest,epsilon_greedy_momentum,17,calibration,block,momentum_12,0.11827789185185185
0.024908675610905054,0.016461607069161128,0.03572980791104753,0.08820299999999999,0.08820299999999999,2.999999999999999,1.1063829787234043,0.9722222222222222,0.005811675925925926,0.12731337037037035,108,8,1,monthly_beme_inv,monthly size/profit/invest,epsilon_greedy_momentum,17,calibration,block,low_vol_12,0.11827789185185185
0.012836809231937306,0.0034575189874109873,0.021515404596433932,0.14146577777777777,0.178004,35.99999999999995,1.1063829787234043,0.6666666666666672,0.010428287037037036,0.13604655555555556,108,0,3,monthly_beme_inv,monthly size/profit/invest,epsilon_greedy_momentum,17,calibration,block,risk_adjusted_12,0.11827789185185185
0.1876913064573768,0.16505901713686383,0.21602303529808844,0.053479,inf,2.0,1.1063829787234043,0.9814814814814815,0.011096796296296297,0.09738833333333331,108,30,1,monthly_beme_inv,monthly size/profit/invest,epsilon_greedy_momentum,17,calibration,block,ridge_return_train_only,0.11827789185185185
0.048784229789676316,0.03445929424164952,0.06180059686080363,0.083934,0.083934,8.0,1.1063829787234043,0.9411764705882353,0.012615316176470588,0.0930109705882353,136,0,2,monthly_beme_inv,monthly size/profit/invest,epsilon_greedy_momentum,17,test,iid,constant_a000,0.11827789185185185
0.15235282967242345,0.011982856266716732,0.43104952551230674,-0.06155530252100834,0.096993,1.0256391685376982,260.0,0.9924585355254582,0.013102345588235295,0.08792349999999999,136,3,0,monthly_beme_inv,monthly size/profit/invest,epsilon_greedy_momentum,17,test,iid,constant_a001,0.11827789185185185
0.014325351878181066,0.014243754133333335,0.014488547367876517,-0.024274,inf,1.0,1.1063829787234043,0.9926470588235294,0.012018411764705882,0.09237323529411764,136,78,0,monthly_beme_inv,monthly size/profit/invest,epsilon_greedy_momentum,17,test,iid,constant_a002,0.11827789185185185
0.02910971396779304,-0.007501195949820633,0.08664584566159376,-0.0030304016736401687,0.065871,2.0685147295804724,260.0,0.9847903328707318,0.012507904411764706,0.08533364705882353,136,0,1,monthly_beme_inv,monthly size/profit/invest,epsilon_greedy_momentum,17,test,iid,constant_a003,0.11827789185185185
0.053621962867681006,0.04146745079841983,0.06696618027555502,0.12558518604651164,0.129819,42.999999999999936,1.1063829787234043,0.6838235294117652,0.016923816176470586,0.12503776470588232,136,0,3,monthly_beme_inv,monthly size/profit/invest,epsilon_greedy_momentum,17,test,iid,constant_a004,0.11827789185185185
-0.019844188241301783,-0.0883954533358114,0.015804580594151026,0.007958142857142851,0.037338,1.0867203765728228,260.0,0.992009408995788,0.008262551470588235,0.08173532352941176,136,0,0,monthly_beme_inv,monthly size/profit/invest,epsilon_greedy_momentum,17,test,iid,constant_a005,0.11827789185185185
-0.17120304554508703,-0.627764517115938,0.06745554779904897,-0.044132254237288185,inf,1.0085104841922279,260.0,0.9925844817338807,0.010530345588235294,0.08785285294117647,136,25,0,monthly_beme_inv,monthly size/profit/invest,epsilon_greedy_momentum,17,test,iid,constant_a006,0.11827789185185185
0.01424375413333334,0.014243754133333335,0.014243754133333338,,inf,0.0,0.0,1.0,0.009129316176470588,0.08401394117647058,136,200,0,monthly_beme_inv,monthly size/profit/invest,epsilon_greedy_momentum,17,test,iid,constant_a007,0.11827789185185185
0.013746182659657913,0.012469669672340427,0.015103107579549439,0.032854,0.032854,4.0,1.1063829787234043,0.9705882352941176,0.00976945588235294,0.09247982352941177,136,7,1,monthly_beme_inv,monthly size/profit/invest,epsilon_greedy_momentum,17,test,iid,constant_a008,0.11827789185185185
-0.06707268759215664,-0.22970557104313757,0.014243754133333338,0.028291000000000004,inf,1.0,260.0,0.9926470588235294,0.011968948529411766,0.10100061764705882,136,83,0,monthly_beme_inv,monthly size/profit/invest,epsilon_greedy_momentum,17,test,iid,constant_a009,0.11827789185185185
-0.04911670385063271,-0.3174797849497913,0.04486718727649054,-0.030476,inf,1.0,260.0,0.9926470588235294,0.008373220588235294,0.12336,136,64,0,monthly_beme_inv,monthly size/profit/invest,epsilon_greedy_momentum,17,test,iid,constant_a010,0.11827789185185185
0.014223963267417612,0.014164590669670424,0.014243754133333338,-0.011811,inf,1.0,1.1063829787234043,0.9926470588235294,0.011226360294117646,0.10341623529411764,136,68,0,monthly_beme_inv,monthly size/profit/invest,epsilon_greedy_momentum,17,test,iid,constant_a011,0.11827789185185185
0.01424375413333334,0.014243754133333335,0.014243754133333338,,inf,0.0,0.0,1.0,0.008645838235294119,0.10809861764705882,136,200,0,monthly_beme_inv,monthly size/profit/invest,epsilon_greedy_momentum,17,test,iid,constant_a012,0.11827789185185185
0.01424375413333334,0.014243754133333335,0.014243754133333338,,inf,0.0,0.0,1.0,0.010076757352941175,0.10753394117647058,136,200,0,monthly_beme_inv,monthly size/profit/invest,epsilon_greedy_momentum,17,test,iid,constant_a013,0.11827789185185185
-0.0680572464156856,-0.2326592475137259,0.014243754133333338,0.028806,inf,1.0,260.0,0.9926470588235294,0.008284867647058825,0.11493285294117647,136,53,0,monthly_beme_inv,monthly size/profit/invest,epsilon_greedy_momentum,17,test,iid,constant_a014,0.11827789185185185
0.22493311916395461,0.014044376785047979,0.8573950460549016,-0.1141324237288137,inf,1.0085104841922279,260.0,0.9925844817338807,0.008826257352941177,0.12884785294117648,136,28,0,monthly_beme_inv,monthly size/profit/invest,epsilon_greedy_momentum,17,test,iid,constant_a015,0.11827789185185185
-0.16462430523921645,-0.5223604239843139,0.014243754133333338,0.079318,inf,1.0,260.0,0.9926470588235294,0.008927345588235295,0.1193340588235294,136,76,0,monthly_beme_inv,monthly size/profit/invest,epsilon_greedy_momentum,17,test,iid,constant_a016,0.11827789185185185
0.09247172417254912,0.014243754133333335,0.2489276642509804,-0.055163000000000004,inf,1.0,260.0,0.9926470588235294,0.011229257352941177,0.11723499999999999,136,72,0,monthly_beme_inv,monthly size/profit/invest,epsilon_greedy_momentum,17,test,iid,constant_a017,0.11827789185185185
0.01424375413333334,0.014243754133333335,0.014243754133333338,,inf,0.0,0.0,1.0,0.008399514705882353,0.11210208823529413,136,200,0,monthly_beme_inv,monthly size/profit/invest,epsilon_greedy_momentum,17,test,iid,constant_a018,0.11827789185185185
0.014042410701710478,0.013438380406841892,0.014243754133333338,0.010506,inf,1.0,1.1063829787234043,0.9926470588235294,0.00865529411764706,0.12635044117647057,136,70,0,monthly_beme_inv,monthly size/profit/invest,epsilon_greedy_momentum,17,test,iid,constant_a019,0.11827789185185185
0.007172211350051679,0.0008152224990635469,0.014111174040245643,0.139899,0.139899,13.000000000000002,1.1063829787234043,0.9044117647058824,0.012099382352941175,0.14358485294117646,136,0,3,monthly_beme_inv,monthly size/profit/invest,epsilon_greedy_momentum,17,test,iid,constant_a020,0.11827789185185185
0.025630361404749242,0.01076384025618751,0.04047133629995628,0.04902599999999999,0.04902599999999999,5.0,1.1063829787234043,0.9632352941176471,0.01222494117647059,0.14384626470588235,136,0,2,monthly_beme_inv,monthly size/profit/invest,epsilon_greedy_momentum,17,test,iid,constant_a021,0.11827789185185185
0.02154535603577629,0.014113536053710851,0.02909799573036216,0.052996999999999996,0.052997,15.000000000000002,1.1063829787234043,0.8897058823529411,0.017123066176470587,0.1353010882352941,136,0,3,monthly_beme_inv,monthly size/profit/invest,epsilon_greedy_momentum,17,test,iid,constant_a022,0.11827789185185185
-0.008263793475227313,-0.013146770439592753,-0.003002484014537342,0.043380999999999996,inf,2.0,1.1063829787234043,0.9852941176470589,0.008874250000000002,0.14966720588235294,136,24,1,monthly_beme_inv,monthly size/profit/invest,epsilon_greedy_momentum,17,test,iid,constant_a023,0.11827789185185185
-0.048483490877245405,-0.09678549857273733,-0.01761161680515346,-0.035594995884773654,0.020714999999999997,1.069089131497473,260.0,0.992139050503695,0.009983330882352941,0.15231129411764704,136,0,0,monthly_beme_inv,monthly size/profit/invest,epsilon_greedy_momentum,17,test,iid,constant_a024,0.11827789185185185
0.01424375413333334,0.014243754133333335,0.014243754133333338,,inf,0.0,0.0,1.0,0.010791123823529411,0.10181459294117648,136,200,0,monthly_beme_inv,monthly size/profit/invest,epsilon_greedy_momentum,17,test,iid,constant_equal_weight_public,0.11827789185185185
0.01372412528683393,0.0029415210228544517,0.024704252151566745,0.11185045161290322,0.13026649593495937,123.99999999999986,1.1063829787234043,0.08823529411764808,0.014479683823529411,0.10938723529411763,136,0,4,monthly_beme_inv,monthly size/profit/invest,epsilon_greedy_momentum,17,test,iid,momentum_12,0.11827789185185185
-0.23687972356265044,-0.6897797997391695,0.029328966371326454,0.006672209979209979,0.037338,2.0945039425679632,260.0,0.9845992357164121,0.00839615323529412,0.10006255882352941,136,0,1,monthly_beme_inv,monthly size/profit/invest,epsilon_greedy_momentum,17,test,iid,low_vol_12,0.11827789185185185
0.016415561075178605,0.008459255003814135,0.02571756633059551,0.13232627586206896,0.1395738387096774,57.999999999999886,1.1063829787234043,0.5735294117647067,0.009734536764705884,0.10477579411764705,136,0,4,monthly_beme_inv,monthly size/profit/invest,epsilon_greedy_momentum,17,test,iid,risk_adjusted_12,0.11827789185185185
-0.11513472448076911,-0.5709905255083139,0.12345802506937284,0.004235560000000049,0.129819,1.1314265025343944,260.0,0.9916806874813647,0.009780882352941177,0.15923141176470584,136,0,0,monthly_beme_inv,monthly size/profit/invest,epsilon_greedy_momentum,17,test,iid,ridge_return_train_only,0.11827789185185185
0.048784229789676316,0.026019590986691273,0.07160688171400438,0.083934,0.083934,8.0,1.1063829787234043,0.9411764705882353,0.012615316176470588,0.0930109705882353,136,1,2,monthly_beme_inv,monthly size/profit/invest,epsilon_greedy_momentum,17,test,block,constant_a000,0.11827789185185185
0.15235282967242345,0.012270964615502715,0.4305397088386979,-0.06155530252100834,0.096993,1.0256391685376982,260.0,0.9924585355254582,0.013102345588235295,0.08792349999999999,136,1,0,monthly_beme_inv,monthly size/profit/invest,epsilon_greedy_momentum,17,test,block,constant_a001,0.11827789185185185
0.014325351878181066,0.014243754133333335,0.014488547367876517,-0.024274,inf,1.0,1.1063829787234043,0.9926470588235294,0.012018411764705882,0.09237323529411764,136,74,0,monthly_beme_inv,monthly size/profit/invest,epsilon_greedy_momentum,17,test,block,constant_a002,0.11827789185185185
0.02910971396779304,-0.00016935397168125777,0.08100313569194834,-0.0030304016736401687,0.065871,2.0685147295804724,260.0,0.9847903328707318,0.012507904411764706,0.08533364705882353,136,0,1,monthly_beme_inv,monthly size/profit/invest,epsilon_greedy_momentum,17,test,block,constant_a003,0.11827789185185185
0.053621962867681006,0.03569025451034074,0.07039524884829944,0.12558518604651164,0.129819,42.999999999999936,1.1063829787234043,0.6838235294117652,0.016923816176470586,0.12503776470588232,136,0,3,monthly_beme_inv,monthly size/profit/invest,epsilon_greedy_momentum,17,test,block,constant_a004,0.11827789185185185
-0.019844188241301783,-0.08886473624859406,0.015734149913733838,0.007958142857142851,0.037338,1.0867203765728228,260.0,0.992009408995788,0.008262551470588235,0.08173532352941176,136,0,0,monthly_beme_inv,monthly size/profit/invest,epsilon_greedy_momentum,17,test,block,constant_a005,0.11827789185185185
-0.17120304554508703,-0.6198690867189441,0.07168989735920371,-0.044132254237288185,inf,1.0085104841922279,260.0,0.9925844817338807,0.010530345588235294,0.08785285294117647,136,31,0,monthly_beme_inv,monthly size/profit/invest,epsilon_greedy_momentum,17,test,block,constant_a006,0.11827789185185185
0.01424375413333334,0.014243754133333335,0.014243754133333338,,inf,0.0,0.0,1.0,0.009129316176470588,0.08401394117647058,136,200,0,monthly_beme_inv,monthly size/profit/invest,epsilon_greedy_momentum,17,test,block,constant_a007,0.11827789185185185
0.013746182659657913,0.012694698344138507,0.01442454638886108,0.032854,inf,4.0,1.1063829787234043,0.9705882352941176,0.00976945588235294,0.09247982352941177,136,19,1,monthly_beme_inv,monthly size/profit/invest,epsilon_greedy_momentum,17,test,block,constant_a008,0.11827789185185185
-0.06707268759215664,-0.2297055710431376,0.014243754133333338,0.028291000000000004,inf,1.0,260.0,0.9926470588235294,0.011968948529411766,0.10100061764705882,136,82,0,monthly_beme_inv,monthly size/profit/invest,epsilon_greedy_momentum,17,test,block,constant_a009,0.11827789185185185
-0.04911670385063271,-0.22786404985849246,0.04589395887079733,-0.030476,inf,1.0,260.0,0.9926470588235294,0.008373220588235294,0.12336,136,57,0,monthly_beme_inv,monthly size/profit/invest,epsilon_greedy_momentum,17,test,block,constant_a010,0.11827789185185185
0.014223963267417612,0.014184381535586153,0.014243754133333338,-0.011811,inf,1.0,1.1063829787234043,0.9926470588235294,0.011226360294117646,0.10341623529411764,136,68,0,monthly_beme_inv,monthly size/profit/invest,epsilon_greedy_momentum,17,test,block,constant_a011,0.11827789185185185
0.01424375413333334,0.014243754133333335,0.014243754133333338,,inf,0.0,0.0,1.0,0.008645838235294119,0.10809861764705882,136,200,0,monthly_beme_inv,monthly size/profit/invest,epsilon_greedy_momentum,17,test,block,constant_a012,0.11827789185185185
0.01424375413333334,0.014243754133333335,0.014243754133333338,,inf,0.0,0.0,1.0,0.010076757352941175,0.10753394117647058,136,200,0,monthly_beme_inv,monthly size/profit/invest,epsilon_greedy_momentum,17,test,block,constant_a013,0.11827789185185185
-0.0680572464156856,-0.23471677252745152,0.014243754133333338,0.028806,inf,1.0,260.0,0.9926470588235294,0.008284867647058825,0.11493285294117647,136,73,0,monthly_beme_inv,monthly size/profit/invest,epsilon_greedy_momentum,17,test,block,constant_a014,0.11827789185185185
0.22493311916395461,0.014046838233792243,0.6466072230745096,-0.1141324237288137,inf,1.0085104841922279,260.0,0.9925844817338807,0.008826257352941177,0.12884785294117648,136,33,0,monthly_beme_inv,monthly size/profit/invest,epsilon_greedy_momentum,17,test,block,constant_a015,0.11827789185185185
-0.16462430523921645,-0.522360423984314,0.014243754133333338,0.079318,inf,1.0,260.0,0.9926470588235294,0.008927345588235295,0.1193340588235294,136,54,0,monthly_beme_inv,monthly size/profit/invest,epsilon_greedy_momentum,17,test,block,constant_a016,0.11827789185185185
0.09247172417254912,0.014243754133333335,0.2489276642509804,-0.055163000000000004,inf,1.0,260.0,0.9926470588235294,0.011229257352941177,0.11723499999999999,136,74,0,monthly_beme_inv,monthly size/profit/invest,epsilon_greedy_momentum,17,test,block,constant_a017,0.11827789185185185
0.01424375413333334,0.014243754133333335,0.014243754133333338,,inf,0.0,0.0,1.0,0.008399514705882353,0.11210208823529413,136,200,0,monthly_beme_inv,monthly size/profit/invest,epsilon_greedy_momentum,17,test,block,constant_a018,0.11827789185185185
0.014042410701710478,0.01363972383846475,0.014243754133333338,0.010506,inf,1.0,1.1063829787234043,0.9926470588235294,0.00865529411764706,0.12635044117647057,136,59,0,monthly_beme_inv,monthly size/profit/invest,epsilon_greedy_momentum,17,test,block,constant_a019,0.11827789185185185
0.007172211350051679,0.0006356661911490241,0.011803359288825071,0.139899,0.139899,13.000000000000002,1.1063829787234043,0.9044117647058824,0.012099382352941175,0.14358485294117646,136,1,3,monthly_beme_inv,monthly size/profit/invest,epsilon_greedy_momentum,17,test,block,constant_a020,0.11827789185185185
0.025630361404749242,0.004507770653622017,0.04612520661436264,0.04902599999999999,0.04902599999999999,5.0,1.1063829787234043,0.9632352941176471,0.01222494117647059,0.14384626470588235,136,5,2,monthly_beme_inv,monthly size/profit/invest,epsilon_greedy_momentum,17,test,block,constant_a021,0.11827789185185185
0.02154535603577629,0.01036939985943071,0.032424956515467375,0.052996999999999996,0.052997,15.000000000000002,1.1063829787234043,0.8897058823529411,0.017123066176470587,0.1353010882352941,136,0,3,monthly_beme_inv,monthly size/profit/invest,epsilon_greedy_momentum,17,test,block,constant_a022,0.11827789185185185
-0.008263793475227313,-0.014366419463183695,-0.0016596135708155434,0.043380999999999996,inf,2.0,1.1063829787234043,0.9852941176470589,0.008874250000000002,0.14966720588235294,136,47,1,monthly_beme_inv,monthly size/profit/invest,epsilon_greedy_momentum,17,test,block,constant_a023,0.11827789185185185
-0.048483490877245405,-0.09411638584147963,-0.011299089948098421,-0.035594995884773654,0.020714999999999997,1.069089131497473,260.0,0.992139050503695,0.009983330882352941,0.15231129411764704,136,0,0,monthly_beme_inv,monthly size/profit/invest,epsilon_greedy_momentum,17,test,block,constant_a024,0.11827789185185185
0.01424375413333334,0.014243754133333335,0.014243754133333338,,inf,0.0,0.0,1.0,0.010791123823529411,0.10181459294117648,136,200,0,monthly_beme_inv,monthly size/profit/invest,epsilon_greedy_momentum,17,test,block,constant_equal_weight_public,0.11827789185185185
0.01372412528683393,0.003641089764852877,0.02285558592125723,0.11185045161290322,0.13124943410852716,123.99999999999986,1.1063829787234043,0.08823529411764808,0.014479683823529411,0.10938723529411763,136,0,4,monthly_beme_inv,monthly size/profit/invest,epsilon_greedy_momentum,17,test,block,momentum_12,0.11827789185185185
-0.23687972356265044,-0.693849049054758,0.02748366108248949,0.006672209979209979,0.037338,2.0945039425679632,260.0,0.9845992357164121,0.00839615323529412,0.10006255882352941,136,0,1,monthly_beme_inv,monthly size/profit/invest,epsilon_greedy_momentum,17,test,block,low_vol_12,0.11827789185185185
0.016415561075178605,0.007438337837649161,0.026906402995953458,0.13232627586206896,0.139899,57.999999999999886,1.1063829787234043,0.5735294117647067,0.009734536764705884,0.10477579411764705,136,0,4,monthly_beme_inv,monthly size/profit/invest,epsilon_greedy_momentum,17,test,block,risk_adjusted_12,0.11827789185185185
-0.11513472448076911,-0.5617537610990644,0.12304817556239345,0.004235560000000049,0.129819,1.1314265025343944,260.0,0.9916806874813647,0.009780882352941177,0.15923141176470584,136,0,0,monthly_beme_inv,monthly size/profit/invest,epsilon_greedy_momentum,17,test,block,ridge_return_train_only,0.11827789185185185
0.012160654205901426,0.009287089515040712,0.014660981969803009,0.097365,0.09736500000000001,10.0,1.1063829787234043,0.9074074074074074,0.012389592592592593,0.1084932962962963,108,0,3,monthly_beme_inv,monthly size/profit/invest,epsilon_greedy_momentum,27,calibration,iid,constant_a000,0.11827789185185185
-0.0436243877199546,-0.1592958039833288,0.014945834479642772,0.01018,inf,1.0085104841922279,260.0,0.9906619399611831,0.005986157407407407,0.10714711111111111,108,33,0,monthly_beme_inv,monthly size/profit/invest,epsilon_greedy_momentum,27,calibration,iid,constant_a001,0.11827789185185185
0.013844063377777808,0.013844063377777783,0.013844063377777794,,inf,0.0,0.0,1.0,0.008702425925925926,0.0971386296296296,108,200,0,monthly_beme_inv,monthly size/profit/invest,epsilon_greedy_momentum,27,calibration,iid,constant_a002,0.11827789185185185
0.05595658418877504,0.012053576531629457,0.14133692659364328,-0.021465226890756337,0.08549400000000001,1.0256391685376982,260.0,0.9905033410320584,0.007643314814814815,0.09719577777777777,108,2,0,monthly_beme_inv,monthly size/profit/invest,epsilon_greedy_momentum,27,calibration,iid,constant_a003,0.11827789185185185
0.011604739551758414,-0.002781952562288376,0.020335768749605583,0.056479,0.05647900000000001,8.0,1.1063829787234043,0.9259259259259259,0.009480231481481482,0.11743285185185184,108,0,2,monthly_beme_inv,monthly size/profit/invest,epsilon_greedy_momentum,27,calibration,iid,constant_a004,0.11827789185185185
0.03400453282857895,0.011786853294527628,0.0768307880576482,-0.012699852320675059,inf,1.0170568743549353,260.0,0.9905828067189358,0.011261194444444447,0.1134698888888889,108,10,0,monthly_beme_inv,monthly size/profit/invest,epsilon_greedy_momentum,27,calibration,iid,constant_a005,0.11827789185185185
0.013844063377777808,0.013844063377777783,0.013844063377777794,,inf,0.0,0.0,1.0,0.008031666666666666,0.08997851851851851,108,200,0,monthly_beme_inv,monthly size/profit/invest,epsilon_greedy_momentum,27,calibration,iid,constant_a006,0.11827789185185185
0.013844063377777808,0.013844063377777783,0.013844063377777794,,inf,0.0,0.0,1.0,0.010627296296296298,0.10327848148148148,108,200,0,monthly_beme_inv,monthly size/profit/invest,epsilon_greedy_momentum,27,calibration,iid,constant_a007,0.11827789185185185
0.013844063377777808,0.013844063377777783,0.013844063377777794,,inf,0.0,0.0,1.0,0.0056105277777777785,0.11024014814814816,108,200,0,monthly_beme_inv,monthly size/profit/invest,epsilon_greedy_momentum,27,calibration,iid,constant_a008,0.11827789185185185
0.08418791849344194,0.010025202920143595,0.22893799722033975,-0.007641122448979496,0.08820299999999999,1.0867203765728253,260.0,0.9899377742909924,0.010969518518518519,0.13062,108,0,0,monthly_beme_inv,monthly size/profit/invest,epsilon_greedy_momentum,27,calibration,iid,constant_a009,0.11827789185185185
0.03787617739516001,0.03133531397002294,0.04458019232795295,0.030998,0.030998000000000005,4.0,1.1063829787234043,0.962962962962963,0.008336898148148149,0.13666044444444442,108,4,1,monthly_beme_inv,monthly size/profit/invest,epsilon_greedy_momentum,27,calibration,iid,constant_a010,0.11827789185185185
0.21281702341721417,0.013844063377777794,0.8052226715239635,-0.013974,-0.013973999999999999,2.025558382298354,260.0,0.9812448297935338,0.009281564814814814,0.0990418148148148,108,6,1,monthly_beme_inv,monthly size/profit/invest,epsilon_greedy_momentum,27,calibration,iid,constant_a011,0.11827789185185185
0.010056970063987394,0.004409089751484105,0.014649307264745663,0.178004,0.17800400000000002,9.0,1.1063829787234043,0.9166666666666666,0.01044275925925926,0.11443203703703704,108,0,2,monthly_beme_inv,monthly size/profit/invest,epsilon_greedy_momentum,27,calibration,iid,constant_a012,0.11827789185185185
0.04033057459374837,0.013595576657665712,0.09419854462801,-0.022877620253164588,inf,1.0170568743549346,260.0,0.9905828067189358,0.009317546296296296,0.12716503703703705,108,13,0,monthly_beme_inv,monthly size/profit/invest,epsilon_greedy_momentum,27,calibration,iid,constant_a013,0.11827789185185185
0.013844063377777808,0.013844063377777783,0.013844063377777794,,inf,0.0,0.0,1.0,0.002895814814814816,0.14171644444444445,108,200,0,monthly_beme_inv,monthly size/profit/invest,epsilon_greedy_momentum,27,calibration,iid,constant_a014,0.11827789185185185
0.013844063377777808,0.013844063377777783,0.013844063377777794,,inf,0.0,0.0,1.0,0.00806975925925926,0.15166288888888887,108,200,0,monthly_beme_inv,monthly size/profit/invest,epsilon_greedy_momentum,27,calibration,iid,constant_a015,0.11827789185185185
0.013844063377777808,0.013844063377777783,0.013844063377777794,,inf,0.0,0.0,1.0,0.007727046296296298,0.13265266666666667,108,200,0,monthly_beme_inv,monthly size/profit/invest,epsilon_greedy_momentum,27,calibration,iid,constant_a016,0.11827789185185185
-0.09329374335087967,-0.3105720042661121,0.016361361345936448,0.031122999999999998,0.031123,1.0429114611624104,260.0,0.9903434123966444,0.006241351851851851,0.15278481481481482,108,0,0,monthly_beme_inv,monthly size/profit/invest,epsilon_greedy_momentum,27,calibration,iid,constant_a017,0.11827789185185185
0.014561895851151425,0.01343018800514667,0.0158166695972542,0.010378,0.010378,8.0,1.1063829787234043,0.9259259259259259,0.005075231481481484,0.2541734074074074,108,0,2,monthly_beme_inv,monthly size/profit/invest,epsilon_greedy_momentum,27,calibration,iid,constant_a018,0.11827789185185185
0.07840411324956366,0.06652917558281699,0.095706856429103,0.023466,inf,1.0,1.1063829787234043,0.9907407407407407,0.0042173333333333325,0.147348,108,63,0,monthly_beme_inv,monthly size/profit/invest,epsilon_greedy_momentum,27,calibration,iid,constant_a019,0.11827789185185185
0.008553164213121382,0.004606395189582379,0.013027654209577612,0.064294,0.064294,15.000000000000002,1.1063829787234043,0.8611111111111112,0.008245074074074075,0.13999414814814815,108,0,3,monthly_beme_inv,monthly size/profit/invest,epsilon_greedy_momentum,27,calibration,iid,constant_a020,0.11827789185185185
0.054144651346833265,-0.04454963757861043,0.24743119526490406,0.009293000000000001,inf,1.0085104841922279,260.0,0.9906619399611831,0.006383953703703705,0.15362255555555557,108,28,0,monthly_beme_inv,monthly size/profit/invest,epsilon_greedy_momentum,27,calibration,iid,constant_a021,0.11827789185185185
-0.01453214534212147,-0.02222209938250222,-0.005222694093039919,0.12973200000000001,0.12973200000000001,7.000000000000001,1.1063829787234043,0.9351851851851851,0.007549240740740741,0.166953037037037,108,0,2,monthly_beme_inv,monthly size/profit/invest,epsilon_greedy_momentum,27,calibration,iid,constant_a022,0.11827789185185185
0.0060925286876560925,-0.00036002099707254715,0.012938128864904233,0.069794,0.069794,7.000000000000001,1.1063829787234043,0.9351851851851851,0.010377666666666665,0.1526464814814815,108,0,2,monthly_beme_inv,monthly size/profit/invest,epsilon_greedy_momentum,27,calibration,iid,constant_a023,0.11827789185185185
-0.10174778348215224,-0.11434103866314049,-0.08971060651411805,0.049182,inf,1.0,1.1063829787234043,0.9907407407407407,0.003429722222222222,0.15112655555555557,108,82,0,monthly_beme_inv,monthly size/profit/invest,epsilon_greedy_momentum,27,calibration,iid,constant_a024,0.11827789185185185
-0.19350518251522628,-0.5209031257246914,0.01384406337777779,0.03540988000000001,inf,2.0,260.0,0.9814814814814815,0.007931715555555555,0.11827789185185185,108,28,1,monthly_beme_inv,monthly size/profit/invest,epsilon_greedy_momentum,27,calibration,iid,constant_equal_weight_public,0.11827789185185185
0.006906955851202034,-0.003286518209953578,0.016154769086057605,0.121413,0.14963797938144333,96.9999999999996,1.1063829787234043,0.10185185185185552,0.00639925,0.11877474074074072,108,0,4,monthly_beme_inv,monthly size/profit/invest,epsilon_greedy_momentum,27,calibration,iid,momentum_12,0.11827789185185185
-0.04184066063078493,-0.1607278027800719,0.019901812400533982,0.013479069767441867,0.08820299999999999,2.025558382298353,260.0,0.9812448297935338,0.005811675925925926,0.12731337037037035,108,2,1,monthly_beme_inv,monthly size/profit/invest,epsilon_greedy_momentum,27,calibration,iid,low_vol_12,0.11827789185185185
0.30493259539466844,0.00849986911257734,0.8696351790578752,-1.9693548387108794e-05,0.09254014285714286,3.3403092074296654,260.0,0.9690712110423179,0.010428287037037036,0.13604655555555556,108,0,1,monthly_beme_inv,monthly size/profit/invest,epsilon_greedy_momentum,27,calibration,iid,risk_adjusted_12,0.11827789185185185
0.10391227718745127,0.09412771872545893,0.11633353223893397,0.053479,inf,1.0,1.1063829787234043,0.9907407407407407,0.0029795740740740733,0.15303525925925923,108,78,0,monthly_beme_inv,monthly size/profit/invest,epsilon_greedy_momentum,27,calibration,iid,ridge_return_train_only,0.11827789185185185
0.012160654205901426,0.009055352456240255,0.014433076745085377,0.097365,0.09736500000000001,10.0,1.1063829787234043,0.9074074074074074,0.012389592592592593,0.1084932962962963,108,0,3,monthly_beme_inv,monthly size/profit/invest,epsilon_greedy_momentum,27,calibration,block,constant_a000,0.11827789185185185
-0.0436243877199546,-0.15930498540917767,0.01458775887153666,0.01018,inf,1.0085104841922279,260.0,0.9906619399611831,0.005986157407407407,0.10714711111111111,108,25,0,monthly_beme_inv,monthly size/profit/invest,epsilon_greedy_momentum,27,calibration,block,constant_a001,0.11827789185185185
0.013844063377777808,0.01384406337777778,0.013844063377777797,,inf,0.0,0.0,1.0,0.008702425925925926,0.0971386296296296,108,200,0,monthly_beme_inv,monthly size/profit/invest,epsilon_greedy_momentum,27,calibration,block,constant_a002,0.11827789185185185
0.05595658418877504,0.012826415762402598,0.14043610455305316,-0.021465226890756337,inf,1.0256391685376982,260.0,0.9905033410320584,0.007643314814814815,0.09719577777777777,108,21,0,monthly_beme_inv,monthly size/profit/invest,epsilon_greedy_momentum,27,calibration,block,constant_a003,0.11827789185185185
0.011604739551758414,-0.007743527012196165,0.027063777166546867,0.056479,0.05647900000000001,8.0,1.1063829787234043,0.9259259259259259,0.009480231481481482,0.11743285185185184,108,1,2,monthly_beme_inv,monthly size/profit/invest,epsilon_greedy_momentum,27,calibration,block,constant_a004,0.11827789185185185
0.03400453282857895,0.011659364169232125,0.07651017093872692,-0.012699852320675059,0.042662000000000005,1.0170568743549353,260.0,0.9905828067189358,0.011261194444444447,0.1134698888888889,108,7,0,monthly_beme_inv,monthly size/profit/invest,epsilon_greedy_momentum,27,calibration,block,constant_a005,0.11827789185185185
0.013844063377777808,0.01384406337777778,0.013844063377777797,,inf,0.0,0.0,1.0,0.008031666666666666,0.08997851851851851,108,200,0,monthly_beme_inv,monthly size/profit/invest,epsilon_greedy_momentum,27,calibration,block,constant_a006,0.11827789185185185
0.013844063377777808,0.01384406337777778,0.013844063377777797,,inf,0.0,0.0,1.0,0.010627296296296298,0.10327848148148148,108,200,0,monthly_beme_inv,monthly size/profit/invest,epsilon_greedy_momentum,27,calibration,block,constant_a007,0.11827789185185185
0.013844063377777808,0.01384406337777778,0.013844063377777797,,inf,0.0,0.0,1.0,0.0056105277777777785,0.11024014814814816,108,200,0,monthly_beme_inv,monthly size/profit/invest,epsilon_greedy_momentum,27,calibration,block,constant_a008,0.11827789185185185
0.08418791849344194,0.008797251157336481,0.22732764946702388,-0.007641122448979496,0.08820299999999999,1.0867203765728253,260.0,0.9899377742909924,0.010969518518518519,0.13062,108,0,0,monthly_beme_inv,monthly size/profit/invest,epsilon_greedy_momentum,27,calibration,block,constant_a009,0.11827789185185185
0.03787617739516001,0.02648073383960573,0.04808928899671914,0.030998,inf,4.0,1.1063829787234043,0.962962962962963,0.008336898148148149,0.13666044444444442,108,21,1,monthly_beme_inv,monthly size/profit/invest,epsilon_greedy_momentum,27,calibration,block,constant_a010,0.11827789185185185
0.21281702341721417,0.013958627165552939,0.6088322618390641,-0.013974,-0.013973999999999999,2.025558382298354,260.0,0.9812448297935338,0.009281564814814814,0.0990418148148148,108,5,1,monthly_beme_inv,monthly size/profit/invest,epsilon_greedy_momentum,27,calibration,block,constant_a011,0.11827789185185185
0.010056970063987394,0.0037030147815918023,0.01571159932538659,0.178004,0.17800400000000002,9.0,1.1063829787234043,0.9166666666666666,0.01044275925925926,0.11443203703703704,108,0,2,monthly_beme_inv,monthly size/profit/invest,epsilon_greedy_momentum,27,calibration,block,constant_a012,0.11827789185185185
0.04033057459374837,0.01359557665766571,0.11937303037299363,-0.022877620253164588,-0.0017159999999999999,1.0170568743549346,260.0,0.9905828067189358,0.009317546296296296,0.12716503703703705,108,8,0,monthly_beme_inv,monthly size/profit/invest,epsilon_greedy_momentum,27,calibration,block,constant_a013,0.11827789185185185
0.013844063377777808,0.01384406337777778,0.013844063377777797,,inf,0.0,0.0,1.0,0.002895814814814816,0.14171644444444445,108,200,0,monthly_beme_inv,monthly size/profit/invest,epsilon_greedy_momentum,27,calibration,block,constant_a014,0.11827789185185185
0.013844063377777808,0.01384406337777778,0.013844063377777797,,inf,0.0,0.0,1.0,0.00806975925925926,0.15166288888888887,108,200,0,monthly_beme_inv,monthly size/profit/invest,epsilon_greedy_momentum,27,calibration,block,constant_a015,0.11827789185185185
0.013844063377777808,0.01384406337777778,0.013844063377777797,,inf,0.0,0.0,1.0,0.007727046296296298,0.13265266666666667,108,200,0,monthly_beme_inv,monthly size/profit/invest,epsilon_greedy_momentum,27,calibration,block,constant_a016,0.11827789185185185
-0.09329374335087967,-0.31356706394640443,0.015966431401956062,0.031122999999999998,0.031123,1.0429114611624104,260.0,0.9903434123966444,0.006241351851851851,0.15278481481481482,108,0,0,monthly_beme_inv,monthly size/profit/invest,epsilon_greedy_momentum,27,calibration,block,constant_a017,0.11827789185185185
0.014561895851151425,0.013576092725738561,0.01595560180758255,0.010378,0.010378,8.0,1.1063829787234043,0.9259259259259259,0.005075231481481484,0.2541734074074074,108,0,2,monthly_beme_inv,monthly size/profit/invest,epsilon_greedy_momentum,27,calibration,block,constant_a018,0.11827789185185185
0.07840411324956366,0.05450015219666303,0.10342288036497269,0.023466,inf,1.0,1.1063829787234043,0.9907407407407407,0.0042173333333333325,0.147348,108,68,0,monthly_beme_inv,monthly size/profit/invest,epsilon_greedy_momentum,27,calibration,block,constant_a019,0.11827789185185185
0.008553164213121382,0.002164836394404348,0.015409238745291758,0.064294,0.064294,15.000000000000002,1.1063829787234043,0.8611111111111112,0.008245074074074075,0.13999414814814815,108,0,3,monthly_beme_inv,monthly size/profit/invest,epsilon_greedy_momentum,27,calibration,block,constant_a020,0.11827789185185185
0.054144651346833265,-0.04917073445872133,0.23846666152601245,0.009293000000000001,inf,1.0085104841922279,260.0,0.9906619399611831,0.006383953703703705,0.15362255555555557,108,31,0,monthly_beme_inv,monthly size/profit/invest,epsilon_greedy_momentum,27,calibration,block,constant_a021,0.11827789185185185
-0.01453214534212147,-0.023587422730536708,-0.006246634293227175,0.12973200000000001,0.12973200000000001,7.000000000000001,1.1063829787234043,0.9351851851851851,0.007549240740740741,0.166953037037037,108,0,2,monthly_beme_inv,monthly size/profit/invest,epsilon_greedy_momentum,27,calibration,block,constant_a022,0.11827789185185185
0.0060925286876560925,-0.00245546197327716,0.016459075218303542,0.069794,0.069794,7.000000000000001,1.1063829787234043,0.9351851851851851,0.010377666666666665,0.1526464814814815,108,0,2,monthly_beme_inv,monthly size/profit/invest,epsilon_greedy_momentum,27,calibration,block,constant_a023,0.11827789185185185
-0.10174778348215224,-0.12159850135821579,-0.08411049039154518,0.049182,inf,1.0,1.1063829787234043,0.9907407407407407,0.003429722222222222,0.15112655555555557,108,78,0,monthly_beme_inv,monthly size/profit/invest,epsilon_greedy_momentum,27,calibration,block,constant_a024,0.11827789185185185
-0.19350518251522628,-0.5194287365399178,0.013844063377777794,0.03540988000000001,inf,2.0,260.0,0.9814814814814815,0.007931715555555555,0.11827789185185185,108,28,1,monthly_beme_inv,monthly size/profit/invest,epsilon_greedy_momentum,27,calibration,block,constant_equal_weight_public,0.11827789185185185
0.006906955851202034,-0.004709648427823793,0.018568979914018523,0.121413,0.15005705263157895,96.9999999999996,1.1063829787234043,0.10185185185185552,0.00639925,0.11877474074074072,108,0,4,monthly_beme_inv,monthly size/profit/invest,epsilon_greedy_momentum,27,calibration,block,momentum_12,0.11827789185185185
-0.04184066063078493,-0.15889741695207224,0.018855128365258187,0.013479069767441867,0.08820299999999999,2.025558382298353,260.0,0.9812448297935338,0.005811675925925926,0.12731337037037035,108,1,1,monthly_beme_inv,monthly size/profit/invest,epsilon_greedy_momentum,27,calibration,block,low_vol_12,0.11827789185185185
0.30493259539466844,0.012599494299402056,0.7636938617771143,-1.9693548387108794e-05,0.07346578723404255,3.3403092074296654,260.0,0.9690712110423179,0.010428287037037036,0.13604655555555556,108,0,1,monthly_beme_inv,monthly size/profit/invest,epsilon_greedy_momentum,27,calibration,block,risk_adjusted_12,0.11827789185185185
0.10391227718745127,0.08422162810513248,0.12456648807642708,0.053479,inf,1.0,1.1063829787234043,0.9907407407407407,0.0029795740740740733,0.15303525925925923,108,58,0,monthly_beme_inv,monthly size/profit/invest,epsilon_greedy_momentum,27,calibration,block,ridge_return_train_only,0.11827789185185185
0.18570286476295397,0.012374387096228616,0.5309531730299681,-0.05058314049586775,0.083934,1.0603273464658163,260.0,0.9922034753936337,0.012615316176470588,0.0930109705882353,136,0,0,monthly_beme_inv,monthly size/profit/invest,epsilon_greedy_momentum,27,test,iid,constant_a000,0.11827789185185185
0.022518633518731786,0.011433653055096644,0.04200068491503126,-0.007928117154811681,0.096993,1.0342573647902369,260.0,0.9923951664353658,0.013102345588235295,0.08792349999999999,136,0,0,monthly_beme_inv,monthly size/profit/invest,epsilon_greedy_momentum,27,test,iid,constant_a001,0.11827789185185185
-0.025958267312474075,-0.10581747658300651,0.014098611267806975,0.007019999999999999,inf,1.0085104841922279,260.0,0.9925844817338807,0.012018411764705882,0.09237323529411764,136,33,0,monthly_beme_inv,monthly size/profit/invest,epsilon_greedy_momentum,27,test,iid,constant_a002,0.11827789185185185
0.014273369420664771,0.01204051635617299,0.017619552596068698,0.049640000000000004,0.049640000000000004,6.000000000000001,1.1063829787234043,0.9558823529411764,0.012507904411764706,0.08533364705882353,136,2,2,monthly_beme_inv,monthly size/profit/invest,epsilon_greedy_momentum,27,test,iid,constant_a003,0.11827789185185185
-0.17252536663633297,-0.51141711751943,0.005277732825031118,0.08579792831541228,0.08895463636363636,1.4084025403028748,260.0,0.9896440989683613,0.016923816176470586,0.12503776470588232,136,0,0,monthly_beme_inv,monthly size/profit/invest,epsilon_greedy_momentum,27,test,iid,constant_a004,0.11827789185185185
0.013904324069142032,0.012496613498250587,0.015538820870721738,0.037338,0.037338,9.0,1.1063829787234043,0.9338235294117647,0.008262551470588235,0.08173532352941176,136,0,2,monthly_beme_inv,monthly size/profit/invest,epsilon_greedy_momentum,27,test,iid,constant_a005,0.11827789185185185
-0.07143657081685395,-0.2438087006112323,0.013844063377777775,0.030607999999999996,inf,1.0085104841922279,260.0,0.9925844817338807,0.010530345588235294,0.08785285294117647,136,24,0,monthly_beme_inv,monthly size/profit/invest,epsilon_greedy_momentum,27,test,iid,constant_a006,0.11827789185185185
0.09098173633202664,0.013844063377777773,0.24525708224052287,-0.054193,inf,1.0,260.0,0.9926470588235294,0.009129316176470588,0.08401394117647058,136,82,0,monthly_beme_inv,monthly size/profit/invest,epsilon_greedy_momentum,27,test,iid,constant_a007,0.11827789185185185
0.012897990491837057,0.01161093054945348,0.013844063377777773,0.032854,0.032854,2.999999999999999,1.1063829787234043,0.9779411764705882,0.00976945588235294,0.09247982352941177,136,7,1,monthly_beme_inv,monthly size/profit/invest,epsilon_greedy_momentum,27,test,iid,constant_a008,0.11827789185185185
-0.046347969550326856,-0.1667320354065358,0.013844063377777775,0.017641,inf,1.0,260.0,0.9926470588235294,0.011968948529411766,0.10100061764705882,136,84,0,monthly_beme_inv,monthly size/profit/invest,epsilon_greedy_momentum,27,test,iid,constant_a009,0.11827789185185185
0.031502559582843134,-0.014603824888186342,0.056552928303957375,0.001983,inf,1.0,260.0,0.9926470588235294,0.008373220588235294,0.12336,136,80,0,monthly_beme_inv,monthly size/profit/invest,epsilon_greedy_momentum,27,test,iid,constant_a010,0.11827789185185185
-0.1598935318901956,-0.4501131600862749,0.013844063377777775,0.047085,inf,2.0,260.0,0.9852941176470589,0.011226360294117646,0.10341623529411764,136,21,1,monthly_beme_inv,monthly size/profit/invest,epsilon_greedy_momentum,27,test,iid,constant_a011,0.11827789185185185
0.013844063377777823,0.013844063377777773,0.013844063377777775,,inf,0.0,0.0,1.0,0.008645838235294119,0.10809861764705882,136,200,0,monthly_beme_inv,monthly size/profit/invest,epsilon_greedy_momentum,27,test,iid,constant_a012,0.11827789185185185
0.013844063377777823,0.013844063377777773,0.013844063377777775,,inf,0.0,0.0,1.0,0.010076757352941175,0.10753394117647058,136,200,0,monthly_beme_inv,monthly size/profit/invest,epsilon_greedy_momentum,27,test,iid,constant_a013,0.11827789185185185
0.013844063377777823,0.013844063377777773,0.013844063377777775,,inf,0.0,0.0,1.0,0.008284867647058825,0.11493285294117647,136,200,0,monthly_beme_inv,monthly size/profit/invest,epsilon_greedy_momentum,27,test,iid,constant_a014,0.11827789185185185
0.013844063377777823,0.013844063377777773,0.013844063377777775,,inf,0.0,0.0,1.0,0.008826257352941177,0.12884785294117648,136,200,0,monthly_beme_inv,monthly size/profit/invest,epsilon_greedy_momentum,27,test,iid,constant_a015,0.11827789185185185
0.013844063377777823,0.013844063377777773,0.013844063377777775,,inf,0.0,0.0,1.0,0.008927345588235295,0.1193340588235294,136,200,0,monthly_beme_inv,monthly size/profit/invest,epsilon_greedy_momentum,27,test,iid,constant_a016,0.11827789185185185
-0.043201326007843266,-0.34562476378725504,0.13866928622843144,0.048607,inf,2.0,260.0,0.9852941176470589,0.011229257352941177,0.11723499999999999,136,27,1,monthly_beme_inv,monthly size/profit/invest,epsilon_greedy_momentum,27,test,iid,constant_a017,0.11827789185185185
0.013844063377777823,0.013844063377777773,0.013844063377777775,,inf,0.0,0.0,1.0,0.008399514705882353,0.11210208823529413,136,200,0,monthly_beme_inv,monthly size/profit/invest,epsilon_greedy_momentum,27,test,iid,constant_a018,0.11827789185185185
-0.013107800066511967,-0.12339609632245402,0.04754259738112418,-0.01858352542372884,inf,1.0085104841922279,260.0,0.9925844817338807,0.00865529411764706,0.12635044117647057,136,31,0,monthly_beme_inv,monthly size/profit/invest,epsilon_greedy_momentum,27,test,iid,constant_a019,0.11827789185185185
0.016046455890575906,0.008755304677998066,0.02299234194351821,0.139899,0.139899,15.999999999999996,1.1063829787234043,0.8823529411764706,0.012099382352941175,0.14358485294117646,136,0,3,monthly_beme_inv,monthly size/profit/invest,epsilon_greedy_momentum,27,test,iid,constant_a020,0.11827789185185185
0.0061224421529519815,-0.00552171126866858,0.019630361069981252,0.036559,0.036559,5.0,1.1063829787234043,0.9632352941176471,0.01222494117647059,0.14384626470588235,136,4,2,monthly_beme_inv,monthly size/profit/invest,epsilon_greedy_momentum,27,test,iid,constant_a021,0.11827789185185185
-0.167178344310283,-0.5058879720259668,0.0031547444328227795,0.064913,0.064913,1.1314265025343941,260.0,0.9916806874813647,0.017123066176470587,0.1353010882352941,136,0,0,monthly_beme_inv,monthly size/profit/invest,epsilon_greedy_momentum,27,test,iid,constant_a022,0.11827789185185185
-0.0028340479673264023,-0.007140092617770957,0.0015335675626902614,0.043380999999999996,inf,2.999999999999999,1.1063829787234043,0.9779411764705882,0.008874250000000002,0.14966720588235294,136,15,1,monthly_beme_inv,monthly size/profit/invest,epsilon_greedy_momentum,27,test,iid,constant_a023,0.11827789185185185
-0.0310056786400058,-0.04299634051854985,-0.018911545036961946,0.020715,0.020715,7.000000000000001,1.1063829787234043,0.9485294117647058,0.009983330882352941,0.15231129411764704,136,0,2,monthly_beme_inv,monthly size/profit/invest,epsilon_greedy_momentum,27,test,iid,constant_a024,0.11827789185185185
0.013844063377777823,0.013844063377777773,0.013844063377777775,,inf,0.0,0.0,1.0,0.010791123823529411,0.10181459294117648,136,200,0,monthly_beme_inv,monthly size/profit/invest,epsilon_greedy_momentum,27,test,iid,constant_equal_weight_public,0.11827789185185185
0.019043047681191045,0.008947298155989223,0.029267830653543242,0.09735444262295083,0.11513990163934427,121.99999999999979,1.1063829787234043,0.10294117647058976,0.014479683823529411,0.10938723529411763,136,0,4,monthly_beme_inv,monthly size/profit/invest,epsilon_greedy_momentum,27,test,iid,momentum_12,0.11827789185185185
-0.18950243821293425,-0.5488888663409475,0.01640097180121727,0.048607,0.048607,2.077159851166498,260.0,0.9847267658002463,0.00839615323529412,0.10006255882352941,136,0,1,monthly_beme_inv,monthly size/profit/invest,epsilon_greedy_momentum,27,test,iid,low_vol_12,0.11827789185185185
0.015218061151676487,0.008471662772146,0.022956100752744246,0.10808962264150945,0.139899,52.99999999999992,1.1063829787234043,0.6102941176470593,0.009734536764705884,0.10477579411764705,136,0,4,monthly_beme_inv,monthly size/profit/invest,epsilon_greedy_momentum,27,test,iid,risk_adjusted_12,0.11827789185185185
0.08203534964983637,0.07521292650119069,0.09039270696671407,0.031005999999999995,0.031006000000000002,5.0,1.1063829787234043,0.9632352941176471,0.010270323529411766,0.1490104705882353,136,3,2,monthly_beme_inv,monthly size/profit/invest,epsilon_greedy_momentum,27,test,iid,ridge_return_train_only,0.11827789185185185
0.18570286476295397,0.012319929203818658,0.5300609742047017,-0.05058314049586775,0.083934,1.0603273464658163,260.0,0.9922034753936337,0.012615316176470588,0.0930109705882353,136,0,0,monthly_beme_inv,monthly size/profit/invest,epsilon_greedy_momentum,27,test,block,constant_a000,0.11827789185185185
0.022518633518731786,0.011271460512924485,0.04788053118769988,-0.007928117154811681,0.096993,1.0342573647902369,260.0,0.9923951664353658,0.013102345588235295,0.08792349999999999,136,0,0,monthly_beme_inv,monthly size/profit/invest,epsilon_greedy_momentum,27,test,block,constant_a001,0.11827789185185185
-0.025958267312474075,-0.10581747658300655,0.014098611267806975,0.007019999999999999,inf,1.0085104841922279,260.0,0.9925844817338807,0.012018411764705882,0.09237323529411764,136,27,0,monthly_beme_inv,monthly size/profit/invest,epsilon_greedy_momentum,27,test,block,constant_a002,0.11827789185185185
0.014273369420664771,0.012415672663234597,0.017472228680820465,0.049640000000000004,0.049640000000000004,6.000000000000001,1.1063829787234043,0.9558823529411764,0.012507904411764706,0.08533364705882353,136,0,2,monthly_beme_inv,monthly size/profit/invest,epsilon_greedy_momentum,27,test,block,constant_a003,0.11827789185185185
-0.17252536663633297,-0.5202185228326275,0.003949559561713756,0.08579792831541228,0.08794814285714288,1.4084025403028748,260.0,0.9896440989683613,0.016923816176470586,0.12503776470588232,136,0,0,monthly_beme_inv,monthly size/profit/invest,epsilon_greedy_momentum,27,test,block,constant_a004,0.11827789185185185
0.013904324069142032,0.012809064266878037,0.015084433275520793,0.037338,0.037338,9.0,1.1063829787234043,0.9338235294117647,0.008262551470588235,0.08173532352941176,136,2,2,monthly_beme_inv,monthly size/profit/invest,epsilon_greedy_momentum,27,test,block,constant_a005,0.11827789185185185
-0.07143657081685395,-0.3260909488074806,0.013844063377777778,0.030607999999999996,inf,1.0085104841922279,260.0,0.9925844817338807,0.010530345588235294,0.08785285294117647,136,26,0,monthly_beme_inv,monthly size/profit/invest,epsilon_greedy_momentum,27,test,block,constant_a006,0.11827789185185185
0.09098173633202664,0.013844063377777773,0.2452570822405227,-0.054193,inf,1.0,260.0,0.9926470588235294,0.009129316176470588,0.08401394117647058,136,68,0,monthly_beme_inv,monthly size/profit/invest,epsilon_greedy_momentum,27,test,block,constant_a007,0.11827789185185185
0.012897990491837057,0.011426947506078427,0.013844063377777775,0.032854,inf,2.999999999999999,1.1063829787234043,0.9779411764705882,0.00976945588235294,0.09247982352941177,136,16,1,monthly_beme_inv,monthly size/profit/invest,epsilon_greedy_momentum,27,test,block,constant_a008,0.11827789185185185
-0.046347969550326856,-0.16823683622973845,0.013844063377777778,0.017641,inf,1.0,260.0,0.9926470588235294,0.011968948529411766,0.10100061764705882,136,74,0,monthly_beme_inv,monthly size/profit/invest,epsilon_greedy_momentum,27,test,block,constant_a009,0.11827789185185185
0.031502559582843134,-0.015141178381667581,0.058281835533423414,0.001983,inf,1.0,260.0,0.9926470588235294,0.008373220588235294,0.12336,136,79,0,monthly_beme_inv,monthly size/profit/invest,epsilon_greedy_momentum,27,test,block,constant_a010,0.11827789185185185
-0.1598935318901956,-0.4501131600862749,0.013844063377777775,0.047085,inf,2.0,260.0,0.9852941176470589,0.011226360294117646,0.10341623529411764,136,22,1,monthly_beme_inv,monthly size/profit/invest,epsilon_greedy_momentum,27,test,block,constant_a011,0.11827789185185185
0.013844063377777823,0.013844063377777773,0.013844063377777778,,inf,0.0,0.0,1.0,0.008645838235294119,0.10809861764705882,136,200,0,monthly_beme_inv,monthly size/profit/invest,epsilon_greedy_momentum,27,test,block,constant_a012,0.11827789185185185
0.013844063377777823,0.013844063377777773,0.013844063377777778,,inf,0.0,0.0,1.0,0.010076757352941175,0.10753394117647058,136,200,0,monthly_beme_inv,monthly size/profit/invest,epsilon_greedy_momentum,27,test,block,constant_a013,0.11827789185185185
0.013844063377777823,0.013844063377777773,0.013844063377777778,,inf,0.0,0.0,1.0,0.008284867647058825,0.11493285294117647,136,200,0,monthly_beme_inv,monthly size/profit/invest,epsilon_greedy_momentum,27,test,block,constant_a014,0.11827789185185185
0.013844063377777823,0.013844063377777773,0.013844063377777778,,inf,0.0,0.0,1.0,0.008826257352941177,0.12884785294117648,136,200,0,monthly_beme_inv,monthly size/profit/invest,epsilon_greedy_momentum,27,test,block,constant_a015,0.11827789185185185
0.013844063377777823,0.013844063377777773,0.013844063377777778,,inf,0.0,0.0,1.0,0.008927345588235295,0.1193340588235294,136,200,0,monthly_beme_inv,monthly size/profit/invest,epsilon_greedy_momentum,27,test,block,constant_a016,0.11827789185185185
-0.043201326007843266,-0.3443311530535949,0.2008831116522876,0.048607,inf,2.0,260.0,0.9852941176470589,0.011229257352941177,0.11723499999999999,136,26,1,monthly_beme_inv,monthly size/profit/invest,epsilon_greedy_momentum,27,test,block,constant_a017,0.11827789185185185
0.013844063377777823,0.013844063377777773,0.013844063377777778,,inf,0.0,0.0,1.0,0.008399514705882353,0.11210208823529413,136,200,0,monthly_beme_inv,monthly size/profit/invest,epsilon_greedy_momentum,27,test,block,constant_a018,0.11827789185185185
-0.013107800066511967,-0.12653890116092387,0.048699107600764166,-0.01858352542372884,inf,1.0085104841922279,260.0,0.9925844817338807,0.00865529411764706,0.12635044117647057,136,29,0,monthly_beme_inv,monthly size/profit/invest,epsilon_greedy_momentum,27,test,block,constant_a019,0.11827789185185185
0.016046455890575906,0.009810932162033702,0.02191532504781304,0.139899,0.139899,15.999999999999996,1.1063829787234043,0.8823529411764706,0.012099382352941175,0.14358485294117646,136,0,3,monthly_beme_inv,monthly size/profit/invest,epsilon_greedy_momentum,27,test,block,constant_a020,0.11827789185185185
0.0061224421529519815,-0.011943758718134693,0.025146606906153966,0.036559,0.036559,5.0,1.1063829787234043,0.9632352941176471,0.01222494117647059,0.14384626470588235,136,8,2,monthly_beme_inv,monthly size/profit/invest,epsilon_greedy_momentum,27,test,block,constant_a021,0.11827789185185185
-0.167178344310283,-0.6624084313014124,0.004626558884901561,0.064913,0.064913,1.1314265025343941,260.0,0.9916806874813647,0.017123066176470587,0.1353010882352941,136,0,0,monthly_beme_inv,monthly size/profit/invest,epsilon_greedy_momentum,27,test,block,constant_a022,0.11827789185185185
-0.0028340479673264023,-0.009515240740621914,0.003734014691532193,0.043380999999999996,inf,2.999999999999999,1.1063829787234043,0.9779411764705882,0.008874250000000002,0.14966720588235294,136,51,1,monthly_beme_inv,monthly size/profit/invest,epsilon_greedy_momentum,27,test,block,constant_a023,0.11827789185185185
-0.0310056786400058,-0.048927000447459235,-0.012374133343375246,0.020715,0.020715,7.000000000000001,1.1063829787234043,0.9485294117647058,0.009983330882352941,0.15231129411764704,136,3,2,monthly_beme_inv,monthly size/profit/invest,epsilon_greedy_momentum,27,test,block,constant_a024,0.11827789185185185
0.013844063377777823,0.013844063377777773,0.013844063377777778,,inf,0.0,0.0,1.0,0.010791123823529411,0.10181459294117648,136,200,0,monthly_beme_inv,monthly size/profit/invest,epsilon_greedy_momentum,27,test,block,constant_equal_weight_public,0.11827789185185185
0.019043047681191045,0.00933804947423495,0.027915445697467615,0.09735444262295083,0.11479696899224807,121.99999999999979,1.1063829787234043,0.10294117647058976,0.014479683823529411,0.10938723529411763,136,0,4,monthly_beme_inv,monthly size/profit/invest,epsilon_greedy_momentum,27,test,block,momentum_12,0.11827789185185185
-0.18950243821293425,-0.48200715383854514,0.015973296434214766,0.048607,0.048607,2.077159851166498,260.0,0.9847267658002463,0.00839615323529412,0.10006255882352941,136,0,1,monthly_beme_inv,monthly size/profit/invest,epsilon_greedy_momentum,27,test,block,low_vol_12,0.11827789185185185
0.015218061151676487,0.009348038656025154,0.021530389615599103,0.10808962264150945,0.139899,52.99999999999992,1.1063829787234043,0.6102941176470593,0.009734536764705884,0.10477579411764705,136,0,4,monthly_beme_inv,monthly size/profit/invest,epsilon_greedy_momentum,27,test,block,risk_adjusted_12,0.11827789185185185
0.08203534964983637,0.07383642146280635,0.09302407024461366,0.031005999999999995,0.031006000000000002,5.0,1.1063829787234043,0.9632352941176471,0.010270323529411766,0.1490104705882353,136,0,2,monthly_beme_inv,monthly size/profit/invest,epsilon_greedy_momentum,27,test,block,ridge_return_train_only,0.11827789185185185
0.006847965583626019,-0.026638228938006374,0.0347299219393369,0.038553000000000004,0.038553000000000004,3.9858481831167154,30.615013059193696,0.9630939983044748,0.012389592592592593,0.1084932962962963,108,3,1,monthly_beme_inv,monthly size/profit/invest,risk_averse_low_volatility,7,calibration,iid,constant_a000,0.11827789185185185
-0.007278538673453159,-0.06910048224773792,0.04726084182986197,0.114447,0.11444700000000001,4.888853187369887,28.55427006630485,0.9547328408576863,0.005986157407407407,0.10714711111111111,108,3,1,monthly_beme_inv,monthly size/profit/invest,risk_averse_low_volatility,7,calibration,iid,constant_a001,0.11827789185185185
0.01798754729638526,-0.06373673028649715,0.06527495990262552,0.015823,0.015823,3.9347300390684015,24.84690712370218,0.9635673144530703,0.008702425925925926,0.0971386296296296,108,4,1,monthly_beme_inv,monthly size/profit/invest,risk_averse_low_volatility,7,calibration,iid,constant_a002,0.11827789185185185
0.09651253661170824,-0.00022146520518372443,0.23166338081556295,-0.001024,-0.001024,5.993484610626928,23.933164102405385,0.9445047721238248,0.007643314814814815,0.09719577777777777,108,0,2,monthly_beme_inv,monthly size/profit/invest,risk_averse_low_volatility,7,calibration,iid,constant_a003,0.11827789185185185
0.009271995795855782,-0.008427191650972901,0.026973644262932982,0.013789000000000001,0.013789000000000003,3.850492621486506,32.32359084693735,0.9643472905417916,0.009480231481481482,0.11743285185185184,108,5,1,monthly_beme_inv,monthly size/profit/invest,risk_averse_low_volatility,7,calibration,iid,constant_a004,0.11827789185185185
0.0373713989226003,0.00016395776233428682,0.09519561278828449,0.020655,0.020655,4.903355424838907,26.536316395362487,0.9545985608811213,0.011261194444444447,0.1134698888888889,108,2,1,monthly_beme_inv,monthly size/profit/invest,risk_averse_low_volatility,7,calibration,iid,constant_a005,0.11827789185185185
0.016885217934665794,-0.00013056785251009095,0.03473490291876927,0.011808,0.011808000000000003,3.8775555715240952,25.746919578932733,0.9640967076710731,0.008031666666666666,0.08997851851851851,108,5,1,monthly_beme_inv,monthly size/profit/invest,risk_averse_low_volatility,7,calibration,iid,constant_a006,0.11827789185185185
0.04731680547312786,0.010369330428542751,0.09352334484148261,-0.012843,-0.012842999999999999,3.971097669055284,24.564960838185076,0.963230577138377,0.010627296296296298,0.10327848148148148,108,4,1,monthly_beme_inv,monthly size/profit/invest,risk_averse_low_volatility,7,calibration,iid,constant_a007,0.11827789185185185
0.012092967530536932,-0.032295099895490696,0.047023308586779174,0.074438,0.074438,5.96481554550607,24.97726736173009,0.9447702264304993,0.0056105277777777785,0.11024014814814816,108,1,2,monthly_beme_inv,monthly size/profit/invest,risk_averse_low_volatility,7,calibration,iid,constant_a008,0.11827789185185185
0.0122390870451651,-0.023289431287568396,0.04624055537095109,0.028258000000000002,0.028258000000000005,3.9503248149699126,30.25524584357502,0.9634229183799082,0.010969518518518519,0.13062,108,9,1,monthly_beme_inv,monthly size/profit/invest,risk_averse_low_volatility,7,calibration,iid,constant_a009,0.11827789185185185
0.009323275944713811,-0.0726494508943926,0.07038196633826936,0.07434,inf,1.9994431905564019,26.456608955572122,0.9814866371244778,0.008336898148148149,0.13666044444444442,108,26,0,monthly_beme_inv,monthly size/profit/invest,risk_averse_low_volatility,7,calibration,iid,constant_a010,0.11827789185185185
0.01990403463707757,-0.040420406064283806,0.052629606297091285,0.033444,inf,1.0,23.639710058089587,0.9907407407407407,0.009281564814814814,0.0990418148148148,108,65,0,monthly_beme_inv,monthly size/profit/invest,risk_averse_low_volatility,7,calibration,iid,constant_a011,0.11827789185185185
0.015683389628616103,-0.019262632700605003,0.04596569918095936,0.022058,0.022058,2.9857625671103762,27.05556786477617,0.9723540503045336,0.01044275925925926,0.11443203703703704,108,8,1,monthly_beme_inv,monthly size/profit/invest,risk_averse_low_volatility,7,calibration,iid,constant_a012,0.11827789185185185
0.002321116056317487,-0.03248919417561255,0.02967218825412856,0.053841,0.05384100000000001,4.9790030917029595,25.769557901537066,0.9538981195212689,0.009317546296296296,0.12716503703703705,108,2,1,monthly_beme_inv,monthly size/profit/invest,risk_averse_low_volatility,7,calibration,iid,constant_a013,0.11827789185185185
0.0002852710673037824,-0.039158901722910915,0.03471308641411909,0.040522999999999997,inf,2.9613052343182242,34.942985090570275,0.972580507089646,0.002895814814814816,0.14171644444444445,108,16,1,monthly_beme_inv,monthly size/profit/invest,risk_averse_low_volatility,7,calibration,iid,constant_a014,0.11827789185185185
0.043937227467162554,-0.03672248784043306,0.10785570202777912,0.046689,0.046689,5.986845842331454,27.99720838332734,0.9445662422006347,0.00806975925925926,0.15166288888888887,108,0,2,monthly_beme_inv,monthly size/profit/invest,risk_averse_low_volatility,7,calibration,iid,constant_a015,0.11827789185185185
0.01921566298904198,-0.034176283058803984,0.05269424687515933,0.042554,inf,2.9092164976441577,31.032291220023097,0.9730628102069986,0.007727046296296298,0.13265266666666667,108,12,1,monthly_beme_inv,monthly size/profit/invest,risk_averse_low_volatility,7,calibration,iid,constant_a016,0.11827789185185185
0.0024208555752341775,-0.015230686542191379,0.020371413606762027,0.031122999999999998,0.031123,3.94591049433336,31.683576571630613,0.9634637917191355,0.006241351851851851,0.15278481481481482,108,1,1,monthly_beme_inv,monthly size/profit/invest,risk_averse_low_volatility,7,calibration,iid,constant_a017,0.11827789185185185
-0.09468067998125974,-0.4474398141409746,0.04906876801359922,0.268841,inf,1.9163079520323432,45.55641818762145,0.9822564078515523,0.005075231481481484,0.2541734074074074,108,25,0,monthly_beme_inv,monthly size/profit/invest,risk_averse_low_volatility,7,calibration,iid,constant_a018,0.11827789185185185
-0.06837310046672757,-0.17616175056931208,0.00031017498137486936,0.15034500000000003,0.150345,4.75511025556699,38.70118943610112,0.9559712013373427,0.0042173333333333325,0.147348,108,0,1,monthly_beme_inv,monthly size/profit/invest,risk_averse_low_volatility,7,calibration,iid,constant_a019,0.11827789185185185
0.052904219220309974,0.0016350046255937645,0.14074417215348947,0.016419,0.016419,3.883188933662839,41.51383724938898,0.9640445469105292,0.008245074074074075,0.13999414814814815,108,2,1,monthly_beme_inv,monthly size/profit/invest,risk_averse_low_volatility,7,calibration,iid,constant_a020,0.11827789185185185
0.018224502950745698,-0.0005864070514056974,0.048774827999458835,0.0036209999999999997,inf,2.8454039137675795,41.33655692896707,0.9736536674651151,0.006383953703703705,0.15362255555555557,108,11,1,monthly_beme_inv,monthly size/profit/invest,risk_averse_low_volatility,7,calibration,iid,constant_a021,0.11827789185185185
-0.07981170853568703,-0.22704973530259676,0.014983352641864916,0.204528,0.20452800000000002,4.649326199199559,47.39014475789017,0.9569506833407448,0.007549240740740741,0.166953037037037,108,3,1,monthly_beme_inv,monthly size/profit/invest,risk_averse_low_volatility,7,calibration,iid,constant_a022,0.11827789185185185
0.037755847251454436,0.009659959733333334,0.07934222495088038,-0.061907,inf,1.9989122281604652,29.21834801338621,0.9814915534429587,0.010377666666666665,0.1526464814814815,108,24,0,monthly_beme_inv,monthly size/profit/invest,risk_averse_low_volatility,7,calibration,iid,constant_a023,0.11827789185185185
0.04117661956923809,0.0013278556282250913,0.09647413184209828,0.005627,0.005627,6.8873165319647685,38.640110922283256,0.9362285506299558,0.003429722222222222,0.15112655555555557,108,0,2,monthly_beme_inv,monthly size/profit/invest,risk_averse_low_volatility,7,calibration,iid,constant_a024,0.11827789185185185
-0.025552038305848578,-0.07346607804404871,0.026367963817238813,0.06648484,0.06648484,6.9914177178309975,26.524721490329355,0.9352646507608241,0.007931715555555555,0.11827789185185185,108,0,2,monthly_beme_inv,monthly size/profit/invest,risk_averse_low_volatility,7,calibration,iid,constant_equal_weight_public,0.11827789185185185
0.016817234811195094,-0.024346925113528373,0.08280455833036215,0.038553000000000004,0.038553000000000004,4.92338741436977,32.595061057915174,0.9544130794965762,0.00639925,0.11877474074074072,108,2,1,monthly_beme_inv,monthly size/profit/invest,risk_averse_low_volatility,7,calibration,iid,momentum_12,0.11827789185185185
0.03462341415484376,0.0022153313537361875,0.07548621621361411,0.01018,0.01018,4.959296369116426,22.824706997708635,0.954080589174848,0.005811675925925926,0.12731337037037035,108,1,1,monthly_beme_inv,monthly size/profit/invest,risk_averse_low_volatility,7,calibration,iid,low_vol_12,0.11827789185185185
0.0010246559623873234,-0.023270156360116062,0.02269692296512756,0.003253,0.0032530000000000002,4.912352877376823,30.44468507646055,0.9545152511353998,0.010428287037037036,0.13604655555555556,108,1,1,monthly_beme_inv,monthly size/profit/invest,risk_averse_low_volatility,7,calibration,iid,risk_adjusted_12,0.11827789185185185
0.04464595521067701,-0.05387901229124785,0.12633664276001802,0.033444,inf,2.9847964444736483,27.99720838332734,0.9723629958845033,0.010752425925925924,0.1270133333333333,108,15,1,monthly_beme_inv,monthly size/profit/invest,risk_averse_low_volatility,7,calibration,iid,ridge_return_train_only,0.11827789185185185
0.006847965583626019,-0.025392980350522794,0.03416891173916586,0.038553000000000004,0.03855300000000001,3.9858481831167154,30.615013059193696,0.9630939983044748,0.012389592592592593,0.1084932962962963,108,8,1,monthly_beme_inv,monthly size/profit/invest,risk_averse_low_volatility,7,calibration,block,constant_a000,0.11827789185185185
-0.007278538673453159,-0.07174994422427679,0.0508563219584908,0.114447,0.11444700000000001,4.888853187369887,28.55427006630485,0.9547328408576863,0.005986157407407407,0.10714711111111111,108,0,1,monthly_beme_inv,monthly size/profit/invest,risk_averse_low_volatility,7,calibration,block,constant_a001,0.11827789185185185
0.01798754729638526,-0.059692520718494776,0.06753369297880164,0.015823,0.015823,3.9347300390684015,24.84690712370218,0.9635673144530703,0.008702425925925926,0.0971386296296296,108,1,1,monthly_beme_inv,monthly size/profit/invest,risk_averse_low_volatility,7,calibration,block,constant_a002,0.11827789185185185
0.09651253661170824,-0.02232869526933017,0.21836698856095793,-0.001024,-0.001024,5.993484610626928,23.933164102405385,0.9445047721238248,0.007643314814814815,0.09719577777777777,108,1,2,monthly_beme_inv,monthly size/profit/invest,risk_averse_low_volatility,7,calibration,block,constant_a003,0.11827789185185185
0.009271995795855782,-0.010280816907659557,0.02318896085474494,0.013789000000000001,0.013789000000000001,3.850492621486506,32.32359084693735,0.9643472905417916,0.009480231481481482,0.11743285185185184,108,2,1,monthly_beme_inv,monthly size/profit/invest,risk_averse_low_volatility,7,calibration,block,constant_a004,0.11827789185185185
0.0373713989226003,-0.0010426971803941686,0.08839910488471041,0.020655,0.020655,4.903355424838907,26.536316395362487,0.9545985608811213,0.011261194444444447,0.1134698888888889,108,0,1,monthly_beme_inv,monthly size/profit/invest,risk_averse_low_volatility,7,calibration,block,constant_a005,0.11827789185185185
0.016885217934665794,-0.00012574324240363334,0.032749692832877014,0.011808,0.011808000000000003,3.8775555715240952,25.746919578932733,0.9640967076710731,0.008031666666666666,0.08997851851851851,108,4,1,monthly_beme_inv,monthly size/profit/invest,risk_averse_low_volatility,7,calibration,block,constant_a006,0.11827789185185185
0.04731680547312786,0.010351596161162513,0.10587673496193573,-0.012843,-0.012842999999999999,3.971097669055284,24.564960838185076,0.963230577138377,0.010627296296296298,0.10327848148148148,108,5,1,monthly_beme_inv,monthly size/profit/invest,risk_averse_low_volatility,7,calibration,block,constant_a007,0.11827789185185185
0.012092967530536932,-0.02811589878681603,0.040906620814330254,0.074438,0.074438,5.96481554550607,24.97726736173009,0.9447702264304993,0.0056105277777777785,0.11024014814814816,108,0,2,monthly_beme_inv,monthly size/profit/invest,risk_averse_low_volatility,7,calibration,block,constant_a008,0.11827789185185185
0.0122390870451651,-0.0232894312875684,0.047748687904435136,0.028258000000000002,0.028258000000000005,3.9503248149699126,30.25524584357502,0.9634229183799082,0.010969518518518519,0.13062,108,3,1,monthly_beme_inv,monthly size/profit/invest,risk_averse_low_volatility,7,calibration,block,constant_a009,0.11827789185185185
0.009323275944713811,-0.052072098237461166,0.07038196633826933,0.07434,inf,1.9994431905564019,26.456608955572122,0.9814866371244778,0.008336898148148149,0.13666044444444442,108,22,0,monthly_beme_inv,monthly size/profit/invest,risk_averse_low_volatility,7,calibration,block,constant_a010,0.11827789185185185
0.01990403463707757,-0.039931098899775724,0.05371217489796954,0.033444,inf,1.0,23.639710058089587,0.9907407407407407,0.009281564814814814,0.0990418148148148,108,75,0,monthly_beme_inv,monthly size/profit/invest,risk_averse_low_volatility,7,calibration,block,constant_a011,0.11827789185185185
0.015683389628616103,-0.017361958325158112,0.04360180238363196,0.022058,inf,2.9857625671103762,27.05556786477617,0.9723540503045336,0.01044275925925926,0.11443203703703704,108,10,1,monthly_beme_inv,monthly size/profit/invest,risk_averse_low_volatility,7,calibration,block,constant_a012,0.11827789185185185
0.002321116056317487,-0.03606743798970296,0.03478933620016842,0.053841,0.05384100000000001,4.9790030917029595,25.769557901537066,0.9538981195212689,0.009317546296296296,0.12716503703703705,108,1,1,monthly_beme_inv,monthly size/profit/invest,risk_averse_low_volatility,7,calibration,block,constant_a013,0.11827789185185185
0.0002852710673037824,-0.043423550273671646,0.03910275221869057,0.040522999999999997,0.040522999999999997,2.9613052343182242,34.942985090570275,0.972580507089646,0.002895814814814816,0.14171644444444445,108,7,1,monthly_beme_inv,monthly size/profit/invest,risk_averse_low_volatility,7,calibration,block,constant_a014,0.11827789185185185
0.043937227467162554,-0.05747413179391155,0.10470581963201026,0.046689,0.046689,5.986845842331454,27.99720838332734,0.9445662422006347,0.00806975925925926,0.15166288888888887,108,1,2,monthly_beme_inv,monthly size/profit/invest,risk_averse_low_volatility,7,calibration,block,constant_a015,0.11827789185185185
0.01921566298904198,-0.028802418808918685,0.049903108708431045,0.042554,0.042554,2.9092164976441577,31.032291220023097,0.9730628102069986,0.007727046296296298,0.13265266666666667,108,8,1,monthly_beme_inv,monthly size/profit/invest,risk_averse_low_volatility,7,calibration,block,constant_a016,0.11827789185185185
0.0024208555752341775,-0.02115140007311614,0.02607520671130455,0.031122999999999998,0.031123,3.94591049433336,31.683576571630613,0.9634637917191355,0.006241351851851851,0.15278481481481482,108,0,1,monthly_beme_inv,monthly size/profit/invest,risk_averse_low_volatility,7,calibration,block,constant_a017,0.11827789185185185
-0.09468067998125974,-0.34277076769071235,0.03626090532251288,0.268841,inf,1.9163079520323432,45.55641818762145,0.9822564078515523,0.005075231481481484,0.2541734074074074,108,30,0,monthly_beme_inv,monthly size/profit/invest,risk_averse_low_volatility,7,calibration,block,constant_a018,0.11827789185185185
-0.06837310046672757,-0.17736433627435907,-0.00487085656711998,0.15034500000000003,0.150345,4.75511025556699,38.70118943610112,0.9559712013373427,0.0042173333333333325,0.147348,108,4,1,monthly_beme_inv,monthly size/profit/invest,risk_averse_low_volatility,7,calibration,block,constant_a019,0.11827789185185185
0.052904219220309974,-0.003251632410559094,0.13112672422579377,0.016419,0.016419,3.883188933662839,41.51383724938898,0.9640445469105292,0.008245074074074075,0.13999414814814815,108,4,1,monthly_beme_inv,monthly size/profit/invest,risk_averse_low_volatility,7,calibration,block,constant_a020,0.11827789185185185
0.018224502950745698,-0.0006211554387324244,0.04877482799945885,0.0036209999999999997,inf,2.8454039137675795,41.33655692896707,0.9736536674651151,0.006383953703703705,0.15362255555555557,108,11,1,monthly_beme_inv,monthly size/profit/invest,risk_averse_low_volatility,7,calibration,block,constant_a021,0.11827789185185185
-0.07981170853568703,-0.18525616727413655,0.008643569651286348,0.204528,0.20452800000000002,4.649326199199559,47.39014475789017,0.9569506833407448,0.007549240740740741,0.166953037037037,108,1,1,monthly_beme_inv,monthly size/profit/invest,risk_averse_low_volatility,7,calibration,block,constant_a022,0.11827789185185185
0.037755847251454436,0.009659959733333334,0.07934222495088038,-0.061907,inf,1.9989122281604652,29.21834801338621,0.9814915534429587,0.010377666666666665,0.1526464814814815,108,27,0,monthly_beme_inv,monthly size/profit/invest,risk_averse_low_volatility,7,calibration,block,constant_a023,0.11827789185185185
0.04117661956923809,0.0027390883506790494,0.09620787385702316,0.005627,0.005627,6.8873165319647685,38.640110922283256,0.9362285506299558,0.003429722222222222,0.15112655555555557,108,0,2,monthly_beme_inv,monthly size/profit/invest,risk_averse_low_volatility,7,calibration,block,constant_a024,0.11827789185185185
-0.025552038305848578,-0.08147455997911868,0.03212867597818933,0.06648484,0.06648484,6.9914177178309975,26.524721490329355,0.9352646507608241,0.007931715555555555,0.11827789185185185,108,0,2,monthly_beme_inv,monthly size/profit/invest,risk_averse_low_volatility,7,calibration,block,constant_equal_weight_public,0.11827789185185185
0.016817234811195094,-0.028393967972530427,0.07026315337622674,0.038553000000000004,0.038553000000000004,4.92338741436977,32.595061057915174,0.9544130794965762,0.00639925,0.11877474074074072,108,1,1,monthly_beme_inv,monthly size/profit/invest,risk_averse_low_volatility,7,calibration,block,momentum_12,0.11827789185185185
0.03462341415484376,-0.0004796556813540216,0.0850054319579549,0.01018,0.01018,4.959296369116426,22.824706997708635,0.954080589174848,0.005811675925925926,0.12731337037037035,108,1,1,monthly_beme_inv,monthly size/profit/invest,risk_averse_low_volatility,7,calibration,block,low_vol_12,0.11827789185185185
0.0010246559623873234,-0.02521118873417455,0.0224346109851021,0.003253,0.0032530000000000002,4.912352877376823,30.44468507646055,0.9545152511353998,0.010428287037037036,0.13604655555555556,108,1,1,monthly_beme_inv,monthly size/profit/invest,risk_averse_low_volatility,7,calibration,block,risk_adjusted_12,0.11827789185185185
0.04464595521067701,-0.061909708061991246,0.12329363226373923,0.033444,inf,2.9847964444736483,27.99720838332734,0.9723629958845033,0.010752425925925924,0.1270133333333333,108,16,1,monthly_beme_inv,monthly size/profit/invest,risk_averse_low_volatility,7,calibration,block,ridge_return_train_only,0.11827789185185185
-0.012835290598661035,-0.06064108319854336,0.02974058257803372,0.052903000000000006,0.052903000000000006,4.842736162517944,31.496926191256556,0.9643916458638386,0.012615316176470588,0.0930109705882353,136,1,1,monthly_beme_inv,monthly size/profit/invest,risk_averse_low_volatility,7,test,iid,constant_a000,0.11827789185185185
0.006202719558225218,-0.020165819532198398,0.026333966047437308,0.045114999999999995,0.045114999999999995,4.900922619746464,25.459575827749845,0.9639638042665701,0.013102345588235295,0.08792349999999999,136,0,1,monthly_beme_inv,monthly size/profit/invest,risk_averse_low_volatility,7,test,iid,constant_a001,0.11827789185185185
0.017851817268350882,-0.03579947323931911,0.06367736512724087,0.017672,0.017672,5.987363729300666,26.06445255519537,0.9559752666963186,0.012018411764705882,0.09237323529411764,136,0,2,monthly_beme_inv,monthly size/profit/invest,risk_averse_low_volatility,7,test,iid,constant_a002,0.11827789185185185
0.09933792964051585,0.02022549370295429,0.2075334834121256,0.0075650000000000005,0.0075650000000000005,7.949832531924123,28.969533703364107,0.9415453490299697,0.012507904411764706,0.08533364705882353,136,0,2,monthly_beme_inv,monthly size/profit/invest,risk_averse_low_volatility,7,test,iid,constant_a003,0.11827789185185185
0.019912008178770084,-0.008898391471059988,0.05793458764632643,0.016144000000000002,inf,2.6518785021449838,48.37209435230548,0.980500893366581,0.016923816176470586,0.12503776470588232,136,10,1,monthly_beme_inv,monthly size/profit/invest,risk_averse_low_volatility,7,test,iid,constant_a004,0.11827789185185185
0.01218339614391188,-0.016554544767304027,0.05362017208759457,0.046715999999999994,0.046716,4.954969937489934,26.198787918423353,0.9635663975184564,0.008262551470588235,0.08173532352941176,136,0,1,monthly_beme_inv,monthly size/profit/invest,risk_averse_low_volatility,7,test,iid,constant_a005,0.11827789185185185
0.021325543400497998,0.0010645945243276818,0.04500628565457076,0.017501,0.017501,5.974606811952313,24.06027544055259,0.9560690675591742,0.010530345588235294,0.08785285294117647,136,1,2,monthly_beme_inv,monthly size/profit/invest,risk_averse_low_volatility,7,test,iid,constant_a006,0.11827789185185185
0.00813176765539957,-0.022234312209734645,0.03819335200997714,0.047173,0.047173,5.926240369415278,24.051505708050918,0.9564247031660641,0.009129316176470588,0.08401394117647058,136,0,2,monthly_beme_inv,monthly size/profit/invest,risk_averse_low_volatility,7,test,iid,constant_a007,0.11827789185185185
0.02811983443375642,-0.009774436899947583,0.07008740004983223,0.036256,0.036256,6.953237748988314,26.663975143369363,0.9488732518456742,0.00976945588235294,0.09247982352941177,136,0,2,monthly_beme_inv,monthly size/profit/invest,risk_averse_low_volatility,7,test,iid,constant_a008,0.11827789185185185
0.022657361918719615,-0.024731510330391667,0.06491004310731754,0.103979,0.10397900000000002,5.9536544264555324,27.507671922214026,0.9562231292172387,0.011968948529411766,0.10100061764705882,136,1,2,monthly_beme_inv,monthly size/profit/invest,risk_averse_low_volatility,7,test,iid,constant_a009,0.11827789185185185
-0.038207746701881644,-0.16784136734025168,0.03647065404961954,0.220978,0.220978,4.699115359732078,42.94798167913615,0.9654476811784406,0.008373220588235294,0.12336,136,1,1,monthly_beme_inv,monthly size/profit/invest,risk_averse_low_volatility,7,test,iid,constant_a010,0.11827789185185185
-0.025811136207466077,-0.14086389157723622,0.03729891575719572,0.098794,0.098794,5.956482479009512,27.24629751460517,0.9562023347131654,0.011226360294117646,0.10341623529411764,136,0,2,monthly_beme_inv,monthly size/profit/invest,risk_averse_low_volatility,7,test,iid,constant_a011,0.11827789185185185
0.03238604194292999,-0.00036026573403690675,0.0634940711850301,0.011522,0.011522,5.953853136952375,28.283420793149528,0.9562216681106444,0.008645838235294119,0.10809861764705882,136,1,2,monthly_beme_inv,monthly size/profit/invest,risk_averse_low_volatility,7,test,iid,constant_a012,0.11827789185185185
0.03677476192236007,-0.011132246083771414,0.08802781655845159,0.10858599999999999,0.10858599999999999,7.969362257077435,24.853486969722344,0.9414017481097248,0.010076757352941175,0.10753394117647058,136,0,2,monthly_beme_inv,monthly size/profit/invest,risk_averse_low_volatility,7,test,iid,constant_a013,0.11827789185185185
-0.0006746499811737838,-0.02295332464323457,0.012044337856365262,0.043159,inf,1.9933832726866223,32.16022411755124,0.9853427700537748,0.008284867647058825,0.11493285294117647,136,25,0,monthly_beme_inv,monthly size/profit/invest,risk_averse_low_volatility,7,test,iid,constant_a014,0.11827789185185185
-0.027001032225521637,-0.18173084584483448,0.0740996572548353,0.064886,0.064886,4.828475744812442,42.5704004590965,0.9644965018763791,0.008826257352941177,0.12884785294117648,136,1,1,monthly_beme_inv,monthly size/profit/invest,risk_averse_low_volatility,7,test,iid,constant_a015,0.11827789185185185
0.011421361847818669,-0.02349942821397002,0.0323978353113356,0.034266,inf,1.9795641644605642,28.79203578998513,0.9854443811436723,0.008927345588235295,0.1193340588235294,136,34,0,monthly_beme_inv,monthly size/profit/invest,risk_averse_low_volatility,7,test,iid,constant_a016,0.11827789185185185
0.02549481418996331,-0.008845406254863766,0.06723465373338101,0.037496999999999996,0.037496999999999996,5.82517257127433,36.28438043688222,0.9571678487406299,0.011229257352941177,0.11723499999999999,136,1,2,monthly_beme_inv,monthly size/profit/invest,risk_averse_low_volatility,7,test,iid,constant_a017,0.11827789185185185
0.022713290002859602,-0.012074960198473822,0.06683956866773623,0.039716,0.039716,4.968194347942275,28.969066157329053,0.9634691592063068,0.008399514705882353,0.11210208823529413,136,0,1,monthly_beme_inv,monthly size/profit/invest,risk_averse_low_volatility,7,test,iid,constant_a018,0.11827789185185185
-0.020214466575890398,-0.060658089994826976,0.0015149079137340314,0.03505,0.03505,3.90972991306834,34.74134708829562,0.9712519859333211,0.00865529411764706,0.12635044117647057,136,0,1,monthly_beme_inv,monthly size/profit/invest,risk_averse_low_volatility,7,test,iid,constant_a019,0.11827789185185185
0.07795418519175765,0.009659959733333334,0.2102088060428444,-0.026316000000000003,inf,1.9414643883526874,50.25775219372525,0.9857245265562302,0.012099382352941175,0.14358485294117646,136,22,0,monthly_beme_inv,monthly size/profit/invest,risk_averse_low_volatility,7,test,iid,constant_a020,0.11827789185185185
0.09013894955520663,-0.01660573770936233,0.2569193373026624,0.049284999999999995,0.049284999999999995,6.78705606461533,39.92473892787346,0.9500951759954755,0.01222494117647059,0.14384626470588235,136,0,2,monthly_beme_inv,monthly size/profit/invest,risk_averse_low_volatility,7,test,iid,constant_a021,0.11827789185185185
0.006420579747607856,-0.031189449737416997,0.03735006287041834,0.061242,0.061242000000000005,4.741452239098146,41.998513281200474,0.9651363805948666,0.017123066176470587,0.1353010882352941,136,2,1,monthly_beme_inv,monthly size/profit/invest,risk_averse_low_volatility,7,test,iid,constant_a022,0.11827789185185185
-0.0044711624845394015,-0.062248100682357,0.047858587589196526,0.099695,0.099695,4.878135887152344,36.11630495012694,0.9641313537709386,0.008874250000000002,0.14966720588235294,136,0,1,monthly_beme_inv,monthly size/profit/invest,risk_averse_low_volatility,7,test,iid,constant_a023,0.11827789185185185
0.0015276856438407888,-0.10113854765976756,0.09181999072727705,0.10297100000000001,0.10297100000000001,7.786248613425731,46.13697970067314,0.942748171960105,0.009983330882352941,0.15231129411764704,136,0,2,monthly_beme_inv,monthly size/profit/invest,risk_averse_low_volatility,7,test,iid,constant_a024,0.11827789185185185
0.020996033028265942,0.009610367477704466,0.04276037016896646,-0.009387920000000001,inf,2.993163384453392,24.254788049150093,0.9779914457025486,0.010791123823529411,0.10181459294117648,136,17,1,monthly_beme_inv,monthly size/profit/invest,risk_averse_low_volatility,7,test,iid,constant_equal_weight_public,0.11827789185185185
-0.006351967317422241,-0.0338365158800428,0.010032150500092414,0.043380999999999996,inf,1.9933293492962292,30.533409689500047,0.9853431665492924,0.014479683823529411,0.10938723529411763,136,24,0,monthly_beme_inv,monthly size/profit/invest,risk_averse_low_volatility,7,test,iid,momentum_12,0.11827789185185185
0.011887630359689885,-0.013895349221258419,0.03636250656815827,0.044692,0.044691999999999996,6.960886666233289,22.659860140629114,0.9488170098071081,0.00839615323529412,0.10006255882352941,136,0,2,monthly_beme_inv,monthly size/profit/invest,risk_averse_low_volatility,7,test,iid,low_vol_12,0.11827789185185185
0.01844340330926163,-0.0005136213192279821,0.03931944181816635,0.009792,0.009792,4.925201122521179,27.193949575672942,0.9637852858638148,0.009734536764705884,0.10477579411764705,136,5,1,monthly_beme_inv,monthly size/profit/invest,risk_averse_low_volatility,7,test,iid,risk_adjusted_12,0.11827789185185185
-0.014346536441713307,-0.16528328989629876,0.08555279906230441,0.064886,0.064886,3.800598240367391,42.5704004590965,0.9720544247031809,0.008912125,0.12082767647058824,136,3,1,monthly_beme_inv,monthly size/profit/invest,risk_averse_low_volatility,7,test,iid,ridge_return_train_only,0.11827789185185185
-0.012835290598661035,-0.05443539684742822,0.016885591722021406,0.052903000000000006,0.052903000000000006,4.842736162517944,31.496926191256556,0.9643916458638386,0.012615316176470588,0.0930109705882353,136,1,1,monthly_beme_inv,monthly size/profit/invest,risk_averse_low_volatility,7,test,block,constant_a000,0.11827789185185185
0.006202719558225218,-0.020108386177726117,0.027538063753221657,0.045114999999999995,0.045114999999999995,4.900922619746464,25.459575827749845,0.9639638042665701,0.013102345588235295,0.08792349999999999,136,0,1,monthly_beme_inv,monthly size/profit/invest,risk_averse_low_volatility,7,test,block,constant_a001,0.11827789185185185
0.017851817268350882,-0.02940042706898232,0.05833336821398969,0.017672,0.017672,5.987363729300666,26.06445255519537,0.9559752666963186,0.012018411764705882,0.09237323529411764,136,0,2,monthly_beme_inv,monthly size/profit/invest,risk_averse_low_volatility,7,test,block,constant_a002,0.11827789185185185
0.09933792964051585,-0.0030141277456588044,0.21858840467060617,0.0075650000000000005,0.0075650000000000005,7.949832531924123,28.969533703364107,0.9415453490299697,0.012507904411764706,0.08533364705882353,136,0,2,monthly_beme_inv,monthly size/profit/invest,risk_averse_low_volatility,7,test,block,constant_a003,0.11827789185185185
0.019912008178770084,-0.008925245701518722,0.05791878810588867,0.016144000000000002,0.016144000000000002,2.6518785021449838,48.37209435230548,0.980500893366581,0.016923816176470586,0.12503776470588232,136,9,1,monthly_beme_inv,monthly size/profit/invest,risk_averse_low_volatility,7,test,block,constant_a004,0.11827789185185185
0.01218339614391188,-0.01528381154787743,0.04431583094279387,0.046715999999999994,0.04671600000000001,4.954969937489934,26.198787918423353,0.9635663975184564,0.008262551470588235,0.08173532352941176,136,0,1,monthly_beme_inv,monthly size/profit/invest,risk_averse_low_volatility,7,test,block,constant_a005,0.11827789185185185
0.021325543400497998,4.381085235811877e-05,0.0467121341484387,0.017501,0.017501,5.974606811952313,24.06027544055259,0.9560690675591742,0.010530345588235294,0.08785285294117647,136,0,2,monthly_beme_inv,monthly size/profit/invest,risk_averse_low_volatility,7,test,block,constant_a006,0.11827789185185185
0.00813176765539957,-0.020818039276549346,0.03493913973024124,0.047173,0.047173,5.926240369415278,24.051505708050918,0.9564247031660641,0.009129316176470588,0.08401394117647058,136,0,2,monthly_beme_inv,monthly size/profit/invest,risk_averse_low_volatility,7,test,block,constant_a007,0.11827789185185185
0.02811983443375642,-0.01883613020433522,0.07755400210373453,0.036256,0.036256,6.953237748988314,26.663975143369363,0.9488732518456742,0.00976945588235294,0.09247982352941177,136,0,2,monthly_beme_inv,monthly size/profit/invest,risk_averse_low_volatility,7,test,block,constant_a008,0.11827789185185185
0.022657361918719615,-0.02966813795308569,0.06704866793296768,0.103979,0.103979,5.9536544264555324,27.507671922214026,0.9562231292172387,0.011968948529411766,0.10100061764705882,136,1,2,monthly_beme_inv,monthly size/profit/invest,risk_averse_low_volatility,7,test,block,constant_a009,0.11827789185185185
-0.038207746701881644,-0.16001622492474016,0.040725616466562656,0.220978,0.220978,4.699115359732078,42.94798167913615,0.9654476811784406,0.008373220588235294,0.12336,136,1,1,monthly_beme_inv,monthly size/profit/invest,risk_averse_low_volatility,7,test,block,constant_a010,0.11827789185185185
-0.025811136207466077,-0.12347016661592508,0.033702219990175426,0.098794,0.098794,5.956482479009512,27.24629751460517,0.9562023347131654,0.011226360294117646,0.10341623529411764,136,0,2,monthly_beme_inv,monthly size/profit/invest,risk_averse_low_volatility,7,test,block,constant_a011,0.11827789185185185
0.03238604194292999,-0.003043572888229056,0.0715448441541955,0.011522,0.011522,5.953853136952375,28.283420793149528,0.9562216681106444,0.008645838235294119,0.10809861764705882,136,0,2,monthly_beme_inv,monthly size/profit/invest,risk_averse_low_volatility,7,test,block,constant_a012,0.11827789185185185
0.03677476192236007,-0.018977453745876092,0.0824636712326787,0.10858599999999999,0.108586,7.969362257077435,24.853486969722344,0.9414017481097248,0.010076757352941175,0.10753394117647058,136,0,2,monthly_beme_inv,monthly size/profit/invest,risk_averse_low_volatility,7,test,block,constant_a013,0.11827789185185185
-0.0006746499811737838,-0.03408272706541897,0.012044337856365262,0.043159,inf,1.9933832726866223,32.16022411755124,0.9853427700537748,0.008284867647058825,0.11493285294117647,136,29,0,monthly_beme_inv,monthly size/profit/invest,risk_averse_low_volatility,7,test,block,constant_a014,0.11827789185185185
-0.027001032225521637,-0.13478711759888143,0.07450996983402595,0.064886,0.064886,4.828475744812442,42.5704004590965,0.9644965018763791,0.008826257352941177,0.12884785294117648,136,0,1,monthly_beme_inv,monthly size/profit/invest,risk_averse_low_volatility,7,test,block,constant_a015,0.11827789185185185
0.011421361847818669,-0.022466044030821006,0.03375512140519227,0.034266,inf,1.9795641644605642,28.79203578998513,0.9854443811436723,0.008927345588235295,0.1193340588235294,136,24,0,monthly_beme_inv,monthly size/profit/invest,risk_averse_low_volatility,7,test,block,constant_a016,0.11827789185185185
0.02549481418996331,-0.006729577177014559,0.06317120124504413,0.037496999999999996,0.037496999999999996,5.82517257127433,36.28438043688222,0.9571678487406299,0.011229257352941177,0.11723499999999999,136,0,2,monthly_beme_inv,monthly size/profit/invest,risk_averse_low_volatility,7,test,block,constant_a017,0.11827789185185185
0.022713290002859602,-0.018203100824247406,0.07579308408703143,0.039716,0.039716,4.968194347942275,28.969066157329053,0.9634691592063068,0.008399514705882353,0.11210208823529413,136,1,1,monthly_beme_inv,monthly size/profit/invest,risk_averse_low_volatility,7,test,block,constant_a018,0.11827789185185185
-0.020214466575890398,-0.04759618719095088,0.003042670933317641,0.03505,0.03505,3.90972991306834,34.74134708829562,0.9712519859333211,0.00865529411764706,0.12635044117647057,136,3,1,monthly_beme_inv,monthly size/profit/invest,risk_averse_low_volatility,7,test,block,constant_a019,0.11827789185185185
0.07795418519175765,0.009659959733333334,0.2115911244243732,-0.026316000000000003,inf,1.9414643883526874,50.25775219372525,0.9857245265562302,0.012099382352941175,0.14358485294117646,136,15,0,monthly_beme_inv,monthly size/profit/invest,risk_averse_low_volatility,7,test,block,constant_a020,0.11827789185185185
0.09013894955520663,-0.018133763118840497,0.23887518239603872,0.049284999999999995,0.049284999999999995,6.78705606461533,39.92473892787346,0.9500951759954755,0.01222494117647059,0.14384626470588235,136,0,2,monthly_beme_inv,monthly size/profit/invest,risk_averse_low_volatility,7,test,block,constant_a021,0.11827789185185185
0.006420579747607856,-0.03123786208057663,0.03752308905177926,0.061242,0.061242000000000005,4.741452239098146,41.998513281200474,0.9651363805948666,0.017123066176470587,0.1353010882352941,136,0,1,monthly_beme_inv,monthly size/profit/invest,risk_averse_low_volatility,7,test,block,constant_a022,0.11827789185185185
-0.0044711624845394015,-0.06496647560792115,0.04680770286580021,0.099695,0.09969500000000002,4.878135887152344,36.11630495012694,0.9641313537709386,0.008874250000000002,0.14966720588235294,136,4,1,monthly_beme_inv,monthly size/profit/invest,risk_averse_low_volatility,7,test,block,constant_a023,0.11827789185185185
0.0015276856438407888,-0.08119173099711274,0.08817652130566908,0.10297100000000001,0.10297100000000001,7.786248613425731,46.13697970067314,0.942748171960105,0.009983330882352941,0.15231129411764704,136,0,2,monthly_beme_inv,monthly size/profit/invest,risk_averse_low_volatility,7,test,block,constant_a024,0.11827789185185185
0.020996033028265942,0.009563194356496515,0.04348117259613019,-0.009387920000000001,-0.00938792,2.993163384453392,24.254788049150093,0.9779914457025486,0.010791123823529411,0.10181459294117648,136,6,1,monthly_beme_inv,monthly size/profit/invest,risk_averse_low_volatility,7,test,block,constant_equal_weight_public,0.11827789185185185
-0.006351967317422241,-0.03310760162334077,0.010034409213908026,0.043380999999999996,inf,1.9933293492962292,30.533409689500047,0.9853431665492924,0.014479683823529411,0.10938723529411763,136,28,0,monthly_beme_inv,monthly size/profit/invest,risk_averse_low_volatility,7,test,block,momentum_12,0.11827789185185185
0.011887630359689885,-0.018587968766248388,0.03973146648047409,0.044692,0.044691999999999996,6.960886666233289,22.659860140629114,0.9488170098071081,0.00839615323529412,0.10006255882352941,136,0,2,monthly_beme_inv,monthly size/profit/invest,risk_averse_low_volatility,7,test,block,low_vol_12,0.11827789185185185
0.01844340330926163,7.254424901331033e-05,0.041256481653955415,0.009792,0.009792,4.925201122521179,27.193949575672942,0.9637852858638148,0.009734536764705884,0.10477579411764705,136,5,1,monthly_beme_inv,monthly size/profit/invest,risk_averse_low_volatility,7,test,block,risk_adjusted_12,0.11827789185185185
-0.014346536441713307,-0.11386220466243707,0.08578124070172126,0.064886,0.064886,3.800598240367391,42.5704004590965,0.9720544247031809,0.008912125,0.12082767647058824,136,3,1,monthly_beme_inv,monthly size/profit/invest,risk_averse_low_volatility,7,test,block,ridge_return_train_only,0.11827789185185185
0.05206055248240075,-0.00884757008548161,0.12927419170772853,0.034047999999999995,inf,2.951994031582898,26.68527053622779,0.972666721929788,0.012389592592592593,0.1084932962962963,108,11,1,monthly_beme_inv,monthly size/profit/invest,risk_averse_low_volatility,17,calibration,iid,constant_a000,0.11827789185185185
-0.04010039560136654,-0.13300682280102466,0.02459738274430715,0.159963,0.159963,7.833934675950353,26.055474496456437,0.9274635678152745,0.005986157407407407,0.10714711111111111,108,0,2,monthly_beme_inv,monthly size/profit/invest,risk_averse_low_volatility,17,calibration,iid,constant_a001,0.11827789185185185
0.01124089357247536,-0.0369783679026568,0.052223011957619414,0.107069,0.107069,4.993676003353212,22.05814053286721,0.953762259228211,0.008702425925925926,0.0971386296296296,108,2,1,monthly_beme_inv,monthly size/profit/invest,risk_averse_low_volatility,17,calibration,iid,constant_a002,0.11827789185185185
-0.010119542405208517,-0.03876275591055642,0.015756468125968596,0.036216,0.036216,6.666276089852903,27.723232181999606,0.9382752213902509,0.007643314814814815,0.09719577777777777,108,0,2,monthly_beme_inv,monthly size/profit/invest,risk_averse_low_volatility,17,calibration,iid,constant_a003,0.11827789185185185
0.034764463279433014,0.014896728266666675,0.06896588308969898,-0.064309,inf,1.9341580893864927,24.814539305982983,0.9820911288019769,0.009480231481481482,0.11743285185185184,108,20,0,monthly_beme_inv,monthly size/profit/invest,risk_averse_low_volatility,17,calibration,iid,constant_a004,0.11827789185185185
-0.04658909059140687,-0.2029329565807054,0.05125993802883336,0.10153000000000001,0.10153000000000001,4.884662019608902,26.652424454088987,0.9547716479665842,0.011261194444444447,0.1134698888888889,108,3,1,monthly_beme_inv,monthly size/profit/invest,risk_averse_low_volatility,17,calibration,iid,constant_a005,0.11827789185185185
-0.006106481836955741,-0.04860102960312239,0.02666135247454273,0.035928,0.035928,4.974148502340829,24.70862758370371,0.9539430694227701,0.008031666666666666,0.08997851851851851,108,1,1,monthly_beme_inv,monthly size/profit/invest,risk_averse_low_volatility,17,calibration,iid,constant_a006,0.11827789185185185
0.011812445411412749,-0.006620862507057584,0.02535111885653788,0.010616,inf,2.994588524005905,26.86719151676525,0.9722723284814268,0.010627296296296298,0.10327848148148148,108,11,1,monthly_beme_inv,monthly size/profit/invest,risk_averse_low_volatility,17,calibration,iid,constant_a007,0.11827789185185185
-0.008155993752240007,-0.03253888494024905,0.011443932990638762,0.017114,0.017114,5.975577840041666,24.927034059735576,0.9446705755551698,0.0056105277777777785,0.11024014814814816,108,0,2,monthly_beme_inv,monthly size/profit/invest,risk_averse_low_volatility,17,calibration,iid,constant_a008,0.11827789185185185
0.029504118955924138,0.014896728266666678,0.04982155429605045,-0.040706,inf,1.9991627656305075,24.809534370740735,0.9814892336515694,0.010969518518518519,0.13062,108,20,0,monthly_beme_inv,monthly size/profit/invest,risk_averse_low_volatility,17,calibration,iid,constant_a009,0.11827789185185185
-0.012890197884991251,-0.04550501745674716,0.008166284201603036,0.043183,0.043183,2.932939959889406,34.117926456773695,0.9728431485195426,0.008336898148148149,0.13666044444444442,108,3,1,monthly_beme_inv,monthly size/profit/invest,risk_averse_low_volatility,17,calibration,iid,constant_a010,0.11827789185185185
0.009006634932566244,-0.033885055361238973,0.05072892861044864,0.079476,0.079476,3.8345758469275064,27.239583774550624,0.9644946680840045,0.009281564814814814,0.0990418148148148,108,2,1,monthly_beme_inv,monthly size/profit/invest,risk_averse_low_volatility,17,calibration,iid,constant_a011,0.11827789185185185
0.04055029059077217,0.016836958585787504,0.07017035340279021,-0.003094,-0.0030939999999999995,5.987296056235799,26.315348802339585,0.9445620735533722,0.01044275925925926,0.11443203703703704,108,0,2,monthly_beme_inv,monthly size/profit/invest,risk_averse_low_volatility,17,calibration,iid,constant_a012,0.11827789185185185
0.012655066221037483,-0.07035757816829862,0.0845771311319714,0.07001299999999999,0.07001299999999999,3.9890039374900486,25.994049004956327,0.9630647783565737,0.009317546296296296,0.12716503703703705,108,3,1,monthly_beme_inv,monthly size/profit/invest,risk_averse_low_volatility,17,calibration,iid,constant_a013,0.11827789185185185
-0.03322362793903469,-0.12277009381661792,0.014896728266666681,0.136414,inf,1.9998041256883232,29.103024185397512,0.9814832951325155,0.002895814814814816,0.14171644444444445,108,31,0,monthly_beme_inv,monthly size/profit/invest,risk_averse_low_volatility,17,calibration,iid,constant_a014,0.11827789185185185
0.011806960460576367,-0.011362636001568276,0.03186333884104766,0.01172,0.01172,3.9965881953561126,27.23669957594727,0.9629945537467026,0.00806975925925926,0.15166288888888887,108,5,1,monthly_beme_inv,monthly size/profit/invest,risk_averse_low_volatility,17,calibration,iid,constant_a015,0.11827789185185185
0.042531122034478924,-0.013789579826379796,0.11826802322471178,0.043033,0.043033,5.885989352148185,34.100805349974216,0.9455000985912205,0.007727046296296298,0.13265266666666667,108,1,2,monthly_beme_inv,monthly size/profit/invest,risk_averse_low_volatility,17,calibration,iid,constant_a016,0.11827789185185185
-0.007559079605503123,-0.06264989200543301,0.02236284020479886,0.10026600000000001,inf,2.994138559146877,27.748858947374902,0.972276494822714,0.006241351851851851,0.15278481481481482,108,10,1,monthly_beme_inv,monthly size/profit/invest,risk_averse_low_volatility,17,calibration,iid,constant_a017,0.11827789185185185
-0.009727501311011643,-0.09748726544942032,0.06412031902262777,0.054594,0.054594,4.316811919017296,58.17608911538992,0.9600295192683583,0.005075231481481484,0.2541734074074074,108,1,1,monthly_beme_inv,monthly size/profit/invest,risk_averse_low_volatility,17,calibration,iid,constant_a018,0.11827789185185185
0.018677069395408342,-0.019013931971569094,0.06608447010191126,0.029114,0.029114000000000004,5.974608666491582,27.696714518382016,0.9446795493843372,0.0042173333333333325,0.147348,108,0,2,monthly_beme_inv,monthly size/profit/invest,risk_averse_low_volatility,17,calibration,iid,constant_a019,0.11827789185185185
0.021511680486720985,0.014896728266666673,0.04135653714688381,-0.038466,inf,1.0,30.311281903355823,0.9907407407407407,0.008245074074074075,0.13999414814814815,108,80,0,monthly_beme_inv,monthly size/profit/invest,risk_averse_low_volatility,17,calibration,iid,constant_a020,0.11827789185185185
-0.028761532475592856,-0.154777331384844,0.05675373970598919,0.136913,0.136913,5.853632917944339,43.17322848653702,0.9457996952042191,0.006383953703703705,0.15362255555555557,108,0,2,monthly_beme_inv,monthly size/profit/invest,risk_averse_low_volatility,17,calibration,iid,constant_a021,0.11827789185185185
0.04263711209071255,0.031158807607581766,0.05870506181568504,-0.019423,inf,1.0,47.389201033843534,0.9907407407407407,0.007549240740740741,0.166953037037037,108,74,0,monthly_beme_inv,monthly size/profit/invest,risk_averse_low_volatility,17,calibration,iid,constant_a022,0.11827789185185185
0.03150969049986539,-0.006728762880044,0.06179751385619305,0.01126,0.01126,3.729965111274738,52.45721926285166,0.9654632860067154,0.010377666666666665,0.1526464814814815,108,1,1,monthly_beme_inv,monthly size/profit/invest,risk_averse_low_volatility,17,calibration,iid,constant_a023,0.11827789185185185
0.017225020071959946,0.014896728266666673,0.02193981097767876,-0.024348,inf,1.0,26.60546877356423,0.9907407407407407,0.003429722222222222,0.15112655555555557,108,77,0,monthly_beme_inv,monthly size/profit/invest,risk_averse_low_volatility,17,calibration,iid,constant_a024,0.11827789185185185
0.02947035811429829,-0.011086736562642469,0.0958143348872459,0.029723640000000003,0.029723640000000006,5.996656352305702,25.139527252673854,0.9444754041453176,0.007931715555555555,0.11827789185185185,108,0,2,monthly_beme_inv,monthly size/profit/invest,risk_averse_low_volatility,17,calibration,iid,constant_equal_weight_public,0.11827789185185185
0.021706637183488215,-0.010936081803635228,0.05055379921233975,0.01126,0.01126,3.463631393660619,52.45721926285166,0.9679293389475868,0.00639925,0.11877474074074072,108,3,1,monthly_beme_inv,monthly size/profit/invest,risk_averse_low_volatility,17,calibration,iid,momentum_12,0.11827789185185185
-0.007587841471739122,-0.038012503890426166,0.016187640498707023,0.04468,0.044680000000000004,3.981359521508984,19.966625057214323,0.963135559986028,0.005811675925925926,0.12731337037037035,108,2,1,monthly_beme_inv,monthly size/profit/invest,risk_averse_low_volatility,17,calibration,iid,low_vol_12,0.11827789185185185
0.033859386713390116,0.014486863477313053,0.05485173114566664,0.002636,0.002636,4.073551235743443,52.45721926285166,0.9622819330023755,0.010428287037037036,0.13604655555555556,108,2,1,monthly_beme_inv,monthly size/profit/invest,risk_averse_low_volatility,17,calibration,iid,risk_adjusted_12,0.11827789185185185
0.03714853715336944,-0.03464087658207627,0.08617649113837476,0.003184,0.003184,3.883153311833122,27.146259250786258,0.9640448767422859,0.009218814814814815,0.15575259259259258,108,1,1,monthly_beme_inv,monthly size/profit/invest,risk_averse_low_volatility,17,calibration,iid,ridge_return_train_only,0.11827789185185185
0.05206055248240075,-0.009144373814883464,0.15007428034902462,0.034047999999999995,0.034047999999999995,2.951994031582898,26.68527053622779,0.972666721929788,0.012389592592592593,0.1084932962962963,108,7,1,monthly_beme_inv,monthly size/profit/invest,risk_averse_low_volatility,17,calibration,block,constant_a000,0.11827789185185185
-0.04010039560136654,-0.1251946123109868,0.02794669923882975,0.159963,0.159963,7.833934675950353,26.055474496456437,0.9274635678152745,0.005986157407407407,0.10714711111111111,108,0,2,monthly_beme_inv,monthly size/profit/invest,risk_averse_low_volatility,17,calibration,block,constant_a001,0.11827789185185185
0.01124089357247536,-0.04220677372599543,0.05595660081287588,0.107069,0.107069,4.993676003353212,22.05814053286721,0.953762259228211,0.008702425925925926,0.0971386296296296,108,2,1,monthly_beme_inv,monthly size/profit/invest,risk_averse_low_volatility,17,calibration,block,constant_a002,0.11827789185185185
-0.010119542405208517,-0.03609002781597241,0.01425602448250065,0.036216,0.036216,6.666276089852903,27.723232181999606,0.9382752213902509,0.007643314814814815,0.09719577777777777,108,0,2,monthly_beme_inv,monthly size/profit/invest,risk_averse_low_volatility,17,calibration,block,constant_a003,0.11827789185185185
0.034764463279433014,0.014896728266666673,0.06882398436623055,-0.064309,inf,1.9341580893864927,24.814539305982983,0.9820911288019769,0.009480231481481482,0.11743285185185184,108,25,0,monthly_beme_inv,monthly size/profit/invest,risk_averse_low_volatility,17,calibration,block,constant_a004,0.11827789185185185
-0.04658909059140687,-0.20858504215445145,0.04653404425255076,0.10153000000000001,0.10153000000000001,4.884662019608902,26.652424454088987,0.9547716479665842,0.011261194444444447,0.1134698888888889,108,1,1,monthly_beme_inv,monthly size/profit/invest,risk_averse_low_volatility,17,calibration,block,constant_a005,0.11827789185185185
-0.006106481836955741,-0.03327193287912169,0.023190051574113024,0.035928,0.035928,4.974148502340829,24.70862758370371,0.9539430694227701,0.008031666666666666,0.08997851851851851,108,0,1,monthly_beme_inv,monthly size/profit/invest,risk_averse_low_volatility,17,calibration,block,constant_a006,0.11827789185185185
0.011812445411412749,-0.004643320057358045,0.024131378847489646,0.010616,0.010616,2.994588524005905,26.86719151676525,0.9722723284814268,0.010627296296296298,0.10327848148148148,108,6,1,monthly_beme_inv,monthly size/profit/invest,risk_averse_low_volatility,17,calibration,block,constant_a007,0.11827789185185185
-0.008155993752240007,-0.041848543764899965,0.011511150697782056,0.017114,0.017114,5.975577840041666,24.927034059735576,0.9446705755551698,0.0056105277777777785,0.11024014814814816,108,0,2,monthly_beme_inv,monthly size/profit/invest,risk_averse_low_volatility,17,calibration,block,constant_a008,0.11827789185185185
0.029504118955924138,0.014896728266666673,0.05871890033443899,-0.040706,inf,1.9991627656305075,24.809534370740735,0.9814892336515694,0.010969518518518519,0.13062,108,37,0,monthly_beme_inv,monthly size/profit/invest,risk_averse_low_volatility,17,calibration,block,constant_a009,0.11827789185185185
-0.012890197884991251,-0.05555645869166569,0.014896728266666678,0.043183,0.043183,2.932939959889406,34.117926456773695,0.9728431485195426,0.008336898148148149,0.13666044444444442,108,6,1,monthly_beme_inv,monthly size/profit/invest,risk_averse_low_volatility,17,calibration,block,constant_a010,0.11827789185185185
0.009006634932566244,-0.04583086347867854,0.058247793146894086,0.079476,0.079476,3.8345758469275064,27.239583774550624,0.9644946680840045,0.009281564814814814,0.0990418148148148,108,2,1,monthly_beme_inv,monthly size/profit/invest,risk_averse_low_volatility,17,calibration,block,constant_a011,0.11827789185185185
0.04055029059077217,0.017965132233164063,0.06735038707063822,-0.003094,-0.003094,5.987296056235799,26.315348802339585,0.9445620735533722,0.01044275925925926,0.11443203703703704,108,0,2,monthly_beme_inv,monthly size/profit/invest,risk_averse_low_volatility,17,calibration,block,constant_a012,0.11827789185185185
0.012655066221037483,-0.060625875472168696,0.0805683033337042,0.07001299999999999,0.07001299999999999,3.9890039374900486,25.994049004956327,0.9630647783565737,0.009317546296296296,0.12716503703703705,108,1,1,monthly_beme_inv,monthly size/profit/invest,risk_averse_low_volatility,17,calibration,block,constant_a013,0.11827789185185185
-0.03322362793903469,-0.12230171332440211,0.014896728266666683,0.136414,inf,1.9998041256883232,29.103024185397512,0.9814832951325155,0.002895814814814816,0.14171644444444445,108,29,0,monthly_beme_inv,monthly size/profit/invest,risk_averse_low_volatility,17,calibration,block,constant_a014,0.11827789185185185
0.011806960460576367,-0.009525910541775569,0.028058393465241003,0.01172,0.01172,3.9965881953561126,27.23669957594727,0.9629945537467026,0.00806975925925926,0.15166288888888887,108,1,1,monthly_beme_inv,monthly size/profit/invest,risk_averse_low_volatility,17,calibration,block,constant_a015,0.11827789185185185
0.042531122034478924,-0.015668912835423716,0.11494825686603358,0.043033,0.043033,5.885989352148185,34.100805349974216,0.9455000985912205,0.007727046296296298,0.13265266666666667,108,1,2,monthly_beme_inv,monthly size/profit/invest,risk_averse_low_volatility,17,calibration,block,constant_a016,0.11827789185185185
-0.007559079605503123,-0.06370490314642809,0.022043784234418145,0.10026600000000001,inf,2.994138559146877,27.748858947374902,0.972276494822714,0.006241351851851851,0.15278481481481482,108,10,1,monthly_beme_inv,monthly size/profit/invest,risk_averse_low_volatility,17,calibration,block,constant_a017,0.11827789185185185
-0.009727501311011643,-0.0979914965677541,0.06484365146465078,0.054594,0.054594000000000004,4.316811919017296,58.17608911538992,0.9600295192683583,0.005075231481481484,0.2541734074074074,108,0,1,monthly_beme_inv,monthly size/profit/invest,risk_averse_low_volatility,17,calibration,block,constant_a018,0.11827789185185185
0.018677069395408342,-0.022876099489160324,0.06506761460981396,0.029114,0.029114000000000004,5.974608666491582,27.696714518382016,0.9446795493843372,0.0042173333333333325,0.147348,108,0,2,monthly_beme_inv,monthly size/profit/invest,risk_averse_low_volatility,17,calibration,block,constant_a019,0.11827789185185185
0.021511680486720985,0.014896728266666673,0.034741584926829536,-0.038466,inf,1.0,30.311281903355823,0.9907407407407407,0.008245074074074075,0.13999414814814815,108,69,0,monthly_beme_inv,monthly size/profit/invest,risk_averse_low_volatility,17,calibration,block,constant_a020,0.11827789185185185
-0.028761532475592856,-0.15734820769281366,0.05933011339087459,0.136913,0.136913,5.853632917944339,43.17322848653702,0.9457996952042191,0.006383953703703705,0.15362255555555557,108,0,2,monthly_beme_inv,monthly size/profit/invest,risk_averse_low_volatility,17,calibration,block,constant_a021,0.11827789185185185
0.04263711209071255,0.02906958038478217,0.059050185678418965,-0.019423,inf,1.0,47.389201033843534,0.9907407407407407,0.007549240740740741,0.166953037037037,108,74,0,monthly_beme_inv,monthly size/profit/invest,risk_averse_low_volatility,17,calibration,block,constant_a022,0.11827789185185185
0.03150969049986539,-0.0011147413674247075,0.06716337217602372,0.01126,0.01126,3.729965111274738,52.45721926285166,0.9654632860067154,0.010377666666666665,0.1526464814814815,108,2,1,monthly_beme_inv,monthly size/profit/invest,risk_averse_low_volatility,17,calibration,block,constant_a023,0.11827789185185185
0.017225020071959946,0.014896728266666673,0.02188160368254641,-0.024348,inf,1.0,26.60546877356423,0.9907407407407407,0.003429722222222222,0.15112655555555557,108,81,0,monthly_beme_inv,monthly size/profit/invest,risk_averse_low_volatility,17,calibration,block,constant_a024,0.11827789185185185
0.02947035811429829,-0.016704781245844978,0.08465221902995927,0.029723640000000003,0.029723640000000006,5.996656352305702,25.139527252673854,0.9444754041453176,0.007931715555555555,0.11827789185185185,108,0,2,monthly_beme_inv,monthly size/profit/invest,risk_averse_low_volatility,17,calibration,block,constant_equal_weight_public,0.11827789185185185
0.021706637183488215,-0.0032994791623078023,0.04587384421044618,0.01126,0.01126,3.463631393660619,52.45721926285166,0.9679293389475868,0.00639925,0.11877474074074072,108,4,1,monthly_beme_inv,monthly size/profit/invest,risk_averse_low_volatility,17,calibration,block,momentum_12,0.11827789185185185
-0.007587841471739122,-0.04534196205657084,0.01661793986892423,0.04468,0.044680000000000004,3.981359521508984,19.966625057214323,0.963135559986028,0.005811675925925926,0.12731337037037035,108,6,1,monthly_beme_inv,monthly size/profit/invest,risk_averse_low_volatility,17,calibration,block,low_vol_12,0.11827789185185185
0.033859386713390116,0.0173735651735108,0.05460580321258902,0.002636,0.002636,4.073551235743443,52.45721926285166,0.9622819330023755,0.010428287037037036,0.13604655555555556,108,0,1,monthly_beme_inv,monthly size/profit/invest,risk_averse_low_volatility,17,calibration,block,risk_adjusted_12,0.11827789185185185
0.03714853715336944,-0.0186913195293975,0.08869457982872819,0.003184,0.003184,3.883153311833122,27.146259250786258,0.9640448767422859,0.009218814814814815,0.15575259259259258,108,2,1,monthly_beme_inv,monthly size/profit/invest,risk_averse_low_volatility,17,calibration,block,ridge_return_train_only,0.11827789185185185
0.024265842788645138,-0.008869510260133835,0.056657289072367036,0.024321000000000002,0.024321000000000002,4.57922735717892,46.60645433300308,0.9663292106089785,0.012615316176470588,0.0930109705882353,136,1,1,monthly_beme_inv,monthly size/profit/invest,risk_averse_low_volatility,17,test,iid,constant_a000,0.11827789185185185
0.0336042039505571,0.014502890165920873,0.05963718896571094,-0.012739,-0.012738999999999999,3.9924286033115175,25.241485576941937,0.9706439073285917,0.013102345588235295,0.08792349999999999,136,4,1,monthly_beme_inv,monthly size/profit/invest,risk_averse_low_volatility,17,test,iid,constant_a001,0.11827789185185185
-0.006168488418194262,-0.10215726484152411,0.0869165180493945,0.077228,0.077228,6.876541488513013,28.881173911663986,0.9494371949374043,0.012018411764705882,0.09237323529411764,136,0,2,monthly_beme_inv,monthly size/profit/invest,risk_averse_low_volatility,17,test,iid,constant_a002,0.11827789185185185
-0.012248471715403013,-0.07571254481984743,0.03149458949774952,0.080689,0.080689,4.975694525460934,28.981258246297248,0.963414010842199,0.012507904411764706,0.08533364705882353,136,1,1,monthly_beme_inv,monthly size/profit/invest,risk_averse_low_volatility,17,test,iid,constant_a003,0.11827789185185185
-0.011746437115793281,-0.07001256075426275,0.05298154839303852,0.079091,0.079091,4.9856461126486495,29.587257694315273,0.9633408374069952,0.016923816176470586,0.12503776470588232,136,2,1,monthly_beme_inv,monthly size/profit/invest,risk_averse_low_volatility,17,test,iid,constant_a004,0.11827789185185185
-0.030762190549631377,-0.14195938886102952,0.07351461848090557,0.028460000000000003,0.028460000000000003,7.461700901498004,35.092201189937036,0.9451345521948676,0.008262551470588235,0.08173532352941176,136,0,2,monthly_beme_inv,monthly size/profit/invest,risk_averse_low_volatility,17,test,iid,constant_a005,0.11827789185185185
0.039042638645558785,0.017626876808587984,0.06061551144300723,-0.009791,-0.009791,5.982854444226212,23.940505723731373,0.956008423204219,0.010530345588235294,0.08785285294117647,136,1,2,monthly_beme_inv,monthly size/profit/invest,risk_averse_low_volatility,17,test,iid,constant_a006,0.11827789185185185
-0.03637648383774555,-0.08114380471891872,0.003014021046042134,0.044691999999999996,0.044691999999999996,10.841272449206844,26.309224685368058,0.9202847614028908,0.009129316176470588,0.08401394117647058,136,0,3,monthly_beme_inv,monthly size/profit/invest,risk_averse_low_volatility,17,test,iid,constant_a007,0.11827789185185185
0.009733568740866325,-0.015428430392868453,0.03737512524662889,0.032854,0.032854,6.951945293460417,25.571105845683814,0.948882755195144,0.00976945588235294,0.09247982352941177,136,0,2,monthly_beme_inv,monthly size/profit/invest,risk_averse_low_volatility,17,test,iid,constant_a008,0.11827789185185185
0.007226727821052493,-0.010755595004080852,0.023266519507497654,0.025640999999999997,0.025641,2.9747543853459684,25.450004583890085,0.9781268059901032,0.011968948529411766,0.10100061764705882,136,7,1,monthly_beme_inv,monthly size/profit/invest,risk_averse_low_volatility,17,test,iid,constant_a009,0.11827789185185185
-0.015280785134198909,-0.07057649089759928,0.022400168765591887,0.077243,0.077243,6.814246445750595,32.39833138172621,0.9498952467224221,0.008373220588235294,0.12336,136,0,2,monthly_beme_inv,monthly size/profit/invest,risk_averse_low_volatility,17,test,iid,constant_a010,0.11827789185185185
0.016116787604885136,-0.04467798073620603,0.07022717496675804,0.128893,0.128893,5.903734084112401,29.356825838326685,0.9565901905579971,0.011226360294117646,0.10341623529411764,136,2,2,monthly_beme_inv,monthly size/profit/invest,risk_averse_low_volatility,17,test,iid,constant_a011,0.11827789185185185
0.01706768672618804,-0.022834293651838287,0.049314294441296855,0.081938,0.081938,9.879506088864096,28.089522907496807,0.9273565728759993,0.008645838235294119,0.10809861764705882,136,0,2,monthly_beme_inv,monthly size/profit/invest,risk_averse_low_volatility,17,test,iid,constant_a012,0.11827789185185185
0.020846125271442122,-0.015311344735624852,0.052599456105129096,0.008808,0.008808000000000002,2.9189909898321043,26.879789395480728,0.9785368309571169,0.010076757352941175,0.10753394117647058,136,8,1,monthly_beme_inv,monthly size/profit/invest,risk_averse_low_volatility,17,test,iid,constant_a013,0.11827789185185185
0.014896728266666714,0.014896728266666662,0.014896728266666666,,inf,0.0,0.0,1.0,0.008284867647058825,0.11493285294117647,136,200,0,monthly_beme_inv,monthly size/profit/invest,risk_averse_low_volatility,17,test,iid,constant_a014,0.11827789185185185
-0.01227017654645886,-0.0720871551984195,0.027465573862768683,0.085649,0.085649,6.939827782581344,34.07107550157639,0.9489718545398431,0.008826257352941177,0.12884785294117648,136,0,2,monthly_beme_inv,monthly size/profit/invest,risk_averse_low_volatility,17,test,iid,constant_a015,0.11827789185185185
-0.0055901032904112375,-0.06550474528794466,0.03279182408666335,0.12751400000000002,0.12751400000000002,3.9882102965725923,27.871745708157555,0.9706749242899074,0.008927345588235295,0.1193340588235294,136,3,1,monthly_beme_inv,monthly size/profit/invest,risk_averse_low_volatility,17,test,iid,constant_a016,0.11827789185185185
-0.003931782540982598,-0.048934621844411275,0.025779421137970514,0.10678900000000001,inf,1.9959847716270909,25.09765324859381,0.9853236413850949,0.011229257352941177,0.11723499999999999,136,26,0,monthly_beme_inv,monthly size/profit/invest,risk_averse_low_volatility,17,test,iid,constant_a017,0.11827789185185185
0.027340374865417568,-0.00027731998242419966,0.05183223445146602,0.023082,0.023082,7.77621037434077,32.931796076720765,0.942821982541612,0.008399514705882353,0.11210208823529413,136,0,2,monthly_beme_inv,monthly size/profit/invest,risk_averse_low_volatility,17,test,iid,constant_a018,0.11827789185185185
0.026681674032226075,0.005935171014605554,0.04470891972317364,0.013306,0.013306000000000002,6.909049330394258,31.400614216484097,0.9491981666882775,0.00865529411764706,0.12635044117647057,136,0,2,monthly_beme_inv,monthly size/profit/invest,risk_averse_low_volatility,17,test,iid,constant_a019,0.11827789185185185
-0.025879063623834082,-0.08233051555957056,0.018825801357629564,0.055772999999999996,0.05577300000000001,4.912597980456428,45.96603999272822,0.9638779560260556,0.012099382352941175,0.14358485294117646,136,0,1,monthly_beme_inv,monthly size/profit/invest,risk_averse_low_volatility,17,test,iid,constant_a020,0.11827789185185185
0.030009965844228548,0.014896728266666662,0.05954972678154391,-0.018141,inf,1.99642571918403,31.33082085046952,0.9853203991236469,0.01222494117647059,0.14384626470588235,136,29,0,monthly_beme_inv,monthly size/profit/invest,risk_averse_low_volatility,17,test,iid,constant_a021,0.11827789185185185
0.02690242352878725,-0.0012538683765729785,0.04225360766508187,0.011993,inf,1.9788867464728332,35.11602769720236,0.985449362158288,0.017123066176470587,0.1353010882352941,136,24,0,monthly_beme_inv,monthly size/profit/invest,risk_averse_low_volatility,17,test,iid,constant_a022,0.11827789185185185
-0.05014993988033506,-0.1628421875419593,0.03497686664713154,0.077786,0.077786,3.9580353711741205,33.052092109870976,0.9708967987413668,0.008874250000000002,0.14966720588235294,136,4,1,monthly_beme_inv,monthly size/profit/invest,risk_averse_low_volatility,17,test,iid,constant_a023,0.11827789185185185
-0.07172381810165261,-0.22578461513144812,0.05183883169915977,0.360161,0.360161,4.9038495845062045,37.66343392366954,0.9639422824668662,0.009983330882352941,0.15231129411764704,136,0,1,monthly_beme_inv,monthly size/profit/invest,risk_averse_low_volatility,17,test,iid,constant_a024,0.11827789185185185
0.02539466253202515,0.0024727664480322896,0.05047884452971707,0.016024599999999993,inf,2.9858811062483035,24.23235890646254,0.9780449918658213,0.010791123823529411,0.10181459294117648,136,10,1,monthly_beme_inv,monthly size/profit/invest,risk_averse_low_volatility,17,test,iid,constant_equal_weight_public,0.11827789185185185
0.0030105731279123273,-0.055486330716054584,0.06559078694163378,0.079091,0.079091,5.8739864433167295,27.88855014083048,0.9568089232109064,0.014479683823529411,0.10938723529411763,136,1,2,monthly_beme_inv,monthly size/profit/invest,risk_averse_low_volatility,17,test,iid,momentum_12,0.11827789185185185
-0.022943877392964735,-0.08495895020348386,0.03592195226465208,0.128893,0.128893,9.97111982773306,20.849990436440276,0.9266829424431393,0.00839615323529412,0.10006255882352941,136,0,2,monthly_beme_inv,monthly size/profit/invest,risk_averse_low_volatility,17,test,iid,low_vol_12,0.11827789185185185
-0.009903001784468388,-0.07167610953712232,0.05888304317577994,0.079091,0.079091,7.820330891020486,27.88855014083048,0.9424975669777905,0.009734536764705884,0.10477579411764705,136,0,2,monthly_beme_inv,monthly size/profit/invest,risk_averse_low_volatility,17,test,iid,risk_adjusted_12,0.11827789185185185
-0.10268184919384583,-0.23525331759323084,0.01236996361897346,0.077786,0.077786,7.764950414224386,35.092201189937036,0.9429047763659971,0.009617816176470588,0.13560011764705882,136,0,2,monthly_beme_inv,monthly size/profit/invest,risk_averse_low_volatility,17,test,iid,ridge_return_train_only,0.11827789185185185
0.024265842788645138,-0.0027699954296370615,0.059807755438343525,0.024321000000000002,0.024321000000000006,4.57922735717892,46.60645433300308,0.9663292106089785,0.012615316176470588,0.0930109705882353,136,1,1,monthly_beme_inv,monthly size/profit/invest,risk_averse_low_volatility,17,test,block,constant_a000,0.11827789185185185
0.0336042039505571,0.01489672826666667,0.05236179605240991,-0.012739,-0.012738999999999999,3.9924286033115175,25.241485576941937,0.9706439073285917,0.013102345588235295,0.08792349999999999,136,4,1,monthly_beme_inv,monthly size/profit/invest,risk_averse_low_volatility,17,test,block,constant_a001,0.11827789185185185
-0.006168488418194262,-0.10258733606924783,0.07199648504314543,0.077228,0.077228,6.876541488513013,28.881173911663986,0.9494371949374043,0.012018411764705882,0.09237323529411764,136,0,2,monthly_beme_inv,monthly size/profit/invest,risk_averse_low_volatility,17,test,block,constant_a002,0.11827789185185185
-0.012248471715403013,-0.07157960460667664,0.029468947545412277,0.080689,0.080689,4.975694525460934,28.981258246297248,0.963414010842199,0.012507904411764706,0.08533364705882353,136,1,1,monthly_beme_inv,monthly size/profit/invest,risk_averse_low_volatility,17,test,block,constant_a003,0.11827789185185185
-0.011746437115793281,-0.06473720895569185,0.04229707519022229,0.079091,0.079091,4.9856461126486495,29.587257694315273,0.9633408374069952,0.016923816176470586,0.12503776470588232,136,5,1,monthly_beme_inv,monthly size/profit/invest,risk_averse_low_volatility,17,test,block,constant_a004,0.11827789185185185
-0.030762190549631377,-0.1385356743162864,0.07336995843212926,0.028460000000000003,0.028460000000000003,7.461700901498004,35.092201189937036,0.9451345521948676,0.008262551470588235,0.08173532352941176,136,0,2,monthly_beme_inv,monthly size/profit/invest,risk_averse_low_volatility,17,test,block,constant_a005,0.11827789185185185
0.039042638645558785,0.020988391861979046,0.06301555537477904,-0.009791,-0.009791,5.982854444226212,23.940505723731373,0.956008423204219,0.010530345588235294,0.08785285294117647,136,0,2,monthly_beme_inv,monthly size/profit/invest,risk_averse_low_volatility,17,test,block,constant_a006,0.11827789185185185
-0.03637648383774555,-0.07827067533107382,0.0008559716107531689,0.044691999999999996,0.044691999999999996,10.841272449206844,26.309224685368058,0.9202847614028908,0.009129316176470588,0.08401394117647058,136,0,3,monthly_beme_inv,monthly size/profit/invest,risk_averse_low_volatility,17,test,block,constant_a007,0.11827789185185185
0.009733568740866325,-0.01691187489062939,0.038281804871169535,0.032854,0.032854,6.951945293460417,25.571105845683814,0.948882755195144,0.00976945588235294,0.09247982352941177,136,0,2,monthly_beme_inv,monthly size/profit/invest,risk_averse_low_volatility,17,test,block,constant_a008,0.11827789185185185
0.007226727821052493,-0.009052340080374569,0.023202867797800564,0.025640999999999997,inf,2.9747543853459684,25.450004583890085,0.9781268059901032,0.011968948529411766,0.10100061764705882,136,12,1,monthly_beme_inv,monthly size/profit/invest,risk_averse_low_volatility,17,test,block,constant_a009,0.11827789185185185
-0.015280785134198909,-0.060176148296325824,0.01651815177792606,0.077243,0.077243,6.814246445750595,32.39833138172621,0.9498952467224221,0.008373220588235294,0.12336,136,0,2,monthly_beme_inv,monthly size/profit/invest,risk_averse_low_volatility,17,test,block,constant_a010,0.11827789185185185
0.016116787604885136,-0.03909152109818692,0.06779471537468044,0.128893,0.128893,5.903734084112401,29.356825838326685,0.9565901905579971,0.011226360294117646,0.10341623529411764,136,0,2,monthly_beme_inv,monthly size/profit/invest,risk_averse_low_volatility,17,test,block,constant_a011,0.11827789185185185
0.01706768672618804,-0.018333475536979546,0.04973433334108188,0.081938,0.081938,9.879506088864096,28.089522907496807,0.9273565728759993,0.008645838235294119,0.10809861764705882,136,0,2,monthly_beme_inv,monthly size/profit/invest,risk_averse_low_volatility,17,test,block,constant_a012,0.11827789185185185
0.020846125271442122,-0.015629232543565037,0.04927572286342504,0.008808,0.008808000000000002,2.9189909898321043,26.879789395480728,0.9785368309571169,0.010076757352941175,0.10753394117647058,136,8,1,monthly_beme_inv,monthly size/profit/invest,risk_averse_low_volatility,17,test,block,constant_a013,0.11827789185185185
0.014896728266666714,0.014896728266666662,0.014896728266666673,,inf,0.0,0.0,1.0,0.008284867647058825,0.11493285294117647,136,200,0,monthly_beme_inv,monthly size/profit/invest,risk_averse_low_volatility,17,test,block,constant_a014,0.11827789185185185
-0.01227017654645886,-0.058806863502380284,0.02479569961807985,0.085649,0.085649,6.939827782581344,34.07107550157639,0.9489718545398431,0.008826257352941177,0.12884785294117648,136,0,2,monthly_beme_inv,monthly size/profit/invest,risk_averse_low_volatility,17,test,block,constant_a015,0.11827789185185185
-0.0055901032904112375,-0.05745402073701111,0.02987486030111615,0.12751400000000002,0.12751400000000002,3.9882102965725923,27.871745708157555,0.9706749242899074,0.008927345588235295,0.1193340588235294,136,2,1,monthly_beme_inv,monthly size/profit/invest,risk_averse_low_volatility,17,test,block,constant_a016,0.11827789185185185
-0.003931782540982598,-0.07139069694249515,0.02224254595479679,0.10678900000000001,inf,1.9959847716270909,25.09765324859381,0.9853236413850949,0.011229257352941177,0.11723499999999999,136,26,0,monthly_beme_inv,monthly size/profit/invest,risk_averse_low_volatility,17,test,block,constant_a017,0.11827789185185185
0.027340374865417568,0.0013694658943347066,0.05151644619912045,0.023082,0.023082,7.77621037434077,32.931796076720765,0.942821982541612,0.008399514705882353,0.11210208823529413,136,0,2,monthly_beme_inv,monthly size/profit/invest,risk_averse_low_volatility,17,test,block,constant_a018,0.11827789185185185
0.026681674032226075,0.008314809083592067,0.04826322126822346,0.013306,0.013306000000000002,6.909049330394258,31.400614216484097,0.9491981666882775,0.00865529411764706,0.12635044117647057,136,0,2,monthly_beme_inv,monthly size/profit/invest,risk_averse_low_volatility,17,test,block,constant_a019,0.11827789185185185
-0.025879063623834082,-0.10135959940494894,0.026866123039478745,0.055772999999999996,0.05577300000000001,4.912597980456428,45.96603999272822,0.9638779560260556,0.012099382352941175,0.14358485294117646,136,1,1,monthly_beme_inv,monthly size/profit/invest,risk_averse_low_volatility,17,test,block,constant_a020,0.11827789185185185
0.030009965844228548,0.014896728266666662,0.05954972678154391,-0.018141,inf,1.99642571918403,31.33082085046952,0.9853203991236469,0.01222494117647059,0.14384626470588235,136,25,0,monthly_beme_inv,monthly size/profit/invest,risk_averse_low_volatility,17,test,block,constant_a021,0.11827789185185185
0.02690242352878725,0.0059690773486282276,0.044711134625861376,0.011993,inf,1.9788867464728332,35.11602769720236,0.985449362158288,0.017123066176470587,0.1353010882352941,136,28,0,monthly_beme_inv,monthly size/profit/invest,risk_averse_low_volatility,17,test,block,constant_a022,0.11827789185185185
-0.05014993988033506,-0.1623508347217828,0.03820213713352519,0.077786,0.077786,3.9580353711741205,33.052092109870976,0.9708967987413668,0.008874250000000002,0.14966720588235294,136,2,1,monthly_beme_inv,monthly size/profit/invest,risk_averse_low_volatility,17,test,block,constant_a023,0.11827789185185185
-0.07172381810165261,-0.2428024414026411,0.05219296187247323,0.360161,0.360161,4.9038495845062045,37.66343392366954,0.9639422824668662,0.009983330882352941,0.15231129411764704,136,3,1,monthly_beme_inv,monthly size/profit/invest,risk_averse_low_volatility,17,test,block,constant_a024,0.11827789185185185
0.02539466253202515,0.0024727664480322896,0.05234998709473966,0.016024599999999993,0.016024599999999993,2.9858811062483035,24.23235890646254,0.9780449918658213,0.010791123823529411,0.10181459294117648,136,7,1,monthly_beme_inv,monthly size/profit/invest,risk_averse_low_volatility,17,test,block,constant_equal_weight_public,0.11827789185185185
0.0030105731279123273,-0.045445696044295956,0.05476951240225891,0.079091,0.079091,5.8739864433167295,27.88855014083048,0.9568089232109064,0.014479683823529411,0.10938723529411763,136,2,2,monthly_beme_inv,monthly size/profit/invest,risk_averse_low_volatility,17,test,block,momentum_12,0.11827789185185185
-0.022943877392964735,-0.09091533455194024,0.036116349445529085,0.128893,0.128893,9.97111982773306,20.849990436440276,0.9266829424431393,0.00839615323529412,0.10006255882352941,136,0,2,monthly_beme_inv,monthly size/profit/invest,risk_averse_low_volatility,17,test,block,low_vol_12,0.11827789185185185
-0.009903001784468388,-0.06367960590604443,0.047596455905608966,0.079091,0.079091,7.820330891020486,27.88855014083048,0.9424975669777905,0.009734536764705884,0.10477579411764705,136,1,2,monthly_beme_inv,monthly size/profit/invest,risk_averse_low_volatility,17,test,block,risk_adjusted_12,0.11827789185185185
-0.10268184919384583,-0.2268609659225058,0.005887871950442463,0.077786,0.077786,7.764950414224386,35.092201189937036,0.9429047763659971,0.009617816176470588,0.13560011764705882,136,0,2,monthly_beme_inv,monthly size/profit/invest,risk_averse_low_volatility,17,test,block,ridge_return_train_only,0.11827789185185185
0.03184695783941015,-0.015221999385166312,0.06848208019725784,0.052766,0.05276600000000001,8.818021298084513,29.351829088383028,0.9183516546473656,0.012389592592592593,0.1084932962962963,108,0,2,monthly_beme_inv,monthly size/profit/invest,risk_averse_low_volatility,27,calibration,iid,constant_a000,0.11827789185185185
0.006560035436358965,-0.02443483214851073,0.029792080618858914,0.035985,inf,1.976560144207449,24.80556192761427,0.9816985171832644,0.005986157407407407,0.10714711111111111,108,29,0,monthly_beme_inv,monthly size/profit/invest,risk_averse_low_volatility,27,calibration,iid,constant_a001,0.11827789185185185
0.013627907863605541,-0.012798982965822965,0.043278526667190204,0.025115,0.025115000000000002,3.994096216560965,23.968788225114952,0.9630176276244355,0.008702425925925926,0.0971386296296296,108,3,1,monthly_beme_inv,monthly size/profit/invest,risk_averse_low_volatility,27,calibration,iid,constant_a002,0.11827789185185185
0.025202901671970653,0.006039883660818361,0.04082872139658179,0.013691,inf,1.8678362421848387,25.76349862299209,0.98270521997977,0.007643314814814815,0.09719577777777777,108,32,0,monthly_beme_inv,monthly size/profit/invest,risk_averse_low_volatility,27,calibration,iid,constant_a003,0.11827789185185185
-0.001796992537027385,-0.026336662982098972,0.014649744278728245,0.029523,0.029523000000000004,4.896428976821459,30.97054101318391,0.9546626946590606,0.009480231481481482,0.11743285185185184,108,2,1,monthly_beme_inv,monthly size/profit/invest,risk_averse_low_volatility,27,calibration,iid,constant_a004,0.11827789185185185
0.00031653693544012013,-0.06010335723900866,0.024078518200405095,0.051841,inf,1.0,22.499061406261646,0.9907407407407407,0.011261194444444447,0.1134698888888889,108,80,0,monthly_beme_inv,monthly size/profit/invest,risk_averse_low_volatility,27,calibration,iid,constant_a005,0.11827789185185185
-0.018595662722405468,-0.08274940430637125,0.026787451170380464,0.10068099999999998,inf,2.916205715230789,27.306128480404286,0.9729980952293446,0.008031666666666666,0.08997851851851851,108,10,1,monthly_beme_inv,monthly size/profit/invest,risk_averse_low_volatility,27,calibration,iid,constant_a006,0.11827789185185185
-0.032114867164521686,-0.141561806264859,0.0473568203984293,0.040743,inf,3.9723486559646712,29.08455609660968,0.963218993926253,0.010627296296296298,0.10327848148148148,108,10,1,monthly_beme_inv,monthly size/profit/invest,risk_averse_low_volatility,27,calibration,iid,constant_a007,0.11827789185185185
-0.0028403836505150235,-0.0467328461813829,0.02976656502892351,0.074438,0.074438,5.947457241494174,26.6613351709329,0.9449309514676465,0.0056105277777777785,0.11024014814814816,108,0,2,monthly_beme_inv,monthly size/profit/invest,risk_averse_low_volatility,27,calibration,iid,constant_a008,0.11827789185185185
0.030883756662735528,-0.01917470388415316,0.10071436534597182,0.028258000000000002,0.028258000000000005,5.981833889205727,26.404357448129137,0.944612649174021,0.010969518518518519,0.13062,108,0,2,monthly_beme_inv,monthly size/profit/invest,risk_averse_low_volatility,27,calibration,iid,constant_a009,0.11827789185185185
0.009987663844539574,-0.02709469679626623,0.03943442227309652,0.045242000000000004,0.04524200000000001,2.9838567272773697,28.510661924692627,0.972371696969654,0.008336898148148149,0.13666044444444442,108,9,1,monthly_beme_inv,monthly size/profit/invest,risk_averse_low_volatility,27,calibration,iid,constant_a010,0.11827789185185185
-0.005051928373701788,-0.05418040430089194,0.03365241779301436,0.071454,0.071454,5.962671655962009,29.484969634593483,0.9447900772596111,0.009281564814814814,0.0990418148148148,108,0,2,monthly_beme_inv,monthly size/profit/invest,risk_averse_low_volatility,27,calibration,iid,constant_a011,0.11827789185185185
0.04101450432323797,-0.008874545624521358,0.10387451493176329,0.037305000000000005,0.037305000000000005,6.954253644179433,27.113780186844913,0.9356087625538941,0.01044275925925926,0.11443203703703704,108,0,2,monthly_beme_inv,monthly size/profit/invest,risk_averse_low_volatility,27,calibration,iid,constant_a012,0.11827789185185185
0.0009496186646948808,-0.028357343544364838,0.019899916160084952,0.039506999999999994,inf,2.971209185381957,26.57775842028403,0.972488803839056,0.009317546296296296,0.12716503703703705,108,14,1,monthly_beme_inv,monthly size/profit/invest,risk_averse_low_volatility,27,calibration,iid,constant_a013,0.11827789185185185
-0.009908023787637736,-0.12440877242360274,0.04827540281954173,0.119039,0.119039,3.880907273513944,34.290552591254894,0.9640656733933894,0.002895814814814816,0.14171644444444445,108,3,1,monthly_beme_inv,monthly size/profit/invest,risk_averse_low_volatility,27,calibration,iid,constant_a014,0.11827789185185185
0.039835646191511594,0.011200410311111115,0.09017008810551967,-0.020548,-0.020547999999999997,2.996071836582558,28.028374895308662,0.972258594105717,0.00806975925925926,0.15166288888888887,108,7,1,monthly_beme_inv,monthly size/profit/invest,risk_averse_low_volatility,27,calibration,iid,constant_a015,0.11827789185185185
-0.027237990674403127,-0.14626657289273967,0.051039340704221836,0.20716,0.20716,4.944132168496501,28.416146009129466,0.9542209984398472,0.007727046296296298,0.13265266666666667,108,0,1,monthly_beme_inv,monthly size/profit/invest,risk_averse_low_volatility,27,calibration,iid,constant_a016,0.11827789185185185
-0.01895078140618845,-0.09128130726640847,0.03133428295762249,0.098675,0.098675,3.8867885289445976,31.14186796768165,0.964011217324587,0.006241351851851851,0.15278481481481482,108,1,1,monthly_beme_inv,monthly size/profit/invest,risk_averse_low_volatility,27,calibration,iid,constant_a017,0.11827789185185185
0.002774125840877029,-0.055922786186799134,0.03453362568427207,0.059858,0.05985800000000001,4.847975896514832,37.401063858912394,0.9551113342915294,0.005075231481481484,0.2541734074074074,108,1,1,monthly_beme_inv,monthly size/profit/invest,risk_averse_low_volatility,27,calibration,iid,constant_a018,0.11827789185185185
0.0407703285575794,-0.006976235742776698,0.09248709768237552,0.029845000000000003,0.029845000000000003,3.7511042343501924,37.76920802116072,0.9652675533856464,0.0042173333333333325,0.147348,108,3,1,monthly_beme_inv,monthly size/profit/invest,risk_averse_low_volatility,27,calibration,iid,constant_a019,0.11827789185185185
-0.006507592918219683,-0.10078677767037976,0.06834124601295552,0.072085,0.072085,3.903911386493792,42.890262723909444,0.9638526723472797,0.008245074074074075,0.13999414814814815,108,4,1,monthly_beme_inv,monthly size/profit/invest,risk_averse_low_volatility,27,calibration,iid,constant_a020,0.11827789185185185
-0.00791100215489974,-0.08665841962367524,0.035445107718362935,0.09643700000000001,0.09643700000000002,2.9924500954350806,29.504036437549193,0.9722921287459715,0.006383953703703705,0.15362255555555557,108,8,1,monthly_beme_inv,monthly size/profit/invest,risk_averse_low_volatility,27,calibration,iid,constant_a021,0.11827789185185185
-0.0008397676213046814,-0.11558003889462203,0.126086703325977,0.15438000000000002,inf,2.868678695128764,47.39014475789017,0.9734381602302892,0.007549240740740741,0.166953037037037,108,14,1,monthly_beme_inv,monthly size/profit/invest,risk_averse_low_volatility,27,calibration,iid,constant_a022,0.11827789185185185
0.006082713714694426,-0.2244648109578265,0.19263642137668255,0.166206,0.166206,5.906577408848964,45.81335800737302,0.9453094684365837,0.010377666666666665,0.1526464814814815,108,1,2,monthly_beme_inv,monthly size/profit/invest,risk_averse_low_volatility,27,calibration,iid,constant_a023,0.11827789185185185
0.01880349508962265,0.0074890886665675335,0.03312704401832659,-0.003651,inf,2.8186533994089933,44.001099895815706,0.9739013574128796,0.003429722222222222,0.15112655555555557,108,14,1,monthly_beme_inv,monthly size/profit/invest,risk_averse_low_volatility,27,calibration,iid,constant_a024,0.11827789185185185
0.042205374705857605,0.002692559954250487,0.10283758535325181,0.00794128,inf,2.990000273831144,27.54736566725039,0.9723148122793412,0.007931715555555555,0.11827789185185185,108,10,1,monthly_beme_inv,monthly size/profit/invest,risk_averse_low_volatility,27,calibration,iid,constant_equal_weight_public,0.11827789185185185
0.01792358844937319,0.004524620864051826,0.03451032838419888,-0.029422,inf,1.9974763792091021,23.382353387890046,0.9815048483406564,0.00639925,0.11877474074074072,108,22,0,monthly_beme_inv,monthly size/profit/invest,risk_averse_low_volatility,27,calibration,iid,momentum_12,0.11827789185185185
-0.002145548590583655,-0.05308799248572611,0.03182452094129905,0.10068099999999999,0.100681,4.973657679314917,22.107472913034883,0.9539476140804174,0.005811675925925926,0.12731337037037035,108,3,1,monthly_beme_inv,monthly size/profit/invest,risk_averse_low_volatility,27,calibration,iid,low_vol_12,0.11827789185185185
0.0006392750954846866,-0.023397302518546995,0.024035870797265154,0.036755,0.036755,5.977571943574501,23.382353387890046,0.9446521116335694,0.010428287037037036,0.13604655555555556,108,0,2,monthly_beme_inv,monthly size/profit/invest,risk_averse_low_volatility,27,calibration,iid,risk_adjusted_12,0.11827789185185185
-0.01634505889267662,-0.13604343012006764,0.06315836209379005,0.051841,0.051841,3.9664753253546903,29.08455609660968,0.9632733766170862,0.00822665740740741,0.11689918518518519,108,3,1,monthly_beme_inv,monthly size/profit/invest,risk_averse_low_volatility,27,calibration,iid,ridge_return_train_only,0.11827789185185185
0.03184695783941015,-0.0226165846568159,0.07325631049867447,0.052766,0.052766,8.818021298084513,29.351829088383028,0.9183516546473656,0.012389592592592593,0.1084932962962963,108,0,2,monthly_beme_inv,monthly size/profit/invest,risk_averse_low_volatility,27,calibration,block,constant_a000,0.11827789185185185
0.006560035436358965,-0.021428393992762015,0.023633778396972088,0.035985,inf,1.976560144207449,24.80556192761427,0.9816985171832644,0.005986157407407407,0.10714711111111111,108,29,0,monthly_beme_inv,monthly size/profit/invest,risk_averse_low_volatility,27,calibration,block,constant_a001,0.11827789185185185
0.013627907863605541,-0.005952842679666647,0.036473350569766264,0.025115,0.025115,3.994096216560965,23.968788225114952,0.9630176276244355,0.008702425925925926,0.0971386296296296,108,2,1,monthly_beme_inv,monthly size/profit/invest,risk_averse_low_volatility,27,calibration,block,constant_a002,0.11827789185185185
0.025202901671970653,0.003985160618826595,0.041936307217134317,0.013691,inf,1.8678362421848387,25.76349862299209,0.98270521997977,0.007643314814814815,0.09719577777777777,108,19,0,monthly_beme_inv,monthly size/profit/invest,risk_averse_low_volatility,27,calibration,block,constant_a003,0.11827789185185185
-0.001796992537027385,-0.025602935023630684,0.01465735954085149,0.029523,0.029523000000000004,4.896428976821459,30.97054101318391,0.9546626946590606,0.009480231481481482,0.11743285185185184,108,5,1,monthly_beme_inv,monthly size/profit/invest,risk_averse_low_volatility,27,calibration,block,constant_a004,0.11827789185185185
0.00031653693544012013,-0.0453005997070931,0.02533013318819649,0.051841,inf,1.0,22.499061406261646,0.9907407407407407,0.011261194444444447,0.1134698888888889,108,82,0,monthly_beme_inv,monthly size/profit/invest,risk_averse_low_volatility,27,calibration,block,constant_a005,0.11827789185185185
-0.018595662722405468,-0.08248166998291886,0.02678745117038046,0.10068099999999998,0.100681,2.916205715230789,27.306128480404286,0.9729980952293446,0.008031666666666666,0.08997851851851851,108,8,1,monthly_beme_inv,monthly size/profit/invest,risk_averse_low_volatility,27,calibration,block,constant_a006,0.11827789185185185
-0.032114867164521686,-0.14668339718530973,0.041006102216238974,0.040743,0.040743,3.9723486559646712,29.08455609660968,0.963218993926253,0.010627296296296298,0.10327848148148148,108,1,1,monthly_beme_inv,monthly size/profit/invest,risk_averse_low_volatility,27,calibration,block,constant_a007,0.11827789185185185
-0.0028403836505150235,-0.05697669116708171,0.030817034170821937,0.074438,0.074438,5.947457241494174,26.6613351709329,0.9449309514676465,0.0056105277777777785,0.11024014814814816,108,1,2,monthly_beme_inv,monthly size/profit/invest,risk_averse_low_volatility,27,calibration,block,constant_a008,0.11827789185185185
0.030883756662735528,-0.026280672042607874,0.09409885404107562,0.028258000000000002,0.028258000000000005,5.981833889205727,26.404357448129137,0.944612649174021,0.010969518518518519,0.13062,108,0,2,monthly_beme_inv,monthly size/profit/invest,risk_averse_low_volatility,27,calibration,block,constant_a009,0.11827789185185185
0.009987663844539574,-0.027085860905778823,0.03943442227309651,0.045242000000000004,inf,2.9838567272773697,28.510661924692627,0.972371696969654,0.008336898148148149,0.13666044444444442,108,14,1,monthly_beme_inv,monthly size/profit/invest,risk_averse_low_volatility,27,calibration,block,constant_a010,0.11827789185185185
-0.005051928373701788,-0.04850631129213138,0.03756857966384296,0.071454,0.071454,5.962671655962009,29.484969634593483,0.9447900772596111,0.009281564814814814,0.0990418148148148,108,2,2,monthly_beme_inv,monthly size/profit/invest,risk_averse_low_volatility,27,calibration,block,constant_a011,0.11827789185185185
0.04101450432323797,-0.012345582101579626,0.11982110626857345,0.037305000000000005,0.037305000000000005,6.954253644179433,27.113780186844913,0.9356087625538941,0.01044275925925926,0.11443203703703704,108,0,2,monthly_beme_inv,monthly size/profit/invest,risk_averse_low_volatility,27,calibration,block,constant_a012,0.11827789185185185
0.0009496186646948808,-0.04073272194607918,0.02006148455223517,0.039506999999999994,inf,2.971209185381957,26.57775842028403,0.972488803839056,0.009317546296296296,0.12716503703703705,108,12,1,monthly_beme_inv,monthly size/profit/invest,risk_averse_low_volatility,27,calibration,block,constant_a013,0.11827789185185185
-0.009908023787637736,-0.11144441577736973,0.06171924966864122,0.119039,0.11903900000000002,3.880907273513944,34.290552591254894,0.9640656733933894,0.002895814814814816,0.14171644444444445,108,4,1,monthly_beme_inv,monthly size/profit/invest,risk_averse_low_volatility,27,calibration,block,constant_a014,0.11827789185185185
0.039835646191511594,0.01336527123481574,0.10735612659838585,-0.020548,-0.020548,2.996071836582558,28.028374895308662,0.972258594105717,0.00806975925925926,0.15166288888888887,108,5,1,monthly_beme_inv,monthly size/profit/invest,risk_averse_low_volatility,27,calibration,block,constant_a015,0.11827789185185185
-0.027237990674403127,-0.15516645497758225,0.055140011862970385,0.20716,0.20716,4.944132168496501,28.416146009129466,0.9542209984398472,0.007727046296296298,0.13265266666666667,108,2,1,monthly_beme_inv,monthly size/profit/invest,risk_averse_low_volatility,27,calibration,block,constant_a016,0.11827789185185185
-0.01895078140618845,-0.09192167992162893,0.03251421953498365,0.098675,0.098675,3.8867885289445976,31.14186796768165,0.964011217324587,0.006241351851851851,0.15278481481481482,108,0,1,monthly_beme_inv,monthly size/profit/invest,risk_averse_low_volatility,27,calibration,block,constant_a017,0.11827789185185185
0.002774125840877029,-0.04328145089284872,0.029699600014120118,0.059858,0.05985800000000001,4.847975896514832,37.401063858912394,0.9551113342915294,0.005075231481481484,0.2541734074074074,108,0,1,monthly_beme_inv,monthly size/profit/invest,risk_averse_low_volatility,27,calibration,block,constant_a018,0.11827789185185185
0.0407703285575794,-0.006267770878743286,0.10645537879368872,0.029845000000000003,0.029845000000000003,3.7511042343501924,37.76920802116072,0.9652675533856464,0.0042173333333333325,0.147348,108,5,1,monthly_beme_inv,monthly size/profit/invest,risk_averse_low_volatility,27,calibration,block,constant_a019,0.11827789185185185
-0.006507592918219683,-0.08811987489907641,0.06920241730878261,0.072085,0.072085,3.903911386493792,42.890262723909444,0.9638526723472797,0.008245074074074075,0.13999414814814815,108,2,1,monthly_beme_inv,monthly size/profit/invest,risk_averse_low_volatility,27,calibration,block,constant_a020,0.11827789185185185
-0.00791100215489974,-0.06754700715766469,0.03441946439621942,0.09643700000000001,0.09643700000000002,2.9924500954350806,29.504036437549193,0.9722921287459715,0.006383953703703705,0.15362255555555557,108,6,1,monthly_beme_inv,monthly size/profit/invest,risk_averse_low_volatility,27,calibration,block,constant_a021,0.11827789185185185
-0.0008397676213046814,-0.11588104334293244,0.09646177229614908,0.15438000000000002,inf,2.868678695128764,47.39014475789017,0.9734381602302892,0.007549240740740741,0.166953037037037,108,15,1,monthly_beme_inv,monthly size/profit/invest,risk_averse_low_volatility,27,calibration,block,constant_a022,0.11827789185185185
0.006082713714694426,-0.13757489757868427,0.1329402246528448,0.166206,0.166206,5.906577408848964,45.81335800737302,0.9453094684365837,0.010377666666666665,0.1526464814814815,108,1,2,monthly_beme_inv,monthly size/profit/invest,risk_averse_low_volatility,27,calibration,block,constant_a023,0.11827789185185185
0.01880349508962265,0.008837716052282943,0.036354101084511634,-0.003651,inf,2.8186533994089933,44.001099895815706,0.9739013574128796,0.003429722222222222,0.15112655555555557,108,16,1,monthly_beme_inv,monthly size/profit/invest,risk_averse_low_volatility,27,calibration,block,constant_a024,0.11827789185185185
0.042205374705857605,0.0025862118247897263,0.10698516240222132,0.00794128,inf,2.990000273831144,27.54736566725039,0.9723148122793412,0.007931715555555555,0.11827789185185185,108,16,1,monthly_beme_inv,monthly size/profit/invest,risk_averse_low_volatility,27,calibration,block,constant_equal_weight_public,0.11827789185185185
0.01792358844937319,0.006443658629461212,0.03244299091834008,-0.029422,inf,1.9974763792091021,23.382353387890046,0.9815048483406564,0.00639925,0.11877474074074072,108,22,0,monthly_beme_inv,monthly size/profit/invest,risk_averse_low_volatility,27,calibration,block,momentum_12,0.11827789185185185
-0.002145548590583655,-0.04272691240214381,0.03532519318509739,0.10068099999999999,0.100681,4.973657679314917,22.107472913034883,0.9539476140804174,0.005811675925925926,0.12731337037037035,108,1,1,monthly_beme_inv,monthly size/profit/invest,risk_averse_low_volatility,27,calibration,block,low_vol_12,0.11827789185185185
0.0006392750954846866,-0.025229944045447875,0.022297924396806848,0.036755,0.036755,5.977571943574501,23.382353387890046,0.9446521116335694,0.010428287037037036,0.13604655555555556,108,0,2,monthly_beme_inv,monthly size/profit/invest,risk_averse_low_volatility,27,calibration,block,risk_adjusted_12,0.11827789185185185
-0.01634505889267662,-0.130988040220536,0.06167092569891988,0.051841,0.051841,3.9664753253546903,29.08455609660968,0.9632733766170862,0.00822665740740741,0.11689918518518519,108,1,1,monthly_beme_inv,monthly size/profit/invest,risk_averse_low_volatility,27,calibration,block,ridge_return_train_only,0.11827789185185185
0.011533155831552898,-0.017563048813768946,0.053680011744414766,0.040551000000000004,0.040551000000000004,5.985926669555472,27.56466525204181,0.9559858333120921,0.012615316176470588,0.0930109705882353,136,0,2,monthly_beme_inv,monthly size/profit/invest,risk_averse_low_volatility,27,test,iid,constant_a000,0.11827789185185185
0.07330054209602567,0.028290054411398688,0.13073868160862112,0.004508,0.004508,11.85159427974629,26.601630743142408,0.9128559244136302,0.013102345588235295,0.08792349999999999,136,0,3,monthly_beme_inv,monthly size/profit/invest,risk_averse_low_volatility,27,test,iid,constant_a001,0.11827789185185185
0.028707916859160475,-0.0034808034926814484,0.07283492062381682,0.030947000000000002,0.030947000000000002,5.98047009690705,26.477548697197932,0.9560259551698012,0.012018411764705882,0.09237323529411764,136,2,2,monthly_beme_inv,monthly size/profit/invest,risk_averse_low_volatility,27,test,iid,constant_a002,0.11827789185185185
0.01718884470191077,-0.030750659820488722,0.046646673675738166,-0.022624,inf,1.9911343083869029,27.972093340887984,0.9853593065559787,0.012507904411764706,0.08533364705882353,136,29,0,monthly_beme_inv,monthly size/profit/invest,risk_averse_low_volatility,27,test,iid,constant_a003,0.11827789185185185
-0.028515160588441626,-0.09328806834861261,0.013908829734553476,0.129819,inf,2.875199099406834,37.844267252399085,0.9788588301514204,0.016923816176470586,0.12503776470588232,136,12,1,monthly_beme_inv,monthly size/profit/invest,risk_averse_low_volatility,27,test,iid,constant_a004,0.11827789185185185
0.0059430675974370805,-0.035270339051968747,0.023552612821020637,0.016229,inf,1.0,28.048323692556593,0.9926470588235294,0.008262551470588235,0.08173532352941176,136,69,0,monthly_beme_inv,monthly size/profit/invest,risk_averse_low_volatility,27,test,iid,constant_a005,0.11827789185185185
-0.03183218372272973,-0.10317530335037976,0.01685156690992665,0.149354,0.149354,8.937284255312534,24.724659763765036,0.9342846745932902,0.010530345588235294,0.08785285294117647,136,0,2,monthly_beme_inv,monthly size/profit/invest,risk_averse_low_volatility,27,test,iid,constant_a006,0.11827789185185185
0.0228570994707436,-0.05105722351042046,0.08032597284060614,0.02068,0.02068,6.824325894820434,26.916883381128358,0.9498211331263203,0.009129316176470588,0.08401394117647058,136,0,2,monthly_beme_inv,monthly size/profit/invest,risk_averse_low_volatility,27,test,iid,constant_a007,0.11827789185185185
0.01592698558097972,-0.01677787424797857,0.04275802737733932,0.05455599999999999,0.054556,5.989527141968739,26.769879003330534,0.9559593592502299,0.00976945588235294,0.09247982352941177,136,0,2,monthly_beme_inv,monthly size/profit/invest,risk_averse_low_volatility,27,test,iid,constant_a008,0.11827789185185185
-0.03906887847944423,-0.09658878299689848,0.007140235846647953,0.103979,0.103979,4.904085189741841,32.473601603232694,0.9639405500754277,0.011968948529411766,0.10100061764705882,136,1,1,monthly_beme_inv,monthly size/profit/invest,risk_averse_low_volatility,27,test,iid,constant_a009,0.11827789185185185
0.00028745515319581334,-0.045433085797101695,0.03382809668250223,0.050385,0.050385,5.6472777492653075,38.51772530342848,0.958475898902461,0.008373220588235294,0.12336,136,0,2,monthly_beme_inv,monthly size/profit/invest,risk_averse_low_volatility,27,test,iid,constant_a010,0.11827789185185185
-0.02132799383072092,-0.09180829976040704,0.0165615603688828,0.098794,0.098794,4.9666282557178345,27.24629751460517,0.9634806745903101,0.011226360294117646,0.10341623529411764,136,1,1,monthly_beme_inv,monthly size/profit/invest,risk_averse_low_volatility,27,test,iid,constant_a011,0.11827789185185185
0.031664583691246424,-0.013078096930321624,0.0812140034487149,0.049275,0.049275,7.987146789676301,25.05930763418031,0.9412709794876742,0.008645838235294119,0.10809861764705882,136,0,2,monthly_beme_inv,monthly size/profit/invest,risk_averse_low_volatility,27,test,iid,constant_a012,0.11827789185185185
-0.007592821361751005,-0.04951941763414568,0.018241375771370097,0.075861,0.075861,2.9941377188472047,25.13819010191118,0.9779842814790647,0.010076757352941175,0.10753394117647058,136,8,1,monthly_beme_inv,monthly size/profit/invest,risk_averse_low_volatility,27,test,iid,constant_a013,0.11827789185185185
0.013785780712682804,-0.007810821137642904,0.0396906058789279,0.012098,0.012098,4.655306598414789,44.87455017716679,0.9657698044234206,0.008284867647058825,0.11493285294117647,136,1,1,monthly_beme_inv,monthly size/profit/invest,risk_averse_low_volatility,27,test,iid,constant_a014,0.11827789185185185
-0.013034037609446396,-0.041641282602606876,0.009233371672440283,0.030966999999999998,0.030967,5.952835397996237,32.69491989355018,0.9562291514853218,0.008826257352941177,0.12884785294117648,136,0,2,monthly_beme_inv,monthly size/profit/invest,risk_averse_low_volatility,27,test,iid,constant_a015,0.11827789185185185
0.02937532641680103,-0.01256120235587615,0.09092814736699542,0.03016,0.030160000000000003,4.9735536697419915,30.98396495812239,0.9634297524283677,0.008927345588235295,0.1193340588235294,136,1,1,monthly_beme_inv,monthly size/profit/invest,risk_averse_low_volatility,27,test,iid,constant_a016,0.11827789185185185
0.003128893094311552,-0.030846324787756306,0.02449413267769625,0.044553,0.044553,4.980801151787532,26.96967743531197,0.9633764621192094,0.011229257352941177,0.11723499999999999,136,0,1,monthly_beme_inv,monthly size/profit/invest,risk_averse_low_volatility,27,test,iid,constant_a017,0.11827789185185185
-0.0004647317445581416,-0.06776293657264738,0.07535538354822938,0.050624,0.050624,5.897851078978327,31.94131424448126,0.9566334479486888,0.008399514705882353,0.11210208823529413,136,1,2,monthly_beme_inv,monthly size/profit/invest,risk_averse_low_volatility,27,test,iid,constant_a018,0.11827789185185185
0.02157562182792408,0.004041286244733741,0.04323144333595247,0.004033,inf,2.983455024524149,31.957416400619024,0.9780628307020283,0.00865529411764706,0.12635044117647057,136,17,1,monthly_beme_inv,monthly size/profit/invest,risk_averse_low_volatility,27,test,iid,constant_a019,0.11827789185185185
0.010870900006313853,-0.07188472505557762,0.10228030692967283,0.08969099999999999,0.08969099999999999,3.9639887039684742,47.80340391091736,0.9708530242355259,0.012099382352941175,0.14358485294117646,136,1,1,monthly_beme_inv,monthly size/profit/invest,risk_averse_low_volatility,27,test,iid,constant_a020,0.11827789185185185
0.005005933153320311,-0.05567878140817127,0.07077816691053314,0.062644,0.062644,4.8992408870272754,35.94088174129738,0.9639761699483289,0.01222494117647059,0.14384626470588235,136,3,1,monthly_beme_inv,monthly size/profit/invest,risk_averse_low_volatility,27,test,iid,constant_a021,0.11827789185185185
-0.00010307461923487613,-0.04611027130765278,0.03580286915247148,0.09726800000000001,0.09726800000000001,5.790994231086613,39.37311913542147,0.9574191600655396,0.017123066176470587,0.1353010882352941,136,0,2,monthly_beme_inv,monthly size/profit/invest,risk_averse_low_volatility,27,test,iid,constant_a022,0.11827789185185185
0.06868472095848543,-0.008013485272427552,0.15307667979006712,0.020388000000000003,0.020388000000000003,4.907353062746085,40.57425579661436,0.9639165215974552,0.008874250000000002,0.14966720588235294,136,1,1,monthly_beme_inv,monthly size/profit/invest,risk_averse_low_volatility,27,test,iid,constant_a023,0.11827789185185185
0.0385261879999377,0.0005032038240525925,0.10266289808420936,0.00565,0.0056500000000000005,2.814206811335292,44.695510940565285,0.9793073028578287,0.009983330882352941,0.15231129411764704,136,7,1,monthly_beme_inv,monthly size/profit/invest,risk_averse_low_volatility,27,test,iid,constant_a024,0.11827789185185185
0.014868025560315324,-0.0017346233649075673,0.03604860949898242,0.00490424,0.004904240000000001,3.999140552983492,24.254788049150093,0.9705945547574744,0.010791123823529411,0.10181459294117648,136,7,1,monthly_beme_inv,monthly size/profit/invest,risk_averse_low_volatility,27,test,iid,constant_equal_weight_public,0.11827789185185185
-0.016306678369096522,-0.08374419650469624,0.020149703673849325,0.129819,inf,1.9755633805770467,38.89737274528779,0.9854737986722276,0.014479683823529411,0.10938723529411763,136,20,0,monthly_beme_inv,monthly size/profit/invest,risk_averse_low_volatility,27,test,iid,momentum_12,0.11827789185185185
-0.01018538055313787,-0.07198383139928678,0.03376421444382433,0.047686,0.047686,3.987752371143972,19.15426476509054,0.9706782913886473,0.00839615323529412,0.10006255882352941,136,1,1,monthly_beme_inv,monthly size/profit/invest,risk_averse_low_volatility,27,test,iid,low_vol_12,0.11827789185185185
-0.016699752864404373,-0.09229211317793029,0.02757090294054625,0.129819,0.129819,2.7636953225795136,38.89737274528779,0.979678710863386,0.009734536764705884,0.10477579411764705,136,9,1,monthly_beme_inv,monthly size/profit/invest,risk_averse_low_volatility,27,test,iid,risk_adjusted_12,0.11827789185185185
0.00833426120986761,-0.06916877943719704,0.06538898633732956,0.016229,0.016229,2.85425389615041,28.048323692556593,0.979012838998894,0.008234301470588236,0.08250367647058825,136,8,1,monthly_beme_inv,monthly size/profit/invest,risk_averse_low_volatility,27,test,iid,ridge_return_train_only,0.11827789185185185
0.011533155831552898,-0.021422290693938768,0.046924086517645375,0.040551000000000004,0.040551000000000004,5.985926669555472,27.56466525204181,0.9559858333120921,0.012615316176470588,0.0930109705882353,136,1,2,monthly_beme_inv,monthly size/profit/invest,risk_averse_low_volatility,27,test,block,constant_a000,0.11827789185185185
0.07330054209602567,0.03123191274035001,0.12441293905457006,0.004508,0.004508,11.85159427974629,26.601630743142408,0.9128559244136302,0.013102345588235295,0.08792349999999999,136,0,3,monthly_beme_inv,monthly size/profit/invest,risk_averse_low_volatility,27,test,block,constant_a001,0.11827789185185185
0.028707916859160475,-0.006980170123193927,0.08016009471956075,0.030947000000000002,0.030947000000000002,5.98047009690705,26.477548697197932,0.9560259551698012,0.012018411764705882,0.09237323529411764,136,0,2,monthly_beme_inv,monthly size/profit/invest,risk_averse_low_volatility,27,test,block,constant_a002,0.11827789185185185
0.01718884470191077,-0.03270542719312441,0.04484362739755419,-0.022624,inf,1.9911343083869029,27.972093340887984,0.9853593065559787,0.012507904411764706,0.08533364705882353,136,25,0,monthly_beme_inv,monthly size/profit/invest,risk_averse_low_volatility,27,test,block,constant_a003,0.11827789185185185
-0.028515160588441626,-0.09322035786302656,0.012554620022832294,0.129819,inf,2.875199099406834,37.844267252399085,0.9788588301514204,0.016923816176470586,0.12503776470588232,136,16,1,monthly_beme_inv,monthly size/profit/invest,risk_averse_low_volatility,27,test,block,constant_a004,0.11827789185185185
0.0059430675974370805,-0.027046096081944065,0.024087702903264827,0.016229,inf,1.0,28.048323692556593,0.9926470588235294,0.008262551470588235,0.08173532352941176,136,74,0,monthly_beme_inv,monthly size/profit/invest,risk_averse_low_volatility,27,test,block,constant_a005,0.11827789185185185
-0.03183218372272973,-0.09951299998202012,0.0234112863649372,0.149354,0.149354,8.937284255312534,24.724659763765036,0.9342846745932902,0.010530345588235294,0.08785285294117647,136,0,2,monthly_beme_inv,monthly size/profit/invest,risk_averse_low_volatility,27,test,block,constant_a006,0.11827789185185185
0.0228570994707436,-0.03782046676211602,0.08168737431439435,0.02068,0.02068,6.824325894820434,26.916883381128358,0.9498211331263203,0.009129316176470588,0.08401394117647058,136,0,2,monthly_beme_inv,monthly size/profit/invest,risk_averse_low_volatility,27,test,block,constant_a007,0.11827789185185185
0.01592698558097972,-0.014866306468717809,0.0472222871704386,0.05455599999999999,0.054556,5.989527141968739,26.769879003330534,0.9559593592502299,0.00976945588235294,0.09247982352941177,136,0,2,monthly_beme_inv,monthly size/profit/invest,risk_averse_low_volatility,27,test,block,constant_a008,0.11827789185185185
-0.03906887847944423,-0.09207310845860449,0.013546983258989634,0.103979,0.103979,4.904085189741841,32.473601603232694,0.9639405500754277,0.011968948529411766,0.10100061764705882,136,0,1,monthly_beme_inv,monthly size/profit/invest,risk_averse_low_volatility,27,test,block,constant_a009,0.11827789185185185
0.00028745515319581334,-0.0461315558084814,0.02877471637824401,0.050385,0.050385,5.6472777492653075,38.51772530342848,0.958475898902461,0.008373220588235294,0.12336,136,0,2,monthly_beme_inv,monthly size/profit/invest,risk_averse_low_volatility,27,test,block,constant_a010,0.11827789185185185
-0.02132799383072092,-0.08055205226372075,0.01643538216624805,0.098794,0.09879400000000002,4.9666282557178345,27.24629751460517,0.9634806745903101,0.011226360294117646,0.10341623529411764,136,2,1,monthly_beme_inv,monthly size/profit/invest,risk_averse_low_volatility,27,test,block,constant_a011,0.11827789185185185
0.031664583691246424,-0.011480053640314656,0.07883723750412537,0.049275,0.049275,7.987146789676301,25.05930763418031,0.9412709794876742,0.008645838235294119,0.10809861764705882,136,0,2,monthly_beme_inv,monthly size/profit/invest,risk_averse_low_volatility,27,test,block,constant_a012,0.11827789185185185
-0.007592821361751005,-0.048787779505858025,0.018241375771370093,0.075861,0.075861,2.9941377188472047,25.13819010191118,0.9779842814790647,0.010076757352941175,0.10753394117647058,136,6,1,monthly_beme_inv,monthly size/profit/invest,risk_averse_low_volatility,27,test,block,constant_a013,0.11827789185185185
0.013785780712682804,-0.00927405886002126,0.03475164039800425,0.012098,0.012098,4.655306598414789,44.87455017716679,0.9657698044234206,0.008284867647058825,0.11493285294117647,136,1,1,monthly_beme_inv,monthly size/profit/invest,risk_averse_low_volatility,27,test,block,constant_a014,0.11827789185185185
-0.013034037609446396,-0.039767852715954274,0.0092465986896606,0.030966999999999998,0.030967,5.952835397996237,32.69491989355018,0.9562291514853218,0.008826257352941177,0.12884785294117648,136,1,2,monthly_beme_inv,monthly size/profit/invest,risk_averse_low_volatility,27,test,block,constant_a015,0.11827789185185185
0.02937532641680103,-0.0134162485709262,0.08230798189722036,0.03016,0.030160000000000003,4.9735536697419915,30.98396495812239,0.9634297524283677,0.008927345588235295,0.1193340588235294,136,1,1,monthly_beme_inv,monthly size/profit/invest,risk_averse_low_volatility,27,test,block,constant_a016,0.11827789185185185
0.003128893094311552,-0.028065349670376664,0.02404608911633856,0.044553,0.044553,4.980801151787532,26.96967743531197,0.9633764621192094,0.011229257352941177,0.11723499999999999,136,1,1,monthly_beme_inv,monthly size/profit/invest,risk_averse_low_volatility,27,test,block,constant_a017,0.11827789185185185
-0.0004647317445581416,-0.05777630558484626,0.06735432725386141,0.050624,0.05062400000000001,5.897851078978327,31.94131424448126,0.9566334479486888,0.008399514705882353,0.11210208823529413,136,1,2,monthly_beme_inv,monthly size/profit/invest,risk_averse_low_volatility,27,test,block,constant_a018,0.11827789185185185
0.02157562182792408,0.00404128624473374,0.0500483249921822,0.004033,inf,2.983455024524149,31.957416400619024,0.9780628307020283,0.00865529411764706,0.12635044117647057,136,10,1,monthly_beme_inv,monthly size/profit/invest,risk_averse_low_volatility,27,test,block,constant_a019,0.11827789185185185
0.010870900006313853,-0.05024271861202055,0.07798995176394463,0.08969099999999999,0.08969099999999999,3.9639887039684742,47.80340391091736,0.9708530242355259,0.012099382352941175,0.14358485294117646,136,1,1,monthly_beme_inv,monthly size/profit/invest,risk_averse_low_volatility,27,test,block,constant_a020,0.11827789185185185
0.005005933153320311,-0.062319988722107124,0.0688038812550242,0.062644,0.062644,4.8992408870272754,35.94088174129738,0.9639761699483289,0.01222494117647059,0.14384626470588235,136,4,1,monthly_beme_inv,monthly size/profit/invest,risk_averse_low_volatility,27,test,block,constant_a021,0.11827789185185185
-0.00010307461923487613,-0.040614067558560715,0.04100114786907732,0.09726800000000001,0.09726800000000001,5.790994231086613,39.37311913542147,0.9574191600655396,0.017123066176470587,0.1353010882352941,136,0,2,monthly_beme_inv,monthly size/profit/invest,risk_averse_low_volatility,27,test,block,constant_a022,0.11827789185185185
0.06868472095848543,-0.005655992523813615,0.15097085041202835,0.020388000000000003,0.020388000000000003,4.907353062746085,40.57425579661436,0.9639165215974552,0.008874250000000002,0.14966720588235294,136,1,1,monthly_beme_inv,monthly size/profit/invest,risk_averse_low_volatility,27,test,block,constant_a023,0.11827789185185185
0.0385261879999377,0.0015445824647379097,0.10263322910823877,0.00565,0.00565,2.814206811335292,44.695510940565285,0.9793073028578287,0.009983330882352941,0.15231129411764704,136,2,1,monthly_beme_inv,monthly size/profit/invest,risk_averse_low_volatility,27,test,block,constant_a024,0.11827789185185185
0.014868025560315324,0.000807816388002563,0.035383744613407535,0.00490424,0.004904240000000001,3.999140552983492,24.254788049150093,0.9705945547574744,0.010791123823529411,0.10181459294117648,136,7,1,monthly_beme_inv,monthly size/profit/invest,risk_averse_low_volatility,27,test,block,constant_equal_weight_public,0.11827789185185185
-0.016306678369096522,-0.08501058138489362,0.019711529676310117,0.129819,inf,1.9755633805770467,38.89737274528779,0.9854737986722276,0.014479683823529411,0.10938723529411763,136,23,0,monthly_beme_inv,monthly size/profit/invest,risk_averse_low_volatility,27,test,block,momentum_12,0.11827789185185185
-0.01018538055313787,-0.05969038290391395,0.029555954583048268,0.047686,0.047686,3.987752371143972,19.15426476509054,0.9706782913886473,0.00839615323529412,0.10006255882352941,136,0,1,monthly_beme_inv,monthly size/profit/invest,risk_averse_low_volatility,27,test,block,low_vol_12,0.11827789185185185
-0.016699752864404373,-0.1035725838660268,0.028273870645235493,0.129819,0.129819,2.7636953225795136,38.89737274528779,0.979678710863386,0.009734536764705884,0.10477579411764705,136,7,1,monthly_beme_inv,monthly size/profit/invest,risk_averse_low_volatility,27,test,block,risk_adjusted_12,0.11827789185185185
0.00833426120986761,-0.05344591787860296,0.06206216325916506,0.016229,0.016229,2.85425389615041,28.048323692556593,0.979012838998894,0.008234301470588236,0.08250367647058825,136,8,1,monthly_beme_inv,monthly size/profit/invest,risk_averse_low_volatility,27,test,block,ridge_return_train_only,0.11827789185185185
0.01279014296296297,0.010091412197167764,0.014830452391067546,0.097365,0.097365,10.000000000000002,1.0196078431372548,0.9074074074074074,0.012389592592592593,0.1084932962962963,108,0,3,monthly_beme_inv,monthly size/profit/invest,return_seeking_recent_winner,7,calibration,iid,constant_a000,0.11827789185185185
0.014726646564996379,0.014393380000000008,0.015393179694989115,-0.049694,inf,1.0,1.0196078431372548,0.9907407407407407,0.005986157407407407,0.10714711111111111,108,66,0,monthly_beme_inv,monthly size/profit/invest,return_seeking_recent_winner,7,calibration,iid,constant_a001,0.11827789185185185
0.01439338000000001,0.014393380000000008,0.01439338000000001,,inf,0.0,0.0,1.0,0.008702425925925926,0.0971386296296296,108,200,0,monthly_beme_inv,monthly size/profit/invest,return_seeking_recent_winner,7,calibration,iid,constant_a002,0.11827789185185185
0.0003765754692982514,-0.010283545026616011,0.011619219573534909,0.085494,inf,3.0000000000000004,1.0196078431372548,0.9722222222222222,0.007643314814814815,0.09719577777777777,108,11,1,monthly_beme_inv,monthly size/profit/invest,return_seeking_recent_winner,7,calibration,iid,constant_a003,0.11827789185185185
-0.010164790342226785,-0.023054651903797033,0.0024780155168097943,0.068013,0.068013,9.000000000000002,1.0196078431372548,0.9166666666666666,0.009480231481481482,0.11743285185185184,108,0,2,monthly_beme_inv,monthly size/profit/invest,return_seeking_recent_winner,7,calibration,iid,constant_a004,0.11827789185185185
0.01343658415395789,0.011941139114015984,0.01439338000000001,0.042662,inf,2.0,1.0196078431372548,0.9814814814814815,0.011261194444444447,0.1134698888888889,108,27,1,monthly_beme_inv,monthly size/profit/invest,return_seeking_recent_winner,7,calibration,iid,constant_a005,0.11827789185185185
0.14710957945753,0.12097128777991233,0.17359417755279996,,inf,0.0,0.0,1.0,0.008031666666666666,0.08997851851851851,108,200,0,monthly_beme_inv,monthly size/profit/invest,return_seeking_recent_winner,7,calibration,iid,constant_a006,0.11827789185185185
0.01439338000000001,0.014393380000000008,0.01439338000000001,,inf,0.0,0.0,1.0,0.010627296296296298,0.10327848148148148,108,200,0,monthly_beme_inv,monthly size/profit/invest,return_seeking_recent_winner,7,calibration,iid,constant_a007,0.11827789185185185
0.01439338000000001,0.014393380000000008,0.01439338000000001,,inf,0.0,0.0,1.0,0.0056105277777777785,0.11024014814814816,108,200,0,monthly_beme_inv,monthly size/profit/invest,return_seeking_recent_winner,7,calibration,iid,constant_a008,0.11827789185185185
0.013254419694989115,0.010923538151779235,0.01571502010493828,0.08820299999999999,0.08820299999999999,11.000000000000002,1.0196078431372548,0.8981481481481481,0.010969518518518519,0.13062,108,0,3,monthly_beme_inv,monthly size/profit/invest,return_seeking_recent_winner,7,calibration,iid,constant_a009,0.11827789185185185
0.018673398769592457,0.005314030848666817,0.03100668334049248,0.030997999999999998,0.030998000000000005,4.0,1.0196078431372548,0.962962962962963,0.008336898148148149,0.13666044444444442,108,2,1,monthly_beme_inv,monthly size/profit/invest,return_seeking_recent_winner,7,calibration,iid,constant_a010,0.11827789185185185
0.0750338198983296,0.014226501903050116,0.19502949491757451,-0.018975745113369826,0.005339000000000001,1.0062818761230268,1299.9999999999998,0.990682575221083,0.009281564814814814,0.0990418148148148,108,2,0,monthly_beme_inv,monthly size/profit/invest,return_seeking_recent_winner,7,calibration,iid,constant_a011,0.11827789185185185
0.010626053638344235,0.006276066814088603,0.014815401695352223,0.178004,0.178004,10.000000000000002,1.0196078431372548,0.9074074074074074,0.01044275925925926,0.11443203703703704,108,0,3,monthly_beme_inv,monthly size/profit/invest,return_seeking_recent_winner,7,calibration,iid,constant_a012,0.11827789185185185
0.014423281321713879,0.014034325664488026,0.01472544564161221,-0.001716,inf,2.0,1.0196078431372548,0.9814814814814815,0.009317546296296296,0.12716503703703705,108,23,1,monthly_beme_inv,monthly size/profit/invest,return_seeking_recent_winner,7,calibration,iid,constant_a013,0.11827789185185185
0.01439338000000001,0.014393380000000008,0.01439338000000001,,inf,0.0,0.0,1.0,0.002895814814814816,0.14171644444444445,108,200,0,monthly_beme_inv,monthly size/profit/invest,return_seeking_recent_winner,7,calibration,iid,constant_a014,0.11827789185185185
0.01439338000000001,0.014393380000000008,0.01439338000000001,,inf,0.0,0.0,1.0,0.00806975925925926,0.15166288888888887,108,200,0,monthly_beme_inv,monthly size/profit/invest,return_seeking_recent_winner,7,calibration,iid,constant_a015,0.11827789185185185
0.01439338000000001,0.014393380000000008,0.01439338000000001,,inf,0.0,0.0,1.0,0.007727046296296298,0.13265266666666667,108,200,0,monthly_beme_inv,monthly size/profit/invest,return_seeking_recent_winner,7,calibration,iid,constant_a016,0.11827789185185185
-0.09017325195352222,-0.30193055001416086,0.016430973631808288,-0.005623,-0.005623,1.0078554160540836,1299.9999999999998,0.9906680054069066,0.006241351851851851,0.15278481481481482,108,1,0,monthly_beme_inv,monthly size/profit/invest,return_seeking_recent_winner,7,calibration,iid,constant_a017,0.11827789185185185
0.015013423921568637,0.014042378871822811,0.016209017225490202,0.010378,0.010378,8.0,1.0196078431372548,0.9259259259259259,0.005075231481481484,0.2541734074074074,108,0,2,monthly_beme_inv,monthly size/profit/invest,return_seeking_recent_winner,7,calibration,iid,constant_a018,0.11827789185185185
0.014035956659404512,0.013321109978213515,0.01439338000000001,0.023466000000000004,inf,1.0,1.0196078431372548,0.9907407407407407,0.0042173333333333325,0.147348,108,67,0,monthly_beme_inv,monthly size/profit/invest,return_seeking_recent_winner,7,calibration,iid,constant_a019,0.11827789185185185
0.005608146018634503,0.0008370143187344714,0.010540457902117344,0.064294,0.064294,15.000000000000002,1.0196078431372548,0.8611111111111112,0.008245074074074075,0.13999414814814815,108,0,3,monthly_beme_inv,monthly size/profit/invest,return_seeking_recent_winner,7,calibration,iid,constant_a020,0.11827789185185185
-0.047838980198865795,-0.059498705823941934,-0.03662448111962906,-0.04063500000000001,inf,1.0,1.0196078431372548,0.9907407407407407,0.006383953703703705,0.15362255555555557,108,84,0,monthly_beme_inv,monthly size/profit/invest,return_seeking_recent_winner,7,calibration,iid,constant_a021,0.11827789185185185
0.024270972852147427,0.014569400511148297,0.03287578028779103,0.12973200000000001,0.12973200000000001,9.000000000000002,1.0196078431372548,0.9166666666666666,0.007549240740740741,0.166953037037037,108,0,2,monthly_beme_inv,monthly size/profit/invest,return_seeking_recent_winner,7,calibration,iid,constant_a022,0.11827789185185185
-0.00487098815208426,-0.01214108506500954,0.002879069299454519,0.069794,0.069794,10.000000000000002,1.0196078431372548,0.9074074074074074,0.010377666666666665,0.1526464814814815,108,0,3,monthly_beme_inv,monthly size/profit/invest,return_seeking_recent_winner,7,calibration,iid,constant_a023,0.11827789185185185
-0.08111214014199225,-0.0921091142297982,-0.06756862958265675,0.049182,inf,1.0,1.0196078431372548,0.9907407407407407,0.003429722222222222,0.15112655555555557,108,88,0,monthly_beme_inv,monthly size/profit/invest,return_seeking_recent_winner,7,calibration,iid,constant_a024,0.11827789185185185
0.01439338000000001,0.014393380000000008,0.01439338000000001,,inf,0.0,0.0,1.0,0.007931715555555555,0.11827789185185185,108,200,0,monthly_beme_inv,monthly size/profit/invest,return_seeking_recent_winner,7,calibration,iid,constant_equal_weight_public,0.11827789185185185
0.006222010565673268,-0.0027691310382489055,0.015375932688059106,0.11921569811320756,0.14488254716981133,105.99999999999936,1.0196078431372548,0.018518518518524485,0.00639925,0.11877474074074072,108,0,4,monthly_beme_inv,monthly size/profit/invest,return_seeking_recent_winner,7,calibration,iid,momentum_12,0.11827789185185185
0.024456889350581438,0.016471859499756453,0.03296687778811943,0.08820299999999999,0.08820299999999999,4.0,1.0196078431372548,0.962962962962963,0.005811675925925926,0.12731337037037035,108,1,1,monthly_beme_inv,monthly size/profit/invest,return_seeking_recent_winner,7,calibration,iid,low_vol_12,0.11827789185185185
-0.09635968195891759,-0.3094211050658331,0.013977767053842018,0.005680034901365706,0.16430216666666672,1.0685601242074028,1299.9999999999998,0.9901059247758573,0.010428287037037036,0.13604655555555556,108,0,0,monthly_beme_inv,monthly size/profit/invest,return_seeking_recent_winner,7,calibration,iid,risk_adjusted_12,0.11827789185185185
0.1836094579916478,0.165954666120397,0.20216767463357163,,inf,0.0,0.0,1.0,0.007969361111111113,0.13217885185185185,108,200,0,monthly_beme_inv,monthly size/profit/invest,return_seeking_recent_winner,7,calibration,iid,ridge_return_train_only,0.11827789185185185
0.01279014296296297,0.009086937524691367,0.015162198536673938,0.097365,0.097365,10.000000000000002,1.0196078431372548,0.9074074074074074,0.012389592592592593,0.1084932962962963,108,1,3,monthly_beme_inv,monthly size/profit/invest,return_seeking_recent_winner,7,calibration,block,constant_a000,0.11827789185185185
0.014726646564996379,0.014393380000000008,0.015393179694989115,-0.049694,inf,1.0,1.0196078431372548,0.9907407407407407,0.005986157407407407,0.10714711111111111,108,72,0,monthly_beme_inv,monthly size/profit/invest,return_seeking_recent_winner,7,calibration,block,constant_a001,0.11827789185185185
0.01439338000000001,0.014393380000000008,0.01439338000000001,,inf,0.0,0.0,1.0,0.008702425925925926,0.0971386296296296,108,200,0,monthly_beme_inv,monthly size/profit/invest,return_seeking_recent_winner,7,calibration,block,constant_a002,0.11827789185185185
0.0003765754692982514,-0.017464183119294152,0.016490880346366116,0.085494,inf,3.0000000000000004,1.0196078431372548,0.9722222222222222,0.007643314814814815,0.09719577777777777,108,36,1,monthly_beme_inv,monthly size/profit/invest,return_seeking_recent_winner,7,calibration,block,constant_a003,0.11827789185185185
-0.010164790342226785,-0.025607608331086423,0.003938909478270383,0.068013,0.068013,9.000000000000002,1.0196078431372548,0.9166666666666666,0.009480231481481482,0.11743285185185184,108,0,2,monthly_beme_inv,monthly size/profit/invest,return_seeking_recent_winner,7,calibration,block,constant_a004,0.11827789185185185
0.01343658415395789,0.012237367248729128,0.01439338000000001,0.042662,inf,2.0,1.0196078431372548,0.9814814814814815,0.011261194444444447,0.1134698888888889,108,28,1,monthly_beme_inv,monthly size/profit/invest,return_seeking_recent_winner,7,calibration,block,constant_a005,0.11827789185185185
0.14710957945753,0.10807148370230864,0.19056349656491303,,inf,0.0,0.0,1.0,0.008031666666666666,0.08997851851851851,108,200,0,monthly_beme_inv,monthly size/profit/invest,return_seeking_recent_winner,7,calibration,block,constant_a006,0.11827789185185185
0.01439338000000001,0.014393380000000008,0.01439338000000001,,inf,0.0,0.0,1.0,0.010627296296296298,0.10327848148148148,108,200,0,monthly_beme_inv,monthly size/profit/invest,return_seeking_recent_winner,7,calibration,block,constant_a007,0.11827789185185185
0.01439338000000001,0.014393380000000008,0.01439338000000001,,inf,0.0,0.0,1.0,0.0056105277777777785,0.11024014814814816,108,200,0,monthly_beme_inv,monthly size/profit/invest,return_seeking_recent_winner,7,calibration,block,constant_a008,0.11827789185185185
0.013254419694989115,0.010551473332244014,0.01546538802033407,0.08820299999999999,0.08820299999999999,11.000000000000002,1.0196078431372548,0.8981481481481481,0.010969518518518519,0.13062,108,1,3,monthly_beme_inv,monthly size/profit/invest,return_seeking_recent_winner,7,calibration,block,constant_a009,0.11827789185185185
0.018673398769592457,-0.0012938460780765927,0.03586493727646077,0.030997999999999998,inf,4.0,1.0196078431372548,0.962962962962963,0.008336898148148149,0.13666044444444442,108,18,1,monthly_beme_inv,monthly size/profit/invest,return_seeking_recent_winner,7,calibration,block,constant_a010,0.11827789185185185
0.0750338198983296,0.014307612330065366,0.19484970921786504,-0.018975745113369826,0.005339000000000001,1.0062818761230268,1299.9999999999998,0.990682575221083,0.009281564814814814,0.0990418148148148,108,4,0,monthly_beme_inv,monthly size/profit/invest,return_seeking_recent_winner,7,calibration,block,constant_a011,0.11827789185185185
0.010626053638344235,0.003570032856935371,0.015351553600580986,0.178004,0.178004,10.000000000000002,1.0196078431372548,0.9074074074074074,0.01044275925925926,0.11443203703703704,108,0,3,monthly_beme_inv,monthly size/profit/invest,return_seeking_recent_winner,7,calibration,block,constant_a012,0.11827789185185185
0.014423281321713879,0.014034325664488026,0.014842885833696449,-0.001716,inf,2.0,1.0196078431372548,0.9814814814814815,0.009317546296296296,0.12716503703703705,108,27,1,monthly_beme_inv,monthly size/profit/invest,return_seeking_recent_winner,7,calibration,block,constant_a013,0.11827789185185185
0.01439338000000001,0.014393380000000008,0.01439338000000001,,inf,0.0,0.0,1.0,0.002895814814814816,0.14171644444444445,108,200,0,monthly_beme_inv,monthly size/profit/invest,return_seeking_recent_winner,7,calibration,block,constant_a014,0.11827789185185185
0.01439338000000001,0.014393380000000008,0.01439338000000001,,inf,0.0,0.0,1.0,0.00806975925925926,0.15166288888888887,108,200,0,monthly_beme_inv,monthly size/profit/invest,return_seeking_recent_winner,7,calibration,block,constant_a015,0.11827789185185185
0.01439338000000001,0.014393380000000008,0.01439338000000001,,inf,0.0,0.0,1.0,0.007727046296296298,0.13265266666666667,108,200,0,monthly_beme_inv,monthly size/profit/invest,return_seeking_recent_winner,7,calibration,block,constant_a016,0.11827789185185185
-0.09017325195352222,-0.304818366162309,0.016473981568627456,-0.005623,-0.0056229999999999995,1.0078554160540836,1299.9999999999998,0.9906680054069066,0.006241351851851851,0.15278481481481482,108,8,0,monthly_beme_inv,monthly size/profit/invest,return_seeking_recent_winner,7,calibration,block,constant_a017,0.11827789185185185
0.015013423921568637,0.01401689160711693,0.01642493307843138,0.010378,0.010378,8.0,1.0196078431372548,0.9259259259259259,0.005075231481481484,0.2541734074074074,108,2,2,monthly_beme_inv,monthly size/profit/invest,return_seeking_recent_winner,7,calibration,block,constant_a018,0.11827789185185185
0.014035956659404512,0.013312174394698624,0.01439338000000001,0.023466000000000004,inf,1.0,1.0196078431372548,0.9907407407407407,0.0042173333333333325,0.147348,108,71,0,monthly_beme_inv,monthly size/profit/invest,return_seeking_recent_winner,7,calibration,block,constant_a019,0.11827789185185185
0.005608146018634503,0.0006425662022459507,0.011261134590687878,0.064294,0.064294,15.000000000000002,1.0196078431372548,0.8611111111111112,0.008245074074074075,0.13999414814814815,108,0,3,monthly_beme_inv,monthly size/profit/invest,return_seeking_recent_winner,7,calibration,block,constant_a020,0.11827789185185185
-0.047838980198865795,-0.06366933061001558,-0.03381473027622534,-0.04063500000000001,inf,1.0,1.0196078431372548,0.9907407407407407,0.006383953703703705,0.15362255555555557,108,79,0,monthly_beme_inv,monthly size/profit/invest,return_seeking_recent_winner,7,calibration,block,constant_a021,0.11827789185185185
0.024270972852147427,0.011113325336942578,0.036317016360329454,0.12973200000000001,0.12973200000000001,9.000000000000002,1.0196078431372548,0.9166666666666666,0.007549240740740741,0.166953037037037,108,0,2,monthly_beme_inv,monthly size/profit/invest,return_seeking_recent_winner,7,calibration,block,constant_a022,0.11827789185185185
-0.00487098815208426,-0.016529082284510423,0.006041780768787938,0.069794,0.069794,10.000000000000002,1.0196078431372548,0.9074074074074074,0.010377666666666665,0.1526464814814815,108,0,3,monthly_beme_inv,monthly size/profit/invest,return_seeking_recent_winner,7,calibration,block,constant_a023,0.11827789185185185
-0.08111214014199225,-0.09852191099842462,-0.06225668159776852,0.049182,inf,1.0,1.0196078431372548,0.9907407407407407,0.003429722222222222,0.15112655555555557,108,74,0,monthly_beme_inv,monthly size/profit/invest,return_seeking_recent_winner,7,calibration,block,constant_a024,0.11827789185185185
0.01439338000000001,0.014393380000000008,0.01439338000000001,,inf,0.0,0.0,1.0,0.007931715555555555,0.11827789185185185,108,200,0,monthly_beme_inv,monthly size/profit/invest,return_seeking_recent_winner,7,calibration,block,constant_equal_weight_public,0.11827789185185185
0.006222010565673268,-0.0034598456041709568,0.01606672506327559,0.11921569811320756,0.14873111320754717,105.99999999999936,1.0196078431372548,0.018518518518524485,0.00639925,0.11877474074074072,108,0,4,monthly_beme_inv,monthly size/profit/invest,return_seeking_recent_winner,7,calibration,block,momentum_12,0.11827789185185185
0.024456889350581438,0.013286844783407935,0.036813019412076355,0.08820299999999999,0.08820299999999999,4.0,1.0196078431372548,0.962962962962963,0.005811675925925926,0.12731337037037035,108,4,1,monthly_beme_inv,monthly size/profit/invest,return_seeking_recent_winner,7,calibration,block,low_vol_12,0.11827789185185185
-0.09635968195891759,-0.3200768458575981,0.013923200888398057,0.005680034901365706,0.16886944444444446,1.0685601242074028,1299.9999999999998,0.9901059247758573,0.010428287037037036,0.13604655555555556,108,0,0,monthly_beme_inv,monthly size/profit/invest,return_seeking_recent_winner,7,calibration,block,risk_adjusted_12,0.11827789185185185
0.1836094579916478,0.15684654129602615,0.21439984656749125,,inf,0.0,0.0,1.0,0.007969361111111113,0.13217885185185185,108,200,0,monthly_beme_inv,monthly size/profit/invest,return_seeking_recent_winner,7,calibration,block,ridge_return_train_only,0.11827789185185185
-0.32979975492502805,-1.01787741500865,0.015145796121683975,0.022534510903426792,0.083934,1.0141618593115054,1299.9999999999998,0.9925429275050625,0.012615316176470588,0.0930109705882353,136,0,0,monthly_beme_inv,monthly size/profit/invest,return_seeking_recent_winner,7,test,iid,constant_a000,0.11827789185185185
0.013886293633218002,0.011969978162629763,0.015326868173587086,0.096993,0.096993,4.0,1.0196078431372548,0.9705882352941176,0.013102345588235295,0.08792349999999999,136,7,1,monthly_beme_inv,monthly size/profit/invest,return_seeking_recent_winner,7,test,iid,constant_a001,0.11827789185185185
0.01446745615916956,0.014393380000000004,0.01461560847750866,-0.024274,inf,1.0,1.0196078431372548,0.9926470588235294,0.012018411764705882,0.09237323529411764,136,75,0,monthly_beme_inv,monthly size/profit/invest,return_seeking_recent_winner,7,test,iid,constant_a002,0.11827789185185185
0.03217415312888469,0.024682757638680747,0.038495193523378796,0.065871,0.065871,7.000000000000002,1.0196078431372548,0.9485294117647058,0.012507904411764706,0.08533364705882353,136,0,2,monthly_beme_inv,monthly size/profit/invest,return_seeking_recent_winner,7,test,iid,constant_a003,0.11827789185185185
-0.01141532330887499,-0.02382798837331017,-0.0006114070610436578,0.12400099999999997,0.129819,44.99999999999988,1.0196078431372548,0.6691176470588245,0.016923816176470586,0.12503776470588232,136,0,3,monthly_beme_inv,monthly size/profit/invest,return_seeking_recent_winner,7,test,iid,constant_a004,0.11827789185185185
0.01441184974625145,0.013113256134083049,0.01581677532900808,0.037338,0.037338,9.000000000000002,1.0196078431372548,0.9338235294117647,0.008262551470588235,0.08173532352941176,136,0,2,monthly_beme_inv,monthly size/profit/invest,return_seeking_recent_winner,7,test,iid,constant_a005,0.11827789185185185
0.06541081848096164,0.05047459353169505,0.08149998344818607,0.022879000000000004,inf,1.0,1.0196078431372548,0.9926470588235294,0.010530345588235294,0.08785285294117647,136,69,0,monthly_beme_inv,monthly size/profit/invest,return_seeking_recent_winner,7,test,iid,constant_a006,0.11827789185185185
0.01439338000000001,0.014393380000000004,0.014393380000000008,,inf,0.0,0.0,1.0,0.009129316176470588,0.08401394117647058,136,200,0,monthly_beme_inv,monthly size/profit/invest,return_seeking_recent_winner,7,test,iid,constant_a007,0.11827789185185185
-0.02089607978085365,-0.09044837632006934,0.014927256113033456,-0.009076630179827997,0.032854,1.006281876123027,1299.9999999999998,0.992600868557919,0.00976945588235294,0.09247982352941177,136,1,0,monthly_beme_inv,monthly size/profit/invest,return_seeking_recent_winner,7,test,iid,constant_a008,0.11827789185185185
0.01439338000000001,0.014393380000000004,0.014393380000000008,,inf,0.0,0.0,1.0,0.011968948529411766,0.10100061764705882,136,200,0,monthly_beme_inv,monthly size/profit/invest,return_seeking_recent_winner,7,test,iid,constant_a009,0.11827789185185185
0.03792580318654723,0.03091754950846254,0.04472086052735549,,inf,0.0,0.0,1.0,0.008373220588235294,0.12336,136,200,0,monthly_beme_inv,monthly size/profit/invest,return_seeking_recent_winner,7,test,iid,constant_a010,0.11827789185185185
0.014374019596309122,0.014315938385236454,0.014393380000000008,-0.011811,inf,1.0,1.0196078431372548,0.9926470588235294,0.011226360294117646,0.10341623529411764,136,65,0,monthly_beme_inv,monthly size/profit/invest,return_seeking_recent_winner,7,test,iid,constant_a011,0.11827789185185185
0.01439338000000001,0.014393380000000004,0.014393380000000008,,inf,0.0,0.0,1.0,0.008645838235294119,0.10809861764705882,136,200,0,monthly_beme_inv,monthly size/profit/invest,return_seeking_recent_winner,7,test,iid,constant_a012,0.11827789185185185
0.01439338000000001,0.014393380000000004,0.014393380000000008,,inf,0.0,0.0,1.0,0.010076757352941175,0.10753394117647058,136,200,0,monthly_beme_inv,monthly size/profit/invest,return_seeking_recent_winner,7,test,iid,constant_a013,0.11827789185185185
0.01439338000000001,0.014393380000000004,0.014393380000000008,,inf,0.0,0.0,1.0,0.008284867647058825,0.11493285294117647,136,200,0,monthly_beme_inv,monthly size/profit/invest,return_seeking_recent_winner,7,test,iid,constant_a014,0.11827789185185185
0.014301522479815464,0.01402594991926183,0.014393380000000008,-0.002141,inf,1.0,1.0196078431372548,0.9926470588235294,0.008826257352941177,0.12884785294117648,136,68,0,monthly_beme_inv,monthly size/profit/invest,return_seeking_recent_winner,7,test,iid,constant_a015,0.11827789185185185
0.01439338000000001,0.014393380000000004,0.014393380000000008,,inf,0.0,0.0,1.0,0.008927345588235295,0.1193340588235294,136,200,0,monthly_beme_inv,monthly size/profit/invest,return_seeking_recent_winner,7,test,iid,constant_a016,0.11827789185185185
0.01439338000000001,0.014393380000000004,0.014393380000000008,,inf,0.0,0.0,1.0,0.011229257352941177,0.11723499999999999,136,200,0,monthly_beme_inv,monthly size/profit/invest,return_seeking_recent_winner,7,test,iid,constant_a017,0.11827789185185185
0.01439338000000001,0.014393380000000004,0.014393380000000008,,inf,0.0,0.0,1.0,0.008399514705882353,0.11210208823529413,136,200,0,monthly_beme_inv,monthly size/profit/invest,return_seeking_recent_winner,7,test,iid,constant_a018,0.11827789185185185
0.014206706447520194,0.01383335934256056,0.014393380000000008,0.010506,inf,1.0,1.0196078431372548,0.9926470588235294,0.00865529411764706,0.12635044117647057,136,76,0,monthly_beme_inv,monthly size/profit/invest,return_seeking_recent_winner,7,test,iid,constant_a019,0.11827789185185185
-1.036022680723379,-3.146068533325581,0.02022067392368633,0.0318195623547638,0.139899,1.0252454262657014,1299.9999999999998,0.9924614306892228,0.012099382352941175,0.14358485294117646,136,0,0,monthly_beme_inv,monthly size/profit/invest,return_seeking_recent_winner,7,test,iid,constant_a020,0.11827789185185185
1.0378119274018334,-0.010102262749383797,3.118774258487656,-0.026440098360655768,0.04902599999999999,1.009430184340727,1299.9999999999998,0.9925777192327888,0.01222494117647059,0.14384626470588235,136,0,0,monthly_beme_inv,monthly size/profit/invest,return_seeking_recent_winner,7,test,iid,constant_a021,0.11827789185185185
0.019237309096334497,0.012779446849322616,0.026327266204216195,0.040906000000000005,0.040906000000000005,15.000000000000002,1.0196078431372548,0.8897058823529411,0.017123066176470587,0.1353010882352941,136,0,3,monthly_beme_inv,monthly size/profit/invest,return_seeking_recent_winner,7,test,iid,constant_a022,0.11827789185185185
-0.0059710293812027,-0.010557504900717475,-0.0024009376699498284,0.043380999999999996,inf,3.0000000000000004,1.0196078431372548,0.9779411764705882,0.008874250000000002,0.14966720588235294,136,10,1,monthly_beme_inv,monthly size/profit/invest,return_seeking_recent_winner,7,test,iid,constant_a023,0.11827789185185185
-0.024538332305875467,-0.03803165225071293,-0.011052546843701565,0.020714999999999997,0.020715,8.0,1.0196078431372548,0.9411764705882353,0.009983330882352941,0.15231129411764704,136,0,2,monthly_beme_inv,monthly size/profit/invest,return_seeking_recent_winner,7,test,iid,constant_a024,0.11827789185185185
0.09700665941176434,0.014393380000000004,0.26223321823529416,-0.023035999999999994,inf,1.0,1299.9999999999998,0.9926470588235294,0.010791123823529411,0.10181459294117648,136,75,0,monthly_beme_inv,monthly size/profit/invest,return_seeking_recent_winner,7,test,iid,constant_equal_weight_public,0.11827789185185185
0.01436728990423148,0.0042180183446731455,0.023496547386303596,0.11035873282442747,0.13072643511450383,130.9999999999993,1.0196078431372548,0.03676470588235814,0.014479683823529411,0.10938723529411763,136,0,4,monthly_beme_inv,monthly size/profit/invest,return_seeking_recent_winner,7,test,iid,momentum_12,0.11827789185185185
0.02571980461906132,0.020409068467959646,0.03289046420027609,0.037338,0.037338,10.000000000000002,1.0196078431372548,0.9264705882352942,0.00839615323529412,0.10006255882352941,136,0,3,monthly_beme_inv,monthly size/profit/invest,return_seeking_recent_winner,7,test,iid,low_vol_12,0.11827789185185185
0.017654562883516738,0.008211541647334316,0.0262513966663318,0.1315025573770492,0.139269,60.99999999999974,1.0196078431372548,0.551470588235296,0.009734536764705884,0.10477579411764705,136,0,4,monthly_beme_inv,monthly size/profit/invest,return_seeking_recent_winner,7,test,iid,risk_adjusted_12,0.11827789185185185
0.11768854987035145,0.1094944166789772,0.1277382483988489,0.022879000000000004,inf,2.0,1.0196078431372548,0.9852941176470589,0.011430735294117648,0.12893044117647057,136,26,1,monthly_beme_inv,monthly size/profit/invest,return_seeking_recent_winner,7,test,iid,ridge_return_train_only,0.11827789185185185
-0.32979975492502805,-1.0176232119440596,0.014842067105536339,0.022534510903426792,0.083934,1.0141618593115054,1299.9999999999998,0.9925429275050625,0.012615316176470588,0.0930109705882353,136,0,0,monthly_beme_inv,monthly size/profit/invest,return_seeking_recent_winner,7,test,block,constant_a000,0.11827789185185185
0.013886293633218002,0.012158387927335647,0.015056411795271058,0.096993,0.096993,4.0,1.0196078431372548,0.9705882352941176,0.013102345588235295,0.08792349999999999,136,1,1,monthly_beme_inv,monthly size/profit/invest,return_seeking_recent_winner,7,test,block,constant_a001,0.11827789185185185
0.01446745615916956,0.014393380000000004,0.014617460381487897,-0.024274,inf,1.0,1.0196078431372548,0.9926470588235294,0.012018411764705882,0.09237323529411764,136,73,0,monthly_beme_inv,monthly size/profit/invest,return_seeking_recent_winner,7,test,block,constant_a002,0.11827789185185185
0.03217415312888469,0.021743199167023913,0.041956130409455686,0.065871,0.065871,7.000000000000002,1.0196078431372548,0.9485294117647058,0.012507904411764706,0.08533364705882353,136,1,2,monthly_beme_inv,monthly size/profit/invest,return_seeking_recent_winner,7,test,block,constant_a003,0.11827789185185185
-0.01141532330887499,-0.02480175980950293,0.00446163629301695,0.12400099999999997,0.129819,44.99999999999988,1.0196078431372548,0.6691176470588245,0.016923816176470586,0.12503776470588232,136,0,3,monthly_beme_inv,monthly size/profit/invest,return_seeking_recent_winner,7,test,block,constant_a004,0.11827789185185185
0.01441184974625145,0.013036784571222614,0.01568849442906575,0.037338,0.037338,9.000000000000002,1.0196078431372548,0.9338235294117647,0.008262551470588235,0.08173532352941176,136,0,2,monthly_beme_inv,monthly size/profit/invest,return_seeking_recent_winner,7,test,block,constant_a005,0.11827789185185185
0.06541081848096164,0.04068151582409024,0.09421477349816959,0.022879000000000004,inf,1.0,1.0196078431372548,0.9926470588235294,0.010530345588235294,0.08785285294117647,136,69,0,monthly_beme_inv,monthly size/profit/invest,return_seeking_recent_winner,7,test,block,constant_a006,0.11827789185185185
0.01439338000000001,0.014393380000000004,0.014393380000000008,,inf,0.0,0.0,1.0,0.009129316176470588,0.08401394117647058,136,200,0,monthly_beme_inv,monthly size/profit/invest,return_seeking_recent_winner,7,test,block,constant_a007,0.11827789185185185
-0.02089607978085365,-0.093705926793541,0.014593074994232994,-0.009076630179827997,inf,1.006281876123027,1299.9999999999998,0.992600868557919,0.00976945588235294,0.09247982352941177,136,10,0,monthly_beme_inv,monthly size/profit/invest,return_seeking_recent_winner,7,test,block,constant_a008,0.11827789185185185
0.01439338000000001,0.014393380000000004,0.014393380000000008,,inf,0.0,0.0,1.0,0.011968948529411766,0.10100061764705882,136,200,0,monthly_beme_inv,monthly size/profit/invest,return_seeking_recent_winner,7,test,block,constant_a009,0.11827789185185185
0.03792580318654723,0.027275785624528547,0.0464557944743741,,inf,0.0,0.0,1.0,0.008373220588235294,0.12336,136,200,0,monthly_beme_inv,monthly size/profit/invest,return_seeking_recent_winner,7,test,block,constant_a010,0.11827789185185185
0.014374019596309122,0.014315938385236454,0.014393380000000008,-0.011811,inf,1.0,1.0196078431372548,0.9926470588235294,0.011226360294117646,0.10341623529411764,136,68,0,monthly_beme_inv,monthly size/profit/invest,return_seeking_recent_winner,7,test,block,constant_a011,0.11827789185185185
0.01439338000000001,0.014393380000000004,0.014393380000000008,,inf,0.0,0.0,1.0,0.008645838235294119,0.10809861764705882,136,200,0,monthly_beme_inv,monthly size/profit/invest,return_seeking_recent_winner,7,test,block,constant_a012,0.11827789185185185
0.01439338000000001,0.014393380000000004,0.014393380000000008,,inf,0.0,0.0,1.0,0.010076757352941175,0.10753394117647058,136,200,0,monthly_beme_inv,monthly size/profit/invest,return_seeking_recent_winner,7,test,block,constant_a013,0.11827789185185185
0.01439338000000001,0.014393380000000004,0.014393380000000008,,inf,0.0,0.0,1.0,0.008284867647058825,0.11493285294117647,136,200,0,monthly_beme_inv,monthly size/profit/invest,return_seeking_recent_winner,7,test,block,constant_a014,0.11827789185185185
0.014301522479815464,0.01402594991926183,0.014393380000000008,-0.002141,inf,1.0,1.0196078431372548,0.9926470588235294,0.008826257352941177,0.12884785294117648,136,70,0,monthly_beme_inv,monthly size/profit/invest,return_seeking_recent_winner,7,test,block,constant_a015,0.11827789185185185
0.01439338000000001,0.014393380000000004,0.014393380000000008,,inf,0.0,0.0,1.0,0.008927345588235295,0.1193340588235294,136,200,0,monthly_beme_inv,monthly size/profit/invest,return_seeking_recent_winner,7,test,block,constant_a016,0.11827789185185185
0.01439338000000001,0.014393380000000004,0.014393380000000008,,inf,0.0,0.0,1.0,0.011229257352941177,0.11723499999999999,136,200,0,monthly_beme_inv,monthly size/profit/invest,return_seeking_recent_winner,7,test,block,constant_a017,0.11827789185185185
0.01439338000000001,0.014393380000000004,0.014393380000000008,,inf,0.0,0.0,1.0,0.008399514705882353,0.11210208823529413,136,200,0,monthly_beme_inv,monthly size/profit/invest,return_seeking_recent_winner,7,test,block,constant_a018,0.11827789185185185
0.014206706447520194,0.013646685790080744,0.014393380000000008,0.010506,inf,1.0,1.0196078431372548,0.9926470588235294,0.00865529411764706,0.12635044117647057,136,79,0,monthly_beme_inv,monthly size/profit/invest,return_seeking_recent_winner,7,test,block,constant_a019,0.11827789185185185
-1.036022680723379,-3.1390478263103407,0.02168441385043457,0.0318195623547638,0.139899,1.0252454262657014,1299.9999999999998,0.9924614306892228,0.012099382352941175,0.14358485294117646,136,0,0,monthly_beme_inv,monthly size/profit/invest,return_seeking_recent_winner,7,test,block,constant_a020,0.11827789185185185
1.0378119274018334,-0.01572917836199535,3.124713021587628,-0.026440098360655768,0.04902599999999999,1.009430184340727,1299.9999999999998,0.9925777192327888,0.01222494117647059,0.14384626470588235,136,1,0,monthly_beme_inv,monthly size/profit/invest,return_seeking_recent_winner,7,test,block,constant_a021,0.11827789185185185
0.019237309096334497,0.008943237055348762,0.029380174363361346,0.040906000000000005,0.040906000000000005,15.000000000000002,1.0196078431372548,0.8897058823529411,0.017123066176470587,0.1353010882352941,136,0,3,monthly_beme_inv,monthly size/profit/invest,return_seeking_recent_winner,7,test,block,constant_a022,0.11827789185185185
-0.0059710293812027,-0.012762911280863057,-0.0004548997147128409,0.043380999999999996,inf,3.0000000000000004,1.0196078431372548,0.9779411764705882,0.008874250000000002,0.14966720588235294,136,33,1,monthly_beme_inv,monthly size/profit/invest,return_seeking_recent_winner,7,test,block,constant_a023,0.11827789185185185
-0.024538332305875467,-0.04413790847916914,-0.0020251161322880325,0.020714999999999997,0.020715,8.0,1.0196078431372548,0.9411764705882353,0.009983330882352941,0.15231129411764704,136,2,2,monthly_beme_inv,monthly size/profit/invest,return_seeking_recent_winner,7,test,block,constant_a024,0.11827789185185185
0.09700665941176434,0.014393380000000004,0.2622332182352941,-0.023035999999999994,inf,1.0,1299.9999999999998,0.9926470588235294,0.010791123823529411,0.10181459294117648,136,80,0,monthly_beme_inv,monthly size/profit/invest,return_seeking_recent_winner,7,test,block,constant_equal_weight_public,0.11827789185185185
0.01436728990423148,0.007062775576311463,0.023980302163000886,0.11035873282442747,0.12919464341085274,130.9999999999993,1.0196078431372548,0.03676470588235814,0.014479683823529411,0.10938723529411763,136,0,4,monthly_beme_inv,monthly size/profit/invest,return_seeking_recent_winner,7,test,block,momentum_12,0.11827789185185185
0.02571980461906132,0.017947141148929077,0.03503084703286145,0.037338,0.037338,10.000000000000002,1.0196078431372548,0.9264705882352942,0.00839615323529412,0.10006255882352941,136,0,3,monthly_beme_inv,monthly size/profit/invest,return_seeking_recent_winner,7,test,block,low_vol_12,0.11827789185185185
0.017654562883516738,0.009320420216821036,0.026765272991631714,0.1315025573770492,0.13968259016393442,60.99999999999974,1.0196078431372548,0.551470588235296,0.009734536764705884,0.10477579411764705,136,0,4,monthly_beme_inv,monthly size/profit/invest,return_seeking_recent_winner,7,test,block,risk_adjusted_12,0.11827789185185185
0.11768854987035145,0.10436096579185913,0.13152277546422272,0.022879000000000004,inf,2.0,1.0196078431372548,0.9852941176470589,0.011430735294117648,0.12893044117647057,136,30,1,monthly_beme_inv,monthly size/profit/invest,return_seeking_recent_winner,7,test,block,ridge_return_train_only,0.11827789185185185
0.012787868921165181,0.009564229661986607,0.014928011987735024,0.097365,0.097365,10.000000000000002,1.0196078431372548,0.9074074074074074,0.012389592592592593,0.1084932962962963,108,0,3,monthly_beme_inv,monthly size/profit/invest,return_seeking_recent_winner,17,calibration,iid,constant_a000,0.11827789185185185
0.014724159160816607,0.014390868888888885,0.015390739704671997,-0.049694,inf,1.0,1.0196078431372548,0.9907407407407407,0.005986157407407407,0.10714711111111111,108,75,0,monthly_beme_inv,monthly size/profit/invest,return_seeking_recent_winner,17,calibration,iid,constant_a001,0.11827789185185185
0.014390868888888906,0.014390868888888885,0.0143908688888889,,inf,0.0,0.0,1.0,0.008702425925925926,0.0971386296296296,108,200,0,monthly_beme_inv,monthly size/profit/invest,return_seeking_recent_winner,17,calibration,iid,constant_a002,0.11827789185185185
0.004930374186837246,-0.007204641250327836,0.013784891131303996,0.085494,0.085494,3.0000000000000004,1.0196078431372548,0.9722222222222222,0.007643314814814815,0.09719577777777777,108,9,1,monthly_beme_inv,monthly size/profit/invest,return_seeking_recent_winner,17,calibration,iid,constant_a003,0.11827789185185185
0.014616614226839998,0.002055645787959017,0.02554804049595998,0.068013,0.068013,10.000000000000002,1.0196078431372548,0.9074074074074074,0.009480231481481482,0.11743285185185184,108,0,3,monthly_beme_inv,monthly size/profit/invest,return_seeking_recent_winner,17,calibration,iid,constant_a004,0.11827789185185185
0.013434120456709442,0.012056236515775035,0.014390868888888896,0.042662,inf,2.0,1.0196078431372548,0.9814814814814815,0.011261194444444447,0.1134698888888889,108,34,1,monthly_beme_inv,monthly size/profit/invest,return_seeking_recent_winner,17,calibration,iid,constant_a005,0.11827789185185185
0.14710957945753,0.12327754746040344,0.17152733457388528,,inf,0.0,0.0,1.0,0.008031666666666666,0.08997851851851851,108,200,0,monthly_beme_inv,monthly size/profit/invest,return_seeking_recent_winner,17,calibration,iid,constant_a006,0.11827789185185185
0.014390868888888906,0.014390868888888885,0.0143908688888889,,inf,0.0,0.0,1.0,0.010627296296296298,0.10327848148148148,108,200,0,monthly_beme_inv,monthly size/profit/invest,return_seeking_recent_winner,17,calibration,iid,constant_a007,0.11827789185185185
0.014390868888888906,0.014390868888888885,0.0143908688888889,,inf,0.0,0.0,1.0,0.0056105277777777785,0.11024014814814816,108,200,0,monthly_beme_inv,monthly size/profit/invest,return_seeking_recent_winner,17,calibration,iid,constant_a008,0.11827789185185185
0.013252169360122659,0.010634611321270072,0.01562621372141532,0.08820299999999999,0.08820299999999999,11.000000000000002,1.0196078431372548,0.8981481481481481,0.010969518518518519,0.13062,108,0,3,monthly_beme_inv,monthly size/profit/invest,return_seeking_recent_winner,17,calibration,iid,constant_a009,0.11827789185185185
0.018673398769592457,0.007316874910992654,0.0315197634110269,0.030997999999999998,0.030998000000000005,4.0,1.0196078431372548,0.962962962962963,0.008336898148148149,0.13666044444444442,108,4,1,monthly_beme_inv,monthly size/profit/invest,return_seeking_recent_winner,17,calibration,iid,constant_a010,0.11827789185185185
0.015223940651980981,0.014118882030299365,0.016625314626805464,0.005339000000000001,0.005339000000000001,4.0,1.0196078431372548,0.962962962962963,0.009281564814814814,0.0990418148148148,108,0,1,monthly_beme_inv,monthly size/profit/invest,return_seeking_recent_winner,17,calibration,iid,constant_a011,0.11827789185185185
0.010623779596546437,0.0045927199723634305,0.014775064545711286,0.178004,0.178004,10.000000000000002,1.0196078431372548,0.9074074074074074,0.01044275925925926,0.11443203703703704,108,0,3,monthly_beme_inv,monthly size/profit/invest,return_seeking_recent_winner,17,calibration,iid,constant_a012,0.11827789185185185
0.01442081762446544,0.014031885674170911,0.014839698310336484,-0.001716,inf,2.0,1.0196078431372548,0.9814814814814815,0.009317546296296296,0.12716503703703705,108,28,1,monthly_beme_inv,monthly size/profit/invest,return_seeking_recent_winner,17,calibration,iid,constant_a013,0.11827789185185185
0.014390868888888906,0.014390868888888885,0.0143908688888889,,inf,0.0,0.0,1.0,0.002895814814814816,0.14171644444444445,108,200,0,monthly_beme_inv,monthly size/profit/invest,return_seeking_recent_winner,17,calibration,iid,constant_a014,0.11827789185185185
0.014390868888888906,0.014390868888888885,0.0143908688888889,,inf,0.0,0.0,1.0,0.00806975925925926,0.15166288888888887,108,200,0,monthly_beme_inv,monthly size/profit/invest,return_seeking_recent_winner,17,calibration,iid,constant_a015,0.11827789185185185
0.014390868888888906,0.014390868888888885,0.0143908688888889,,inf,0.0,0.0,1.0,0.007727046296296298,0.13265266666666667,108,200,0,monthly_beme_inv,monthly size/profit/invest,return_seeking_recent_winner,17,calibration,iid,constant_a016,0.11827789185185185
0.015393744358912305,0.014396246157467929,0.016861883445372393,-0.009251,-0.009251,5.000000000000001,1.0196078431372548,0.9537037037037037,0.006241351851851851,0.15278481481481482,108,1,2,monthly_beme_inv,monthly size/profit/invest,return_seeking_recent_winner,17,calibration,iid,constant_a017,0.11827789185185185
0.015011102465908198,0.013891854475873473,0.016194347783869942,0.010378,0.010378,8.0,1.0196078431372548,0.9259259259259259,0.005075231481481484,0.2541734074074074,108,0,2,monthly_beme_inv,monthly size/profit/invest,return_seeking_recent_winner,17,calibration,iid,constant_a018,0.11827789185185185
0.014033469255224739,0.013318669987896393,0.014390868888888898,0.023466000000000004,inf,1.0,1.0196078431372548,0.9907407407407407,0.0042173333333333325,0.147348,108,78,0,monthly_beme_inv,monthly size/profit/invest,return_seeking_recent_winner,17,calibration,iid,constant_a019,0.11827789185185185
0.009047899689660735,0.004393576634588177,0.014344717510838151,0.064294,0.064294,16.0,1.0196078431372548,0.8518518518518519,0.008245074074074075,0.13999414814814815,108,0,3,monthly_beme_inv,monthly size/profit/invest,return_seeking_recent_winner,17,calibration,iid,constant_a020,0.11827789185185185
-0.047838980198865795,-0.058216113104075276,-0.03681423357196902,-0.04063500000000001,inf,1.0,1.0196078431372548,0.9907407407407407,0.006383953703703705,0.15362255555555557,108,78,0,monthly_beme_inv,monthly size/profit/invest,return_seeking_recent_winner,17,calibration,iid,constant_a021,0.11827789185185185
0.024915428229084116,0.016141143716354826,0.03433646932188958,0.12973200000000001,0.12973200000000001,9.000000000000002,1.0196078431372548,0.9166666666666666,0.007549240740740741,0.166953037037037,108,0,2,monthly_beme_inv,monthly size/profit/invest,return_seeking_recent_winner,17,calibration,iid,constant_a022,0.11827789185185185
0.00013114228956472967,-0.007261841110795888,0.00633323979624083,0.069794,0.069794,10.000000000000002,1.0196078431372548,0.9074074074074074,0.010377666666666665,0.1526464814814815,108,0,3,monthly_beme_inv,monthly size/profit/invest,return_seeking_recent_winner,17,calibration,iid,constant_a023,0.11827789185185185
-0.07826341559682978,-0.08889643708369914,-0.06724264450225059,0.049182,inf,1.0,1.0196078431372548,0.9907407407407407,0.003429722222222222,0.15112655555555557,108,72,0,monthly_beme_inv,monthly size/profit/invest,return_seeking_recent_winner,17,calibration,iid,constant_a024,0.11827789185185185
0.014390868888888906,0.014390868888888885,0.0143908688888889,,inf,0.0,0.0,1.0,0.007931715555555555,0.11827789185185185,108,200,0,monthly_beme_inv,monthly size/profit/invest,return_seeking_recent_winner,17,calibration,iid,constant_equal_weight_public,0.11827789185185185
0.006472261534309643,-0.005192645877832686,0.015444897582019683,0.11877474074074074,0.14944503703703704,107.99999999999935,1.0196078431372548,6.106226635438361e-15,0.00639925,0.11877474074074072,108,0,4,monthly_beme_inv,monthly size/profit/invest,return_seeking_recent_winner,17,calibration,iid,momentum_12,0.11827789185185185
0.02492340066512639,0.016641686422982034,0.03375323894137842,0.08820299999999999,0.08820299999999999,4.0,1.0196078431372548,0.962962962962963,0.005811675925925926,0.12731337037037035,108,2,1,monthly_beme_inv,monthly size/profit/invest,return_seeking_recent_winner,17,calibration,iid,low_vol_12,0.11827789185185185
0.010295692731852933,0.0013142506812253865,0.017742876117582,0.1335011395348837,0.178004,42.999999999999886,1.0196078431372548,0.601851851851853,0.010428287037037036,0.13604655555555556,108,0,3,monthly_beme_inv,monthly size/profit/invest,return_seeking_recent_winner,17,calibration,iid,risk_adjusted_12,0.11827789185185185
0.18419459223652002,0.17032086554973688,0.20169355056410476,,inf,0.0,0.0,1.0,0.008310462962962964,0.13217885185185185,108,200,0,monthly_beme_inv,monthly size/profit/invest,return_seeking_recent_winner,17,calibration,iid,ridge_return_train_only,0.11827789185185185
0.012787868921165181,0.009208001200556763,0.015050116854756717,0.097365,0.097365,10.000000000000002,1.0196078431372548,0.9074074074074074,0.012389592592592593,0.1084932962962963,108,0,3,monthly_beme_inv,monthly size/profit/invest,return_seeking_recent_winner,17,calibration,block,constant_a000,0.11827789185185185
0.014724159160816607,0.014390868888888885,0.015390739704671998,-0.049694,inf,1.0,1.0196078431372548,0.9907407407407407,0.005986157407407407,0.10714711111111111,108,76,0,monthly_beme_inv,monthly size/profit/invest,return_seeking_recent_winner,17,calibration,block,constant_a001,0.11827789185185185
0.014390868888888906,0.014390868888888884,0.014390868888888905,,inf,0.0,0.0,1.0,0.008702425925925926,0.0971386296296296,108,200,0,monthly_beme_inv,monthly size/profit/invest,return_seeking_recent_winner,17,calibration,block,constant_a002,0.11827789185185185
0.004930374186837246,-0.01554266956967219,0.019319938718161445,0.085494,inf,3.0000000000000004,1.0196078431372548,0.9722222222222222,0.007643314814814815,0.09719577777777777,108,26,1,monthly_beme_inv,monthly size/profit/invest,return_seeking_recent_winner,17,calibration,block,constant_a003,0.11827789185185185
0.014616614226839998,-0.004032977579803192,0.033245762640818875,0.068013,0.068013,10.000000000000002,1.0196078431372548,0.9074074074074074,0.009480231481481482,0.11743285185185184,108,0,3,monthly_beme_inv,monthly size/profit/invest,return_seeking_recent_winner,17,calibration,block,constant_a004,0.11827789185185185
0.013434120456709442,0.012056236515775032,0.014390868888888898,0.042662,inf,2.0,1.0196078431372548,0.9814814814814815,0.011261194444444447,0.1134698888888889,108,29,1,monthly_beme_inv,monthly size/profit/invest,return_seeking_recent_winner,17,calibration,block,constant_a005,0.11827789185185185
0.14710957945753,0.1057394935186283,0.1883807098480754,,inf,0.0,0.0,1.0,0.008031666666666666,0.08997851851851851,108,200,0,monthly_beme_inv,monthly size/profit/invest,return_seeking_recent_winner,17,calibration,block,constant_a006,0.11827789185185185
0.014390868888888906,0.014390868888888884,0.014390868888888905,,inf,0.0,0.0,1.0,0.010627296296296298,0.10327848148148148,108,200,0,monthly_beme_inv,monthly size/profit/invest,return_seeking_recent_winner,17,calibration,block,constant_a007,0.11827789185185185
0.014390868888888906,0.014390868888888884,0.014390868888888905,,inf,0.0,0.0,1.0,0.0056105277777777785,0.11024014814814816,108,200,0,monthly_beme_inv,monthly size/profit/invest,return_seeking_recent_winner,17,calibration,block,constant_a008,0.11827789185185185
0.013252169360122659,0.010416407306261597,0.015826074214556615,0.08820299999999999,0.08820299999999999,11.000000000000002,1.0196078431372548,0.8981481481481481,0.010969518518518519,0.13062,108,3,3,monthly_beme_inv,monthly size/profit/invest,return_seeking_recent_winner,17,calibration,block,constant_a009,0.11827789185185185
0.018673398769592457,0.0004766233807721316,0.0362183749076487,0.030997999999999998,inf,4.0,1.0196078431372548,0.962962962962963,0.008336898148148149,0.13666044444444442,108,31,1,monthly_beme_inv,monthly size/profit/invest,return_seeking_recent_winner,17,calibration,block,constant_a010,0.11827789185185185
0.015223940651980981,0.014018336869200353,0.01708848403376906,0.005339000000000001,0.005339000000000001,4.0,1.0196078431372548,0.962962962962963,0.009281564814814814,0.0990418148148148,108,7,1,monthly_beme_inv,monthly size/profit/invest,return_seeking_recent_winner,17,calibration,block,constant_a011,0.11827789185185185
0.010623779596546437,0.0035977076865569245,0.015422706720931174,0.178004,0.178004,10.000000000000002,1.0196078431372548,0.9074074074074074,0.01044275925925926,0.11443203703703704,108,0,3,monthly_beme_inv,monthly size/profit/invest,return_seeking_recent_winner,17,calibration,block,constant_a012,0.11827789185185185
0.01442081762446544,0.014061085691358029,0.014720037238763825,-0.001716,inf,2.0,1.0196078431372548,0.9814814814814815,0.009317546296296296,0.12716503703703705,108,27,1,monthly_beme_inv,monthly size/profit/invest,return_seeking_recent_winner,17,calibration,block,constant_a013,0.11827789185185185
0.014390868888888906,0.014390868888888884,0.014390868888888905,,inf,0.0,0.0,1.0,0.002895814814814816,0.14171644444444445,108,200,0,monthly_beme_inv,monthly size/profit/invest,return_seeking_recent_winner,17,calibration,block,constant_a014,0.11827789185185185
0.014390868888888906,0.014390868888888884,0.014390868888888905,,inf,0.0,0.0,1.0,0.00806975925925926,0.15166288888888887,108,200,0,monthly_beme_inv,monthly size/profit/invest,return_seeking_recent_winner,17,calibration,block,constant_a015,0.11827789185185185
0.014390868888888906,0.014390868888888884,0.014390868888888905,,inf,0.0,0.0,1.0,0.007727046296296298,0.13265266666666667,108,200,0,monthly_beme_inv,monthly size/profit/invest,return_seeking_recent_winner,17,calibration,block,constant_a016,0.11827789185185185
0.015393744358912305,0.014390868888888887,0.0170158560522069,-0.009251,inf,5.000000000000001,1.0196078431372548,0.9537037037037037,0.006241351851851851,0.15278481481481482,108,13,2,monthly_beme_inv,monthly size/profit/invest,return_seeking_recent_winner,17,calibration,block,constant_a017,0.11827789185185185
0.015011102465908198,0.01406207499891067,0.016100896895747608,0.010378,0.010378,8.0,1.0196078431372548,0.9259259259259259,0.005075231481481484,0.2541734074074074,108,1,2,monthly_beme_inv,monthly size/profit/invest,return_seeking_recent_winner,17,calibration,block,constant_a018,0.11827789185185185
0.014033469255224739,0.013318669987896393,0.014390868888888901,0.023466000000000004,inf,1.0,1.0196078431372548,0.9907407407407407,0.0042173333333333325,0.147348,108,75,0,monthly_beme_inv,monthly size/profit/invest,return_seeking_recent_winner,17,calibration,block,constant_a019,0.11827789185185185
0.009047899689660735,0.003115997391289298,0.015338499732317584,0.064294,0.064294,16.0,1.0196078431372548,0.8518518518518519,0.008245074074074075,0.13999414814814815,108,0,3,monthly_beme_inv,monthly size/profit/invest,return_seeking_recent_winner,17,calibration,block,constant_a020,0.11827789185185185
-0.047838980198865795,-0.06046120781424019,-0.03249934081908738,-0.04063500000000001,inf,1.0,1.0196078431372548,0.9907407407407407,0.006383953703703705,0.15362255555555557,108,72,0,monthly_beme_inv,monthly size/profit/invest,return_seeking_recent_winner,17,calibration,block,constant_a021,0.11827789185185185
0.024915428229084116,0.013753051242094525,0.0358913765127502,0.12973200000000001,0.12973200000000001,9.000000000000002,1.0196078431372548,0.9166666666666666,0.007549240740740741,0.166953037037037,108,0,2,monthly_beme_inv,monthly size/profit/invest,return_seeking_recent_winner,17,calibration,block,constant_a022,0.11827789185185185
0.00013114228956472967,-0.009629041945295137,0.010768411090351154,0.069794,0.069794,10.000000000000002,1.0196078431372548,0.9074074074074074,0.010377666666666665,0.1526464814814815,108,0,3,monthly_beme_inv,monthly size/profit/invest,return_seeking_recent_winner,17,calibration,block,constant_a023,0.11827789185185185
-0.07826341559682978,-0.09723151552732953,-0.05920496467073557,0.049182,inf,1.0,1.0196078431372548,0.9907407407407407,0.003429722222222222,0.15112655555555557,108,76,0,monthly_beme_inv,monthly size/profit/invest,return_seeking_recent_winner,17,calibration,block,constant_a024,0.11827789185185185
0.014390868888888906,0.014390868888888884,0.014390868888888905,,inf,0.0,0.0,1.0,0.007931715555555555,0.11827789185185185,108,200,0,monthly_beme_inv,monthly size/profit/invest,return_seeking_recent_winner,17,calibration,block,constant_equal_weight_public,0.11827789185185185
0.006472261534309643,-0.004479310917438206,0.015510672147259031,0.11877474074074074,0.14944503703703704,107.99999999999935,1.0196078431372548,6.106226635438361e-15,0.00639925,0.11877474074074072,108,0,4,monthly_beme_inv,monthly size/profit/invest,return_seeking_recent_winner,17,calibration,block,momentum_12,0.11827789185185185
0.02492340066512639,0.013221549727188916,0.036679298674704625,0.08820299999999999,inf,4.0,1.0196078431372548,0.962962962962963,0.005811675925925926,0.12731337037037035,108,11,1,monthly_beme_inv,monthly size/profit/invest,return_seeking_recent_winner,17,calibration,block,low_vol_12,0.11827789185185185
0.010295692731852933,0.0020575685186348027,0.017278662665453158,0.1335011395348837,0.178004,42.999999999999886,1.0196078431372548,0.601851851851853,0.010428287037037036,0.13604655555555556,108,0,3,monthly_beme_inv,monthly size/profit/invest,return_seeking_recent_winner,17,calibration,block,risk_adjusted_12,0.11827789185185185
0.18419459223652002,0.16035374276696848,0.2169771750856346,,inf,0.0,0.0,1.0,0.008310462962962964,0.13217885185185185,108,200,0,monthly_beme_inv,monthly size/profit/invest,return_seeking_recent_winner,17,calibration,block,ridge_return_train_only,0.11827789185185185
0.013898594575163424,0.011843918183647311,0.016130771936242468,0.083934,0.083934,9.000000000000002,1.0196078431372548,0.9338235294117647,0.012615316176470588,0.0930109705882353,136,0,2,monthly_beme_inv,monthly size/profit/invest,return_seeking_recent_winner,17,test,iid,constant_a000,0.11827789185185185
0.01388385782647702,0.011788216061707033,0.015199083363417918,0.096993,0.096993,4.0,1.0196078431372548,0.9705882352941176,0.013102345588235295,0.08792349999999999,136,1,1,monthly_beme_inv,monthly size/profit/invest,return_seeking_recent_winner,17,test,iid,constant_a001,0.11827789185185185
0.014464963874150995,0.014390868888888884,0.014615006219306675,-0.024274,inf,1.0,1.0196078431372548,0.9926470588235294,0.012018411764705882,0.09237323529411764,136,77,0,monthly_beme_inv,monthly size/profit/invest,return_seeking_recent_winner,17,test,iid,constant_a002,0.11827789185185185
0.03331711263819073,0.024873344208527663,0.04100378687170734,0.065871,0.065871,8.0,1.0196078431372548,0.9411764705882353,0.012507904411764706,0.08533364705882353,136,0,2,monthly_beme_inv,monthly size/profit/invest,return_seeking_recent_winner,17,test,iid,constant_a003,0.11827789185185185
0.0009818408083628947,-0.010272135296216973,0.010194318280157455,0.12326056521739129,0.129819,45.999999999999865,1.0196078431372548,0.6617647058823539,0.016923816176470586,0.12503776470588232,136,0,3,monthly_beme_inv,monthly size/profit/invest,return_seeking_recent_winner,17,test,iid,constant_a004,0.11827789185185185
0.014602072490067956,0.013143767073433295,0.015987563240676666,0.037338,0.037338,10.000000000000002,1.0196078431372548,0.9264705882352942,0.008262551470588235,0.08173532352941176,136,0,3,monthly_beme_inv,monthly size/profit/invest,return_seeking_recent_winner,17,test,iid,constant_a005,0.11827789185185185
0.8412318089924442,0.055481346685028556,3.169590113748276,-0.03191547648902822,inf,1.001568626486043,1299.9999999999998,0.9926355248052496,0.010530345588235294,0.08785285294117647,136,29,0,monthly_beme_inv,monthly size/profit/invest,return_seeking_recent_winner,17,test,iid,constant_a006,0.11827789185185185
0.014390868888888918,0.014390868888888882,0.01439086888888889,,inf,0.0,0.0,1.0,0.009129316176470588,0.08401394117647058,136,200,0,monthly_beme_inv,monthly size/profit/invest,return_seeking_recent_winner,17,test,iid,constant_a007,0.11827789185185185
0.013927910882993748,0.01244560507811098,0.015233291846725613,0.032854,0.032854,4.0,1.0196078431372548,0.9705882352941176,0.00976945588235294,0.09247982352941177,136,5,1,monthly_beme_inv,monthly size/profit/invest,return_seeking_recent_winner,17,test,iid,constant_a008,0.11827789185185185
0.014390868888888918,0.014390868888888882,0.01439086888888889,,inf,0.0,0.0,1.0,0.011968948529411766,0.10100061764705882,136,200,0,monthly_beme_inv,monthly size/profit/invest,return_seeking_recent_winner,17,test,iid,constant_a009,0.11827789185185185
0.03792580318654723,0.030046414154067648,0.0463579771186763,,inf,0.0,0.0,1.0,0.008373220588235294,0.12336,136,200,0,monthly_beme_inv,monthly size/profit/invest,return_seeking_recent_winner,17,test,iid,constant_a010,0.11827789185185185
0.014371527311290558,0.014332844156093802,0.014390868888888889,-0.011811,inf,1.0,1.0196078431372548,0.9926470588235294,0.011226360294117646,0.10341623529411764,136,59,0,monthly_beme_inv,monthly size/profit/invest,return_seeking_recent_winner,17,test,iid,constant_a011,0.11827789185185185
0.014390868888888918,0.014390868888888882,0.01439086888888889,,inf,0.0,0.0,1.0,0.008645838235294119,0.10809861764705882,136,200,0,monthly_beme_inv,monthly size/profit/invest,return_seeking_recent_winner,17,test,iid,constant_a012,0.11827789185185185
0.014390868888888918,0.014390868888888882,0.01439086888888889,,inf,0.0,0.0,1.0,0.010076757352941175,0.10753394117647058,136,200,0,monthly_beme_inv,monthly size/profit/invest,return_seeking_recent_winner,17,test,iid,constant_a013,0.11827789185185185
0.014390868888888918,0.014390868888888882,0.01439086888888889,,inf,0.0,0.0,1.0,0.008284867647058825,0.11493285294117647,136,200,0,monthly_beme_inv,monthly size/profit/invest,return_seeking_recent_winner,17,test,iid,constant_a014,0.11827789185185185
0.014299030194796902,0.014113056839260538,0.014390868888888889,-0.002141,inf,1.0,1.0196078431372548,0.9926470588235294,0.008826257352941177,0.12884785294117648,136,66,0,monthly_beme_inv,monthly size/profit/invest,return_seeking_recent_winner,17,test,iid,constant_a015,0.11827789185185185
0.014390868888888918,0.014390868888888882,0.01439086888888889,,inf,0.0,0.0,1.0,0.008927345588235295,0.1193340588235294,136,200,0,monthly_beme_inv,monthly size/profit/invest,return_seeking_recent_winner,17,test,iid,constant_a016,0.11827789185185185
0.014390868888888918,0.014390868888888882,0.01439086888888889,,inf,0.0,0.0,1.0,0.011229257352941177,0.11723499999999999,136,200,0,monthly_beme_inv,monthly size/profit/invest,return_seeking_recent_winner,17,test,iid,constant_a017,0.11827789185185185
0.014390868888888918,0.014390868888888882,0.01439086888888889,,inf,0.0,0.0,1.0,0.008399514705882353,0.11210208823529413,136,200,0,monthly_beme_inv,monthly size/profit/invest,return_seeking_recent_winner,17,test,iid,constant_a018,0.11827789185185185
0.01420421416250163,0.01364424998333974,0.014390868888888889,0.010506,inf,1.0,1.0196078431372548,0.9926470588235294,0.00865529411764706,0.12635044117647057,136,84,0,monthly_beme_inv,monthly size/profit/invest,return_seeking_recent_winner,17,test,iid,constant_a019,0.11827789185185185
0.018162155014926885,0.012903395487030586,0.024586571965560713,0.139899,0.139899,16.0,1.0196078431372548,0.8823529411764706,0.012099382352941175,0.14358485294117646,136,0,3,monthly_beme_inv,monthly size/profit/invest,return_seeking_recent_winner,17,test,iid,constant_a020,0.11827789185185185
-0.0027016915574246186,-0.014032278523970702,0.008592928542123112,0.04902599999999999,0.04902599999999999,6.000000000000002,1.0196078431372548,0.9558823529411764,0.01222494117647059,0.14384626470588235,136,0,2,monthly_beme_inv,monthly size/profit/invest,return_seeking_recent_winner,17,test,iid,constant_a021,0.11827789185185185
0.01949969454595311,0.011245347515730423,0.027968573328514768,0.052996999999999996,0.052997,16.0,1.0196078431372548,0.8823529411764706,0.017123066176470587,0.1353010882352941,136,0,3,monthly_beme_inv,monthly size/profit/invest,return_seeking_recent_winner,17,test,iid,constant_a022,0.11827789185185185
-0.002128325014421117,-0.006407721618631231,0.001354823913328139,0.043380999999999996,inf,3.0000000000000004,1.0196078431372548,0.9779411764705882,0.008874250000000002,0.14966720588235294,136,15,1,monthly_beme_inv,monthly size/profit/invest,return_seeking_recent_winner,17,test,iid,constant_a023,0.11827789185185185
-0.030846238725212274,-0.04788412470394409,-0.014257676849846811,0.020714999999999997,0.020715,8.0,1.0196078431372548,0.9411764705882353,0.009983330882352941,0.15231129411764704,136,0,2,monthly_beme_inv,monthly size/profit/invest,return_seeking_recent_winner,17,test,iid,constant_a024,0.11827789185185185
0.014390868888888918,0.014390868888888882,0.01439086888888889,,inf,0.0,0.0,1.0,0.010791123823529411,0.10181459294117648,136,200,0,monthly_beme_inv,monthly size/profit/invest,return_seeking_recent_winner,17,test,iid,constant_equal_weight_public,0.11827789185185185
0.014628548341462749,0.00577469849184351,0.025108206193399606,0.10957577777777777,0.1265215294117647,134.99999999999937,1.0196078431372548,0.007352941176475225,0.014479683823529411,0.10938723529411763,136,0,4,monthly_beme_inv,monthly size/profit/invest,return_seeking_recent_winner,17,test,iid,momentum_12,0.11827789185185185
0.025986587772277317,0.01813111154752911,0.03376387994161654,0.037338,0.037338,11.000000000000002,1.0196078431372548,0.9191176470588235,0.00839615323529412,0.10006255882352941,136,0,3,monthly_beme_inv,monthly size/profit/invest,return_seeking_recent_winner,17,test,iid,low_vol_12,0.11827789185185185
0.019094485244061925,0.009642572787166556,0.02891849857901416,0.13029092063492065,0.13871311764705882,62.99999999999973,1.0196078431372548,0.5367647058823549,0.009734536764705884,0.10477579411764705,136,0,4,monthly_beme_inv,monthly size/profit/invest,return_seeking_recent_winner,17,test,iid,risk_adjusted_12,0.11827789185185185
0.11829695702864816,0.11139945676128951,0.12601539511264886,0.022879000000000004,inf,2.0,1.0196078431372548,0.9852941176470589,0.011755088235294118,0.12893044117647057,136,28,1,monthly_beme_inv,monthly size/profit/invest,return_seeking_recent_winner,17,test,iid,ridge_return_train_only,0.11827789185185185
0.013898594575163424,0.012625986088299372,0.014998498483948474,0.083934,0.083934,9.000000000000002,1.0196078431372548,0.9338235294117647,0.012615316176470588,0.0930109705882353,136,1,2,monthly_beme_inv,monthly size/profit/invest,return_seeking_recent_winner,17,test,block,constant_a000,0.11827789185185185
0.01388385782647702,0.012120303898949119,0.01541031991775599,0.096993,0.096993,4.0,1.0196078431372548,0.9705882352941176,0.013102345588235295,0.08792349999999999,136,3,1,monthly_beme_inv,monthly size/profit/invest,return_seeking_recent_winner,17,test,block,constant_a001,0.11827789185185185
0.014464963874150995,0.014390868888888882,0.014613153844675127,-0.024274,inf,1.0,1.0196078431372548,0.9926470588235294,0.012018411764705882,0.09237323529411764,136,70,0,monthly_beme_inv,monthly size/profit/invest,return_seeking_recent_winner,17,test,block,constant_a002,0.11827789185185185
0.03331711263819073,0.02252049545306151,0.04563817968328274,0.065871,0.065871,8.0,1.0196078431372548,0.9411764705882353,0.012507904411764706,0.08533364705882353,136,0,2,monthly_beme_inv,monthly size/profit/invest,return_seeking_recent_winner,17,test,block,constant_a003,0.11827789185185185
0.0009818408083628947,-0.009242555313122333,0.011571704872355955,0.12326056521739129,0.129819,45.999999999999865,1.0196078431372548,0.6617647058823539,0.016923816176470586,0.12503776470588232,136,0,3,monthly_beme_inv,monthly size/profit/invest,return_seeking_recent_winner,17,test,block,constant_a004,0.11827789185185185
0.014602072490067956,0.013286540430603615,0.01598139027364475,0.037338,0.037338,10.000000000000002,1.0196078431372548,0.9264705882352942,0.008262551470588235,0.08173532352941176,136,1,3,monthly_beme_inv,monthly size/profit/invest,return_seeking_recent_winner,17,test,block,constant_a005,0.11827789185185185
0.8412318089924442,0.04592139409565859,2.382637114539965,-0.03191547648902822,inf,1.001568626486043,1299.9999999999998,0.9926355248052496,0.010530345588235294,0.08785285294117647,136,25,0,monthly_beme_inv,monthly size/profit/invest,return_seeking_recent_winner,17,test,block,constant_a006,0.11827789185185185
0.014390868888888918,0.014390868888888882,0.014390868888888892,,inf,0.0,0.0,1.0,0.009129316176470588,0.08401394117647058,136,200,0,monthly_beme_inv,monthly size/profit/invest,return_seeking_recent_winner,17,test,block,constant_a007,0.11827789185185185
0.013927910882993748,0.012579151758586435,0.014593545224785339,0.032854,inf,4.0,1.0196078431372548,0.9705882352941176,0.00976945588235294,0.09247982352941177,136,15,1,monthly_beme_inv,monthly size/profit/invest,return_seeking_recent_winner,17,test,block,constant_a008,0.11827789185185185
0.014390868888888918,0.014390868888888882,0.014390868888888892,,inf,0.0,0.0,1.0,0.011968948529411766,0.10100061764705882,136,200,0,monthly_beme_inv,monthly size/profit/invest,return_seeking_recent_winner,17,test,block,constant_a009,0.11827789185185185
0.03792580318654723,0.02926695199291601,0.04740587088512739,,inf,0.0,0.0,1.0,0.008373220588235294,0.12336,136,200,0,monthly_beme_inv,monthly size/profit/invest,return_seeking_recent_winner,17,test,block,constant_a010,0.11827789185185185
0.014371527311290558,0.014332844156093804,0.01439086888888889,-0.011811,inf,1.0,1.0196078431372548,0.9926470588235294,0.011226360294117646,0.10341623529411764,136,65,0,monthly_beme_inv,monthly size/profit/invest,return_seeking_recent_winner,17,test,block,constant_a011,0.11827789185185185
0.014390868888888918,0.014390868888888882,0.014390868888888892,,inf,0.0,0.0,1.0,0.008645838235294119,0.10809861764705882,136,200,0,monthly_beme_inv,monthly size/profit/invest,return_seeking_recent_winner,17,test,block,constant_a012,0.11827789185185185
0.014390868888888918,0.014390868888888882,0.014390868888888892,,inf,0.0,0.0,1.0,0.010076757352941175,0.10753394117647058,136,200,0,monthly_beme_inv,monthly size/profit/invest,return_seeking_recent_winner,17,test,block,constant_a013,0.11827789185185185
0.014390868888888918,0.014390868888888882,0.014390868888888892,,inf,0.0,0.0,1.0,0.008284867647058825,0.11493285294117647,136,200,0,monthly_beme_inv,monthly size/profit/invest,return_seeking_recent_winner,17,test,block,constant_a014,0.11827789185185185
0.014299030194796902,0.014115352806612838,0.014390868888888892,-0.002141,inf,1.0,1.0196078431372548,0.9926470588235294,0.008826257352941177,0.12884785294117648,136,67,0,monthly_beme_inv,monthly size/profit/invest,return_seeking_recent_winner,17,test,block,constant_a015,0.11827789185185185
0.014390868888888918,0.014390868888888882,0.014390868888888892,,inf,0.0,0.0,1.0,0.008927345588235295,0.1193340588235294,136,200,0,monthly_beme_inv,monthly size/profit/invest,return_seeking_recent_winner,17,test,block,constant_a016,0.11827789185185185
0.014390868888888918,0.014390868888888882,0.014390868888888892,,inf,0.0,0.0,1.0,0.011229257352941177,0.11723499999999999,136,200,0,monthly_beme_inv,monthly size/profit/invest,return_seeking_recent_winner,17,test,block,constant_a017,0.11827789185185185
0.014390868888888918,0.014390868888888882,0.014390868888888892,,inf,0.0,0.0,1.0,0.008399514705882353,0.11210208823529413,136,200,0,monthly_beme_inv,monthly size/profit/invest,return_seeking_recent_winner,17,test,block,constant_a018,0.11827789185185185
0.01420421416250163,0.013830904709727027,0.014390868888888892,0.010506,inf,1.0,1.0196078431372548,0.9926470588235294,0.00865529411764706,0.12635044117647057,136,77,0,monthly_beme_inv,monthly size/profit/invest,return_seeking_recent_winner,17,test,block,constant_a019,0.11827789185185185
0.018162155014926885,0.012987878520981244,0.024559040604740612,0.139899,0.139899,16.0,1.0196078431372548,0.8823529411764706,0.012099382352941175,0.14358485294117646,136,0,3,monthly_beme_inv,monthly size/profit/invest,return_seeking_recent_winner,17,test,block,constant_a020,0.11827789185185185
-0.0027016915574246186,-0.021997321240958493,0.01175118793336184,0.04902599999999999,0.049026,6.000000000000002,1.0196078431372548,0.9558823529411764,0.01222494117647059,0.14384626470588235,136,6,2,monthly_beme_inv,monthly size/profit/invest,return_seeking_recent_winner,17,test,block,constant_a021,0.11827789185185185
0.01949969454595311,0.010143260292993147,0.029937618542389202,0.052996999999999996,0.052997,16.0,1.0196078431372548,0.8823529411764706,0.017123066176470587,0.1353010882352941,136,0,3,monthly_beme_inv,monthly size/profit/invest,return_seeking_recent_winner,17,test,block,constant_a022,0.11827789185185185
-0.002128325014421117,-0.007592198168378268,0.003540140387525679,0.043380999999999996,inf,3.0000000000000004,1.0196078431372548,0.9779411764705882,0.008874250000000002,0.14966720588235294,136,42,1,monthly_beme_inv,monthly size/profit/invest,return_seeking_recent_winner,17,test,block,constant_a023,0.11827789185185185
-0.030846238725212274,-0.06795827574304637,-0.0015387306420986747,0.020714999999999997,0.020715,8.0,1.0196078431372548,0.9411764705882353,0.009983330882352941,0.15231129411764704,136,4,2,monthly_beme_inv,monthly size/profit/invest,return_seeking_recent_winner,17,test,block,constant_a024,0.11827789185185185
0.014390868888888918,0.014390868888888882,0.014390868888888892,,inf,0.0,0.0,1.0,0.010791123823529411,0.10181459294117648,136,200,0,monthly_beme_inv,monthly size/profit/invest,return_seeking_recent_winner,17,test,block,constant_equal_weight_public,0.11827789185185185
0.014628548341462749,0.005728918008969291,0.024123146489421595,0.10957577777777777,0.1305031851851852,134.99999999999937,1.0196078431372548,0.007352941176475225,0.014479683823529411,0.10938723529411763,136,0,4,monthly_beme_inv,monthly size/profit/invest,return_seeking_recent_winner,17,test,block,momentum_12,0.11827789185185185
0.025986587772277317,0.017555492298937332,0.03507329763603242,0.037338,0.037338,11.000000000000002,1.0196078431372548,0.9191176470588235,0.00839615323529412,0.10006255882352941,136,0,3,monthly_beme_inv,monthly size/profit/invest,return_seeking_recent_winner,17,test,block,low_vol_12,0.11827789185185185
0.019094485244061925,0.009234555785081706,0.029662305940028614,0.13029092063492065,0.139899,62.99999999999973,1.0196078431372548,0.5367647058823549,0.009734536764705884,0.10477579411764705,136,0,4,monthly_beme_inv,monthly size/profit/invest,return_seeking_recent_winner,17,test,block,risk_adjusted_12,0.11827789185185185
0.11829695702864816,0.10516441965542446,0.13121000134848418,0.022879000000000004,inf,2.0,1.0196078431372548,0.9852941176470589,0.011755088235294118,0.12893044117647057,136,23,1,monthly_beme_inv,monthly size/profit/invest,return_seeking_recent_winner,17,test,block,ridge_return_train_only,0.11827789185185185
0.01321240596078434,0.01060971454538853,0.01530671414408135,0.097365,0.097365,10.000000000000002,1.0196078431372548,0.9074074074074074,0.012389592592592593,0.1084932962962963,108,0,3,monthly_beme_inv,monthly size/profit/invest,return_seeking_recent_winner,27,calibration,iid,constant_a000,0.11827789185185185
0.015188528464778538,0.014859664000000014,0.015846257394335532,-0.049694,inf,1.0,1.0196078431372548,0.9907407407407407,0.005986157407407407,0.10714711111111111,108,79,0,monthly_beme_inv,monthly size/profit/invest,return_seeking_recent_winner,27,calibration,iid,constant_a001,0.11827789185185185
0.014859664000000035,0.01485966400000001,0.014859664000000024,,inf,0.0,0.0,1.0,0.008702425925925926,0.0971386296296296,108,200,0,monthly_beme_inv,monthly size/profit/invest,return_seeking_recent_winner,27,calibration,iid,constant_a002,0.11827789185185185
0.004930374186837246,-0.00794797079887627,0.016002272187004955,0.085494,0.085494,3.0000000000000004,1.0196078431372548,0.9722222222222222,0.007643314814814815,0.09719577777777777,108,9,1,monthly_beme_inv,monthly size/profit/invest,return_seeking_recent_winner,27,calibration,iid,constant_a003,0.11827789185185185
0.0169996665970928,0.004292177054997533,0.0314064057254315,0.068013,0.068013,10.000000000000002,1.0196078431372548,0.9074074074074074,0.009480231481481482,0.11743285185185184,108,0,3,monthly_beme_inv,monthly size/profit/invest,return_seeking_recent_winner,27,calibration,iid,constant_a004,0.11827789185185185
0.013894063953522183,0.01226491007116922,0.01485966400000002,0.042662,inf,2.0,1.0196078431372548,0.9814814814814815,0.011261194444444447,0.1134698888888889,108,24,1,monthly_beme_inv,monthly size/profit/invest,return_seeking_recent_winner,27,calibration,iid,constant_a005,0.11827789185185185
0.14710957945753,0.12375921191819857,0.16868251647305652,,inf,0.0,0.0,1.0,0.008031666666666666,0.08997851851851851,108,200,0,monthly_beme_inv,monthly size/profit/invest,return_seeking_recent_winner,27,calibration,iid,constant_a006,0.11827789185185185
0.014859664000000035,0.01485966400000001,0.014859664000000024,,inf,0.0,0.0,1.0,0.010627296296296298,0.10327848148148148,108,200,0,monthly_beme_inv,monthly size/profit/invest,return_seeking_recent_winner,27,calibration,iid,constant_a007,0.11827789185185185
0.014859664000000035,0.01485966400000001,0.014859664000000024,,inf,0.0,0.0,1.0,0.0056105277777777785,0.11024014814814816,108,200,0,monthly_beme_inv,monthly size/profit/invest,return_seeking_recent_winner,27,calibration,iid,constant_a008,0.11827789185185185
0.01464527596804651,0.012633417444008723,0.016050664451125653,0.067303,0.067303,10.000000000000002,1.0196078431372548,0.9074074074074074,0.010969518518518519,0.13062,108,0,3,monthly_beme_inv,monthly size/profit/invest,return_seeking_recent_winner,27,calibration,iid,constant_a009,0.11827789185185185
0.018673398769592457,0.006797158789017409,0.031939800455643624,0.030997999999999998,0.030998000000000005,4.0,1.0196078431372548,0.962962962962963,0.008336898148148149,0.13666044444444442,108,1,1,monthly_beme_inv,monthly size/profit/invest,return_seeking_recent_winner,27,calibration,iid,constant_a010,0.11827789185185185
0.01567503253449531,0.014574510365141631,0.017156302706753834,0.005339000000000001,0.005339000000000001,4.0,1.0196078431372548,0.962962962962963,0.009281564814814814,0.0990418148148148,108,1,1,monthly_beme_inv,monthly size/profit/invest,return_seeking_recent_winner,27,calibration,iid,constant_a011,0.11827789185185185
0.011048316636165597,0.005234655031082065,0.015384557509658699,0.178004,0.178004,10.000000000000002,1.0196078431372548,0.9074074074074074,0.01044275925925926,0.11443203703703704,108,0,3,monthly_beme_inv,monthly size/profit/invest,return_seeking_recent_winner,27,calibration,iid,constant_a012,0.11827789185185185
0.014880761121278174,0.014507973057080622,0.015171656549310112,-0.001716,inf,2.0,1.0196078431372548,0.9814814814814815,0.009317546296296296,0.12716503703703705,108,29,1,monthly_beme_inv,monthly size/profit/invest,return_seeking_recent_winner,27,calibration,iid,constant_a013,0.11827789185185185
0.014859664000000035,0.01485966400000001,0.014859664000000024,,inf,0.0,0.0,1.0,0.002895814814814816,0.14171644444444445,108,200,0,monthly_beme_inv,monthly size/profit/invest,return_seeking_recent_winner,27,calibration,iid,constant_a014,0.11827789185185185
0.014859664000000035,0.01485966400000001,0.014859664000000024,,inf,0.0,0.0,1.0,0.00806975925925926,0.15166288888888887,108,200,0,monthly_beme_inv,monthly size/profit/invest,return_seeking_recent_winner,27,calibration,iid,constant_a015,0.11827789185185185
0.014859664000000035,0.01485966400000001,0.014859664000000024,,inf,0.0,0.0,1.0,0.007727046296296298,0.13265266666666667,108,200,0,monthly_beme_inv,monthly size/profit/invest,return_seeking_recent_winner,27,calibration,iid,constant_a016,0.11827789185185185
0.015840410434277447,0.01485966400000002,0.01739478535976763,-0.009251,-0.009251,5.000000000000001,1.0196078431372548,0.9537037037037037,0.006241351851851851,0.15278481481481482,108,2,2,monthly_beme_inv,monthly size/profit/invest,return_seeking_recent_winner,27,calibration,iid,constant_a017,0.11827789185185185
0.01544449111982574,0.014403498361655788,0.016666077816122025,0.010378,0.010378,8.0,1.0196078431372548,0.9259259259259259,0.005075231481481484,0.2541734074074074,108,0,2,monthly_beme_inv,monthly size/profit/invest,return_seeking_recent_winner,27,calibration,iid,constant_a018,0.11827789185185185
0.01449783855918667,0.013774187677559923,0.01485966400000002,0.023466000000000004,inf,1.0,1.0196078431372548,0.9907407407407407,0.0042173333333333325,0.147348,108,73,0,monthly_beme_inv,monthly size/profit/invest,return_seeking_recent_winner,27,calibration,iid,constant_a019,0.11827789185185185
0.016780497805171653,0.011439794676181258,0.022104321425240665,0.064294,0.064294,16.0,1.0196078431372548,0.8518518518518519,0.008245074074074075,0.13999414814814815,108,0,3,monthly_beme_inv,monthly size/profit/invest,return_seeking_recent_winner,27,calibration,iid,constant_a020,0.11827789185185185
-0.0500962345771426,-0.06344160706836711,-0.034833636622481595,-0.04063500000000001,inf,1.0,1.0196078431372548,0.9907407407407407,0.006383953703703705,0.15362255555555557,108,77,0,monthly_beme_inv,monthly size/profit/invest,return_seeking_recent_winner,27,calibration,iid,constant_a021,0.11827789185185185
0.024915428229084116,0.016560389515997375,0.03375744308169748,0.12973200000000001,0.12973200000000001,9.000000000000002,1.0196078431372548,0.9166666666666666,0.007549240740740741,0.166953037037037,108,0,2,monthly_beme_inv,monthly size/profit/invest,return_seeking_recent_winner,27,calibration,iid,constant_a022,0.11827789185185185
0.8702370529112088,-0.01177672958584643,3.496076044430496,-0.052777579766536895,0.069794,1.0157415409978259,1299.9999999999998,0.9905949857315016,0.010377666666666665,0.1526464814814815,108,0,0,monthly_beme_inv,monthly size/profit/invest,return_seeking_recent_winner,27,calibration,iid,constant_a023,0.11827789185185185
-0.08585378458534887,-0.09751853287671136,-0.0733684090885247,0.049182,inf,1.0,1.0196078431372548,0.9907407407407407,0.003429722222222222,0.15112655555555557,108,83,0,monthly_beme_inv,monthly size/profit/invest,return_seeking_recent_winner,27,calibration,iid,constant_a024,0.11827789185185185
0.014859664000000035,0.01485966400000001,0.014859664000000024,,inf,0.0,0.0,1.0,0.007931715555555555,0.11827789185185185,108,200,0,monthly_beme_inv,monthly size/profit/invest,return_seeking_recent_winner,27,calibration,iid,constant_equal_weight_public,0.11827789185185185
0.007388347761495035,-0.003358181321103659,0.015550378649859819,0.11899315887850467,0.14602677358490568,106.99999999999936,1.0196078431372548,0.009259259259265185,0.00639925,0.11877474074074072,108,0,4,monthly_beme_inv,monthly size/profit/invest,return_seeking_recent_winner,27,calibration,iid,momentum_12,0.11827789185185185
0.026206932423678237,0.018313381761121583,0.035739309707212445,0.068013,inf,3.0000000000000004,1.0196078431372548,0.9722222222222222,0.005811675925925926,0.12731337037037035,108,13,1,monthly_beme_inv,monthly size/profit/invest,return_seeking_recent_winner,27,calibration,iid,low_vol_12,0.11827789185185185
0.011126802480028588,0.0032491489691954135,0.01803654199849542,0.13370304761904764,0.178004,41.9999999999999,1.0196078431372548,0.611111111111112,0.010428287037037036,0.13604655555555556,108,0,3,monthly_beme_inv,monthly size/profit/invest,return_seeking_recent_winner,27,calibration,iid,risk_adjusted_12,0.11827789185185185
0.184542633718758,0.1686691370071653,0.20037980718580878,,inf,0.0,0.0,1.0,0.008274203703703705,0.13217885185185185,108,200,0,monthly_beme_inv,monthly size/profit/invest,return_seeking_recent_winner,27,calibration,iid,ridge_return_train_only,0.11827789185185185
0.01321240596078434,0.0102870281375454,0.015448759604212069,0.097365,0.097365,10.000000000000002,1.0196078431372548,0.9074074074074074,0.012389592592592593,0.1084932962962963,108,1,3,monthly_beme_inv,monthly size/profit/invest,return_seeking_recent_winner,27,calibration,block,constant_a000,0.11827789185185185
0.015188528464778538,0.01485966400000001,0.015854479005954995,-0.049694,inf,1.0,1.0196078431372548,0.9907407407407407,0.005986157407407407,0.10714711111111111,108,68,0,monthly_beme_inv,monthly size/profit/invest,return_seeking_recent_winner,27,calibration,block,constant_a001,0.11827789185185185
0.014859664000000035,0.014859664000000009,0.014859664000000024,,inf,0.0,0.0,1.0,0.008702425925925926,0.0971386296296296,108,200,0,monthly_beme_inv,monthly size/profit/invest,return_seeking_recent_winner,27,calibration,block,constant_a002,0.11827789185185185
0.004930374186837246,-0.014160466583991116,0.020789467975549647,0.085494,inf,3.0000000000000004,1.0196078431372548,0.9722222222222222,0.007643314814814815,0.09719577777777777,108,42,1,monthly_beme_inv,monthly size/profit/invest,return_seeking_recent_winner,27,calibration,block,constant_a003,0.11827789185185185
0.0169996665970928,-0.0008876138757630459,0.0379841716097767,0.068013,0.068013,10.000000000000002,1.0196078431372548,0.9074074074074074,0.009480231481481482,0.11743285185185184,108,0,3,monthly_beme_inv,monthly size/profit/invest,return_seeking_recent_winner,27,calibration,block,constant_a004,0.11827789185185185
0.013894063953522183,0.01238087402120553,0.01485966400000002,0.042662,inf,2.0,1.0196078431372548,0.9814814814814815,0.011261194444444447,0.1134698888888889,108,30,1,monthly_beme_inv,monthly size/profit/invest,return_seeking_recent_winner,27,calibration,block,constant_a005,0.11827789185185185
0.14710957945753,0.10328932018979825,0.18832852281622325,,inf,0.0,0.0,1.0,0.008031666666666666,0.08997851851851851,108,200,0,monthly_beme_inv,monthly size/profit/invest,return_seeking_recent_winner,27,calibration,block,constant_a006,0.11827789185185185
0.014859664000000035,0.014859664000000009,0.014859664000000024,,inf,0.0,0.0,1.0,0.010627296296296298,0.10327848148148148,108,200,0,monthly_beme_inv,monthly size/profit/invest,return_seeking_recent_winner,27,calibration,block,constant_a007,0.11827789185185185
0.014859664000000035,0.014859664000000009,0.014859664000000024,,inf,0.0,0.0,1.0,0.0056105277777777785,0.11024014814814816,108,200,0,monthly_beme_inv,monthly size/profit/invest,return_seeking_recent_winner,27,calibration,block,constant_a008,0.11827789185185185
0.01464527596804651,0.0129829344791576,0.016514349176180124,0.067303,0.067303,10.000000000000002,1.0196078431372548,0.9074074074074074,0.010969518518518519,0.13062,108,1,3,monthly_beme_inv,monthly size/profit/invest,return_seeking_recent_winner,27,calibration,block,constant_a009,0.11827789185185185
0.018673398769592457,0.004597467457408268,0.03800526715287853,0.030997999999999998,inf,4.0,1.0196078431372548,0.962962962962963,0.008336898148148149,0.13666044444444442,108,26,1,monthly_beme_inv,monthly size/profit/invest,return_seeking_recent_winner,27,calibration,block,constant_a010,0.11827789185185185
0.01567503253449531,0.014475980506463348,0.017537220272331167,0.005339000000000001,inf,4.0,1.0196078431372548,0.962962962962963,0.009281564814814814,0.0990418148148148,108,11,1,monthly_beme_inv,monthly size/profit/invest,return_seeking_recent_winner,27,calibration,block,constant_a011,0.11827789185185185
0.011048316636165597,0.002489334499927379,0.015796168320697183,0.178004,0.178004,10.000000000000002,1.0196078431372548,0.9074074074074074,0.01044275925925926,0.11443203703703704,108,1,3,monthly_beme_inv,monthly size/profit/invest,return_seeking_recent_winner,27,calibration,block,constant_a012,0.11827789185185185
0.014880761121278174,0.0146114902425563,0.015295216000000014,-0.001716,inf,2.0,1.0196078431372548,0.9814814814814815,0.009317546296296296,0.12716503703703705,108,26,1,monthly_beme_inv,monthly size/profit/invest,return_seeking_recent_winner,27,calibration,block,constant_a013,0.11827789185185185
0.014859664000000035,0.014859664000000009,0.014859664000000024,,inf,0.0,0.0,1.0,0.002895814814814816,0.14171644444444445,108,200,0,monthly_beme_inv,monthly size/profit/invest,return_seeking_recent_winner,27,calibration,block,constant_a014,0.11827789185185185
0.014859664000000035,0.014859664000000009,0.014859664000000024,,inf,0.0,0.0,1.0,0.00806975925925926,0.15166288888888887,108,200,0,monthly_beme_inv,monthly size/profit/invest,return_seeking_recent_winner,27,calibration,block,constant_a015,0.11827789185185185
0.014859664000000035,0.014859664000000009,0.014859664000000024,,inf,0.0,0.0,1.0,0.007727046296296298,0.13265266666666667,108,200,0,monthly_beme_inv,monthly size/profit/invest,return_seeking_recent_winner,27,calibration,block,constant_a016,0.11827789185185185
0.015840410434277447,0.014859664000000017,0.017206371943355135,-0.009251,inf,5.000000000000001,1.0196078431372548,0.9537037037037037,0.006241351851851851,0.15278481481481482,108,16,2,monthly_beme_inv,monthly size/profit/invest,return_seeking_recent_winner,27,calibration,block,constant_a017,0.11827789185185185
0.01544449111982574,0.014448646749891082,0.016712919227305754,0.010378,0.010378,8.0,1.0196078431372548,0.9259259259259259,0.005075231481481484,0.2541734074074074,108,1,2,monthly_beme_inv,monthly size/profit/invest,return_seeking_recent_winner,27,calibration,block,constant_a018,0.11827789185185185
0.01449783855918667,0.013774187677559923,0.01485966400000002,0.023466000000000004,inf,1.0,1.0196078431372548,0.9907407407407407,0.0042173333333333325,0.147348,108,62,0,monthly_beme_inv,monthly size/profit/invest,return_seeking_recent_winner,27,calibration,block,constant_a019,0.11827789185185185
0.016780497805171653,0.008975070930340343,0.02279390297318576,0.064294,0.064294,16.0,1.0196078431372548,0.8518518518518519,0.008245074074074075,0.13999414814814815,108,0,3,monthly_beme_inv,monthly size/profit/invest,return_seeking_recent_winner,27,calibration,block,constant_a020,0.11827789185185185
-0.0500962345771426,-0.06594987666811036,-0.0303655441403788,-0.04063500000000001,inf,1.0,1.0196078431372548,0.9907407407407407,0.006383953703703705,0.15362255555555557,108,82,0,monthly_beme_inv,monthly size/profit/invest,return_seeking_recent_winner,27,calibration,block,constant_a021,0.11827789185185185
0.024915428229084116,0.016091784565602,0.03599989945705443,0.12973200000000001,0.12973200000000001,9.000000000000002,1.0196078431372548,0.9166666666666666,0.007549240740740741,0.166953037037037,108,0,2,monthly_beme_inv,monthly size/profit/invest,return_seeking_recent_winner,27,calibration,block,constant_a022,0.11827789185185185
0.8702370529112088,-0.01441926725822202,2.6262697591322386,-0.052777579766536895,0.069794,1.0157415409978259,1299.9999999999998,0.9905949857315016,0.010377666666666665,0.1526464814814815,108,0,0,monthly_beme_inv,monthly size/profit/invest,return_seeking_recent_winner,27,calibration,block,constant_a023,0.11827789185185185
-0.08585378458534887,-0.10303879230283593,-0.06469368847732611,0.049182,inf,1.0,1.0196078431372548,0.9907407407407407,0.003429722222222222,0.15112655555555557,108,76,0,monthly_beme_inv,monthly size/profit/invest,return_seeking_recent_winner,27,calibration,block,constant_a024,0.11827789185185185
0.014859664000000035,0.014859664000000009,0.014859664000000024,,inf,0.0,0.0,1.0,0.007931715555555555,0.11827789185185185,108,200,0,monthly_beme_inv,monthly size/profit/invest,return_seeking_recent_winner,27,calibration,block,constant_equal_weight_public,0.11827789185185185
0.007388347761495035,-0.003949889584344101,0.016445265458373857,0.11899315887850467,0.1498853831775701,106.99999999999936,1.0196078431372548,0.009259259259265185,0.00639925,0.11877474074074072,108,0,4,monthly_beme_inv,monthly size/profit/invest,return_seeking_recent_winner,27,calibration,block,momentum_12,0.11827789185185185
0.026206932423678237,0.01608485958015026,0.03825179352608023,0.068013,inf,3.0000000000000004,1.0196078431372548,0.9722222222222222,0.005811675925925926,0.12731337037037035,108,17,1,monthly_beme_inv,monthly size/profit/invest,return_seeking_recent_winner,27,calibration,block,low_vol_12,0.11827789185185185
0.011126802480028588,-0.00037436338174950376,0.01802036435003296,0.13370304761904764,0.178004,41.9999999999999,1.0196078431372548,0.611111111111112,0.010428287037037036,0.13604655555555556,108,0,3,monthly_beme_inv,monthly size/profit/invest,return_seeking_recent_winner,27,calibration,block,risk_adjusted_12,0.11827789185185185
0.184542633718758,0.15551551237854713,0.21212783198174603,,inf,0.0,0.0,1.0,0.008274203703703705,0.13217885185185185,108,200,0,monthly_beme_inv,monthly size/profit/invest,return_seeking_recent_winner,27,calibration,block,ridge_return_train_only,0.11827789185185185
0.014335758182237635,0.011908754794579013,0.016034973763783166,0.083934,0.083934,9.000000000000002,1.0196078431372548,0.9338235294117647,0.012615316176470588,0.0930109705882353,136,0,2,monthly_beme_inv,monthly size/profit/invest,return_seeking_recent_winner,27,test,iid,constant_a000,0.11827789185185185
0.11422195331487855,0.013171643905997699,0.4138153733084197,-0.02309564581704458,0.096993,1.0062818761230268,1299.9999999999998,0.992600868557919,0.013102345588235295,0.08792349999999999,136,2,0,monthly_beme_inv,monthly size/profit/invest,return_seeking_recent_winner,27,test,iid,constant_a001,0.11827789185185185
0.014930244373702455,0.014859664000000005,0.01507316963044984,-0.024274,inf,1.0,1.0196078431372548,0.9926470588235294,0.012018411764705882,0.09237323529411764,136,76,0,monthly_beme_inv,monthly size/profit/invest,return_seeking_recent_winner,27,test,iid,constant_a002,0.11827789185185185
0.03331711263819073,0.026231766825347624,0.040535034601508785,0.065871,0.065871,8.0,1.0196078431372548,0.9411764705882353,0.012507904411764706,0.08533364705882353,136,0,2,monthly_beme_inv,monthly size/profit/invest,return_seeking_recent_winner,27,test,iid,constant_a003,0.11827789185185185
0.00201847934860995,-0.007755823993611857,0.01391295293166888,0.12255163829787233,0.129819,46.99999999999986,1.0196078431372548,0.6544117647058834,0.016923816176470586,0.12503776470588232,136,0,3,monthly_beme_inv,monthly size/profit/invest,return_seeking_recent_winner,27,test,iid,constant_a004,0.11827789185185185
0.015035721485582495,0.013664084667704735,0.016546081580853522,0.037338,0.037338,10.000000000000002,1.0196078431372548,0.9264705882352942,0.008262551470588235,0.08173532352941176,136,0,3,monthly_beme_inv,monthly size/profit/invest,return_seeking_recent_winner,27,test,iid,constant_a005,0.11827789185185185
0.06541081848096164,0.05189083396069235,0.07919546051773174,0.022879000000000004,inf,1.0,1.0196078431372548,0.9926470588235294,0.010530345588235294,0.08785285294117647,136,64,0,monthly_beme_inv,monthly size/profit/invest,return_seeking_recent_winner,27,test,iid,constant_a006,0.11827789185185185
0.014859664000000035,0.014859664000000005,0.01485966400000001,,inf,0.0,0.0,1.0,0.009129316176470588,0.08401394117647058,136,200,0,monthly_beme_inv,monthly size/profit/invest,return_seeking_recent_winner,27,test,iid,constant_a007,0.11827789185185185
0.014382647547866239,0.012988198204036912,0.01543858152041523,0.032854,0.032854,4.0,1.0196078431372548,0.9705882352941176,0.00976945588235294,0.09247982352941177,136,0,1,monthly_beme_inv,monthly size/profit/invest,return_seeking_recent_winner,27,test,iid,constant_a008,0.11827789185185185
0.014859664000000035,0.014859664000000005,0.01485966400000001,,inf,0.0,0.0,1.0,0.011968948529411766,0.10100061764705882,136,200,0,monthly_beme_inv,monthly size/profit/invest,return_seeking_recent_winner,27,test,iid,constant_a009,0.11827789185185185
0.03792580318654723,0.03073351985969165,0.04413790014364208,,inf,0.0,0.0,1.0,0.008373220588235294,0.12336,136,200,0,monthly_beme_inv,monthly size/profit/invest,return_seeking_recent_winner,27,test,iid,constant_a010,0.11827789185185185
0.014836807810842019,0.014790524027797005,0.01485966400000001,-0.011811,inf,1.0,1.0196078431372548,0.9926470588235294,0.011226360294117646,0.10341623529411764,136,71,0,monthly_beme_inv,monthly size/profit/invest,return_seeking_recent_winner,27,test,iid,constant_a011,0.11827789185185185
0.014859664000000035,0.014859664000000005,0.01485966400000001,,inf,0.0,0.0,1.0,0.008645838235294119,0.10809861764705882,136,200,0,monthly_beme_inv,monthly size/profit/invest,return_seeking_recent_winner,27,test,iid,constant_a012,0.11827789185185185
0.014859664000000035,0.014859664000000005,0.01485966400000001,,inf,0.0,0.0,1.0,0.010076757352941175,0.10753394117647058,136,200,0,monthly_beme_inv,monthly size/profit/invest,return_seeking_recent_winner,27,test,iid,constant_a013,0.11827789185185185
0.014859664000000035,0.014859664000000005,0.01485966400000001,,inf,0.0,0.0,1.0,0.008284867647058825,0.11493285294117647,136,200,0,monthly_beme_inv,monthly size/profit/invest,return_seeking_recent_winner,27,test,iid,constant_a014,0.11827789185185185
0.014764310694348363,0.01457360408304499,0.01485966400000001,-0.002141,inf,1.0,1.0196078431372548,0.9926470588235294,0.008826257352941177,0.12884785294117648,136,72,0,monthly_beme_inv,monthly size/profit/invest,return_seeking_recent_winner,27,test,iid,constant_a015,0.11827789185185185
0.014859664000000035,0.014859664000000005,0.01485966400000001,,inf,0.0,0.0,1.0,0.008927345588235295,0.1193340588235294,136,200,0,monthly_beme_inv,monthly size/profit/invest,return_seeking_recent_winner,27,test,iid,constant_a016,0.11827789185185185
0.014859664000000035,0.014859664000000005,0.01485966400000001,,inf,0.0,0.0,1.0,0.011229257352941177,0.11723499999999999,136,200,0,monthly_beme_inv,monthly size/profit/invest,return_seeking_recent_winner,27,test,iid,constant_a017,0.11827789185185185
0.014859664000000035,0.014859664000000005,0.01485966400000001,,inf,0.0,0.0,1.0,0.008399514705882353,0.11210208823529413,136,200,0,monthly_beme_inv,monthly size/profit/invest,return_seeking_recent_winner,27,test,iid,constant_a018,0.11827789185185185
0.014669494662053095,0.014289155986159175,0.01485966400000001,0.010506,inf,1.0,1.0196078431372548,0.9926470588235294,0.00865529411764706,0.12635044117647057,136,79,0,monthly_beme_inv,monthly size/profit/invest,return_seeking_recent_winner,27,test,iid,constant_a019,0.11827789185185185
0.022581909422820144,0.01666692110969648,0.027517595452267965,0.139899,0.139899,16.0,1.0196078431372548,0.8823529411764706,0.012099382352941175,0.14358485294117646,136,0,3,monthly_beme_inv,monthly size/profit/invest,return_seeking_recent_winner,27,test,iid,constant_a020,0.11827789185185185
-0.00857478223910653,-0.023883032135676885,0.003559348205476312,0.04902599999999999,0.04902599999999999,6.000000000000002,1.0196078431372548,0.9558823529411764,0.01222494117647059,0.14384626470588235,136,0,2,monthly_beme_inv,monthly size/profit/invest,return_seeking_recent_winner,27,test,iid,constant_a021,0.11827789185185185
0.020218402021500083,0.01224552034570927,0.028410972712597977,0.040906000000000005,0.040906000000000005,15.000000000000002,1.0196078431372548,0.8897058823529411,0.017123066176470587,0.1353010882352941,136,0,3,monthly_beme_inv,monthly size/profit/invest,return_seeking_recent_winner,27,test,iid,constant_a022,0.11827789185185185
-0.0059710293812027,-0.009790972679590264,-0.0019446584362749358,0.043380999999999996,inf,3.0000000000000004,1.0196078431372548,0.9779411764705882,0.008874250000000002,0.14966720588235294,136,18,1,monthly_beme_inv,monthly size/profit/invest,return_seeking_recent_winner,27,test,iid,constant_a023,0.11827789185185185
-0.026277973436030458,-0.040462623734512544,-0.014787877389190142,0.020714999999999997,0.020715,8.0,1.0196078431372548,0.9411764705882353,0.009983330882352941,0.15231129411764704,136,0,2,monthly_beme_inv,monthly size/profit/invest,return_seeking_recent_winner,27,test,iid,constant_a024,0.11827789185185185
0.014859664000000035,0.014859664000000005,0.01485966400000001,,inf,0.0,0.0,1.0,0.010791123823529411,0.10181459294117648,136,200,0,monthly_beme_inv,monthly size/profit/invest,return_seeking_recent_winner,27,test,iid,constant_equal_weight_public,0.11827789185185185
0.015363233276181651,0.005839452239501287,0.02490089624022988,0.10957577777777777,0.1275449117647059,134.99999999999937,1.0196078431372548,0.007352941176475225,0.014479683823529411,0.10938723529411763,136,0,4,monthly_beme_inv,monthly size/profit/invest,return_seeking_recent_winner,27,test,iid,momentum_12,0.11827789185185185
0.026323787715952802,0.02016620386976969,0.033255840353993815,0.037338,0.037338,11.000000000000002,1.0196078431372548,0.9191176470588235,0.00839615323529412,0.10006255882352941,136,0,3,monthly_beme_inv,monthly size/profit/invest,return_seeking_recent_winner,27,test,iid,low_vol_12,0.11827789185185185
0.01849510252269432,0.008338370543086424,0.026910877741257104,0.13029092063492065,0.13898263636363636,62.99999999999973,1.0196078431372548,0.5367647058823549,0.009734536764705884,0.10477579411764705,136,0,4,monthly_beme_inv,monthly size/profit/invest,return_seeking_recent_winner,27,test,iid,risk_adjusted_12,0.11827789185185185
0.11911668208791744,0.10970278529336408,0.1273099621648729,0.022879000000000004,inf,2.0,1.0196078431372548,0.9852941176470589,0.011628338235294118,0.1359804411764706,136,22,1,monthly_beme_inv,monthly size/profit/invest,return_seeking_recent_winner,27,test,iid,ridge_return_train_only,0.11827789185185185
0.014335758182237635,0.013207539856862753,0.015521065695732415,0.083934,0.083934,9.000000000000002,1.0196078431372548,0.9338235294117647,0.012615316176470588,0.0930109705882353,136,1,2,monthly_beme_inv,monthly size/profit/invest,return_seeking_recent_winner,27,test,block,constant_a000,0.11827789185185185
0.11422195331487855,0.013953717235063438,0.3129504676264129,-0.02309564581704458,0.096993,1.0062818761230268,1299.9999999999998,0.992600868557919,0.013102345588235295,0.08792349999999999,136,4,0,monthly_beme_inv,monthly size/profit/invest,return_seeking_recent_winner,27,test,block,constant_a001,0.11827789185185185
0.014930244373702455,0.014859664000000005,0.015071405121107277,-0.024274,inf,1.0,1.0196078431372548,0.9926470588235294,0.012018411764705882,0.09237323529411764,136,75,0,monthly_beme_inv,monthly size/profit/invest,return_seeking_recent_winner,27,test,block,constant_a002,0.11827789185185185
0.03331711263819073,0.02377570745032033,0.04507603220362861,0.065871,0.065871,8.0,1.0196078431372548,0.9411764705882353,0.012507904411764706,0.08533364705882353,136,0,2,monthly_beme_inv,monthly size/profit/invest,return_seeking_recent_winner,27,test,block,constant_a003,0.11827789185185185
0.00201847934860995,-0.007196671795533101,0.011771725192799152,0.12255163829787233,0.129819,46.99999999999986,1.0196078431372548,0.6544117647058834,0.016923816176470586,0.12503776470588232,136,0,3,monthly_beme_inv,monthly size/profit/invest,return_seeking_recent_winner,27,test,block,constant_a004,0.11827789185185185
0.015035721485582495,0.013830294419377172,0.016451262122376017,0.037338,0.037338,10.000000000000002,1.0196078431372548,0.9264705882352942,0.008262551470588235,0.08173532352941176,136,3,3,monthly_beme_inv,monthly size/profit/invest,return_seeking_recent_winner,27,test,block,constant_a005,0.11827789185185185
0.06541081848096164,0.04311325041335953,0.08635925933052042,0.022879000000000004,inf,1.0,1.0196078431372548,0.9926470588235294,0.010530345588235294,0.08785285294117647,136,77,0,monthly_beme_inv,monthly size/profit/invest,return_seeking_recent_winner,27,test,block,constant_a006,0.11827789185185185
0.014859664000000035,0.014859664000000005,0.014859664000000014,,inf,0.0,0.0,1.0,0.009129316176470588,0.08401394117647058,136,200,0,monthly_beme_inv,monthly size/profit/invest,return_seeking_recent_winner,27,test,block,constant_a007,0.11827789185185185
0.014382647547866239,0.013294890563437144,0.01511268489077279,0.032854,inf,4.0,1.0196078431372548,0.9705882352941176,0.00976945588235294,0.09247982352941177,136,19,1,monthly_beme_inv,monthly size/profit/invest,return_seeking_recent_winner,27,test,block,constant_a008,0.11827789185185185
0.014859664000000035,0.014859664000000005,0.014859664000000014,,inf,0.0,0.0,1.0,0.011968948529411766,0.10100061764705882,136,200,0,monthly_beme_inv,monthly size/profit/invest,return_seeking_recent_winner,27,test,block,constant_a009,0.11827789185185185
0.03792580318654723,0.030069843793747667,0.04677299695537914,,inf,0.0,0.0,1.0,0.008373220588235294,0.12336,136,200,0,monthly_beme_inv,monthly size/profit/invest,return_seeking_recent_winner,27,test,block,constant_a010,0.11827789185185185
0.014836807810842019,0.014791095432525958,0.01485966400000001,-0.011811,inf,1.0,1.0196078431372548,0.9926470588235294,0.011226360294117646,0.10341623529411764,136,83,0,monthly_beme_inv,monthly size/profit/invest,return_seeking_recent_winner,27,test,block,constant_a011,0.11827789185185185
0.014859664000000035,0.014859664000000005,0.014859664000000014,,inf,0.0,0.0,1.0,0.008645838235294119,0.10809861764705882,136,200,0,monthly_beme_inv,monthly size/profit/invest,return_seeking_recent_winner,27,test,block,constant_a012,0.11827789185185185
0.014859664000000035,0.014859664000000005,0.014859664000000014,,inf,0.0,0.0,1.0,0.010076757352941175,0.10753394117647058,136,200,0,monthly_beme_inv,monthly size/profit/invest,return_seeking_recent_winner,27,test,block,constant_a013,0.11827789185185185
0.014859664000000035,0.014859664000000005,0.014859664000000014,,inf,0.0,0.0,1.0,0.008284867647058825,0.11493285294117647,136,200,0,monthly_beme_inv,monthly size/profit/invest,return_seeking_recent_winner,27,test,block,constant_a014,0.11827789185185185
0.014764310694348363,0.014573604083044991,0.01485966400000001,-0.002141,inf,1.0,1.0196078431372548,0.9926470588235294,0.008826257352941177,0.12884785294117648,136,76,0,monthly_beme_inv,monthly size/profit/invest,return_seeking_recent_winner,27,test,block,constant_a015,0.11827789185185185
0.014859664000000035,0.014859664000000005,0.014859664000000014,,inf,0.0,0.0,1.0,0.008927345588235295,0.1193340588235294,136,200,0,monthly_beme_inv,monthly size/profit/invest,return_seeking_recent_winner,27,test,block,constant_a016,0.11827789185185185
0.014859664000000035,0.014859664000000005,0.014859664000000014,,inf,0.0,0.0,1.0,0.011229257352941177,0.11723499999999999,136,200,0,monthly_beme_inv,monthly size/profit/invest,return_seeking_recent_winner,27,test,block,constant_a017,0.11827789185185185
0.014859664000000035,0.014859664000000005,0.014859664000000014,,inf,0.0,0.0,1.0,0.008399514705882353,0.11210208823529413,136,200,0,monthly_beme_inv,monthly size/profit/invest,return_seeking_recent_winner,27,test,block,constant_a018,0.11827789185185185
0.014669494662053095,0.014098986648212233,0.01485966400000001,0.010506,inf,1.0,1.0196078431372548,0.9926470588235294,0.00865529411764706,0.12635044117647057,136,64,0,monthly_beme_inv,monthly size/profit/invest,return_seeking_recent_winner,27,test,block,constant_a019,0.11827789185185185
0.022581909422820144,0.016500178041220087,0.028072192353029,0.139899,0.139899,16.0,1.0196078431372548,0.8823529411764706,0.012099382352941175,0.14358485294117646,136,0,3,monthly_beme_inv,monthly size/profit/invest,return_seeking_recent_winner,27,test,block,constant_a020,0.11827789185185185
-0.00857478223910653,-0.030003835637266756,0.014221593352267343,0.04902599999999999,0.04902599999999999,6.000000000000002,1.0196078431372548,0.9558823529411764,0.01222494117647059,0.14384626470588235,136,3,2,monthly_beme_inv,monthly size/profit/invest,return_seeking_recent_winner,27,test,block,constant_a021,0.11827789185185185
0.020218402021500083,0.010641166078786143,0.030617005014982254,0.040906000000000005,0.040906000000000005,15.000000000000002,1.0196078431372548,0.8897058823529411,0.017123066176470587,0.1353010882352941,136,0,3,monthly_beme_inv,monthly size/profit/invest,return_seeking_recent_winner,27,test,block,constant_a022,0.11827789185185185
-0.0059710293812027,-0.011883417229938834,-0.00022019859561584002,0.043380999999999996,inf,3.0000000000000004,1.0196078431372548,0.9779411764705882,0.008874250000000002,0.14966720588235294,136,34,1,monthly_beme_inv,monthly size/profit/invest,return_seeking_recent_winner,27,test,block,constant_a023,0.11827789185185185
-0.026277973436030458,-0.043295573555234466,-0.011156639039332457,0.020714999999999997,0.020715,8.0,1.0196078431372548,0.9411764705882353,0.009983330882352941,0.15231129411764704,136,5,2,monthly_beme_inv,monthly size/profit/invest,return_seeking_recent_winner,27,test,block,constant_a024,0.11827789185185185
0.014859664000000035,0.014859664000000005,0.014859664000000014,,inf,0.0,0.0,1.0,0.010791123823529411,0.10181459294117648,136,200,0,monthly_beme_inv,monthly size/profit/invest,return_seeking_recent_winner,27,test,block,constant_equal_weight_public,0.11827789185185185
0.015363233276181651,0.005686228344144559,0.024925766635223036,0.10957577777777777,0.12687555555555557,134.99999999999937,1.0196078431372548,0.007352941176475225,0.014479683823529411,0.10938723529411763,136,0,4,monthly_beme_inv,monthly size/profit/invest,return_seeking_recent_winner,27,test,block,momentum_12,0.11827789185185185
0.026323787715952802,0.018038544141561006,0.034743490519998005,0.037338,0.037338,11.000000000000002,1.0196078431372548,0.9191176470588235,0.00839615323529412,0.10006255882352941,136,1,3,monthly_beme_inv,monthly size/profit/invest,return_seeking_recent_winner,27,test,block,low_vol_12,0.11827789185185185
0.01849510252269432,0.007832794429267216,0.029552287470907518,0.13029092063492065,0.13833730985915493,62.99999999999973,1.0196078431372548,0.5367647058823549,0.009734536764705884,0.10477579411764705,136,0,4,monthly_beme_inv,monthly size/profit/invest,return_seeking_recent_winner,27,test,block,risk_adjusted_12,0.11827789185185185
0.11911668208791744,0.1066051223322282,0.13088832257432942,0.022879000000000004,inf,2.0,1.0196078431372548,0.9852941176470589,0.011628338235294118,0.1359804411764706,136,21,1,monthly_beme_inv,monthly size/profit/invest,return_seeking_recent_winner,27,test,block,ridge_return_train_only,0.11827789185185185
0.02596434367165077,0.011066853422222231,0.04898236708887028,-0.031331000000000005,inf,1.5871928415693353,56.35444861244079,0.9853037699854691,0.012389592592592593,0.1084932962962963,108,35,0,monthly_beme_inv,monthly size/profit/invest,market_state_mixed,7,calibration,iid,constant_a000,0.11827789185185185
0.009362551928654652,0.0015887258314361346,0.01651348876239508,-0.006353,-0.006352999999999999,2.1982405417825728,64.12625211468165,0.9796459209094206,0.005986157407407407,0.10714711111111111,108,8,1,monthly_beme_inv,monthly size/profit/invest,market_state_mixed,7,calibration,iid,constant_a001,0.11827789185185185
0.004645504214058958,-0.07971424485441479,0.11681702458963449,0.011941,0.011941,4.1601596585520975,43.49860601130069,0.9614800031615547,0.008702425925925926,0.0971386296296296,108,0,1,monthly_beme_inv,monthly size/profit/invest,market_state_mixed,7,calibration,iid,constant_a002,0.11827789185185185
0.008032896511983176,-0.02879296823731612,0.04270405650880442,0.042022000000000004,0.042022000000000004,2.788531690062054,26.402477675746407,0.9741802621290551,0.007643314814814815,0.09719577777777777,108,8,1,monthly_beme_inv,monthly size/profit/invest,market_state_mixed,7,calibration,iid,constant_a003,0.11827789185185185
-0.018485026850108912,-0.07199146649854243,0.011784713982189306,0.031004,0.031004000000000004,2.2110757834001125,62.99713198707977,0.9795270760796286,0.009480231481481482,0.11743285185185184,108,1,1,monthly_beme_inv,monthly size/profit/invest,market_state_mixed,7,calibration,iid,constant_a004,0.11827789185185185
0.03969051658715122,0.010411429440039617,0.08404156060336415,-0.00018999999999999998,-0.00018999999999999998,3.924344257933731,24.16355070655316,0.9636634790932062,0.011261194444444447,0.1134698888888889,108,0,1,monthly_beme_inv,monthly size/profit/invest,market_state_mixed,7,calibration,iid,constant_a005,0.11827789185185185
0.016542632480513283,0.011066853422222231,0.030068510086661865,-0.025507,inf,1.5027758368200872,26.823536720483908,0.9860854089183325,0.008031666666666666,0.08997851851851851,108,27,0,monthly_beme_inv,monthly size/profit/invest,market_state_mixed,7,calibration,iid,constant_a006,0.11827789185185185
-0.008656460929946527,-0.058386036230406994,0.021793901918712513,0.068103,inf,2.9812635546555843,31.38450047345957,0.9723957078272631,0.010627296296296298,0.10327848148148148,108,10,1,monthly_beme_inv,monthly size/profit/invest,market_state_mixed,7,calibration,iid,constant_a007,0.11827789185185185
0.005644967203724276,-0.007571257565495394,0.01660925766703298,0.022707741442144193,0.029337000000000002,1.3690149936678782,62.14029731190727,0.9873239352438159,0.0056105277777777785,0.11024014814814816,108,8,0,monthly_beme_inv,monthly size/profit/invest,market_state_mixed,7,calibration,iid,constant_a008,0.11827789185185185
0.044166204538490204,0.01615506740538515,0.08200107116687656,0.00402251639673273,0.012123,5.313693113731259,34.73149265705312,0.9507991378358217,0.010969518518518519,0.13062,108,0,2,monthly_beme_inv,monthly size/profit/invest,market_state_mixed,7,calibration,iid,constant_a009,0.11827789185185185
-0.007204512472897144,-0.034100583840008095,0.010905173045145206,0.054555629873080554,0.063367,2.5924422195250627,49.52055694587849,0.975995905374768,0.008336898148148149,0.13666044444444442,108,1,1,monthly_beme_inv,monthly size/profit/invest,market_state_mixed,7,calibration,iid,constant_a010,0.11827789185185185
0.05211140767325334,-0.012725183578177712,0.13051689895216548,0.007871333948303793,0.0096,4.298976355267451,36.12950707765393,0.9601946633771532,0.009281564814814814,0.0990418148148148,108,2,1,monthly_beme_inv,monthly size/profit/invest,market_state_mixed,7,calibration,iid,constant_a011,0.11827789185185185
-0.03289463310883542,-0.09441036048710777,0.02421544870400805,0.13972743772249105,0.178004,4.40072763524599,63.12090900852174,0.9592525218958705,0.01044275925925926,0.11443203703703704,108,0,1,monthly_beme_inv,monthly size/profit/invest,market_state_mixed,7,calibration,iid,constant_a012,0.11827789185185185
0.015489752992374917,-0.005504764534786466,0.03403101123501676,0.060426,0.060426,2.7032500903558896,61.33822391802971,0.9749699065707788,0.009317546296296296,0.12716503703703705,108,0,1,monthly_beme_inv,monthly size/profit/invest,market_state_mixed,7,calibration,iid,constant_a013,0.11827789185185185
-0.06243222734281189,-0.24891901561946467,0.05106620714288233,0.132306,0.132306,3.800565063343149,64.22610063761688,0.9648095827468227,0.002895814814814816,0.14171644444444445,108,2,1,monthly_beme_inv,monthly size/profit/invest,market_state_mixed,7,calibration,iid,constant_a014,0.11827789185185185
0.004227173767622465,-0.009452185541577094,0.011066853422222234,0.032313999999999996,inf,1.0,17.027913109666436,0.9907407407407407,0.00806975925925926,0.15166288888888887,108,83,0,monthly_beme_inv,monthly size/profit/invest,market_state_mixed,7,calibration,iid,constant_a015,0.11827789185185185
-0.011265994602655774,-0.02123267090922661,0.0009084608139339466,0.004204,0.004204,4.2663981794844865,12.547346301132416,0.9604963131529214,0.007727046296296298,0.13265266666666667,108,0,1,monthly_beme_inv,monthly size/profit/invest,market_state_mixed,7,calibration,iid,constant_a016,0.11827789185185185
0.014882823987239358,-0.14436468417326787,0.09390481915495259,-0.005773000000000001,-0.005773,2.0360322200699748,37.682788204886954,0.9811478498141669,0.006241351851851851,0.15278481481481482,108,6,1,monthly_beme_inv,monthly size/profit/invest,market_state_mixed,7,calibration,iid,constant_a017,0.11827789185185185
0.020202194600986004,0.011066853422222231,0.03596667586136776,-0.037382,inf,1.2953404423782982,27.206655554764655,0.9880061070150158,0.005075231481481484,0.2541734074074074,108,24,0,monthly_beme_inv,monthly size/profit/invest,market_state_mixed,7,calibration,iid,constant_a018,0.11827789185185185
-0.013854156229906375,-0.16001655329452874,0.11036794317889768,0.147515,0.147515,5.646428411480431,56.17052223148131,0.9477182554492553,0.0042173333333333325,0.147348,108,0,2,monthly_beme_inv,monthly size/profit/invest,market_state_mixed,7,calibration,iid,constant_a019,0.11827789185185185
0.02990440632526039,0.016076163201297865,0.04185049891692368,,inf,0.0,0.0,1.0,0.008245074074074075,0.13999414814814815,108,200,0,monthly_beme_inv,monthly size/profit/invest,market_state_mixed,7,calibration,iid,constant_a020,0.11827789185185185
-0.03741832771708505,-0.16005544174624758,0.03909426743580319,0.07324222130657287,0.08883100000000001,2.3077746399826693,64.99755091413581,0.9786317162964567,0.006383953703703705,0.15362255555555557,108,6,1,monthly_beme_inv,monthly size/profit/invest,market_state_mixed,7,calibration,iid,constant_a021,0.11827789185185185
0.03217038743017552,0.011066853422222231,0.05394597129808628,-0.019152,inf,1.18701820818119,22.727064974631258,0.989009090664989,0.007549240740740741,0.166953037037037,108,28,0,monthly_beme_inv,monthly size/profit/invest,market_state_mixed,7,calibration,iid,constant_a022,0.11827789185185185
0.01791383737778636,0.01106685342222223,0.031607805288914596,-0.022449,inf,1.0,64.96790936119696,0.9907407407407407,0.010377666666666665,0.1526464814814815,108,75,0,monthly_beme_inv,monthly size/profit/invest,market_state_mixed,7,calibration,iid,constant_a023,0.11827789185185185
0.04116681395883247,0.004575187039516776,0.1156387413387505,0.049182,inf,2.579951571352928,35.322215749598065,0.9761115595245099,0.003429722222222222,0.15112655555555557,108,12,1,monthly_beme_inv,monthly size/profit/invest,market_state_mixed,7,calibration,iid,constant_a024,0.11827789185185185
0.032330050953637286,0.0014414061791861844,0.07608906611564996,0.011486520000000002,0.011486520000000002,4.253453493909406,59.20040891562592,0.9606161713526907,0.007931715555555555,0.11827789185185185,108,1,1,monthly_beme_inv,monthly size/profit/invest,market_state_mixed,7,calibration,iid,constant_equal_weight_public,0.11827789185185185
0.03339365913886815,0.0003869654985492952,0.06945436900479456,0.13495071115185578,0.178004,6.9523054084389315,27.206655554764655,0.9356268017737136,0.00639925,0.11877474074074072,108,0,2,monthly_beme_inv,monthly size/profit/invest,market_state_mixed,7,calibration,iid,momentum_12,0.11827789185185185
0.010284010345267795,-0.010249316984181708,0.040360929589465445,0.060425999999999994,0.06042600000000001,4.685175222923775,18.104841538852714,0.956618747935891,0.005811675925925926,0.12731337037037035,108,0,1,monthly_beme_inv,monthly size/profit/invest,market_state_mixed,7,calibration,iid,low_vol_12,0.11827789185185185
-0.008766389215581089,-0.04112039087091416,0.02296002101453189,0.15395848836888615,0.178004,26.579488081979427,8.84171659118006,0.7538936288705609,0.010428287037037036,0.13604655555555556,108,0,3,monthly_beme_inv,monthly size/profit/invest,market_state_mixed,7,calibration,iid,risk_adjusted_12,0.11827789185185185
0.016849795543340033,-0.1401573278508568,0.10513550579074933,0.010112000000000001,0.010112000000000003,2.9865143329888815,37.682788204886954,0.9723470895093622,0.010467194444444446,0.13112433333333331,108,3,1,monthly_beme_inv,monthly size/profit/invest,market_state_mixed,7,calibration,iid,ridge_return_train_only,0.11827789185185185
0.02596434367165077,0.011066853422222231,0.04546521214776722,-0.031331000000000005,inf,1.5871928415693353,56.35444861244079,0.9853037699854691,0.012389592592592593,0.1084932962962963,108,21,0,monthly_beme_inv,monthly size/profit/invest,market_state_mixed,7,calibration,block,constant_a000,0.11827789185185185
0.009362551928654652,0.001588725831436136,0.016513488762395074,-0.006353,-0.006352999999999999,2.1982405417825728,64.12625211468165,0.9796459209094206,0.005986157407407407,0.10714711111111111,108,7,1,monthly_beme_inv,monthly size/profit/invest,market_state_mixed,7,calibration,block,constant_a001,0.11827789185185185
0.004645504214058958,-0.09541933025232786,0.09526774219867352,0.011941,0.011941,4.1601596585520975,43.49860601130069,0.9614800031615547,0.008702425925925926,0.0971386296296296,108,1,1,monthly_beme_inv,monthly size/profit/invest,market_state_mixed,7,calibration,block,constant_a002,0.11827789185185185
0.008032896511983176,-0.017059168547676955,0.031857723118316,0.042022000000000004,inf,2.788531690062054,26.402477675746407,0.9741802621290551,0.007643314814814815,0.09719577777777777,108,19,1,monthly_beme_inv,monthly size/profit/invest,market_state_mixed,7,calibration,block,constant_a003,0.11827789185185185
-0.018485026850108912,-0.09343804195747464,0.011878736651426573,0.031004,0.031004,2.2110757834001125,62.99713198707977,0.9795270760796286,0.009480231481481482,0.11743285185185184,108,2,1,monthly_beme_inv,monthly size/profit/invest,market_state_mixed,7,calibration,block,constant_a004,0.11827789185185185
0.03969051658715122,0.009818382863096716,0.08532186157187227,-0.00018999999999999998,-0.00018999999999999998,3.924344257933731,24.16355070655316,0.9636634790932062,0.011261194444444447,0.1134698888888889,108,1,1,monthly_beme_inv,monthly size/profit/invest,market_state_mixed,7,calibration,block,constant_a005,0.11827789185185185
0.016542632480513283,0.011066853422222231,0.027558548584334545,-0.025507,inf,1.5027758368200872,26.823536720483908,0.9860854089183325,0.008031666666666666,0.08997851851851851,108,16,0,monthly_beme_inv,monthly size/profit/invest,market_state_mixed,7,calibration,block,constant_a006,0.11827789185185185
-0.008656460929946527,-0.058840969884441825,0.020082484839248137,0.068103,inf,2.9812635546555843,31.38450047345957,0.9723957078272631,0.010627296296296298,0.10327848148148148,108,15,1,monthly_beme_inv,monthly size/profit/invest,market_state_mixed,7,calibration,block,constant_a007,0.11827789185185185
0.005644967203724276,-0.0035542109468666735,0.01437064132422166,0.022707741442144193,inf,1.3690149936678782,62.14029731190727,0.9873239352438159,0.0056105277777777785,0.11024014814814816,108,14,0,monthly_beme_inv,monthly size/profit/invest,market_state_mixed,7,calibration,block,constant_a008,0.11827789185185185
0.044166204538490204,0.012912505773935217,0.0821357343232538,0.00402251639673273,0.012123,5.313693113731259,34.73149265705312,0.9507991378358217,0.010969518518518519,0.13062,108,0,2,monthly_beme_inv,monthly size/profit/invest,market_state_mixed,7,calibration,block,constant_a009,0.11827789185185185
-0.007204512472897144,-0.03499144576970605,0.013105208234598525,0.054555629873080554,inf,2.5924422195250627,49.52055694587849,0.975995905374768,0.008336898148148149,0.13666044444444442,108,14,1,monthly_beme_inv,monthly size/profit/invest,market_state_mixed,7,calibration,block,constant_a010,0.11827789185185185
0.05211140767325334,-0.010042071820875277,0.14718447020646458,0.007871333948303793,0.0096,4.298976355267451,36.12950707765393,0.9601946633771532,0.009281564814814814,0.0990418148148148,108,3,1,monthly_beme_inv,monthly size/profit/invest,market_state_mixed,7,calibration,block,constant_a011,0.11827789185185185
-0.03289463310883542,-0.11779310681176638,0.018074640711863457,0.13972743772249105,0.178004,4.40072763524599,63.12090900852174,0.9592525218958705,0.01044275925925926,0.11443203703703704,108,0,1,monthly_beme_inv,monthly size/profit/invest,market_state_mixed,7,calibration,block,constant_a012,0.11827789185185185
0.015489752992374917,-0.0021871307605738997,0.03768534328557443,0.060426,0.06042600000000001,2.7032500903558896,61.33822391802971,0.9749699065707788,0.009317546296296296,0.12716503703703705,108,0,1,monthly_beme_inv,monthly size/profit/invest,market_state_mixed,7,calibration,block,constant_a013,0.11827789185185185
-0.06243222734281189,-0.2551601873720963,0.05529321163773912,0.132306,0.132306,3.800565063343149,64.22610063761688,0.9648095827468227,0.002895814814814816,0.14171644444444445,108,4,1,monthly_beme_inv,monthly size/profit/invest,market_state_mixed,7,calibration,block,constant_a014,0.11827789185185185
0.004227173767622465,-0.009452185541577094,0.011066853422222234,0.032313999999999996,inf,1.0,17.027913109666436,0.9907407407407407,0.00806975925925926,0.15166288888888887,108,66,0,monthly_beme_inv,monthly size/profit/invest,market_state_mixed,7,calibration,block,constant_a015,0.11827789185185185
-0.011265994602655774,-0.02290246278800452,0.004573070831440318,0.004204,0.004204,4.2663981794844865,12.547346301132416,0.9604963131529214,0.007727046296296298,0.13265266666666667,108,1,1,monthly_beme_inv,monthly size/profit/invest,market_state_mixed,7,calibration,block,constant_a016,0.11827789185185185
0.014882823987239358,-0.1332324526076353,0.09515060757010907,-0.005773000000000001,inf,2.0360322200699748,37.682788204886954,0.9811478498141669,0.006241351851851851,0.15278481481481482,108,11,1,monthly_beme_inv,monthly size/profit/invest,market_state_mixed,7,calibration,block,constant_a017,0.11827789185185185
0.020202194600986004,0.011066853422222231,0.03600709430855093,-0.037382,inf,1.2953404423782982,27.206655554764655,0.9880061070150158,0.005075231481481484,0.2541734074074074,108,28,0,monthly_beme_inv,monthly size/profit/invest,market_state_mixed,7,calibration,block,constant_a018,0.11827789185185185
-0.013854156229906375,-0.19826712639673708,0.10602911011448488,0.147515,0.147515,5.646428411480431,56.17052223148131,0.9477182554492553,0.0042173333333333325,0.147348,108,0,2,monthly_beme_inv,monthly size/profit/invest,market_state_mixed,7,calibration,block,constant_a019,0.11827789185185185
0.02990440632526039,0.0031090345451639644,0.051589820264236905,,inf,0.0,0.0,1.0,0.008245074074074075,0.13999414814814815,108,200,0,monthly_beme_inv,monthly size/profit/invest,market_state_mixed,7,calibration,block,constant_a020,0.11827789185185185
-0.03741832771708505,-0.17376652868509912,0.03881983148248535,0.07324222130657287,0.08883100000000001,2.3077746399826693,64.99755091413581,0.9786317162964567,0.006383953703703705,0.15362255555555557,108,6,1,monthly_beme_inv,monthly size/profit/invest,market_state_mixed,7,calibration,block,constant_a021,0.11827789185185185
0.03217038743017552,0.01106685342222223,0.07406044268855644,-0.019152,inf,1.18701820818119,22.727064974631258,0.989009090664989,0.007549240740740741,0.166953037037037,108,39,0,monthly_beme_inv,monthly size/profit/invest,market_state_mixed,7,calibration,block,constant_a022,0.11827789185185185
0.01791383737778636,0.01106685342222223,0.031607805288914596,-0.022449,inf,1.0,64.96790936119696,0.9907407407407407,0.010377666666666665,0.1526464814814815,108,57,0,monthly_beme_inv,monthly size/profit/invest,market_state_mixed,7,calibration,block,constant_a023,0.11827789185185185
0.04116681395883247,0.0005853887585232458,0.1030980539770791,0.049182,inf,2.579951571352928,35.322215749598065,0.9761115595245099,0.003429722222222222,0.15112655555555557,108,11,1,monthly_beme_inv,monthly size/profit/invest,market_state_mixed,7,calibration,block,constant_a024,0.11827789185185185
0.032330050953637286,0.004880807731591461,0.07424001476738672,0.011486520000000002,0.011486520000000002,4.253453493909406,59.20040891562592,0.9606161713526907,0.007931715555555555,0.11827789185185185,108,1,1,monthly_beme_inv,monthly size/profit/invest,market_state_mixed,7,calibration,block,constant_equal_weight_public,0.11827789185185185
0.03339365913886815,0.0023113939448263393,0.06018504022060768,0.13495071115185578,0.178004,6.9523054084389315,27.206655554764655,0.9356268017737136,0.00639925,0.11877474074074072,108,0,2,monthly_beme_inv,monthly size/profit/invest,market_state_mixed,7,calibration,block,momentum_12,0.11827789185185185
0.010284010345267795,-0.010849165027418938,0.034743244823154655,0.060425999999999994,0.06042600000000001,4.685175222923775,18.104841538852714,0.956618747935891,0.005811675925925926,0.12731337037037035,108,0,1,monthly_beme_inv,monthly size/profit/invest,market_state_mixed,7,calibration,block,low_vol_12,0.11827789185185185
-0.008766389215581089,-0.04492122087062399,0.02272122810249321,0.15395848836888615,0.178004,26.579488081979427,8.84171659118006,0.7538936288705609,0.010428287037037036,0.13604655555555556,108,0,3,monthly_beme_inv,monthly size/profit/invest,market_state_mixed,7,calibration,block,risk_adjusted_12,0.11827789185185185
0.016849795543340033,-0.1421932160578365,0.10107134715087272,0.010112000000000001,0.010112000000000003,2.9865143329888815,37.682788204886954,0.9723470895093622,0.010467194444444446,0.13112433333333331,108,2,1,monthly_beme_inv,monthly size/profit/invest,market_state_mixed,7,calibration,block,ridge_return_train_only,0.11827789185185185
0.011356894984939362,0.011066853422222226,0.011944229149441526,-0.020193,inf,1.0,4.322268132924685,0.9926470588235294,0.012615316176470588,0.0930109705882353,136,72,0,monthly_beme_inv,monthly size/profit/invest,market_state_mixed,7,test,iid,constant_a000,0.11827789185185185
0.01701983468886136,0.007564817010703645,0.032006835212939795,0.0131,0.013100000000000002,2.441947783005614,22.978746102920795,0.9820445015955469,0.013102345588235295,0.08792349999999999,136,8,1,monthly_beme_inv,monthly size/profit/invest,market_state_mixed,7,test,iid,constant_a001,0.11827789185185185
-0.0339528428321495,-0.049273250109692725,-0.01787915479668409,0.019906999999999998,inf,1.9633176803282937,39.24503517099549,0.9855638405858214,0.012018411764705882,0.09237323529411764,136,12,0,monthly_beme_inv,monthly size/profit/invest,market_state_mixed,7,test,iid,constant_a002,0.11827789185185185
0.01835072066475108,-0.005820405572803487,0.04028561470727504,0.06716899999999999,0.06716899999999999,5.086019263797765,44.129891268526855,0.9626027995308988,0.012507904411764706,0.08533364705882353,136,0,2,monthly_beme_inv,monthly size/profit/invest,market_state_mixed,7,test,iid,constant_a003,0.11827789185185185
0.025420763620582616,-0.034486393463577306,0.06755995423087745,0.034883000000000004,0.034883000000000004,4.808969672021215,58.37028878254938,0.964639928882197,0.016923816176470586,0.12503776470588232,136,0,1,monthly_beme_inv,monthly size/profit/invest,market_state_mixed,7,test,iid,constant_a004,0.11827789185185185
0.01126113398869059,0.009006951630694633,0.014044480222495036,0.037338,0.037338,6.814346398574329,4.532324791877496,0.9498945117751888,0.008262551470588235,0.08173532352941176,136,0,2,monthly_beme_inv,monthly size/profit/invest,market_state_mixed,7,test,iid,constant_a005,0.11827789185185185
0.008482227055721136,-0.024169394818127892,0.03227924832021939,0.022361,0.022361,3.959096420438625,58.53580911397991,0.9708889969085395,0.010530345588235294,0.08785285294117647,136,0,1,monthly_beme_inv,monthly size/profit/invest,market_state_mixed,7,test,iid,constant_a006,0.11827789185185185
0.012727935450557063,0.008331358547801024,0.017703264663441087,0.04439362381666732,0.072443,2.0325919610205947,54.60987736941625,0.9850544708748485,0.009129316176470588,0.08401394117647058,136,1,1,monthly_beme_inv,monthly size/profit/invest,market_state_mixed,7,test,iid,constant_a007,0.11827789185185185
0.006945120726204278,-0.027597171245853085,0.03533086940389827,0.07223399999999999,0.07223399999999999,4.805213421370241,21.01796196689967,0.9646675483722776,0.00976945588235294,0.09247982352941177,136,0,1,monthly_beme_inv,monthly size/profit/invest,market_state_mixed,7,test,iid,constant_a008,0.11827789185185185
0.0012833050097091042,-0.02890190254393299,0.02240222987750357,0.051817,0.051817,4.93384083961965,32.196906226246,0.9637217585322084,0.011968948529411766,0.10100061764705882,136,0,1,monthly_beme_inv,monthly size/profit/invest,market_state_mixed,7,test,iid,constant_a009,0.11827789185185185
0.012273992026018572,0.007090880298761233,0.018415357927484628,,inf,0.0,0.0,1.0,0.008373220588235294,0.12336,136,200,0,monthly_beme_inv,monthly size/profit/invest,market_state_mixed,7,test,iid,constant_a010,0.11827789185185185
0.012234898500479189,-0.00459212896190291,0.030155426306852133,0.027021000000000003,inf,1.9083685198298517,47.96557009682667,0.9859678785306628,0.011226360294117646,0.10341623529411764,136,23,0,monthly_beme_inv,monthly size/profit/invest,market_state_mixed,7,test,iid,constant_a011,0.11827789185185185
-0.012048303364132096,-0.05885649585649971,0.011066853422222231,0.03884,inf,1.0,62.99057358611993,0.9926470588235294,0.008645838235294119,0.10809861764705882,136,79,0,monthly_beme_inv,monthly size/profit/invest,market_state_mixed,7,test,iid,constant_a012,0.11827789185185185
0.01084804665687522,-0.0286087861995768,0.049798548676721587,0.051108,0.051108,5.054181696713673,46.57432193886513,0.9628368992888701,0.010076757352941175,0.10753394117647058,136,0,2,monthly_beme_inv,monthly size/profit/invest,market_state_mixed,7,test,iid,constant_a013,0.11827789185185185
0.06323227702160301,0.01106685342222223,0.1259790736733594,-0.032427000000000004,-0.032427000000000004,2.9989576523149606,63.94294212092234,0.9779488407918018,0.008284867647058825,0.11493285294117647,136,7,1,monthly_beme_inv,monthly size/profit/invest,market_state_mixed,7,test,iid,constant_a014,0.11827789185185185
-0.041536456073382355,-0.14402854812402002,0.01106685342222223,0.09336100000000001,inf,1.3036742779536827,64.88123774244048,0.9904141597209288,0.008826257352941177,0.12884785294117648,136,18,0,monthly_beme_inv,monthly size/profit/invest,market_state_mixed,7,test,iid,constant_a015,0.11827789185185185
0.05795133573438805,0.006749630217387668,0.1315186624822069,0.018687,0.018687,5.152939997245181,45.80546163313998,0.9621107353143736,0.008927345588235295,0.1193340588235294,136,0,2,monthly_beme_inv,monthly size/profit/invest,market_state_mixed,7,test,iid,constant_a016,0.11827789185185185
-0.011259076820936836,-0.16218081409407267,0.06520883316122501,0.11611200000000002,0.11611200000000002,4.603265871207439,56.69649397001719,0.966152456829357,0.011229257352941177,0.11723499999999999,136,0,1,monthly_beme_inv,monthly size/profit/invest,market_state_mixed,7,test,iid,constant_a017,0.11827789185185185
-0.01977956567249807,-0.1166393585537046,0.05291463041892572,0.059985,0.059985000000000004,7.0305153465179435,61.77499482840278,0.9483050342167798,0.008399514705882353,0.11210208823529413,136,0,2,monthly_beme_inv,monthly size/profit/invest,market_state_mixed,7,test,iid,constant_a018,0.11827789185185185
0.005981540084032355,-0.004189086592347395,0.011066853422222231,-9.7e-05,inf,1.0,63.04574795801798,0.9926470588235294,0.00865529411764706,0.12635044117647057,136,72,0,monthly_beme_inv,monthly size/profit/invest,market_state_mixed,7,test,iid,constant_a019,0.11827789185185185
-0.014055097670581078,-0.14859529546487515,0.12939789240823252,0.11080204206057777,0.139899,4.285137971453534,43.47028182386013,0.9684916325628417,0.012099382352941175,0.14358485294117646,136,0,1,monthly_beme_inv,monthly size/profit/invest,market_state_mixed,7,test,iid,constant_a020,0.11827789185185185
-0.00521712797823315,-0.22952626248820387,0.17587125397777426,0.128353,0.128353,6.048185218052509,62.953624017151704,0.9555280498672609,0.01222494117647059,0.14384626470588235,136,0,2,monthly_beme_inv,monthly size/profit/invest,market_state_mixed,7,test,iid,constant_a021,0.11827789185185185
0.08776119488998611,0.012319222705425929,0.20186934261928657,-0.027214999999999996,-0.027214999999999996,3.083355281061334,45.86763753956528,0.9773282699921961,0.017123066176470587,0.1353010882352941,136,3,1,monthly_beme_inv,monthly size/profit/invest,market_state_mixed,7,test,iid,constant_a022,0.11827789185185185
-0.0013906468670301783,-0.05882946327953136,0.05928734841744082,0.027315,0.027315000000000002,3.786190594394826,61.13024825029592,0.9721603632765087,0.008874250000000002,0.14966720588235294,136,3,1,monthly_beme_inv,monthly size/profit/invest,market_state_mixed,7,test,iid,constant_a023,0.11827789185185185
0.033129126643831434,0.007320969346751808,0.08063759691520808,-0.0016232539504448264,0.011303,3.092597862114695,64.99723561774195,0.977260309837392,0.009983330882352941,0.15231129411764704,136,0,1,monthly_beme_inv,monthly size/profit/invest,market_state_mixed,7,test,iid,constant_a024,0.11827789185185185
0.0027666418863156804,-0.03752255601009053,0.04739744487030442,0.03352928000000001,0.03352928000000001,2.9057695173295137,56.59877938230351,0.9786340476666947,0.010791123823529411,0.10181459294117648,136,4,1,monthly_beme_inv,monthly size/profit/invest,market_state_mixed,7,test,iid,constant_equal_weight_public,0.11827789185185185
0.028487802342605957,0.004682133263910795,0.05547585297489349,0.09428847275957726,0.139899,17.7424419858473,18.86471947085847,0.8695408677511228,0.014479683823529411,0.10938723529411763,136,0,3,monthly_beme_inv,monthly size/profit/invest,market_state_mixed,7,test,iid,momentum_12,0.11827789185185185
-0.0036985212400435165,-0.03620622402928353,0.01648994327819372,0.07230241741527385,0.072443,4.6962808468779365,40.41230013554686,0.9654685231847211,0.00839615323529412,0.10006255882352941,136,0,1,monthly_beme_inv,monthly size/profit/invest,market_state_mixed,7,test,iid,low_vol_12,0.11827789185185185
0.022854869793051687,0.007026531507317261,0.036511285760566094,0.0960250892892018,0.139899,38.21394250278276,6.865167030309468,0.7190151286560091,0.009734536764705884,0.10477579411764705,136,0,3,monthly_beme_inv,monthly size/profit/invest,market_state_mixed,7,test,iid,risk_adjusted_12,0.11827789185185185
-0.019636994363396457,-0.1883124986908934,0.08100708678745278,0.128353,0.128353,3.0909691744994134,59.048069785992865,0.9772722854816219,0.011045367647058824,0.13017414705882352,136,4,1,monthly_beme_inv,monthly size/profit/invest,market_state_mixed,7,test,iid,ridge_return_train_only,0.11827789185185185
0.011356894984939362,0.011066853422222226,0.012227019673090716,-0.020193,inf,1.0,4.322268132924685,0.9926470588235294,0.012615316176470588,0.0930109705882353,136,71,0,monthly_beme_inv,monthly size/profit/invest,market_state_mixed,7,test,block,constant_a000,0.11827789185185185
0.01701983468886136,0.010821806018155009,0.02626841959889267,0.0131,inf,2.441947783005614,22.978746102920795,0.9820445015955469,0.013102345588235295,0.08792349999999999,136,13,1,monthly_beme_inv,monthly size/profit/invest,market_state_mixed,7,test,block,constant_a001,0.11827789185185185
-0.0339528428321495,-0.0520341413385687,-0.018412881200856435,0.019906999999999998,0.019906999999999998,1.9633176803282937,39.24503517099549,0.9855638405858214,0.012018411764705882,0.09237323529411764,136,6,0,monthly_beme_inv,monthly size/profit/invest,market_state_mixed,7,test,block,constant_a002,0.11827789185185185
0.01835072066475108,-0.0009899749597334815,0.04740080513809423,0.06716899999999999,0.06716899999999999,5.086019263797765,44.129891268526855,0.9626027995308988,0.012507904411764706,0.08533364705882353,136,0,2,monthly_beme_inv,monthly size/profit/invest,market_state_mixed,7,test,block,constant_a003,0.11827789185185185
0.025420763620582616,-0.022525829102614664,0.08033872066767968,0.034883000000000004,0.034883000000000004,4.808969672021215,58.37028878254938,0.964639928882197,0.016923816176470586,0.12503776470588232,136,0,1,monthly_beme_inv,monthly size/profit/invest,market_state_mixed,7,test,block,constant_a004,0.11827789185185185
0.01126113398869059,0.009153587119164362,0.013737666663255207,0.037338,0.037338,6.814346398574329,4.532324791877496,0.9498945117751888,0.008262551470588235,0.08173532352941176,136,2,2,monthly_beme_inv,monthly size/profit/invest,market_state_mixed,7,test,block,constant_a005,0.11827789185185185
0.008482227055721136,-0.03012461862221718,0.033996718400581945,0.022361,0.022361,3.959096420438625,58.53580911397991,0.9708889969085395,0.010530345588235294,0.08785285294117647,136,1,1,monthly_beme_inv,monthly size/profit/invest,market_state_mixed,7,test,block,constant_a006,0.11827789185185185
0.012727935450557063,0.008106997364626238,0.017580103720077393,0.04439362381666732,0.072443,2.0325919610205947,54.60987736941625,0.9850544708748485,0.009129316176470588,0.08401394117647058,136,3,1,monthly_beme_inv,monthly size/profit/invest,market_state_mixed,7,test,block,constant_a007,0.11827789185185185
0.006945120726204278,-0.02657968728196854,0.03180492693270653,0.07223399999999999,0.07223399999999999,4.805213421370241,21.01796196689967,0.9646675483722776,0.00976945588235294,0.09247982352941177,136,0,1,monthly_beme_inv,monthly size/profit/invest,market_state_mixed,7,test,block,constant_a008,0.11827789185185185
0.0012833050097091042,-0.03209614621587813,0.02474613091986006,0.051817,0.05181700000000001,4.93384083961965,32.196906226246,0.9637217585322084,0.011968948529411766,0.10100061764705882,136,1,1,monthly_beme_inv,monthly size/profit/invest,market_state_mixed,7,test,block,constant_a009,0.11827789185185185
0.012273992026018572,0.005906701649253652,0.018454711662177697,,inf,0.0,0.0,1.0,0.008373220588235294,0.12336,136,200,0,monthly_beme_inv,monthly size/profit/invest,market_state_mixed,7,test,block,constant_a010,0.11827789185185185
0.012234898500479189,-0.0029932796692580827,0.030110566756555376,0.027021000000000003,inf,1.9083685198298517,47.96557009682667,0.9859678785306628,0.011226360294117646,0.10341623529411764,136,28,0,monthly_beme_inv,monthly size/profit/invest,market_state_mixed,7,test,block,constant_a011,0.11827789185185185
-0.012048303364132096,-0.08139377372319519,0.011066853422222231,0.03884,inf,1.0,62.99057358611993,0.9926470588235294,0.008645838235294119,0.10809861764705882,136,76,0,monthly_beme_inv,monthly size/profit/invest,market_state_mixed,7,test,block,constant_a012,0.11827789185185185
0.01084804665687522,-0.02558371480919633,0.04267715163018639,0.051108,0.05110800000000001,5.054181696713673,46.57432193886513,0.9628368992888701,0.010076757352941175,0.10753394117647058,136,0,2,monthly_beme_inv,monthly size/profit/invest,market_state_mixed,7,test,block,constant_a013,0.11827789185185185
0.06323227702160301,0.011066853422222231,0.12778474554648275,-0.032427000000000004,-0.032427000000000004,2.9989576523149606,63.94294212092234,0.9779488407918018,0.008284867647058825,0.11493285294117647,136,6,1,monthly_beme_inv,monthly size/profit/invest,market_state_mixed,7,test,block,constant_a014,0.11827789185185185
-0.041536456073382355,-0.18820986377836388,0.01106685342222223,0.09336100000000001,inf,1.3036742779536827,64.88123774244048,0.9904141597209288,0.008826257352941177,0.12884785294117648,136,19,0,monthly_beme_inv,monthly size/profit/invest,market_state_mixed,7,test,block,constant_a015,0.11827789185185185
0.05795133573438805,-2.4973418387042716e-05,0.14352773338303287,0.018687,0.018687,5.152939997245181,45.80546163313998,0.9621107353143736,0.008927345588235295,0.1193340588235294,136,0,2,monthly_beme_inv,monthly size/profit/invest,market_state_mixed,7,test,block,constant_a016,0.11827789185185185
-0.011259076820936836,-0.1428773260041276,0.0680416752752581,0.11611200000000002,0.11611200000000002,4.603265871207439,56.69649397001719,0.966152456829357,0.011229257352941177,0.11723499999999999,136,0,1,monthly_beme_inv,monthly size/profit/invest,market_state_mixed,7,test,block,constant_a017,0.11827789185185185
-0.01977956567249807,-0.09903513466317405,0.06920622480035377,0.059985,0.059985000000000004,7.0305153465179435,61.77499482840278,0.9483050342167798,0.008399514705882353,0.11210208823529413,136,0,2,monthly_beme_inv,monthly size/profit/invest,market_state_mixed,7,test,block,constant_a018,0.11827789185185185
0.005981540084032355,-0.00927439993053727,0.011066853422222231,-9.7e-05,inf,1.0,63.04574795801798,0.9926470588235294,0.00865529411764706,0.12635044117647057,136,70,0,monthly_beme_inv,monthly size/profit/invest,market_state_mixed,7,test,block,constant_a019,0.11827789185185185
-0.014055097670581078,-0.13020210101956065,0.07213646444462149,0.11080204206057777,0.139899,4.285137971453534,43.47028182386013,0.9684916325628417,0.012099382352941175,0.14358485294117646,136,0,1,monthly_beme_inv,monthly size/profit/invest,market_state_mixed,7,test,block,constant_a020,0.11827789185185185
-0.00521712797823315,-0.21260639045497992,0.17626742116148933,0.128353,0.128353,6.048185218052509,62.953624017151704,0.9555280498672609,0.01222494117647059,0.14384626470588235,136,0,2,monthly_beme_inv,monthly size/profit/invest,market_state_mixed,7,test,block,constant_a021,0.11827789185185185
0.08776119488998611,0.01354028275654954,0.19652890837584702,-0.027214999999999996,-0.027214999999999996,3.083355281061334,45.86763753956528,0.9773282699921961,0.017123066176470587,0.1353010882352941,136,2,1,monthly_beme_inv,monthly size/profit/invest,market_state_mixed,7,test,block,constant_a022,0.11827789185185185
-0.0013906468670301783,-0.044213032420188786,0.04485913612118496,0.027315,0.027315000000000002,3.786190594394826,61.13024825029592,0.9721603632765087,0.008874250000000002,0.14966720588235294,136,7,1,monthly_beme_inv,monthly size/profit/invest,market_state_mixed,7,test,block,constant_a023,0.11827789185185185
0.033129126643831434,0.0070650734975811254,0.08027770568368175,-0.0016232539504448264,0.011303,3.092597862114695,64.99723561774195,0.977260309837392,0.009983330882352941,0.15231129411764704,136,4,1,monthly_beme_inv,monthly size/profit/invest,market_state_mixed,7,test,block,constant_a024,0.11827789185185185
0.0027666418863156804,-0.045906584459916105,0.0590503329629717,0.03352928000000001,inf,2.9057695173295137,56.59877938230351,0.9786340476666947,0.010791123823529411,0.10181459294117648,136,10,1,monthly_beme_inv,monthly size/profit/invest,market_state_mixed,7,test,block,constant_equal_weight_public,0.11827789185185185
0.028487802342605957,0.003404944450488493,0.06081562472759103,0.09428847275957726,0.139899,17.7424419858473,18.86471947085847,0.8695408677511228,0.014479683823529411,0.10938723529411763,136,0,3,monthly_beme_inv,monthly size/profit/invest,market_state_mixed,7,test,block,momentum_12,0.11827789185185185
-0.0036985212400435165,-0.036420091340217314,0.01797830674400985,0.07230241741527385,0.072443,4.6962808468779365,40.41230013554686,0.9654685231847211,0.00839615323529412,0.10006255882352941,136,0,1,monthly_beme_inv,monthly size/profit/invest,market_state_mixed,7,test,block,low_vol_12,0.11827789185185185
0.022854869793051687,0.00668244580208701,0.04348418192170694,0.0960250892892018,0.139899,38.21394250278276,6.865167030309468,0.7190151286560091,0.009734536764705884,0.10477579411764705,136,0,3,monthly_beme_inv,monthly size/profit/invest,market_state_mixed,7,test,block,risk_adjusted_12,0.11827789185185185
-0.019636994363396457,-0.19976132720342601,0.07989527502101117,0.128353,0.128353,3.0909691744994134,59.048069785992865,0.9772722854816219,0.011045367647058824,0.13017414705882352,136,3,1,monthly_beme_inv,monthly size/profit/invest,market_state_mixed,7,test,block,ridge_return_train_only,0.11827789185185185
-0.021252266738445717,-0.09750743366329147,0.02218771042573205,0.055729,0.05572900000000001,3.1801065767263426,48.23187916488305,0.9705545687340154,0.012389592592592593,0.1084932962962963,108,5,1,monthly_beme_inv,monthly size/profit/invest,market_state_mixed,17,calibration,iid,constant_a000,0.11827789185185185
0.026700504301935442,0.008455509878479506,0.05034087930519215,-0.007367000000000001,-0.007366999999999999,3.518891130815181,64.70756593089692,0.9674176747146742,0.005986157407407407,0.10714711111111111,108,4,1,monthly_beme_inv,monthly size/profit/invest,market_state_mixed,17,calibration,iid,constant_a001,0.11827789185185185
0.01717386541236815,-0.01448282823184259,0.07610718854326787,0.005719999999999999,inf,1.8522534757037705,27.2678268292331,0.9828495048545948,0.008702425925925926,0.0971386296296296,108,17,0,monthly_beme_inv,monthly size/profit/invest,market_state_mixed,17,calibration,iid,constant_a002,0.11827789185185185
-0.030147056867250572,-0.11661334012472066,0.09043968963726587,0.03466,0.03466,2.960546867363218,42.80312256126075,0.9725875290058962,0.007643314814814815,0.09719577777777777,108,9,1,monthly_beme_inv,monthly size/profit/invest,market_state_mixed,17,calibration,iid,constant_a003,0.11827789185185185
0.017386153024822475,-0.014637957577494967,0.06367363714215699,0.073171,0.073171,3.5732313209169515,38.28100731046519,0.9669145248063246,0.009480231481481482,0.11743285185185184,108,0,1,monthly_beme_inv,monthly size/profit/invest,market_state_mixed,17,calibration,iid,constant_a004,0.11827789185185185
0.01245420179214206,0.011562923022222213,0.014236759331981734,-0.029268,inf,1.0,5.436751688352397,0.9907407407407407,0.011261194444444447,0.1134698888888889,108,86,0,monthly_beme_inv,monthly size/profit/invest,market_state_mixed,17,calibration,iid,constant_a005,0.11827789185185185
-0.003769849988026835,-0.05068543641924509,0.027812963432942265,0.043720999999999996,inf,1.97853373473689,49.961363811697034,0.9816802431968806,0.008031666666666666,0.08997851851851851,108,27,0,monthly_beme_inv,monthly size/profit/invest,market_state_mixed,17,calibration,iid,constant_a006,0.11827789185185185
-0.03462647833555973,-0.1017804709045792,0.011562923022222216,0.068103,inf,2.887227838197195,48.76500890030469,0.9732664089055816,0.010627296296296298,0.10327848148148148,108,11,1,monthly_beme_inv,monthly size/profit/invest,market_state_mixed,17,calibration,iid,constant_a007,0.11827789185185185
0.018141914255107777,0.009895191405210576,0.033801494146396244,0.011552233179961006,inf,1.0689465895570598,63.79660925564212,0.9901023463929902,0.0056105277777777785,0.11024014814814816,108,26,0,monthly_beme_inv,monthly size/profit/invest,market_state_mixed,17,calibration,iid,constant_a008,0.11827789185185185
-0.03466748892732686,-0.15083473186137572,0.04570167903088943,0.10799699999999998,0.107997,3.5401591013540057,44.15463645120141,0.967220749061537,0.010969518518518519,0.13062,108,0,1,monthly_beme_inv,monthly size/profit/invest,market_state_mixed,17,calibration,iid,constant_a009,0.11827789185185185
0.025997989744883293,-0.057223363755693014,0.1760598167032058,0.035980852304493056,0.063367,3.014816474491494,61.34771789231295,0.9720850326435972,0.008336898148148149,0.13666044444444442,108,6,1,monthly_beme_inv,monthly size/profit/invest,market_state_mixed,17,calibration,iid,constant_a010,0.11827789185185185
-0.034005826648873465,-0.1563012036317028,0.04604700967065581,0.091683,0.091683,3.357306118624544,64.9399042216863,0.968913832234958,0.009281564814814814,0.0990418148148148,108,1,1,monthly_beme_inv,monthly size/profit/invest,market_state_mixed,17,calibration,iid,constant_a011,0.11827789185185185
0.003034469447860571,-0.010863170490594114,0.012589148728247545,0.0008728979216944368,0.010532,2.6263101955578927,63.12090900852174,0.9756823130040936,0.01044275925925926,0.11443203703703704,108,0,1,monthly_beme_inv,monthly size/profit/invest,market_state_mixed,17,calibration,iid,constant_a012,0.11827789185185185
0.04692712095593898,0.010980706167214345,0.10655213958430626,0.0011322824083406045,0.002202,5.27800049145914,34.047802447897915,0.951129625079082,0.009317546296296296,0.12716503703703705,108,0,2,monthly_beme_inv,monthly size/profit/invest,market_state_mixed,17,calibration,iid,constant_a013,0.11827789185185185
-0.02318037038844048,-0.07321662325866984,0.014733803269827126,0.027336999999999997,0.027337,4.340666661558755,64.75141251214467,0.9598086420226041,0.002895814814814816,0.14171644444444445,108,1,1,monthly_beme_inv,monthly size/profit/invest,market_state_mixed,17,calibration,iid,constant_a014,0.11827789185185185
-0.020878045187465485,-0.08010205027816582,0.02048371824931417,0.046689,0.046689,4.208014560103063,60.53690545412965,0.9610369022212679,0.00806975925925926,0.15166288888888887,108,1,1,monthly_beme_inv,monthly size/profit/invest,market_state_mixed,17,calibration,iid,constant_a015,0.11827789185185185
-0.023558804913085478,-0.04881489479126714,0.0013837243352055554,0.06994500000000001,0.06994500000000001,4.002431934048295,38.06096438517278,0.9629404450551083,0.007727046296296298,0.13265266666666667,108,0,1,monthly_beme_inv,monthly size/profit/invest,market_state_mixed,17,calibration,iid,constant_a016,0.11827789185185185
0.019915018880996522,0.002763982742982208,0.0374103071457096,-0.009251,-0.009251,2.9449885305972714,24.747072000054416,0.9727315876796548,0.006241351851851851,0.15278481481481482,108,2,1,monthly_beme_inv,monthly size/profit/invest,market_state_mixed,17,calibration,iid,constant_a017,0.11827789185185185
-0.007916406777363126,-0.0489693315352989,0.015454011169198305,0.059546999999999996,inf,2.0880071583634456,60.43664881066912,0.9806666003855237,0.005075231481481484,0.2541734074074074,108,15,1,monthly_beme_inv,monthly size/profit/invest,market_state_mixed,17,calibration,iid,constant_a018,0.11827789185185185
-0.06176583892828555,-0.2827444997206029,0.01266836664217622,0.176075,0.176075,1.4469005117972653,42.508081857784475,0.9866027730389142,0.0042173333333333325,0.147348,108,7,0,monthly_beme_inv,monthly size/profit/invest,market_state_mixed,17,calibration,iid,constant_a019,0.11827789185185185
-0.060673978652087124,-0.13606860959844883,-0.026234045152728112,0.015671,inf,1.4276617500093478,64.55382329204289,0.9867809097221356,0.008245074074074075,0.13999414814814815,108,22,0,monthly_beme_inv,monthly size/profit/invest,market_state_mixed,17,calibration,iid,constant_a020,0.11827789185185185
-0.009993791199396767,-0.05504082262646495,0.016710884826911725,0.08883100000000001,inf,2.1899072244417317,36.845189145229874,0.9797230812551692,0.006383953703703705,0.15362255555555557,108,13,1,monthly_beme_inv,monthly size/profit/invest,market_state_mixed,17,calibration,iid,constant_a021,0.11827789185185185
0.06620075547931768,-0.018875244931425013,0.23154223117702077,0.049871,0.049871000000000006,1.5219099954217006,58.50292735690989,0.9859082407831324,0.007549240740740741,0.166953037037037,108,7,0,monthly_beme_inv,monthly size/profit/invest,market_state_mixed,17,calibration,iid,constant_a022,0.11827789185185185
0.05011241987485553,0.02139500622343147,0.08334663446093361,0.069794,0.069794,2.6616157851442948,27.403867081228157,0.9753554093968121,0.010377666666666665,0.1526464814814815,108,5,1,monthly_beme_inv,monthly size/profit/invest,market_state_mixed,17,calibration,iid,constant_a023,0.11827789185185185
0.03207628451543288,-0.04830529276993896,0.12391353464915307,0.033531,0.033531,2.691183912025887,63.26850497520491,0.9750816304442047,0.003429722222222222,0.15112655555555557,108,5,1,monthly_beme_inv,monthly size/profit/invest,market_state_mixed,17,calibration,iid,constant_a024,0.11827789185185185
-0.012505486413388889,-0.1318605617087861,0.05911400852450044,0.10636388000000001,inf,2.9207454428263535,43.7834768516817,0.9729560607145707,0.007931715555555555,0.11827789185185185,108,11,1,monthly_beme_inv,monthly size/profit/invest,market_state_mixed,17,calibration,iid,constant_equal_weight_public,0.11827789185185185
0.013071204412591674,-0.011565465392905457,0.039290986086836864,0.069794,0.069794,9.562824096552074,27.403867081228157,0.9114553324393326,0.00639925,0.11877474074074072,108,0,2,monthly_beme_inv,monthly size/profit/invest,market_state_mixed,17,calibration,iid,momentum_12,0.11827789185185185
0.09074119278658263,0.0017223522774054022,0.2268224103407898,0.013484864487434913,0.029337,3.5351651226353296,61.34771789231295,0.9672669896052284,0.005811675925925926,0.12731337037037035,108,0,1,monthly_beme_inv,monthly size/profit/invest,market_state_mixed,17,calibration,iid,low_vol_12,0.11827789185185185
0.02334926750655302,-0.0038871325248461073,0.05091338155835984,0.08132199111760983,0.08883100000000001,25.193053265120298,9.742107493106575,0.7667309882859232,0.010428287037037036,0.13604655555555556,108,0,3,monthly_beme_inv,monthly size/profit/invest,market_state_mixed,17,calibration,iid,risk_adjusted_12,0.11827789185185185
0.035942561541648065,-0.027850610765856616,0.07707313115961258,0.069794,0.069794,3.2336499479296945,32.17651560545043,0.9700587967784288,0.0046325370370370374,0.1335941111111111,108,1,1,monthly_beme_inv,monthly size/profit/invest,market_state_mixed,17,calibration,iid,ridge_return_train_only,0.11827789185185185
-0.021252266738445717,-0.08834882802456055,0.020021667925330073,0.055729,inf,3.1801065767263426,48.23187916488305,0.9705545687340154,0.012389592592592593,0.1084932962962963,108,10,1,monthly_beme_inv,monthly size/profit/invest,market_state_mixed,17,calibration,block,constant_a000,0.11827789185185185
0.026700504301935442,0.007526611846428733,0.05846743495156896,-0.007367000000000001,-0.007366999999999999,3.518891130815181,64.70756593089692,0.9674176747146742,0.005986157407407407,0.10714711111111111,108,0,1,monthly_beme_inv,monthly size/profit/invest,market_state_mixed,17,calibration,block,constant_a001,0.11827789185185185
0.01717386541236815,-0.016644152680998826,0.07559268165235095,0.005719999999999999,inf,1.8522534757037705,27.2678268292331,0.9828495048545948,0.008702425925925926,0.0971386296296296,108,22,0,monthly_beme_inv,monthly size/profit/invest,market_state_mixed,17,calibration,block,constant_a002,0.11827789185185185
-0.030147056867250572,-0.11227483031467182,0.08435557794271537,0.03466,inf,2.960546867363218,42.80312256126075,0.9725875290058962,0.007643314814814815,0.09719577777777777,108,11,1,monthly_beme_inv,monthly size/profit/invest,market_state_mixed,17,calibration,block,constant_a003,0.11827789185185185
0.017386153024822475,-0.034827161852264636,0.05773035490988651,0.073171,0.073171,3.5732313209169515,38.28100731046519,0.9669145248063246,0.009480231481481482,0.11743285185185184,108,1,1,monthly_beme_inv,monthly size/profit/invest,market_state_mixed,17,calibration,block,constant_a004,0.11827789185185185
0.01245420179214206,0.011562923022222211,0.014236759331981739,-0.029268,inf,1.0,5.436751688352397,0.9907407407407407,0.011261194444444447,0.1134698888888889,108,71,0,monthly_beme_inv,monthly size/profit/invest,market_state_mixed,17,calibration,block,constant_a005,0.11827789185185185
-0.003769849988026835,-0.05068543641924506,0.02781296343294227,0.043720999999999996,inf,1.97853373473689,49.961363811697034,0.9816802431968806,0.008031666666666666,0.08997851851851851,108,26,0,monthly_beme_inv,monthly size/profit/invest,market_state_mixed,17,calibration,block,constant_a006,0.11827789185185185
-0.03462647833555973,-0.10295605188145433,0.011562923022222216,0.068103,inf,2.887227838197195,48.76500890030469,0.9732664089055816,0.010627296296296298,0.10327848148148148,108,12,1,monthly_beme_inv,monthly size/profit/invest,market_state_mixed,17,calibration,block,constant_a007,0.11827789185185185
0.018141914255107777,0.009895191405210576,0.033801494146396244,0.011552233179961006,inf,1.0689465895570598,63.79660925564212,0.9901023463929902,0.0056105277777777785,0.11024014814814816,108,23,0,monthly_beme_inv,monthly size/profit/invest,market_state_mixed,17,calibration,block,constant_a008,0.11827789185185185
-0.03466748892732686,-0.1482362889303377,0.03543457814308545,0.10799699999999998,0.10799700000000001,3.5401591013540057,44.15463645120141,0.967220749061537,0.010969518518518519,0.13062,108,0,1,monthly_beme_inv,monthly size/profit/invest,market_state_mixed,17,calibration,block,constant_a009,0.11827789185185185
0.025997989744883293,-0.062485237150156664,0.17732416723585426,0.035980852304493056,0.063367,3.014816474491494,61.34771789231295,0.9720850326435972,0.008336898148148149,0.13666044444444442,108,7,1,monthly_beme_inv,monthly size/profit/invest,market_state_mixed,17,calibration,block,constant_a010,0.11827789185185185
-0.034005826648873465,-0.13324064173128214,0.04841666446382067,0.091683,0.091683,3.357306118624544,64.9399042216863,0.968913832234958,0.009281564814814814,0.0990418148148148,108,0,1,monthly_beme_inv,monthly size/profit/invest,market_state_mixed,17,calibration,block,constant_a011,0.11827789185185185
0.003034469447860571,-0.011015454540580092,0.012574910378880694,0.0008728979216944368,0.010532,2.6263101955578927,63.12090900852174,0.9756823130040936,0.01044275925925926,0.11443203703703704,108,1,1,monthly_beme_inv,monthly size/profit/invest,market_state_mixed,17,calibration,block,constant_a012,0.11827789185185185
0.04692712095593898,0.009505701274767417,0.10606949000223585,0.0011322824083406045,0.002202,5.27800049145914,34.047802447897915,0.951129625079082,0.009317546296296296,0.12716503703703705,108,0,2,monthly_beme_inv,monthly size/profit/invest,market_state_mixed,17,calibration,block,constant_a013,0.11827789185185185
-0.02318037038844048,-0.0663809870494251,0.017904683517432043,0.027336999999999997,0.027337,4.340666661558755,64.75141251214467,0.9598086420226041,0.002895814814814816,0.14171644444444445,108,0,1,monthly_beme_inv,monthly size/profit/invest,market_state_mixed,17,calibration,block,constant_a014,0.11827789185185185
-0.020878045187465485,-0.0989237945876333,0.016437017367147155,0.046689,0.046689,4.208014560103063,60.53690545412965,0.9610369022212679,0.00806975925925926,0.15166288888888887,108,0,1,monthly_beme_inv,monthly size/profit/invest,market_state_mixed,17,calibration,block,constant_a015,0.11827789185185185
-0.023558804913085478,-0.0541728677976948,0.004112776687790492,0.06994500000000001,0.06994500000000001,4.002431934048295,38.06096438517278,0.9629404450551083,0.007727046296296298,0.13265266666666667,108,0,1,monthly_beme_inv,monthly size/profit/invest,market_state_mixed,17,calibration,block,constant_a016,0.11827789185185185
0.019915018880996522,0.00039617151355052064,0.038245954806824765,-0.009251,-0.009251,2.9449885305972714,24.747072000054416,0.9727315876796548,0.006241351851851851,0.15278481481481482,108,3,1,monthly_beme_inv,monthly size/profit/invest,market_state_mixed,17,calibration,block,constant_a017,0.11827789185185185
-0.007916406777363126,-0.04503217100400972,0.015454011169198298,0.059546999999999996,inf,2.0880071583634456,60.43664881066912,0.9806666003855237,0.005075231481481484,0.2541734074074074,108,15,1,monthly_beme_inv,monthly size/profit/invest,market_state_mixed,17,calibration,block,constant_a018,0.11827789185185185
-0.06176583892828555,-0.20951275729623556,0.01319264350142135,0.176075,0.17607500000000004,1.4469005117972653,42.508081857784475,0.9866027730389142,0.0042173333333333325,0.147348,108,9,0,monthly_beme_inv,monthly size/profit/invest,market_state_mixed,17,calibration,block,constant_a019,0.11827789185185185
-0.060673978652087124,-0.11363900551865751,-0.02141433159906179,0.015671,inf,1.4276617500093478,64.55382329204289,0.9867809097221356,0.008245074074074075,0.13999414814814815,108,17,0,monthly_beme_inv,monthly size/profit/invest,market_state_mixed,17,calibration,block,constant_a020,0.11827789185185185
-0.009993791199396767,-0.06146670871977892,0.014170187410399862,0.08883100000000001,0.08883100000000001,2.1899072244417317,36.845189145229874,0.9797230812551692,0.006383953703703705,0.15362255555555557,108,4,1,monthly_beme_inv,monthly size/profit/invest,market_state_mixed,17,calibration,block,constant_a021,0.11827789185185185
0.06620075547931768,-0.021024345708261324,0.3051363448086384,0.049871,0.049871,1.5219099954217006,58.50292735690989,0.9859082407831324,0.007549240740740741,0.166953037037037,108,7,0,monthly_beme_inv,monthly size/profit/invest,market_state_mixed,17,calibration,block,constant_a022,0.11827789185185185
0.05011241987485553,0.018712955339734376,0.08352703548802164,0.069794,0.069794,2.6616157851442948,27.403867081228157,0.9753554093968121,0.010377666666666665,0.1526464814814815,108,5,1,monthly_beme_inv,monthly size/profit/invest,market_state_mixed,17,calibration,block,constant_a023,0.11827789185185185
0.03207628451543288,-0.06686677832120697,0.11349476519921056,0.033531,inf,2.691183912025887,63.26850497520491,0.9750816304442047,0.003429722222222222,0.15112655555555557,108,10,1,monthly_beme_inv,monthly size/profit/invest,market_state_mixed,17,calibration,block,constant_a024,0.11827789185185185
-0.012505486413388889,-0.12169642882001194,0.05622409307803027,0.10636388000000001,inf,2.9207454428263535,43.7834768516817,0.9729560607145707,0.007931715555555555,0.11827789185185185,108,12,1,monthly_beme_inv,monthly size/profit/invest,market_state_mixed,17,calibration,block,constant_equal_weight_public,0.11827789185185185
0.013071204412591674,-0.013123186773721679,0.0444927451448303,0.069794,0.069794,9.562824096552074,27.403867081228157,0.9114553324393326,0.00639925,0.11877474074074072,108,0,2,monthly_beme_inv,monthly size/profit/invest,market_state_mixed,17,calibration,block,momentum_12,0.11827789185185185
0.09074119278658263,-0.0005277615120185747,0.25471129160872535,0.013484864487434913,0.029337,3.5351651226353296,61.34771789231295,0.9672669896052284,0.005811675925925926,0.12731337037037035,108,0,1,monthly_beme_inv,monthly size/profit/invest,market_state_mixed,17,calibration,block,low_vol_12,0.11827789185185185
0.02334926750655302,0.0011566883613543342,0.04768931600883518,0.08132199111760983,0.08883100000000001,25.193053265120298,9.742107493106575,0.7667309882859232,0.010428287037037036,0.13604655555555556,108,0,3,monthly_beme_inv,monthly size/profit/invest,market_state_mixed,17,calibration,block,risk_adjusted_12,0.11827789185185185
0.035942561541648065,-0.029929062677092538,0.07565906100752863,0.069794,0.069794,3.2336499479296945,32.17651560545043,0.9700587967784288,0.0046325370370370374,0.1335941111111111,108,3,1,monthly_beme_inv,monthly size/profit/invest,market_state_mixed,17,calibration,block,ridge_return_train_only,0.11827789185185185
0.04266780789465268,0.006981196189620545,0.12360840757393204,-0.001341,-0.0013409999999999997,3.4162299398614135,64.41531778968584,0.9748806622069014,0.012615316176470588,0.0930109705882353,136,1,1,monthly_beme_inv,monthly size/profit/invest,market_state_mixed,17,test,iid,constant_a000,0.11827789185185185
-0.01919147196997297,-0.09127863692956473,0.024176423589838136,0.10033,0.10033,3.4186901674047885,51.82506162452091,0.9748625722984942,0.013102345588235295,0.08792349999999999,136,2,1,monthly_beme_inv,monthly size/profit/invest,market_state_mixed,17,test,iid,constant_a001,0.11827789185185185
0.010204948214568462,-0.01642888313720723,0.042426649042764074,0.032265,0.032265,3.920365285509155,31.387332892989505,0.9711737846653739,0.012018411764705882,0.09237323529411764,136,2,1,monthly_beme_inv,monthly size/profit/invest,market_state_mixed,17,test,iid,constant_a002,0.11827789185185185
0.018855633809118873,-0.035484724330453195,0.07614400049686919,0.061278,0.061278000000000006,3.5971045838912112,50.89783088779484,0.9735507015890352,0.012507904411764706,0.08533364705882353,136,0,1,monthly_beme_inv,monthly size/profit/invest,market_state_mixed,17,test,iid,constant_a003,0.11827789185185185
0.00952575201364522,-0.009122735851566015,0.024842430290452747,0.129819,0.129819,4.860248850606686,10.709888833853913,0.9642628760984803,0.016923816176470586,0.12503776470588232,136,1,1,monthly_beme_inv,monthly size/profit/invest,market_state_mixed,17,test,iid,constant_a004,0.11827789185185185
-0.016679528481732635,-0.051176886428622566,0.01827803001735734,0.03461637597275441,0.036208,3.406076141211612,64.07190188093857,0.9749553224910911,0.008262551470588235,0.08173532352941176,136,0,1,monthly_beme_inv,monthly size/profit/invest,market_state_mixed,17,test,iid,constant_a005,0.11827789185185185
0.06981508064933284,0.005898787847237986,0.1856915306994433,0.056646999999999996,0.056647,4.9940439926652385,42.24581009496204,0.9632790882892261,0.010530345588235294,0.08785285294117647,136,0,1,monthly_beme_inv,monthly size/profit/invest,market_state_mixed,17,test,iid,constant_a006,0.11827789185185185
-0.014923397468820997,-0.10723374587106073,0.029366358989373634,0.104398,0.104398,4.448866930118712,44.696437327525175,0.9672877431608918,0.009129316176470588,0.08401394117647058,136,0,1,monthly_beme_inv,monthly size/profit/invest,market_state_mixed,17,test,iid,constant_a007,0.11827789185185185
-0.004809288996537281,-0.03820658178579922,0.014227375892127721,0.045473999999999994,0.045473999999999994,2.3147925237761187,64.8635114491001,0.9829794667369403,0.00976945588235294,0.09247982352941177,136,4,1,monthly_beme_inv,monthly size/profit/invest,market_state_mixed,17,test,iid,constant_a008,0.11827789185185185
0.016990195647710874,-0.07232398144361078,0.13471210189732744,0.062407000000000004,0.06240700000000001,4.185250150039542,63.79348512884477,0.9692261018379446,0.011968948529411766,0.10100061764705882,136,0,1,monthly_beme_inv,monthly size/profit/invest,market_state_mixed,17,test,iid,constant_a009,0.11827789185185185
0.07988005777519509,-0.0533661450672673,0.3232613438803708,0.050385,0.050385000000000006,3.7417548463608656,59.548670090791816,0.9724870967179348,0.008373220588235294,0.12336,136,6,1,monthly_beme_inv,monthly size/profit/invest,market_state_mixed,17,test,iid,constant_a010,0.11827789185185185
-0.0163637204529885,-0.06504931742751764,0.012350737927577751,0.074425,0.074425,3.610997201078128,60.37318903124909,0.9734485499920726,0.011226360294117646,0.10341623529411764,136,1,1,monthly_beme_inv,monthly size/profit/invest,market_state_mixed,17,test,iid,constant_a011,0.11827789185185185
0.018167043879774688,0.011562923022222213,0.031375285594879614,-0.052245,inf,1.0,22.077546264851396,0.9926470588235294,0.008645838235294119,0.10809861764705882,136,76,0,monthly_beme_inv,monthly size/profit/invest,market_state_mixed,17,test,iid,constant_a012,0.11827789185185185
0.005379005899599151,-0.051175704077714386,0.047406369012003104,0.048197000000000004,0.048197000000000004,5.371210394038,63.26543008353411,0.9605058059261912,0.010076757352941175,0.10753394117647058,136,0,2,monthly_beme_inv,monthly size/profit/invest,market_state_mixed,17,test,iid,constant_a013,0.11827789185185185
0.011562923022222229,0.011562923022222213,0.01156292302222222,,inf,0.0,0.0,1.0,0.008284867647058825,0.11493285294117647,136,200,0,monthly_beme_inv,monthly size/profit/invest,market_state_mixed,17,test,iid,constant_a014,0.11827789185185185
-0.0008304214713530219,-0.03188649116719811,0.02061109912162249,0.026461000000000002,inf,2.2898470449111,62.76802419176082,0.9831628893756537,0.008826257352941177,0.12884785294117648,136,15,1,monthly_beme_inv,monthly size/profit/invest,market_state_mixed,17,test,iid,constant_a015,0.11827789185185185
-0.018840252137927647,-0.05745435047920774,0.01231482475505384,0.08544800000000001,0.08544800000000002,2.8623768250064026,19.95257925985473,0.9789531115808353,0.008927345588235295,0.1193340588235294,136,6,1,monthly_beme_inv,monthly size/profit/invest,market_state_mixed,17,test,iid,constant_a016,0.11827789185185185
0.03680503766195656,-0.029380741094748045,0.1279269376991879,-0.01177840703412511,-0.009367,3.3996279139051513,64.89028786183253,0.975002735927168,0.011229257352941177,0.11723499999999999,136,0,1,monthly_beme_inv,monthly size/profit/invest,market_state_mixed,17,test,iid,constant_a017,0.11827789185185185
-0.02293683903465045,-0.08506631997364138,0.011562923022222216,0.07803399999999999,inf,1.8365654943799123,58.09422577992135,0.9864958419530889,0.008399514705882353,0.11210208823529413,136,24,0,monthly_beme_inv,monthly size/profit/invest,market_state_mixed,17,test,iid,constant_a018,0.11827789185185185
0.021851433663983278,0.003068908541966646,0.047139702764079736,0.020406,0.020406,3.1327229437127992,61.77465242220144,0.9769652724727,0.00865529411764706,0.12635044117647057,136,1,1,monthly_beme_inv,monthly size/profit/invest,market_state_mixed,17,test,iid,constant_a019,0.11827789185185185
-0.02341029158786917,-0.08681792217506117,0.028943347257912238,0.05857300000000001,0.058573000000000014,2.8970443714846303,56.69594086149773,0.9786982031508483,0.012099382352941175,0.14358485294117646,136,1,1,monthly_beme_inv,monthly size/profit/invest,market_state_mixed,17,test,iid,constant_a020,0.11827789185185185
-0.007201626696182896,-0.0740036307429659,0.03870960539987209,0.053377,0.05337700000000001,3.7100316945381553,44.78166087017537,0.9727203551872194,0.01222494117647059,0.14384626470588235,136,0,1,monthly_beme_inv,monthly size/profit/invest,market_state_mixed,17,test,iid,constant_a021,0.11827789185185185
0.01449080464892141,-0.10102252251233514,0.18697396317047435,0.134187,0.134187,4.60492004996741,64.81113344158676,0.9661402937502397,0.017123066176470587,0.1353010882352941,136,1,1,monthly_beme_inv,monthly size/profit/invest,market_state_mixed,17,test,iid,constant_a022,0.11827789185185185
-0.09780788350534823,-0.2209686521986133,0.01267499404501498,0.130655,0.130655,3.9109102770375,53.355964071081175,0.971243306786489,0.008874250000000002,0.14966720588235294,136,4,1,monthly_beme_inv,monthly size/profit/invest,market_state_mixed,17,test,iid,constant_a023,0.11827789185185185
0.016079034106179002,0.010577598276601534,0.025805961783373882,0.01804060253712169,0.020715,1.4652395469057147,49.96779726780489,0.9892261798021639,0.009983330882352941,0.15231129411764704,136,3,0,monthly_beme_inv,monthly size/profit/invest,market_state_mixed,17,test,iid,constant_a024,0.11827789185185185
0.017287896604827286,-0.031544479485616256,0.08780648325175282,0.0379064,0.0379064,3.7807996788383313,59.39368391863608,0.9722000023614829,0.010791123823529411,0.10181459294117648,136,4,1,monthly_beme_inv,monthly size/profit/invest,market_state_mixed,17,test,iid,constant_equal_weight_public,0.11827789185185185
0.006486543847891507,-0.01612599486766682,0.03742963280288485,0.129819,0.129819,15.419930960208767,10.709888833853913,0.8866181547043473,0.014479683823529411,0.10938723529411763,136,0,3,monthly_beme_inv,monthly size/profit/invest,market_state_mixed,17,test,iid,momentum_12,0.11827789185185185
0.013244726435905936,-0.0018278704165314412,0.027049575337664538,0.03650960246805081,0.072443,4.427296866251673,60.37318903124909,0.9674463465716788,0.00839615323529412,0.10006255882352941,136,0,1,monthly_beme_inv,monthly size/profit/invest,market_state_mixed,17,test,iid,low_vol_12,0.11827789185185185
0.005809152569858656,-0.024062785451877896,0.03976591971929871,0.12426970340613047,0.129819,33.438150755363125,7.417493554466978,0.7541312444458594,0.009734536764705884,0.10477579411764705,136,0,3,monthly_beme_inv,monthly size/profit/invest,market_state_mixed,17,test,iid,risk_adjusted_12,0.11827789185185185
-0.05867879628998144,-0.1993110922795523,0.04120555136910949,0.11033300000000001,0.11033300000000001,4.562068844404853,53.355964071081175,0.966455376144082,0.013706654411764704,0.11848367647058823,136,4,1,monthly_beme_inv,monthly size/profit/invest,market_state_mixed,17,test,iid,ridge_return_train_only,0.11827789185185185
0.04266780789465268,0.006727387395172894,0.11364855691817836,-0.001341,-0.001341,3.4162299398614135,64.41531778968584,0.9748806622069014,0.012615316176470588,0.0930109705882353,136,0,1,monthly_beme_inv,monthly size/profit/invest,market_state_mixed,17,test,block,constant_a000,0.11827789185185185
-0.01919147196997297,-0.11907377428022321,0.027082146203718918,0.10033,0.10033,3.4186901674047885,51.82506162452091,0.9748625722984942,0.013102345588235295,0.08792349999999999,136,1,1,monthly_beme_inv,monthly size/profit/invest,market_state_mixed,17,test,block,constant_a001,0.11827789185185185
0.010204948214568462,-0.019253057898016308,0.043364014291224356,0.032265,0.032265,3.920365285509155,31.387332892989505,0.9711737846653739,0.012018411764705882,0.09237323529411764,136,1,1,monthly_beme_inv,monthly size/profit/invest,market_state_mixed,17,test,block,constant_a002,0.11827789185185185
0.018855633809118873,-0.03846856222629375,0.08721853463432641,0.061278,0.061278000000000006,3.5971045838912112,50.89783088779484,0.9735507015890352,0.012507904411764706,0.08533364705882353,136,0,1,monthly_beme_inv,monthly size/profit/invest,market_state_mixed,17,test,block,constant_a003,0.11827789185185185
0.00952575201364522,-0.011077037840257981,0.02472696005419822,0.129819,0.129819,4.860248850606686,10.709888833853913,0.9642628760984803,0.016923816176470586,0.12503776470588232,136,4,1,monthly_beme_inv,monthly size/profit/invest,market_state_mixed,17,test,block,constant_a004,0.11827789185185185
-0.016679528481732635,-0.06131505146229371,0.016334340814953306,0.03461637597275441,0.036208,3.406076141211612,64.07190188093857,0.9749553224910911,0.008262551470588235,0.08173532352941176,136,0,1,monthly_beme_inv,monthly size/profit/invest,market_state_mixed,17,test,block,constant_a005,0.11827789185185185
0.06981508064933284,0.003377748909682204,0.2186625449450012,0.056646999999999996,0.056647,4.9940439926652385,42.24581009496204,0.9632790882892261,0.010530345588235294,0.08785285294117647,136,1,1,monthly_beme_inv,monthly size/profit/invest,market_state_mixed,17,test,block,constant_a006,0.11827789185185185
-0.014923397468820997,-0.08089352151926289,0.03315351088491346,0.104398,0.104398,4.448866930118712,44.696437327525175,0.9672877431608918,0.009129316176470588,0.08401394117647058,136,1,1,monthly_beme_inv,monthly size/profit/invest,market_state_mixed,17,test,block,constant_a007,0.11827789185185185
-0.004809288996537281,-0.03666691581079494,0.014935899044766162,0.045473999999999994,0.045473999999999994,2.3147925237761187,64.8635114491001,0.9829794667369403,0.00976945588235294,0.09247982352941177,136,5,1,monthly_beme_inv,monthly size/profit/invest,market_state_mixed,17,test,block,constant_a008,0.11827789185185185
0.016990195647710874,-0.06471622026666156,0.11137223513585749,0.062407000000000004,0.06240700000000001,4.185250150039542,63.79348512884477,0.9692261018379446,0.011968948529411766,0.10100061764705882,136,1,1,monthly_beme_inv,monthly size/profit/invest,market_state_mixed,17,test,block,constant_a009,0.11827789185185185
0.07988005777519509,-0.059993002200210116,0.4264792355501669,0.050385,0.050385,3.7417548463608656,59.548670090791816,0.9724870967179348,0.008373220588235294,0.12336,136,6,1,monthly_beme_inv,monthly size/profit/invest,market_state_mixed,17,test,block,constant_a010,0.11827789185185185
-0.0163637204529885,-0.06331925042119173,0.013667460277190024,0.074425,0.074425,3.610997201078128,60.37318903124909,0.9734485499920726,0.011226360294117646,0.10341623529411764,136,0,1,monthly_beme_inv,monthly size/profit/invest,market_state_mixed,17,test,block,constant_a011,0.11827789185185185
0.018167043879774688,0.011562923022222213,0.031375285594879614,-0.052245,inf,1.0,22.077546264851396,0.9926470588235294,0.008645838235294119,0.10809861764705882,136,68,0,monthly_beme_inv,monthly size/profit/invest,market_state_mixed,17,test,block,constant_a012,0.11827789185185185
0.005379005899599151,-0.05543232116501449,0.05396220061406563,0.048197000000000004,0.04819700000000001,5.371210394038,63.26543008353411,0.9605058059261912,0.010076757352941175,0.10753394117647058,136,0,2,monthly_beme_inv,monthly size/profit/invest,market_state_mixed,17,test,block,constant_a013,0.11827789185185185
0.011562923022222229,0.011562923022222213,0.01156292302222222,,inf,0.0,0.0,1.0,0.008284867647058825,0.11493285294117647,136,200,0,monthly_beme_inv,monthly size/profit/invest,market_state_mixed,17,test,block,constant_a014,0.11827789185185185
-0.0008304214713530219,-0.025067051349416777,0.02068162244135844,0.026461000000000002,inf,2.2898470449111,62.76802419176082,0.9831628893756537,0.008826257352941177,0.12884785294117648,136,11,1,monthly_beme_inv,monthly size/profit/invest,market_state_mixed,17,test,block,constant_a015,0.11827789185185185
-0.018840252137927647,-0.04197618524921495,0.002314275406457875,0.08544800000000001,inf,2.8623768250064026,19.95257925985473,0.9789531115808353,0.008927345588235295,0.1193340588235294,136,21,1,monthly_beme_inv,monthly size/profit/invest,market_state_mixed,17,test,block,constant_a016,0.11827789185185185
0.03680503766195656,-0.02601308872675179,0.1326346605336138,-0.01177840703412511,-0.009367,3.3996279139051513,64.89028786183253,0.975002735927168,0.011229257352941177,0.11723499999999999,136,2,1,monthly_beme_inv,monthly size/profit/invest,market_state_mixed,17,test,block,constant_a017,0.11827789185185185
-0.02293683903465045,-0.07829512411399443,0.01156292302222222,0.07803399999999999,inf,1.8365654943799123,58.09422577992135,0.9864958419530889,0.008399514705882353,0.11210208823529413,136,27,0,monthly_beme_inv,monthly size/profit/invest,market_state_mixed,17,test,block,constant_a018,0.11827789185185185
0.021851433663983278,0.0013166191109846175,0.05250872127731198,0.020406,0.020406,3.1327229437127992,61.77465242220144,0.9769652724727,0.00865529411764706,0.12635044117647057,136,0,1,monthly_beme_inv,monthly size/profit/invest,market_state_mixed,17,test,block,constant_a019,0.11827789185185185
-0.02341029158786917,-0.09094012917747954,0.026752098905673417,0.05857300000000001,0.058573000000000014,2.8970443714846303,56.69594086149773,0.9786982031508483,0.012099382352941175,0.14358485294117646,136,1,1,monthly_beme_inv,monthly size/profit/invest,market_state_mixed,17,test,block,constant_a020,0.11827789185185185
-0.007201626696182896,-0.07009525241433712,0.04796147094312854,0.053377,0.05337700000000001,3.7100316945381553,44.78166087017537,0.9727203551872194,0.01222494117647059,0.14384626470588235,136,1,1,monthly_beme_inv,monthly size/profit/invest,market_state_mixed,17,test,block,constant_a021,0.11827789185185185
0.01449080464892141,-0.12266549677390191,0.17039448683119873,0.134187,0.134187,4.60492004996741,64.81113344158676,0.9661402937502397,0.017123066176470587,0.1353010882352941,136,1,1,monthly_beme_inv,monthly size/profit/invest,market_state_mixed,17,test,block,constant_a022,0.11827789185185185
-0.09780788350534823,-0.24626037426359698,0.008114879480124085,0.130655,0.130655,3.9109102770375,53.355964071081175,0.971243306786489,0.008874250000000002,0.14966720588235294,136,2,1,monthly_beme_inv,monthly size/profit/invest,market_state_mixed,17,test,block,constant_a023,0.11827789185185185
0.016079034106179002,0.011091446617572026,0.02279466259443125,0.01804060253712169,0.020714999999999997,1.4652395469057147,49.96779726780489,0.9892261798021639,0.009983330882352941,0.15231129411764704,136,4,0,monthly_beme_inv,monthly size/profit/invest,market_state_mixed,17,test,block,constant_a024,0.11827789185185185
0.017287896604827286,-0.031645390731465696,0.09064411053398724,0.0379064,0.0379064,3.7807996788383313,59.39368391863608,0.9722000023614829,0.010791123823529411,0.10181459294117648,136,7,1,monthly_beme_inv,monthly size/profit/invest,market_state_mixed,17,test,block,constant_equal_weight_public,0.11827789185185185
0.006486543847891507,-0.022227902105043558,0.03478825031034039,0.129819,0.129819,15.419930960208767,10.709888833853913,0.8866181547043473,0.014479683823529411,0.10938723529411763,136,0,3,monthly_beme_inv,monthly size/profit/invest,market_state_mixed,17,test,block,momentum_12,0.11827789185185185
0.013244726435905936,-0.0013751476779548652,0.02720083342063655,0.03650960246805081,0.072443,4.427296866251673,60.37318903124909,0.9674463465716788,0.00839615323529412,0.10006255882352941,136,0,1,monthly_beme_inv,monthly size/profit/invest,market_state_mixed,17,test,block,low_vol_12,0.11827789185185185
0.005809152569858656,-0.025959052613547976,0.03689231142130559,0.12426970340613047,0.129819,33.438150755363125,7.417493554466978,0.7541312444458594,0.009734536764705884,0.10477579411764705,136,0,3,monthly_beme_inv,monthly size/profit/invest,market_state_mixed,17,test,block,risk_adjusted_12,0.11827789185185185
-0.05867879628998144,-0.19717789438779465,0.032161114338163765,0.11033300000000001,0.11033300000000001,4.562068844404853,53.355964071081175,0.966455376144082,0.013706654411764704,0.11848367647058823,136,2,1,monthly_beme_inv,monthly size/profit/invest,market_state_mixed,17,test,block,ridge_return_train_only,0.11827789185185185
0.04308353419740585,-0.02211699065260543,0.11339848146837718,0.06584,0.06584,5.854691160872701,54.46770340358735,0.9457898966585861,0.012389592592592593,0.1084932962962963,108,0,2,monthly_beme_inv,monthly size/profit/invest,market_state_mixed,27,calibration,iid,constant_a000,0.11827789185185185
0.02490309157909469,0.0026584146879290627,0.060849458893799294,0.007016,inf,1.8339084986414866,31.417519456657473,0.9830193657533196,0.005986157407407407,0.10714711111111111,108,22,0,monthly_beme_inv,monthly size/profit/invest,market_state_mixed,27,calibration,iid,constant_a001,0.11827789185185185
-0.02491471022069341,-0.07587084091012324,0.017106519722774945,0.058952,0.058952000000000004,7.328715986697263,53.301575117335545,0.932141518641692,0.008702425925925926,0.0971386296296296,108,0,2,monthly_beme_inv,monthly size/profit/invest,market_state_mixed,27,calibration,iid,constant_a002,0.11827789185185185
0.011201401155555547,0.011201401155555553,0.01120140115555556,,inf,0.0,0.0,1.0,0.007643314814814815,0.09719577777777777,108,200,0,monthly_beme_inv,monthly size/profit/invest,market_state_mixed,27,calibration,iid,constant_a003,0.11827789185185185
0.03398257375424279,0.00040790818939636113,0.09144625183918981,0.06113519170046676,0.068013,4.690521727424759,34.713525081205084,0.9565692432645856,0.009480231481481482,0.11743285185185184,108,0,1,monthly_beme_inv,monthly size/profit/invest,market_state_mixed,27,calibration,iid,constant_a004,0.11827789185185185
0.007017226587572321,-0.055225757073214005,0.04541599282045835,0.027766000000000002,0.027766000000000006,3.457350796388935,64.56622045789885,0.9679874926260283,0.011261194444444447,0.1134698888888889,108,2,1,monthly_beme_inv,monthly size/profit/invest,market_state_mixed,27,calibration,iid,constant_a005,0.11827789185185185
0.006844727888321977,-0.04667742842830498,0.09823884460674132,-0.022694000000000002,inf,1.0,36.68764078264016,0.9907407407407407,0.008031666666666666,0.08997851851851851,108,69,0,monthly_beme_inv,monthly size/profit/invest,market_state_mixed,27,calibration,iid,constant_a006,0.11827789185185185
0.006390132597885674,-0.04061164957119335,0.041531025708052,0.064681,0.064681,4.5412973966530785,43.093923982676706,0.95795095003099,0.010627296296296298,0.10327848148148148,108,0,1,monthly_beme_inv,monthly size/profit/invest,market_state_mixed,27,calibration,iid,constant_a007,0.11827789185185185
-0.017450531820570762,-0.13092434539231007,0.06504832756816238,0.115724,0.11572400000000001,4.247478347141716,60.75546440901666,0.9606714967857248,0.0056105277777777785,0.11024014814814816,108,0,1,monthly_beme_inv,monthly size/profit/invest,market_state_mixed,27,calibration,iid,constant_a008,0.11827789185185185
0.04738838566723896,0.015108930294680056,0.0976983239726868,0.05624042447308382,0.067303,5.655680733555901,22.475316114403217,0.9476325858004083,0.010969518518518519,0.13062,108,0,2,monthly_beme_inv,monthly size/profit/invest,market_state_mixed,27,calibration,iid,constant_a009,0.11827789185185185
0.05446277315084916,0.015042239522257188,0.10568093009718695,-0.023201,-0.023200999999999996,3.6100855816641912,29.330722595881042,0.9665732816512574,0.008336898148148149,0.13666044444444442,108,2,1,monthly_beme_inv,monthly size/profit/invest,market_state_mixed,27,calibration,iid,constant_a010,0.11827789185185185
-0.03998348682961313,-0.15471777235294384,0.02470681160507973,0.091683,0.09168300000000001,2.7909064888937927,57.2242620366496,0.9741582732509834,0.009281564814814814,0.0990418148148148,108,7,1,monthly_beme_inv,monthly size/profit/invest,market_state_mixed,27,calibration,iid,constant_a011,0.11827789185185185
-0.030923072326201954,-0.040499197031968276,-0.01856610569866969,0.010532,0.010532,3.0406619999778512,5.520026110556678,0.9718457222224273,0.01044275925925926,0.11443203703703704,108,2,1,monthly_beme_inv,monthly size/profit/invest,market_state_mixed,27,calibration,iid,constant_a012,0.11827789185185185
0.010196610849145617,0.004324971929509299,0.015584931234259889,0.0010602905292708355,0.002202,3.679562195939088,61.34843224919982,0.9659299796672307,0.009317546296296296,0.12716503703703705,108,0,1,monthly_beme_inv,monthly size/profit/invest,market_state_mixed,27,calibration,iid,constant_a013,0.11827789185185185
-0.01739783947513153,-0.10624684196937677,0.042851922388426375,0.053857999999999996,inf,1.672948851530967,64.98886674945223,0.9845097328561947,0.002895814814814816,0.14171644444444445,108,24,0,monthly_beme_inv,monthly size/profit/invest,market_state_mixed,27,calibration,iid,constant_a014,0.11827789185185185
-0.006176670464871126,-0.05301514494651444,0.07738039158568502,0.044029,inf,1.9934471224430241,57.170906404611266,0.9815421562736757,0.00806975925925926,0.15166288888888887,108,20,0,monthly_beme_inv,monthly size/profit/invest,market_state_mixed,27,calibration,iid,constant_a015,0.11827789185185185
-0.028959327741450817,-0.10698011406853596,0.012937237134508386,0.064178,0.064178,1.4562074388137303,55.439968128743104,0.9865165977887618,0.007727046296296298,0.13265266666666667,108,0,0,monthly_beme_inv,monthly size/profit/invest,market_state_mixed,27,calibration,iid,constant_a016,0.11827789185185185
-0.028310562986677792,-0.18678183362283815,0.0646753212935134,0.083571,0.083571,5.272816357500249,64.78864488677279,0.9511776263194421,0.006241351851851851,0.15278481481481482,108,0,2,monthly_beme_inv,monthly size/profit/invest,market_state_mixed,27,calibration,iid,constant_a017,0.11827789185185185
0.012964476156934563,0.011201401155555553,0.018253701161071674,-0.028682,inf,1.0,10.892767567253618,0.9907407407407407,0.005075231481481484,0.2541734074074074,108,69,0,monthly_beme_inv,monthly size/profit/invest,market_state_mixed,27,calibration,iid,constant_a018,0.11827789185185185
0.015904550855174872,0.011193723530702695,0.025383780753432443,-0.011145,inf,1.5074411871825004,37.27999625788589,0.9860422112297916,0.0042173333333333325,0.147348,108,10,0,monthly_beme_inv,monthly size/profit/invest,market_state_mixed,27,calibration,iid,constant_a019,0.11827789185185185
0.02650786866154429,-0.0016815682850550313,0.07013688206625673,-0.021573000000000002,-0.021573,2.9497223595523616,18.450533430286857,0.9726877559300707,0.008245074074074075,0.13999414814814815,108,8,1,monthly_beme_inv,monthly size/profit/invest,market_state_mixed,27,calibration,iid,constant_a020,0.11827789185185185
0.07411365380023066,0.032409672073908054,0.1297640196804159,-0.019043,inf,2.183420013629727,63.483183486780554,0.979783148021947,0.006383953703703705,0.15362255555555557,108,12,1,monthly_beme_inv,monthly size/profit/invest,market_state_mixed,27,calibration,iid,constant_a021,0.11827789185185185
0.03696769345233965,0.017195573121789157,0.07182165762616254,0.01729360778876373,0.030825,2.0606031105160025,63.76304203271525,0.9809203415692963,0.007549240740740741,0.166953037037037,108,8,1,monthly_beme_inv,monthly size/profit/invest,market_state_mixed,27,calibration,iid,constant_a022,0.11827789185185185
-0.028622606260409397,-0.06226258357451117,0.0003587717764687551,0.098891,0.098891,2.704465819445275,51.27504282780013,0.9749586498199512,0.010377666666666665,0.1526464814814815,108,2,1,monthly_beme_inv,monthly size/profit/invest,market_state_mixed,27,calibration,iid,constant_a023,0.11827789185185185
0.03477860463540127,-0.02813725342936149,0.10120819198244861,0.159931,0.159931,3.018921020952133,63.26850497520491,0.9720470275837766,0.003429722222222222,0.15112655555555557,108,3,1,monthly_beme_inv,monthly size/profit/invest,market_state_mixed,27,calibration,iid,constant_a024,0.11827789185185185
0.011201401155555547,0.011201401155555553,0.01120140115555556,,inf,0.0,0.0,1.0,0.007931715555555555,0.11827789185185185,108,200,0,monthly_beme_inv,monthly size/profit/invest,market_state_mixed,27,calibration,iid,constant_equal_weight_public,0.11827789185185185
0.02150841154654774,-0.022549436233446997,0.0747283537757982,0.06409138409430848,0.06793280136954935,7.127922758306545,47.507148122533835,0.9340007152008654,0.00639925,0.11877474074074072,108,0,2,monthly_beme_inv,monthly size/profit/invest,market_state_mixed,27,calibration,iid,momentum_12,0.11827789185185185
0.0034313755755756726,-0.08731957646935674,0.08554310204176387,0.06504037916444134,0.068013,4.142919951931031,55.439968128743104,0.9616396300747126,0.005811675925925926,0.12731337037037035,108,1,1,monthly_beme_inv,monthly size/profit/invest,market_state_mixed,27,calibration,iid,low_vol_12,0.11827789185185185
0.004904735959244757,-0.016187009999694243,0.026766210465601337,0.06761424076099741,0.068013,21.11731749264488,8.84171659118006,0.8044692824755104,0.010428287037037036,0.13604655555555556,108,0,3,monthly_beme_inv,monthly size/profit/invest,market_state_mixed,27,calibration,iid,risk_adjusted_12,0.11827789185185185
0.06527490669137503,0.019584406733527043,0.09091044362565785,-0.005773,inf,1.2679499871751645,64.78864488677279,0.9882597223409707,0.007997361111111113,0.14329592592592594,108,32,0,monthly_beme_inv,monthly size/profit/invest,market_state_mixed,27,calibration,iid,ridge_return_train_only,0.11827789185185185
0.04308353419740585,-0.0065967488516337465,0.11300856114797164,0.06584,0.06584,5.854691160872701,54.46770340358735,0.9457898966585861,0.012389592592592593,0.1084932962962963,108,0,2,monthly_beme_inv,monthly size/profit/invest,market_state_mixed,27,calibration,block,constant_a000,0.11827789185185185
0.02490309157909469,0.0026584146879290627,0.06084945889379929,0.007016,inf,1.8339084986414866,31.417519456657473,0.9830193657533196,0.005986157407407407,0.10714711111111111,108,30,0,monthly_beme_inv,monthly size/profit/invest,market_state_mixed,27,calibration,block,constant_a001,0.11827789185185185
-0.02491471022069341,-0.07747586449176341,0.027031483396042142,0.058952,0.058952000000000004,7.328715986697263,53.301575117335545,0.932141518641692,0.008702425925925926,0.0971386296296296,108,0,2,monthly_beme_inv,monthly size/profit/invest,market_state_mixed,27,calibration,block,constant_a002,0.11827789185185185
0.011201401155555547,0.011201401155555549,0.011201401155555561,,inf,0.0,0.0,1.0,0.007643314814814815,0.09719577777777777,108,200,0,monthly_beme_inv,monthly size/profit/invest,market_state_mixed,27,calibration,block,constant_a003,0.11827789185185185
0.03398257375424279,0.00038089236569827534,0.09495050649627935,0.06113519170046676,0.068013,4.690521727424759,34.713525081205084,0.9565692432645856,0.009480231481481482,0.11743285185185184,108,0,1,monthly_beme_inv,monthly size/profit/invest,market_state_mixed,27,calibration,block,constant_a004,0.11827789185185185
0.007017226587572321,-0.04889594741934059,0.04761208707711585,0.027766000000000002,0.027766000000000002,3.457350796388935,64.56622045789885,0.9679874926260283,0.011261194444444447,0.1134698888888889,108,0,1,monthly_beme_inv,monthly size/profit/invest,market_state_mixed,27,calibration,block,constant_a005,0.11827789185185185
0.006844727888321977,-0.058859370795196424,0.10984963460846114,-0.022694000000000002,inf,1.0,36.68764078264016,0.9907407407407407,0.008031666666666666,0.08997851851851851,108,71,0,monthly_beme_inv,monthly size/profit/invest,market_state_mixed,27,calibration,block,constant_a006,0.11827789185185185
0.006390132597885674,-0.031738513317789915,0.04556199093244053,0.064681,0.064681,4.5412973966530785,43.093923982676706,0.95795095003099,0.010627296296296298,0.10327848148148148,108,2,1,monthly_beme_inv,monthly size/profit/invest,market_state_mixed,27,calibration,block,constant_a007,0.11827789185185185
-0.017450531820570762,-0.13989364075718785,0.08190733206962324,0.115724,0.11572400000000001,4.247478347141716,60.75546440901666,0.9606714967857248,0.0056105277777777785,0.11024014814814816,108,0,1,monthly_beme_inv,monthly size/profit/invest,market_state_mixed,27,calibration,block,constant_a008,0.11827789185185185
0.04738838566723896,0.012059738773484974,0.10707542432442638,0.05624042447308382,0.067303,5.655680733555901,22.475316114403217,0.9476325858004083,0.010969518518518519,0.13062,108,0,2,monthly_beme_inv,monthly size/profit/invest,market_state_mixed,27,calibration,block,constant_a009,0.11827789185185185
0.05446277315084916,0.011201401155555561,0.11182700248045187,-0.023201,-0.023200999999999996,3.6100855816641912,29.330722595881042,0.9665732816512574,0.008336898148148149,0.13666044444444442,108,7,1,monthly_beme_inv,monthly size/profit/invest,market_state_mixed,27,calibration,block,constant_a010,0.11827789185185185
-0.03998348682961313,-0.15451448844529458,0.024706811605079728,0.091683,inf,2.7909064888937927,57.2242620366496,0.9741582732509834,0.009281564814814814,0.0990418148148148,108,19,1,monthly_beme_inv,monthly size/profit/invest,market_state_mixed,27,calibration,block,constant_a011,0.11827789185185185
-0.030923072326201954,-0.041488902131683,-0.01645033950145857,0.010532,0.010532,3.0406619999778512,5.520026110556678,0.9718457222224273,0.01044275925925926,0.11443203703703704,108,4,1,monthly_beme_inv,monthly size/profit/invest,market_state_mixed,27,calibration,block,constant_a012,0.11827789185185185
0.010196610849145617,0.00456609789061273,0.016373794101812694,0.0010602905292708355,0.002202,3.679562195939088,61.34843224919982,0.9659299796672307,0.009317546296296296,0.12716503703703705,108,0,1,monthly_beme_inv,monthly size/profit/invest,market_state_mixed,27,calibration,block,constant_a013,0.11827789185185185
-0.01739783947513153,-0.12455966319938098,0.04285192238842638,0.053857999999999996,inf,1.672948851530967,64.98886674945223,0.9845097328561947,0.002895814814814816,0.14171644444444445,108,27,0,monthly_beme_inv,monthly size/profit/invest,market_state_mixed,27,calibration,block,constant_a014,0.11827789185185185
-0.006176670464871126,-0.05999978448246427,0.0812506301671867,0.044029,inf,1.9934471224430241,57.170906404611266,0.9815421562736757,0.00806975925925926,0.15166288888888887,108,25,0,monthly_beme_inv,monthly size/profit/invest,market_state_mixed,27,calibration,block,constant_a015,0.11827789185185185
-0.028959327741450817,-0.10794986590813821,0.012455481687405793,0.064178,0.064178,1.4562074388137303,55.439968128743104,0.9865165977887618,0.007727046296296298,0.13265266666666667,108,2,0,monthly_beme_inv,monthly size/profit/invest,market_state_mixed,27,calibration,block,constant_a016,0.11827789185185185
-0.028310562986677792,-0.18124744805111137,0.06623937870202752,0.083571,0.083571,5.272816357500249,64.78864488677279,0.9511776263194421,0.006241351851851851,0.15278481481481482,108,0,2,monthly_beme_inv,monthly size/profit/invest,market_state_mixed,27,calibration,block,constant_a017,0.11827789185185185
0.012964476156934563,0.011201401155555553,0.016490626159692646,-0.028682,inf,1.0,10.892767567253618,0.9907407407407407,0.005075231481481484,0.2541734074074074,108,74,0,monthly_beme_inv,monthly size/profit/invest,market_state_mixed,27,calibration,block,constant_a018,0.11827789185185185
0.015904550855174872,0.011193723530702693,0.024848392850395338,-0.011145,-0.011144999999999999,1.5074411871825004,37.27999625788589,0.9860422112297916,0.0042173333333333325,0.147348,108,7,0,monthly_beme_inv,monthly size/profit/invest,market_state_mixed,27,calibration,block,constant_a019,0.11827789185185185
0.02650786866154429,-0.002980256397241477,0.07585465931730022,-0.021573000000000002,-0.021573,2.9497223595523616,18.450533430286857,0.9726877559300707,0.008245074074074075,0.13999414814814815,108,8,1,monthly_beme_inv,monthly size/profit/invest,market_state_mixed,27,calibration,block,constant_a020,0.11827789185185185
0.07411365380023066,0.03450747031119854,0.1407960917805902,-0.019043,-0.019043,2.183420013629727,63.483183486780554,0.979783148021947,0.006383953703703705,0.15362255555555557,108,7,1,monthly_beme_inv,monthly size/profit/invest,market_state_mixed,27,calibration,block,constant_a021,0.11827789185185185
0.03696769345233965,0.006667994832816629,0.0702687870130646,0.01729360778876373,inf,2.0606031105160025,63.76304203271525,0.9809203415692963,0.007549240740740741,0.166953037037037,108,17,1,monthly_beme_inv,monthly size/profit/invest,market_state_mixed,27,calibration,block,constant_a022,0.11827789185185185
-0.028622606260409397,-0.06566602891974435,-0.0016957093292405542,0.098891,0.098891,2.704465819445275,51.27504282780013,0.9749586498199512,0.010377666666666665,0.1526464814814815,108,3,1,monthly_beme_inv,monthly size/profit/invest,market_state_mixed,27,calibration,block,constant_a023,0.11827789185185185
0.03477860463540127,-0.035013397122929564,0.10512725770655736,0.159931,0.159931,3.018921020952133,63.26850497520491,0.9720470275837766,0.003429722222222222,0.15112655555555557,108,3,1,monthly_beme_inv,monthly size/profit/invest,market_state_mixed,27,calibration,block,constant_a024,0.11827789185185185
0.011201401155555547,0.011201401155555549,0.011201401155555561,,inf,0.0,0.0,1.0,0.007931715555555555,0.11827789185185185,108,200,0,monthly_beme_inv,monthly size/profit/invest,market_state_mixed,27,calibration,block,constant_equal_weight_public,0.11827789185185185
0.02150841154654774,-0.019586347510095622,0.07776855338237784,0.06409138409430848,0.06799558454132286,7.127922758306545,47.507148122533835,0.9340007152008654,0.00639925,0.11877474074074072,108,0,2,monthly_beme_inv,monthly size/profit/invest,market_state_mixed,27,calibration,block,momentum_12,0.11827789185185185
0.0034313755755756726,-0.10509033937479215,0.09903142664298921,0.06504037916444134,0.068013,4.142919951931031,55.439968128743104,0.9616396300747126,0.005811675925925926,0.12731337037037035,108,0,1,monthly_beme_inv,monthly size/profit/invest,market_state_mixed,27,calibration,block,low_vol_12,0.11827789185185185
0.004904735959244757,-0.013509483000695889,0.02215195073614419,0.06761424076099741,0.068013,21.11731749264488,8.84171659118006,0.8044692824755104,0.010428287037037036,0.13604655555555556,108,0,3,monthly_beme_inv,monthly size/profit/invest,market_state_mixed,27,calibration,block,risk_adjusted_12,0.11827789185185185
0.06527490669137503,0.026843009008526753,0.09486142275575724,-0.005773,inf,1.2679499871751645,64.78864488677279,0.9882597223409707,0.007997361111111113,0.14329592592592594,108,24,0,monthly_beme_inv,monthly size/profit/invest,market_state_mixed,27,calibration,block,ridge_return_train_only,0.11827789185185185
-0.06147535806038312,-0.15531991776624676,0.0029751893325497708,0.08679500000000001,0.08679500000000001,3.887130140036926,62.1840243337569,0.9714181607350226,0.012615316176470588,0.0930109705882353,136,0,1,monthly_beme_inv,monthly size/profit/invest,market_state_mixed,27,test,iid,constant_a000,0.11827789185185185
-0.0012373198867363711,-0.023870786235037918,0.021136516537057032,0.096993,inf,1.749325980101625,55.49051526423474,0.987137308969841,0.013102345588235295,0.08792349999999999,136,12,0,monthly_beme_inv,monthly size/profit/invest,market_state_mixed,27,test,iid,constant_a001,0.11827789185185185
0.017544174638737,-0.05793306221326624,0.08307968852515624,0.058668,inf,1.9384177924282264,64.31518701747841,0.9857469279968513,0.012018411764705882,0.09237323529411764,136,24,0,monthly_beme_inv,monthly size/profit/invest,market_state_mixed,27,test,iid,constant_a002,0.11827789185185185
-0.02485034399624516,-0.07332223144478836,0.01824760413682969,0.05311725573259445,0.053696,5.297771861203396,59.96443300461865,0.9610457951382103,0.012507904411764706,0.08533364705882353,136,0,2,monthly_beme_inv,monthly size/profit/invest,market_state_mixed,27,test,iid,constant_a003,0.11827789185185185
0.027150368924142205,-0.06290520962323949,0.1372990211555504,0.067084,0.067084,4.32502140471094,62.08964031213724,0.9681983720241842,0.016923816176470586,0.12503776470588232,136,1,1,monthly_beme_inv,monthly size/profit/invest,market_state_mixed,27,test,iid,constant_a004,0.11827789185185185
0.012008832113103511,-0.005304090601198571,0.025169712558590993,0.026779999999999998,0.026779999999999998,4.9243082553541,20.61040635874778,0.9637918510635728,0.008262551470588235,0.08173532352941176,136,0,1,monthly_beme_inv,monthly size/profit/invest,market_state_mixed,27,test,iid,constant_a005,0.11827789185185185
0.08388227367051287,0.019871387718596464,0.17186059446278654,0.009888077658960341,0.022879,4.914226036430536,56.79273209325739,0.9638659850262461,0.010530345588235294,0.08785285294117647,136,0,1,monthly_beme_inv,monthly size/profit/invest,market_state_mixed,27,test,iid,constant_a006,0.11827789185185185
-0.018848242362115273,-0.06935447174559295,0.011171866957845463,0.06075400000000001,0.06075400000000001,3.4577232084762026,54.60987736941625,0.9745755646435573,0.009129316176470588,0.08401394117647058,136,0,1,monthly_beme_inv,monthly size/profit/invest,market_state_mixed,27,test,iid,constant_a007,0.11827789185185185
0.02283028333920294,-0.07045674324788086,0.11404534820811106,0.066505,0.066505,4.068607420261195,61.88196544849839,0.9700837689686677,0.00976945588235294,0.09247982352941177,136,3,1,monthly_beme_inv,monthly size/profit/invest,market_state_mixed,27,test,iid,constant_a008,0.11827789185185185
-0.0015494349823218438,-0.048604257256436224,0.0509320326495899,0.144686,0.144686,3.6994902516760275,35.63916837364349,0.9727978657964998,0.011968948529411766,0.10100061764705882,136,0,1,monthly_beme_inv,monthly size/profit/invest,market_state_mixed,27,test,iid,constant_a009,0.11827789185185185
0.02059347661871628,-0.0060321698604624665,0.05022679508176794,0.008112000000000001,0.008112000000000001,2.839281978680444,60.67718573494912,0.9791229266273497,0.008373220588235294,0.12336,136,9,1,monthly_beme_inv,monthly size/profit/invest,market_state_mixed,27,test,iid,constant_a010,0.11827789185185185
0.02442637102768858,-0.03745944888308662,0.08806392835838783,0.036354000000000004,0.036354000000000004,5.494193430232748,63.92244310184769,0.9596015188953474,0.011226360294117646,0.10341623529411764,136,0,2,monthly_beme_inv,monthly size/profit/invest,market_state_mixed,27,test,iid,constant_a011,0.11827789185185185
0.10399029846145681,-0.04058029709285827,0.30999516967998103,0.083996,0.08399600000000002,3.683620383239314,62.57939426478837,0.9729145560055933,0.008645838235294119,0.10809861764705882,136,6,1,monthly_beme_inv,monthly size/profit/invest,market_state_mixed,27,test,iid,constant_a012,0.11827789185185185
-0.0011787169955603577,-0.021574437756455084,0.02194537686005801,0.102064,0.102064,4.378919256598927,43.4350485559336,0.9678020642897138,0.010076757352941175,0.10753394117647058,136,0,1,monthly_beme_inv,monthly size/profit/invest,market_state_mixed,27,test,iid,constant_a013,0.11827789185185185
0.038658439225667966,0.00950501452319378,0.09565851071772084,0.00786675671502411,0.045062,2.4438698432228123,64.81553011472546,0.9820303687998323,0.008284867647058825,0.11493285294117647,136,3,1,monthly_beme_inv,monthly size/profit/invest,market_state_mixed,27,test,iid,constant_a014,0.11827789185185185
0.1414401160909173,-0.054208375046622514,0.44887275490364176,0.041196,0.041196,3.176397148840941,64.99971233837621,0.9766441386114637,0.008826257352941177,0.12884785294117648,136,2,1,monthly_beme_inv,monthly size/profit/invest,market_state_mixed,27,test,iid,constant_a015,0.11827789185185185
-4.4601414635972e-05,-0.05693380307692876,0.0334934966680461,0.041257,0.041257,3.108077817925662,58.7428529487145,0.9771464866328995,0.008927345588235295,0.1193340588235294,136,3,1,monthly_beme_inv,monthly size/profit/invest,market_state_mixed,27,test,iid,constant_a016,0.11827789185185185
0.03510696733869752,-0.011479811177375277,0.07941102090141175,0.043156,0.043156,3.1494955323958718,58.13953169654129,0.9768419446147363,0.011229257352941177,0.11723499999999999,136,2,1,monthly_beme_inv,monthly size/profit/invest,market_state_mixed,27,test,iid,constant_a017,0.11827789185185185
0.02930145768980116,-0.00358276704194722,0.0841033246040464,-0.0007000000000000001,inf,2.8021084125621125,59.8899366645952,0.9793962616723374,0.008399514705882353,0.11210208823529413,136,11,1,monthly_beme_inv,monthly size/profit/invest,market_state_mixed,27,test,iid,constant_a018,0.11827789185185185
0.016364340680041764,0.0049665012460178475,0.032925119638551895,0.010553,inf,1.4074619417601464,61.0068168526714,0.9896510151341166,0.00865529411764706,0.12635044117647057,136,28,0,monthly_beme_inv,monthly size/profit/invest,market_state_mixed,27,test,iid,constant_a019,0.11827789185185185
0.004716986555050234,-0.005678389133097685,0.01580979292550203,0.08185,0.08185,3.477476470140783,6.258990493037988,0.9744303200724942,0.012099382352941175,0.14358485294117646,136,4,1,monthly_beme_inv,monthly size/profit/invest,market_state_mixed,27,test,iid,constant_a020,0.11827789185185185
0.06291629451092921,0.025334321790012646,0.11868071012027537,-0.024098,-0.024098,2.33536066944582,61.411550409346745,0.982828230371722,0.01222494117647059,0.14384626470588235,136,9,1,monthly_beme_inv,monthly size/profit/invest,market_state_mixed,27,test,iid,constant_a021,0.11827789185185185
-0.10728309025370865,-0.3224932995628239,0.10694021731186597,0.064913,0.064913,6.492059229788014,63.6590563834191,0.9522642703692058,0.017123066176470587,0.1353010882352941,136,0,2,monthly_beme_inv,monthly size/profit/invest,market_state_mixed,27,test,iid,constant_a022,0.11827789185185185
-0.027354169848526316,-0.11143573357687277,0.04233068047309352,0.06373000000000001,0.06373000000000001,3.936173206278843,61.32441319442668,0.9710575499538321,0.008874250000000002,0.14966720588235294,136,5,1,monthly_beme_inv,monthly size/profit/invest,market_state_mixed,27,test,iid,constant_a023,0.11827789185185185
0.08328480021616684,-0.03787797399166936,0.2492551954839606,0.031904,0.031904,4.023076262302735,64.65414917094975,0.9704185568948328,0.009983330882352941,0.15231129411764704,136,0,1,monthly_beme_inv,monthly size/profit/invest,market_state_mixed,27,test,iid,constant_a024,0.11827789185185185
0.011201401155555528,0.011201401155555561,0.011201401155555565,,inf,0.0,0.0,1.0,0.010791123823529411,0.10181459294117648,136,200,0,monthly_beme_inv,monthly size/profit/invest,market_state_mixed,27,test,iid,constant_equal_weight_public,0.11827789185185185
0.05843537679879617,-0.013337620699888657,0.17326560750010161,0.096993,0.096993,5.071701981587955,63.6590563834191,0.9627080736647945,0.014479683823529411,0.10938723529411763,136,0,2,monthly_beme_inv,monthly size/profit/invest,market_state_mixed,27,test,iid,momentum_12,0.11827789185185185
0.010495903881292087,-0.022637309250112727,0.05190477334172735,0.083996,0.083996,5.444384707028447,39.65865961559973,0.9599677595071437,0.00839615323529412,0.10006255882352941,136,0,2,monthly_beme_inv,monthly size/profit/invest,market_state_mixed,27,test,iid,low_vol_12,0.11827789185185185
0.02503263829495568,0.008892275172546345,0.04678848074801104,0.07872359577591644,0.08185,33.6863763703823,7.417493554466978,0.7523060561001301,0.009734536764705884,0.10477579411764705,136,0,3,monthly_beme_inv,monthly size/profit/invest,market_state_mixed,27,test,iid,risk_adjusted_12,0.11827789185185185
-0.09204923761400761,-0.2899565050556378,0.07994655406696158,0.001669,0.0016690000000000001,3.9802831293204064,64.99971233837621,0.9707332122844088,0.014161757352941177,0.12125767647058823,136,1,1,monthly_beme_inv,monthly size/profit/invest,market_state_mixed,27,test,iid,ridge_return_train_only,0.11827789185185185
-0.06147535806038312,-0.15527729027018847,0.005237931620088424,0.08679500000000001,0.08679500000000001,3.887130140036926,62.1840243337569,0.9714181607350226,0.012615316176470588,0.0930109705882353,136,1,1,monthly_beme_inv,monthly size/profit/invest,market_state_mixed,27,test,block,constant_a000,0.11827789185185185
-0.0012373198867363711,-0.03235934145814648,0.021136516537057032,0.096993,inf,1.749325980101625,55.49051526423474,0.987137308969841,0.013102345588235295,0.08792349999999999,136,12,0,monthly_beme_inv,monthly size/profit/invest,market_state_mixed,27,test,block,constant_a001,0.11827789185185185
0.017544174638737,-0.057933062213266204,0.07631936385098073,0.058668,inf,1.9384177924282264,64.31518701747841,0.9857469279968513,0.012018411764705882,0.09237323529411764,136,13,0,monthly_beme_inv,monthly size/profit/invest,market_state_mixed,27,test,block,constant_a002,0.11827789185185185
-0.02485034399624516,-0.08514460211807999,0.018012628280991237,0.05311725573259445,0.053696,5.297771861203396,59.96443300461865,0.9610457951382103,0.012507904411764706,0.08533364705882353,136,0,2,monthly_beme_inv,monthly size/profit/invest,market_state_mixed,27,test,block,constant_a003,0.11827789185185185
0.027150368924142205,-0.08054231476222573,0.14140541184169575,0.067084,0.067084,4.32502140471094,62.08964031213724,0.9681983720241842,0.016923816176470586,0.12503776470588232,136,0,1,monthly_beme_inv,monthly size/profit/invest,market_state_mixed,27,test,block,constant_a004,0.11827789185185185
0.012008832113103511,-0.003144864747967365,0.024087897562554705,0.026779999999999998,0.02678,4.9243082553541,20.61040635874778,0.9637918510635728,0.008262551470588235,0.08173532352941176,136,0,1,monthly_beme_inv,monthly size/profit/invest,market_state_mixed,27,test,block,constant_a005,0.11827789185185185
0.08388227367051287,0.021262761574126425,0.1572769571460801,0.009888077658960341,0.022879,4.914226036430536,56.79273209325739,0.9638659850262461,0.010530345588235294,0.08785285294117647,136,0,1,monthly_beme_inv,monthly size/profit/invest,market_state_mixed,27,test,block,constant_a006,0.11827789185185185
-0.018848242362115273,-0.05869022195471596,0.012338605994211951,0.06075400000000001,0.06075400000000001,3.4577232084762026,54.60987736941625,0.9745755646435573,0.009129316176470588,0.08401394117647058,136,0,1,monthly_beme_inv,monthly size/profit/invest,market_state_mixed,27,test,block,constant_a007,0.11827789185185185
0.02283028333920294,-0.08060702870234343,0.10610659143881872,0.066505,0.066505,4.068607420261195,61.88196544849839,0.9700837689686677,0.00976945588235294,0.09247982352941177,136,1,1,monthly_beme_inv,monthly size/profit/invest,market_state_mixed,27,test,block,constant_a008,0.11827789185185185
-0.0015494349823218438,-0.06678474708023202,0.043307787081043006,0.144686,0.144686,3.6994902516760275,35.63916837364349,0.9727978657964998,0.011968948529411766,0.10100061764705882,136,1,1,monthly_beme_inv,monthly size/profit/invest,market_state_mixed,27,test,block,constant_a009,0.11827789185185185
0.02059347661871628,-0.00814432152075383,0.05219333341301338,0.008112000000000001,inf,2.839281978680444,60.67718573494912,0.9791229266273497,0.008373220588235294,0.12336,136,10,1,monthly_beme_inv,monthly size/profit/invest,market_state_mixed,27,test,block,constant_a010,0.11827789185185185
0.02442637102768858,-0.03457653789561587,0.09493867356297211,0.036354000000000004,0.036354000000000004,5.494193430232748,63.92244310184769,0.9596015188953474,0.011226360294117646,0.10341623529411764,136,1,2,monthly_beme_inv,monthly size/profit/invest,market_state_mixed,27,test,block,constant_a011,0.11827789185185185
0.10399029846145681,-0.05778025625093307,0.29868934600710795,0.083996,0.08399600000000002,3.683620383239314,62.57939426478837,0.9729145560055933,0.008645838235294119,0.10809861764705882,136,5,1,monthly_beme_inv,monthly size/profit/invest,market_state_mixed,27,test,block,constant_a012,0.11827789185185185
-0.0011787169955603577,-0.02218473020959317,0.02131101925215111,0.102064,0.102064,4.378919256598927,43.4350485559336,0.9678020642897138,0.010076757352941175,0.10753394117647058,136,0,1,monthly_beme_inv,monthly size/profit/invest,market_state_mixed,27,test,block,constant_a013,0.11827789185185185
0.038658439225667966,0.011166265514842314,0.08900670372113274,0.00786675671502411,0.045062,2.4438698432228123,64.81553011472546,0.9820303687998323,0.008284867647058825,0.11493285294117647,136,4,1,monthly_beme_inv,monthly size/profit/invest,market_state_mixed,27,test,block,constant_a014,0.11827789185185185
0.1414401160909173,-0.06095892254408631,0.3972528475932159,0.041196,0.041196,3.176397148840941,64.99971233837621,0.9766441386114637,0.008826257352941177,0.12884785294117648,136,4,1,monthly_beme_inv,monthly size/profit/invest,market_state_mixed,27,test,block,constant_a015,0.11827789185185185
-4.4601414635972e-05,-0.06889867122302476,0.03604801510137772,0.041257,0.041257,3.108077817925662,58.7428529487145,0.9771464866328995,0.008927345588235295,0.1193340588235294,136,2,1,monthly_beme_inv,monthly size/profit/invest,market_state_mixed,27,test,block,constant_a016,0.11827789185185185
0.03510696733869752,-0.0005164464564880481,0.07431248552334145,0.043156,0.043156,3.1494955323958718,58.13953169654129,0.9768419446147363,0.011229257352941177,0.11723499999999999,136,0,1,monthly_beme_inv,monthly size/profit/invest,market_state_mixed,27,test,block,constant_a017,0.11827789185185185
0.02930145768980116,-0.002218647128751871,0.08149312905639139,-0.0007000000000000001,-0.0007,2.8021084125621125,59.8899366645952,0.9793962616723374,0.008399514705882353,0.11210208823529413,136,9,1,monthly_beme_inv,monthly size/profit/invest,market_state_mixed,27,test,block,constant_a018,0.11827789185185185
0.016364340680041764,0.0049665012460178475,0.03300223562741792,0.010553,inf,1.4074619417601464,61.0068168526714,0.9896510151341166,0.00865529411764706,0.12635044117647057,136,25,0,monthly_beme_inv,monthly size/profit/invest,market_state_mixed,27,test,block,constant_a019,0.11827789185185185
0.004716986555050234,-0.006452505458714796,0.019488929101801288,0.08185,0.08185,3.477476470140783,6.258990493037988,0.9744303200724942,0.012099382352941175,0.14358485294117646,136,8,1,monthly_beme_inv,monthly size/profit/invest,market_state_mixed,27,test,block,constant_a020,0.11827789185185185
0.06291629451092921,0.02610330466882978,0.1376683941993091,-0.024098,inf,2.33536066944582,61.411550409346745,0.982828230371722,0.01222494117647059,0.14384626470588235,136,12,1,monthly_beme_inv,monthly size/profit/invest,market_state_mixed,27,test,block,constant_a021,0.11827789185185185
-0.10728309025370865,-0.41987424750705316,0.12070009380087315,0.064913,0.064913,6.492059229788014,63.6590563834191,0.9522642703692058,0.017123066176470587,0.1353010882352941,136,0,2,monthly_beme_inv,monthly size/profit/invest,market_state_mixed,27,test,block,constant_a022,0.11827789185185185
-0.027354169848526316,-0.10493813304946703,0.03271488834426299,0.06373000000000001,0.06373000000000001,3.936173206278843,61.32441319442668,0.9710575499538321,0.008874250000000002,0.14966720588235294,136,2,1,monthly_beme_inv,monthly size/profit/invest,market_state_mixed,27,test,block,constant_a023,0.11827789185185185
0.08328480021616684,-0.035347016648133146,0.25142795719808864,0.031904,0.031904,4.023076262302735,64.65414917094975,0.9704185568948328,0.009983330882352941,0.15231129411764704,136,0,1,monthly_beme_inv,monthly size/profit/invest,market_state_mixed,27,test,block,constant_a024,0.11827789185185185
0.011201401155555528,0.011201401155555561,0.011201401155555565,,inf,0.0,0.0,1.0,0.010791123823529411,0.10181459294117648,136,200,0,monthly_beme_inv,monthly size/profit/invest,market_state_mixed,27,test,block,constant_equal_weight_public,0.11827789185185185
0.05843537679879617,-0.00397562374077581,0.16043929279541247,0.096993,0.096993,5.071701981587955,63.6590563834191,0.9627080736647945,0.014479683823529411,0.10938723529411763,136,0,2,monthly_beme_inv,monthly size/profit/invest,market_state_mixed,27,test,block,momentum_12,0.11827789185185185
0.010495903881292087,-0.03762655459235153,0.051209957452399354,0.083996,0.083996,5.444384707028447,39.65865961559973,0.9599677595071437,0.00839615323529412,0.10006255882352941,136,0,2,monthly_beme_inv,monthly size/profit/invest,market_state_mixed,27,test,block,low_vol_12,0.11827789185185185
0.02503263829495568,0.005728094067577563,0.04895854437182358,0.07872359577591644,0.08185,33.6863763703823,7.417493554466978,0.7523060561001301,0.009734536764705884,0.10477579411764705,136,0,3,monthly_beme_inv,monthly size/profit/invest,market_state_mixed,27,test,block,risk_adjusted_12,0.11827789185185185
-0.09204923761400761,-0.3974060419842366,0.08185889413915964,0.001669,0.0016690000000000001,3.9802831293204064,64.99971233837621,0.9707332122844088,0.014161757352941177,0.12125767647058823,136,3,1,monthly_beme_inv,monthly size/profit/invest,market_state_mixed,27,test,block,ridge_return_train_only,0.11827789185185185
0.012827855379759456,0.010106264487594382,0.015169363845139627,0.097365,0.09736500000000001,9.999999999999996,1.0097087378640779,0.9074074074074074,0.012389592592592593,0.1084932962962963,108,0,2,monthly_beme_inv,monthly size/profit/invest,low_overlap_concentration,7,calibration,iid,constant_a000,0.11827789185185185
0.014747613668144924,0.014417811111111093,0.015415463846138474,-0.049694,inf,1.0,1.0097087378640779,0.9907407407407407,0.005986157407407407,0.10714711111111111,108,69,0,monthly_beme_inv,monthly size/profit/invest,low_overlap_concentration,7,calibration,iid,constant_a001,0.11827789185185185
0.014417811111111083,0.014417811111111092,0.014417811111111104,,inf,0.0,0.0,1.0,0.008702425925925926,0.0971386296296296,108,200,0,monthly_beme_inv,monthly size/profit/invest,low_overlap_concentration,7,calibration,iid,constant_a002,0.11827789185185185
0.005461750781703878,-0.0038249783385556927,0.0161580130584925,-0.065113,inf,2.0,1.0097087378640779,0.9814814814814815,0.007643314814814815,0.09719577777777777,108,21,1,monthly_beme_inv,monthly size/profit/invest,low_overlap_concentration,7,calibration,iid,constant_a003,0.11827789185185185
0.01458853837867908,0.002018859357254079,0.028635363852078936,0.068013,0.068013,9.999999999999996,1.0097087378640779,0.9074074074074074,0.009480231481481482,0.11743285185185184,108,0,2,monthly_beme_inv,monthly size/profit/invest,low_overlap_concentration,7,calibration,iid,constant_a004,0.11827789185185185
0.6959262469015947,0.011985253022493895,2.0788010204520795,-0.041539053938688446,0.042662000000000005,1.0015536992202998,2600.0,0.9907263546368491,0.011261194444444447,0.1134698888888889,108,9,0,monthly_beme_inv,monthly size/profit/invest,low_overlap_concentration,7,calibration,iid,constant_a005,0.11827789185185185
0.1328455831114299,0.10928294565795078,0.15304482982916878,,inf,0.0,0.0,1.0,0.008031666666666666,0.08997851851851851,108,200,0,monthly_beme_inv,monthly size/profit/invest,low_overlap_concentration,7,calibration,iid,constant_a006,0.11827789185185185
0.014417811111111083,0.014417811111111092,0.014417811111111104,,inf,0.0,0.0,1.0,0.010627296296296298,0.10327848148148148,108,200,0,monthly_beme_inv,monthly size/profit/invest,low_overlap_concentration,7,calibration,iid,constant_a007,0.11827789185185185
0.014417811111111083,0.014417811111111092,0.014417811111111104,,inf,0.0,0.0,1.0,0.0056105277777777785,0.11024014814814816,108,200,0,monthly_beme_inv,monthly size/profit/invest,low_overlap_concentration,7,calibration,iid,constant_a008,0.11827789185185185
0.01328739616045385,0.010579212896639892,0.015839014322386016,0.08820299999999999,0.08820299999999999,10.999999999999995,1.0097087378640779,0.8981481481481481,0.010969518518518519,0.13062,108,0,3,monthly_beme_inv,monthly size/profit/invest,low_overlap_concentration,7,calibration,iid,constant_a009,0.11827789185185185
0.018653123622239073,0.007039382993384073,0.03118317405834297,0.030997999999999998,0.030998,4.0,1.0097087378640779,0.962962962962963,0.008336898148148149,0.13666044444444442,108,2,1,monthly_beme_inv,monthly size/profit/invest,low_overlap_concentration,7,calibration,iid,constant_a010,0.11827789185185185
0.015241787250789061,0.014150262291741567,0.01692000297075391,0.005339,0.005339,4.0,1.0097087378640779,0.962962962962963,0.009281564814814814,0.0990418148148148,108,4,1,monthly_beme_inv,monthly size/profit/invest,low_overlap_concentration,7,calibration,iid,constant_a011,0.11827789185185185
0.010684776631107899,0.005598723656758157,0.0147151783227456,0.178004,0.17800400000000002,9.999999999999996,1.0097087378640779,0.9074074074074074,0.01044275925925926,0.11443203703703704,108,0,2,monthly_beme_inv,monthly size/profit/invest,low_overlap_concentration,7,calibration,iid,constant_a012,0.11827789185185185
-4.458944783662949,-13.405994938203685,0.01471435076151663,0.1714,inf,1.0015536992203,2600.000000000001,0.9907263546368491,0.009317546296296296,0.12716503703703705,108,10,0,monthly_beme_inv,monthly size/profit/invest,low_overlap_concentration,7,calibration,iid,constant_a013,0.11827789185185185
0.014417811111111083,0.014417811111111092,0.014417811111111104,,inf,0.0,0.0,1.0,0.002895814814814816,0.14171644444444445,108,200,0,monthly_beme_inv,monthly size/profit/invest,low_overlap_concentration,7,calibration,iid,constant_a014,0.11827789185185185
0.014417811111111083,0.014417811111111092,0.014417811111111104,,inf,0.0,0.0,1.0,0.00806975925925926,0.15166288888888887,108,200,0,monthly_beme_inv,monthly size/profit/invest,low_overlap_concentration,7,calibration,iid,constant_a015,0.11827789185185185
0.014417811111111083,0.014417811111111092,0.014417811111111104,,inf,0.0,0.0,1.0,0.007727046296296298,0.13265266666666667,108,200,0,monthly_beme_inv,monthly size/profit/invest,low_overlap_concentration,7,calibration,iid,constant_a016,0.11827789185185185
0.015409690491030381,0.014369505793279783,0.016768481701626103,-0.009251,-0.009251,4.999999999999998,1.0097087378640777,0.9537037037037037,0.006241351851851851,0.15278481481481482,108,0,1,monthly_beme_inv,monthly size/profit/invest,low_overlap_concentration,7,calibration,iid,constant_a017,0.11827789185185185
0.015030007906828053,0.014065070467257974,0.016206133522513867,0.010378,0.010378,7.999999999999995,1.0097087378640777,0.9259259259259259,0.005075231481481484,0.2541734074074074,108,1,2,monthly_beme_inv,monthly size/profit/invest,low_overlap_concentration,7,calibration,iid,constant_a018,0.11827789185185185
0.014063629489791816,0.01335526624715329,0.014417811111111102,0.023466,inf,1.0,1.0097087378640777,0.9907407407407407,0.0042173333333333325,0.147348,108,85,0,monthly_beme_inv,monthly size/profit/invest,low_overlap_concentration,7,calibration,iid,constant_a019,0.11827789185185185
0.009004523807665086,0.0041304557238502305,0.014157842358654544,0.064294,0.064294,15.99999999999999,1.0097087378640777,0.851851851851852,0.008245074074074075,0.13999414814814815,108,0,3,monthly_beme_inv,monthly size/profit/invest,low_overlap_concentration,7,calibration,iid,constant_a020,0.11827789185185185
-0.04784738853527347,-0.05841433220779038,-0.035000261128900874,-0.040635000000000004,inf,1.0,1.0097087378640777,0.9907407407407407,0.006383953703703705,0.15362255555555557,108,83,0,monthly_beme_inv,monthly size/profit/invest,low_overlap_concentration,7,calibration,iid,constant_a021,0.11827789185185185
0.024250183058043953,0.01472600811813358,0.033431099289212174,0.12973200000000001,0.12973200000000001,7.999999999999995,1.0097087378640777,0.9259259259259259,0.007549240740740741,0.166953037037037,108,0,2,monthly_beme_inv,monthly size/profit/invest,low_overlap_concentration,7,calibration,iid,constant_a022,0.11827789185185185
-0.004871363188804624,-0.012028566130526023,0.0026665156881188904,0.069794,0.069794,9.999999999999991,1.0097087378640777,0.9074074074074074,0.010377666666666665,0.1526464814814815,108,0,2,monthly_beme_inv,monthly size/profit/invest,low_overlap_concentration,7,calibration,iid,constant_a023,0.11827789185185185
-0.08586053326695815,-0.09634855842872152,-0.0727154529743736,0.04918199999999999,inf,1.0,1.0097087378640777,0.9907407407407407,0.003429722222222222,0.15112655555555557,108,81,0,monthly_beme_inv,monthly size/profit/invest,low_overlap_concentration,7,calibration,iid,constant_a024,0.11827789185185185
0.014417811111111083,0.014417811111111092,0.014417811111111104,,inf,0.0,0.0,1.0,0.007931715555555555,0.11827789185185185,108,200,0,monthly_beme_inv,monthly size/profit/invest,low_overlap_concentration,7,calibration,iid,constant_equal_weight_public,0.11827789185185185
0.006280525111466017,-0.0033030984043926075,0.01479339137953697,0.11921569811320755,0.14944503703703704,105.99999999999963,1.0097087378640779,0.01851851851852193,0.00639925,0.11877474074074072,108,0,4,monthly_beme_inv,monthly size/profit/invest,low_overlap_concentration,7,calibration,iid,momentum_12,0.11827789185185185
0.02468175048046986,0.016340238423828868,0.035194730493364954,0.08820299999999999,0.08820299999999999,4.0,1.0097087378640779,0.962962962962963,0.005811675925925926,0.12731337037037035,108,2,1,monthly_beme_inv,monthly size/profit/invest,low_overlap_concentration,7,calibration,iid,low_vol_12,0.11827789185185185
0.010025349184517748,0.0009172092151086247,0.018565217657168148,0.13350113953488374,0.178004,43.00000000000001,1.0097087378640779,0.6018518518518519,0.010428287037037036,0.13604655555555556,108,0,3,monthly_beme_inv,monthly size/profit/invest,low_overlap_concentration,7,calibration,iid,risk_adjusted_12,0.11827789185185185
0.17442220340366357,0.15714400085496938,0.1904493557297706,,inf,0.0,0.0,1.0,0.007897675925925926,0.13217885185185185,108,200,0,monthly_beme_inv,monthly size/profit/invest,low_overlap_concentration,7,calibration,iid,ridge_return_train_only,0.11827789185185185
0.012827855379759456,0.010129409821806693,0.015096842340884558,0.097365,0.09736500000000001,9.999999999999996,1.0097087378640779,0.9074074074074074,0.012389592592592593,0.1084932962962963,108,0,2,monthly_beme_inv,monthly size/profit/invest,low_overlap_concentration,7,calibration,block,constant_a000,0.11827789185185185
0.014747613668144924,0.014417811111111093,0.015407218782212625,-0.049694,inf,1.0,1.0097087378640779,0.9907407407407407,0.005986157407407407,0.10714711111111111,108,66,0,monthly_beme_inv,monthly size/profit/invest,low_overlap_concentration,7,calibration,block,constant_a001,0.11827789185185185
0.014417811111111083,0.014417811111111092,0.014417811111111107,,inf,0.0,0.0,1.0,0.008702425925925926,0.0971386296296296,108,200,0,monthly_beme_inv,monthly size/profit/invest,low_overlap_concentration,7,calibration,block,constant_a002,0.11827789185185185
0.005461750781703878,-0.010493138879186402,0.021373429497007417,-0.065113,inf,2.0,1.0097087378640779,0.9814814814814815,0.007643314814814815,0.09719577777777777,108,58,1,monthly_beme_inv,monthly size/profit/invest,low_overlap_concentration,7,calibration,block,constant_a003,0.11827789185185185
0.01458853837867908,-0.0032317089458107854,0.03309922195301867,0.068013,0.068013,9.999999999999996,1.0097087378640779,0.9074074074074074,0.009480231481481482,0.11743285185185184,108,0,2,monthly_beme_inv,monthly size/profit/invest,low_overlap_concentration,7,calibration,block,constant_a004,0.11827789185185185
0.6959262469015947,0.012392193839346347,2.0784207620352437,-0.041539053938688446,inf,1.0015536992202998,2600.0,0.9907263546368491,0.011261194444444447,0.1134698888888889,108,10,0,monthly_beme_inv,monthly size/profit/invest,low_overlap_concentration,7,calibration,block,constant_a005,0.11827789185185185
0.1328455831114299,0.09289992704706818,0.17001392388928485,,inf,0.0,0.0,1.0,0.008031666666666666,0.08997851851851851,108,200,0,monthly_beme_inv,monthly size/profit/invest,low_overlap_concentration,7,calibration,block,constant_a006,0.11827789185185185
0.014417811111111083,0.014417811111111092,0.014417811111111107,,inf,0.0,0.0,1.0,0.010627296296296298,0.10327848148148148,108,200,0,monthly_beme_inv,monthly size/profit/invest,low_overlap_concentration,7,calibration,block,constant_a007,0.11827789185185185
0.014417811111111083,0.014417811111111092,0.014417811111111107,,inf,0.0,0.0,1.0,0.0056105277777777785,0.11024014814814816,108,200,0,monthly_beme_inv,monthly size/profit/invest,low_overlap_concentration,7,calibration,block,constant_a008,0.11827789185185185
0.01328739616045385,0.010788508824563498,0.015494627210835417,0.08820299999999999,0.08820299999999999,10.999999999999995,1.0097087378640779,0.8981481481481481,0.010969518518518519,0.13062,108,3,3,monthly_beme_inv,monthly size/profit/invest,low_overlap_concentration,7,calibration,block,constant_a009,0.11827789185185185
0.018653123622239073,-0.0011335797892006868,0.0338976470632283,0.030997999999999998,inf,4.0,1.0097087378640779,0.962962962962963,0.008336898148148149,0.13666044444444442,108,18,1,monthly_beme_inv,monthly size/profit/invest,low_overlap_concentration,7,calibration,block,constant_a010,0.11827789185185185
0.015241787250789061,0.014048392133125564,0.01753892757681089,0.005339,inf,4.0,1.0097087378640779,0.962962962962963,0.009281564814814814,0.0990418148148148,108,10,1,monthly_beme_inv,monthly size/profit/invest,low_overlap_concentration,7,calibration,block,constant_a011,0.11827789185185185
0.010684776631107899,0.0041824869789044705,0.015430971164848768,0.178004,0.17800400000000002,9.999999999999996,1.0097087378640779,0.9074074074074074,0.01044275925925926,0.11443203703703704,108,0,2,monthly_beme_inv,monthly size/profit/invest,low_overlap_concentration,7,calibration,block,constant_a012,0.11827789185185185
-4.458944783662949,-13.405759675727557,0.01474277610371967,0.1714,inf,1.0015536992203,2600.000000000001,0.9907263546368491,0.009317546296296296,0.12716503703703705,108,14,0,monthly_beme_inv,monthly size/profit/invest,low_overlap_concentration,7,calibration,block,constant_a013,0.11827789185185185
0.014417811111111083,0.014417811111111092,0.014417811111111107,,inf,0.0,0.0,1.0,0.002895814814814816,0.14171644444444445,108,200,0,monthly_beme_inv,monthly size/profit/invest,low_overlap_concentration,7,calibration,block,constant_a014,0.11827789185185185
0.014417811111111083,0.014417811111111092,0.014417811111111107,,inf,0.0,0.0,1.0,0.00806975925925926,0.15166288888888887,108,200,0,monthly_beme_inv,monthly size/profit/invest,low_overlap_concentration,7,calibration,block,constant_a015,0.11827789185185185
0.014417811111111083,0.014417811111111092,0.014417811111111107,,inf,0.0,0.0,1.0,0.007727046296296298,0.13265266666666667,108,200,0,monthly_beme_inv,monthly size/profit/invest,low_overlap_concentration,7,calibration,block,constant_a016,0.11827789185185185
0.015409690491030381,0.014417811111111112,0.016770957705861192,-0.009251,-0.009251,4.999999999999998,1.0097087378640777,0.9537037037037037,0.006241351851851851,0.15278481481481482,108,6,1,monthly_beme_inv,monthly size/profit/invest,low_overlap_concentration,7,calibration,block,constant_a017,0.11827789185185185
0.015030007906828053,0.014147516907187654,0.016414755526988675,0.010378,0.010378,7.999999999999995,1.0097087378640777,0.9259259259259259,0.005075231481481484,0.2541734074074074,108,2,2,monthly_beme_inv,monthly size/profit/invest,low_overlap_concentration,7,calibration,block,constant_a018,0.11827789185185185
0.014063629489791816,0.013355266247153287,0.014417811111111104,0.023466,inf,1.0,1.0097087378640777,0.9907407407407407,0.0042173333333333325,0.147348,108,74,0,monthly_beme_inv,monthly size/profit/invest,low_overlap_concentration,7,calibration,block,constant_a019,0.11827789185185185
0.009004523807665086,0.0033435581947021532,0.014894656299395419,0.064294,0.064294,15.99999999999999,1.0097087378640777,0.851851851851852,0.008245074074074075,0.13999414814814815,108,0,3,monthly_beme_inv,monthly size/profit/invest,low_overlap_concentration,7,calibration,block,constant_a020,0.11827789185185185
-0.04784738853527347,-0.06335713487789793,-0.03275341483307189,-0.040635000000000004,inf,1.0,1.0097087378640777,0.9907407407407407,0.006383953703703705,0.15362255555555557,108,76,0,monthly_beme_inv,monthly size/profit/invest,low_overlap_concentration,7,calibration,block,constant_a021,0.11827789185185185
0.024250183058043953,0.012732640598565121,0.035425159913787835,0.12973200000000001,0.12973200000000001,7.999999999999995,1.0097087378640777,0.9259259259259259,0.007549240740740741,0.166953037037037,108,0,2,monthly_beme_inv,monthly size/profit/invest,low_overlap_concentration,7,calibration,block,constant_a022,0.11827789185185185
-0.004871363188804624,-0.017047934475102854,0.006374297680892746,0.069794,0.069794,9.999999999999991,1.0097087378640777,0.9074074074074074,0.010377666666666665,0.1526464814814815,108,1,2,monthly_beme_inv,monthly size/profit/invest,low_overlap_concentration,7,calibration,block,constant_a023,0.11827789185185185
-0.08586053326695815,-0.10480948605046787,-0.06813128391548989,0.04918199999999999,inf,1.0,1.0097087378640777,0.9907407407407407,0.003429722222222222,0.15112655555555557,108,67,0,monthly_beme_inv,monthly size/profit/invest,low_overlap_concentration,7,calibration,block,constant_a024,0.11827789185185185
0.014417811111111083,0.014417811111111092,0.014417811111111107,,inf,0.0,0.0,1.0,0.007931715555555555,0.11827789185185185,108,200,0,monthly_beme_inv,monthly size/profit/invest,low_overlap_concentration,7,calibration,block,constant_equal_weight_public,0.11827789185185185
0.006280525111466017,-0.002734189465988014,0.016006402107484788,0.11921569811320755,0.15125723076923078,105.99999999999963,1.0097087378640779,0.01851851851852193,0.00639925,0.11877474074074072,108,0,4,monthly_beme_inv,monthly size/profit/invest,low_overlap_concentration,7,calibration,block,momentum_12,0.11827789185185185
0.02468175048046986,0.014614550418569818,0.035169608052588584,0.08820299999999999,0.08820299999999999,4.0,1.0097087378640779,0.962962962962963,0.005811675925925926,0.12731337037037035,108,7,1,monthly_beme_inv,monthly size/profit/invest,low_overlap_concentration,7,calibration,block,low_vol_12,0.11827789185185185
0.010025349184517748,0.0018943591770738347,0.017392055464216745,0.13350113953488374,0.178004,43.00000000000001,1.0097087378640779,0.6018518518518519,0.010428287037037036,0.13604655555555556,108,0,3,monthly_beme_inv,monthly size/profit/invest,low_overlap_concentration,7,calibration,block,risk_adjusted_12,0.11827789185185185
0.17442220340366357,0.1450265380954804,0.19949756086841777,,inf,0.0,0.0,1.0,0.007897675925925926,0.13217885185185185,108,200,0,monthly_beme_inv,monthly size/profit/invest,low_overlap_concentration,7,calibration,block,ridge_return_train_only,0.11827789185185185
-1.691807949197284,-5.103842547192716,0.015412023375055518,0.07487866202090597,0.083934,1.0062220303853344,2600.000000000001,0.9926013086001079,0.012615316176470588,0.0930109705882353,136,0,0,monthly_beme_inv,monthly size/profit/invest,low_overlap_concentration,7,test,iid,constant_a000,0.11827789185185185
0.013914922374516121,0.011581764167935776,0.01522420545640586,0.096993,0.096993,4.0,1.0097087378640779,0.9705882352941176,0.013102345588235295,0.08792349999999999,136,5,1,monthly_beme_inv,monthly size/profit/invest,low_overlap_concentration,7,test,iid,constant_a001,0.11827789185185185
0.014490986699663654,0.014417811111111104,0.014637337876768826,-0.024274,inf,1.0,1.0097087378640779,0.9926470588235294,0.012018411764705882,0.09237323529411764,136,69,0,monthly_beme_inv,monthly size/profit/invest,low_overlap_concentration,7,test,iid,constant_a002,0.11827789185185185
0.03329803993593652,0.025558984244668324,0.03884745343151788,0.065871,0.065871,8.0,1.0097087378640779,0.9411764705882353,0.012507904411764706,0.08533364705882353,136,0,2,monthly_beme_inv,monthly size/profit/invest,low_overlap_concentration,7,test,iid,constant_a003,0.11827789185185185
0.0010661418314581279,-0.008445413327540596,0.010073100049400938,0.1232605652173913,0.129819,45.99999999999999,1.0097087378640779,0.661764705882353,0.016923816176470586,0.12503776470588232,136,0,3,monthly_beme_inv,monthly size/profit/invest,low_overlap_concentration,7,test,iid,constant_a004,0.11827789185185185
0.014624963912684788,0.013193158245764319,0.016311256444095434,0.037338,0.037338,9.999999999999996,1.0097087378640779,0.9264705882352942,0.008262551470588235,0.08173532352941176,136,0,2,monthly_beme_inv,monthly size/profit/invest,low_overlap_concentration,7,test,iid,constant_a005,0.11827789185185185
0.277100212819711,0.04829651284112302,0.7237413097083013,0.011555602484472056,inf,1.0007766989119882,2600.000000000001,0.9926413478021178,0.010530345588235294,0.08785285294117647,136,30,0,monthly_beme_inv,monthly size/profit/invest,low_overlap_concentration,7,test,iid,constant_a006,0.11827789185185185
0.014417811111111081,0.014417811111111102,0.014417811111111109,,inf,0.0,0.0,1.0,0.009129316176470588,0.08401394117647058,136,200,0,monthly_beme_inv,monthly size/profit/invest,low_overlap_concentration,7,test,iid,constant_a007,0.11827789185185185
-1.5339746058633144,-4.630616165462591,0.015083874263436756,0.066551,0.066551,1.0031086040253498,2600.0,0.9926242014409901,0.00976945588235294,0.09247982352941177,136,2,0,monthly_beme_inv,monthly size/profit/invest,low_overlap_concentration,7,test,iid,constant_a008,0.11827789185185185
0.014417811111111081,0.014417811111111102,0.014417811111111109,,inf,0.0,0.0,1.0,0.011968948529411766,0.10100061764705882,136,200,0,monthly_beme_inv,monthly size/profit/invest,low_overlap_concentration,7,test,iid,constant_a009,0.11827789185185185
0.03792580318654723,0.029630991210330932,0.0452975466187106,,inf,0.0,0.0,1.0,0.008373220588235294,0.12336,136,200,0,monthly_beme_inv,monthly size/profit/invest,low_overlap_concentration,7,test,iid,constant_a010,0.11827789185185185
0.014398457287898948,0.014359749641474705,0.014417811111111107,-0.011811,inf,1.0,1.0097087378640779,0.9926470588235294,0.011226360294117646,0.10341623529411764,136,63,0,monthly_beme_inv,monthly size/profit/invest,low_overlap_concentration,7,test,iid,constant_a011,0.11827789185185185
0.014417811111111081,0.014417811111111102,0.014417811111111109,,inf,0.0,0.0,1.0,0.008645838235294119,0.10809861764705882,136,200,0,monthly_beme_inv,monthly size/profit/invest,low_overlap_concentration,7,test,iid,constant_a012,0.11827789185185185
0.014417811111111081,0.014417811111111102,0.014417811111111109,,inf,0.0,0.0,1.0,0.010076757352941175,0.10753394117647058,136,200,0,monthly_beme_inv,monthly size/profit/invest,low_overlap_concentration,7,test,iid,constant_a013,0.11827789185185185
0.014417811111111081,0.014417811111111102,0.014417811111111109,,inf,0.0,0.0,1.0,0.008284867647058825,0.11493285294117647,136,200,0,monthly_beme_inv,monthly size/profit/invest,low_overlap_concentration,7,test,iid,constant_a014,0.11827789185185185
0.014326664026905231,0.014053222774287704,0.014417811111111107,-0.002141,inf,1.0,1.0097087378640779,0.9926470588235294,0.008826257352941177,0.12884785294117648,136,84,0,monthly_beme_inv,monthly size/profit/invest,low_overlap_concentration,7,test,iid,constant_a015,0.11827789185185185
0.014417811111111081,0.014417811111111102,0.014417811111111109,,inf,0.0,0.0,1.0,0.008927345588235295,0.1193340588235294,136,200,0,monthly_beme_inv,monthly size/profit/invest,low_overlap_concentration,7,test,iid,constant_a016,0.11827789185185185
0.014417811111111081,0.014417811111111102,0.014417811111111109,,inf,0.0,0.0,1.0,0.011229257352941177,0.11723499999999999,136,200,0,monthly_beme_inv,monthly size/profit/invest,low_overlap_concentration,7,test,iid,constant_a017,0.11827789185185185
0.014417811111111081,0.014417811111111102,0.014417811111111109,,inf,0.0,0.0,1.0,0.008399514705882353,0.11210208823529413,136,200,0,monthly_beme_inv,monthly size/profit/invest,low_overlap_concentration,7,test,iid,constant_a018,0.11827789185185185
0.014232768538612826,0.013862683393616338,0.014417811111111107,0.010506,inf,1.0,1.0097087378640777,0.9926470588235294,0.00865529411764706,0.12635044117647057,136,75,0,monthly_beme_inv,monthly size/profit/invest,low_overlap_concentration,7,test,iid,constant_a019,0.11827789185185185
0.018163877325472783,0.011902569153497895,0.025523860594555258,0.139899,0.139899,15.99999999999999,1.0097087378640777,0.8823529411764707,0.012099382352941175,0.14358485294117646,136,0,3,monthly_beme_inv,monthly size/profit/invest,low_overlap_concentration,7,test,iid,constant_a020,0.11827789185185185
-0.002691788644546338,-0.01683677482181384,0.012775205559146418,0.04902599999999999,0.04902599999999999,5.999999999999997,1.0097087378640777,0.9558823529411765,0.01222494117647059,0.14384626470588235,136,0,2,monthly_beme_inv,monthly size/profit/invest,low_overlap_concentration,7,test,iid,constant_a021,0.11827789185185185
0.018831962341692318,0.011745829294426838,0.027488890633181644,0.052997,0.052997,14.999999999999984,1.0097087378640777,0.8897058823529413,0.017123066176470587,0.1353010882352941,136,0,3,monthly_beme_inv,monthly size/profit/invest,low_overlap_concentration,7,test,iid,constant_a022,0.11827789185185185
-0.005968668685799495,-0.010137602348789172,-0.0012811573134248572,0.043380999999999996,0.043380999999999996,2.9999999999999996,1.0097087378640777,0.9779411764705882,0.008874250000000002,0.14966720588235294,136,7,1,monthly_beme_inv,monthly size/profit/invest,low_overlap_concentration,7,test,iid,constant_a023,0.11827789185185185
-0.026302486982165404,-0.038082600401766926,-0.011194936609780982,0.020714999999999997,0.020714999999999997,7.999999999999995,1.0097087378640777,0.9411764705882353,0.009983330882352941,0.15231129411764704,136,0,2,monthly_beme_inv,monthly size/profit/invest,low_overlap_concentration,7,test,iid,constant_a024,0.11827789185185185
0.014417811111111081,0.014417811111111102,0.014417811111111109,,inf,0.0,0.0,1.0,0.010791123823529411,0.10181459294117648,136,200,0,monthly_beme_inv,monthly size/profit/invest,low_overlap_concentration,7,test,iid,constant_equal_weight_public,0.11827789185185185
0.014123105192629989,0.004786181791404139,0.024405416023492343,0.10996136842105261,0.13043702985074626,132.99999999999957,1.0097087378640779,0.022058823529414906,0.014479683823529411,0.10938723529411763,136,0,4,monthly_beme_inv,monthly size/profit/invest,low_overlap_concentration,7,test,iid,momentum_12,0.11827789185185185
0.025944210978620087,0.02017616862295332,0.03257819781696192,0.037338,0.037338,10.999999999999995,1.0097087378640779,0.9191176470588236,0.00839615323529412,0.10006255882352941,136,0,3,monthly_beme_inv,monthly size/profit/invest,low_overlap_concentration,7,test,iid,low_vol_12,0.11827789185185185
0.018289869155351964,0.007891499633942778,0.028858554685249498,0.13088696774193548,0.13941899999999996,62.00000000000006,1.0097087378640779,0.5441176470588232,0.009734536764705884,0.10477579411764705,136,0,4,monthly_beme_inv,monthly size/profit/invest,low_overlap_concentration,7,test,iid,risk_adjusted_12,0.11827789185185185
0.11578712347420592,0.10700200940977671,0.12594938819091706,0.022879,inf,1.9999999999999996,1.0097087378640779,0.9852941176470589,0.012146375,0.1359804411764706,136,30,0,monthly_beme_inv,monthly size/profit/invest,low_overlap_concentration,7,test,iid,ridge_return_train_only,0.11827789185185185
-1.691807949197284,-6.808770978848913,0.014800584502347862,0.07487866202090597,0.083934,1.0062220303853344,2600.000000000001,0.9926013086001079,0.012615316176470588,0.0930109705882353,136,0,0,monthly_beme_inv,monthly size/profit/invest,low_overlap_concentration,7,test,block,constant_a000,0.11827789185185185
0.013914922374516121,0.01193620655704676,0.015190332997017572,0.096993,0.096993,4.0,1.0097087378640779,0.9705882352941176,0.013102345588235295,0.08792349999999999,136,1,1,monthly_beme_inv,monthly size/profit/invest,low_overlap_concentration,7,test,block,constant_a001,0.11827789185185185
0.014490986699663654,0.014417811111111104,0.014637337876768826,-0.024274,inf,1.0,1.0097087378640779,0.9926470588235294,0.012018411764705882,0.09237323529411764,136,65,0,monthly_beme_inv,monthly size/profit/invest,low_overlap_concentration,7,test,block,constant_a002,0.11827789185185185
0.03329803993593652,0.022593890243093464,0.0434586222617458,0.065871,0.065871,8.0,1.0097087378640779,0.9411764705882353,0.012507904411764706,0.08533364705882353,136,0,2,monthly_beme_inv,monthly size/profit/invest,low_overlap_concentration,7,test,block,constant_a003,0.11827789185185185
0.0010661418314581279,-0.008409279951904484,0.011759391385906457,0.1232605652173913,0.129819,45.99999999999999,1.0097087378640779,0.661764705882353,0.016923816176470586,0.12503776470588232,136,0,3,monthly_beme_inv,monthly size/profit/invest,low_overlap_concentration,7,test,block,constant_a004,0.11827789185185185
0.014624963912684788,0.013525083032870106,0.015903699463163896,0.037338,0.037338,9.999999999999996,1.0097087378640779,0.9264705882352942,0.008262551470588235,0.08173532352941176,136,3,2,monthly_beme_inv,monthly size/profit/invest,low_overlap_concentration,7,test,block,constant_a005,0.11827789185185185
0.277100212819711,0.04288931233629987,0.7187642773461724,0.011555602484472056,inf,1.0007766989119882,2600.000000000001,0.9926413478021178,0.010530345588235294,0.08785285294117647,136,17,0,monthly_beme_inv,monthly size/profit/invest,low_overlap_concentration,7,test,block,constant_a006,0.11827789185185185
0.014417811111111081,0.0144178111111111,0.014417811111111109,,inf,0.0,0.0,1.0,0.009129316176470588,0.08401394117647058,136,200,0,monthly_beme_inv,monthly size/profit/invest,low_overlap_concentration,7,test,block,constant_a007,0.11827789185185185
-1.5339746058633144,-4.629491636608761,0.014531580362808546,0.066551,0.066551,1.0031086040253498,2600.0,0.9926242014409901,0.00976945588235294,0.09247982352941177,136,7,0,monthly_beme_inv,monthly size/profit/invest,low_overlap_concentration,7,test,block,constant_a008,0.11827789185185185
0.014417811111111081,0.0144178111111111,0.014417811111111109,,inf,0.0,0.0,1.0,0.011968948529411766,0.10100061764705882,136,200,0,monthly_beme_inv,monthly size/profit/invest,low_overlap_concentration,7,test,block,constant_a009,0.11827789185185185
0.03792580318654723,0.02840029057064249,0.04636611383526124,,inf,0.0,0.0,1.0,0.008373220588235294,0.12336,136,200,0,monthly_beme_inv,monthly size/profit/invest,low_overlap_concentration,7,test,block,constant_a010,0.11827789185185185
0.014398457287898948,0.014359749641474706,0.014417811111111109,-0.011811,inf,1.0,1.0097087378640779,0.9926470588235294,0.011226360294117646,0.10341623529411764,136,79,0,monthly_beme_inv,monthly size/profit/invest,low_overlap_concentration,7,test,block,constant_a011,0.11827789185185185
0.014417811111111081,0.0144178111111111,0.014417811111111109,,inf,0.0,0.0,1.0,0.008645838235294119,0.10809861764705882,136,200,0,monthly_beme_inv,monthly size/profit/invest,low_overlap_concentration,7,test,block,constant_a012,0.11827789185185185
0.014417811111111081,0.0144178111111111,0.014417811111111109,,inf,0.0,0.0,1.0,0.010076757352941175,0.10753394117647058,136,200,0,monthly_beme_inv,monthly size/profit/invest,low_overlap_concentration,7,test,block,constant_a013,0.11827789185185185
0.014417811111111081,0.0144178111111111,0.014417811111111109,,inf,0.0,0.0,1.0,0.008284867647058825,0.11493285294117647,136,200,0,monthly_beme_inv,monthly size/profit/invest,low_overlap_concentration,7,test,block,constant_a014,0.11827789185185185
0.014326664026905231,0.014144369858493551,0.014417811111111109,-0.002141,inf,1.0,1.0097087378640779,0.9926470588235294,0.008826257352941177,0.12884785294117648,136,72,0,monthly_beme_inv,monthly size/profit/invest,low_overlap_concentration,7,test,block,constant_a015,0.11827789185185185
0.014417811111111081,0.0144178111111111,0.014417811111111109,,inf,0.0,0.0,1.0,0.008927345588235295,0.1193340588235294,136,200,0,monthly_beme_inv,monthly size/profit/invest,low_overlap_concentration,7,test,block,constant_a016,0.11827789185185185
0.014417811111111081,0.0144178111111111,0.014417811111111109,,inf,0.0,0.0,1.0,0.011229257352941177,0.11723499999999999,136,200,0,monthly_beme_inv,monthly size/profit/invest,low_overlap_concentration,7,test,block,constant_a017,0.11827789185185185
0.014417811111111081,0.0144178111111111,0.014417811111111109,,inf,0.0,0.0,1.0,0.008399514705882353,0.11210208823529413,136,200,0,monthly_beme_inv,monthly size/profit/invest,low_overlap_concentration,7,test,block,constant_a018,0.11827789185185185
0.014232768538612826,0.013862683393616338,0.014417811111111109,0.010506,inf,1.0,1.0097087378640777,0.9926470588235294,0.00865529411764706,0.12635044117647057,136,69,0,monthly_beme_inv,monthly size/profit/invest,low_overlap_concentration,7,test,block,constant_a019,0.11827789185185185
0.018163877325472783,0.01331360257266257,0.023939952655908186,0.139899,0.139899,15.99999999999999,1.0097087378640777,0.8823529411764707,0.012099382352941175,0.14358485294117646,136,0,3,monthly_beme_inv,monthly size/profit/invest,low_overlap_concentration,7,test,block,constant_a020,0.11827789185185185
-0.002691788644546338,-0.020422903922451413,0.014834153230004938,0.04902599999999999,0.04902599999999999,5.999999999999997,1.0097087378640777,0.9558823529411765,0.01222494117647059,0.14384626470588235,136,6,2,monthly_beme_inv,monthly size/profit/invest,low_overlap_concentration,7,test,block,constant_a021,0.11827789185185185
0.018831962341692318,0.009091509411805976,0.02871022890433381,0.052997,0.052997,14.999999999999984,1.0097087378640777,0.8897058823529413,0.017123066176470587,0.1353010882352941,136,0,3,monthly_beme_inv,monthly size/profit/invest,low_overlap_concentration,7,test,block,constant_a022,0.11827789185185185
-0.005968668685799495,-0.012632645660704838,-0.0004451791189997734,0.043380999999999996,inf,2.9999999999999996,1.0097087378640777,0.9779411764705882,0.008874250000000002,0.14966720588235294,136,49,1,monthly_beme_inv,monthly size/profit/invest,low_overlap_concentration,7,test,block,constant_a023,0.11827789185185185
-0.026302486982165404,-0.04604230610879636,-0.006957045560293009,0.020714999999999997,0.020714999999999997,7.999999999999995,1.0097087378640777,0.9411764705882353,0.009983330882352941,0.15231129411764704,136,0,2,monthly_beme_inv,monthly size/profit/invest,low_overlap_concentration,7,test,block,constant_a024,0.11827789185185185
0.014417811111111081,0.0144178111111111,0.014417811111111109,,inf,0.0,0.0,1.0,0.010791123823529411,0.10181459294117648,136,200,0,monthly_beme_inv,monthly size/profit/invest,low_overlap_concentration,7,test,block,constant_equal_weight_public,0.11827789185185185
0.014123105192629989,0.004546443062008168,0.02388884208111854,0.10996136842105261,0.1290840303030303,132.99999999999957,1.0097087378640779,0.022058823529414906,0.014479683823529411,0.10938723529411763,136,0,4,monthly_beme_inv,monthly size/profit/invest,low_overlap_concentration,7,test,block,momentum_12,0.11827789185185185
0.025944210978620087,0.01733700587789425,0.03507034801425568,0.037338,0.037338,10.999999999999995,1.0097087378640779,0.9191176470588236,0.00839615323529412,0.10006255882352941,136,1,3,monthly_beme_inv,monthly size/profit/invest,low_overlap_concentration,7,test,block,low_vol_12,0.11827789185185185
0.018289869155351964,0.00930518372348913,0.031077904870034288,0.13088696774193548,0.13801314285714286,62.00000000000006,1.0097087378640779,0.5441176470588232,0.009734536764705884,0.10477579411764705,136,0,4,monthly_beme_inv,monthly size/profit/invest,low_overlap_concentration,7,test,block,risk_adjusted_12,0.11827789185185185
0.11578712347420592,0.10075461036349902,0.13215920052675403,0.022879,inf,1.9999999999999996,1.0097087378640779,0.9852941176470589,0.012146375,0.1359804411764706,136,17,0,monthly_beme_inv,monthly size/profit/invest,low_overlap_concentration,7,test,block,ridge_return_train_only,0.11827789185185185
0.012908709890127433,0.010224560710935308,0.015017086763194678,0.097365,0.09736500000000001,9.999999999999996,1.0097087378640779,0.9074074074074074,0.012389592592592593,0.1084932962962963,108,0,2,monthly_beme_inv,monthly size/profit/invest,low_overlap_concentration,17,calibration,iid,constant_a000,0.11827789185185185
0.014835973119181726,0.014507004444444426,0.015493910468656346,-0.049694,inf,1.0,1.0097087378640779,0.9907407407407407,0.005986157407407407,0.10714711111111111,108,72,0,monthly_beme_inv,monthly size/profit/invest,low_overlap_concentration,17,calibration,iid,constant_a001,0.11827789185185185
0.014507004444444423,0.014507004444444426,0.014507004444444435,,inf,0.0,0.0,1.0,0.008702425925925926,0.0971386296296296,108,200,0,monthly_beme_inv,monthly size/profit/invest,low_overlap_concentration,17,calibration,iid,constant_a002,0.11827789185185185
0.004907554071018223,-0.004934444763691577,0.013418442695038328,0.085494,0.085494,2.9999999999999996,1.0097087378640779,0.9722222222222222,0.007643314814814815,0.09719577777777777,108,8,1,monthly_beme_inv,monthly size/profit/invest,low_overlap_concentration,17,calibration,iid,constant_a003,0.11827789185185185
0.01458853837867908,0.001579126182020007,0.027571794378378093,0.068013,0.068013,9.999999999999996,1.0097087378640779,0.9074074074074074,0.009480231481481482,0.11743285185185184,108,0,2,monthly_beme_inv,monthly size/profit/invest,low_overlap_concentration,17,calibration,iid,constant_a004,0.11827789185185185
0.013557373293379657,0.011949515544528335,0.01450700444444443,0.042662000000000005,inf,2.0,1.0097087378640779,0.9814814814814815,0.011261194444444447,0.1134698888888889,108,17,1,monthly_beme_inv,monthly size/profit/invest,low_overlap_concentration,17,calibration,iid,constant_a005,0.11827789185185185
0.14710957945753,0.12860261575665857,0.1705412808835412,,inf,0.0,0.0,1.0,0.008031666666666666,0.08997851851851851,108,200,0,monthly_beme_inv,monthly size/profit/invest,low_overlap_concentration,17,calibration,iid,constant_a006,0.11827789185185185
0.014507004444444423,0.014507004444444426,0.014507004444444435,,inf,0.0,0.0,1.0,0.010627296296296298,0.10327848148148148,108,200,0,monthly_beme_inv,monthly size/profit/invest,low_overlap_concentration,17,calibration,iid,constant_a007,0.11827789185185185
0.014507004444444423,0.014507004444444426,0.014507004444444435,,inf,0.0,0.0,1.0,0.0056105277777777785,0.11024014814814816,108,200,0,monthly_beme_inv,monthly size/profit/invest,low_overlap_concentration,17,calibration,iid,constant_a008,0.11827789185185185
0.01336741678852529,0.010396481705861195,0.015389036692476713,0.08820299999999999,0.08820299999999999,10.999999999999995,1.0097087378640779,0.8981481481481481,0.010969518518518519,0.13062,108,0,3,monthly_beme_inv,monthly size/profit/invest,low_overlap_concentration,17,calibration,iid,constant_a009,0.11827789185185185
0.0298562853406205,0.018653978247799397,0.042585283167805806,0.030997999999999998,0.030998,4.0,1.0097087378640779,0.962962962962963,0.008336898148148149,0.13666044444444442,108,1,1,monthly_beme_inv,monthly size/profit/invest,low_overlap_concentration,17,calibration,iid,constant_a010,0.11827789185185185
0.015327645054936253,0.014236953978185293,0.016722017833233436,0.005339,0.005339,4.0,1.0097087378640779,0.962962962962963,0.009281564814814814,0.0990418148148148,108,4,1,monthly_beme_inv,monthly size/profit/invest,low_overlap_concentration,17,calibration,iid,constant_a011,0.11827789185185185
0.01076563114147587,0.005845631898837341,0.0143693735332614,0.178004,0.17800400000000002,9.999999999999996,1.0097087378640779,0.9074074074074074,0.01044275925925926,0.11443203703703704,108,0,2,monthly_beme_inv,monthly size/profit/invest,low_overlap_concentration,17,calibration,iid,constant_a012,0.11827789185185185
0.014534490876982676,0.014175048467457735,0.01494821899077069,-0.001716,inf,2.0,1.0097087378640779,0.9814814814814815,0.009317546296296296,0.12716503703703705,108,26,1,monthly_beme_inv,monthly size/profit/invest,low_overlap_concentration,17,calibration,iid,constant_a013,0.11827789185185185
0.014507004444444423,0.014507004444444426,0.014507004444444435,,inf,0.0,0.0,1.0,0.002895814814814816,0.14171644444444445,108,200,0,monthly_beme_inv,monthly size/profit/invest,low_overlap_concentration,17,calibration,iid,constant_a014,0.11827789185185185
0.014507004444444423,0.014507004444444426,0.014507004444444435,,inf,0.0,0.0,1.0,0.00806975925925926,0.15166288888888887,108,200,0,monthly_beme_inv,monthly size/profit/invest,low_overlap_concentration,17,calibration,iid,constant_a015,0.11827789185185185
0.014507004444444423,0.014507004444444426,0.014507004444444435,,inf,0.0,0.0,1.0,0.007727046296296298,0.13265266666666667,108,200,0,monthly_beme_inv,monthly size/profit/invest,low_overlap_concentration,17,calibration,iid,constant_a016,0.11827789185185185
0.015494714412881038,0.014549618858923636,0.016995065979303992,-0.009251,-0.009251,4.999999999999998,1.0097087378640777,0.9537037037037037,0.006241351851851851,0.15278481481481482,108,1,1,monthly_beme_inv,monthly size/profit/invest,low_overlap_concentration,17,calibration,iid,constant_a017,0.11827789185185185
0.0151125301817891,0.014210964011906177,0.016177107663190683,0.010378,0.010378,7.999999999999995,1.0097087378640777,0.9259259259259259,0.005075231481481484,0.2541734074074074,108,0,2,monthly_beme_inv,monthly size/profit/invest,low_overlap_concentration,17,calibration,iid,constant_a018,0.11827789185185185
0.014151988940828617,0.013441957933597013,0.014507004444444431,0.023466,inf,1.0,1.0097087378640777,0.9907407407407407,0.0042173333333333325,0.147348,108,63,0,monthly_beme_inv,monthly size/profit/invest,low_overlap_concentration,17,calibration,iid,constant_a019,0.11827789185185185
0.009004523807665086,0.003536363467405555,0.013285192731645145,0.064294,0.064294,15.99999999999999,1.0097087378640777,0.851851851851852,0.008245074074074075,0.13999414814814815,108,0,3,monthly_beme_inv,monthly size/profit/invest,low_overlap_concentration,17,calibration,iid,constant_a020,0.11827789185185185
-0.04784738853527347,-0.05829794351873816,-0.034064202988905945,-0.040635000000000004,inf,1.0,1.0097087378640777,0.9907407407407407,0.006383953703703705,0.15362255555555557,108,77,0,monthly_beme_inv,monthly size/profit/invest,low_overlap_concentration,17,calibration,iid,constant_a021,0.11827789185185185
0.024959592648176845,0.016431716021828496,0.03488993827356268,0.12973200000000001,0.12973200000000001,8.999999999999993,1.0097087378640777,0.9166666666666667,0.007549240740740741,0.166953037037037,108,0,2,monthly_beme_inv,monthly size/profit/invest,low_overlap_concentration,17,calibration,iid,constant_a022,0.11827789185185185
-0.008162345676595996,-0.0161247924318981,0.00034624912803496774,0.069794,0.069794,9.999999999999991,1.0097087378640777,0.9074074074074074,0.010377666666666665,0.1526464814814815,108,0,2,monthly_beme_inv,monthly size/profit/invest,low_overlap_concentration,17,calibration,iid,constant_a023,0.11827789185185185
-0.08586053326695815,-0.0976550761408772,-0.07424132556445673,0.04918199999999999,inf,1.0,1.0097087378640777,0.9907407407407407,0.003429722222222222,0.15112655555555557,108,74,0,monthly_beme_inv,monthly size/profit/invest,low_overlap_concentration,17,calibration,iid,constant_a024,0.11827789185185185
0.014507004444444423,0.014507004444444426,0.014507004444444435,,inf,0.0,0.0,1.0,0.007931715555555555,0.11827789185185185,108,200,0,monthly_beme_inv,monthly size/profit/invest,low_overlap_concentration,17,calibration,iid,constant_equal_weight_public,0.11827789185185185
0.006428831253868357,-0.0036994464054663895,0.0145146619280864,0.11877474074074075,0.1490774074074074,107.99999999999963,1.0097087378640779,3.4416913763379853e-15,0.00639925,0.11877474074074072,108,0,4,monthly_beme_inv,monthly size/profit/invest,low_overlap_concentration,17,calibration,iid,momentum_12,0.11827789185185185
0.025237215008095577,0.017152157848649905,0.034358987104159466,0.08820299999999999,0.08820299999999999,4.0,1.0097087378640779,0.962962962962963,0.005811675925925926,0.12731337037037035,108,3,1,monthly_beme_inv,monthly size/profit/invest,low_overlap_concentration,17,calibration,iid,low_vol_12,0.11827789185185185
0.009709665138617485,0.0005175172203413085,0.017456895885591187,0.13350113953488374,0.178004,43.00000000000001,1.0097087378640779,0.6018518518518519,0.010428287037037036,0.13604655555555556,108,0,3,monthly_beme_inv,monthly size/profit/invest,low_overlap_concentration,17,calibration,iid,risk_adjusted_12,0.11827789185185185
0.18474285391999337,0.17021935676028668,0.20132943599637043,,inf,0.0,0.0,1.0,0.008310462962962964,0.13217885185185185,108,200,0,monthly_beme_inv,monthly size/profit/invest,low_overlap_concentration,17,calibration,iid,ridge_return_train_only,0.11827789185185185
0.012908709890127433,0.010196873619561297,0.01526261812833112,0.097365,0.09736500000000001,9.999999999999996,1.0097087378640779,0.9074074074074074,0.012389592592592593,0.1084932962962963,108,0,2,monthly_beme_inv,monthly size/profit/invest,low_overlap_concentration,17,calibration,block,constant_a000,0.11827789185185185
0.014835973119181726,0.014507004444444424,0.015493910468656348,-0.049694,inf,1.0,1.0097087378640779,0.9907407407407407,0.005986157407407407,0.10714711111111111,108,82,0,monthly_beme_inv,monthly size/profit/invest,low_overlap_concentration,17,calibration,block,constant_a001,0.11827789185185185
0.014507004444444423,0.014507004444444424,0.014507004444444431,,inf,0.0,0.0,1.0,0.008702425925925926,0.0971386296296296,108,200,0,monthly_beme_inv,monthly size/profit/invest,low_overlap_concentration,17,calibration,block,constant_a002,0.11827789185185185
0.004907554071018223,-0.008961496734781332,0.02138450713373879,0.085494,inf,2.9999999999999996,1.0097087378640779,0.9722222222222222,0.007643314814814815,0.09719577777777777,108,38,1,monthly_beme_inv,monthly size/profit/invest,low_overlap_concentration,17,calibration,block,constant_a003,0.11827789185185185
0.01458853837867908,-0.002630734616468654,0.031062757087289155,0.068013,0.068013,9.999999999999996,1.0097087378640779,0.9074074074074074,0.009480231481481482,0.11743285185185184,108,0,2,monthly_beme_inv,monthly size/profit/invest,low_overlap_concentration,17,calibration,block,constant_a004,0.11827789185185185
0.013557373293379657,0.012073260259698737,0.01450700444444443,0.042662000000000005,inf,2.0,1.0097087378640779,0.9814814814814815,0.011261194444444447,0.1134698888888889,108,21,1,monthly_beme_inv,monthly size/profit/invest,low_overlap_concentration,17,calibration,block,constant_a005,0.11827789185185185
0.14710957945753,0.10936400421107206,0.18639172032205423,,inf,0.0,0.0,1.0,0.008031666666666666,0.08997851851851851,108,200,0,monthly_beme_inv,monthly size/profit/invest,low_overlap_concentration,17,calibration,block,constant_a006,0.11827789185185185
0.014507004444444423,0.014507004444444424,0.014507004444444431,,inf,0.0,0.0,1.0,0.010627296296296298,0.10327848148148148,108,200,0,monthly_beme_inv,monthly size/profit/invest,low_overlap_concentration,17,calibration,block,constant_a007,0.11827789185185185
0.014507004444444423,0.014507004444444424,0.014507004444444431,,inf,0.0,0.0,1.0,0.0056105277777777785,0.11024014814814816,108,200,0,monthly_beme_inv,monthly size/profit/invest,low_overlap_concentration,17,calibration,block,constant_a008,0.11827789185185185
0.01336741678852529,0.010348410738103787,0.01580906150473449,0.08820299999999999,0.08820299999999999,10.999999999999995,1.0097087378640779,0.8981481481481481,0.010969518518518519,0.13062,108,3,3,monthly_beme_inv,monthly size/profit/invest,low_overlap_concentration,17,calibration,block,constant_a009,0.11827789185185185
0.0298562853406205,0.015722297386245462,0.04921145071096767,0.030997999999999998,inf,4.0,1.0097087378640779,0.962962962962963,0.008336898148148149,0.13666044444444442,108,28,1,monthly_beme_inv,monthly size/profit/invest,low_overlap_concentration,17,calibration,block,constant_a010,0.11827789185185185
0.015327645054936253,0.01431934839578088,0.016998710319389494,0.005339,inf,4.0,1.0097087378640779,0.962962962962963,0.009281564814814814,0.0990418148148148,108,13,1,monthly_beme_inv,monthly size/profit/invest,low_overlap_concentration,17,calibration,block,constant_a011,0.11827789185185185
0.01076563114147587,0.002929256087098961,0.015733477102001663,0.178004,0.17800400000000002,9.999999999999996,1.0097087378640779,0.9074074074074074,0.01044275925925926,0.11443203703703704,108,1,2,monthly_beme_inv,monthly size/profit/invest,low_overlap_concentration,17,calibration,block,constant_a012,0.11827789185185185
0.014534490876982676,0.014148249195732935,0.01494821899077069,-0.001716,inf,2.0,1.0097087378640779,0.9814814814814815,0.009317546296296296,0.12716503703703705,108,25,1,monthly_beme_inv,monthly size/profit/invest,low_overlap_concentration,17,calibration,block,constant_a013,0.11827789185185185
0.014507004444444423,0.014507004444444424,0.014507004444444431,,inf,0.0,0.0,1.0,0.002895814814814816,0.14171644444444445,108,200,0,monthly_beme_inv,monthly size/profit/invest,low_overlap_concentration,17,calibration,block,constant_a014,0.11827789185185185
0.014507004444444423,0.014507004444444424,0.014507004444444431,,inf,0.0,0.0,1.0,0.00806975925925926,0.15166288888888887,108,200,0,monthly_beme_inv,monthly size/profit/invest,low_overlap_concentration,17,calibration,block,constant_a015,0.11827789185185185
0.014507004444444423,0.014507004444444424,0.014507004444444431,,inf,0.0,0.0,1.0,0.007727046296296298,0.13265266666666667,108,200,0,monthly_beme_inv,monthly size/profit/invest,low_overlap_concentration,17,calibration,block,constant_a016,0.11827789185185185
0.015494714412881038,0.014507004444444431,0.016989344015981445,-0.009251,-0.009251,4.999999999999998,1.0097087378640777,0.9537037037037037,0.006241351851851851,0.15278481481481482,108,7,1,monthly_beme_inv,monthly size/profit/invest,low_overlap_concentration,17,calibration,block,constant_a017,0.11827789185185185
0.0151125301817891,0.014177379360341984,0.016459742439010733,0.010378,0.010378,7.999999999999995,1.0097087378640777,0.9259259259259259,0.005075231481481484,0.2541734074074074,108,0,2,monthly_beme_inv,monthly size/profit/invest,low_overlap_concentration,17,calibration,block,constant_a018,0.11827789185185185
0.014151988940828617,0.013433082546006612,0.014507004444444431,0.023466,inf,1.0,1.0097087378640777,0.9907407407407407,0.0042173333333333325,0.147348,108,77,0,monthly_beme_inv,monthly size/profit/invest,low_overlap_concentration,17,calibration,block,constant_a019,0.11827789185185185
0.009004523807665086,0.0025322921627854897,0.015700357677360968,0.064294,0.064294,15.99999999999999,1.0097087378640777,0.851851851851852,0.008245074074074075,0.13999414814814815,108,0,3,monthly_beme_inv,monthly size/profit/invest,low_overlap_concentration,17,calibration,block,constant_a020,0.11827789185185185
-0.04784738853527347,-0.06065579651819123,-0.03212468259771996,-0.040635000000000004,inf,1.0,1.0097087378640777,0.9907407407407407,0.006383953703703705,0.15362255555555557,108,68,0,monthly_beme_inv,monthly size/profit/invest,low_overlap_concentration,17,calibration,block,constant_a021,0.11827789185185185
0.024959592648176845,0.01443555947934776,0.03701453304230228,0.12973200000000001,0.12973200000000001,8.999999999999993,1.0097087378640777,0.9166666666666667,0.007549240740740741,0.166953037037037,108,0,2,monthly_beme_inv,monthly size/profit/invest,low_overlap_concentration,17,calibration,block,constant_a022,0.11827789185185185
-0.008162345676595996,-0.022410604665373618,0.0031074187945964167,0.069794,0.069794,9.999999999999991,1.0097087378640777,0.9074074074074074,0.010377666666666665,0.1526464814814815,108,2,2,monthly_beme_inv,monthly size/profit/invest,low_overlap_concentration,17,calibration,block,constant_a023,0.11827789185185185
-0.08586053326695815,-0.10110775630944474,-0.06458035276591832,0.04918199999999999,inf,1.0,1.0097087378640777,0.9907407407407407,0.003429722222222222,0.15112655555555557,108,76,0,monthly_beme_inv,monthly size/profit/invest,low_overlap_concentration,17,calibration,block,constant_a024,0.11827789185185185
0.014507004444444423,0.014507004444444424,0.014507004444444431,,inf,0.0,0.0,1.0,0.007931715555555555,0.11827789185185185,108,200,0,monthly_beme_inv,monthly size/profit/invest,low_overlap_concentration,17,calibration,block,constant_equal_weight_public,0.11827789185185185
0.006428831253868357,-0.0039252293580929335,0.016171513371494133,0.11877474074074075,0.14896096296296296,107.99999999999963,1.0097087378640779,3.4416913763379853e-15,0.00639925,0.11877474074074072,108,0,4,monthly_beme_inv,monthly size/profit/invest,low_overlap_concentration,17,calibration,block,momentum_12,0.11827789185185185
0.025237215008095577,0.015018233423563888,0.03597346396210219,0.08820299999999999,0.08820299999999999,4.0,1.0097087378640779,0.962962962962963,0.005811675925925926,0.12731337037037035,108,5,1,monthly_beme_inv,monthly size/profit/invest,low_overlap_concentration,17,calibration,block,low_vol_12,0.11827789185185185
0.009709665138617485,-0.00012870207961513397,0.017081757946813207,0.13350113953488374,0.178004,43.00000000000001,1.0097087378640779,0.6018518518518519,0.010428287037037036,0.13604655555555556,108,0,3,monthly_beme_inv,monthly size/profit/invest,low_overlap_concentration,17,calibration,block,risk_adjusted_12,0.11827789185185185
0.18474285391999337,0.15770354271906542,0.2158427212433998,,inf,0.0,0.0,1.0,0.008310462962962964,0.13217885185185185,108,200,0,monthly_beme_inv,monthly size/profit/invest,low_overlap_concentration,17,calibration,block,ridge_return_train_only,0.11827789185185185
0.014011749435877891,0.012147613623326343,0.01585979681667618,0.083934,0.083934,8.999999999999998,1.0097087378640779,0.9338235294117647,0.012615316176470588,0.0930109705882353,136,0,2,monthly_beme_inv,monthly size/profit/invest,low_overlap_concentration,17,test,iid,constant_a000,0.11827789185185185
0.014001466905260463,0.011988293093851124,0.015366288689193468,0.096993,0.096993,4.0,1.0097087378640779,0.9705882352941176,0.013102345588235295,0.08792349999999999,136,6,1,monthly_beme_inv,monthly size/profit/invest,low_overlap_concentration,17,test,iid,constant_a001,0.11827789185185185
0.014579517832349745,0.014507004444444431,0.01472454460816041,-0.024274,inf,1.0,1.0097087378640779,0.9926470588235294,0.012018411764705882,0.09237323529411764,136,78,0,monthly_beme_inv,monthly size/profit/invest,low_overlap_concentration,17,test,iid,constant_a002,0.11827789185185185
0.03242594104427292,0.025516661467045638,0.039494733786253323,0.065871,0.065871,7.0,1.0097087378640779,0.9485294117647058,0.012507904411764706,0.08533364705882353,136,0,2,monthly_beme_inv,monthly size/profit/invest,low_overlap_concentration,17,test,iid,constant_a003,0.11827789185185185
0.0011567424862458538,-0.0079806085530614,0.011045236043753057,0.1232605652173913,0.129819,45.99999999999999,1.0097087378640779,0.661764705882353,0.016923816176470586,0.12503776470588232,136,0,3,monthly_beme_inv,monthly size/profit/invest,low_overlap_concentration,17,test,iid,constant_a004,0.11827789185185185
0.014707535239545636,0.013449370617996061,0.016047220222158758,0.037338,0.037338,9.999999999999996,1.0097087378640779,0.9264705882352942,0.008262551470588235,0.08173532352941176,136,0,2,monthly_beme_inv,monthly size/profit/invest,low_overlap_concentration,17,test,iid,constant_a005,0.11827789185185185
0.06542640324528241,0.04965628466335823,0.08036322450518801,0.022879,inf,1.0,1.0097087378640779,0.9926470588235294,0.010530345588235294,0.08785285294117647,136,67,0,monthly_beme_inv,monthly size/profit/invest,low_overlap_concentration,17,test,iid,constant_a006,0.11827789185185185
0.014507004444444421,0.014507004444444431,0.014507004444444438,,inf,0.0,0.0,1.0,0.009129316176470588,0.08401394117647058,136,200,0,monthly_beme_inv,monthly size/profit/invest,low_overlap_concentration,17,test,iid,constant_a007,0.11827789185185185
0.014045092262199355,0.012613657999809624,0.01533952408147724,0.032854,0.032854,4.0,1.0097087378640779,0.9705882352941176,0.00976945588235294,0.09247982352941177,136,4,1,monthly_beme_inv,monthly size/profit/invest,low_overlap_concentration,17,test,iid,constant_a008,0.11827789185185185
0.014507004444444421,0.014507004444444431,0.014507004444444438,,inf,0.0,0.0,1.0,0.011968948529411766,0.10100061764705882,136,200,0,monthly_beme_inv,monthly size/profit/invest,low_overlap_concentration,17,test,iid,constant_a009,0.11827789185185185
-1.0875735668077626,-3.392518460741147,0.05327777514333787,0.012881,inf,1.0,2600.000000000001,0.9926470588235294,0.008373220588235294,0.12336,136,76,0,monthly_beme_inv,monthly size/profit/invest,low_overlap_concentration,17,test,iid,constant_a010,0.11827789185185185
0.014486988420585038,0.014446956372866289,0.014507004444444438,-0.011811,inf,1.0,1.0097087378640779,0.9926470588235294,0.011226360294117646,0.10341623529411764,136,84,0,monthly_beme_inv,monthly size/profit/invest,low_overlap_concentration,17,test,iid,constant_a011,0.11827789185185185
0.014507004444444421,0.014507004444444431,0.014507004444444438,,inf,0.0,0.0,1.0,0.008645838235294119,0.10809861764705882,136,200,0,monthly_beme_inv,monthly size/profit/invest,low_overlap_concentration,17,test,iid,constant_a012,0.11827789185185185
0.014507004444444421,0.014507004444444431,0.014507004444444438,,inf,0.0,0.0,1.0,0.010076757352941175,0.10753394117647058,136,200,0,monthly_beme_inv,monthly size/profit/invest,low_overlap_concentration,17,test,iid,constant_a013,0.11827789185185185
0.014507004444444421,0.014507004444444431,0.014507004444444438,,inf,0.0,0.0,1.0,0.008284867647058825,0.11493285294117647,136,200,0,monthly_beme_inv,monthly size/profit/invest,low_overlap_concentration,17,test,iid,constant_a014,0.11827789185185185
-1.6294348898077253,-4.9172268690272185,0.014507004444444438,0.071479,inf,1.0007766989119882,2600.0,0.9926413478021178,0.008826257352941177,0.12884785294117648,136,30,0,monthly_beme_inv,monthly size/profit/invest,low_overlap_concentration,17,test,iid,constant_a015,0.11827789185185185
0.014507004444444421,0.014507004444444431,0.014507004444444438,,inf,0.0,0.0,1.0,0.008927345588235295,0.1193340588235294,136,200,0,monthly_beme_inv,monthly size/profit/invest,low_overlap_concentration,17,test,iid,constant_a016,0.11827789185185185
0.014507004444444421,0.014507004444444431,0.014507004444444438,,inf,0.0,0.0,1.0,0.011229257352941177,0.11723499999999999,136,200,0,monthly_beme_inv,monthly size/profit/invest,low_overlap_concentration,17,test,iid,constant_a017,0.11827789185185185
0.09139809594771267,0.014507004444444431,0.24518027895424854,-0.018529,inf,1.0,2600.000000000001,0.9926470588235294,0.008399514705882353,0.11210208823529413,136,75,0,monthly_beme_inv,monthly size/profit/invest,low_overlap_concentration,17,test,iid,constant_a018,0.11827789185185185
0.014321299671298917,0.013949890125007922,0.014507004444444438,0.010506,inf,1.0,1.0097087378640777,0.9926470588235294,0.00865529411764706,0.12635044117647057,136,74,0,monthly_beme_inv,monthly size/profit/invest,low_overlap_concentration,17,test,iid,constant_a019,0.11827789185185185
0.018857529589538787,0.013231485526845747,0.02465056974113561,0.139899,0.139899,14.999999999999984,1.0097087378640777,0.8897058823529413,0.012099382352941175,0.14358485294117646,136,0,3,monthly_beme_inv,monthly size/profit/invest,low_overlap_concentration,17,test,iid,constant_a020,0.11827789185185185
-0.002691788644546338,-0.015694759371387708,0.013378515022285474,0.04902599999999999,0.04902599999999999,5.999999999999997,1.0097087378640777,0.9558823529411765,0.01222494117647059,0.14384626470588235,136,0,2,monthly_beme_inv,monthly size/profit/invest,low_overlap_concentration,17,test,iid,constant_a021,0.11827789185185185
0.019459204912751257,0.012059424601865845,0.027006750528292687,0.052996999999999996,0.052997,15.99999999999999,1.0097087378640777,0.8823529411764707,0.017123066176470587,0.1353010882352941,136,0,3,monthly_beme_inv,monthly size/profit/invest,low_overlap_concentration,17,test,iid,constant_a022,0.11827789185185185
-0.008739037845128358,-0.013534208458271585,-0.003756030356058783,0.043380999999999996,inf,2.9999999999999996,1.0097087378640777,0.9779411764705882,0.008874250000000002,0.14966720588235294,136,13,1,monthly_beme_inv,monthly size/profit/invest,low_overlap_concentration,17,test,iid,constant_a023,0.11827789185185185
-0.026302486982165404,-0.03965550327375897,-0.010216946119279285,0.020714999999999997,0.020714999999999997,7.999999999999995,1.0097087378640777,0.9411764705882353,0.009983330882352941,0.15231129411764704,136,0,2,monthly_beme_inv,monthly size/profit/invest,low_overlap_concentration,17,test,iid,constant_a024,0.11827789185185185
0.014507004444444421,0.014507004444444431,0.014507004444444438,,inf,0.0,0.0,1.0,0.010791123823529411,0.10181459294117648,136,200,0,monthly_beme_inv,monthly size/profit/invest,low_overlap_concentration,17,test,iid,constant_equal_weight_public,0.11827789185185185
0.014610204213152126,0.005061818922559952,0.02355917124131371,0.10996136842105261,0.126829984962406,132.99999999999957,1.0097087378640779,0.022058823529414906,0.014479683823529411,0.10938723529411763,136,0,4,monthly_beme_inv,monthly size/profit/invest,low_overlap_concentration,17,test,iid,momentum_12,0.11827789185185185
0.026770970746183065,0.02089755498233179,0.035103177953861676,0.037338,0.037338,10.999999999999995,1.0097087378640779,0.9191176470588236,0.00839615323529412,0.10006255882352941,136,0,3,monthly_beme_inv,monthly size/profit/invest,low_overlap_concentration,17,test,iid,low_vol_12,0.11827789185185185
0.01732451813532258,0.007511887029540867,0.026580597163804603,0.13088696774193548,0.13927038095238095,62.00000000000006,1.0097087378640779,0.5441176470588232,0.009734536764705884,0.10477579411764705,136,0,4,monthly_beme_inv,monthly size/profit/invest,low_overlap_concentration,17,test,iid,risk_adjusted_12,0.11827789185185185
0.11862380415164418,0.10940316588336854,0.12839463953272096,0.022879,inf,1.9999999999999996,1.0097087378640779,0.9852941176470589,0.012268404411764706,0.11480441176470588,136,26,0,monthly_beme_inv,monthly size/profit/invest,low_overlap_concentration,17,test,iid,ridge_return_train_only,0.11827789185185185
0.014011749435877891,0.012591406197030258,0.01516581368050002,0.083934,0.083934,8.999999999999998,1.0097087378640779,0.9338235294117647,0.012615316176470588,0.0930109705882353,136,0,2,monthly_beme_inv,monthly size/profit/invest,low_overlap_concentration,17,test,block,constant_a000,0.11827789185185185
0.014001466905260463,0.0120140949962561,0.015217978808300012,0.096993,0.096993,4.0,1.0097087378640779,0.9705882352941176,0.013102345588235295,0.08792349999999999,136,4,1,monthly_beme_inv,monthly size/profit/invest,low_overlap_concentration,17,test,block,constant_a001,0.11827789185185185
0.014579517832349745,0.014507004444444431,0.01472454460816041,-0.024274,inf,1.0,1.0097087378640779,0.9926470588235294,0.012018411764705882,0.09237323529411764,136,69,0,monthly_beme_inv,monthly size/profit/invest,low_overlap_concentration,17,test,block,constant_a002,0.11827789185185185
0.03242594104427292,0.021336780001965823,0.041882627535756396,0.065871,0.065871,7.0,1.0097087378640779,0.9485294117647058,0.012507904411764706,0.08533364705882353,136,0,2,monthly_beme_inv,monthly size/profit/invest,low_overlap_concentration,17,test,block,constant_a003,0.11827789185185185
0.0011567424862458538,-0.008952966879152363,0.010730686475323515,0.1232605652173913,0.129819,45.99999999999999,1.0097087378640779,0.661764705882353,0.016923816176470586,0.12503776470588232,136,0,3,monthly_beme_inv,monthly size/profit/invest,low_overlap_concentration,17,test,block,constant_a004,0.11827789185185185
0.014707535239545636,0.013351920601878285,0.015810893069547555,0.037338,0.037338,9.999999999999996,1.0097087378640779,0.9264705882352942,0.008262551470588235,0.08173532352941176,136,3,2,monthly_beme_inv,monthly size/profit/invest,low_overlap_concentration,17,test,block,constant_a005,0.11827789185185185
0.06542640324528241,0.04561952760066415,0.09232293754890404,0.022879,inf,1.0,1.0097087378640779,0.9926470588235294,0.010530345588235294,0.08785285294117647,136,61,0,monthly_beme_inv,monthly size/profit/invest,low_overlap_concentration,17,test,block,constant_a006,0.11827789185185185
0.014507004444444421,0.01450700444444443,0.014507004444444438,,inf,0.0,0.0,1.0,0.009129316176470588,0.08401394117647058,136,200,0,monthly_beme_inv,monthly size/profit/invest,low_overlap_concentration,17,test,block,constant_a007,0.11827789185185185
0.014045092262199355,0.013143773737927524,0.014767709623707074,0.032854,inf,4.0,1.0097087378640779,0.9705882352941176,0.00976945588235294,0.09247982352941177,136,16,1,monthly_beme_inv,monthly size/profit/invest,low_overlap_concentration,17,test,block,constant_a008,0.11827789185185185
0.014507004444444421,0.01450700444444443,0.014507004444444438,,inf,0.0,0.0,1.0,0.011968948529411766,0.10100061764705882,136,200,0,monthly_beme_inv,monthly size/profit/invest,low_overlap_concentration,17,test,block,constant_a009,0.11827789185185185
-1.0875735668077626,-3.3601776473631206,0.05375682077527684,0.012881,inf,1.0,2600.000000000001,0.9926470588235294,0.008373220588235294,0.12336,136,78,0,monthly_beme_inv,monthly size/profit/invest,low_overlap_concentration,17,test,block,constant_a010,0.11827789185185185
0.014486988420585038,0.014446956372866289,0.014507004444444438,-0.011811,inf,1.0,1.0097087378640779,0.9926470588235294,0.011226360294117646,0.10341623529411764,136,79,0,monthly_beme_inv,monthly size/profit/invest,low_overlap_concentration,17,test,block,constant_a011,0.11827789185185185
0.014507004444444421,0.01450700444444443,0.014507004444444438,,inf,0.0,0.0,1.0,0.008645838235294119,0.10809861764705882,136,200,0,monthly_beme_inv,monthly size/profit/invest,low_overlap_concentration,17,test,block,constant_a012,0.11827789185185185
0.014507004444444421,0.01450700444444443,0.014507004444444438,,inf,0.0,0.0,1.0,0.010076757352941175,0.10753394117647058,136,200,0,monthly_beme_inv,monthly size/profit/invest,low_overlap_concentration,17,test,block,constant_a013,0.11827789185185185
0.014507004444444421,0.01450700444444443,0.014507004444444438,,inf,0.0,0.0,1.0,0.008284867647058825,0.11493285294117647,136,200,0,monthly_beme_inv,monthly size/profit/invest,low_overlap_concentration,17,test,block,constant_a014,0.11827789185185185
-1.6294348898077253,-4.917135059742366,0.014507004444444437,0.071479,inf,1.0007766989119882,2600.0,0.9926413478021178,0.008826257352941177,0.12884785294117648,136,34,0,monthly_beme_inv,monthly size/profit/invest,low_overlap_concentration,17,test,block,constant_a015,0.11827789185185185
0.014507004444444421,0.01450700444444443,0.014507004444444438,,inf,0.0,0.0,1.0,0.008927345588235295,0.1193340588235294,136,200,0,monthly_beme_inv,monthly size/profit/invest,low_overlap_concentration,17,test,block,constant_a016,0.11827789185185185
0.014507004444444421,0.01450700444444443,0.014507004444444438,,inf,0.0,0.0,1.0,0.011229257352941177,0.11723499999999999,136,200,0,monthly_beme_inv,monthly size/profit/invest,low_overlap_concentration,17,test,block,constant_a017,0.11827789185185185
0.09139809594771267,0.01450700444444443,0.32207137045751655,-0.018529,inf,1.0,2600.000000000001,0.9926470588235294,0.008399514705882353,0.11210208823529413,136,81,0,monthly_beme_inv,monthly size/profit/invest,low_overlap_concentration,17,test,block,constant_a018,0.11827789185185185
0.014321299671298917,0.013949890125007922,0.014507004444444437,0.010506,inf,1.0,1.0097087378640777,0.9926470588235294,0.00865529411764706,0.12635044117647057,136,64,0,monthly_beme_inv,monthly size/profit/invest,low_overlap_concentration,17,test,block,constant_a019,0.11827789185185185
0.018857529589538787,0.012626740582553262,0.024330652927279896,0.139899,0.139899,14.999999999999984,1.0097087378640777,0.8897058823529413,0.012099382352941175,0.14358485294117646,136,0,3,monthly_beme_inv,monthly size/profit/invest,low_overlap_concentration,17,test,block,constant_a020,0.11827789185185185
-0.002691788644546338,-0.01986180215881976,0.01824532440624314,0.04902599999999999,0.04902599999999999,5.999999999999997,1.0097087378640777,0.9558823529411765,0.01222494117647059,0.14384626470588235,136,6,2,monthly_beme_inv,monthly size/profit/invest,low_overlap_concentration,17,test,block,constant_a021,0.11827789185185185
0.019459204912751257,0.00958173753133133,0.029906496661293896,0.052996999999999996,0.052997,15.99999999999999,1.0097087378640777,0.8823529411764707,0.017123066176470587,0.1353010882352941,136,0,3,monthly_beme_inv,monthly size/profit/invest,low_overlap_concentration,17,test,block,constant_a022,0.11827789185185185
-0.008739037845128358,-0.014713133614573541,-0.0024059613658120194,0.043380999999999996,inf,2.9999999999999996,1.0097087378640777,0.9779411764705882,0.008874250000000002,0.14966720588235294,136,44,1,monthly_beme_inv,monthly size/profit/invest,low_overlap_concentration,17,test,block,constant_a023,0.11827789185185185
-0.026302486982165404,-0.04536636036829259,-0.007213737022808082,0.020714999999999997,0.020714999999999997,7.999999999999995,1.0097087378640777,0.9411764705882353,0.009983330882352941,0.15231129411764704,136,3,2,monthly_beme_inv,monthly size/profit/invest,low_overlap_concentration,17,test,block,constant_a024,0.11827789185185185
0.014507004444444421,0.01450700444444443,0.014507004444444438,,inf,0.0,0.0,1.0,0.010791123823529411,0.10181459294117648,136,200,0,monthly_beme_inv,monthly size/profit/invest,low_overlap_concentration,17,test,block,constant_equal_weight_public,0.11827789185185185
0.014610204213152126,0.006511681833588412,0.02325655673638483,0.10996136842105261,0.12997120895522388,132.99999999999957,1.0097087378640779,0.022058823529414906,0.014479683823529411,0.10938723529411763,136,0,4,monthly_beme_inv,monthly size/profit/invest,low_overlap_concentration,17,test,block,momentum_12,0.11827789185185185
0.026770970746183065,0.01843496593906783,0.0350045260266654,0.037338,0.037338,10.999999999999995,1.0097087378640779,0.9191176470588236,0.00839615323529412,0.10006255882352941,136,1,3,monthly_beme_inv,monthly size/profit/invest,low_overlap_concentration,17,test,block,low_vol_12,0.11827789185185185
0.01732451813532258,0.008717537029771757,0.027872243319704292,0.13088696774193548,0.13941900000000002,62.00000000000006,1.0097087378640779,0.5441176470588232,0.009734536764705884,0.10477579411764705,136,0,4,monthly_beme_inv,monthly size/profit/invest,low_overlap_concentration,17,test,block,risk_adjusted_12,0.11827789185185185
0.11862380415164418,0.10783745307756783,0.13284364502058743,0.022879,inf,1.9999999999999996,1.0097087378640779,0.9852941176470589,0.012268404411764706,0.11480441176470588,136,17,0,monthly_beme_inv,monthly size/profit/invest,low_overlap_concentration,17,test,block,ridge_return_train_only,0.11827789185185185
0.012693015269487405,0.009843644595948695,0.015080433593511532,0.097365,0.09736500000000001,9.999999999999996,1.0097087378640779,0.9074074074074074,0.012389592592592593,0.1084932962962963,108,0,2,monthly_beme_inv,monthly size/profit/invest,low_overlap_concentration,27,calibration,iid,constant_a000,0.11827789185185185
0.014600257657117765,0.014269064444444443,0.015593837295137643,-0.049694,inf,1.0,1.0097087378640779,0.9907407407407407,0.005986157407407407,0.10714711111111111,108,73,0,monthly_beme_inv,monthly size/profit/invest,low_overlap_concentration,27,calibration,iid,constant_a001,0.11827789185185185
-0.45505656106996073,-1.393707812098764,0.014269064444444455,0.005226,inf,1.0,2600.000000000001,0.9907407407407407,0.008702425925925926,0.0971386296296296,108,78,0,monthly_beme_inv,monthly size/profit/invest,low_overlap_concentration,27,calibration,iid,constant_a002,0.11827789185185185
0.004907554071018223,-0.007546478561044965,0.01372879957966207,0.085494,inf,2.9999999999999996,1.0097087378640779,0.9722222222222222,0.007643314814814815,0.09719577777777777,108,12,1,monthly_beme_inv,monthly size/profit/invest,low_overlap_concentration,27,calibration,iid,constant_a003,0.11827789185185185
0.01458853837867908,0.0021985450177892823,0.026970429537034064,0.068013,0.068013,9.999999999999996,1.0097087378640779,0.9074074074074074,0.009480231481481482,0.11743285185185184,108,0,2,monthly_beme_inv,monthly size/profit/invest,low_overlap_concentration,27,calibration,iid,constant_a004,0.11827789185185185
0.013856139713931858,0.013019967134643805,0.014269064444444455,0.029897999999999997,inf,1.0,1.0097087378640779,0.9907407407407407,0.011261194444444447,0.1134698888888889,108,79,0,monthly_beme_inv,monthly size/profit/invest,low_overlap_concentration,27,calibration,iid,constant_a005,0.11827789185185185
0.14710957945753,0.1244160451742029,0.17202714453305856,,inf,0.0,0.0,1.0,0.008031666666666666,0.08997851851851851,108,200,0,monthly_beme_inv,monthly size/profit/invest,low_overlap_concentration,27,calibration,iid,constant_a006,0.11827789185185185
0.014269064444444467,0.014269064444444443,0.014269064444444457,,inf,0.0,0.0,1.0,0.010627296296296298,0.10327848148148148,108,200,0,monthly_beme_inv,monthly size/profit/invest,low_overlap_concentration,27,calibration,iid,constant_a007,0.11827789185185185
0.014269064444444467,0.014269064444444443,0.014269064444444457,,inf,0.0,0.0,1.0,0.0056105277777777785,0.11024014814814816,108,200,0,monthly_beme_inv,monthly size/profit/invest,low_overlap_concentration,27,calibration,iid,constant_a008,0.11827789185185185
0.013153946705821264,0.010335105288065841,0.015598391798313955,0.08820299999999999,0.08820299999999999,10.999999999999995,1.0097087378640779,0.8981481481481481,0.010969518518518519,0.13062,108,0,3,monthly_beme_inv,monthly size/profit/invest,low_overlap_concentration,27,calibration,iid,constant_a009,0.11827789185185185
0.018653123622239073,0.00480524792227864,0.03017615764491377,0.030997999999999998,0.030998,4.0,1.0097087378640779,0.962962962962963,0.008336898148148149,0.13666044444444442,108,0,1,monthly_beme_inv,monthly size/profit/invest,low_overlap_concentration,27,calibration,iid,constant_a010,0.11827789185185185
0.015098603206680281,0.01408374416061369,0.016520093938231666,0.005339,0.005339,4.0,1.0097087378640779,0.962962962962963,0.009281564814814814,0.0990418148148148,108,2,1,monthly_beme_inv,monthly size/profit/invest,low_overlap_concentration,27,calibration,iid,constant_a011,0.11827789185185185
0.010549936520835827,0.005444499054776454,0.015173204679771471,0.178004,0.17800400000000002,9.999999999999996,1.0097087378640779,0.9074074074074074,0.01044275925925926,0.11443203703703704,108,0,2,monthly_beme_inv,monthly size/profit/invest,low_overlap_concentration,27,calibration,iid,constant_a012,0.11827789185185185
0.014300999952854708,0.013948119930240926,0.014716952604578701,-0.001716,inf,2.0,1.0097087378640779,0.9814814814814815,0.009317546296296296,0.12716503703703705,108,20,1,monthly_beme_inv,monthly size/profit/invest,low_overlap_concentration,27,calibration,iid,constant_a013,0.11827789185185185
0.014269064444444467,0.014269064444444443,0.014269064444444457,,inf,0.0,0.0,1.0,0.002895814814814816,0.14171644444444445,108,200,0,monthly_beme_inv,monthly size/profit/invest,low_overlap_concentration,27,calibration,iid,constant_a014,0.11827789185185185
0.014269064444444467,0.014269064444444443,0.014269064444444457,,inf,0.0,0.0,1.0,0.00806975925925926,0.15166288888888887,108,200,0,monthly_beme_inv,monthly size/profit/invest,low_overlap_concentration,27,calibration,iid,constant_a015,0.11827789185185185
0.014269064444444467,0.014269064444444443,0.014269064444444457,,inf,0.0,0.0,1.0,0.007727046296296298,0.13265266666666667,108,200,0,monthly_beme_inv,monthly size/profit/invest,low_overlap_concentration,27,calibration,iid,constant_a016,0.11827789185185185
0.015267897102561049,0.014417700659914498,0.016826782574213914,-0.009251,-0.009251,4.999999999999998,1.0097087378640777,0.9537037037037037,0.006241351851851851,0.15278481481481482,108,0,1,monthly_beme_inv,monthly size/profit/invest,low_overlap_concentration,27,calibration,iid,constant_a017,0.11827789185185185
0.014892386485277107,0.013932248210555755,0.016141307265372176,0.010378,0.010378,7.999999999999995,1.0097087378640777,0.9259259259259259,0.005075231481481484,0.2541734074074074,108,0,2,monthly_beme_inv,monthly size/profit/invest,low_overlap_concentration,27,calibration,iid,constant_a018,0.11827789185185185
0.013916273478764653,0.013210691547405014,0.014269064444444455,0.023466,inf,1.0,1.0097087378640777,0.9907407407407407,0.0042173333333333325,0.147348,108,76,0,monthly_beme_inv,monthly size/profit/invest,low_overlap_concentration,27,calibration,iid,constant_a019,0.11827789185185185
0.014360655274761713,0.009932986028802292,0.018966353778693067,0.064294,0.064294,15.99999999999999,1.0097087378640777,0.851851851851852,0.008245074074074075,0.13999414814814815,108,0,3,monthly_beme_inv,monthly size/profit/invest,low_overlap_concentration,27,calibration,iid,constant_a020,0.11827789185185185
-0.04784738853527347,-0.05935337180568509,-0.03630613864360869,-0.040635000000000004,inf,1.0,1.0097087378640777,0.9907407407407407,0.006383953703703705,0.15362255555555557,108,83,0,monthly_beme_inv,monthly size/profit/invest,low_overlap_concentration,27,calibration,iid,constant_a021,0.11827789185185185
0.024959592648176845,0.0163875595273731,0.032564078603947035,0.12973200000000001,0.12973200000000001,8.999999999999993,1.0097087378640777,0.9166666666666667,0.007549240740740741,0.166953037037037,108,0,2,monthly_beme_inv,monthly size/profit/invest,low_overlap_concentration,27,calibration,iid,constant_a022,0.11827789185185185
-0.005302122286444494,-0.012330162190793768,0.0017658543370997041,0.069794,0.069794,9.999999999999991,1.0097087378640777,0.9074074074074074,0.010377666666666665,0.1526464814814815,108,0,2,monthly_beme_inv,monthly size/profit/invest,low_overlap_concentration,27,calibration,iid,constant_a023,0.11827789185185185
-0.08586053326695815,-0.09842667633893676,-0.07409096550736091,0.04918199999999999,inf,1.0,1.0097087378640777,0.9907407407407407,0.003429722222222222,0.15112655555555557,108,86,0,monthly_beme_inv,monthly size/profit/invest,low_overlap_concentration,27,calibration,iid,constant_a024,0.11827789185185185
0.014269064444444467,0.014269064444444443,0.014269064444444457,,inf,0.0,0.0,1.0,0.007931715555555555,0.11827789185185185,108,200,0,monthly_beme_inv,monthly size/profit/invest,low_overlap_concentration,27,calibration,iid,constant_equal_weight_public,0.11827789185185185
0.00696084440384484,-0.003663824548823101,0.016284802230266553,0.11899315887850466,0.15415222222222222,106.99999999999963,1.0097087378640779,0.009259259259262631,0.00639925,0.11877474074074072,108,0,4,monthly_beme_inv,monthly size/profit/invest,low_overlap_concentration,27,calibration,iid,momentum_12,0.11827789185185185
0.024811700131773386,0.01625499661687811,0.033942407145066876,0.08820299999999999,0.08820299999999999,4.0,1.0097087378640779,0.962962962962963,0.005811675925925926,0.12731337037037035,108,3,1,monthly_beme_inv,monthly size/profit/invest,low_overlap_concentration,27,calibration,iid,low_vol_12,0.11827789185185185
0.010557616491197104,0.001657820249068761,0.01898371600896925,0.13457966666666668,0.178004,42.0,1.0097087378640779,0.6111111111111112,0.010428287037037036,0.13604655555555556,108,0,3,monthly_beme_inv,monthly size/profit/invest,low_overlap_concentration,27,calibration,iid,risk_adjusted_12,0.11827789185185185
0.18419459223652002,0.16746682764783863,0.20086175565314138,,inf,0.0,0.0,1.0,0.008310462962962964,0.13217885185185185,108,200,0,monthly_beme_inv,monthly size/profit/invest,low_overlap_concentration,27,calibration,iid,ridge_return_train_only,0.11827789185185185
0.012693015269487405,0.009508575657317503,0.014979401839066693,0.097365,0.09736500000000001,9.999999999999996,1.0097087378640779,0.9074074074074074,0.012389592592592593,0.1084932962962963,108,0,2,monthly_beme_inv,monthly size/profit/invest,low_overlap_concentration,27,calibration,block,constant_a000,0.11827789185185185
0.014600257657117765,0.014269064444444444,0.015270923912781186,-0.049694,inf,1.0,1.0097087378640779,0.9907407407407407,0.005986157407407407,0.10714711111111111,108,58,0,monthly_beme_inv,monthly size/profit/invest,low_overlap_concentration,27,calibration,block,constant_a001,0.11827789185185185
-0.45505656106996073,-1.3937078120987647,0.014269064444444455,0.005226,inf,1.0,2600.000000000001,0.9907407407407407,0.008702425925925926,0.0971386296296296,108,67,0,monthly_beme_inv,monthly size/profit/invest,low_overlap_concentration,27,calibration,block,constant_a002,0.11827789185185185
0.004907554071018223,-0.01503892601702223,0.021171943443776372,0.085494,inf,2.9999999999999996,1.0097087378640779,0.9722222222222222,0.007643314814814815,0.09719577777777777,108,36,1,monthly_beme_inv,monthly size/profit/invest,low_overlap_concentration,27,calibration,block,constant_a003,0.11827789185185185
0.01458853837867908,-0.002563463921600211,0.032277504539281014,0.068013,0.068013,9.999999999999996,1.0097087378640779,0.9074074074074074,0.009480231481481482,0.11743285185185184,108,0,2,monthly_beme_inv,monthly size/profit/invest,low_overlap_concentration,27,calibration,block,constant_a004,0.11827789185185185
0.013856139713931858,0.01261736552239403,0.014269064444444455,0.029897999999999997,inf,1.0,1.0097087378640779,0.9907407407407407,0.011261194444444447,0.1134698888888889,108,70,0,monthly_beme_inv,monthly size/profit/invest,low_overlap_concentration,27,calibration,block,constant_a005,0.11827789185185185
0.14710957945753,0.11053951853062526,0.19158789687397598,,inf,0.0,0.0,1.0,0.008031666666666666,0.08997851851851851,108,200,0,monthly_beme_inv,monthly size/profit/invest,low_overlap_concentration,27,calibration,block,constant_a006,0.11827789185185185
0.014269064444444467,0.01426906444444444,0.014269064444444458,,inf,0.0,0.0,1.0,0.010627296296296298,0.10327848148148148,108,200,0,monthly_beme_inv,monthly size/profit/invest,low_overlap_concentration,27,calibration,block,constant_a007,0.11827789185185185
0.014269064444444467,0.01426906444444444,0.014269064444444458,,inf,0.0,0.0,1.0,0.0056105277777777785,0.11024014814814816,108,200,0,monthly_beme_inv,monthly size/profit/invest,low_overlap_concentration,27,calibration,block,constant_a008,0.11827789185185185
0.013153946705821264,0.01057406444240681,0.0154428374444844,0.08820299999999999,0.08820299999999999,10.999999999999995,1.0097087378640779,0.8981481481481481,0.010969518518518519,0.13062,108,2,3,monthly_beme_inv,monthly size/profit/invest,low_overlap_concentration,27,calibration,block,constant_a009,0.11827789185185185
0.018653123622239073,-0.0008018119839556361,0.04015596649599432,0.030997999999999998,inf,4.0,1.0097087378640779,0.962962962962963,0.008336898148148149,0.13666044444444442,108,23,1,monthly_beme_inv,monthly size/profit/invest,low_overlap_concentration,27,calibration,block,constant_a010,0.11827789185185185
0.015098603206680281,0.014005687591993296,0.016890070900275698,0.005339,inf,4.0,1.0097087378640779,0.962962962962963,0.009281564814814814,0.0990418148148148,108,12,1,monthly_beme_inv,monthly size/profit/invest,low_overlap_concentration,27,calibration,block,constant_a011,0.11827789185185185
0.010549936520835827,0.0036839230712373584,0.01556302763118783,0.178004,0.17800400000000002,9.999999999999996,1.0097087378640779,0.9074074074074074,0.01044275925925926,0.11443203703703704,108,1,2,monthly_beme_inv,monthly size/profit/invest,low_overlap_concentration,27,calibration,block,constant_a012,0.11827789185185185
0.014300999952854708,0.014032207728594828,0.014716952604578695,-0.001716,inf,2.0,1.0097087378640779,0.9814814814814815,0.009317546296296296,0.12716503703703705,108,24,1,monthly_beme_inv,monthly size/profit/invest,low_overlap_concentration,27,calibration,block,constant_a013,0.11827789185185185
0.014269064444444467,0.01426906444444444,0.014269064444444458,,inf,0.0,0.0,1.0,0.002895814814814816,0.14171644444444445,108,200,0,monthly_beme_inv,monthly size/profit/invest,low_overlap_concentration,27,calibration,block,constant_a014,0.11827789185185185
0.014269064444444467,0.01426906444444444,0.014269064444444458,,inf,0.0,0.0,1.0,0.00806975925925926,0.15166288888888887,108,200,0,monthly_beme_inv,monthly size/profit/invest,low_overlap_concentration,27,calibration,block,constant_a015,0.11827789185185185
0.014269064444444467,0.01426906444444444,0.014269064444444458,,inf,0.0,0.0,1.0,0.007727046296296298,0.13265266666666667,108,200,0,monthly_beme_inv,monthly size/profit/invest,low_overlap_concentration,27,calibration,block,constant_a016,0.11827789185185185
0.015267897102561049,0.01426906444444445,0.01702598260054337,-0.009251,inf,4.999999999999998,1.0097087378640777,0.9537037037037037,0.006241351851851851,0.15278481481481482,108,11,1,monthly_beme_inv,monthly size/profit/invest,low_overlap_concentration,27,calibration,block,constant_a017,0.11827789185185185
0.014892386485277107,0.01402160114083664,0.016042037967917224,0.010378,0.010378,7.999999999999995,1.0097087378640777,0.9259259259259259,0.005075231481481484,0.2541734074074074,108,1,2,monthly_beme_inv,monthly size/profit/invest,low_overlap_concentration,27,calibration,block,constant_a018,0.11827789185185185
0.013916273478764653,0.013210691547405009,0.014269064444444457,0.023466,inf,1.0,1.0097087378640777,0.9907407407407407,0.0042173333333333325,0.147348,108,75,0,monthly_beme_inv,monthly size/profit/invest,low_overlap_concentration,27,calibration,block,constant_a019,0.11827789185185185
0.014360655274761713,0.008851897086788366,0.020320545771664773,0.064294,0.064294,15.99999999999999,1.0097087378640777,0.851851851851852,0.008245074074074075,0.13999414814814815,108,0,3,monthly_beme_inv,monthly size/profit/invest,low_overlap_concentration,27,calibration,block,constant_a020,0.11827789185185185
-0.04784738853527347,-0.06729022353172952,-0.029521535367526337,-0.040635000000000004,inf,1.0,1.0097087378640777,0.9907407407407407,0.006383953703703705,0.15362255555555557,108,74,0,monthly_beme_inv,monthly size/profit/invest,low_overlap_concentration,27,calibration,block,constant_a021,0.11827789185185185
0.024959592648176845,0.013918353977246336,0.03672542434800918,0.12973200000000001,0.12973200000000001,8.999999999999993,1.0097087378640777,0.9166666666666667,0.007549240740740741,0.166953037037037,108,1,2,monthly_beme_inv,monthly size/profit/invest,low_overlap_concentration,27,calibration,block,constant_a022,0.11827789185185185
-0.005302122286444494,-0.017689368645526445,0.005059812505726345,0.069794,0.069794,9.999999999999991,1.0097087378640777,0.9074074074074074,0.010377666666666665,0.1526464814814815,108,0,2,monthly_beme_inv,monthly size/profit/invest,low_overlap_concentration,27,calibration,block,constant_a023,0.11827789185185185
-0.08586053326695815,-0.10350363940128839,-0.06398464747794406,0.04918199999999999,inf,1.0,1.0097087378640777,0.9907407407407407,0.003429722222222222,0.15112655555555557,108,71,0,monthly_beme_inv,monthly size/profit/invest,low_overlap_concentration,27,calibration,block,constant_a024,0.11827789185185185
0.014269064444444467,0.01426906444444444,0.014269064444444458,,inf,0.0,0.0,1.0,0.007931715555555555,0.11827789185185185,108,200,0,monthly_beme_inv,monthly size/profit/invest,low_overlap_concentration,27,calibration,block,constant_equal_weight_public,0.11827789185185185
0.00696084440384484,-0.0049745732274509204,0.01714424816510808,0.11899315887850466,0.14853019626168226,106.99999999999963,1.0097087378640779,0.009259259259262631,0.00639925,0.11877474074074072,108,0,4,monthly_beme_inv,monthly size/profit/invest,low_overlap_concentration,27,calibration,block,momentum_12,0.11827789185185185
0.024811700131773386,0.014640578292933205,0.03679170962605762,0.08820299999999999,0.08820299999999999,4.0,1.0097087378640779,0.962962962962963,0.005811675925925926,0.12731337037037035,108,4,1,monthly_beme_inv,monthly size/profit/invest,low_overlap_concentration,27,calibration,block,low_vol_12,0.11827789185185185
0.010557616491197104,0.0025229337004705763,0.018402977385536545,0.13457966666666668,0.178004,42.0,1.0097087378640779,0.6111111111111112,0.010428287037037036,0.13604655555555556,108,0,3,monthly_beme_inv,monthly size/profit/invest,low_overlap_concentration,27,calibration,block,risk_adjusted_12,0.11827789185185185
0.18419459223652002,0.15505299348445029,0.2142669585566536,,inf,0.0,0.0,1.0,0.008310462962962964,0.13217885185185185,108,200,0,monthly_beme_inv,monthly size/profit/invest,low_overlap_concentration,27,calibration,block,ridge_return_train_only,0.11827789185185185
0.013789708339361668,0.01187624069988577,0.01584398173037629,0.083934,0.083934,8.999999999999998,1.0097087378640779,0.9338235294117647,0.012615316176470588,0.0930109705882353,136,0,2,monthly_beme_inv,monthly size/profit/invest,low_overlap_concentration,27,test,iid,constant_a000,0.11827789185185185
0.013770593084586618,0.011906933216479463,0.015135614879116691,0.096993,0.096993,4.0,1.0097087378640779,0.9705882352941176,0.013102345588235295,0.08792349999999999,136,3,1,monthly_beme_inv,monthly size/profit/invest,low_overlap_concentration,27,test,iid,constant_a001,0.11827789185185185
0.014343344377181329,0.014269064444444436,0.014491904242654988,-0.024274,inf,1.0,1.0097087378640779,0.9926470588235294,0.012018411764705882,0.09237323529411764,136,72,0,monthly_beme_inv,monthly size/profit/invest,low_overlap_concentration,27,test,iid,constant_a002,0.11827789185185185
0.03329803993593652,0.025510782331936415,0.04172946551412812,0.065871,0.065871,8.0,1.0097087378640779,0.9411764705882353,0.012507904411764706,0.08533364705882353,136,0,2,monthly_beme_inv,monthly size/profit/invest,low_overlap_concentration,27,test,iid,constant_a003,0.11827789185185185
0.0009452836713764073,-0.009663437796611246,0.010217349349232241,0.12255163829787236,0.129819,47.0,1.0097087378640779,0.6544117647058824,0.016923816176470586,0.12503776470588232,136,0,3,monthly_beme_inv,monthly size/profit/invest,low_overlap_concentration,27,test,iid,constant_a004,0.11827789185185185
0.014487260687860944,0.013253705274604982,0.0159709843340948,0.037338,0.037338,9.999999999999996,1.0097087378640779,0.9264705882352942,0.008262551470588235,0.08173532352941176,136,0,2,monthly_beme_inv,monthly size/profit/invest,low_overlap_concentration,27,test,iid,constant_a005,0.11827789185185185
0.06542640324528241,0.0539657557552539,0.08168036283705314,0.022879,inf,1.0,1.0097087378640779,0.9926470588235294,0.010530345588235294,0.08785285294117647,136,83,0,monthly_beme_inv,monthly size/profit/invest,low_overlap_concentration,27,test,iid,constant_a006,0.11827789185185185
0.014269064444444481,0.014269064444444434,0.014269064444444441,,inf,0.0,0.0,1.0,0.009129316176470588,0.08401394117647058,136,200,0,monthly_beme_inv,monthly size/profit/invest,low_overlap_concentration,27,test,iid,constant_a007,0.11827789185185185
0.013814218441525512,0.012566322538866678,0.014964229151437266,0.032854,0.032854,4.0,1.0097087378640779,0.9705882352941176,0.00976945588235294,0.09247982352941177,136,4,1,monthly_beme_inv,monthly size/profit/invest,low_overlap_concentration,27,test,iid,constant_a008,0.11827789185185185
0.014269064444444481,0.014269064444444434,0.014269064444444441,,inf,0.0,0.0,1.0,0.011968948529411766,0.10100061764705882,136,200,0,monthly_beme_inv,monthly size/profit/invest,low_overlap_concentration,27,test,iid,constant_a009,0.11827789185185185
0.03792580318654723,0.03055476821802044,0.0446767938140985,,inf,0.0,0.0,1.0,0.008373220588235294,0.12336,136,200,0,monthly_beme_inv,monthly size/profit/invest,low_overlap_concentration,27,test,iid,constant_a010,0.11827789185185185
0.014250814965416622,0.014214316007360865,0.014269064444444441,-0.011811,inf,1.0,1.0097087378640779,0.9926470588235294,0.011226360294117646,0.10341623529411764,136,68,0,monthly_beme_inv,monthly size/profit/invest,low_overlap_concentration,27,test,iid,constant_a011,0.11827789185185185
0.014269064444444481,0.014269064444444434,0.014269064444444441,,inf,0.0,0.0,1.0,0.008645838235294119,0.10809861764705882,136,200,0,monthly_beme_inv,monthly size/profit/invest,low_overlap_concentration,27,test,iid,constant_a012,0.11827789185185185
0.014269064444444481,0.014269064444444434,0.014269064444444441,,inf,0.0,0.0,1.0,0.010076757352941175,0.10753394117647058,136,200,0,monthly_beme_inv,monthly size/profit/invest,low_overlap_concentration,27,test,iid,constant_a013,0.11827789185185185
0.014269064444444481,0.014269064444444434,0.014269064444444441,,inf,0.0,0.0,1.0,0.008284867647058825,0.11493285294117647,136,200,0,monthly_beme_inv,monthly size/profit/invest,low_overlap_concentration,27,test,iid,constant_a014,0.11827789185185185
0.014179021704422905,0.013998936224379713,0.014269064444444441,-0.002141,inf,1.0,1.0097087378640779,0.9926470588235294,0.008826257352941177,0.12884785294117648,136,69,0,monthly_beme_inv,monthly size/profit/invest,low_overlap_concentration,27,test,iid,constant_a015,0.11827789185185185
0.014269064444444481,0.014269064444444434,0.014269064444444441,,inf,0.0,0.0,1.0,0.008927345588235295,0.1193340588235294,136,200,0,monthly_beme_inv,monthly size/profit/invest,low_overlap_concentration,27,test,iid,constant_a016,0.11827789185185185
0.014269064444444481,0.014269064444444434,0.014269064444444441,,inf,0.0,0.0,1.0,0.011229257352941177,0.11723499999999999,136,200,0,monthly_beme_inv,monthly size/profit/invest,low_overlap_concentration,27,test,iid,constant_a017,0.11827789185185185
0.014269064444444481,0.014269064444444434,0.014269064444444441,,inf,0.0,0.0,1.0,0.008399514705882353,0.11210208823529413,136,200,0,monthly_beme_inv,monthly size/profit/invest,low_overlap_concentration,27,test,iid,constant_a018,0.11827789185185185
0.0140851262161305,0.013717249759502498,0.014269064444444441,0.010506,inf,1.0,1.0097087378640777,0.9926470588235294,0.00865529411764706,0.12635044117647057,136,75,0,monthly_beme_inv,monthly size/profit/invest,low_overlap_concentration,27,test,iid,constant_a019,0.11827789185185185
0.021396142647857636,0.01479816894031983,0.02799319005499495,0.139899,0.139899,15.99999999999999,1.0097087378640777,0.8823529411764707,0.012099382352941175,0.14358485294117646,136,0,3,monthly_beme_inv,monthly size/profit/invest,low_overlap_concentration,27,test,iid,constant_a020,0.11827789185185185
-0.002691788644546338,-0.014263937584110807,0.01083034288960767,0.04902599999999999,0.04902599999999999,5.999999999999997,1.0097087378640777,0.9558823529411765,0.01222494117647059,0.14384626470588235,136,1,2,monthly_beme_inv,monthly size/profit/invest,low_overlap_concentration,27,test,iid,constant_a021,0.11827789185185185
0.019459204912751257,0.010613788950689644,0.026449511520783453,0.052996999999999996,0.052997,15.99999999999999,1.0097087378640777,0.8823529411764707,0.017123066176470587,0.1353010882352941,136,0,3,monthly_beme_inv,monthly size/profit/invest,low_overlap_concentration,27,test,iid,constant_a022,0.11827789185185185
-0.005838285666058606,-0.010707793668927513,-0.0013311577103015178,0.043380999999999996,inf,2.9999999999999996,1.0097087378640777,0.9779411764705882,0.008874250000000002,0.14966720588235294,136,14,1,monthly_beme_inv,monthly size/profit/invest,low_overlap_concentration,27,test,iid,constant_a023,0.11827789185185185
-0.026302486982165404,-0.036681665278613204,-0.011842037316483438,0.020714999999999997,0.020714999999999997,7.999999999999995,1.0097087378640777,0.9411764705882353,0.009983330882352941,0.15231129411764704,136,0,2,monthly_beme_inv,monthly size/profit/invest,low_overlap_concentration,27,test,iid,constant_a024,0.11827789185185185
0.014269064444444481,0.014269064444444434,0.014269064444444441,,inf,0.0,0.0,1.0,0.010791123823529411,0.10181459294117648,136,200,0,monthly_beme_inv,monthly size/profit/invest,low_overlap_concentration,27,test,iid,constant_equal_weight_public,0.11827789185185185
0.014571253198486175,0.004210134345954505,0.023687794868314578,0.10938723529411763,0.12948623529411762,135.99999999999963,1.0097087378640779,2.6645352591003757e-15,0.014479683823529411,0.10938723529411763,136,0,4,monthly_beme_inv,monthly size/profit/invest,low_overlap_concentration,27,test,iid,momentum_12,0.11827789185185185
0.025905187067602566,0.019356152637667354,0.03479888163749144,0.037338,0.037338,10.999999999999995,1.0097087378640779,0.9191176470588236,0.00839615323529412,0.10006255882352941,136,0,3,monthly_beme_inv,monthly size/profit/invest,low_overlap_concentration,27,test,iid,low_vol_12,0.11827789185185185
0.01810995076348216,0.008998131317341396,0.027214223663568307,0.13029092063492065,0.13913567213114753,63.000000000000064,1.0097087378640779,0.5367647058823525,0.009734536764705884,0.10477579411764705,136,0,4,monthly_beme_inv,monthly size/profit/invest,low_overlap_concentration,27,test,iid,risk_adjusted_12,0.11827789185185185
0.11785430135812364,0.10936925024643228,0.1286187433933079,0.022879,inf,1.9999999999999996,1.0097087378640779,0.9852941176470589,0.011925257352941178,0.12893044117647057,136,30,0,monthly_beme_inv,monthly size/profit/invest,low_overlap_concentration,27,test,iid,ridge_return_train_only,0.11827789185185185
0.013789708339361668,0.012617691022970997,0.01480885087670537,0.083934,0.083934,8.999999999999998,1.0097087378640779,0.9338235294117647,0.012615316176470588,0.0930109705882353,136,0,2,monthly_beme_inv,monthly size/profit/invest,low_overlap_concentration,27,test,block,constant_a000,0.11827789185185185
0.013770593084586618,0.012117712646836717,0.015104878804397485,0.096993,0.096993,4.0,1.0097087378640779,0.9705882352941176,0.013102345588235295,0.08792349999999999,136,4,1,monthly_beme_inv,monthly size/profit/invest,low_overlap_concentration,27,test,block,constant_a001,0.11827789185185185
0.014343344377181329,0.014269064444444436,0.014491904242654986,-0.024274,inf,1.0,1.0097087378640779,0.9926470588235294,0.012018411764705882,0.09237323529411764,136,71,0,monthly_beme_inv,monthly size/profit/invest,low_overlap_concentration,27,test,block,constant_a002,0.11827789185185185
0.03329803993593652,0.02162303531486629,0.0450879854393242,0.065871,0.065871,8.0,1.0097087378640779,0.9411764705882353,0.012507904411764706,0.08533364705882353,136,0,2,monthly_beme_inv,monthly size/profit/invest,low_overlap_concentration,27,test,block,constant_a003,0.11827789185185185
0.0009452836713764073,-0.008991333347953502,0.0112912371645504,0.12255163829787236,0.129819,47.0,1.0097087378640779,0.6544117647058824,0.016923816176470586,0.12503776470588232,136,0,3,monthly_beme_inv,monthly size/profit/invest,low_overlap_concentration,27,test,block,constant_a004,0.11827789185185185
0.014487260687860944,0.013400395004410173,0.015686745353163268,0.037338,0.037338,9.999999999999996,1.0097087378640779,0.9264705882352942,0.008262551470588235,0.08173532352941176,136,3,2,monthly_beme_inv,monthly size/profit/invest,low_overlap_concentration,27,test,block,constant_a005,0.11827789185185185
0.06542640324528241,0.040726408967558435,0.09046148226230728,0.022879,inf,1.0,1.0097087378640779,0.9926470588235294,0.010530345588235294,0.08785285294117647,136,81,0,monthly_beme_inv,monthly size/profit/invest,low_overlap_concentration,27,test,block,constant_a006,0.11827789185185185
0.014269064444444481,0.014269064444444434,0.014269064444444443,,inf,0.0,0.0,1.0,0.009129316176470588,0.08401394117647058,136,200,0,monthly_beme_inv,monthly size/profit/invest,low_overlap_concentration,27,test,block,constant_a007,0.11827789185185185
0.013814218441525512,0.012873176843708352,0.014468789210673261,0.032854,inf,4.0,1.0097087378640779,0.9705882352941176,0.00976945588235294,0.09247982352941177,136,18,1,monthly_beme_inv,monthly size/profit/invest,low_overlap_concentration,27,test,block,constant_a008,0.11827789185185185
0.014269064444444481,0.014269064444444434,0.014269064444444443,,inf,0.0,0.0,1.0,0.011968948529411766,0.10100061764705882,136,200,0,monthly_beme_inv,monthly size/profit/invest,low_overlap_concentration,27,test,block,constant_a009,0.11827789185185185
0.03792580318654723,0.028059629656885104,0.04563412181549937,,inf,0.0,0.0,1.0,0.008373220588235294,0.12336,136,200,0,monthly_beme_inv,monthly size/profit/invest,low_overlap_concentration,27,test,block,constant_a010,0.11827789185185185
0.014250814965416622,0.014213859770385164,0.014269064444444443,-0.011811,inf,1.0,1.0097087378640779,0.9926470588235294,0.011226360294117646,0.10341623529411764,136,73,0,monthly_beme_inv,monthly size/profit/invest,low_overlap_concentration,27,test,block,constant_a011,0.11827789185185185
0.014269064444444481,0.014269064444444434,0.014269064444444443,,inf,0.0,0.0,1.0,0.008645838235294119,0.10809861764705882,136,200,0,monthly_beme_inv,monthly size/profit/invest,low_overlap_concentration,27,test,block,constant_a012,0.11827789185185185
0.014269064444444481,0.014269064444444434,0.014269064444444443,,inf,0.0,0.0,1.0,0.010076757352941175,0.10753394117647058,136,200,0,monthly_beme_inv,monthly size/profit/invest,low_overlap_concentration,27,test,block,constant_a013,0.11827789185185185
0.014269064444444481,0.014269064444444434,0.014269064444444443,,inf,0.0,0.0,1.0,0.008284867647058825,0.11493285294117647,136,200,0,monthly_beme_inv,monthly size/profit/invest,low_overlap_concentration,27,test,block,constant_a014,0.11827789185185185
0.014179021704422905,0.013998936224379713,0.014269064444444443,-0.002141,inf,1.0,1.0097087378640779,0.9926470588235294,0.008826257352941177,0.12884785294117648,136,67,0,monthly_beme_inv,monthly size/profit/invest,low_overlap_concentration,27,test,block,constant_a015,0.11827789185185185
0.014269064444444481,0.014269064444444434,0.014269064444444443,,inf,0.0,0.0,1.0,0.008927345588235295,0.1193340588235294,136,200,0,monthly_beme_inv,monthly size/profit/invest,low_overlap_concentration,27,test,block,constant_a016,0.11827789185185185
0.014269064444444481,0.014269064444444434,0.014269064444444443,,inf,0.0,0.0,1.0,0.011229257352941177,0.11723499999999999,136,200,0,monthly_beme_inv,monthly size/profit/invest,low_overlap_concentration,27,test,block,constant_a017,0.11827789185185185
0.014269064444444481,0.014269064444444434,0.014269064444444443,,inf,0.0,0.0,1.0,0.008399514705882353,0.11210208823529413,136,200,0,monthly_beme_inv,monthly size/profit/invest,low_overlap_concentration,27,test,block,constant_a018,0.11827789185185185
0.0140851262161305,0.013712651303794648,0.014269064444444443,0.010506,inf,1.0,1.0097087378640777,0.9926470588235294,0.00865529411764706,0.12635044117647057,136,81,0,monthly_beme_inv,monthly size/profit/invest,low_overlap_concentration,27,test,block,constant_a019,0.11827789185185185
0.021396142647857636,0.015345549042033111,0.026058064759404233,0.139899,0.139899,15.99999999999999,1.0097087378640777,0.8823529411764707,0.012099382352941175,0.14358485294117646,136,0,3,monthly_beme_inv,monthly size/profit/invest,low_overlap_concentration,27,test,block,constant_a020,0.11827789185185185
-0.002691788644546338,-0.01825448867308204,0.013653936257679638,0.04902599999999999,0.04902599999999999,5.999999999999997,1.0097087378640777,0.9558823529411765,0.01222494117647059,0.14384626470588235,136,0,2,monthly_beme_inv,monthly size/profit/invest,low_overlap_concentration,27,test,block,constant_a021,0.11827789185185185
0.019459204912751257,0.00950151859877275,0.02940070921090716,0.052996999999999996,0.052997,15.99999999999999,1.0097087378640777,0.8823529411764707,0.017123066176470587,0.1353010882352941,136,0,3,monthly_beme_inv,monthly size/profit/invest,low_overlap_concentration,27,test,block,constant_a022,0.11827789185185185
-0.005838285666058606,-0.011259745126698762,-3.7847026147032915e-05,0.043380999999999996,inf,2.9999999999999996,1.0097087378640777,0.9779411764705882,0.008874250000000002,0.14966720588235294,136,51,1,monthly_beme_inv,monthly size/profit/invest,low_overlap_concentration,27,test,block,constant_a023,0.11827789185185185
-0.026302486982165404,-0.04513553171964719,-0.0050270589538129315,0.020714999999999997,0.020714999999999997,7.999999999999995,1.0097087378640777,0.9411764705882353,0.009983330882352941,0.15231129411764704,136,1,2,monthly_beme_inv,monthly size/profit/invest,low_overlap_concentration,27,test,block,constant_a024,0.11827789185185185
0.014269064444444481,0.014269064444444434,0.014269064444444443,,inf,0.0,0.0,1.0,0.010791123823529411,0.10181459294117648,136,200,0,monthly_beme_inv,monthly size/profit/invest,low_overlap_concentration,27,test,block,constant_equal_weight_public,0.11827789185185185
0.014571253198486175,0.00691038712753172,0.022219718271878828,0.10938723529411763,0.12761594117647057,135.99999999999963,1.0097087378640779,2.6645352591003757e-15,0.014479683823529411,0.10938723529411763,136,0,4,monthly_beme_inv,monthly size/profit/invest,low_overlap_concentration,27,test,block,momentum_12,0.11827789185185185
0.025905187067602566,0.01933235667129447,0.03582822038042751,0.037338,0.037338,10.999999999999995,1.0097087378640779,0.9191176470588236,0.00839615323529412,0.10006255882352941,136,0,3,monthly_beme_inv,monthly size/profit/invest,low_overlap_concentration,27,test,block,low_vol_12,0.11827789185185185
0.01810995076348216,0.010206116199847733,0.02803149235346532,0.13029092063492065,0.13871311764705882,63.000000000000064,1.0097087378640779,0.5367647058823525,0.009734536764705884,0.10477579411764705,136,0,4,monthly_beme_inv,monthly size/profit/invest,low_overlap_concentration,27,test,block,risk_adjusted_12,0.11827789185185185
0.11785430135812364,0.10538966375172153,0.13122824247570555,0.022879,inf,1.9999999999999996,1.0097087378640779,0.9852941176470589,0.011925257352941178,0.12893044117647057,136,32,0,monthly_beme_inv,monthly size/profit/invest,low_overlap_concentration,27,test,block,ridge_return_train_only,0.11827789185185185
0.010650311839860769,0.006952108564674884,0.015598575233863772,-0.053695000000000014,inf,1.0,1.0048309178743962,0.9907407407407407,0.012389592592592593,0.1084932962962963,108,61,0,monthly_beme_inv,monthly size/profit/invest,adversarial_support_mismatch,7,calibration,iid,constant_a000,0.11827789185185185
0.04993507515694935,0.04196380244802168,0.05732568313241561,0.058684,0.058684,17.000000000000018,1.0048309178743962,0.8425925925925924,0.005986157407407407,0.10714711111111111,108,0,3,monthly_beme_inv,monthly size/profit/invest,adversarial_support_mismatch,7,calibration,iid,constant_a001,0.11827789185185185
0.0067932339297429424,0.006541063183038112,0.007080410915488755,0.003184,0.003184,5.0,1.0048309178743962,0.9537037037037037,0.008702425925925926,0.0971386296296296,108,0,2,monthly_beme_inv,monthly size/profit/invest,adversarial_support_mismatch,7,calibration,iid,constant_a002,0.11827789185185185
0.007525600912506698,0.006300862802528777,0.00906846466869445,0.020494,0.020494,12.00000000000001,1.0048309178743962,0.8888888888888888,0.007643314814814815,0.09719577777777777,108,0,3,monthly_beme_inv,monthly size/profit/invest,adversarial_support_mismatch,7,calibration,iid,constant_a003,0.11827789185185185
-0.0038643194460151113,-0.01019533881860693,0.00249443364030557,0.036732,0.036732,5.0,1.0048309178743962,0.9537037037037037,0.009480231481481482,0.11743285185185184,108,2,2,monthly_beme_inv,monthly size/profit/invest,adversarial_support_mismatch,7,calibration,iid,constant_a004,0.11827789185185185
0.007003173501520839,0.005924717940001195,0.00838993103715632,0.020655,0.020655,3.0,1.0048309178743962,0.9722222222222222,0.011261194444444447,0.1134698888888889,108,6,1,monthly_beme_inv,monthly size/profit/invest,adversarial_support_mismatch,7,calibration,iid,constant_a005,0.11827789185185185
0.0076386940120474625,0.0069372333333333315,0.008748839583706083,-0.038405,inf,2.0,1.0048309178743962,0.9814814814814815,0.008031666666666666,0.08997851851851851,108,22,1,monthly_beme_inv,monthly size/profit/invest,adversarial_support_mismatch,7,calibration,iid,constant_a006,0.11827789185185185
0.0713454916858009,0.06445311158289144,0.08012735455447385,,inf,0.0,0.0,1.0,0.010627296296296298,0.10327848148148148,108,200,0,monthly_beme_inv,monthly size/profit/invest,adversarial_support_mismatch,7,calibration,iid,constant_a007,0.11827789185185185
0.006937233333333327,0.00693723333333333,0.006937233333333337,,inf,0.0,0.0,1.0,0.0056105277777777785,0.11024014814814816,108,200,0,monthly_beme_inv,monthly size/profit/invest,adversarial_support_mismatch,7,calibration,iid,constant_a008,0.11827789185185185
0.006937233333333327,0.00693723333333333,0.006937233333333337,,inf,0.0,0.0,1.0,0.010969518518518519,0.13062,108,200,0,monthly_beme_inv,monthly size/profit/invest,adversarial_support_mismatch,7,calibration,iid,constant_a009,0.11827789185185185
0.006937233333333327,0.00693723333333333,0.006937233333333337,,inf,0.0,0.0,1.0,0.008336898148148149,0.13666044444444442,108,200,0,monthly_beme_inv,monthly size/profit/invest,adversarial_support_mismatch,7,calibration,iid,constant_a010,0.11827789185185185
0.007530481475517374,0.00693723333333333,0.008716977759885485,-0.0707,inf,1.0,1.0048309178743962,0.9907407407407407,0.009281564814814814,0.0990418148148148,108,75,0,monthly_beme_inv,monthly size/profit/invest,adversarial_support_mismatch,7,calibration,iid,constant_a011,0.11827789185185185
0.006937233333333327,0.00693723333333333,0.006937233333333337,,inf,0.0,0.0,1.0,0.01044275925925926,0.11443203703703704,108,200,0,monthly_beme_inv,monthly size/profit/invest,adversarial_support_mismatch,7,calibration,iid,constant_a012,0.11827789185185185
0.006937233333333327,0.00693723333333333,0.006937233333333337,,inf,0.0,0.0,1.0,0.009317546296296296,0.12716503703703705,108,200,0,monthly_beme_inv,monthly size/profit/invest,adversarial_support_mismatch,7,calibration,iid,constant_a013,0.11827789185185185
0.09463255061423881,0.07730121422944501,0.11155730181546067,0.21023399999999998,0.210234,9.000000000000004,1.0048309178743962,0.9166666666666666,0.002895814814814816,0.14171644444444445,108,0,2,monthly_beme_inv,monthly size/profit/invest,adversarial_support_mismatch,7,calibration,iid,constant_a014,0.11827789185185185
0.006937233333333327,0.00693723333333333,0.006937233333333337,,inf,0.0,0.0,1.0,0.00806975925925926,0.15166288888888887,108,200,0,monthly_beme_inv,monthly size/profit/invest,adversarial_support_mismatch,7,calibration,iid,constant_a015,0.11827789185185185
0.006276813794954372,0.004407743365539456,0.008033335981988424,0.067429,0.067429,6.000000000000001,1.0048309178743962,0.9444444444444444,0.007727046296296298,0.13265266666666667,108,0,2,monthly_beme_inv,monthly size/profit/invest,adversarial_support_mismatch,7,calibration,iid,constant_a016,0.11827789185185185
0.007246093546847966,0.0061190919365420185,0.00939988628257887,0.03703,inf,2.0,1.0048309178743962,0.9814814814814815,0.006241351851851851,0.15278481481481482,108,29,1,monthly_beme_inv,monthly size/profit/invest,adversarial_support_mismatch,7,calibration,iid,constant_a017,0.11827789185185185
0.006821686771634751,-0.0060445357308999866,0.01835210644301305,0.32784399999999997,0.32784399999999997,13.000000000000014,1.0048309178743962,0.8796296296296295,0.005075231481481484,0.2541734074074074,108,0,3,monthly_beme_inv,monthly size/profit/invest,adversarial_support_mismatch,7,calibration,iid,constant_a018,0.11827789185185185
0.0063221422138724824,0.005314688214349614,0.006937233333333335,0.03508,inf,2.0,1.0048309178743962,0.9814814814814815,0.0042173333333333325,0.147348,108,29,1,monthly_beme_inv,monthly size/profit/invest,adversarial_support_mismatch,7,calibration,iid,constant_a019,0.11827789185185185
0.006937233333333327,0.00693723333333333,0.006937233333333337,,inf,0.0,0.0,1.0,0.008245074074074075,0.13999414814814815,108,200,0,monthly_beme_inv,monthly size/profit/invest,adversarial_support_mismatch,7,calibration,iid,constant_a020,0.11827789185185185
0.0066630410270173525,0.004298585582393993,0.008875509786485356,0.060611000000000005,0.060611000000000005,6.000000000000001,1.0048309178743962,0.9444444444444444,0.006383953703703705,0.15362255555555557,108,0,2,monthly_beme_inv,monthly size/profit/invest,adversarial_support_mismatch,7,calibration,iid,constant_a021,0.11827789185185185
0.0382724870309568,0.032175856802775266,0.04428354194716331,,inf,0.0,0.0,1.0,0.007549240740740741,0.166953037037037,108,200,0,monthly_beme_inv,monthly size/profit/invest,adversarial_support_mismatch,7,calibration,iid,constant_a022,0.11827789185185185
0.007039649484105676,0.00693723333333333,0.007346897936422732,-0.017945,inf,1.0,1.0048309178743962,0.9907407407407407,0.010377666666666665,0.1526464814814815,108,69,0,monthly_beme_inv,monthly size/profit/invest,adversarial_support_mismatch,7,calibration,iid,constant_a023,0.11827789185185185
-0.01963149786174168,-0.03309811770983561,-0.007494114981866466,0.1327577391304348,0.13322900000000001,23.00000000000002,1.0048309178743962,0.7870370370370369,0.003429722222222222,0.15112655555555557,108,0,3,monthly_beme_inv,monthly size/profit/invest,adversarial_support_mismatch,7,calibration,iid,constant_a024,0.11827789185185185
0.006937233333333327,0.00693723333333333,0.006937233333333337,,inf,0.0,0.0,1.0,0.007931715555555555,0.11827789185185185,108,200,0,monthly_beme_inv,monthly size/profit/invest,adversarial_support_mismatch,7,calibration,iid,constant_equal_weight_public,0.11827789185185185
0.009964115122430542,0.007536479377195465,0.013125118311171736,,inf,0.0,0.0,1.0,0.00639925,0.11877474074074072,108,200,0,monthly_beme_inv,monthly size/profit/invest,adversarial_support_mismatch,7,calibration,iid,momentum_12,0.11827789185185185
0.016638583121998722,0.012454049170514632,0.021567948218590222,0.058684,0.05868400000000001,5.0,1.0048309178743962,0.9537037037037037,0.005811675925925926,0.12731337037037035,108,0,2,monthly_beme_inv,monthly size/profit/invest,adversarial_support_mismatch,7,calibration,iid,low_vol_12,0.11827789185185185
0.006806198059420242,0.004879562122457066,0.008754164863611118,,inf,0.0,0.0,1.0,0.010428287037037036,0.13604655555555556,108,200,0,monthly_beme_inv,monthly size/profit/invest,adversarial_support_mismatch,7,calibration,iid,risk_adjusted_12,0.11827789185185185
0.12261462717689427,0.11000780726624872,0.13781772692551383,0.21023399999999998,0.210234,9.000000000000004,1.0048309178743962,0.9166666666666666,0.006563027777777778,0.14044044444444442,108,0,2,monthly_beme_inv,monthly size/profit/invest,adversarial_support_mismatch,7,calibration,iid,ridge_return_train_only,0.11827789185185185
0.010650311839860769,0.004991262304687215,0.015446213738755887,-0.053695000000000014,inf,1.0,1.0048309178743962,0.9907407407407407,0.012389592592592593,0.1084932962962963,108,64,0,monthly_beme_inv,monthly size/profit/invest,adversarial_support_mismatch,7,calibration,block,constant_a000,0.11827789185185185
0.04993507515694935,0.03958296014487116,0.05928001702470685,0.058684,0.05868400000000001,17.000000000000018,1.0048309178743962,0.8425925925925924,0.005986157407407407,0.10714711111111111,108,0,3,monthly_beme_inv,monthly size/profit/invest,adversarial_support_mismatch,7,calibration,block,constant_a001,0.11827789185185185
0.0067932339297429424,0.006469776694101506,0.007040983428162458,0.003184,inf,5.0,1.0048309178743962,0.9537037037037037,0.008702425925925926,0.0971386296296296,108,15,2,monthly_beme_inv,monthly size/profit/invest,adversarial_support_mismatch,7,calibration,block,constant_a002,0.11827789185185185
0.007525600912506698,0.00633049342875887,0.008903595516192516,0.020494,0.020494,12.00000000000001,1.0048309178743962,0.8888888888888888,0.007643314814814815,0.09719577777777777,108,0,3,monthly_beme_inv,monthly size/profit/invest,adversarial_support_mismatch,7,calibration,block,constant_a003,0.11827789185185185
-0.0038643194460151113,-0.012404098292725796,0.0045767232805758624,0.036732,inf,5.0,1.0048309178743962,0.9537037037037037,0.009480231481481482,0.11743285185185184,108,28,2,monthly_beme_inv,monthly size/profit/invest,adversarial_support_mismatch,7,calibration,block,constant_a004,0.11827789185185185
0.007003173501520839,0.006003724561937133,0.008068562609292068,0.020655,inf,3.0,1.0048309178743962,0.9722222222222222,0.011261194444444447,0.1134698888888889,108,22,1,monthly_beme_inv,monthly size/profit/invest,adversarial_support_mismatch,7,calibration,block,constant_a005,0.11827789185185185
0.0076386940120474625,0.0069372333333333315,0.008456063797936422,-0.038405,inf,2.0,1.0048309178743962,0.9814814814814815,0.008031666666666666,0.08997851851851851,108,22,1,monthly_beme_inv,monthly size/profit/invest,adversarial_support_mismatch,7,calibration,block,constant_a006,0.11827789185185185
0.0713454916858009,0.06055860573638961,0.08261416920929654,,inf,0.0,0.0,1.0,0.010627296296296298,0.10327848148148148,108,200,0,monthly_beme_inv,monthly size/profit/invest,adversarial_support_mismatch,7,calibration,block,constant_a007,0.11827789185185185
0.006937233333333327,0.006937233333333328,0.006937233333333338,,inf,0.0,0.0,1.0,0.0056105277777777785,0.11024014814814816,108,200,0,monthly_beme_inv,monthly size/profit/invest,adversarial_support_mismatch,7,calibration,block,constant_a008,0.11827789185185185
0.006937233333333327,0.006937233333333328,0.006937233333333338,,inf,0.0,0.0,1.0,0.010969518518518519,0.13062,108,200,0,monthly_beme_inv,monthly size/profit/invest,adversarial_support_mismatch,7,calibration,block,constant_a009,0.11827789185185185
0.006937233333333327,0.006937233333333328,0.006937233333333338,,inf,0.0,0.0,1.0,0.008336898148148149,0.13666044444444442,108,200,0,monthly_beme_inv,monthly size/profit/invest,adversarial_support_mismatch,7,calibration,block,constant_a010,0.11827789185185185
0.007530481475517374,0.006937233333333331,0.008716977759885487,-0.0707,inf,1.0,1.0048309178743962,0.9907407407407407,0.009281564814814814,0.0990418148148148,108,73,0,monthly_beme_inv,monthly size/profit/invest,adversarial_support_mismatch,7,calibration,block,constant_a011,0.11827789185185185
0.006937233333333327,0.006937233333333328,0.006937233333333338,,inf,0.0,0.0,1.0,0.01044275925925926,0.11443203703703704,108,200,0,monthly_beme_inv,monthly size/profit/invest,adversarial_support_mismatch,7,calibration,block,constant_a012,0.11827789185185185
0.006937233333333327,0.006937233333333328,0.006937233333333338,,inf,0.0,0.0,1.0,0.009317546296296296,0.12716503703703705,108,200,0,monthly_beme_inv,monthly size/profit/invest,adversarial_support_mismatch,7,calibration,block,constant_a013,0.11827789185185185
0.09463255061423881,0.0612143277256917,0.11945681975005179,0.21023399999999998,0.210234,9.000000000000004,1.0048309178743962,0.9166666666666666,0.002895814814814816,0.14171644444444445,108,4,2,monthly_beme_inv,monthly size/profit/invest,adversarial_support_mismatch,7,calibration,block,constant_a014,0.11827789185185185
0.006937233333333327,0.006937233333333328,0.006937233333333338,,inf,0.0,0.0,1.0,0.00806975925925926,0.15166288888888887,108,200,0,monthly_beme_inv,monthly size/profit/invest,adversarial_support_mismatch,7,calibration,block,constant_a015,0.11827789185185185
0.006276813794954372,0.0038270087254726583,0.008615326366076216,0.067429,inf,6.000000000000001,1.0048309178743962,0.9444444444444444,0.007727046296296298,0.13265266666666667,108,14,2,monthly_beme_inv,monthly size/profit/invest,adversarial_support_mismatch,7,calibration,block,constant_a016,0.11827789185185185
0.007246093546847966,0.006119091936542022,0.008373095157153922,0.03703,inf,2.0,1.0048309178743962,0.9814814814814815,0.006241351851851851,0.15278481481481482,108,50,1,monthly_beme_inv,monthly size/profit/invest,adversarial_support_mismatch,7,calibration,block,constant_a017,0.11827789185185185
0.006821686771634751,-0.007312351066380394,0.019956736093517027,0.32784399999999997,0.32784399999999997,13.000000000000014,1.0048309178743962,0.8796296296296295,0.005075231481481484,0.2541734074074074,108,0,3,monthly_beme_inv,monthly size/profit/invest,adversarial_support_mismatch,7,calibration,block,constant_a018,0.11827789185185185
0.0063221422138724824,0.0050877908570406095,0.006937233333333336,0.03508,inf,2.0,1.0048309178743962,0.9814814814814815,0.0042173333333333325,0.147348,108,34,1,monthly_beme_inv,monthly size/profit/invest,adversarial_support_mismatch,7,calibration,block,constant_a019,0.11827789185185185
0.006937233333333327,0.006937233333333328,0.006937233333333338,,inf,0.0,0.0,1.0,0.008245074074074075,0.13999414814814815,108,200,0,monthly_beme_inv,monthly size/profit/invest,adversarial_support_mismatch,7,calibration,block,constant_a020,0.11827789185185185
0.0066630410270173525,0.004498028950915494,0.008818020905349798,0.060611000000000005,0.060611000000000005,6.000000000000001,1.0048309178743962,0.9444444444444444,0.006383953703703705,0.15362255555555557,108,3,2,monthly_beme_inv,monthly size/profit/invest,adversarial_support_mismatch,7,calibration,block,constant_a021,0.11827789185185185
0.0382724870309568,0.029571770986891316,0.04550749595195726,,inf,0.0,0.0,1.0,0.007549240740740741,0.166953037037037,108,200,0,monthly_beme_inv,monthly size/profit/invest,adversarial_support_mismatch,7,calibration,block,constant_a022,0.11827789185185185
0.007039649484105676,0.006937233333333328,0.007346897936422734,-0.017945,inf,1.0,1.0048309178743962,0.9907407407407407,0.010377666666666665,0.1526464814814815,108,80,0,monthly_beme_inv,monthly size/profit/invest,adversarial_support_mismatch,7,calibration,block,constant_a023,0.11827789185185185
-0.01963149786174168,-0.033085974493615763,-0.004547206226743714,0.1327577391304348,0.13322900000000001,23.00000000000002,1.0048309178743962,0.7870370370370369,0.003429722222222222,0.15112655555555557,108,0,3,monthly_beme_inv,monthly size/profit/invest,adversarial_support_mismatch,7,calibration,block,constant_a024,0.11827789185185185
0.006937233333333327,0.006937233333333328,0.006937233333333338,,inf,0.0,0.0,1.0,0.007931715555555555,0.11827789185185185,108,200,0,monthly_beme_inv,monthly size/profit/invest,adversarial_support_mismatch,7,calibration,block,constant_equal_weight_public,0.11827789185185185
0.009964115122430542,0.0070026677018878184,0.0129027232053989,,inf,0.0,0.0,1.0,0.00639925,0.11877474074074072,108,200,0,monthly_beme_inv,monthly size/profit/invest,adversarial_support_mismatch,7,calibration,block,momentum_12,0.11827789185185185
0.016638583121998722,0.010220097575827744,0.024379906684424756,0.058684,0.05868400000000001,5.0,1.0048309178743962,0.9537037037037037,0.005811675925925926,0.12731337037037035,108,8,2,monthly_beme_inv,monthly size/profit/invest,adversarial_support_mismatch,7,calibration,block,low_vol_12,0.11827789185185185
0.006806198059420242,0.004138402796730333,0.00925997331639797,,inf,0.0,0.0,1.0,0.010428287037037036,0.13604655555555556,108,200,0,monthly_beme_inv,monthly size/profit/invest,adversarial_support_mismatch,7,calibration,block,risk_adjusted_12,0.11827789185185185
0.12261462717689427,0.09786301221653787,0.14421906469636678,0.21023399999999998,0.210234,9.000000000000004,1.0048309178743962,0.9166666666666666,0.006563027777777778,0.14044044444444442,108,0,2,monthly_beme_inv,monthly size/profit/invest,adversarial_support_mismatch,7,calibration,block,ridge_return_train_only,0.11827789185185185
0.0020590315458853597,-0.0033891378714440276,0.009378512859536652,-0.004935,inf,1.0,1.0048309178743962,0.9926470588235294,0.012615316176470588,0.0930109705882353,136,74,0,monthly_beme_inv,monthly size/profit/invest,adversarial_support_mismatch,7,test,iid,constant_a000,0.11827789185185185
0.04207979876304157,0.037679036068452604,0.04722679092303036,0.057501,0.057501000000000003,4.0,1.0048309178743962,0.9705882352941176,0.013102345588235295,0.08792349999999999,136,4,1,monthly_beme_inv,monthly size/profit/invest,adversarial_support_mismatch,7,test,iid,constant_a001,0.11827789185185185
0.00693723333333332,0.006937233333333335,0.0069372333333333385,,inf,0.0,0.0,1.0,0.012018411764705882,0.09237323529411764,136,200,0,monthly_beme_inv,monthly size/profit/invest,adversarial_support_mismatch,7,test,iid,constant_a002,0.11827789185185185
0.007240682419247878,0.005694882231694613,0.008682482292791519,0.05239099999999999,0.05239099999999999,10.000000000000005,1.0048309178743962,0.926470588235294,0.012507904411764706,0.08533364705882353,136,0,3,monthly_beme_inv,monthly size/profit/invest,adversarial_support_mismatch,7,test,iid,constant_a003,0.11827789185185185
-0.014077172659017903,-0.020663720971211445,-0.007373270328758437,0.108618,0.10861800000000002,11.000000000000009,1.0048309178743962,0.9191176470588235,0.016923816176470586,0.12503776470588232,136,0,3,monthly_beme_inv,monthly size/profit/invest,adversarial_support_mismatch,7,test,iid,constant_a004,0.11827789185185185
0.006575522771620717,0.004014582045562188,0.009032894325092354,0.08790045454545456,0.088229,22.000000000000018,1.0048309178743962,0.838235294117647,0.008262551470588235,0.08173532352941176,136,0,3,monthly_beme_inv,monthly size/profit/invest,adversarial_support_mismatch,7,test,iid,constant_a005,0.11827789185185185
0.18370876755706989,0.005960953651605573,0.538228115686274,-0.011380912673879435,inf,1.0003864734155208,5200.0,0.9926442171072388,0.010530345588235294,0.08785285294117647,136,25,0,monthly_beme_inv,monthly size/profit/invest,adversarial_support_mismatch,7,test,iid,constant_a006,0.11827789185185185
0.06718890181865193,0.06193382795228799,0.07234383377473916,-0.003331,-0.003331,5.0,1.0048309178743962,0.9632352941176471,0.009129316176470588,0.08401394117647058,136,3,2,monthly_beme_inv,monthly size/profit/invest,adversarial_support_mismatch,7,test,iid,constant_a007,0.11827789185185185
0.006760750790944384,0.006231303163777591,0.0069372333333333385,0.016949000000000002,inf,1.0,1.0048309178743962,0.9926470588235294,0.00976945588235294,0.09247982352941177,136,72,0,monthly_beme_inv,monthly size/profit/invest,adversarial_support_mismatch,7,test,iid,constant_a008,0.11827789185185185
0.00693723333333332,0.006937233333333335,0.0069372333333333385,,inf,0.0,0.0,1.0,0.011968948529411766,0.10100061764705882,136,200,0,monthly_beme_inv,monthly size/profit/invest,adversarial_support_mismatch,7,test,iid,constant_a009,0.11827789185185185
0.006668698427583582,0.0060505588945723235,0.007380315884721041,0.019803,0.019803,5.0,1.0048309178743962,0.9632352941176471,0.008373220588235294,0.12336,136,0,2,monthly_beme_inv,monthly size/profit/invest,adversarial_support_mismatch,7,test,iid,constant_a010,0.11827789185185185
0.00731747021881215,0.00525970901723975,0.009069637463768118,0.087073,0.087073,6.000000000000001,1.0048309178743962,0.9558823529411764,0.011226360294117646,0.10341623529411764,136,0,2,monthly_beme_inv,monthly size/profit/invest,adversarial_support_mismatch,7,test,iid,constant_a011,0.11827789185185185
0.00693723333333332,0.006937233333333335,0.0069372333333333385,,inf,0.0,0.0,1.0,0.008645838235294119,0.10809861764705882,136,200,0,monthly_beme_inv,monthly size/profit/invest,adversarial_support_mismatch,7,test,iid,constant_a012,0.11827789185185185
0.0071942488869944,0.005753529366770865,0.008481305525717535,0.046452,0.046452,4.0,1.0048309178743962,0.9705882352941176,0.010076757352941175,0.10753394117647058,136,4,1,monthly_beme_inv,monthly size/profit/invest,adversarial_support_mismatch,7,test,iid,constant_a013,0.11827789185185185
0.09022572982105125,0.0744064393921478,0.10640895734091722,0.12928,0.12928,9.000000000000004,1.0048309178743962,0.9338235294117647,0.008284867647058825,0.11493285294117647,136,0,2,monthly_beme_inv,monthly size/profit/invest,adversarial_support_mismatch,7,test,iid,constant_a014,0.11827789185185185
0.005727050194183952,0.0037712217315525264,0.007438777366202524,0.07187400000000001,0.07187400000000001,7.000000000000002,1.0048309178743962,0.9485294117647058,0.008826257352941177,0.12884785294117648,136,1,2,monthly_beme_inv,monthly size/profit/invest,adversarial_support_mismatch,7,test,iid,constant_a015,0.11827789185185185
0.006601080941555355,0.005760905669224214,0.007259087412143606,0.043795,0.043795,4.0,1.0048309178743962,0.9705882352941176,0.008927345588235295,0.1193340588235294,136,3,1,monthly_beme_inv,monthly size/profit/invest,adversarial_support_mismatch,7,test,iid,constant_a016,0.11827789185185185
0.009846335824571362,0.007211120195131197,0.012902647196646772,-0.025472,-0.025472,5.0,1.0048309178743962,0.9632352941176471,0.011229257352941177,0.11723499999999999,136,0,2,monthly_beme_inv,monthly size/profit/invest,adversarial_support_mismatch,7,test,iid,constant_a017,0.11827789185185185
0.006800327337311723,0.006271677664109126,0.007373677701998678,0.021504,inf,3.0,1.0048309178743962,0.9779411764705882,0.008399514705882353,0.11210208823529413,136,10,1,monthly_beme_inv,monthly size/profit/invest,adversarial_support_mismatch,7,test,iid,constant_a018,0.11827789185185185
0.0070767206119162485,0.004989641473429955,0.01004446435208866,0.10039800000000002,0.10039800000000002,4.0,1.0048309178743962,0.9705882352941176,0.00865529411764706,0.12635044117647057,136,4,1,monthly_beme_inv,monthly size/profit/invest,adversarial_support_mismatch,7,test,iid,constant_a019,0.11827789185185185
0.004436311878374545,-0.0005190154257838367,0.008141703996400495,0.285883,0.285883,9.000000000000004,1.0048309178743962,0.9338235294117647,0.012099382352941175,0.14358485294117646,136,0,2,monthly_beme_inv,monthly size/profit/invest,adversarial_support_mismatch,7,test,iid,constant_a020,0.11827789185185185
0.00693723333333332,0.006937233333333335,0.0069372333333333385,,inf,0.0,0.0,1.0,0.01222494117647059,0.14384626470588235,136,200,0,monthly_beme_inv,monthly size/profit/invest,adversarial_support_mismatch,7,test,iid,constant_a021,0.11827789185185185
0.028947475022823587,0.02410140992775793,0.033468701813692305,-0.00733,inf,2.0,1.0048309178743962,0.9852941176470589,0.017123066176470587,0.1353010882352941,136,25,1,monthly_beme_inv,monthly size/profit/invest,adversarial_support_mismatch,7,test,iid,constant_a022,0.11827789185185185
0.006746094297622415,0.005408099848915415,0.00800955791891636,0.056649000000000005,0.056649000000000005,4.0,1.0048309178743962,0.9705882352941176,0.008874250000000002,0.14966720588235294,136,6,1,monthly_beme_inv,monthly size/profit/invest,adversarial_support_mismatch,7,test,iid,constant_a023,0.11827789185185185
-0.026098622170277776,-0.035851358167945616,-0.016728189667197718,0.101518,0.101518,18.000000000000018,1.0048309178743962,0.8676470588235292,0.009983330882352941,0.15231129411764704,136,0,3,monthly_beme_inv,monthly size/profit/invest,adversarial_support_mismatch,7,test,iid,constant_a024,0.11827789185185185
0.00693723333333332,0.006937233333333335,0.0069372333333333385,,inf,0.0,0.0,1.0,0.010791123823529411,0.10181459294117648,136,200,0,monthly_beme_inv,monthly size/profit/invest,adversarial_support_mismatch,7,test,iid,constant_equal_weight_public,0.11827789185185185
-0.0016602593429619274,-0.0064789319631777115,0.0028872612772419715,,inf,0.0,0.0,1.0,0.014479683823529411,0.10938723529411763,136,200,0,monthly_beme_inv,monthly size/profit/invest,adversarial_support_mismatch,7,test,iid,momentum_12,0.11827789185185185
0.018148260941252575,0.01410967158880687,0.022568747482416267,0.037108,inf,1.0,1.0048309178743962,0.9926470588235294,0.00839615323529412,0.10006255882352941,136,68,0,monthly_beme_inv,monthly size/profit/invest,adversarial_support_mismatch,7,test,iid,low_vol_12,0.11827789185185185
0.00776594815756621,0.004280296262121241,0.011440293190293296,,inf,0.0,0.0,1.0,0.009734536764705884,0.10477579411764705,136,200,0,monthly_beme_inv,monthly size/profit/invest,adversarial_support_mismatch,7,test,iid,risk_adjusted_12,0.11827789185185185
0.11837102857146121,0.10669009866373799,0.12906860355904995,0.058054,0.058054,3.0,1.0048309178743962,0.9779411764705882,0.008031272058823528,0.12950647058823528,136,8,1,monthly_beme_inv,monthly size/profit/invest,adversarial_support_mismatch,7,test,iid,ridge_return_train_only,0.11827789185185185
0.0020590315458853597,-0.005295652133067325,0.009363340296012974,-0.004935,inf,1.0,1.0048309178743962,0.9926470588235294,0.012615316176470588,0.0930109705882353,136,71,0,monthly_beme_inv,monthly size/profit/invest,adversarial_support_mismatch,7,test,block,constant_a000,0.11827789185185185
0.04207979876304157,0.03642823873253319,0.04799527326269956,0.057501,inf,4.0,1.0048309178743962,0.9705882352941176,0.013102345588235295,0.08792349999999999,136,18,1,monthly_beme_inv,monthly size/profit/invest,adversarial_support_mismatch,7,test,block,constant_a001,0.11827789185185185
0.00693723333333332,0.006937233333333334,0.00693723333333334,,inf,0.0,0.0,1.0,0.012018411764705882,0.09237323529411764,136,200,0,monthly_beme_inv,monthly size/profit/invest,adversarial_support_mismatch,7,test,block,constant_a002,0.11827789185185185
0.007240682419247878,0.0058168165672065975,0.00823685751918159,0.05239099999999999,0.05239099999999999,10.000000000000005,1.0048309178743962,0.926470588235294,0.012507904411764706,0.08533364705882353,136,2,3,monthly_beme_inv,monthly size/profit/invest,adversarial_support_mismatch,7,test,block,constant_a003,0.11827789185185185
-0.014077172659017903,-0.022809271210780455,-0.006034703707363476,0.108618,0.10861800000000002,11.000000000000009,1.0048309178743962,0.9191176470588235,0.016923816176470586,0.12503776470588232,136,0,3,monthly_beme_inv,monthly size/profit/invest,adversarial_support_mismatch,7,test,block,constant_a004,0.11827789185185185
0.006575522771620717,0.0041640483664866935,0.008483718960879039,0.08790045454545456,0.088229,22.000000000000018,1.0048309178743962,0.838235294117647,0.008262551470588235,0.08173532352941176,136,0,3,monthly_beme_inv,monthly size/profit/invest,adversarial_support_mismatch,7,test,block,constant_a005,0.11827789185185185
0.18370876755706989,0.006286380212181495,0.5382281156862739,-0.011380912673879435,inf,1.0003864734155208,5200.0,0.9926442171072388,0.010530345588235294,0.08785285294117647,136,26,0,monthly_beme_inv,monthly size/profit/invest,adversarial_support_mismatch,7,test,block,constant_a006,0.11827789185185185
0.06718890181865193,0.058540479480648375,0.07402009128961383,-0.003331,-0.003331,5.0,1.0048309178743962,0.9632352941176471,0.009129316176470588,0.08401394117647058,136,6,2,monthly_beme_inv,monthly size/profit/invest,adversarial_support_mismatch,7,test,block,constant_a007,0.11827789185185185
0.006760750790944384,0.006407785706166528,0.0069372333333333385,0.016949000000000002,inf,1.0,1.0048309178743962,0.9926470588235294,0.00976945588235294,0.09247982352941177,136,84,0,monthly_beme_inv,monthly size/profit/invest,adversarial_support_mismatch,7,test,block,constant_a008,0.11827789185185185
0.00693723333333332,0.006937233333333334,0.00693723333333334,,inf,0.0,0.0,1.0,0.011968948529411766,0.10100061764705882,136,200,0,monthly_beme_inv,monthly size/profit/invest,adversarial_support_mismatch,7,test,block,constant_a009,0.11827789185185185
0.006668698427583582,0.006060844755138774,0.007223686744813871,0.019803,0.019803,5.0,1.0048309178743962,0.9632352941176471,0.008373220588235294,0.12336,136,4,2,monthly_beme_inv,monthly size/profit/invest,adversarial_support_mismatch,7,test,block,constant_a010,0.11827789185185185
0.00731747021881215,0.006007122307473718,0.008542042167282377,0.087073,0.087073,6.000000000000001,1.0048309178743962,0.9558823529411764,0.011226360294117646,0.10341623529411764,136,3,2,monthly_beme_inv,monthly size/profit/invest,adversarial_support_mismatch,7,test,block,constant_a011,0.11827789185185185
0.00693723333333332,0.006937233333333334,0.00693723333333334,,inf,0.0,0.0,1.0,0.008645838235294119,0.10809861764705882,136,200,0,monthly_beme_inv,monthly size/profit/invest,adversarial_support_mismatch,7,test,block,constant_a012,0.11827789185185185
0.0071942488869944,0.006319881077957757,0.008683694037605383,0.046452,inf,4.0,1.0048309178743962,0.9705882352941176,0.010076757352941175,0.10753394117647058,136,24,1,monthly_beme_inv,monthly size/profit/invest,adversarial_support_mismatch,7,test,block,constant_a013,0.11827789185185185
0.09022572982105125,0.06319824225962206,0.11708689920650821,0.12928,0.12928,9.000000000000004,1.0048309178743962,0.9338235294117647,0.008284867647058825,0.11493285294117647,136,0,2,monthly_beme_inv,monthly size/profit/invest,adversarial_support_mismatch,7,test,block,constant_a014,0.11827789185185185
0.005727050194183952,0.002547341053803168,0.007803397972435355,0.07187400000000001,0.07187400000000001,7.000000000000002,1.0048309178743962,0.9485294117647058,0.008826257352941177,0.12884785294117648,136,2,2,monthly_beme_inv,monthly size/profit/invest,adversarial_support_mismatch,7,test,block,constant_a015,0.11827789185185185
0.006601080941555355,0.005645573276025391,0.007070687685895619,0.043795,inf,4.0,1.0048309178743962,0.9705882352941176,0.008927345588235295,0.1193340588235294,136,28,1,monthly_beme_inv,monthly size/profit/invest,adversarial_support_mismatch,7,test,block,constant_a016,0.11827789185185185
0.009846335824571362,0.006937233333333337,0.01347769639054655,-0.025472,inf,5.0,1.0048309178743962,0.9632352941176471,0.011229257352941177,0.11723499999999999,136,20,2,monthly_beme_inv,monthly size/profit/invest,adversarial_support_mismatch,7,test,block,constant_a017,0.11827789185185185
0.006800327337311723,0.006191832272425883,0.0071642539698778115,0.021504,inf,3.0,1.0048309178743962,0.9779411764705882,0.008399514705882353,0.11210208823529413,136,26,1,monthly_beme_inv,monthly size/profit/invest,adversarial_support_mismatch,7,test,block,constant_a018,0.11827789185185185
0.0070767206119162485,0.005509040021786495,0.009050939272046983,0.10039800000000002,inf,4.0,1.0048309178743962,0.9705882352941176,0.00865529411764706,0.12635044117647057,136,17,1,monthly_beme_inv,monthly size/profit/invest,adversarial_support_mismatch,7,test,block,constant_a019,0.11827789185185185
0.004436311878374545,-0.0005849641597991829,0.008433297826086959,0.285883,0.285883,9.000000000000004,1.0048309178743962,0.9338235294117647,0.012099382352941175,0.14358485294117646,136,1,2,monthly_beme_inv,monthly size/profit/invest,adversarial_support_mismatch,7,test,block,constant_a020,0.11827789185185185
0.00693723333333332,0.006937233333333334,0.00693723333333334,,inf,0.0,0.0,1.0,0.01222494117647059,0.14384626470588235,136,200,0,monthly_beme_inv,monthly size/profit/invest,adversarial_support_mismatch,7,test,block,constant_a021,0.11827789185185185
0.028947475022823587,0.022980922349476293,0.03369541521983999,-0.00733,inf,2.0,1.0048309178743962,0.9852941176470589,0.017123066176470587,0.1353010882352941,136,50,1,monthly_beme_inv,monthly size/profit/invest,adversarial_support_mismatch,7,test,block,constant_a022,0.11827789185185185
0.006746094297622415,0.0050885953874206715,0.008008724555745002,0.056649000000000005,inf,4.0,1.0048309178743962,0.9705882352941176,0.008874250000000002,0.14966720588235294,136,11,1,monthly_beme_inv,monthly size/profit/invest,adversarial_support_mismatch,7,test,block,constant_a023,0.11827789185185185
-0.026098622170277776,-0.035078087825683925,-0.017318417068922235,0.101518,0.101518,18.000000000000018,1.0048309178743962,0.8676470588235292,0.009983330882352941,0.15231129411764704,136,0,3,monthly_beme_inv,monthly size/profit/invest,adversarial_support_mismatch,7,test,block,constant_a024,0.11827789185185185
0.00693723333333332,0.006937233333333334,0.00693723333333334,,inf,0.0,0.0,1.0,0.010791123823529411,0.10181459294117648,136,200,0,monthly_beme_inv,monthly size/profit/invest,adversarial_support_mismatch,7,test,block,constant_equal_weight_public,0.11827789185185185
-0.0016602593429619274,-0.006474846130644159,0.0038326973824132607,,inf,0.0,0.0,1.0,0.014479683823529411,0.10938723529411763,136,200,0,monthly_beme_inv,monthly size/profit/invest,adversarial_support_mismatch,7,test,block,momentum_12,0.11827789185185185
0.018148260941252575,0.012837597122255306,0.024430531755743456,0.037108,inf,1.0,1.0048309178743962,0.9926470588235294,0.00839615323529412,0.10006255882352941,136,60,0,monthly_beme_inv,monthly size/profit/invest,adversarial_support_mismatch,7,test,block,low_vol_12,0.11827789185185185
0.00776594815756621,0.0032471568003857075,0.012456155748013427,,inf,0.0,0.0,1.0,0.009734536764705884,0.10477579411764705,136,200,0,monthly_beme_inv,monthly size/profit/invest,adversarial_support_mismatch,7,test,block,risk_adjusted_12,0.11827789185185185
0.11837102857146121,0.10065611727645309,0.13901226611424242,0.058054,inf,3.0,1.0048309178743962,0.9779411764705882,0.008031272058823528,0.12950647058823528,136,16,1,monthly_beme_inv,monthly size/profit/invest,adversarial_support_mismatch,7,test,block,ridge_return_train_only,0.11827789185185185
0.013273774265158219,0.009257300440734103,0.01838600976655628,-0.053695000000000014,inf,1.0,1.0048309178743962,0.9907407407407407,0.012389592592592593,0.1084932962962963,108,77,0,monthly_beme_inv,monthly size/profit/invest,adversarial_support_mismatch,17,calibration,iid,constant_a000,0.11827789185185185
0.05434811431827816,0.04765037038909555,0.06180186306304015,0.058684,0.058684,16.000000000000018,1.0048309178743962,0.8518518518518516,0.005986157407407407,0.10714711111111111,108,0,3,monthly_beme_inv,monthly size/profit/invest,adversarial_support_mismatch,17,calibration,iid,constant_a001,0.11827789185185185
0.006694677994075672,0.006421198741933559,0.0069213356366672665,0.003184,0.003184,5.0,1.0048309178743962,0.9537037037037037,0.008702425925925926,0.0971386296296296,108,1,2,monthly_beme_inv,monthly size/profit/invest,adversarial_support_mismatch,17,calibration,iid,constant_a002,0.11827789185185185
-2.454711762205526,-7.379383792378286,0.00821239754625157,0.044303,0.044303,1.0046426080156348,5200.0,0.9906977536294849,0.007643314814814815,0.09719577777777777,108,0,0,monthly_beme_inv,monthly size/profit/invest,adversarial_support_mismatch,17,calibration,iid,constant_a003,0.11827789185185185
-0.0038643194460151113,-0.010852625247336047,0.002781926160419884,0.036732,0.036732,5.0,1.0048309178743962,0.9537037037037037,0.009480231481481482,0.11743285185185184,108,1,2,monthly_beme_inv,monthly size/profit/invest,adversarial_support_mismatch,17,calibration,iid,constant_a004,0.11827789185185185
0.0069026941623427035,0.005825200302578482,0.008276057343193975,0.020655,0.020655,3.0,1.0048309178743962,0.9722222222222222,0.011261194444444447,0.1134698888888889,108,6,1,monthly_beme_inv,monthly size/profit/invest,adversarial_support_mismatch,17,calibration,iid,constant_a005,0.11827789185185185
0.007537252971113909,0.00683386888888889,0.008829461774239086,-0.038405,inf,2.0,1.0048309178743962,0.9814814814814815,0.008031666666666666,0.08997851851851851,108,20,1,monthly_beme_inv,monthly size/profit/invest,adversarial_support_mismatch,17,calibration,iid,constant_a006,0.11827789185185185
0.07912279994511143,0.07117866203579708,0.0870705168184199,,inf,0.0,0.0,1.0,0.010627296296296298,0.10327848148148148,108,200,0,monthly_beme_inv,monthly size/profit/invest,adversarial_support_mismatch,17,calibration,iid,constant_a007,0.11827789185185185
0.006833868888888896,0.006833868888888889,0.006833868888888895,,inf,0.0,0.0,1.0,0.0056105277777777785,0.11024014814814816,108,200,0,monthly_beme_inv,monthly size/profit/invest,adversarial_support_mismatch,17,calibration,iid,constant_a008,0.11827789185185185
0.006833868888888896,0.006833868888888889,0.006833868888888895,,inf,0.0,0.0,1.0,0.010969518518518519,0.13062,108,200,0,monthly_beme_inv,monthly size/profit/invest,adversarial_support_mismatch,17,calibration,iid,constant_a009,0.11827789185185185
0.006833868888888896,0.006833868888888889,0.006833868888888895,,inf,0.0,0.0,1.0,0.008336898148148149,0.13666044444444442,108,200,0,monthly_beme_inv,monthly size/profit/invest,adversarial_support_mismatch,17,calibration,iid,constant_a010,0.11827789185185185
0.007428078732828387,0.0068338688888888895,0.008616498420707351,-0.0707,inf,1.0,1.0048309178743962,0.9907407407407407,0.009281564814814814,0.0990418148148148,108,68,0,monthly_beme_inv,monthly size/profit/invest,adversarial_support_mismatch,17,calibration,iid,constant_a011,0.11827789185185185
0.006833868888888896,0.006833868888888889,0.006833868888888895,,inf,0.0,0.0,1.0,0.01044275925925926,0.11443203703703704,108,200,0,monthly_beme_inv,monthly size/profit/invest,adversarial_support_mismatch,17,calibration,iid,constant_a012,0.11827789185185185
0.006833868888888896,0.006833868888888889,0.006833868888888895,,inf,0.0,0.0,1.0,0.009317546296296296,0.12716503703703705,108,200,0,monthly_beme_inv,monthly size/profit/invest,adversarial_support_mismatch,17,calibration,iid,constant_a013,0.11827789185185185
0.09463255061423881,0.07573263158824352,0.11384252010050923,0.21023399999999998,0.210234,9.000000000000004,1.0048309178743962,0.9166666666666666,0.002895814814814816,0.14171644444444445,108,0,2,monthly_beme_inv,monthly size/profit/invest,adversarial_support_mismatch,17,calibration,iid,constant_a014,0.11827789185185185
0.006833868888888896,0.006833868888888889,0.006833868888888895,,inf,0.0,0.0,1.0,0.00806975925925926,0.15166288888888887,108,200,0,monthly_beme_inv,monthly size/profit/invest,adversarial_support_mismatch,17,calibration,iid,constant_a015,0.11827789185185185
0.006179219561042528,0.004303186654062543,0.008065081347249562,0.067429,0.067429,6.000000000000001,1.0048309178743962,0.9444444444444444,0.007727046296296298,0.13265266666666667,108,0,2,monthly_beme_inv,monthly size/profit/invest,adversarial_support_mismatch,17,calibration,iid,constant_a016,0.11827789185185185
0.007144652505914406,0.00601521776111807,0.008990546729886091,0.03703,inf,2.0,1.0048309178743962,0.9814814814814815,0.006241351851851851,0.15278481481481482,108,23,1,monthly_beme_inv,monthly size/profit/invest,adversarial_support_mismatch,17,calibration,iid,constant_a017,0.11827789185185185
0.006730824450010945,-0.0056709214637084655,0.016158867728275798,0.32784399999999997,0.32784399999999997,13.000000000000014,1.0048309178743962,0.8796296296296295,0.005075231481481484,0.2541734074074074,108,0,3,monthly_beme_inv,monthly size/profit/invest,adversarial_support_mismatch,17,calibration,iid,constant_a018,0.11827789185185185
0.006220701172938915,0.004994365741038949,0.006833868888888893,0.03508,inf,2.0,1.0048309178743962,0.9814814814814815,0.0042173333333333325,0.147348,108,24,1,monthly_beme_inv,monthly size/profit/invest,adversarial_support_mismatch,17,calibration,iid,constant_a019,0.11827789185185185
0.006833868888888896,0.006833868888888889,0.006833868888888895,,inf,0.0,0.0,1.0,0.008245074074074075,0.13999414814814815,108,200,0,monthly_beme_inv,monthly size/profit/invest,adversarial_support_mismatch,17,calibration,iid,constant_a020,0.11827789185185185
0.00656544679310551,0.004357253727719131,0.00872890015109044,0.060611000000000005,0.060611000000000005,6.000000000000001,1.0048309178743962,0.9444444444444444,0.006383953703703705,0.15362255555555557,108,0,2,monthly_beme_inv,monthly size/profit/invest,adversarial_support_mismatch,17,calibration,iid,constant_a021,0.11827789185185185
0.03820361228346582,0.03211735664141986,0.044372301838288164,,inf,0.0,0.0,1.0,0.007549240740740741,0.166953037037037,108,200,0,monthly_beme_inv,monthly size/profit/invest,adversarial_support_mismatch,17,calibration,iid,constant_a022,0.11827789185185185
0.00693724674141668,0.0068338688888888895,0.007144002446472242,-0.017945,inf,1.0,1.0048309178743962,0.9907407407407407,0.010377666666666665,0.1526464814814815,108,71,0,monthly_beme_inv,monthly size/profit/invest,adversarial_support_mismatch,17,calibration,iid,constant_a023,0.11827789185185185
-0.01963149786174168,-0.035328458902016684,-0.006400952039532502,0.1327577391304348,0.13322900000000001,23.00000000000002,1.0048309178743962,0.7870370370370369,0.003429722222222222,0.15112655555555557,108,0,3,monthly_beme_inv,monthly size/profit/invest,adversarial_support_mismatch,17,calibration,iid,constant_a024,0.11827789185185185
0.006833868888888896,0.006833868888888889,0.006833868888888895,,inf,0.0,0.0,1.0,0.007931715555555555,0.11827789185185185,108,200,0,monthly_beme_inv,monthly size/profit/invest,adversarial_support_mismatch,17,calibration,iid,constant_equal_weight_public,0.11827789185185185
0.010095822363933993,0.00733025706440393,0.012309407596900749,,inf,0.0,0.0,1.0,0.00639925,0.11877474074074072,108,200,0,monthly_beme_inv,monthly size/profit/invest,adversarial_support_mismatch,17,calibration,iid,momentum_12,0.11827789185185185
0.017447338439627702,0.012330236854017419,0.022537189880006886,0.058684,0.05868400000000001,5.0,1.0048309178743962,0.9537037037037037,0.005811675925925926,0.12731337037037035,108,3,2,monthly_beme_inv,monthly size/profit/invest,adversarial_support_mismatch,17,calibration,iid,low_vol_12,0.11827789185185185
0.006671381937441818,0.0048461497317952755,0.008584789661380182,,inf,0.0,0.0,1.0,0.010428287037037036,0.13604655555555556,108,200,0,monthly_beme_inv,monthly size/profit/invest,adversarial_support_mismatch,17,calibration,iid,risk_adjusted_12,0.11827789185185185
0.12436557660867675,0.10996843992776034,0.13813386282828585,0.21023399999999998,0.210234,8.000000000000002,1.0048309178743962,0.9259259259259259,0.0061138425925925935,0.14044044444444442,108,0,2,monthly_beme_inv,monthly size/profit/invest,adversarial_support_mismatch,17,calibration,iid,ridge_return_train_only,0.11827789185185185
0.013273774265158219,0.00803730445572564,0.01839867724286686,-0.053695000000000014,inf,1.0,1.0048309178743962,0.9907407407407407,0.012389592592592593,0.1084932962962963,108,74,0,monthly_beme_inv,monthly size/profit/invest,adversarial_support_mismatch,17,calibration,block,constant_a000,0.11827789185185185
0.05434811431827816,0.042517389228763296,0.06534498615700532,0.058684,0.05868400000000001,16.000000000000018,1.0048309178743962,0.8518518518518516,0.005986157407407407,0.10714711111111111,108,0,3,monthly_beme_inv,monthly size/profit/invest,adversarial_support_mismatch,17,calibration,block,constant_a001,0.11827789185185185
0.006694677994075672,0.006305523786723926,0.006951054471958811,0.003184,inf,5.0,1.0048309178743962,0.9537037037037037,0.008702425925925926,0.0971386296296296,108,14,2,monthly_beme_inv,monthly size/profit/invest,adversarial_support_mismatch,17,calibration,block,constant_a002,0.11827789185185185
-2.454711762205526,-7.379378798438406,0.008396564441382877,0.044303,0.044303,1.0046426080156348,5200.0,0.9906977536294849,0.007643314814814815,0.09719577777777777,108,1,0,monthly_beme_inv,monthly size/profit/invest,adversarial_support_mismatch,17,calibration,block,constant_a003,0.11827789185185185
-0.0038643194460151113,-0.014126316691305268,0.004976125786779128,0.036732,inf,5.0,1.0048309178743962,0.9537037037037037,0.009480231481481482,0.11743285185185184,108,23,2,monthly_beme_inv,monthly size/profit/invest,adversarial_support_mismatch,17,calibration,block,constant_a004,0.11827789185185185
0.0069026941623427035,0.00609531251983062,0.007779259979722076,0.020655,inf,3.0,1.0048309178743962,0.9722222222222222,0.011261194444444447,0.1134698888888889,108,24,1,monthly_beme_inv,monthly size/profit/invest,adversarial_support_mismatch,17,calibration,block,constant_a005,0.11827789185185185
0.007537252971113909,0.0068338688888888895,0.008650283648038812,-0.038405,inf,2.0,1.0048309178743962,0.9814814814814815,0.008031666666666666,0.08997851851851851,108,22,1,monthly_beme_inv,monthly size/profit/invest,adversarial_support_mismatch,17,calibration,block,constant_a006,0.11827789185185185
0.07912279994511143,0.0669492022894931,0.09251970700056421,,inf,0.0,0.0,1.0,0.010627296296296298,0.10327848148148148,108,200,0,monthly_beme_inv,monthly size/profit/invest,adversarial_support_mismatch,17,calibration,block,constant_a007,0.11827789185185185
0.006833868888888896,0.006833868888888888,0.0068338688888888955,,inf,0.0,0.0,1.0,0.0056105277777777785,0.11024014814814816,108,200,0,monthly_beme_inv,monthly size/profit/invest,adversarial_support_mismatch,17,calibration,block,constant_a008,0.11827789185185185
0.006833868888888896,0.006833868888888888,0.0068338688888888955,,inf,0.0,0.0,1.0,0.010969518518518519,0.13062,108,200,0,monthly_beme_inv,monthly size/profit/invest,adversarial_support_mismatch,17,calibration,block,constant_a009,0.11827789185185185
0.006833868888888896,0.006833868888888888,0.0068338688888888955,,inf,0.0,0.0,1.0,0.008336898148148149,0.13666044444444442,108,200,0,monthly_beme_inv,monthly size/profit/invest,adversarial_support_mismatch,17,calibration,block,constant_a010,0.11827789185185185
0.007428078732828387,0.006833868888888888,0.008616498420707348,-0.0707,inf,1.0,1.0048309178743962,0.9907407407407407,0.009281564814814814,0.0990418148148148,108,75,0,monthly_beme_inv,monthly size/profit/invest,adversarial_support_mismatch,17,calibration,block,constant_a011,0.11827789185185185
0.006833868888888896,0.006833868888888888,0.0068338688888888955,,inf,0.0,0.0,1.0,0.01044275925925926,0.11443203703703704,108,200,0,monthly_beme_inv,monthly size/profit/invest,adversarial_support_mismatch,17,calibration,block,constant_a012,0.11827789185185185
0.006833868888888896,0.006833868888888888,0.0068338688888888955,,inf,0.0,0.0,1.0,0.009317546296296296,0.12716503703703705,108,200,0,monthly_beme_inv,monthly size/profit/invest,adversarial_support_mismatch,17,calibration,block,constant_a013,0.11827789185185185
0.09463255061423881,0.060752874387897025,0.12518802852654928,0.21023399999999998,0.210234,9.000000000000004,1.0048309178743962,0.9166666666666666,0.002895814814814816,0.14171644444444445,108,2,2,monthly_beme_inv,monthly size/profit/invest,adversarial_support_mismatch,17,calibration,block,constant_a014,0.11827789185185185
0.006833868888888896,0.006833868888888888,0.0068338688888888955,,inf,0.0,0.0,1.0,0.00806975925925926,0.15166288888888887,108,200,0,monthly_beme_inv,monthly size/profit/invest,adversarial_support_mismatch,17,calibration,block,constant_a015,0.11827789185185185
0.006179219561042528,0.003517310002266356,0.008515560310053485,0.067429,inf,6.000000000000001,1.0048309178743962,0.9444444444444444,0.007727046296296298,0.13265266666666667,108,15,2,monthly_beme_inv,monthly size/profit/invest,adversarial_support_mismatch,17,calibration,block,constant_a016,0.11827789185185185
0.007144652505914406,0.0064257598922486635,0.00858243773324586,0.03703,inf,2.0,1.0048309178743962,0.9814814814814815,0.006241351851851851,0.15278481481481482,108,56,1,monthly_beme_inv,monthly size/profit/invest,adversarial_support_mismatch,17,calibration,block,constant_a017,0.11827789185185185
0.006730824450010945,-0.005576480100793219,0.02027643681477506,0.32784399999999997,0.32784399999999997,13.000000000000014,1.0048309178743962,0.8796296296296295,0.005075231481481484,0.2541734074074074,108,0,3,monthly_beme_inv,monthly size/profit/invest,adversarial_support_mismatch,17,calibration,block,constant_a018,0.11827789185185185
0.006220701172938915,0.004994365741038947,0.006833868888888895,0.03508,inf,2.0,1.0048309178743962,0.9814814814814815,0.0042173333333333325,0.147348,108,46,1,monthly_beme_inv,monthly size/profit/invest,adversarial_support_mismatch,17,calibration,block,constant_a019,0.11827789185185185
0.006833868888888896,0.006833868888888888,0.0068338688888888955,,inf,0.0,0.0,1.0,0.008245074074074075,0.13999414814814815,108,200,0,monthly_beme_inv,monthly size/profit/invest,adversarial_support_mismatch,17,calibration,block,constant_a020,0.11827789185185185
0.00656544679310551,0.003928401938211964,0.008875443098069624,0.060611000000000005,0.060611000000000005,6.000000000000001,1.0048309178743962,0.9444444444444444,0.006383953703703705,0.15362255555555557,108,3,2,monthly_beme_inv,monthly size/profit/invest,adversarial_support_mismatch,17,calibration,block,constant_a021,0.11827789185185185
0.03820361228346582,0.02976099323670846,0.047548638295824126,,inf,0.0,0.0,1.0,0.007549240740740741,0.166953037037037,108,200,0,monthly_beme_inv,monthly size/profit/invest,adversarial_support_mismatch,17,calibration,block,constant_a022,0.11827789185185185
0.00693724674141668,0.006833868888888889,0.007144002446472242,-0.017945,inf,1.0,1.0048309178743962,0.9907407407407407,0.010377666666666665,0.1526464814814815,108,74,0,monthly_beme_inv,monthly size/profit/invest,adversarial_support_mismatch,17,calibration,block,constant_a023,0.11827789185185185
-0.01963149786174168,-0.03833152863410872,-0.005533088333043548,0.1327577391304348,0.13322900000000001,23.00000000000002,1.0048309178743962,0.7870370370370369,0.003429722222222222,0.15112655555555557,108,0,3,monthly_beme_inv,monthly size/profit/invest,adversarial_support_mismatch,17,calibration,block,constant_a024,0.11827789185185185
0.006833868888888896,0.006833868888888888,0.0068338688888888955,,inf,0.0,0.0,1.0,0.007931715555555555,0.11827789185185185,108,200,0,monthly_beme_inv,monthly size/profit/invest,adversarial_support_mismatch,17,calibration,block,constant_equal_weight_public,0.11827789185185185
0.010095822363933993,0.007069707686682869,0.013231314407748558,,inf,0.0,0.0,1.0,0.00639925,0.11877474074074072,108,200,0,monthly_beme_inv,monthly size/profit/invest,adversarial_support_mismatch,17,calibration,block,momentum_12,0.11827789185185185
0.017447338439627702,0.01087132813426648,0.02445599299368608,0.058684,inf,5.0,1.0048309178743962,0.9537037037037037,0.005811675925925926,0.12731337037037035,108,10,2,monthly_beme_inv,monthly size/profit/invest,adversarial_support_mismatch,17,calibration,block,low_vol_12,0.11827789185185185
0.006671381937441818,0.00428462348085044,0.008817983576865647,,inf,0.0,0.0,1.0,0.010428287037037036,0.13604655555555556,108,200,0,monthly_beme_inv,monthly size/profit/invest,adversarial_support_mismatch,17,calibration,block,risk_adjusted_12,0.11827789185185185
0.12436557660867675,0.09680269250228529,0.14829564768370795,0.21023399999999998,0.210234,8.000000000000002,1.0048309178743962,0.9259259259259259,0.0061138425925925935,0.14044044444444442,108,2,2,monthly_beme_inv,monthly size/profit/invest,adversarial_support_mismatch,17,calibration,block,ridge_return_train_only,0.11827789185185185
0.005120318073970571,-0.00026229259069299074,0.011303473173168198,-0.004935,inf,1.0,1.0048309178743962,0.9926470588235294,0.012615316176470588,0.0930109705882353,136,61,0,monthly_beme_inv,monthly size/profit/invest,adversarial_support_mismatch,17,test,iid,constant_a000,0.11827789185185185
0.04668978879807891,0.041870891241017304,0.052224172499956305,0.057501,0.057501000000000003,4.0,1.0048309178743962,0.9705882352941176,0.013102345588235295,0.08792349999999999,136,4,1,monthly_beme_inv,monthly size/profit/invest,adversarial_support_mismatch,17,test,iid,constant_a001,0.11827789185185185
0.006833868888888903,0.006833868888888887,0.006833868888888891,,inf,0.0,0.0,1.0,0.012018411764705882,0.09237323529411764,136,200,0,monthly_beme_inv,monthly size/profit/invest,adversarial_support_mismatch,17,test,iid,constant_a002,0.11827789185185185
0.007144955018155425,0.005528899358024693,0.008534799144895962,0.05239099999999999,0.05239099999999999,10.000000000000005,1.0048309178743962,0.926470588235294,0.012507904411764706,0.08533364705882353,136,0,3,monthly_beme_inv,monthly size/profit/invest,adversarial_support_mismatch,17,test,iid,constant_a003,0.11827789185185185
-0.014077172659017903,-0.021557540856308156,-0.0055622882886783055,0.108618,0.10861800000000002,11.000000000000009,1.0048309178743962,0.9191176470588235,0.016923816176470586,0.12503776470588232,136,0,3,monthly_beme_inv,monthly size/profit/invest,adversarial_support_mismatch,17,test,iid,constant_a004,0.11827789185185185
0.006488959822550607,0.0040627695138770485,0.00849105739787187,0.08790045454545456,0.088229,22.000000000000018,1.0048309178743962,0.838235294117647,0.008262551470588235,0.08173532352941176,136,0,3,monthly_beme_inv,monthly size/profit/invest,adversarial_support_mismatch,17,test,iid,constant_a005,0.11827789185185185
0.006509206032648178,0.005859880320166714,0.00683386888888889,0.037108,inf,1.0,1.0048309178743962,0.9926470588235294,0.010530345588235294,0.08785285294117647,136,79,0,monthly_beme_inv,monthly size/profit/invest,adversarial_support_mismatch,17,test,iid,constant_a006,0.11827789185185185
0.07223221914117302,0.06635499169624101,0.07784760946288405,-0.003331,-0.003331,5.0,1.0048309178743962,0.9632352941176471,0.009129316176470588,0.08401394117647058,136,3,2,monthly_beme_inv,monthly size/profit/invest,adversarial_support_mismatch,17,test,iid,constant_a007,0.11827789185185185
0.006658150050835163,0.006302319403776324,0.00683386888888889,0.016949000000000002,inf,1.0,1.0048309178743962,0.9926470588235294,0.00976945588235294,0.09247982352941177,136,82,0,monthly_beme_inv,monthly size/profit/invest,adversarial_support_mismatch,17,test,iid,constant_a008,0.11827789185185185
0.006833868888888903,0.006833868888888887,0.006833868888888891,,inf,0.0,0.0,1.0,0.011968948529411766,0.10100061764705882,136,200,0,monthly_beme_inv,monthly size/profit/invest,adversarial_support_mismatch,17,test,iid,constant_a009,0.11827789185185185
0.0065691525048151445,0.005876159897414037,0.007276670048214454,0.019803,0.019803,5.0,1.0048309178743962,0.9632352941176471,0.008373220588235294,0.12336,136,5,2,monthly_beme_inv,monthly size/profit/invest,adversarial_support_mismatch,17,test,iid,constant_a010,0.11827789185185185
0.00721868800037891,0.005175100981907739,0.009076675456726977,0.087073,0.087073,6.000000000000001,1.0048309178743962,0.9558823529411764,0.011226360294117646,0.10341623529411764,136,1,2,monthly_beme_inv,monthly size/profit/invest,adversarial_support_mismatch,17,test,iid,constant_a011,0.11827789185185185
0.006833868888888903,0.006833868888888887,0.006833868888888891,,inf,0.0,0.0,1.0,0.008645838235294119,0.10809861764705882,136,200,0,monthly_beme_inv,monthly size/profit/invest,adversarial_support_mismatch,17,test,iid,constant_a012,0.11827789185185185
0.007093939259890765,0.0059551397688737346,0.00832441637308579,0.046452,0.046452,4.0,1.0048309178743962,0.9705882352941176,0.010076757352941175,0.10753394117647058,136,2,1,monthly_beme_inv,monthly size/profit/invest,adversarial_support_mismatch,17,test,iid,constant_a013,0.11827789185185185
0.09022572982105125,0.07736711021083433,0.10891111469027935,0.12928,0.12928,9.000000000000004,1.0048309178743962,0.9338235294117647,0.008284867647058825,0.11493285294117647,136,0,2,monthly_beme_inv,monthly size/profit/invest,adversarial_support_mismatch,17,test,iid,constant_a014,0.11827789185185185
0.005589009346720978,0.0034537080839253556,0.007531654480660543,0.07187400000000001,0.07187400000000001,8.000000000000002,1.0048309178743962,0.9411764705882353,0.008826257352941177,0.12884785294117648,136,0,2,monthly_beme_inv,monthly size/profit/invest,adversarial_support_mismatch,17,test,iid,constant_a015,0.11827789185185185
0.006500771314451719,0.005523591466357236,0.007113154713776009,0.043795,0.043795,4.0,1.0048309178743962,0.9705882352941176,0.008927345588235295,0.1193340588235294,136,5,1,monthly_beme_inv,monthly size/profit/invest,adversarial_support_mismatch,17,test,iid,constant_a016,0.11827789185185185
0.009746789901802926,0.0072819958618294345,0.013563450551703462,-0.025472,-0.025472,5.0,1.0048309178743962,0.9632352941176471,0.011229257352941177,0.11723499999999999,136,0,2,monthly_beme_inv,monthly size/profit/invest,adversarial_support_mismatch,17,test,iid,constant_a017,0.11827789185185185
0.006699254005872894,0.006205602765526823,0.007275237034953112,0.021504,0.021504,3.0,1.0048309178743962,0.9779411764705882,0.008399514705882353,0.11210208823529413,136,8,1,monthly_beme_inv,monthly size/profit/invest,adversarial_support_mismatch,17,test,iid,constant_a018,0.11827789185185185
0.006976410984812622,0.004562037472135393,0.009152474179628054,0.10039800000000002,0.10039800000000002,4.0,1.0048309178743962,0.9705882352941176,0.00865529411764706,0.12635044117647057,136,2,1,monthly_beme_inv,monthly size/profit/invest,adversarial_support_mismatch,17,test,iid,constant_a019,0.11827789185185185
0.004339820772946858,-0.0009836711391493786,0.00802908591256986,0.285883,0.285883,9.000000000000004,1.0048309178743962,0.9338235294117647,0.012099382352941175,0.14358485294117646,136,0,2,monthly_beme_inv,monthly size/profit/invest,adversarial_support_mismatch,17,test,iid,constant_a020,0.11827789185185185
0.006833868888888903,0.006833868888888887,0.006833868888888891,,inf,0.0,0.0,1.0,0.01222494117647059,0.14384626470588235,136,200,0,monthly_beme_inv,monthly size/profit/invest,adversarial_support_mismatch,17,test,iid,constant_a021,0.11827789185185185
0.028866066290470747,0.02482915694033418,0.03270872242574399,-0.00733,inf,2.0,1.0048309178743962,0.9852941176470589,0.017123066176470587,0.1353010882352941,136,37,1,monthly_beme_inv,monthly size/profit/invest,adversarial_support_mismatch,17,test,iid,constant_a022,0.11827789185185185
0.006645784670518786,0.00542674647532443,0.007726038952353889,0.056649000000000005,0.056649000000000005,4.0,1.0048309178743962,0.9705882352941176,0.008874250000000002,0.14966720588235294,136,2,1,monthly_beme_inv,monthly size/profit/invest,adversarial_support_mismatch,17,test,iid,constant_a023,0.11827789185185185
-0.026098622170277776,-0.03539600712692285,-0.016657823317795004,0.101518,0.101518,18.000000000000018,1.0048309178743962,0.8676470588235292,0.009983330882352941,0.15231129411764704,136,0,3,monthly_beme_inv,monthly size/profit/invest,adversarial_support_mismatch,17,test,iid,constant_a024,0.11827789185185185
0.006833868888888903,0.006833868888888887,0.006833868888888891,,inf,0.0,0.0,1.0,0.010791123823529411,0.10181459294117648,136,200,0,monthly_beme_inv,monthly size/profit/invest,adversarial_support_mismatch,17,test,iid,constant_equal_weight_public,0.11827789185185185
-0.001246614753718486,-0.005787676087322496,0.0035736946818812447,,inf,0.0,0.0,1.0,0.014479683823529411,0.10938723529411763,136,200,0,monthly_beme_inv,monthly size/profit/invest,adversarial_support_mismatch,17,test,iid,momentum_12,0.11827789185185185
0.019659948489915428,0.014805976836208738,0.024640876077781756,0.037108,inf,1.0,1.0048309178743962,0.9926470588235294,0.00839615323529412,0.10006255882352941,136,79,0,monthly_beme_inv,monthly size/profit/invest,adversarial_support_mismatch,17,test,iid,low_vol_12,0.11827789185185185
0.00829930313851751,0.0044041537644420176,0.012912204924012252,,inf,0.0,0.0,1.0,0.009734536764705884,0.10477579411764705,136,200,0,monthly_beme_inv,monthly size/profit/invest,adversarial_support_mismatch,17,test,iid,risk_adjusted_12,0.11827789185185185
0.12008760034222823,0.11072113242113708,0.13267697262110031,0.058054,inf,3.0,1.0048309178743962,0.9779411764705882,0.007690411764705882,0.12950647058823528,136,11,1,monthly_beme_inv,monthly size/profit/invest,adversarial_support_mismatch,17,test,iid,ridge_return_train_only,0.11827789185185185
0.005120318073970571,-0.001530464313932535,0.013460418566271415,-0.004935,inf,1.0,1.0048309178743962,0.9926470588235294,0.012615316176470588,0.0930109705882353,136,68,0,monthly_beme_inv,monthly size/profit/invest,adversarial_support_mismatch,17,test,block,constant_a000,0.11827789185185185
0.04668978879807891,0.040930929835942736,0.053147427605160544,0.057501,inf,4.0,1.0048309178743962,0.9705882352941176,0.013102345588235295,0.08792349999999999,136,28,1,monthly_beme_inv,monthly size/profit/invest,adversarial_support_mismatch,17,test,block,constant_a001,0.11827789185185185
0.006833868888888903,0.006833868888888887,0.006833868888888892,,inf,0.0,0.0,1.0,0.012018411764705882,0.09237323529411764,136,200,0,monthly_beme_inv,monthly size/profit/invest,adversarial_support_mismatch,17,test,block,constant_a002,0.11827789185185185
0.007144955018155425,0.006107514754317829,0.008312156337880081,0.05239099999999999,0.05239099999999999,10.000000000000005,1.0048309178743962,0.926470588235294,0.012507904411764706,0.08533364705882353,136,2,3,monthly_beme_inv,monthly size/profit/invest,adversarial_support_mismatch,17,test,block,constant_a003,0.11827789185185185
-0.014077172659017903,-0.021618730555833406,-0.006633516516716703,0.108618,0.10861800000000002,11.000000000000009,1.0048309178743962,0.9191176470588235,0.016923816176470586,0.12503776470588232,136,1,3,monthly_beme_inv,monthly size/profit/invest,adversarial_support_mismatch,17,test,block,constant_a004,0.11827789185185185
0.006488959822550607,0.0036863542889394095,0.008254788671908054,0.08790045454545456,0.088229,22.000000000000018,1.0048309178743962,0.838235294117647,0.008262551470588235,0.08173532352941176,136,0,3,monthly_beme_inv,monthly size/profit/invest,adversarial_support_mismatch,17,test,block,constant_a005,0.11827789185185185
0.006509206032648178,0.005859880320166714,0.006833868888888891,0.037108,inf,1.0,1.0048309178743962,0.9926470588235294,0.010530345588235294,0.08785285294117647,136,77,0,monthly_beme_inv,monthly size/profit/invest,adversarial_support_mismatch,17,test,block,constant_a006,0.11827789185185185
0.07223221914117302,0.06540323244168139,0.07868789285610013,-0.003331,-0.003331,5.0,1.0048309178743962,0.9632352941176471,0.009129316176470588,0.08401394117647058,136,5,2,monthly_beme_inv,monthly size/profit/invest,adversarial_support_mismatch,17,test,block,constant_a007,0.11827789185185185
0.006658150050835163,0.00613099353667393,0.006833868888888891,0.016949000000000002,inf,1.0,1.0048309178743962,0.9926470588235294,0.00976945588235294,0.09247982352941177,136,70,0,monthly_beme_inv,monthly size/profit/invest,adversarial_support_mismatch,17,test,block,constant_a008,0.11827789185185185
0.006833868888888903,0.006833868888888887,0.006833868888888892,,inf,0.0,0.0,1.0,0.011968948529411766,0.10100061764705882,136,200,0,monthly_beme_inv,monthly size/profit/invest,adversarial_support_mismatch,17,test,block,constant_a009,0.11827789185185185
0.0065691525048151445,0.00592092629244419,0.007124847248555461,0.019803,0.019803,5.0,1.0048309178743962,0.9632352941176471,0.008373220588235294,0.12336,136,3,2,monthly_beme_inv,monthly size/profit/invest,adversarial_support_mismatch,17,test,block,constant_a010,0.11827789185185185
0.00721868800037891,0.006048976769820971,0.008303394050961446,0.087073,0.087073,6.000000000000001,1.0048309178743962,0.9558823529411764,0.011226360294117646,0.10341623529411764,136,1,2,monthly_beme_inv,monthly size/profit/invest,adversarial_support_mismatch,17,test,block,constant_a011,0.11827789185185185
0.006833868888888903,0.006833868888888887,0.006833868888888892,,inf,0.0,0.0,1.0,0.008645838235294119,0.10809861764705882,136,200,0,monthly_beme_inv,monthly size/profit/invest,adversarial_support_mismatch,17,test,block,constant_a012,0.11827789185185185
0.007093939259890765,0.006220505730163241,0.008607539386189262,0.046452,inf,4.0,1.0048309178743962,0.9705882352941176,0.010076757352941175,0.10753394117647058,136,18,1,monthly_beme_inv,monthly size/profit/invest,adversarial_support_mismatch,17,test,block,constant_a013,0.11827789185185185
0.09022572982105125,0.06659240565051969,0.11546966657792389,0.12928,0.12928,9.000000000000004,1.0048309178743962,0.9338235294117647,0.008284867647058825,0.11493285294117647,136,0,2,monthly_beme_inv,monthly size/profit/invest,adversarial_support_mismatch,17,test,block,constant_a014,0.11827789185185185
0.005589009346720978,0.002557782675475989,0.007916701373117365,0.07187400000000001,0.07187400000000001,8.000000000000002,1.0048309178743962,0.9411764705882353,0.008826257352941177,0.12884785294117648,136,3,2,monthly_beme_inv,monthly size/profit/invest,adversarial_support_mismatch,17,test,block,constant_a015,0.11827789185185185
0.006500771314451719,0.005751306355277698,0.006969622544567586,0.043795,inf,4.0,1.0048309178743962,0.9705882352941176,0.008927345588235295,0.1193340588235294,136,21,1,monthly_beme_inv,monthly size/profit/invest,adversarial_support_mismatch,17,test,block,constant_a016,0.11827789185185185
0.009746789901802926,0.006833868888888889,0.014987930749076459,-0.025472,inf,5.0,1.0048309178743962,0.9632352941176471,0.011229257352941177,0.11723499999999999,136,16,2,monthly_beme_inv,monthly size/profit/invest,adversarial_support_mismatch,17,test,block,constant_a017,0.11827789185185185
0.006699254005872894,0.00619989833917464,0.007016239280730007,0.021504,inf,3.0,1.0048309178743962,0.9779411764705882,0.008399514705882353,0.11210208823529413,136,44,1,monthly_beme_inv,monthly size/profit/invest,adversarial_support_mismatch,17,test,block,constant_a018,0.11827789185185185
0.006976410984812622,0.005034058179091283,0.008612468787850085,0.10039800000000002,inf,4.0,1.0048309178743962,0.9705882352941176,0.00865529411764706,0.12635044117647057,136,11,1,monthly_beme_inv,monthly size/profit/invest,adversarial_support_mismatch,17,test,block,constant_a019,0.11827789185185185
0.004339820772946858,-0.0015283721526001682,0.008372738824508225,0.285883,0.285883,9.000000000000004,1.0048309178743962,0.9338235294117647,0.012099382352941175,0.14358485294117646,136,1,2,monthly_beme_inv,monthly size/profit/invest,adversarial_support_mismatch,17,test,block,constant_a020,0.11827789185185185
0.006833868888888903,0.006833868888888887,0.006833868888888892,,inf,0.0,0.0,1.0,0.01222494117647059,0.14384626470588235,136,200,0,monthly_beme_inv,monthly size/profit/invest,adversarial_support_mismatch,17,test,block,constant_a021,0.11827789185185185
0.028866066290470747,0.022825095367302886,0.03444454366065487,-0.00733,inf,2.0,1.0048309178743962,0.9852941176470589,0.017123066176470587,0.1353010882352941,136,60,1,monthly_beme_inv,monthly size/profit/invest,adversarial_support_mismatch,17,test,block,constant_a022,0.11827789185185185
0.006645784670518786,0.004906279311452117,0.00782567403991033,0.056649000000000005,0.056649000000000005,4.0,1.0048309178743962,0.9705882352941176,0.008874250000000002,0.14966720588235294,136,2,1,monthly_beme_inv,monthly size/profit/invest,adversarial_support_mismatch,17,test,block,constant_a023,0.11827789185185185
-0.026098622170277776,-0.03437482404166103,-0.018137939059577873,0.101518,0.101518,18.000000000000018,1.0048309178743962,0.8676470588235292,0.009983330882352941,0.15231129411764704,136,0,3,monthly_beme_inv,monthly size/profit/invest,adversarial_support_mismatch,17,test,block,constant_a024,0.11827789185185185
0.006833868888888903,0.006833868888888887,0.006833868888888892,,inf,0.0,0.0,1.0,0.010791123823529411,0.10181459294117648,136,200,0,monthly_beme_inv,monthly size/profit/invest,adversarial_support_mismatch,17,test,block,constant_equal_weight_public,0.11827789185185185
-0.001246614753718486,-0.0063577114601210995,0.004184760632937151,,inf,0.0,0.0,1.0,0.014479683823529411,0.10938723529411763,136,200,0,monthly_beme_inv,monthly size/profit/invest,adversarial_support_mismatch,17,test,block,momentum_12,0.11827789185185185
0.019659948489915428,0.013531885736744912,0.026830440192907645,0.037108,inf,1.0,1.0048309178743962,0.9926470588235294,0.00839615323529412,0.10006255882352941,136,77,0,monthly_beme_inv,monthly size/profit/invest,adversarial_support_mismatch,17,test,block,low_vol_12,0.11827789185185185
0.00829930313851751,0.004002296166620249,0.013046690403940901,,inf,0.0,0.0,1.0,0.009734536764705884,0.10477579411764705,136,200,0,monthly_beme_inv,monthly size/profit/invest,adversarial_support_mismatch,17,test,block,risk_adjusted_12,0.11827789185185185
0.12008760034222823,0.10272009539337904,0.13816022214751303,0.058054,inf,3.0,1.0048309178743962,0.9779411764705882,0.007690411764705882,0.12950647058823528,136,14,1,monthly_beme_inv,monthly size/profit/invest,adversarial_support_mismatch,17,test,block,ridge_return_train_only,0.11827789185185185
0.010650311839860769,0.0064092298170556755,0.014982997539594584,-0.053695000000000014,inf,1.0,1.0048309178743962,0.9907407407407407,0.012389592592592593,0.1084932962962963,108,70,0,monthly_beme_inv,monthly size/profit/invest,adversarial_support_mismatch,27,calibration,iid,constant_a000,0.11827789185185185
0.05326794364411881,0.0447440338731293,0.06111459652283579,0.058684,0.05868400000000001,17.000000000000018,1.0048309178743962,0.8425925925925924,0.005986157407407407,0.10714711111111111,108,0,3,monthly_beme_inv,monthly size/profit/invest,adversarial_support_mismatch,27,calibration,iid,constant_a001,0.11827789185185185
0.006708397512574289,0.006417180668217327,0.0069055702795570596,0.003184,0.003184,5.0,1.0048309178743962,0.9537037037037037,0.008702425925925926,0.0971386296296296,108,0,2,monthly_beme_inv,monthly size/profit/invest,adversarial_support_mismatch,27,calibration,iid,constant_a002,0.11827789185185185
0.0068789648730641405,0.006046323878809563,0.007889993312021623,0.020494,0.020494,10.000000000000005,1.0048309178743962,0.9074074074074073,0.007643314814814815,0.09719577777777777,108,0,3,monthly_beme_inv,monthly size/profit/invest,adversarial_support_mismatch,27,calibration,iid,constant_a003,0.11827789185185185
-0.0038598288011223426,-0.009330833364302401,0.0031251506175046834,0.036732,0.036732,5.0,1.0048309178743962,0.9537037037037037,0.009480231481481482,0.11743285185185184,108,1,2,monthly_beme_inv,monthly size/profit/invest,adversarial_support_mismatch,27,calibration,iid,constant_a004,0.11827789185185185
0.006916681428997423,0.005853409751694792,0.00830561848217729,0.020655,0.020655,3.0,1.0048309178743962,0.9722222222222222,0.011261194444444447,0.1134698888888889,108,5,1,monthly_beme_inv,monthly size/profit/invest,adversarial_support_mismatch,27,calibration,iid,constant_a005,0.11827789185185185
0.00755137411184667,0.006848257777777771,0.00866690089421681,-0.038405,inf,2.0,1.0048309178743962,0.9814814814814815,0.008031666666666666,0.08997851851851851,108,35,1,monthly_beme_inv,monthly size/profit/invest,adversarial_support_mismatch,27,calibration,iid,constant_a006,0.11827789185185185
0.07912279994511143,0.07216094103009692,0.08702584873232852,,inf,0.0,0.0,1.0,0.010627296296296298,0.10327848148148148,108,200,0,monthly_beme_inv,monthly size/profit/invest,adversarial_support_mismatch,27,calibration,iid,constant_a007,0.11827789185185185
0.006848257777777765,0.006848257777777768,0.006848257777777775,,inf,0.0,0.0,1.0,0.0056105277777777785,0.11024014814814816,108,200,0,monthly_beme_inv,monthly size/profit/invest,adversarial_support_mismatch,27,calibration,iid,constant_a008,0.11827789185185185
0.8151469573662533,0.00684825777777777,2.4317443565432173,-0.023636,inf,1.0,5200.0,0.9907407407407407,0.010969518518518519,0.13062,108,77,0,monthly_beme_inv,monthly size/profit/invest,adversarial_support_mismatch,27,calibration,iid,constant_a009,0.11827789185185185
0.006848257777777765,0.006848257777777768,0.006848257777777775,,inf,0.0,0.0,1.0,0.008336898148148149,0.13666044444444442,108,200,0,monthly_beme_inv,monthly size/profit/invest,adversarial_support_mismatch,27,calibration,iid,constant_a010,0.11827789185185185
0.0074423337476391994,0.00684825777777777,0.008630485687362074,-0.0707,inf,1.0,1.0048309178743962,0.9907407407407407,0.009281564814814814,0.0990418148148148,108,77,0,monthly_beme_inv,monthly size/profit/invest,adversarial_support_mismatch,27,calibration,iid,constant_a011,0.11827789185185185
0.006848257777777765,0.006848257777777768,0.006848257777777775,,inf,0.0,0.0,1.0,0.01044275925925926,0.11443203703703704,108,200,0,monthly_beme_inv,monthly size/profit/invest,adversarial_support_mismatch,27,calibration,iid,constant_a012,0.11827789185185185
3.0561543647736706,0.00684825777777777,9.15476657876542,-0.07017999999999999,inf,1.0,5200.0,0.9907407407407407,0.009317546296296296,0.12716503703703705,108,85,0,monthly_beme_inv,monthly size/profit/invest,adversarial_support_mismatch,27,calibration,iid,constant_a013,0.11827789185185185
0.09463255061423881,0.07411578554492926,0.11760712829614195,0.21023399999999998,0.210234,9.000000000000004,1.0048309178743962,0.9166666666666666,0.002895814814814816,0.14171644444444445,108,0,2,monthly_beme_inv,monthly size/profit/invest,adversarial_support_mismatch,27,calibration,iid,constant_a014,0.11827789185185185
0.006848257777777765,0.006848257777777768,0.006848257777777775,,inf,0.0,0.0,1.0,0.00806975925925926,0.15166288888888887,108,200,0,monthly_beme_inv,monthly size/profit/invest,adversarial_support_mismatch,27,calibration,iid,constant_a015,0.11827789185185185
0.005611754821574115,0.003649799354684798,0.007064774753583425,0.067429,0.067429,5.0,1.0048309178743962,0.9537037037037037,0.007727046296296298,0.13265266666666667,108,2,2,monthly_beme_inv,monthly size/profit/invest,adversarial_support_mismatch,27,calibration,iid,constant_a016,0.11827789185185185
0.007158773646647171,0.005934045034492352,0.009004533996540815,0.03703,inf,2.0,1.0048309178743962,0.9814814814814815,0.006241351851851851,0.15278481481481482,108,24,1,monthly_beme_inv,monthly size/profit/invest,adversarial_support_mismatch,27,calibration,iid,constant_a017,0.11827789185185185
0.006743472975885161,-0.005603417660642937,0.019664539505536673,0.32784399999999997,0.32784399999999997,13.000000000000014,1.0048309178743962,0.8796296296296295,0.005075231481481484,0.2541734074074074,108,0,3,monthly_beme_inv,monthly size/profit/invest,adversarial_support_mismatch,27,calibration,iid,constant_a018,0.11827789185185185
0.006234822313671683,0.005231286759308955,0.006848257777777773,0.03508,inf,2.0,1.0048309178743962,0.9814814814814815,0.0042173333333333325,0.147348,108,29,1,monthly_beme_inv,monthly size/profit/invest,adversarial_support_mismatch,27,calibration,iid,constant_a019,0.11827789185185185
0.006848257777777765,0.006848257777777768,0.006848257777777775,,inf,0.0,0.0,1.0,0.008245074074074075,0.13999414814814815,108,200,0,monthly_beme_inv,monthly size/profit/invest,adversarial_support_mismatch,27,calibration,iid,constant_a020,0.11827789185185185
1.96961476906305,0.004424882743881828,5.89598087509353,-0.04640013491603931,0.060611000000000005,1.0023199602727813,5200.0,0.9907192596271038,0.006383953703703705,0.15362255555555557,108,0,0,monthly_beme_inv,monthly size/profit/invest,adversarial_support_mismatch,27,calibration,iid,constant_a021,0.11827789185185185
0.040046742648978326,0.034339234705920034,0.04643881262524487,,inf,0.0,0.0,1.0,0.007549240740740741,0.166953037037037,108,200,0,monthly_beme_inv,monthly size/profit/invest,adversarial_support_mismatch,27,calibration,iid,constant_a022,0.11827789185185185
0.006951501756227496,0.00684825777777777,0.00715798971312697,-0.017945,inf,1.0,1.0048309178743962,0.9907407407407407,0.010377666666666665,0.1526464814814815,108,64,0,monthly_beme_inv,monthly size/profit/invest,adversarial_support_mismatch,27,calibration,iid,constant_a023,0.11827789185185185
-0.01963149786174168,-0.03437689601562876,-0.006573084843607216,0.1327577391304348,0.13322900000000001,23.00000000000002,1.0048309178743962,0.7870370370370369,0.003429722222222222,0.15112655555555557,108,0,3,monthly_beme_inv,monthly size/profit/invest,adversarial_support_mismatch,27,calibration,iid,constant_a024,0.11827789185185185
0.006848257777777765,0.006848257777777768,0.006848257777777775,,inf,0.0,0.0,1.0,0.007931715555555555,0.11827789185185185,108,200,0,monthly_beme_inv,monthly size/profit/invest,adversarial_support_mismatch,27,calibration,iid,constant_equal_weight_public,0.11827789185185185
0.010215471609158124,0.007690072829481879,0.013006525343944813,,inf,0.0,0.0,1.0,0.00639925,0.11877474074074072,108,200,0,monthly_beme_inv,monthly size/profit/invest,adversarial_support_mismatch,27,calibration,iid,momentum_12,0.11827789185185185
0.017452018399266498,0.011184788336514283,0.02341208616167685,0.058684,0.05868400000000001,5.0,1.0048309178743962,0.9537037037037037,0.005811675925925926,0.12731337037037035,108,3,2,monthly_beme_inv,monthly size/profit/invest,adversarial_support_mismatch,27,calibration,iid,low_vol_12,0.11827789185185185
0.0069076727832250474,0.0048907857595642925,0.009122592103917321,,inf,0.0,0.0,1.0,0.010428287037037036,0.13604655555555556,108,200,0,monthly_beme_inv,monthly size/profit/invest,adversarial_support_mismatch,27,calibration,iid,risk_adjusted_12,0.11827789185185185
0.12439332493469382,0.10760238808213105,0.14276897103103922,0.21023399999999998,0.210234,8.000000000000002,1.0048309178743962,0.9259259259259259,0.006156305555555556,0.14044044444444442,108,0,2,monthly_beme_inv,monthly size/profit/invest,adversarial_support_mismatch,27,calibration,iid,ridge_return_train_only,0.11827789185185185
0.010650311839860769,0.005422819969218927,0.016936495138877284,-0.053695000000000014,inf,1.0,1.0048309178743962,0.9907407407407407,0.012389592592592593,0.1084932962962963,108,61,0,monthly_beme_inv,monthly size/profit/invest,adversarial_support_mismatch,27,calibration,block,constant_a000,0.11827789185185185
0.05326794364411881,0.04143571501500049,0.06608625545454748,0.058684,0.058684,17.000000000000018,1.0048309178743962,0.8425925925925924,0.005986157407407407,0.10714711111111111,108,0,3,monthly_beme_inv,monthly size/profit/invest,adversarial_support_mismatch,27,calibration,block,constant_a001,0.11827789185185185
0.006708397512574289,0.006345566625077034,0.0069833421188445505,0.003184,0.003184,5.0,1.0048309178743962,0.9537037037037037,0.008702425925925926,0.0971386296296296,108,9,2,monthly_beme_inv,monthly size/profit/invest,adversarial_support_mismatch,27,calibration,block,constant_a002,0.11827789185185185
0.0068789648730641405,0.005883512377089915,0.007722205041967348,0.020494,0.020494,10.000000000000005,1.0048309178743962,0.9074074074074073,0.007643314814814815,0.09719577777777777,108,2,3,monthly_beme_inv,monthly size/profit/invest,adversarial_support_mismatch,27,calibration,block,constant_a003,0.11827789185185185
-0.0038598288011223426,-0.012061153166995393,0.005497996419014963,0.036732,inf,5.0,1.0048309178743962,0.9537037037037037,0.009480231481481482,0.11743285185185184,108,26,2,monthly_beme_inv,monthly size/profit/invest,adversarial_support_mismatch,27,calibration,block,constant_a004,0.11827789185185185
0.006916681428997423,0.005847730303652008,0.008035731292260586,0.020655,inf,3.0,1.0048309178743962,0.9722222222222222,0.011261194444444447,0.1134698888888889,108,26,1,monthly_beme_inv,monthly size/profit/invest,adversarial_support_mismatch,27,calibration,block,constant_a005,0.11827789185185185
0.00755137411184667,0.00684825777777777,0.00849364875060137,-0.038405,inf,2.0,1.0048309178743962,0.9814814814814815,0.008031666666666666,0.08997851851851851,108,31,1,monthly_beme_inv,monthly size/profit/invest,adversarial_support_mismatch,27,calibration,block,constant_a006,0.11827789185185185
0.07912279994511143,0.06615613995345164,0.09033641748122012,,inf,0.0,0.0,1.0,0.010627296296296298,0.10327848148148148,108,200,0,monthly_beme_inv,monthly size/profit/invest,adversarial_support_mismatch,27,calibration,block,constant_a007,0.11827789185185185
0.006848257777777765,0.0068482577777777675,0.006848257777777777,,inf,0.0,0.0,1.0,0.0056105277777777785,0.11024014814814816,108,200,0,monthly_beme_inv,monthly size/profit/invest,adversarial_support_mismatch,27,calibration,block,constant_a008,0.11827789185185185
0.8151469573662533,0.006848257777777768,2.4317443565432164,-0.023636,inf,1.0,5200.0,0.9907407407407407,0.010969518518518519,0.13062,108,69,0,monthly_beme_inv,monthly size/profit/invest,adversarial_support_mismatch,27,calibration,block,constant_a009,0.11827789185185185
0.006848257777777765,0.0068482577777777675,0.006848257777777777,,inf,0.0,0.0,1.0,0.008336898148148149,0.13666044444444442,108,200,0,monthly_beme_inv,monthly size/profit/invest,adversarial_support_mismatch,27,calibration,block,constant_a010,0.11827789185185185
0.0074423337476391994,0.006848257777777768,0.008630485687362074,-0.0707,inf,1.0,1.0048309178743962,0.9907407407407407,0.009281564814814814,0.0990418148148148,108,78,0,monthly_beme_inv,monthly size/profit/invest,adversarial_support_mismatch,27,calibration,block,constant_a011,0.11827789185185185
0.006848257777777765,0.0068482577777777675,0.006848257777777777,,inf,0.0,0.0,1.0,0.01044275925925926,0.11443203703703704,108,200,0,monthly_beme_inv,monthly size/profit/invest,adversarial_support_mismatch,27,calibration,block,constant_a012,0.11827789185185185
3.0561543647736706,0.006848257777777768,9.154766578765425,-0.07017999999999999,inf,1.0,5200.0,0.9907407407407407,0.009317546296296296,0.12716503703703705,108,80,0,monthly_beme_inv,monthly size/profit/invest,adversarial_support_mismatch,27,calibration,block,constant_a013,0.11827789185185185
0.09463255061423881,0.06171115453051637,0.12591230074285625,0.21023399999999998,0.210234,9.000000000000004,1.0048309178743962,0.9166666666666666,0.002895814814814816,0.14171644444444445,108,2,2,monthly_beme_inv,monthly size/profit/invest,adversarial_support_mismatch,27,calibration,block,constant_a014,0.11827789185185185
0.006848257777777765,0.0068482577777777675,0.006848257777777777,,inf,0.0,0.0,1.0,0.00806975925925926,0.15166288888888887,108,200,0,monthly_beme_inv,monthly size/profit/invest,adversarial_support_mismatch,27,calibration,block,constant_a015,0.11827789185185185
0.005611754821574115,0.003343777396711796,0.007360256359833796,0.067429,inf,5.0,1.0048309178743962,0.9537037037037037,0.007727046296296298,0.13265266666666667,108,15,2,monthly_beme_inv,monthly size/profit/invest,adversarial_support_mismatch,27,calibration,block,constant_a016,0.11827789185185185
0.007158773646647171,0.006440014907059495,0.008291094978628651,0.03703,inf,2.0,1.0048309178743962,0.9814814814814815,0.006241351851851851,0.15278481481481482,108,43,1,monthly_beme_inv,monthly size/profit/invest,adversarial_support_mismatch,27,calibration,block,constant_a017,0.11827789185185185
0.006743472975885161,-0.004201332381463599,0.019392090126001474,0.32784399999999997,0.32784399999999997,13.000000000000014,1.0048309178743962,0.8796296296296295,0.005075231481481484,0.2541734074074074,108,1,3,monthly_beme_inv,monthly size/profit/invest,adversarial_support_mismatch,27,calibration,block,constant_a018,0.11827789185185185
0.006234822313671683,0.005007951385459529,0.006848257777777775,0.03508,inf,2.0,1.0048309178743962,0.9814814814814815,0.0042173333333333325,0.147348,108,41,1,monthly_beme_inv,monthly size/profit/invest,adversarial_support_mismatch,27,calibration,block,constant_a019,0.11827789185185185
0.006848257777777765,0.0068482577777777675,0.006848257777777777,,inf,0.0,0.0,1.0,0.008245074074074075,0.13999414814814815,108,200,0,monthly_beme_inv,monthly size/profit/invest,adversarial_support_mismatch,27,calibration,block,constant_a020,0.11827789185185185
1.96961476906305,0.0052893761659609136,5.947076332621781,-0.04640013491603931,0.060611,1.0023199602727813,5200.0,0.9907192596271038,0.006383953703703705,0.15362255555555557,108,0,0,monthly_beme_inv,monthly size/profit/invest,adversarial_support_mismatch,27,calibration,block,constant_a021,0.11827789185185185
0.040046742648978326,0.032062120444432955,0.04733168277167872,,inf,0.0,0.0,1.0,0.007549240740740741,0.166953037037037,108,200,0,monthly_beme_inv,monthly size/profit/invest,adversarial_support_mismatch,27,calibration,block,constant_a022,0.11827789185185185
0.006951501756227496,0.006848257777777768,0.007261233691576698,-0.017945,inf,1.0,1.0048309178743962,0.9907407407407407,0.010377666666666665,0.1526464814814815,108,72,0,monthly_beme_inv,monthly size/profit/invest,adversarial_support_mismatch,27,calibration,block,constant_a023,0.11827789185185185
-0.01963149786174168,-0.03853271200124063,-0.005023995499032769,0.1327577391304348,0.13322900000000001,23.00000000000002,1.0048309178743962,0.7870370370370369,0.003429722222222222,0.15112655555555557,108,0,3,monthly_beme_inv,monthly size/profit/invest,adversarial_support_mismatch,27,calibration,block,constant_a024,0.11827789185185185
0.006848257777777765,0.0068482577777777675,0.006848257777777777,,inf,0.0,0.0,1.0,0.007931715555555555,0.11827789185185185,108,200,0,monthly_beme_inv,monthly size/profit/invest,adversarial_support_mismatch,27,calibration,block,constant_equal_weight_public,0.11827789185185185
0.010215471609158124,0.007398812936761423,0.013549906625686711,,inf,0.0,0.0,1.0,0.00639925,0.11877474074074072,108,200,0,monthly_beme_inv,monthly size/profit/invest,adversarial_support_mismatch,27,calibration,block,momentum_12,0.11827789185185185
0.017452018399266498,0.010436721273811664,0.026530002056636633,0.058684,0.05868400000000001,5.0,1.0048309178743962,0.9537037037037037,0.005811675925925926,0.12731337037037035,108,7,2,monthly_beme_inv,monthly size/profit/invest,adversarial_support_mismatch,27,calibration,block,low_vol_12,0.11827789185185185
0.0069076727832250474,0.004645566675267553,0.009340640110432284,,inf,0.0,0.0,1.0,0.010428287037037036,0.13604655555555556,108,200,0,monthly_beme_inv,monthly size/profit/invest,adversarial_support_mismatch,27,calibration,block,risk_adjusted_12,0.11827789185185185
0.12439332493469382,0.09816945440859948,0.1472219082624959,0.21023399999999998,0.210234,8.000000000000002,1.0048309178743962,0.9259259259259259,0.006156305555555556,0.14044044444444442,108,1,2,monthly_beme_inv,monthly size/profit/invest,adversarial_support_mismatch,27,calibration,block,ridge_return_train_only,0.11827789185185185
0.0020590315458853597,-0.003575577090158531,0.008205602508574166,-0.004935,inf,1.0,1.0048309178743962,0.9926470588235294,0.012615316176470588,0.0930109705882353,136,81,0,monthly_beme_inv,monthly size/profit/invest,adversarial_support_mismatch,27,test,iid,constant_a000,0.11827789185185185
0.04668978879807891,0.04189183365142176,0.0519601516942895,0.057501,0.057501000000000003,4.0,1.0048309178743962,0.9705882352941176,0.013102345588235295,0.08792349999999999,136,0,1,monthly_beme_inv,monthly size/profit/invest,adversarial_support_mismatch,27,test,iid,constant_a001,0.11827789185185185
0.006848257777777762,0.0068482577777777736,0.006848257777777777,,inf,0.0,0.0,1.0,0.012018411764705882,0.09237323529411764,136,200,0,monthly_beme_inv,monthly size/profit/invest,adversarial_support_mismatch,27,test,iid,constant_a002,0.11827789185185185
0.0071582807893656505,0.005647959882794984,0.009093865362697733,0.05239099999999999,0.05239099999999999,10.000000000000005,1.0048309178743962,0.926470588235294,0.012507904411764706,0.08533364705882353,136,0,3,monthly_beme_inv,monthly size/profit/invest,adversarial_support_mismatch,27,test,iid,constant_a003,0.11827789185185185
-0.013987839728288657,-0.02139432385925273,-0.005545910268861522,0.108618,0.10861800000000002,11.000000000000009,1.0048309178743962,0.9191176470588235,0.016923816176470586,0.12503776470588232,136,0,3,monthly_beme_inv,monthly size/profit/invest,adversarial_support_mismatch,27,test,iid,constant_a004,0.11827789185185185
0.006501009852546482,0.0035082531317609167,0.008671695540778629,0.08790045454545456,0.088229,22.000000000000018,1.0048309178743962,0.838235294117647,0.008262551470588235,0.08173532352941176,136,0,3,monthly_beme_inv,monthly size/profit/invest,adversarial_support_mismatch,27,test,iid,constant_a005,0.11827789185185185
0.006523488609769174,0.005549181105743425,0.006848257777777776,0.037108,inf,1.0,1.0048309178743962,0.9926470588235294,0.010530345588235294,0.08785285294117647,136,84,0,monthly_beme_inv,monthly size/profit/invest,adversarial_support_mismatch,27,test,iid,constant_a006,0.11827789185185185
0.07223221914117302,0.06706962321806328,0.07812177948519801,-0.003331,-0.003331,5.0,1.0048309178743962,0.9632352941176471,0.009129316176470588,0.08401394117647058,136,2,2,monthly_beme_inv,monthly size/profit/invest,adversarial_support_mismatch,27,test,iid,constant_a007,0.11827789185185185
0.006672432627956159,0.0061449571784913636,0.006848257777777776,0.016949000000000002,inf,1.0,1.0048309178743962,0.9926470588235294,0.00976945588235294,0.09247982352941177,136,63,0,monthly_beme_inv,monthly size/profit/invest,adversarial_support_mismatch,27,test,iid,constant_a008,0.11827789185185185
0.006848257777777762,0.0068482577777777736,0.006848257777777777,,inf,0.0,0.0,1.0,0.011968948529411766,0.10100061764705882,136,200,0,monthly_beme_inv,monthly size/profit/invest,adversarial_support_mismatch,27,test,iid,constant_a009,0.11827789185185185
0.006583009834864689,0.006072349565027941,0.007139128771178679,0.019803,0.019803,5.0,1.0048309178743962,0.9632352941176471,0.008373220588235294,0.12336,136,1,2,monthly_beme_inv,monthly size/profit/invest,adversarial_support_mismatch,27,test,iid,constant_a010,0.11827789185185185
0.007232439018660589,0.005098023630892612,0.008811516355088249,0.087073,0.087073,6.000000000000001,1.0048309178743962,0.9558823529411764,0.011226360294117646,0.10341623529411764,136,0,2,monthly_beme_inv,monthly size/profit/invest,adversarial_support_mismatch,27,test,iid,constant_a011,0.11827789185185185
0.006848257777777762,0.0068482577777777736,0.006848257777777777,,inf,0.0,0.0,1.0,0.008645838235294119,0.10809861764705882,136,200,0,monthly_beme_inv,monthly size/profit/invest,adversarial_support_mismatch,27,test,iid,constant_a012,0.11827789185185185
0.007107902901708173,0.0058768451054276765,0.008529812750213125,0.046452,0.046452,4.0,1.0048309178743962,0.9705882352941176,0.010076757352941175,0.10753394117647058,136,2,1,monthly_beme_inv,monthly size/profit/invest,adversarial_support_mismatch,27,test,iid,constant_a013,0.11827789185185185
0.09022572982105125,0.0753090728038071,0.10565689775121505,0.12928,0.12928,9.000000000000004,1.0048309178743962,0.9338235294117647,0.008284867647058825,0.11493285294117647,136,0,2,monthly_beme_inv,monthly size/profit/invest,adversarial_support_mismatch,27,test,iid,constant_a014,0.11827789185185185
0.005602547741466949,0.003346223106122318,0.0073908790847147235,0.07187400000000001,0.07187400000000001,8.000000000000002,1.0048309178743962,0.9411764705882353,0.008826257352941177,0.12884785294117648,136,0,2,monthly_beme_inv,monthly size/profit/invest,adversarial_support_mismatch,27,test,iid,constant_a015,0.11827789185185185
0.006514734956269128,0.005725611138328439,0.007173904155789206,0.043795,0.043795,4.0,1.0048309178743962,0.9705882352941176,0.008927345588235295,0.1193340588235294,136,2,1,monthly_beme_inv,monthly size/profit/invest,adversarial_support_mismatch,27,test,iid,constant_a016,0.11827789185185185
0.009760647231852469,0.007444362522181173,0.012847746404470959,-0.025472,-0.025472,5.0,1.0048309178743962,0.9632352941176471,0.011229257352941177,0.11723499999999999,136,1,2,monthly_beme_inv,monthly size/profit/invest,adversarial_support_mismatch,27,test,iid,constant_a017,0.11827789185185185
0.006713323959458165,0.0061789747391620105,0.007214649582393986,0.021504,inf,3.0,1.0048309178743962,0.9779411764705882,0.008399514705882353,0.11210208823529413,136,10,1,monthly_beme_inv,monthly size/profit/invest,adversarial_support_mismatch,27,test,iid,constant_a018,0.11827789185185185
0.0069903746266300245,0.004109911630008525,0.009484775084398971,0.10039800000000002,0.10039800000000002,4.0,1.0048309178743962,0.9705882352941176,0.00865529411764706,0.12635044117647057,136,2,1,monthly_beme_inv,monthly size/profit/invest,adversarial_support_mismatch,27,test,iid,constant_a019,0.11827789185185185
0.004353252855924966,-0.001286296581478327,0.007902597944744402,0.285883,0.285883,9.000000000000004,1.0048309178743962,0.9338235294117647,0.012099382352941175,0.14358485294117646,136,0,2,monthly_beme_inv,monthly size/profit/invest,adversarial_support_mismatch,27,test,iid,constant_a020,0.11827789185185185
0.006848257777777762,0.0068482577777777736,0.006848257777777777,,inf,0.0,0.0,1.0,0.01222494117647059,0.14384626470588235,136,200,0,monthly_beme_inv,monthly size/profit/invest,adversarial_support_mismatch,27,test,iid,constant_a021,0.11827789185185185
0.028397813743076653,0.02481961577776724,0.031947236668963624,-0.00733,inf,2.0,1.0048309178743962,0.9852941176470589,0.017123066176470587,0.1353010882352941,136,30,1,monthly_beme_inv,monthly size/profit/invest,adversarial_support_mismatch,27,test,iid,constant_a022,0.11827789185185185
0.00665974831233619,0.005251850541189097,0.008042528097628744,0.056649000000000005,0.056649000000000005,4.0,1.0048309178743962,0.9705882352941176,0.008874250000000002,0.14966720588235294,136,5,1,monthly_beme_inv,monthly size/profit/invest,adversarial_support_mismatch,27,test,iid,constant_a023,0.11827789185185185
-0.026098622170277776,-0.03681681386702931,-0.018117969303555477,0.101518,0.101518,18.000000000000018,1.0048309178743962,0.8676470588235292,0.009983330882352941,0.15231129411764704,136,0,3,monthly_beme_inv,monthly size/profit/invest,adversarial_support_mismatch,27,test,iid,constant_a024,0.11827789185185185
0.006848257777777762,0.0068482577777777736,0.006848257777777777,,inf,0.0,0.0,1.0,0.010791123823529411,0.10181459294117648,136,200,0,monthly_beme_inv,monthly size/profit/invest,adversarial_support_mismatch,27,test,iid,constant_equal_weight_public,0.11827789185185185
-0.0011005307354899883,-0.005483434825248811,0.0028138836087659726,,inf,0.0,0.0,1.0,0.014479683823529411,0.10938723529411763,136,200,0,monthly_beme_inv,monthly size/profit/invest,adversarial_support_mismatch,27,test,iid,momentum_12,0.11827789185185185
0.019504385522280836,0.014732895697313847,0.02567935455472793,0.037108,inf,1.0,1.0048309178743962,0.9926470588235294,0.00839615323529412,0.10006255882352941,136,84,0,monthly_beme_inv,monthly size/profit/invest,adversarial_support_mismatch,27,test,iid,low_vol_12,0.11827789185185185
0.008313255276559487,0.0044499579018668035,0.011811452486104542,,inf,0.0,0.0,1.0,0.009734536764705884,0.10477579411764705,136,200,0,monthly_beme_inv,monthly size/profit/invest,adversarial_support_mismatch,27,test,iid,risk_adjusted_12,0.11827789185185185
0.11902516852715117,0.10918654015332681,0.1295013128994267,0.058053999999999994,0.058054,4.0,1.0048309178743962,0.9705882352941176,0.007543301470588234,0.12950647058823528,136,3,1,monthly_beme_inv,monthly size/profit/invest,adversarial_support_mismatch,27,test,iid,ridge_return_train_only,0.11827789185185185
0.0020590315458853597,-0.004266625730749167,0.00878628844904517,-0.004935,inf,1.0,1.0048309178743962,0.9926470588235294,0.012615316176470588,0.0930109705882353,136,84,0,monthly_beme_inv,monthly size/profit/invest,adversarial_support_mismatch,27,test,block,constant_a000,0.11827789185185185
0.04668978879807891,0.03921911387874548,0.05288308194464375,0.057501,inf,4.0,1.0048309178743962,0.9705882352941176,0.013102345588235295,0.08792349999999999,136,25,1,monthly_beme_inv,monthly size/profit/invest,adversarial_support_mismatch,27,test,block,constant_a001,0.11827789185185185
0.006848257777777762,0.0068482577777777736,0.006848257777777778,,inf,0.0,0.0,1.0,0.012018411764705882,0.09237323529411764,136,200,0,monthly_beme_inv,monthly size/profit/invest,adversarial_support_mismatch,27,test,block,constant_a002,0.11827789185185185
0.0071582807893656505,0.006157664305579235,0.00832666074989738,0.05239099999999999,0.05239099999999999,10.000000000000005,1.0048309178743962,0.926470588235294,0.012507904411764706,0.08533364705882353,136,2,3,monthly_beme_inv,monthly size/profit/invest,adversarial_support_mismatch,27,test,block,constant_a003,0.11827789185185185
-0.013987839728288657,-0.021515847732393532,-0.006407353591299151,0.108618,0.10861800000000002,11.000000000000009,1.0048309178743962,0.9191176470588235,0.016923816176470586,0.12503776470588232,136,0,3,monthly_beme_inv,monthly size/profit/invest,adversarial_support_mismatch,27,test,block,constant_a004,0.11827789185185185
0.006501009852546482,0.004534473691642197,0.008791032085440935,0.08790045454545456,0.088229,22.000000000000018,1.0048309178743962,0.838235294117647,0.008262551470588235,0.08173532352941176,136,0,3,monthly_beme_inv,monthly size/profit/invest,adversarial_support_mismatch,27,test,block,constant_a005,0.11827789185185185
0.006523488609769174,0.005865831044551796,0.006848257777777776,0.037108,inf,1.0,1.0048309178743962,0.9926470588235294,0.010530345588235294,0.08785285294117647,136,83,0,monthly_beme_inv,monthly size/profit/invest,adversarial_support_mismatch,27,test,block,constant_a006,0.11827789185185185
0.07223221914117302,0.06532398778321069,0.07815859279770748,-0.003331,-0.003331,5.0,1.0048309178743962,0.9632352941176471,0.009129316176470588,0.08401394117647058,136,3,2,monthly_beme_inv,monthly size/profit/invest,adversarial_support_mismatch,27,test,block,constant_a007,0.11827789185185185
0.006672432627956159,0.006320782328312965,0.006848257777777776,0.016949000000000002,inf,1.0,1.0048309178743962,0.9926470588235294,0.00976945588235294,0.09247982352941177,136,67,0,monthly_beme_inv,monthly size/profit/invest,adversarial_support_mismatch,27,test,block,constant_a008,0.11827789185185185
0.006848257777777762,0.0068482577777777736,0.006848257777777778,,inf,0.0,0.0,1.0,0.011968948529411766,0.10100061764705882,136,200,0,monthly_beme_inv,monthly size/profit/invest,adversarial_support_mismatch,27,test,block,constant_a009,0.11827789185185185
0.006583009834864689,0.005947048722490604,0.007005628868744275,0.019803,0.019803,5.0,1.0048309178743962,0.9632352941176471,0.008373220588235294,0.12336,136,1,2,monthly_beme_inv,monthly size/profit/invest,adversarial_support_mismatch,27,test,block,constant_a010,0.11827789185185185
0.007232439018660589,0.005885897422752674,0.008566970585646172,0.087073,0.087073,6.000000000000001,1.0048309178743962,0.9558823529411764,0.011226360294117646,0.10341623529411764,136,2,2,monthly_beme_inv,monthly size/profit/invest,adversarial_support_mismatch,27,test,block,constant_a011,0.11827789185185185
0.006848257777777762,0.0068482577777777736,0.006848257777777778,,inf,0.0,0.0,1.0,0.008645838235294119,0.10809861764705882,136,200,0,monthly_beme_inv,monthly size/profit/invest,adversarial_support_mismatch,27,test,block,constant_a012,0.11827789185185185
0.007107902901708173,0.006270652068264339,0.008566101758264657,0.046452,inf,4.0,1.0048309178743962,0.9705882352941176,0.010076757352941175,0.10753394117647058,136,31,1,monthly_beme_inv,monthly size/profit/invest,adversarial_support_mismatch,27,test,block,constant_a013,0.11827789185185185
0.09022572982105125,0.06544945771883706,0.11370673458917555,0.12928,0.12928,9.000000000000004,1.0048309178743962,0.9338235294117647,0.008284867647058825,0.11493285294117647,136,0,2,monthly_beme_inv,monthly size/profit/invest,adversarial_support_mismatch,27,test,block,constant_a014,0.11827789185185185
0.005602547741466949,0.002832974558491995,0.007671319387262793,0.07187400000000001,0.07187400000000001,8.000000000000002,1.0048309178743962,0.9411764705882353,0.008826257352941177,0.12884785294117648,136,0,2,monthly_beme_inv,monthly size/profit/invest,adversarial_support_mismatch,27,test,block,constant_a015,0.11827789185185185
0.006514734956269128,0.0054805763314704275,0.006983026915474722,0.043795,inf,4.0,1.0048309178743962,0.9705882352941176,0.008927345588235295,0.1193340588235294,136,23,1,monthly_beme_inv,monthly size/profit/invest,adversarial_support_mismatch,27,test,block,constant_a016,0.11827789185185185
0.009760647231852469,0.006848257777777775,0.014191553934261619,-0.025472,inf,5.0,1.0048309178743962,0.9632352941176471,0.011229257352941177,0.11723499999999999,136,19,2,monthly_beme_inv,monthly size/profit/invest,adversarial_support_mismatch,27,test,block,constant_a017,0.11827789185185185
0.006713323959458165,0.0060782477747466125,0.0070305218578510294,0.021504,inf,3.0,1.0048309178743962,0.9779411764705882,0.008399514705882353,0.11210208823529413,136,33,1,monthly_beme_inv,monthly size/profit/invest,adversarial_support_mismatch,27,test,block,constant_a018,0.11827789185185185
0.0069903746266300245,0.005701396606295979,0.008776375917211324,0.10039800000000002,inf,4.0,1.0048309178743962,0.9705882352941176,0.00865529411764706,0.12635044117647057,136,11,1,monthly_beme_inv,monthly size/profit/invest,adversarial_support_mismatch,27,test,block,constant_a019,0.11827789185185185
0.004353252855924966,-0.00133441195440624,0.00837758127744624,0.285883,0.285883,9.000000000000004,1.0048309178743962,0.9338235294117647,0.012099382352941175,0.14358485294117646,136,0,2,monthly_beme_inv,monthly size/profit/invest,adversarial_support_mismatch,27,test,block,constant_a020,0.11827789185185185
0.006848257777777762,0.0068482577777777736,0.006848257777777778,,inf,0.0,0.0,1.0,0.01222494117647059,0.14384626470588235,136,200,0,monthly_beme_inv,monthly size/profit/invest,adversarial_support_mismatch,27,test,block,constant_a021,0.11827789185185185
0.028397813743076653,0.024078031703477623,0.03318857045815075,-0.00733,inf,2.0,1.0048309178743962,0.9852941176470589,0.017123066176470587,0.1353010882352941,136,50,1,monthly_beme_inv,monthly size/profit/invest,adversarial_support_mismatch,27,test,block,constant_a022,0.11827789185185185
0.00665974831233619,0.004836330151747654,0.007729188759811812,0.056649000000000005,0.056649000000000005,4.0,1.0048309178743962,0.9705882352941176,0.008874250000000002,0.14966720588235294,136,4,1,monthly_beme_inv,monthly size/profit/invest,adversarial_support_mismatch,27,test,block,constant_a023,0.11827789185185185
-0.026098622170277776,-0.033301826004083164,-0.016336832195382185,0.101518,0.101518,18.000000000000018,1.0048309178743962,0.8676470588235292,0.009983330882352941,0.15231129411764704,136,0,3,monthly_beme_inv,monthly size/profit/invest,adversarial_support_mismatch,27,test,block,constant_a024,0.11827789185185185
0.006848257777777762,0.0068482577777777736,0.006848257777777778,,inf,0.0,0.0,1.0,0.010791123823529411,0.10181459294117648,136,200,0,monthly_beme_inv,monthly size/profit/invest,adversarial_support_mismatch,27,test,block,constant_equal_weight_public,0.11827789185185185
-0.0011005307354899883,-0.006150684114918252,0.0032558510680764856,,inf,0.0,0.0,1.0,0.014479683823529411,0.10938723529411763,136,200,0,monthly_beme_inv,monthly size/profit/invest,adversarial_support_mismatch,27,test,block,momentum_12,0.11827789185185185
0.019504385522280836,0.013279023935043004,0.025628451437525006,0.037108,inf,1.0,1.0048309178743962,0.9926470588235294,0.00839615323529412,0.10006255882352941,136,83,0,monthly_beme_inv,monthly size/profit/invest,adversarial_support_mismatch,27,test,block,low_vol_12,0.11827789185185185
0.008313255276559487,0.00338851658187943,0.012752669079990848,,inf,0.0,0.0,1.0,0.009734536764705884,0.10477579411764705,136,200,0,monthly_beme_inv,monthly size/profit/invest,adversarial_support_mismatch,27,test,block,risk_adjusted_12,0.11827789185185185
0.11902516852715117,0.10275700986553529,0.13669236872406795,0.058053999999999994,0.058054,4.0,1.0048309178743962,0.9705882352941176,0.007543301470588234,0.12950647058823528,136,4,1,monthly_beme_inv,monthly size/profit/invest,adversarial_support_mismatch,27,test,block,ridge_return_train_only,0.11827789185185185
